iteration,variable,missing_n,imputed_mean,imputed_sd,imputation
1,raza,440,2.8863636363636362,0.5998450213069847,1
1,ant_inf,27,0.1111111111111111,0.3142696805273545,1
1,ant_isq,28,0.0,0.0,1
1,ant_clau,27,0.037037037037037035,0.18885257457751053,1
1,fum_act,31,0.3225806451612903,0.4674637660061109,1
1,diabetes,26,0.11538461538461539,0.31948553318915673,1
1,hip_art,27,0.2962962962962963,0.4566232594791834,1
1,insf_car,5,0.0,0.0,1
1,fibr_aur,205,0.00975609756097561,0.09828995941273114,1
1,trat_est,32,0.21875,0.41339864235384227,1
1,var171,18,0.05555555555555555,0.2290614236454256,1
1,tv_l_esu,363,0.030303030303030304,0.17141982574219336,1
1,tvp_orig,1294,0.24652241112828438,0.43098620852619113,1
1,tv_l_ein,268,0.746268656716418,0.43514566379442543,1
1,tvp_prox,528,0.7803030303030303,0.41404131581635484,1
1,tv_l_svc,480,0.00625,0.07880950133074056,1
1,tv_l_vre,499,0.0,0.0,1
1,tv_l_vrn,488,0.014344262295081968,0.11890544324921319,1
1,tv_l_vca,948,0.049578059071729956,0.21707158987396302,1
1,tv_l_yug,956,0.03138075313807531,0.17434449079498465,1
1,tv_l_ova,958,0.013569937369519834,0.11569699291384863,1
1,tv_l_sup,956,0.0010460251046025104,0.0323253915070344,1
1,tv_l_pul,957,0.008359456635318705,0.091047109345003,1
1,tv_l_ove,493,0.05273833671399594,0.22351063633446425,1
1,fr_antfa,727,0.14718019257221457,0.3542854548053312,1
1,fr_tvs_a,270,0.05555555555555555,0.22906142364542556,1
1,fr_viaje,9,0.0,0.0,1
1,fr_estro,10,0.0,0.0,1
1,fr_varic,33,0.24242424242424243,0.4285495643554833,1
1,fr_antec,1,0.0,0.0,1
1,ana_dime,174,1.603448275862069,0.5447657465268732,1
1,ana_crea,46,0.8260869565217391,0.37903469074266727,1
1,ana_trop,849,0.8515901060070671,0.35550583308567424,1
1,tension_,68,132.73529411764707,23.5800374488669,1
1,ana_hemo,3,12.6,2.7940412786261173,1
1,ana_plaq,3,215.66666666666666,49.593906435726105,1
1,ana_leuc,15,8.401333333333334,4.021775506194027,1
1,ana_neu,1072,6.415335820895522,3.0339776240185463,1
1,protcrea,1321,57.65318697956095,55.92926061099565,1
1,splanchnic,468,0.03205128205128205,0.17613630338505237,1
2,raza,440,2.9136363636363636,0.5574254573446279,1
2,ant_inf,27,0.0,0.0,1
2,ant_isq,28,0.0,0.0,1
2,ant_clau,27,0.07407407407407407,0.2618914004394621,1
2,fum_act,31,0.16129032258064516,0.3677985242255284,1
2,diabetes,26,0.19230769230769232,0.3941134909984461,1
2,hip_art,27,0.48148148148148145,0.49965694678637196,1
2,insf_car,5,0.0,0.0,1
2,fibr_aur,205,0.00975609756097561,0.09828995941273115,1
2,trat_est,32,0.09375,0.2914805954090255,1
2,var171,18,0.0,0.0,1
2,tv_l_esu,363,0.008264462809917356,0.0905326541330853,1
2,tvp_orig,1294,0.30370942812983,0.45985868633187915,1
2,tv_l_ein,268,0.746268656716418,0.43514566379442543,1
2,tvp_prox,528,0.8068181818181818,0.39479438104636844,1
2,tv_l_svc,480,0.004166666666666667,0.06441510347391793,1
2,tv_l_vre,499,0.0,0.0,1
2,tv_l_vrn,488,0.014344262295081968,0.11890544324921319,1
2,tv_l_vca,948,0.07383966244725738,0.26150978317633256,1
2,tv_l_yug,956,0.008368200836820083,0.0910943140463483,1
2,tv_l_ova,958,0.008350730688935281,0.09099997794448172,1
2,tv_l_sup,956,0.0031380753138075313,0.05593056228156841,1
2,tv_l_pul,957,0.00522466039707419,0.07209274111038806,1
2,tv_l_ove,493,0.032454361054766734,0.17720348614881584,1
2,fr_antfa,727,0.16781292984869325,0.37370008084597844,1
2,fr_tvs_a,270,0.06296296296296296,0.24289633232695693,1
2,fr_viaje,9,0.0,0.0,1
2,fr_estro,10,0.1,0.30000000000000004,1
2,fr_varic,33,0.12121212121212122,0.3263736246748184,1
2,fr_antec,1,0.0,0.0,1
2,ana_dime,174,1.6781609195402298,0.49116920963727584,1
2,ana_crea,46,0.9347826086956522,0.24690905851305534,1
2,ana_trop,849,0.8775029446407538,0.3278590044326371,1
2,tension_,68,132.13235294117646,22.640998998280498,1
2,ana_hemo,3,13.066666666666668,1.9601587237318872,1
2,ana_plaq,3,196.33333333333334,15.923427883328248,1
2,ana_leuc,15,7.374,2.886649268615777,1
2,ana_neu,1072,6.292285447761194,3.092394875180394,1
2,protcrea,1321,50.908107494322486,52.78177275300479,1
2,splanchnic,468,0.02564102564102564,0.15806189751202507,1
3,raza,440,2.915909090909091,0.49517819649192135,1
3,ant_inf,27,0.0,0.0,1
3,ant_isq,28,0.07142857142857142,0.25753937681885636,1
3,ant_clau,27,0.037037037037037035,0.18885257457751053,1
3,fum_act,31,0.25806451612903225,0.4375696763306625,1
3,diabetes,26,0.038461538461538464,0.19230769230769232,1
3,hip_art,27,0.14814814814814814,0.3552467795046459,1
3,insf_car,5,0.2,0.4000000000000001,1
3,fibr_aur,205,0.004878048780487805,0.06967247247358878,1
3,trat_est,32,0.1875,0.3903123748998999,1
3,var171,18,0.05555555555555555,0.2290614236454256,1
3,tv_l_esu,363,0.005509641873278237,0.07402219747958348,1
3,tvp_orig,1294,0.258887171561051,0.4380235198732711,1
3,tv_l_ein,268,0.7649253731343284,0.4240454535419958,1
3,tvp_prox,528,0.8522727272727273,0.35482943172718173,1
3,tv_l_svc,480,0.0020833333333333333,0.04559597630883185,1
3,tv_l_vre,499,0.006012024048096192,0.0773038137153744,1
3,tv_l_vrn,488,0.012295081967213115,0.11019942344056353,1
3,tv_l_vca,948,0.04535864978902954,0.20808950641093293,1
3,tv_l_yug,956,0.0,0.0,1
3,tv_l_ova,958,0.013569937369519834,0.11569699291384862,1
3,tv_l_sup,956,0.005230125523012552,0.07213023852744484,1
3,tv_l_pul,957,0.0010449320794148381,0.03230851584898706,1
3,tv_l_ove,493,0.05070993914807302,0.21940474292884318,1
3,fr_antfa,727,0.14442916093535077,0.3515243638879975,1
3,fr_tvs_a,270,0.05555555555555555,0.22906142364542556,1
3,fr_viaje,9,0.0,0.0,1
3,fr_estro,10,0.0,0.0,1
3,fr_varic,33,0.21212121212121213,0.40881022918884974,1
3,fr_antec,1,0.0,0.0,1
3,ana_dime,174,1.4482758620689655,0.5520832164838082,1
3,ana_crea,46,0.8043478260869565,0.3967019041498838,1
3,ana_trop,849,0.8610129564193169,0.34593300694987816,1
3,tension_,68,133.22058823529412,19.09638523558173,1
3,ana_hemo,3,13.800000000000002,1.9304576314093678,1
3,ana_plaq,3,273.3333333333333,179.33457248642517,1
3,ana_leuc,15,6.748000000000001,2.507604966231058,1
3,ana_neu,1072,6.670652985074628,3.0465137193630376,1
3,protcrea,1321,50.01327024981075,48.46434836799816,1
3,splanchnic,468,0.03418803418803419,0.18171189423478035,1
4,raza,440,2.8727272727272726,0.688992557145324,1
4,ant_inf,27,0.07407407407407407,0.2618914004394621,1
4,ant_isq,28,0.03571428571428571,0.1855768722395226,1
4,ant_clau,27,0.0,0.0,1
4,fum_act,31,0.1935483870967742,0.39507899077148034,1
4,diabetes,26,0.038461538461538464,0.1923076923076923,1
4,hip_art,27,0.25925925925925924,0.438228132081453,1
4,insf_car,5,0.0,0.0,1
4,fibr_aur,205,0.0,0.0,1
4,trat_est,32,0.1875,0.3903123748998999,1
4,var171,18,0.0,0.0,1
4,tv_l_esu,363,0.005509641873278237,0.0740221974795835,1
4,tvp_orig,1294,0.26120556414219476,0.43929172243891934,1
4,tv_l_ein,268,0.7947761194029851,0.4038651252952118,1
4,tvp_prox,528,0.8465909090909091,0.3603813837249882,1
4,tv_l_svc,480,0.0125,0.11110243021644485,1
4,tv_l_vre,499,0.004008016032064128,0.06318189487148076,1
4,tv_l_vrn,488,0.020491803278688523,0.1416752952249476,1
4,tv_l_vca,948,0.04113924050632911,0.19861219347485068,1
4,tv_l_yug,956,0.010460251046025104,0.10173904950450066,1
4,tv_l_ova,958,0.006263048016701462,0.07889120512605925,1
4,tv_l_sup,956,0.008368200836820083,0.0910943140463483,1
4,tv_l_pul,957,0.0073145245559038665,0.08521163234221571,1
4,tv_l_ove,493,0.030425963488843813,0.17175629314415047,1
4,fr_antfa,727,0.13342503438789546,0.34003351979839336,1
4,fr_tvs_a,270,0.06296296296296296,0.24289633232695695,1
4,fr_viaje,9,0.0,0.0,1
4,fr_estro,10,0.0,0.0,1
4,fr_varic,33,0.12121212121212122,0.3263736246748184,1
4,fr_antec,1,0.0,0.0,1
4,ana_dime,174,1.5574712643678161,0.5515145674773974,1
4,ana_crea,46,0.8913043478260869,0.3112569796364425,1
4,ana_trop,849,0.8786808009422851,0.32649785756986144,1
4,tension_,68,136.55882352941177,20.138040059535246,1
4,ana_hemo,3,13.699999999999998,2.6280537792569367,1
4,ana_plaq,3,288.3333333333333,23.471022323045258,1
4,ana_leuc,15,6.7846666666666655,3.032824572719116,1
4,ana_neu,1072,6.659319029850746,3.0618305547468085,1
4,protcrea,1321,69.1881907645723,57.49722448737546,1
4,splanchnic,468,0.02564102564102564,0.15806189751202507,1
5,raza,440,2.897727272727273,0.5274245471084581,1
5,ant_inf,27,0.037037037037037035,0.18885257457751053,1
5,ant_isq,28,0.0,0.0,1
5,ant_clau,27,0.037037037037037035,0.18885257457751053,1
5,fum_act,31,0.1935483870967742,0.3950789907714804,1
5,diabetes,26,0.07692307692307693,0.26646935501059654,1
5,hip_art,27,0.2962962962962963,0.4566232594791834,1
5,insf_car,5,0.0,0.0,1
5,fibr_aur,205,0.01951219512195122,0.1383165549147105,1
5,trat_est,32,0.3125,0.46351240544347894,1
5,var171,18,0.0,0.0,1
5,tv_l_esu,363,0.005509641873278237,0.0740221974795835,1
5,tvp_orig,1294,0.2982998454404946,0.4575118005589272,1
5,tv_l_ein,268,0.7350746268656716,0.441293462226629,1
5,tvp_prox,528,0.7973484848484849,0.40197497255216075,1
5,tv_l_svc,480,0.0020833333333333333,0.04559597630883185,1
5,tv_l_vre,499,0.002004008016032064,0.04472126974833947,1
5,tv_l_vrn,488,0.006147540983606557,0.0781648816506584,1
5,tv_l_vca,948,0.052742616033755275,0.22351919937148831,1
5,tv_l_yug,956,0.029288702928870293,0.1686145747247689,1
5,tv_l_ova,958,0.007306889352818371,0.08516747454752925,1
5,tv_l_sup,956,0.0010460251046025104,0.0323253915070344,1
5,tv_l_pul,957,0.003134796238244514,0.05590142476528843,1
5,tv_l_ove,493,0.07099391480730223,0.2568146780611181,1
5,fr_antfa,727,0.1375515818431912,0.34442872147314757,1
5,fr_tvs_a,270,0.07407407407407407,0.2618914004394621,1
5,fr_viaje,9,0.0,0.0,1
5,fr_estro,10,0.0,0.0,1
5,fr_varic,33,0.18181818181818182,0.385694607919935,1
5,fr_antec,1,0.0,0.0,1
5,ana_dime,174,1.603448275862069,0.5447657465268732,1
5,ana_crea,46,0.9130434782608695,0.2817713347133852,1
5,ana_trop,849,0.8763250883392226,0.329210309508187,1
5,tension_,68,132.10294117647058,20.995195322825616,1
5,ana_hemo,3,14.633333333333333,0.5792715732327591,1
5,ana_plaq,3,201.33333333333334,11.025223605694151,1
5,ana_leuc,15,7.458666666666667,2.822336778077501,1
5,ana_neu,1072,6.482621268656716,3.039072842927966,1
5,protcrea,1321,71.46924299772898,55.515937052346956,1
5,splanchnic,468,0.01282051282051282,0.11249954342810412,1
1,raza,440,2.925,0.611490355235023,2
1,ant_inf,27,0.0,0.0,2
1,ant_isq,28,0.03571428571428571,0.1855768722395226,2
1,ant_clau,27,0.037037037037037035,0.18885257457751053,2
1,fum_act,31,0.16129032258064516,0.3677985242255284,2
1,diabetes,26,0.07692307692307693,0.26646935501059654,2
1,hip_art,27,0.2962962962962963,0.4566232594791834,2
1,insf_car,5,0.2,0.4000000000000001,2
1,fibr_aur,205,0.00975609756097561,0.09828995941273115,2
1,trat_est,32,0.125,0.33071891388307384,2
1,var171,18,0.05555555555555555,0.2290614236454256,2
1,tv_l_esu,363,0.011019283746556474,0.10439281168868549,2
1,tvp_orig,1294,0.21097372488408037,0.4079997699663772,2
1,tv_l_ein,268,0.7649253731343284,0.42404545354199574,2
1,tvp_prox,528,0.7613636363636364,0.4262499848525239,2
1,tv_l_svc,480,0.008333333333333333,0.09090593428863096,2
1,tv_l_vre,499,0.006012024048096192,0.0773038137153744,2
1,tv_l_vrn,488,0.022540983606557378,0.1484347926350365,2
1,tv_l_vca,948,0.056962025316455694,0.23177004333671586,2
1,tv_l_yug,956,0.009414225941422594,0.09656913736461788,2
1,tv_l_ova,958,0.006263048016701462,0.07889120512605925,2
1,tv_l_sup,956,0.008368200836820083,0.09109431404634828,2
1,tv_l_pul,957,0.00522466039707419,0.07209274111038808,2
1,tv_l_ove,493,0.04462474645030426,0.20647851814305118,2
1,fr_antfa,727,0.15405777166437415,0.361004119996132,2
1,fr_tvs_a,270,0.037037037037037035,0.18885257457751053,2
1,fr_viaje,9,0.0,0.0,2
1,fr_estro,10,0.2,0.4000000000000001,2
1,fr_varic,33,0.030303030303030304,0.17141982574219336,2
1,fr_antec,1,0.0,0.0,2
1,ana_dime,174,1.5517241379310345,0.5623967734586238,2
1,ana_crea,46,0.8478260869565217,0.3591893835186588,2
1,ana_trop,849,0.8409893992932862,0.3656859712507493,2
1,tension_,68,131.51470588235293,24.322280179884228,2
1,ana_hemo,3,11.299999999999999,2.539028685672272,2
1,ana_plaq,3,156.66666666666666,41.34677200889515,2
1,ana_leuc,15,7.803999999999999,2.3374652938599967,2
1,ana_neu,1072,6.81321828358209,3.129891454909652,2
1,protcrea,1321,33.9462376987131,50.118830461657154,2
1,splanchnic,468,0.021367521367521368,0.14460619073238146,2
2,raza,440,2.859090909090909,0.7091346140377343,2
2,ant_inf,27,0.037037037037037035,0.18885257457751053,2
2,ant_isq,28,0.0,0.0,2
2,ant_clau,27,0.0,0.0,2
2,fum_act,31,0.0967741935483871,0.29565004483586066,2
2,diabetes,26,0.07692307692307693,0.2664693550105965,2
2,hip_art,27,0.25925925925925924,0.438228132081453,2
2,insf_car,5,0.0,0.0,2
2,fibr_aur,205,0.00975609756097561,0.09828995941273115,2
2,trat_est,32,0.0625,0.24206145913796356,2
2,var171,18,0.0,0.0,2
2,tv_l_esu,363,0.01652892561983471,0.12749792248381417,2
2,tvp_orig,1294,0.19242658423493045,0.3942062834539902,2
2,tv_l_ein,268,0.7985074626865671,0.40111506419034887,2
2,tvp_prox,528,0.8200757575757576,0.38412434108281246,2
2,tv_l_svc,480,0.008333333333333333,0.09090593428863097,2
2,tv_l_vre,499,0.008016032064128256,0.08917272729974746,2
2,tv_l_vrn,488,0.006147540983606557,0.0781648816506584,2
2,tv_l_vca,948,0.05590717299578059,0.2297423796416335,2
2,tv_l_yug,956,0.027196652719665274,0.16265606290732354,2
2,tv_l_ova,958,0.011482254697286013,0.10653831481843828,2
2,tv_l_sup,956,0.028242677824267783,0.1656654127257177,2
2,tv_l_pul,957,0.00522466039707419,0.07209274111038806,2
2,tv_l_ove,493,0.04259634888438134,0.20194528948728022,2
2,fr_antfa,727,0.1361760660247593,0.34297542924643987,2
2,fr_tvs_a,270,0.04814814814814815,0.21407920024619895,2
2,fr_viaje,9,0.0,0.0,2
2,fr_estro,10,0.0,0.0,2
2,fr_varic,33,0.12121212121212122,0.3263736246748184,2
2,fr_antec,1,0.0,0.0,2
2,ana_dime,174,1.5804597701149425,0.5380550500527835,2
2,ana_crea,46,1.0,0.0,2
2,ana_trop,849,0.8633686690223793,0.3434577271992939,2
2,tension_,68,131.60294117647058,23.874758825934553,2
2,ana_hemo,3,11.633333333333335,1.9737161790783277,2
2,ana_plaq,3,367.6666666666667,153.68654968980064,2
2,ana_leuc,15,7.887333333333332,2.8253765924012484,2
2,ana_neu,1072,6.464832089552239,3.0411157568288893,2
2,protcrea,1321,56.09141559424679,49.745112271381835,2
2,splanchnic,468,0.023504273504273504,0.1514985895357109,2
3,raza,440,2.8545454545454545,0.7396112447687839,2
3,ant_inf,27,0.07407407407407407,0.2618914004394621,2
3,ant_isq,28,0.03571428571428571,0.1855768722395226,2
3,ant_clau,27,0.07407407407407407,0.2618914004394621,2
3,fum_act,31,0.2903225806451613,0.4539112025635577,2
3,diabetes,26,0.038461538461538464,0.1923076923076923,2
3,hip_art,27,0.14814814814814814,0.3552467795046459,2
3,insf_car,5,0.0,0.0,2
3,fibr_aur,205,0.0,0.0,2
3,trat_est,32,0.0625,0.24206145913796356,2
3,var171,18,0.05555555555555555,0.2290614236454256,2
3,tv_l_esu,363,0.011019283746556474,0.10439281168868549,2
3,tvp_orig,1294,0.17001545595054096,0.37564637718001576,2
3,tv_l_ein,268,0.7835820895522388,0.41180237794989244,2
3,tvp_prox,528,0.8806818181818182,0.3241625414908162,2
3,tv_l_svc,480,0.008333333333333333,0.09090593428863097,2
3,tv_l_vre,499,0.006012024048096192,0.0773038137153744,2
3,tv_l_vrn,488,0.00819672131147541,0.09016393442622953,2
3,tv_l_vca,948,0.049578059071729956,0.217071589873963,2
3,tv_l_yug,956,0.012552301255230125,0.11133167109330602,2
3,tv_l_ova,958,0.003131524008350731,0.05587233273934294,2
3,tv_l_sup,956,0.0041841004184100415,0.06454915740812348,2
3,tv_l_pul,957,0.0010449320794148381,0.03230851584898706,2
3,tv_l_ove,493,0.07707910750507099,0.26671692614322906,2
3,fr_antfa,727,0.1265474552957359,0.33246533180755794,2
3,fr_tvs_a,270,0.018518518518518517,0.13481684980149108,2
3,fr_viaje,9,0.0,0.0,2
3,fr_estro,10,0.0,0.0,2
3,fr_varic,33,0.09090909090909091,0.28747978728803447,2
3,fr_antec,1,0.0,0.0,2
3,ana_dime,174,1.5689655172413792,0.5501954396389025,2
3,ana_crea,46,0.9782608695652174,0.14583052027172538,2
3,ana_trop,849,0.839811542991755,0.3667807454727724,2
3,tension_,68,129.88235294117646,19.946641624863236,2
3,ana_hemo,3,13.633333333333333,1.096458946893235,2
3,ana_plaq,3,260.6666666666667,35.92894221778438,2
3,ana_leuc,15,7.673333333333332,2.990497543144879,2
3,ana_neu,1072,6.791576492537313,3.121065319303306,2
3,protcrea,1321,32.92723694171083,47.65822395646908,2
3,splanchnic,468,0.04700854700854701,0.21165713670153488,2
4,raza,440,2.893181818181818,0.5350861134063661,2
4,ant_inf,27,0.0,0.0,2
4,ant_isq,28,0.0,0.0,2
4,ant_clau,27,0.0,0.0,2
4,fum_act,31,0.22580645161290322,0.4181123031230878,2
4,diabetes,26,0.038461538461538464,0.1923076923076923,2
4,hip_art,27,0.2962962962962963,0.4566232594791835,2
4,insf_car,5,0.0,0.0,2
4,fibr_aur,205,0.00975609756097561,0.09828995941273115,2
4,trat_est,32,0.15625,0.3630921887069453,2
4,var171,18,0.0,0.0,2
4,tv_l_esu,363,0.02203856749311295,0.1468089542090824,2
4,tvp_orig,1294,0.1731066460587326,0.3783394443473074,2
4,tv_l_ein,268,0.7910447761194029,0.40656234244406675,2
4,tvp_prox,528,0.8503787878787878,0.35669974068478283,2
4,tv_l_svc,480,0.008333333333333333,0.09090593428863097,2
4,tv_l_vre,499,0.0,0.0,2
4,tv_l_vrn,488,0.020491803278688523,0.1416752952249476,2
4,tv_l_vca,948,0.04430379746835443,0.20576921781023869,2
4,tv_l_yug,956,0.021966527196652718,0.14657420946254984,2
4,tv_l_ova,958,0.003131524008350731,0.055872332739342945,2
4,tv_l_sup,956,0.010460251046025104,0.10173904950450066,2
4,tv_l_pul,957,0.0,0.0,2
4,tv_l_ove,493,0.09127789046653144,0.2880038839642815,2
4,fr_antfa,727,0.14580467675378267,0.35291029028707516,2
4,fr_tvs_a,270,0.07777777777777778,0.2678215731820878,2
4,fr_viaje,9,0.0,0.0,2
4,fr_estro,10,0.1,0.30000000000000004,2
4,fr_varic,33,0.12121212121212122,0.3263736246748184,2
4,fr_antec,1,0.0,0.0,2
4,ana_dime,174,1.5977011494252873,0.5243445851934273,2
4,ana_crea,46,0.9130434782608695,0.2817713347133852,2
4,ana_trop,849,0.8527679623085983,0.3543370778914328,2
4,tension_,68,133.16176470588235,22.08979688221641,2
4,ana_hemo,3,12.266666666666666,2.9272664533466854,2
4,ana_plaq,3,267.6666666666667,15.412837362262522,2
4,ana_leuc,15,7.781333333333334,3.145065694420742,2
4,ana_neu,1072,6.0243843283582095,2.9948297788907,2
4,protcrea,1321,29.23623012869039,48.415767347029586,2
4,splanchnic,468,0.027777777777777776,0.16433554953054486,2
5,raza,440,2.9,0.7681145747868608,2
5,ant_inf,27,0.037037037037037035,0.18885257457751053,2
5,ant_isq,28,0.03571428571428571,0.1855768722395226,2
5,ant_clau,27,0.0,0.0,2
5,fum_act,31,0.22580645161290322,0.4181123031230878,2
5,diabetes,26,0.0,0.0,2
5,hip_art,27,0.3333333333333333,0.4714045207910317,2
5,insf_car,5,0.0,0.0,2
5,fibr_aur,205,0.0,0.0,2
5,trat_est,32,0.09375,0.2914805954090255,2
5,var171,18,0.0,0.0,2
5,tv_l_esu,363,0.02203856749311295,0.1468089542090824,2
5,tvp_orig,1294,0.20015455950540958,0.40011587298507045,2
5,tv_l_ein,268,0.7873134328358209,0.40920776057168834,2
5,tvp_prox,528,0.8106060606060606,0.39182122851471973,2
5,tv_l_svc,480,0.00625,0.07880950133074056,2
5,tv_l_vre,499,0.01002004008016032,0.09959738388608558,2
5,tv_l_vrn,488,0.014344262295081968,0.11890544324921319,2
5,tv_l_vca,948,0.06962025316455696,0.2545059400364949,2
5,tv_l_yug,956,0.015690376569037656,0.12427465007860393,2
5,tv_l_ova,958,0.009394572025052192,0.09646923883559098,2
5,tv_l_sup,956,0.009414225941422594,0.09656913736461788,2
5,tv_l_pul,957,0.0010449320794148381,0.032308515848987064,2
5,tv_l_ove,493,0.05476673427991886,0.2275243703347657,2
5,fr_antfa,727,0.1609353507565337,0.36747130994596733,2
5,fr_tvs_a,270,0.08148148148148149,0.2735731157425095,2
5,fr_viaje,9,0.0,0.0,2
5,fr_estro,10,0.0,0.0,2
5,fr_varic,33,0.21212121212121213,0.40881022918884974,2
5,fr_antec,1,0.0,0.0,2
5,ana_dime,174,1.5804597701149425,0.5380550500527835,2
5,ana_crea,46,0.9565217391304348,0.20393111999232302,2
5,ana_trop,849,0.8775029446407538,0.32785900443263716,2
5,tension_,68,133.11764705882354,18.74482627582146,2
5,ana_hemo,3,11.666666666666666,2.948822740612863,2
5,ana_plaq,3,141.0,61.649547173249104,2
5,ana_leuc,15,7.126,3.1562209470610045,2
5,ana_neu,1072,6.249841417910448,3.1665690554700805,2
5,protcrea,1321,51.861922785768364,55.04577181847568,2
5,splanchnic,468,0.017094017094017096,0.12962180246241967,2
1,raza,440,2.9295454545454547,0.615732950324816,3
1,ant_inf,27,0.037037037037037035,0.18885257457751053,3
1,ant_isq,28,0.03571428571428571,0.1855768722395226,3
1,ant_clau,27,0.037037037037037035,0.18885257457751053,3
1,fum_act,31,0.25806451612903225,0.4375696763306625,3
1,diabetes,26,0.038461538461538464,0.1923076923076923,3
1,hip_art,27,0.18518518518518517,0.38844772154450063,3
1,insf_car,5,0.0,0.0,3
1,fibr_aur,205,0.00975609756097561,0.09828995941273115,3
1,trat_est,32,0.0625,0.24206145913796356,3
1,var171,18,0.05555555555555555,0.2290614236454256,3
1,tv_l_esu,363,0.011019283746556474,0.10439281168868549,3
1,tvp_orig,1294,0.45440494590417313,0.49791675111608635,3
1,tv_l_ein,268,0.7761194029850746,0.4168429863811624,3
1,tvp_prox,528,0.8977272727272727,0.30300662786303145,3
1,tv_l_svc,480,0.008333333333333333,0.09090593428863097,3
1,tv_l_vre,499,0.002004008016032064,0.04472126974833946,3
1,tv_l_vrn,488,0.010245901639344262,0.10070215061725915,3
1,tv_l_vca,948,0.06540084388185655,0.24723182137701769,3
1,tv_l_yug,956,0.010460251046025104,0.10173904950450066,3
1,tv_l_ova,958,0.007306889352818371,0.08516747454752925,3
1,tv_l_sup,956,0.014644351464435146,0.12012449556448196,3
1,tv_l_pul,957,0.0041797283176593526,0.06451556547725447,3
1,tv_l_ove,493,0.05070993914807302,0.21940474292884318,3
1,fr_antfa,727,0.16506189821182943,0.37123640442518174,3
1,fr_tvs_a,270,0.06666666666666667,0.24944382578492946,3
1,fr_viaje,9,0.0,0.0,3
1,fr_estro,10,0.0,0.0,3
1,fr_varic,33,0.06060606060606061,0.2386062992124791,3
1,fr_antec,1,0.0,0.0,3
1,ana_dime,174,1.6436781609195403,0.5023396180094749,3
1,ana_crea,46,0.8695652173913043,0.33678116053977547,3
1,ana_trop,849,0.872791519434629,0.3332063670424391,3
1,tension_,68,133.0441176470588,22.032351763292393,3
1,ana_hemo,3,13.4,2.8472208672083497,3
1,ana_plaq,3,159.33333333333334,89.16401865226926,3
1,ana_leuc,15,7.886666666666668,2.6331999966243016,3
1,ana_neu,1072,6.6521361940298505,3.0165288455818398,3
1,protcrea,1321,9.50990158970477,17.511912521391146,3
1,splanchnic,468,0.03632478632478633,0.18709702355527985,3
2,raza,440,2.893181818181818,0.6029841424391339,3
2,ant_inf,27,0.0,0.0,3
2,ant_isq,28,0.0,0.0,3
2,ant_clau,27,0.0,0.0,3
2,fum_act,31,0.3225806451612903,0.4674637660061109,3
2,diabetes,26,0.11538461538461539,0.31948553318915673,3
2,hip_art,27,0.14814814814814814,0.3552467795046459,3
2,insf_car,5,0.0,0.0,3
2,fibr_aur,205,0.004878048780487805,0.06967247247358878,3
2,trat_est,32,0.125,0.33071891388307384,3
2,var171,18,0.0,0.0,3
2,tv_l_esu,363,0.01652892561983471,0.12749792248381414,3
2,tvp_orig,1294,0.23493044822256567,0.4239553428375565,3
2,tv_l_ein,268,0.8619402985074627,0.34496263611633193,3
2,tvp_prox,528,0.875,0.33071891388307384,3
2,tv_l_svc,480,0.010416666666666666,0.1015291077584267,3
2,tv_l_vre,499,0.004008016032064128,0.06318189487148076,3
2,tv_l_vrn,488,0.012295081967213115,0.11019942344056352,3
2,tv_l_vca,948,0.052742616033755275,0.22351919937148831,3
2,tv_l_yug,956,0.021966527196652718,0.14657420946254984,3
2,tv_l_ova,958,0.006263048016701462,0.07889120512605924,3
2,tv_l_sup,956,0.006276150627615063,0.07897316354885721,3
2,tv_l_pul,957,0.0041797283176593526,0.06451556547725448,3
2,tv_l_ove,493,0.058823529411764705,0.23529411764705882,3
2,fr_antfa,727,0.14167812929848694,0.3487197111964968,3
2,fr_tvs_a,270,0.044444444444444446,0.20608041101101562,3
2,fr_viaje,9,0.1111111111111111,0.31426968052735443,3
2,fr_estro,10,0.0,0.0,3
2,fr_varic,33,0.09090909090909091,0.28747978728803447,3
2,fr_antec,1,1.0,0.0,3
2,ana_dime,174,1.5,0.554500914668151,3
2,ana_crea,46,0.9130434782608695,0.2817713347133852,3
2,ana_trop,849,0.8621908127208481,0.3446996013641611,3
2,tension_,68,132.0441176470588,23.491821996006216,3
2,ana_hemo,3,12.833333333333334,1.3123346456686351,3
2,ana_plaq,3,265.6666666666667,64.93244352573082,3
2,ana_leuc,15,7.176,2.7422564917721806,3
2,ana_neu,1072,6.5491324626865675,3.060635130224458,3
2,protcrea,1321,75.20377744133232,57.103257514890835,3
2,splanchnic,468,0.027777777777777776,0.16433554953054486,3
3,raza,440,2.893181818181818,0.6215441647705578,3
3,ant_inf,27,0.037037037037037035,0.18885257457751053,3
3,ant_isq,28,0.03571428571428571,0.1855768722395226,3
3,ant_clau,27,0.037037037037037035,0.18885257457751053,3
3,fum_act,31,0.22580645161290322,0.4181123031230877,3
3,diabetes,26,0.07692307692307693,0.2664693550105965,3
3,hip_art,27,0.25925925925925924,0.438228132081453,3
3,insf_car,5,0.0,0.0,3
3,fibr_aur,205,0.00975609756097561,0.09828995941273114,3
3,trat_est,32,0.28125,0.4496092053105675,3
3,var171,18,0.0,0.0,3
3,tv_l_esu,363,0.01928374655647383,0.13752048456582575,3
3,tvp_orig,1294,0.30061823802163834,0.45852689451154766,3
3,tv_l_ein,268,0.832089552238806,0.373786743068597,3
3,tvp_prox,528,0.884469696969697,0.3196608391905855,3
3,tv_l_svc,480,0.010416666666666666,0.1015291077584267,3
3,tv_l_vre,499,0.004008016032064128,0.06318189487148075,3
3,tv_l_vrn,488,0.01639344262295082,0.12698306053139075,3
3,tv_l_vca,948,0.04746835443037975,0.2126384484472448,3
3,tv_l_yug,956,0.013598326359832637,0.11581628503817638,3
3,tv_l_ova,958,0.010438413361169102,0.10163391603038066,3
3,tv_l_sup,956,0.0198744769874477,0.13956891542146163,3
3,tv_l_pul,957,0.0010449320794148381,0.032308515848987064,3
3,tv_l_ove,493,0.056795131845841784,0.23145073956342252,3
3,fr_antfa,727,0.16368638239339753,0.36999074395498055,3
3,fr_tvs_a,270,0.040740740740740744,0.1976889799271484,3
3,fr_viaje,9,0.0,0.0,3
3,fr_estro,10,0.0,0.0,3
3,fr_varic,33,0.12121212121212122,0.3263736246748184,3
3,fr_antec,1,0.0,0.0,3
3,ana_dime,174,1.6149425287356323,0.5096829610993335,3
3,ana_crea,46,0.8478260869565217,0.3591893835186588,3
3,ana_trop,849,0.8351001177856302,0.3710901656741348,3
3,tension_,68,134.8235294117647,24.49186009825845,3
3,ana_hemo,3,12.266666666666667,0.7408703590297618,3
3,ana_plaq,3,215.33333333333334,36.42648609032841,3
3,ana_leuc,15,7.624666666666668,3.104100227476913,3
3,ana_neu,1072,6.683871268656717,3.110813805411006,3
3,protcrea,1321,48.08754731264194,60.29573637640408,3
3,splanchnic,468,0.014957264957264958,0.12138181569849386,3
4,raza,440,2.925,0.6683170858752058,3
4,ant_inf,27,0.037037037037037035,0.18885257457751053,3
4,ant_isq,28,0.0,0.0,3
4,ant_clau,27,0.037037037037037035,0.18885257457751053,3
4,fum_act,31,0.25806451612903225,0.4375696763306625,3
4,diabetes,26,0.11538461538461539,0.31948553318915673,3
4,hip_art,27,0.25925925925925924,0.438228132081453,3
4,insf_car,5,0.0,0.0,3
4,fibr_aur,205,0.014634146341463415,0.12008325487893824,3
4,trat_est,32,0.09375,0.2914805954090255,3
4,var171,18,0.0,0.0,3
4,tv_l_esu,363,0.005509641873278237,0.0740221974795835,3
4,tvp_orig,1294,0.2751159196290572,0.44657267090107,3
4,tv_l_ein,268,0.7910447761194029,0.40656234244406675,3
4,tvp_prox,528,0.8977272727272727,0.30300662786303145,3
4,tv_l_svc,480,0.016666666666666666,0.12801909579781015,3
4,tv_l_vre,499,0.004008016032064128,0.06318189487148076,3
4,tv_l_vrn,488,0.006147540983606557,0.0781648816506584,3
4,tv_l_vca,948,0.06645569620253164,0.24907696931825807,3
4,tv_l_yug,956,0.009414225941422594,0.09656913736461788,3
4,tv_l_ova,958,0.003131524008350731,0.05587233273934293,3
4,tv_l_sup,956,0.030334728033472803,0.1715066538318792,3
4,tv_l_pul,957,0.0073145245559038665,0.08521163234221571,3
4,tv_l_ove,493,0.05476673427991886,0.22752437033476572,3
4,fr_antfa,727,0.15543328748280605,0.3623172375489378,3
4,fr_tvs_a,270,0.06296296296296296,0.2428963323269569,3
4,fr_viaje,9,0.0,0.0,3
4,fr_estro,10,0.0,0.0,3
4,fr_varic,33,0.18181818181818182,0.385694607919935,3
4,fr_antec,1,0.0,0.0,3
4,ana_dime,174,1.5804597701149425,0.5380550500527835,3
4,ana_crea,46,0.8913043478260869,0.31125697963644244,3
4,ana_trop,849,0.8775029446407538,0.3278590044326371,3
4,tension_,68,131.48529411764707,19.23499617506256,3
4,ana_hemo,3,14.466666666666667,1.0338708279513884,3
4,ana_plaq,3,224.66666666666666,18.80307303489394,3
4,ana_leuc,15,8.020000000000001,3.1009138437993835,3
4,ana_neu,1072,6.284673507462687,2.994236610302741,3
4,protcrea,1321,71.74934140802422,55.724955081810656,3
4,splanchnic,468,0.021367521367521368,0.14460619073238146,3
5,raza,440,2.9318181818181817,0.6500953521923909,3
5,ant_inf,27,0.0,0.0,3
5,ant_isq,28,0.14285714285714285,0.3499271061118826,3
5,ant_clau,27,0.0,0.0,3
5,fum_act,31,0.16129032258064516,0.3677985242255284,3
5,diabetes,26,0.038461538461538464,0.19230769230769232,3
5,hip_art,27,0.2222222222222222,0.4157397096415491,3
5,insf_car,5,0.0,0.0,3
5,fibr_aur,205,0.00975609756097561,0.09828995941273115,3
5,trat_est,32,0.15625,0.3630921887069453,3
5,var171,18,0.0,0.0,3
5,tv_l_esu,363,0.0027548209366391185,0.05241404294887176,3
5,tvp_orig,1294,0.28129829984544047,0.4496327016015463,3
5,tv_l_ein,268,0.8097014925373134,0.3925366040513424,3
5,tvp_prox,528,0.865530303030303,0.3411562656123654,3
5,tv_l_svc,480,0.008333333333333333,0.09090593428863097,3
5,tv_l_vre,499,0.002004008016032064,0.044721269748339475,3
5,tv_l_vrn,488,0.004098360655737705,0.06388711995131105,3
5,tv_l_vca,948,0.05168776371308017,0.22139588703365956,3
5,tv_l_yug,956,0.007322175732217573,0.08525585888819663,3
5,tv_l_ova,958,0.0020876826722338203,0.04564344699180678,3
5,tv_l_sup,956,0.02092050209205021,0.14311825419654453,3
5,tv_l_pul,957,0.0010449320794148381,0.03230851584898706,3
5,tv_l_ove,493,0.04056795131845842,0.19728708179777407,3
5,fr_antfa,727,0.14167812929848694,0.3487197111964968,3
5,fr_tvs_a,270,0.05185185185185185,0.2217278451421595,3
5,fr_viaje,9,0.0,0.0,3
5,fr_estro,10,0.0,0.0,3
5,fr_varic,33,0.21212121212121213,0.40881022918884974,3
5,fr_antec,1,0.0,0.0,3
5,ana_dime,174,1.5804597701149425,0.5162506475929856,3
5,ana_crea,46,0.8695652173913043,0.33678116053977547,3
5,ana_trop,849,0.8480565371024735,0.3589660805427645,3
5,tension_,68,136.51470588235293,23.882982279450644,3
5,ana_hemo,3,14.666666666666666,0.5734883511361752,3
5,ana_plaq,3,188.0,136.6089308939939,3
5,ana_leuc,15,7.546000000000001,3.0416811141209394,3
5,ana_neu,1072,6.6897574626865675,3.111920319594319,3
5,protcrea,1321,66.9820968962907,55.46079318619129,3
5,splanchnic,468,0.029914529914529916,0.17035155066662178,3
1,raza,440,2.8863636363636362,0.6294264738239195,4
1,ant_inf,27,0.0,0.0,4
1,ant_isq,28,0.0,0.0,4
1,ant_clau,27,0.07407407407407407,0.2618914004394621,4
1,fum_act,31,0.2903225806451613,0.4539112025635577,4
1,diabetes,26,0.07692307692307693,0.26646935501059654,4
1,hip_art,27,0.2962962962962963,0.4566232594791834,4
1,insf_car,5,0.0,0.0,4
1,fibr_aur,205,0.014634146341463415,0.12008325487893826,4
1,trat_est,32,0.1875,0.3903123748998999,4
1,var171,18,0.05555555555555555,0.2290614236454256,4
1,tv_l_esu,363,0.0027548209366391185,0.05241404294887175,4
1,tvp_orig,1294,0.3176197836166924,0.4655507025791905,4
1,tv_l_ein,268,0.8283582089552238,0.37706880885551575,4
1,tvp_prox,528,0.8276515151515151,0.377683047831004,4
1,tv_l_svc,480,0.008333333333333333,0.09090593428863097,4
1,tv_l_vre,499,0.014028056112224449,0.11760641884666298,4
1,tv_l_vrn,488,0.00819672131147541,0.09016393442622951,4
1,tv_l_vca,948,0.04535864978902954,0.20808950641093293,4
1,tv_l_yug,956,0.02301255230125523,0.14994323838652152,4
1,tv_l_ova,958,0.013569937369519834,0.11569699291384862,4
1,tv_l_sup,956,0.010460251046025104,0.10173904950450066,4
1,tv_l_pul,957,0.006269592476489028,0.07893215242642114,4
1,tv_l_ove,493,0.04056795131845842,0.19728708179777407,4
1,fr_antfa,727,0.12379642365887207,0.3293491599323507,4
1,fr_tvs_a,270,0.05185185185185185,0.22172784514215954,4
1,fr_viaje,9,0.0,0.0,4
1,fr_estro,10,0.0,0.0,4
1,fr_varic,33,0.18181818181818182,0.385694607919935,4
1,fr_antec,1,0.0,0.0,4
1,ana_dime,174,1.5517241379310345,0.508742436237488,4
1,ana_crea,46,0.9782608695652174,0.14583052027172538,4
1,ana_trop,849,0.8881036513545347,0.31523888688624335,4
1,tension_,68,133.0,22.11134922852702,4
1,ana_hemo,3,13.200000000000001,2.1354156504062627,4
1,ana_plaq,3,390.6666666666667,291.87478289309075,4
1,ana_leuc,15,10.822666666666667,3.5570783266920367,4
1,ana_neu,1072,7.345261194029852,3.1717043547385106,4
1,protcrea,1321,94.16101438304315,59.8475801578475,4
1,splanchnic,468,0.019230769230769232,0.1373351620873625,4
2,raza,440,2.8772727272727274,0.679860826788581,4
2,ant_inf,27,0.037037037037037035,0.18885257457751053,4
2,ant_isq,28,0.03571428571428571,0.1855768722395226,4
2,ant_clau,27,0.0,0.0,4
2,fum_act,31,0.25806451612903225,0.4375696763306625,4
2,diabetes,26,0.23076923076923078,0.4213250442347432,4
2,hip_art,27,0.37037037037037035,0.4829038818668629,4
2,insf_car,5,0.0,0.0,4
2,fibr_aur,205,0.004878048780487805,0.06967247247358878,4
2,trat_est,32,0.1875,0.3903123748998999,4
2,var171,18,0.0,0.0,4
2,tv_l_esu,363,0.011019283746556474,0.10439281168868547,4
2,tvp_orig,1294,0.22179289026275115,0.41545252928781934,4
2,tv_l_ein,268,0.7686567164179104,0.421691319241393,4
2,tvp_prox,528,0.8143939393939394,0.3887884397360086,4
2,tv_l_svc,480,0.00625,0.07880950133074056,4
2,tv_l_vre,499,0.006012024048096192,0.0773038137153744,4
2,tv_l_vrn,488,0.00819672131147541,0.09016393442622953,4
2,tv_l_vca,948,0.06329113924050633,0.24348587419837145,4
2,tv_l_yug,956,0.028242677824267783,0.1656654127257177,4
2,tv_l_ova,958,0.011482254697286013,0.10653831481843828,4
2,tv_l_sup,956,0.0020920502092050207,0.04569106625071455,4
2,tv_l_pul,957,0.00522466039707419,0.07209274111038806,4
2,tv_l_ove,493,0.06896551724137931,0.2533954906327426,4
2,fr_antfa,727,0.16781292984869325,0.37370008084597844,4
2,fr_tvs_a,270,0.08148148148148149,0.2735731157425095,4
2,fr_viaje,9,0.1111111111111111,0.31426968052735443,4
2,fr_estro,10,0.1,0.30000000000000004,4
2,fr_varic,33,0.12121212121212122,0.3263736246748184,4
2,fr_antec,1,0.0,0.0,4
2,ana_dime,174,1.5919540229885059,0.5362102844504965,4
2,ana_crea,46,0.8695652173913043,0.3367811605397754,4
2,ana_trop,849,0.8857479387514723,0.3181171604126227,4
2,tension_,68,129.83823529411765,20.826037361436065,4
2,ana_hemo,3,13.833333333333334,1.4704496666741855,4
2,ana_plaq,3,223.33333333333334,6.599663291074443,4
2,ana_leuc,15,10.137333333333334,3.541411143723486,4
2,ana_neu,1072,6.659710820895522,3.1096923004839048,4
2,protcrea,1321,42.013186979560935,43.691855018013094,4
2,splanchnic,468,0.042735042735042736,0.20225913788374753,4
3,raza,440,2.9272727272727272,0.5909790168416367,4
3,ant_inf,27,0.037037037037037035,0.18885257457751053,4
3,ant_isq,28,0.10714285714285714,0.30929478706587094,4
3,ant_clau,27,0.0,0.0,4
3,fum_act,31,0.1935483870967742,0.39507899077148023,4
3,diabetes,26,0.11538461538461539,0.31948553318915673,4
3,hip_art,27,0.14814814814814814,0.3552467795046459,4
3,insf_car,5,0.0,0.0,4
3,fibr_aur,205,0.014634146341463415,0.12008325487893826,4
3,trat_est,32,0.25,0.4330127018922193,4
3,var171,18,0.0,0.0,4
3,tv_l_esu,363,0.01928374655647383,0.13752048456582575,4
3,tvp_orig,1294,0.3222565687789799,0.46734063878265336,4
3,tv_l_ein,268,0.7350746268656716,0.44129346222662896,4
3,tvp_prox,528,0.821969696969697,0.38253825198696345,4
3,tv_l_svc,480,0.014583333333333334,0.11987768650679835,4
3,tv_l_vre,499,0.02004008016032064,0.14013734458554777,4
3,tv_l_vrn,488,0.0020491803278688526,0.04522146821867605,4
3,tv_l_vca,948,0.04113924050632911,0.19861219347485068,4
3,tv_l_yug,956,0.005230125523012552,0.07213023852744484,4
3,tv_l_ova,958,0.005219206680584551,0.07205530211032282,4
3,tv_l_sup,956,0.010460251046025104,0.10173904950450066,4
3,tv_l_pul,957,0.0041797283176593526,0.06451556547725448,4
3,tv_l_ove,493,0.05476673427991886,0.22752437033476572,4
3,fr_antfa,727,0.15268225584594222,0.3596809483357945,4
3,fr_tvs_a,270,0.06666666666666667,0.24944382578492946,4
3,fr_viaje,9,0.1111111111111111,0.31426968052735443,4
3,fr_estro,10,0.0,0.0,4
3,fr_varic,33,0.06060606060606061,0.23860629921247914,4
3,fr_antec,1,0.0,0.0,4
3,ana_dime,174,1.5632183908045978,0.55088537776192,4
3,ana_crea,46,0.9347826086956522,0.24690905851305536,4
3,ana_trop,849,0.866902237926973,0.33968036122828615,4
3,tension_,68,134.05882352941177,19.4088233065616,4
3,ana_hemo,3,14.233333333333334,0.8806563209081937,4
3,ana_plaq,3,175.0,26.54555832275273,4
3,ana_leuc,15,8.978666666666667,3.7456390049703883,4
3,ana_neu,1072,7.230643656716418,2.9865259693424364,4
3,protcrea,1321,70.98973504920515,55.214623303075975,4
3,splanchnic,468,0.038461538461538464,0.1923076923076923,4
4,raza,440,2.909090909090909,0.572799418255395,4
4,ant_inf,27,0.07407407407407407,0.2618914004394621,4
4,ant_isq,28,0.0,0.0,4
4,ant_clau,27,0.0,0.0,4
4,fum_act,31,0.1935483870967742,0.39507899077148034,4
4,diabetes,26,0.038461538461538464,0.1923076923076923,4
4,hip_art,27,0.2962962962962963,0.4566232594791834,4
4,insf_car,5,0.0,0.0,4
4,fibr_aur,205,0.014634146341463415,0.12008325487893826,4
4,trat_est,32,0.15625,0.3630921887069453,4
4,var171,18,0.0,0.0,4
4,tv_l_esu,363,0.011019283746556474,0.10439281168868549,4
4,tvp_orig,1294,0.30139103554868624,0.45886215712300443,4
4,tv_l_ein,268,0.7649253731343284,0.42404545354199574,4
4,tvp_prox,528,0.7784090909090909,0.4153172017857839,4
4,tv_l_svc,480,0.008333333333333333,0.09090593428863097,4
4,tv_l_vre,499,0.012024048096192385,0.10899298309328374,4
4,tv_l_vrn,488,0.004098360655737705,0.06388711995131105,4
4,tv_l_vca,948,0.04746835443037975,0.2126384484472448,4
4,tv_l_yug,956,0.01882845188284519,0.13591887757975557,4
4,tv_l_ova,958,0.0,0.0,4
4,tv_l_sup,956,0.005230125523012552,0.07213023852744482,4
4,tv_l_pul,957,0.003134796238244514,0.05590142476528843,4
4,tv_l_ove,493,0.0486815415821501,0.21520141517038288,4
4,fr_antfa,727,0.13892709766162312,0.3458704370092086,4
4,fr_tvs_a,270,0.05555555555555555,0.2290614236454256,4
4,fr_viaje,9,0.0,0.0,4
4,fr_estro,10,0.1,0.30000000000000004,4
4,fr_varic,33,0.09090909090909091,0.28747978728803447,4
4,fr_antec,1,0.0,0.0,4
4,ana_dime,174,1.6264367816091954,0.5069538894252958,4
4,ana_crea,46,0.9347826086956522,0.24690905851305534,4
4,ana_trop,849,0.872791519434629,0.3332063670424391,4
4,tension_,68,134.80882352941177,22.980975093824366,4
4,ana_hemo,3,13.200000000000001,1.7378147196982763,4
4,ana_plaq,3,259.6666666666667,45.32352835142275,4
4,ana_leuc,15,9.446666666666667,3.0624057355107093,4
4,ana_neu,1072,6.252341417910448,2.9688693924210794,4
4,protcrea,1321,69.35268735806208,59.48413200046301,4
4,splanchnic,468,0.03205128205128205,0.17613630338505235,4
5,raza,440,2.959090909090909,0.6347219082609693,4
5,ant_inf,27,0.0,0.0,4
5,ant_isq,28,0.03571428571428571,0.1855768722395226,4
5,ant_clau,27,0.037037037037037035,0.18885257457751053,4
5,fum_act,31,0.0967741935483871,0.29565004483586066,4
5,diabetes,26,0.07692307692307693,0.26646935501059654,4
5,hip_art,27,0.3333333333333333,0.4714045207910317,4
5,insf_car,5,0.0,0.0,4
5,fibr_aur,205,0.01951219512195122,0.1383165549147105,4
5,trat_est,32,0.125,0.33071891388307384,4
5,var171,18,0.05555555555555555,0.2290614236454256,4
5,tv_l_esu,363,0.005509641873278237,0.0740221974795835,4
5,tvp_orig,1294,0.22565687789799072,0.41801417602196467,4
5,tv_l_ein,268,0.8134328358208955,0.38956367570561756,4
5,tvp_prox,528,0.8446969696969697,0.3621933172792209,4
5,tv_l_svc,480,0.0125,0.11110243021644485,4
5,tv_l_vre,499,0.01603206412825651,0.1255987143566525,4
5,tv_l_vrn,488,0.00819672131147541,0.09016393442622951,4
5,tv_l_vca,948,0.04852320675105485,0.2148690418781851,4
5,tv_l_yug,956,0.02301255230125523,0.14994323838652152,4
5,tv_l_ova,958,0.0041753653444676405,0.06448202593520043,4
5,tv_l_sup,956,0.009414225941422594,0.09656913736461788,4
5,tv_l_pul,957,0.011494252873563218,0.10659331604018048,4
5,tv_l_ove,493,0.060851926977687626,0.2390585074009913,4
5,fr_antfa,727,0.16506189821182943,0.3712364044251818,4
5,fr_tvs_a,270,0.07407407407407407,0.2618914004394621,4
5,fr_viaje,9,0.1111111111111111,0.31426968052735443,4
5,fr_estro,10,0.0,0.0,4
5,fr_varic,33,0.15151515151515152,0.35855028988482524,4
5,fr_antec,1,1.0,0.0,4
5,ana_dime,174,1.5517241379310345,0.5623967734586238,4
5,ana_crea,46,0.9130434782608695,0.2817713347133852,4
5,ana_trop,849,0.8315665488810365,0.3742507497161752,4
5,tension_,68,130.08823529411765,22.822032243193032,4
5,ana_hemo,3,12.266666666666666,2.1699974398346398,4
5,ana_plaq,3,261.3333333333333,35.82674358011841,4
5,ana_leuc,15,9.138666666666667,2.9401470862677748,4
5,ana_neu,1072,6.804057835820895,3.0472738073732035,4
5,protcrea,1321,34.62419379258137,46.06492907969826,4
5,splanchnic,468,0.019230769230769232,0.1373351620873625,4
1,raza,440,2.911363636363636,0.5868699364544495,5
1,ant_inf,27,0.0,0.0,5
1,ant_isq,28,0.0,0.0,5
1,ant_clau,27,0.0,0.0,5
1,fum_act,31,0.1935483870967742,0.39507899077148034,5
1,diabetes,26,0.15384615384615385,0.36080121229411,5
1,hip_art,27,0.2222222222222222,0.4157397096415491,5
1,insf_car,5,0.0,0.0,5
1,fibr_aur,205,0.014634146341463415,0.12008325487893826,5
1,trat_est,32,0.15625,0.3630921887069453,5
1,var171,18,0.0,0.0,5
1,tv_l_esu,363,0.01652892561983471,0.12749792248381417,5
1,tvp_orig,1294,0.29057187017001546,0.45402627505015075,5
1,tv_l_ein,268,0.8246268656716418,0.38028594252773246,5
1,tvp_prox,528,0.8503787878787878,0.35669974068478283,5
1,tv_l_svc,480,0.008333333333333333,0.09090593428863097,5
1,tv_l_vre,499,0.01002004008016032,0.09959738388608558,5
1,tv_l_vrn,488,0.012295081967213115,0.11019942344056352,5
1,tv_l_vca,948,0.07067510548523206,0.2562813589590226,5
1,tv_l_yug,956,0.0198744769874477,0.13956891542146163,5
1,tv_l_ova,958,0.008350730688935281,0.09099997794448172,5
1,tv_l_sup,956,0.006276150627615063,0.07897316354885721,5
1,tv_l_pul,957,0.0020898641588296763,0.045667238000861345,5
1,tv_l_ove,493,0.06288032454361055,0.24274758356964285,5
1,fr_antfa,727,0.1361760660247593,0.34297542924643987,5
1,fr_tvs_a,270,0.04814814814814815,0.2140792002461989,5
1,fr_viaje,9,0.1111111111111111,0.31426968052735443,5
1,fr_estro,10,0.0,0.0,5
1,fr_varic,33,0.24242424242424243,0.42854956435548336,5
1,fr_antec,1,0.0,0.0,5
1,ana_dime,174,1.5747126436781609,0.528110575064834,5
1,ana_crea,46,0.782608695652174,0.41247099915239727,5
1,ana_trop,849,0.8857479387514723,0.3181171604126227,5
1,tension_,68,129.51470588235293,21.825169392954134,5
1,ana_hemo,3,13.366666666666667,2.6911377189252543,5
1,ana_plaq,3,204.33333333333334,110.62951183517393,5
1,ana_leuc,15,9.555333333333333,3.389709656527467,5
1,ana_neu,1072,6.4816884328358215,3.1070059020404135,5
1,protcrea,1321,48.41387585162755,52.57039724005343,5
1,splanchnic,468,0.021367521367521368,0.14460619073238146,5
2,raza,440,2.9,0.6424385361474456,5
2,ant_inf,27,0.037037037037037035,0.18885257457751053,5
2,ant_isq,28,0.10714285714285714,0.30929478706587094,5
2,ant_clau,27,0.037037037037037035,0.18885257457751053,5
2,fum_act,31,0.0967741935483871,0.29565004483586066,5
2,diabetes,26,0.07692307692307693,0.26646935501059654,5
2,hip_art,27,0.25925925925925924,0.438228132081453,5
2,insf_car,5,0.0,0.0,5
2,fibr_aur,205,0.00975609756097561,0.09828995941273114,5
2,trat_est,32,0.25,0.4330127018922193,5
2,var171,18,0.0,0.0,5
2,tv_l_esu,363,0.005509641873278237,0.0740221974795835,5
2,tvp_orig,1294,0.2782071097372488,0.44811596024789746,5
2,tv_l_ein,268,0.7761194029850746,0.4168429863811624,5
2,tvp_prox,528,0.9053030303030303,0.29279592488144524,5
2,tv_l_svc,480,0.004166666666666667,0.06441510347391793,5
2,tv_l_vre,499,0.002004008016032064,0.04472126974833946,5
2,tv_l_vrn,488,0.012295081967213115,0.11019942344056352,5
2,tv_l_vca,948,0.06329113924050633,0.24348587419837145,5
2,tv_l_yug,956,0.02092050209205021,0.14311825419654453,5
2,tv_l_ova,958,0.015657620041753653,0.12414692495741379,5
2,tv_l_sup,956,0.0,0.0,5
2,tv_l_pul,957,0.0041797283176593526,0.06451556547725448,5
2,tv_l_ove,493,0.05070993914807302,0.21940474292884318,5
2,fr_antfa,727,0.14167812929848694,0.3487197111964968,5
2,fr_tvs_a,270,0.04814814814814815,0.21407920024619892,5
2,fr_viaje,9,0.0,0.0,5
2,fr_estro,10,0.1,0.30000000000000004,5
2,fr_varic,33,0.18181818181818182,0.385694607919935,5
2,fr_antec,1,0.0,0.0,5
2,ana_dime,174,1.5862068965517242,0.5153221096887332,5
2,ana_crea,46,0.9130434782608695,0.2817713347133852,5
2,ana_trop,849,0.901060070671378,0.2985813452194715,5
2,tension_,68,131.05882352941177,22.917936947073454,5
2,ana_hemo,3,13.066666666666668,0.9877021593352705,5
2,ana_plaq,3,175.66666666666666,60.6043636126054,5
2,ana_leuc,15,9.870000000000001,3.1328262000947324,5
2,ana_neu,1072,6.880195895522387,3.1517601187199045,5
2,protcrea,1321,70.09155185465556,60.17405975553799,5
2,splanchnic,468,0.019230769230769232,0.13733516208736252,5
3,raza,440,2.8863636363636362,0.6814392886620433,5
3,ant_inf,27,0.0,0.0,5
3,ant_isq,28,0.03571428571428571,0.1855768722395226,5
3,ant_clau,27,0.0,0.0,5
3,fum_act,31,0.12903225806451613,0.3352356401746214,5
3,diabetes,26,0.0,0.0,5
3,hip_art,27,0.3333333333333333,0.4714045207910316,5
3,insf_car,5,0.0,0.0,5
3,fibr_aur,205,0.00975609756097561,0.09828995941273115,5
3,trat_est,32,0.09375,0.2914805954090255,5
3,var171,18,0.1111111111111111,0.31426968052735443,5
3,tv_l_esu,363,0.008264462809917356,0.0905326541330853,5
3,tvp_orig,1294,0.13833075734157652,0.34524680869615926,5
3,tv_l_ein,268,0.8208955223880597,0.3834397784676158,5
3,tvp_prox,528,0.875,0.33071891388307384,5
3,tv_l_svc,480,0.0020833333333333333,0.04559597630883185,5
3,tv_l_vre,499,0.004008016032064128,0.06318189487148076,5
3,tv_l_vrn,488,0.00819672131147541,0.09016393442622953,5
3,tv_l_vca,948,0.06329113924050633,0.24348587419837145,5
3,tv_l_yug,956,0.01778242677824268,0.13215979750332213,5
3,tv_l_ova,958,0.0,0.0,5
3,tv_l_sup,956,0.02092050209205021,0.14311825419654453,5
3,tv_l_pul,957,0.011494252873563218,0.10659331604018048,5
3,tv_l_ove,493,0.060851926977687626,0.23905850740099127,5
3,fr_antfa,727,0.1485557083906465,0.35564998227920624,5
3,fr_tvs_a,270,0.040740740740740744,0.1976889799271484,5
3,fr_viaje,9,0.0,0.0,5
3,fr_estro,10,0.0,0.0,5
3,fr_varic,33,0.18181818181818182,0.385694607919935,5
3,fr_antec,1,0.0,0.0,5
3,ana_dime,174,1.6379310344827587,0.5152259585339288,5
3,ana_crea,46,0.8695652173913043,0.33678116053977547,5
3,ana_trop,849,0.8633686690223793,0.3434577271992939,5
3,tension_,68,132.2058823529412,23.27303338726997,5
3,ana_hemo,3,14.233333333333334,2.993697082575694,5
3,ana_plaq,3,269.3333333333333,92.73738308914169,5
3,ana_leuc,15,10.264666666666667,4.086023114091365,5
3,ana_neu,1072,6.486501865671641,2.966201837605531,5
3,protcrea,1321,21.156835730507193,26.59824694657245,5
3,splanchnic,468,0.010683760683760684,0.10280864721127701,5
4,raza,440,2.925,0.5809964011780264,5
4,ant_inf,27,0.037037037037037035,0.18885257457751053,5
4,ant_isq,28,0.03571428571428571,0.1855768722395226,5
4,ant_clau,27,0.0,0.0,5
4,fum_act,31,0.16129032258064516,0.3677985242255284,5
4,diabetes,26,0.11538461538461539,0.31948553318915673,5
4,hip_art,27,0.18518518518518517,0.3884477215445007,5
4,insf_car,5,0.0,0.0,5
4,fibr_aur,205,0.014634146341463415,0.12008325487893826,5
4,trat_est,32,0.1875,0.3903123748998999,5
4,var171,18,0.1111111111111111,0.31426968052735443,5
4,tv_l_esu,363,0.013774104683195593,0.11655204298240317,5
4,tvp_orig,1294,0.2472952086553323,0.43143978540631595,5
4,tv_l_ein,268,0.7611940298507462,0.4263539360324089,5
4,tvp_prox,528,0.8446969696969697,0.3621933172792209,5
4,tv_l_svc,480,0.008333333333333333,0.09090593428863097,5
4,tv_l_vre,499,0.002004008016032064,0.04472126974833946,5
4,tv_l_vrn,488,0.014344262295081968,0.11890544324921319,5
4,tv_l_vca,948,0.043248945147679324,0.20341699508962457,5
4,tv_l_yug,956,0.01778242677824268,0.1321597975033221,5
4,tv_l_ova,958,0.006263048016701462,0.07889120512605924,5
4,tv_l_sup,956,0.012552301255230125,0.11133167109330602,5
4,tv_l_pul,957,0.0073145245559038665,0.0852116323422157,5
4,tv_l_ove,493,0.06490872210953347,0.24636472942294485,5
4,fr_antfa,727,0.15268225584594222,0.3596809483357945,5
4,fr_tvs_a,270,0.07407407407407407,0.2618914004394621,5
4,fr_viaje,9,0.0,0.0,5
4,fr_estro,10,0.0,0.0,5
4,fr_varic,33,0.09090909090909091,0.28747978728803447,5
4,fr_antec,1,0.0,0.0,5
4,ana_dime,174,1.7183908045977012,0.4866088933505618,5
4,ana_crea,46,0.8695652173913043,0.33678116053977547,5
4,ana_trop,849,0.8551236749116607,0.35197610077565933,5
4,tension_,68,134.35294117647058,25.038655236560995,5
4,ana_hemo,3,13.353333333333332,4.957589019764434,5
4,ana_plaq,3,239.33333333333334,64.58758050550861,5
4,ana_leuc,15,9.908,4.041222917220314,5
4,ana_neu,1072,6.448861940298507,2.9509092975610174,5
4,protcrea,1321,56.38093868281605,62.296206260783016,5
4,splanchnic,468,0.01282051282051282,0.11249954342810412,5
5,raza,440,2.8795454545454544,0.8099044683997516,5
5,ant_inf,27,0.037037037037037035,0.18885257457751053,5
5,ant_isq,28,0.0,0.0,5
5,ant_clau,27,0.037037037037037035,0.18885257457751053,5
5,fum_act,31,0.3870967741935484,0.487086092598113,5
5,diabetes,26,0.038461538461538464,0.1923076923076923,5
5,hip_art,27,0.2222222222222222,0.4157397096415491,5
5,insf_car,5,0.0,0.0,5
5,fibr_aur,205,0.014634146341463415,0.12008325487893826,5
5,trat_est,32,0.0625,0.24206145913796356,5
5,var171,18,0.05555555555555555,0.2290614236454256,5
5,tv_l_esu,363,0.011019283746556474,0.10439281168868549,5
5,tvp_orig,1294,0.29598145285935085,0.45648267483292143,5
5,tv_l_ein,268,0.8059701492537313,0.3954519790893066,5
5,tvp_prox,528,0.7878787878787878,0.40881022918884974,5
5,tv_l_svc,480,0.008333333333333333,0.09090593428863097,5
5,tv_l_vre,499,0.01002004008016032,0.09959738388608558,5
5,tv_l_vrn,488,0.020491803278688523,0.1416752952249476,5
5,tv_l_vca,948,0.04113924050632911,0.19861219347485068,5
5,tv_l_yug,956,0.01778242677824268,0.13215979750332213,5
5,tv_l_ova,958,0.005219206680584551,0.07205530211032282,5
5,tv_l_sup,956,0.027196652719665274,0.16265606290732354,5
5,tv_l_pul,957,0.0010449320794148381,0.032308515848987064,5
5,tv_l_ove,493,0.05273833671399594,0.22351063633446425,5
5,fr_antfa,727,0.14305364511691884,0.35012754781033933,5
5,fr_tvs_a,270,0.06666666666666667,0.24944382578492946,5
5,fr_viaje,9,0.2222222222222222,0.41573970964154905,5
5,fr_estro,10,0.0,0.0,5
5,fr_varic,33,0.2727272727272727,0.4453617714151233,5
5,fr_antec,1,0.0,0.0,5
5,ana_dime,174,1.5919540229885059,0.5253829234728885,5
5,ana_crea,46,0.9565217391304348,0.20393111999232305,5
5,ana_trop,849,0.8633686690223793,0.3434577271992939,5
5,tension_,68,133.11764705882354,21.8319311558341,5
5,ana_hemo,3,14.6,0.9416297927883686,5
5,ana_plaq,3,159.33333333333334,38.47365621074013,5
5,ana_leuc,15,9.564,4.047300005353363,5
5,ana_neu,1072,6.962835820895522,3.101597262302576,5
5,protcrea,1321,30.410598031794095,39.77484460632938,5
5,splanchnic,468,0.03418803418803419,0.18171189423478035,5
1,raza,440,2.8636363636363638,0.7258508828486959,6
1,ant_inf,27,0.0,0.0,6
1,ant_isq,28,0.0,0.0,6
1,ant_clau,27,0.0,0.0,6
1,fum_act,31,0.41935483870967744,0.49345350131543086,6
1,diabetes,26,0.038461538461538464,0.1923076923076923,6
1,hip_art,27,0.25925925925925924,0.438228132081453,6
1,insf_car,5,0.0,0.0,6
1,fibr_aur,205,0.00975609756097561,0.09828995941273114,6
1,trat_est,32,0.21875,0.41339864235384227,6
1,var171,18,0.1111111111111111,0.3142696805273545,6
1,tv_l_esu,363,0.01652892561983471,0.12749792248381417,6
1,tvp_orig,1294,0.27279752704791344,0.44539761593934957,6
1,tv_l_ein,268,0.75,0.4330127018922193,6
1,tvp_prox,528,0.8731060606060606,0.33285412351212745,6
1,tv_l_svc,480,0.025,0.15612494995995996,6
1,tv_l_vre,499,0.008016032064128256,0.08917272729974747,6
1,tv_l_vrn,488,0.0,0.0,6
1,tv_l_vca,948,0.0759493670886076,0.2649170827399538,6
1,tv_l_yug,956,0.012552301255230125,0.11133167109330602,6
1,tv_l_ova,958,0.014613778705636743,0.12000090073653376,6
1,tv_l_sup,956,0.011506276150627616,0.10664840251861776,6
1,tv_l_pul,957,0.0041797283176593526,0.06451556547725448,6
1,tv_l_ove,493,0.032454361054766734,0.17720348614881584,6
1,fr_antfa,727,0.13480055020632736,0.34151041253583875,6
1,fr_tvs_a,270,0.044444444444444446,0.20608041101101565,6
1,fr_viaje,9,0.0,0.0,6
1,fr_estro,10,0.0,0.0,6
1,fr_varic,33,0.15151515151515152,0.35855028988482524,6
1,fr_antec,1,0.0,0.0,6
1,ana_dime,174,1.6264367816091954,0.5069538894252957,6
1,ana_crea,46,0.8913043478260869,0.31125697963644244,6
1,ana_trop,849,0.9163722025912838,0.2768288079468661,6
1,tension_,68,136.27941176470588,23.446337722449442,6
1,ana_hemo,3,12.6,2.4166091947189146,6
1,ana_plaq,3,161.66666666666666,47.020090268829655,6
1,ana_leuc,15,8.498666666666667,2.6064864387822078,6
1,ana_neu,1072,6.581828358208955,3.0777924186064975,6
1,protcrea,1321,44.612331566994705,57.1511802723656,6
1,splanchnic,468,0.038461538461538464,0.1923076923076923,6
2,raza,440,2.8136363636363635,0.7901642260519209,6
2,ant_inf,27,0.0,0.0,6
2,ant_isq,28,0.0,0.0,6
2,ant_clau,27,0.0,0.0,6
2,fum_act,31,0.25806451612903225,0.4375696763306625,6
2,diabetes,26,0.038461538461538464,0.1923076923076923,6
2,hip_art,27,0.2962962962962963,0.4566232594791834,6
2,insf_car,5,0.0,0.0,6
2,fibr_aur,205,0.004878048780487805,0.06967247247358878,6
2,trat_est,32,0.21875,0.41339864235384227,6
2,var171,18,0.0,0.0,6
2,tv_l_esu,363,0.013774104683195593,0.11655204298240317,6
2,tvp_orig,1294,0.2302936630602782,0.4210207736140312,6
2,tv_l_ein,268,0.7238805970149254,0.44707659106716896,6
2,tvp_prox,528,0.9261363636363636,0.2615488474200887,6
2,tv_l_svc,480,0.0125,0.11110243021644485,6
2,tv_l_vre,499,0.006012024048096192,0.0773038137153744,6
2,tv_l_vrn,488,0.00819672131147541,0.09016393442622951,6
2,tv_l_vca,948,0.0189873417721519,0.1364801180559989,6
2,tv_l_yug,956,0.011506276150627616,0.10664840251861776,6
2,tv_l_ova,958,0.010438413361169102,0.10163391603038066,6
2,tv_l_sup,956,0.015690376569037656,0.12427465007860394,6
2,tv_l_pul,957,0.003134796238244514,0.05590142476528843,6
2,tv_l_ove,493,0.04665314401622718,0.21089482727091327,6
2,fr_antfa,727,0.16368638239339753,0.36999074395498055,6
2,fr_tvs_a,270,0.04814814814814815,0.21407920024619895,6
2,fr_viaje,9,0.0,0.0,6
2,fr_estro,10,0.0,0.0,6
2,fr_varic,33,0.12121212121212122,0.3263736246748184,6
2,fr_antec,1,0.0,0.0,6
2,ana_dime,174,1.603448275862069,0.5121395903152691,6
2,ana_crea,46,0.9130434782608695,0.2817713347133852,6
2,ana_trop,849,0.8739693757361602,0.3318838742866346,6
2,tension_,68,129.26470588235293,16.62441299013099,6
2,ana_hemo,3,13.466666666666667,1.7613126418163876,6
2,ana_plaq,3,270.6666666666667,86.14845068575265,6
2,ana_leuc,15,8.092,2.6265698797734913,6
2,ana_neu,1072,6.511138059701493,3.079427738615964,6
2,protcrea,1321,64.77747161241484,59.21637498939864,6
2,splanchnic,468,0.03418803418803419,0.18171189423478035,6
3,raza,440,2.881818181818182,0.5432531333937696,6
3,ant_inf,27,0.0,0.0,6
3,ant_isq,28,0.0,0.0,6
3,ant_clau,27,0.0,0.0,6
3,fum_act,31,0.2903225806451613,0.4539112025635577,6
3,diabetes,26,0.038461538461538464,0.1923076923076923,6
3,hip_art,27,0.2962962962962963,0.4566232594791834,6
3,insf_car,5,0.0,0.0,6
3,fibr_aur,205,0.0,0.0,6
3,trat_est,32,0.1875,0.3903123748998999,6
3,var171,18,0.1111111111111111,0.31426968052735443,6
3,tv_l_esu,363,0.008264462809917356,0.0905326541330853,6
3,tvp_orig,1294,0.2581143740340031,0.43759723942346557,6
3,tv_l_ein,268,0.7835820895522388,0.4118023779498924,6
3,tvp_prox,528,0.8674242424242424,0.3391156529548165,6
3,tv_l_svc,480,0.014583333333333334,0.11987768650679835,6
3,tv_l_vre,499,0.006012024048096192,0.0773038137153744,6
3,tv_l_vrn,488,0.012295081967213115,0.11019942344056353,6
3,tv_l_vca,948,0.05907172995780591,0.23575890370799993,6
3,tv_l_yug,956,0.009414225941422594,0.09656913736461788,6
3,tv_l_ova,958,0.0041753653444676405,0.06448202593520043,6
3,tv_l_sup,956,0.012552301255230125,0.11133167109330602,6
3,tv_l_pul,957,0.0010449320794148381,0.03230851584898707,6
3,tv_l_ove,493,0.07505070993914807,0.2634731502008847,6
3,fr_antfa,727,0.1609353507565337,0.36747130994596733,6
3,fr_tvs_a,270,0.040740740740740744,0.1976889799271484,6
3,fr_viaje,9,0.0,0.0,6
3,fr_estro,10,0.0,0.0,6
3,fr_varic,33,0.15151515151515152,0.35855028988482524,6
3,fr_antec,1,0.0,0.0,6
3,ana_dime,174,1.5517241379310345,0.5520832164838082,6
3,ana_crea,46,0.8695652173913043,0.33678116053977547,6
3,ana_trop,849,0.8598351001177856,0.347158034219609,6
3,tension_,68,137.44117647058823,22.754044471091014,6
3,ana_hemo,3,12.800000000000002,2.1213203435596424,6
3,ana_plaq,3,257.6666666666667,102.24589097964878,6
3,ana_leuc,15,7.699333333333334,2.834707431503685,6
3,ana_neu,1072,6.448246268656717,3.1793436475008465,6
3,protcrea,1321,55.8681907645723,51.229730726919776,6
3,splanchnic,468,0.04700854700854701,0.21165713670153488,6
4,raza,440,2.897727272727273,0.6848983455971062,6
4,ant_inf,27,0.037037037037037035,0.18885257457751053,6
4,ant_isq,28,0.0,0.0,6
4,ant_clau,27,0.0,0.0,6
4,fum_act,31,0.12903225806451613,0.3352356401746214,6
4,diabetes,26,0.038461538461538464,0.1923076923076923,6
4,hip_art,27,0.2222222222222222,0.41573970964154905,6
4,insf_car,5,0.0,0.0,6
4,fibr_aur,205,0.0,0.0,6
4,trat_est,32,0.09375,0.2914805954090255,6
4,var171,18,0.0,0.0,6
4,tv_l_esu,363,0.011019283746556474,0.10439281168868549,6
4,tvp_orig,1294,0.39335394126738793,0.4884942355410146,6
4,tv_l_ein,268,0.7686567164179104,0.421691319241393,6
4,tvp_prox,528,0.865530303030303,0.34115626561236545,6
4,tv_l_svc,480,0.016666666666666666,0.12801909579781015,6
4,tv_l_vre,499,0.008016032064128256,0.08917272729974747,6
4,tv_l_vrn,488,0.012295081967213115,0.11019942344056353,6
4,tv_l_vca,948,0.04746835443037975,0.2126384484472448,6
4,tv_l_yug,956,0.0198744769874477,0.13956891542146166,6
4,tv_l_ova,958,0.010438413361169102,0.10163391603038066,6
4,tv_l_sup,956,0.012552301255230125,0.11133167109330602,6
4,tv_l_pul,957,0.0,0.0,6
4,tv_l_ove,493,0.05273833671399594,0.22351063633446425,6
4,fr_antfa,727,0.19257221458046767,0.39431986603776636,6
4,fr_tvs_a,270,0.07037037037037037,0.2557701728980673,6
4,fr_viaje,9,0.0,0.0,6
4,fr_estro,10,0.2,0.4000000000000001,6
4,fr_varic,33,0.18181818181818182,0.385694607919935,6
4,fr_antec,1,0.0,0.0,6
4,ana_dime,174,1.5229885057471264,0.5540241808543472,6
4,ana_crea,46,0.8695652173913043,0.33678116053977547,6
4,ana_trop,849,0.8845700824499411,0.31954006272210295,6
4,tension_,68,134.5735294117647,25.528136827747414,6
4,ana_hemo,3,14.0,1.7378147196982772,6
4,ana_plaq,3,277.6666666666667,68.5678901203439,6
4,ana_leuc,15,7.316666666666666,3.191999721526025,6
4,ana_neu,1072,6.306455223880597,3.0351181358789594,6
4,protcrea,1321,53.195230885692666,53.35617932236933,6
4,splanchnic,468,0.038461538461538464,0.1923076923076923,6
5,raza,440,2.890909090909091,0.619317139281858,6
5,ant_inf,27,0.0,0.0,6
5,ant_isq,28,0.0,0.0,6
5,ant_clau,27,0.0,0.0,6
5,fum_act,31,0.3870967741935484,0.4870860925981129,6
5,diabetes,26,0.07692307692307693,0.2664693550105965,6
5,hip_art,27,0.25925925925925924,0.438228132081453,6
5,insf_car,5,0.0,0.0,6
5,fibr_aur,205,0.0,0.0,6
5,trat_est,32,0.09375,0.2914805954090255,6
5,var171,18,0.0,0.0,6
5,tv_l_esu,363,0.01928374655647383,0.13752048456582575,6
5,tvp_orig,1294,0.321483771251932,0.4670459892489897,6
5,tv_l_ein,268,0.753731343283582,0.4308368663839122,6
5,tvp_prox,528,0.8996212121212122,0.3005043873602733,6
5,tv_l_svc,480,0.01875,0.1356408400888169,6
5,tv_l_vre,499,0.008016032064128256,0.08917272729974747,6
5,tv_l_vrn,488,0.006147540983606557,0.0781648816506584,6
5,tv_l_vca,948,0.05590717299578059,0.2297423796416335,6
5,tv_l_yug,956,0.032426778242677826,0.17713069269744874,6
5,tv_l_ova,958,0.012526096033402923,0.11121687350202257,6
5,tv_l_sup,956,0.0,0.0,6
5,tv_l_pul,957,0.0010449320794148381,0.032308515848987064,6
5,tv_l_ove,493,0.038539553752535496,0.19249482213579389,6
5,fr_antfa,727,0.1623108665749656,0.36873574435718776,6
5,fr_tvs_a,270,0.05925925925925926,0.23610929556309967,6
5,fr_viaje,9,0.0,0.0,6
5,fr_estro,10,0.0,0.0,6
5,fr_varic,33,0.09090909090909091,0.28747978728803447,6
5,fr_antec,1,0.0,0.0,6
5,ana_dime,174,1.5402298850574712,0.5318498989084725,6
5,ana_crea,46,0.8913043478260869,0.3112569796364425,6
5,ana_trop,849,0.8610129564193169,0.34593300694987816,6
5,tension_,68,132.51470588235293,17.468873702757904,6
5,ana_hemo,3,13.4,1.7663521732655691,6
5,ana_plaq,3,254.66666666666666,70.24401912064985,6
5,ana_leuc,15,7.118666666666667,2.6103380794236,6
5,ana_neu,1072,6.41160447761194,3.028716207562224,6
5,protcrea,1321,67.34214988644966,46.78726218449751,6
5,splanchnic,468,0.029914529914529916,0.17035155066662178,6
1,raza,440,2.909090909090909,0.6473084770515599,7
1,ant_inf,27,0.0,0.0,7
1,ant_isq,28,0.03571428571428571,0.1855768722395226,7
1,ant_clau,27,0.0,0.0,7
1,fum_act,31,0.22580645161290322,0.4181123031230877,7
1,diabetes,26,0.038461538461538464,0.1923076923076923,7
1,hip_art,27,0.37037037037037035,0.4829038818668629,7
1,insf_car,5,0.0,0.0,7
1,fibr_aur,205,0.0,0.0,7
1,trat_est,32,0.15625,0.3630921887069453,7
1,var171,18,0.0,0.0,7
1,tv_l_esu,363,0.046831955922865015,0.21127878224588442,7
1,tvp_orig,1294,0.3207109737248841,0.46674987419100694,7
1,tv_l_ein,268,0.7238805970149254,0.44707659106716896,7
1,tvp_prox,528,0.8579545454545454,0.34909675362058257,7
1,tv_l_svc,480,0.00625,0.07880950133074056,7
1,tv_l_vre,499,0.004008016032064128,0.06318189487148075,7
1,tv_l_vrn,488,0.00819672131147541,0.09016393442622953,7
1,tv_l_vca,948,0.06540084388185655,0.24723182137701769,7
1,tv_l_yug,956,0.016736401673640166,0.12828208967996563,7
1,tv_l_ova,958,0.008350730688935281,0.09099997794448172,7
1,tv_l_sup,956,0.0010460251046025104,0.0323253915070344,7
1,tv_l_pul,957,0.003134796238244514,0.05590142476528843,7
1,tv_l_ove,493,0.058823529411764705,0.23529411764705885,7
1,fr_antfa,727,0.14442916093535077,0.3515243638879975,7
1,fr_tvs_a,270,0.06666666666666667,0.24944382578492946,7
1,fr_viaje,9,0.1111111111111111,0.31426968052735443,7
1,fr_estro,10,0.0,0.0,7
1,fr_varic,33,0.15151515151515152,0.35855028988482524,7
1,fr_antec,1,1.0,0.0,7
1,ana_dime,174,1.5747126436781609,0.5171136496184824,7
1,ana_crea,46,0.9130434782608695,0.2817713347133852,7
1,ana_trop,849,0.8939929328621908,0.3078466645176608,7
1,tension_,68,133.72058823529412,19.834495788484038,7
1,ana_hemo,3,13.666666666666666,1.247219128924647,7
1,ana_plaq,3,317.3333333333333,127.37695587856105,7
1,ana_leuc,15,9.828666666666667,3.5127593459020536,7
1,ana_neu,1072,6.3079384328358215,3.098545961345046,7
1,protcrea,1321,63.10121120363362,61.002882400856876,7
1,splanchnic,468,0.029914529914529916,0.1703515506666218,7
2,raza,440,2.915909090909091,0.5836574266944072,7
2,ant_inf,27,0.037037037037037035,0.18885257457751053,7
2,ant_isq,28,0.03571428571428571,0.1855768722395226,7
2,ant_clau,27,0.0,0.0,7
2,fum_act,31,0.16129032258064516,0.3677985242255284,7
2,diabetes,26,0.038461538461538464,0.1923076923076923,7
2,hip_art,27,0.25925925925925924,0.438228132081453,7
2,insf_car,5,0.2,0.4000000000000001,7
2,fibr_aur,205,0.01951219512195122,0.1383165549147105,7
2,trat_est,32,0.15625,0.3630921887069453,7
2,var171,18,0.0,0.0,7
2,tv_l_esu,363,0.05509641873278237,0.22816836629034332,7
2,tvp_orig,1294,0.2820710973724884,0.45000777037687756,7
2,tv_l_ein,268,0.7201492537313433,0.44892572445955087,7
2,tvp_prox,528,0.8712121212121212,0.3349650146883961,7
2,tv_l_svc,480,0.0020833333333333333,0.045595976308831845,7
2,tv_l_vre,499,0.006012024048096192,0.0773038137153744,7
2,tv_l_vrn,488,0.01639344262295082,0.12698306053139075,7
2,tv_l_vca,948,0.06645569620253164,0.24907696931825807,7
2,tv_l_yug,956,0.012552301255230125,0.11133167109330601,7
2,tv_l_ova,958,0.007306889352818371,0.08516747454752925,7
2,tv_l_sup,956,0.015690376569037656,0.12427465007860393,7
2,tv_l_pul,957,0.00522466039707419,0.07209274111038808,7
2,tv_l_ove,493,0.07910750507099391,0.2699064795673431,7
2,fr_antfa,727,0.1746905089408528,0.3797021662129921,7
2,fr_tvs_a,270,0.07037037037037037,0.25577017289806736,7
2,fr_viaje,9,0.0,0.0,7
2,fr_estro,10,0.1,0.30000000000000004,7
2,fr_varic,33,0.12121212121212122,0.3263736246748184,7
2,fr_antec,1,0.0,0.0,7
2,ana_dime,174,1.6264367816091954,0.5069538894252957,7
2,ana_crea,46,0.9130434782608695,0.2817713347133852,7
2,ana_trop,849,0.8904593639575972,0.3123163221764573,7
2,tension_,68,127.80882352941177,19.19195400723743,7
2,ana_hemo,3,13.633333333333333,2.951082663852181,7
2,ana_plaq,3,289.6666666666667,80.42525860836396,7
2,ana_leuc,15,9.581999999999999,3.364501349878364,7
2,ana_neu,1072,6.439421641791045,3.0385898390993646,7
2,protcrea,1321,48.971135503406515,54.28738040494724,7
2,splanchnic,468,0.02564102564102564,0.15806189751202504,7
3,raza,440,2.918181818181818,0.5288378026272359,7
3,ant_inf,27,0.0,0.0,7
3,ant_isq,28,0.0,0.0,7
3,ant_clau,27,0.0,0.0,7
3,fum_act,31,0.2903225806451613,0.4539112025635577,7
3,diabetes,26,0.07692307692307693,0.26646935501059654,7
3,hip_art,27,0.2962962962962963,0.4566232594791834,7
3,insf_car,5,0.0,0.0,7
3,fibr_aur,205,0.00975609756097561,0.09828995941273114,7
3,trat_est,32,0.21875,0.41339864235384227,7
3,var171,18,0.0,0.0,7
3,tv_l_esu,363,0.06611570247933884,0.24848423765905633,7
3,tvp_orig,1294,0.23338485316846985,0.42298506295140215,7
3,tv_l_ein,268,0.746268656716418,0.43514566379442543,7
3,tvp_prox,528,0.8731060606060606,0.33285412351212745,7
3,tv_l_svc,480,0.020833333333333332,0.1428261375083551,7
3,tv_l_vre,499,0.01603206412825651,0.1255987143566525,7
3,tv_l_vrn,488,0.004098360655737705,0.06388711995131105,7
3,tv_l_vca,948,0.06329113924050633,0.24348587419837142,7
3,tv_l_yug,956,0.008368200836820083,0.0910943140463483,7
3,tv_l_ova,958,0.0,0.0,7
3,tv_l_sup,956,0.006276150627615063,0.07897316354885721,7
3,tv_l_pul,957,0.008359456635318705,0.091047109345003,7
3,tv_l_ove,493,0.02028397565922921,0.14096998258737567,7
3,fr_antfa,727,0.15543328748280605,0.3623172375489378,7
3,fr_tvs_a,270,0.07037037037037037,0.25577017289806736,7
3,fr_viaje,9,0.0,0.0,7
3,fr_estro,10,0.0,0.0,7
3,fr_varic,33,0.12121212121212122,0.3263736246748184,7
3,fr_antec,1,0.0,0.0,7
3,ana_dime,174,1.5114942528735633,0.6039953732327019,7
3,ana_crea,46,0.8913043478260869,0.3112569796364425,7
3,ana_trop,849,0.8621908127208481,0.3446996013641611,7
3,tension_,68,129.39705882352942,20.326120333700405,7
3,ana_hemo,3,14.833333333333334,1.222929088522943,7
3,ana_plaq,3,184.0,64.41014412859722,7
3,ana_leuc,15,9.666666666666666,4.289369288005975,7
3,ana_neu,1072,6.047276119402985,3.0671133917881863,7
3,protcrea,1321,52.363830431491294,54.6467033594251,7
3,splanchnic,468,0.021367521367521368,0.14460619073238146,7
4,raza,440,2.925,0.6614807768800376,7
4,ant_inf,27,0.07407407407407407,0.2618914004394621,7
4,ant_isq,28,0.07142857142857142,0.25753937681885636,7
4,ant_clau,27,0.0,0.0,7
4,fum_act,31,0.2903225806451613,0.4539112025635577,7
4,diabetes,26,0.11538461538461539,0.31948553318915673,7
4,hip_art,27,0.3333333333333333,0.4714045207910317,7
4,insf_car,5,0.0,0.0,7
4,fibr_aur,205,0.004878048780487805,0.06967247247358879,7
4,trat_est,32,0.25,0.4330127018922193,7
4,var171,18,0.05555555555555555,0.2290614236454256,7
4,tv_l_esu,363,0.030303030303030304,0.17141982574219336,7
4,tvp_orig,1294,0.15301391035548687,0.3600009077672026,7
4,tv_l_ein,268,0.753731343283582,0.4308368663839122,7
4,tvp_prox,528,0.8901515151515151,0.3127008078419003,7
4,tv_l_svc,480,0.0020833333333333333,0.04559597630883185,7
4,tv_l_vre,499,0.004008016032064128,0.06318189487148076,7
4,tv_l_vrn,488,0.010245901639344262,0.10070215061725915,7
4,tv_l_vca,948,0.056962025316455694,0.23177004333671586,7
4,tv_l_yug,956,0.01778242677824268,0.13215979750332213,7
4,tv_l_ova,958,0.010438413361169102,0.10163391603038066,7
4,tv_l_sup,956,0.0031380753138075313,0.05593056228156841,7
4,tv_l_pul,957,0.014629049111807733,0.12006265045338642,7
4,tv_l_ove,493,0.034482758620689655,0.18246560765962694,7
4,fr_antfa,727,0.16781292984869325,0.37370008084597844,7
4,fr_tvs_a,270,0.05925925925925926,0.23610929556309967,7
4,fr_viaje,9,0.0,0.0,7
4,fr_estro,10,0.0,0.0,7
4,fr_varic,33,0.06060606060606061,0.23860629921247914,7
4,fr_antec,1,1.0,0.0,7
4,ana_dime,174,1.5862068965517242,0.5477587382732807,7
4,ana_crea,46,0.8478260869565217,0.35918938351865876,7
4,ana_trop,849,0.8798586572438163,0.32512674531161684,7
4,tension_,68,128.14705882352942,18.1911943030965,7
4,ana_hemo,3,13.700000000000001,1.651262143533445,7
4,ana_plaq,3,351.6666666666667,140.2719580750986,7
4,ana_leuc,15,9.492666666666668,3.5331335792591947,7
4,ana_neu,1072,6.22241604477612,3.2369327490207245,7
4,protcrea,1321,68.45795609386829,62.02255516008274,7
4,splanchnic,468,0.027777777777777776,0.16433554953054486,7
5,raza,440,2.934090909090909,0.6590086155521041,7
5,ant_inf,27,0.037037037037037035,0.18885257457751053,7
5,ant_isq,28,0.0,0.0,7
5,ant_clau,27,0.0,0.0,7
5,fum_act,31,0.22580645161290322,0.4181123031230878,7
5,diabetes,26,0.11538461538461539,0.31948553318915673,7
5,hip_art,27,0.25925925925925924,0.438228132081453,7
5,insf_car,5,0.0,0.0,7
5,fibr_aur,205,0.014634146341463415,0.12008325487893826,7
5,trat_est,32,0.1875,0.3903123748998999,7
5,var171,18,0.05555555555555555,0.2290614236454256,7
5,tv_l_esu,363,0.027548209366391185,0.16367438873292506,7
5,tvp_orig,1294,0.3261205564142195,0.46879199982326847,7
5,tv_l_ein,268,0.7611940298507462,0.42635393603240895,7
5,tvp_prox,528,0.8939393939393939,0.3079151732257814,7
5,tv_l_svc,480,0.004166666666666667,0.06441510347391793,7
5,tv_l_vre,499,0.004008016032064128,0.06318189487148075,7
5,tv_l_vrn,488,0.006147540983606557,0.0781648816506584,7
5,tv_l_vca,948,0.0379746835443038,0.1911350489941962,7
5,tv_l_yug,956,0.0041841004184100415,0.06454915740812346,7
5,tv_l_ova,958,0.010438413361169102,0.10163391603038066,7
5,tv_l_sup,956,0.01882845188284519,0.13591887757975557,7
5,tv_l_pul,957,0.003134796238244514,0.05590142476528843,7
5,tv_l_ove,493,0.04462474645030426,0.20647851814305118,7
5,fr_antfa,727,0.1485557083906465,0.35564998227920624,7
5,fr_tvs_a,270,0.07037037037037037,0.25577017289806736,7
5,fr_viaje,9,0.0,0.0,7
5,fr_estro,10,0.0,0.0,7
5,fr_varic,33,0.06060606060606061,0.23860629921247914,7
5,fr_antec,1,0.0,0.0,7
5,ana_dime,174,1.632183908045977,0.5277351854367356,7
5,ana_crea,46,0.9565217391304348,0.20393111999232302,7
5,ana_trop,849,0.866902237926973,0.33968036122828615,7
5,tension_,68,131.48529411764707,19.03749600985538,7
5,ana_hemo,3,12.466666666666669,2.3795424396766336,7
5,ana_plaq,3,143.66666666666666,44.100894422776605,7
5,ana_leuc,15,9.448666666666668,3.625546150428772,7
5,ana_neu,1072,6.196641791044775,3.0021674245152736,7
5,protcrea,1321,53.90545041635125,57.860851623622885,7
5,splanchnic,468,0.021367521367521368,0.14460619073238146,7
1,raza,440,2.9704545454545452,0.519212491731707,8
1,ant_inf,27,0.0,0.0,8
1,ant_isq,28,0.0,0.0,8
1,ant_clau,27,0.0,0.0,8
1,fum_act,31,0.22580645161290322,0.4181123031230878,8
1,diabetes,26,0.07692307692307693,0.26646935501059654,8
1,hip_art,27,0.25925925925925924,0.438228132081453,8
1,insf_car,5,0.0,0.0,8
1,fibr_aur,205,0.024390243902439025,0.15425744683748188,8
1,trat_est,32,0.21875,0.41339864235384227,8
1,var171,18,0.0,0.0,8
1,tv_l_esu,363,0.008264462809917356,0.0905326541330853,8
1,tvp_orig,1294,0.30602782071097373,0.4608413975131421,8
1,tv_l_ein,268,0.8208955223880597,0.3834397784676158,8
1,tvp_prox,528,0.8901515151515151,0.31270080784190024,8
1,tv_l_svc,480,0.0125,0.11110243021644485,8
1,tv_l_vre,499,0.006012024048096192,0.0773038137153744,8
1,tv_l_vrn,488,0.00819672131147541,0.09016393442622953,8
1,tv_l_vca,948,0.06751054852320675,0.25090411387879336,8
1,tv_l_yug,956,0.02301255230125523,0.14994323838652152,8
1,tv_l_ova,958,0.0010438413361169101,0.03229166659344054,8
1,tv_l_sup,956,0.005230125523012552,0.07213023852744484,8
1,tv_l_pul,957,0.003134796238244514,0.055901424765288435,8
1,tv_l_ove,493,0.04665314401622718,0.21089482727091324,8
1,fr_antfa,727,0.1609353507565337,0.36747130994596733,8
1,fr_tvs_a,270,0.06666666666666667,0.24944382578492946,8
1,fr_viaje,9,0.0,0.0,8
1,fr_estro,10,0.0,0.0,8
1,fr_varic,33,0.09090909090909091,0.28747978728803447,8
1,fr_antec,1,0.0,0.0,8
1,ana_dime,174,1.5804597701149425,0.5590096087138663,8
1,ana_crea,46,0.8695652173913043,0.3367811605397754,8
1,ana_trop,849,0.8692579505300353,0.337118029731959,8
1,tension_,68,132.9558823529412,27.875476162395447,8
1,ana_hemo,3,14.866666666666667,0.3681787005729088,8
1,ana_plaq,3,257.6666666666667,72.69265590293301,8
1,ana_leuc,15,7.305333333333334,2.1896540568977763,8
1,ana_neu,1072,6.562154850746269,3.0525498764818413,8
1,protcrea,1321,45.17077214231643,53.06451934230477,8
1,splanchnic,468,0.03205128205128205,0.17613630338505235,8
2,raza,440,2.9022727272727273,0.5892941217961292,8
2,ant_inf,27,0.07407407407407407,0.2618914004394621,8
2,ant_isq,28,0.03571428571428571,0.1855768722395226,8
2,ant_clau,27,0.0,0.0,8
2,fum_act,31,0.4838709677419355,0.4997397866074087,8
2,diabetes,26,0.11538461538461539,0.31948553318915673,8
2,hip_art,27,0.18518518518518517,0.38844772154450063,8
2,insf_car,5,0.0,0.0,8
2,fibr_aur,205,0.004878048780487805,0.06967247247358879,8
2,trat_est,32,0.15625,0.3630921887069453,8
2,var171,18,0.05555555555555555,0.2290614236454256,8
2,tv_l_esu,363,0.01928374655647383,0.13752048456582575,8
2,tvp_orig,1294,0.29675425038639874,0.4568272816546811,8
2,tv_l_ein,268,0.8059701492537313,0.3954519790893066,8
2,tvp_prox,528,0.875,0.33071891388307384,8
2,tv_l_svc,480,0.014583333333333334,0.11987768650679835,8
2,tv_l_vre,499,0.0,0.0,8
2,tv_l_vrn,488,0.006147540983606557,0.0781648816506584,8
2,tv_l_vca,948,0.04535864978902954,0.20808950641093293,8
2,tv_l_yug,956,0.013598326359832637,0.11581628503817638,8
2,tv_l_ova,958,0.003131524008350731,0.05587233273934293,8
2,tv_l_sup,956,0.012552301255230125,0.11133167109330602,8
2,tv_l_pul,957,0.0010449320794148381,0.032308515848987064,8
2,tv_l_ove,493,0.05273833671399594,0.22351063633446427,8
2,fr_antfa,727,0.17606602475928473,0.3808763312214973,8
2,fr_tvs_a,270,0.05185185185185185,0.2217278451421595,8
2,fr_viaje,9,0.1111111111111111,0.31426968052735443,8
2,fr_estro,10,0.0,0.0,8
2,fr_varic,33,0.15151515151515152,0.3585502898848252,8
2,fr_antec,1,0.0,0.0,8
2,ana_dime,174,1.5919540229885059,0.5468233005496799,8
2,ana_crea,46,0.8913043478260869,0.31125697963644244,8
2,ana_trop,849,0.8704358068315665,0.33582333602215064,8
2,tension_,68,133.16176470588235,22.221882626682387,8
2,ana_hemo,3,15.700000000000001,0.535412613473634,8
2,ana_plaq,3,212.33333333333334,27.47524137999317,8
2,ana_leuc,15,6.370666666666667,2.1559297040694276,8
2,ana_neu,1072,6.535643656716418,3.0218620636909765,8
2,protcrea,1321,77.68389856169568,60.240160364022316,8
2,splanchnic,468,0.014957264957264958,0.12138181569849386,8
3,raza,440,2.9295454545454547,0.5657173826433065,8
3,ant_inf,27,0.037037037037037035,0.18885257457751053,8
3,ant_isq,28,0.03571428571428571,0.1855768722395226,8
3,ant_clau,27,0.0,0.0,8
3,fum_act,31,0.2903225806451613,0.4539112025635577,8
3,diabetes,26,0.15384615384615385,0.36080121229410994,8
3,hip_art,27,0.2962962962962963,0.4566232594791834,8
3,insf_car,5,0.0,0.0,8
3,fibr_aur,205,0.0,0.0,8
3,trat_est,32,0.1875,0.3903123748998999,8
3,var171,18,0.05555555555555555,0.2290614236454256,8
3,tv_l_esu,363,0.008264462809917356,0.09053265413308531,8
3,tvp_orig,1294,0.455177743431221,0.49798691279599167,8
3,tv_l_ein,268,0.8208955223880597,0.3834397784676158,8
3,tvp_prox,528,0.9071969696969697,0.29015621287438453,8
3,tv_l_svc,480,0.004166666666666667,0.06441510347391793,8
3,tv_l_vre,499,0.008016032064128256,0.08917272729974747,8
3,tv_l_vrn,488,0.014344262295081968,0.1189054432492132,8
3,tv_l_vca,948,0.06329113924050633,0.24348587419837142,8
3,tv_l_yug,956,0.01882845188284519,0.13591887757975557,8
3,tv_l_ova,958,0.0010438413361169101,0.03229166659344054,8
3,tv_l_sup,956,0.008368200836820083,0.09109431404634828,8
3,tv_l_pul,957,0.0073145245559038665,0.08521163234221571,8
3,tv_l_ove,493,0.02231237322515213,0.14769743134602453,8
3,fr_antfa,727,0.15818431911966988,0.36491374364953194,8
3,fr_tvs_a,270,0.03333333333333333,0.17950549357115012,8
3,fr_viaje,9,0.0,0.0,8
3,fr_estro,10,0.3,0.45825756949558394,8
3,fr_varic,33,0.15151515151515152,0.35855028988482524,8
3,fr_antec,1,0.0,0.0,8
3,ana_dime,174,1.6494252873563218,0.5446444718712015,8
3,ana_crea,46,0.8260869565217391,0.37903469074266727,8
3,ana_trop,849,0.8539458186101295,0.3531605265150754,8
3,tension_,68,134.94117647058823,21.682794990865844,8
3,ana_hemo,3,13.466666666666667,0.7363574011458176,8
3,ana_plaq,3,203.33333333333334,28.522895287041877,8
3,ana_leuc,15,7.9366666666666665,2.783541309595067,8
3,ana_neu,1072,6.541595149253731,3.0692909282949676,8
3,protcrea,1321,55.104685844057535,57.52972902856745,8
3,splanchnic,468,0.021367521367521368,0.14460619073238146,8
4,raza,440,2.897727272727273,0.7173146375588599,8
4,ant_inf,27,0.0,0.0,8
4,ant_isq,28,0.03571428571428571,0.18557687223952257,8
4,ant_clau,27,0.037037037037037035,0.18885257457751053,8
4,fum_act,31,0.16129032258064516,0.3677985242255284,8
4,diabetes,26,0.038461538461538464,0.1923076923076923,8
4,hip_art,27,0.2222222222222222,0.4157397096415491,8
4,insf_car,5,0.0,0.0,8
4,fibr_aur,205,0.01951219512195122,0.1383165549147105,8
4,trat_est,32,0.15625,0.3630921887069453,8
4,var171,18,0.05555555555555555,0.2290614236454256,8
4,tv_l_esu,363,0.005509641873278237,0.0740221974795835,8
4,tvp_orig,1294,0.321483771251932,0.4670459892489897,8
4,tv_l_ein,268,0.8171641791044776,0.38653186607701945,8
4,tvp_prox,528,0.8428030303030303,0.36398637668882566,8
4,tv_l_svc,480,0.010416666666666666,0.1015291077584267,8
4,tv_l_vre,499,0.004008016032064128,0.06318189487148075,8
4,tv_l_vrn,488,0.006147540983606557,0.0781648816506584,8
4,tv_l_vca,948,0.03270042194092827,0.17785135463586868,8
4,tv_l_yug,956,0.02092050209205021,0.14311825419654453,8
4,tv_l_ova,958,0.0020876826722338203,0.04564344699180679,8
4,tv_l_sup,956,0.011506276150627616,0.10664840251861776,8
4,tv_l_pul,957,0.0073145245559038665,0.08521163234221571,8
4,tv_l_ove,493,0.038539553752535496,0.19249482213579389,8
4,fr_antfa,727,0.1609353507565337,0.36747130994596733,8
4,fr_tvs_a,270,0.044444444444444446,0.20608041101101562,8
4,fr_viaje,9,0.1111111111111111,0.31426968052735443,8
4,fr_estro,10,0.0,0.0,8
4,fr_varic,33,0.15151515151515152,0.35855028988482524,8
4,fr_antec,1,0.0,0.0,8
4,ana_dime,174,1.603448275862069,0.5447657465268732,8
4,ana_crea,46,0.8695652173913043,0.33678116053977547,8
4,ana_trop,849,0.8527679623085983,0.3543370778914328,8
4,tension_,68,129.55882352941177,20.9666277920141,8
4,ana_hemo,3,12.433333333333332,1.6213848676020417,8
4,ana_plaq,3,179.66666666666666,24.143091949642425,8
4,ana_leuc,15,7.8839999999999995,3.05416175079186,8
4,ana_neu,1072,6.502546641791044,3.0292560025185544,8
4,protcrea,1321,93.12269492808478,54.724429678510084,8
4,splanchnic,468,0.029914529914529916,0.17035155066662178,8
5,raza,440,2.8863636363636362,0.5766639596108375,8
5,ant_inf,27,0.037037037037037035,0.18885257457751053,8
5,ant_isq,28,0.0,0.0,8
5,ant_clau,27,0.0,0.0,8
5,fum_act,31,0.22580645161290322,0.4181123031230878,8
5,diabetes,26,0.07692307692307693,0.26646935501059654,8
5,hip_art,27,0.2962962962962963,0.4566232594791834,8
5,insf_car,5,0.0,0.0,8
5,fibr_aur,205,0.014634146341463415,0.12008325487893827,8
5,trat_est,32,0.15625,0.3630921887069453,8
5,var171,18,0.0,0.0,8
5,tv_l_esu,363,0.013774104683195593,0.11655204298240318,8
5,tvp_orig,1294,0.37635239567233386,0.48447009189838436,8
5,tv_l_ein,268,0.7835820895522388,0.4118023779498924,8
5,tvp_prox,528,0.8920454545454546,0.31032299555503123,8
5,tv_l_svc,480,0.0020833333333333333,0.04559597630883185,8
5,tv_l_vre,499,0.004008016032064128,0.06318189487148075,8
5,tv_l_vrn,488,0.004098360655737705,0.06388711995131105,8
5,tv_l_vca,948,0.05063291139240506,0.2192469376669465,8
5,tv_l_yug,956,0.012552301255230125,0.11133167109330602,8
5,tv_l_ova,958,0.0020876826722338203,0.04564344699180678,8
5,tv_l_sup,956,0.014644351464435146,0.12012449556448196,8
5,tv_l_pul,957,0.00522466039707419,0.07209274111038808,8
5,tv_l_ove,493,0.058823529411764705,0.23529411764705882,8
5,fr_antfa,727,0.17881705639614856,0.38319905628532697,8
5,fr_tvs_a,270,0.040740740740740744,0.1976889799271484,8
5,fr_viaje,9,0.0,0.0,8
5,fr_estro,10,0.1,0.30000000000000004,8
5,fr_varic,33,0.12121212121212122,0.3263736246748184,8
5,fr_antec,1,0.0,0.0,8
5,ana_dime,174,1.632183908045977,0.5054858259148511,8
5,ana_crea,46,0.8043478260869565,0.3967019041498838,8
5,ana_trop,849,0.8845700824499411,0.31954006272210295,8
5,tension_,68,132.2058823529412,19.759256076382062,8
5,ana_hemo,3,14.299999999999999,1.8493242008906927,8
5,ana_plaq,3,210.66666666666666,57.24993934979805,8
5,ana_leuc,15,7.822666666666666,2.8275630654131994,8
5,ana_neu,1072,6.335783582089552,2.996483190819662,8
5,protcrea,1321,53.50791067373202,48.219655924077074,8
5,splanchnic,468,0.023504273504273504,0.15149858953571094,8
1,raza,440,2.852272727272727,0.7029123300964728,9
1,ant_inf,27,0.037037037037037035,0.18885257457751053,9
1,ant_isq,28,0.10714285714285714,0.30929478706587094,9
1,ant_clau,27,0.037037037037037035,0.18885257457751053,9
1,fum_act,31,0.06451612903225806,0.2456701001891583,9
1,diabetes,26,0.15384615384615385,0.36080121229411,9
1,hip_art,27,0.2222222222222222,0.41573970964154905,9
1,insf_car,5,0.0,0.0,9
1,fibr_aur,205,0.014634146341463415,0.12008325487893826,9
1,trat_est,32,0.21875,0.41339864235384227,9
1,var171,18,0.1111111111111111,0.31426968052735443,9
1,tv_l_esu,363,0.04132231404958678,0.19903462113706277,9
1,tvp_orig,1294,0.3230293663060278,0.46763382556221694,9
1,tv_l_ein,268,0.746268656716418,0.4351456637944254,9
1,tvp_prox,528,0.8560606060606061,0.3510282678243362,9
1,tv_l_svc,480,0.008333333333333333,0.09090593428863097,9
1,tv_l_vre,499,0.0,0.0,9
1,tv_l_vrn,488,0.00819672131147541,0.09016393442622954,9
1,tv_l_vca,948,0.04852320675105485,0.2148690418781851,9
1,tv_l_yug,956,0.006276150627615063,0.07897316354885721,9
1,tv_l_ova,958,0.013569937369519834,0.11569699291384863,9
1,tv_l_sup,956,0.014644351464435146,0.12012449556448196,9
1,tv_l_pul,957,0.006269592476489028,0.07893215242642111,9
1,tv_l_ove,493,0.06288032454361055,0.24274758356964288,9
1,fr_antfa,727,0.1265474552957359,0.33246533180755794,9
1,fr_tvs_a,270,0.05925925925925926,0.23610929556309967,9
1,fr_viaje,9,0.0,0.0,9
1,fr_estro,10,0.0,0.0,9
1,fr_varic,33,0.030303030303030304,0.17141982574219336,9
1,fr_antec,1,0.0,0.0,9
1,ana_dime,174,1.5689655172413792,0.5179114433749804,9
1,ana_crea,46,0.9130434782608695,0.2817713347133852,9
1,ana_trop,849,0.9081272084805654,0.28884629424290886,9
1,tension_,68,136.02941176470588,22.792523663431762,9
1,ana_hemo,3,15.133333333333333,0.8993825042154692,9
1,ana_plaq,3,216.33333333333334,17.913371790059205,9
1,ana_leuc,15,10.393333333333333,5.773650106783018,9
1,ana_neu,1072,6.754514925373134,3.064541239887508,9
1,protcrea,1321,48.45964420893263,54.71967203755553,9
1,splanchnic,468,0.027777777777777776,0.16433554953054486,9
2,raza,440,2.9295454545454547,0.7019711032172664,9
2,ant_inf,27,0.0,0.0,9
2,ant_isq,28,0.03571428571428571,0.1855768722395226,9
2,ant_clau,27,0.07407407407407407,0.2618914004394621,9
2,fum_act,31,0.1935483870967742,0.3950789907714804,9
2,diabetes,26,0.038461538461538464,0.1923076923076923,9
2,hip_art,27,0.37037037037037035,0.4829038818668629,9
2,insf_car,5,0.0,0.0,9
2,fibr_aur,205,0.004878048780487805,0.06967247247358879,9
2,trat_est,32,0.21875,0.41339864235384227,9
2,var171,18,0.0,0.0,9
2,tv_l_esu,363,0.04132231404958678,0.19903462113706277,9
2,tvp_orig,1294,0.34698608964451316,0.4760112847798075,9
2,tv_l_ein,268,0.7388059701492538,0.43928545232123695,9
2,tvp_prox,528,0.8674242424242424,0.3391156529548165,9
2,tv_l_svc,480,0.010416666666666666,0.1015291077584267,9
2,tv_l_vre,499,0.002004008016032064,0.04472126974833947,9
2,tv_l_vrn,488,0.0020491803278688526,0.04522146821867605,9
2,tv_l_vca,948,0.049578059071729956,0.21707158987396302,9
2,tv_l_yug,956,0.006276150627615063,0.07897316354885722,9
2,tv_l_ova,958,0.0,0.0,9
2,tv_l_sup,956,0.008368200836820083,0.0910943140463483,9
2,tv_l_pul,957,0.0041797283176593526,0.06451556547725448,9
2,tv_l_ove,493,0.038539553752535496,0.19249482213579389,9
2,fr_antfa,727,0.15268225584594222,0.3596809483357945,9
2,fr_tvs_a,270,0.06296296296296296,0.2428963323269569,9
2,fr_viaje,9,0.0,0.0,9
2,fr_estro,10,0.0,0.0,9
2,fr_varic,33,0.06060606060606061,0.23860629921247914,9
2,fr_antec,1,0.0,0.0,9
2,ana_dime,174,1.6091954022988506,0.5436429236958836,9
2,ana_crea,46,0.9347826086956522,0.24690905851305534,9
2,ana_trop,849,0.9163722025912838,0.27682880794686615,9
2,tension_,68,132.91176470588235,24.44365387033763,9
2,ana_hemo,3,14.033333333333333,2.0997354330698164,9
2,ana_plaq,3,171.33333333333334,62.098488083223266,9
2,ana_leuc,15,10.158,4.315230700669432,9
2,ana_neu,1072,6.6245615671641795,3.030905576514517,9
2,protcrea,1321,70.74049962149886,62.403143609734734,9
2,splanchnic,468,0.019230769230769232,0.13733516208736252,9
3,raza,440,2.925,0.6851094803022362,9
3,ant_inf,27,0.07407407407407407,0.2618914004394621,9
3,ant_isq,28,0.0,0.0,9
3,ant_clau,27,0.0,0.0,9
3,fum_act,31,0.22580645161290322,0.4181123031230877,9
3,diabetes,26,0.07692307692307693,0.26646935501059654,9
3,hip_art,27,0.3333333333333333,0.4714045207910316,9
3,insf_car,5,0.0,0.0,9
3,fibr_aur,205,0.004878048780487805,0.06967247247358879,9
3,trat_est,32,0.0625,0.24206145913796356,9
3,var171,18,0.05555555555555555,0.2290614236454256,9
3,tv_l_esu,363,0.049586776859504134,0.217089678290309,9
3,tvp_orig,1294,0.2921174652241113,0.4547360242329075,9
3,tv_l_ein,268,0.7985074626865671,0.40111506419034887,9
3,tvp_prox,528,0.8522727272727273,0.35482943172718173,9
3,tv_l_svc,480,0.014583333333333334,0.11987768650679835,9
3,tv_l_vre,499,0.012024048096192385,0.10899298309328374,9
3,tv_l_vrn,488,0.010245901639344262,0.10070215061725914,9
3,tv_l_vca,948,0.026371308016877638,0.16023689378653283,9
3,tv_l_yug,956,0.012552301255230125,0.11133167109330601,9
3,tv_l_ova,958,0.010438413361169102,0.10163391603038066,9
3,tv_l_sup,956,0.012552301255230125,0.11133167109330602,9
3,tv_l_pul,957,0.0041797283176593526,0.06451556547725448,9
3,tv_l_ove,493,0.06693711967545639,0.24991306825576373,9
3,fr_antfa,727,0.1623108665749656,0.3687357443571877,9
3,fr_tvs_a,270,0.05185185185185185,0.2217278451421595,9
3,fr_viaje,9,0.0,0.0,9
3,fr_estro,10,0.1,0.30000000000000004,9
3,fr_varic,33,0.12121212121212122,0.3263736246748184,9
3,fr_antec,1,0.0,0.0,9
3,ana_dime,174,1.5402298850574712,0.5209319169482602,9
3,ana_crea,46,0.8695652173913043,0.3367811605397755,9
3,ana_trop,849,0.8845700824499411,0.31954006272210295,9
3,tension_,68,128.05882352941177,19.23147110776651,9
3,ana_hemo,3,14.833333333333334,1.5326085243430199,9
3,ana_plaq,3,176.0,49.48400414948922,9
3,ana_leuc,15,9.163333333333332,3.063124040728499,9
3,ana_neu,1072,6.558404850746268,3.0627083499481538,9
3,protcrea,1321,44.03800151400454,53.31492601278438,9
3,splanchnic,468,0.027777777777777776,0.16433554953054486,9
4,raza,440,2.8659090909090907,0.6520747244610786,9
4,ant_inf,27,0.037037037037037035,0.18885257457751053,9
4,ant_isq,28,0.07142857142857142,0.25753937681885636,9
4,ant_clau,27,0.0,0.0,9
4,fum_act,31,0.25806451612903225,0.4375696763306625,9
4,diabetes,26,0.07692307692307693,0.26646935501059654,9
4,hip_art,27,0.18518518518518517,0.3884477215445007,9
4,insf_car,5,0.0,0.0,9
4,fibr_aur,205,0.004878048780487805,0.06967247247358879,9
4,trat_est,32,0.28125,0.4496092053105675,9
4,var171,18,0.0,0.0,9
4,tv_l_esu,363,0.03305785123966942,0.17878766655193337,9
4,tvp_orig,1294,0.3554868624420402,0.4786605823265106,9
4,tv_l_ein,268,0.7723880597014925,0.41929076418644873,9
4,tvp_prox,528,0.8541666666666666,0.35293904887702954,9
4,tv_l_svc,480,0.004166666666666667,0.06441510347391793,9
4,tv_l_vre,499,0.008016032064128256,0.08917272729974747,9
4,tv_l_vrn,488,0.006147540983606557,0.0781648816506584,9
4,tv_l_vca,948,0.05063291139240506,0.2192469376669465,9
4,tv_l_yug,956,0.016736401673640166,0.12828208967996563,9
4,tv_l_ova,958,0.008350730688935281,0.09099997794448172,9
4,tv_l_sup,956,0.010460251046025104,0.10173904950450066,9
4,tv_l_pul,957,0.006269592476489028,0.07893215242642113,9
4,tv_l_ove,493,0.07302231237322515,0.260173123648259,9
4,fr_antfa,727,0.14305364511691884,0.35012754781033933,9
4,fr_tvs_a,270,0.05185185185185185,0.22172784514215954,9
4,fr_viaje,9,0.0,0.0,9
4,fr_estro,10,0.0,0.0,9
4,fr_varic,33,0.09090909090909091,0.28747978728803447,9
4,fr_antec,1,0.0,0.0,9
4,ana_dime,174,1.5919540229885059,0.5572342190655637,9
4,ana_crea,46,0.9347826086956522,0.24690905851305534,9
4,ana_trop,849,0.9140164899882215,0.28033969754180893,9
4,tension_,68,126.02941176470588,19.746906375903166,9
4,ana_hemo,3,12.866666666666667,1.8445113776342563,9
4,ana_plaq,3,198.66666666666666,48.3620604284897,9
4,ana_leuc,15,9.006,2.9698817035924736,9
4,ana_neu,1072,6.62553171641791,3.06360382131797,9
4,protcrea,1321,65.67209689629068,62.41103535844397,9
4,splanchnic,468,0.038461538461538464,0.1923076923076923,9
5,raza,440,2.922727272727273,0.6594983066914771,9
5,ant_inf,27,0.0,0.0,9
5,ant_isq,28,0.07142857142857142,0.25753937681885636,9
5,ant_clau,27,0.0,0.0,9
5,fum_act,31,0.22580645161290322,0.4181123031230877,9
5,diabetes,26,0.07692307692307693,0.26646935501059654,9
5,hip_art,27,0.25925925925925924,0.438228132081453,9
5,insf_car,5,0.0,0.0,9
5,fibr_aur,205,0.004878048780487805,0.06967247247358878,9
5,trat_est,32,0.125,0.33071891388307384,9
5,var171,18,0.05555555555555555,0.2290614236454256,9
5,tv_l_esu,363,0.05509641873278237,0.22816836629034332,9
5,tvp_orig,1294,0.3083462132921175,0.4618103788791775,9
5,tv_l_ein,268,0.7574626865671642,0.4286175043387964,9
5,tvp_prox,528,0.8200757575757576,0.38412434108281246,9
5,tv_l_svc,480,0.00625,0.07880950133074056,9
5,tv_l_vre,499,0.01002004008016032,0.09959738388608558,9
5,tv_l_vrn,488,0.012295081967213115,0.11019942344056353,9
5,tv_l_vca,948,0.05379746835443038,0.22561759850039284,9
5,tv_l_yug,956,0.013598326359832637,0.11581628503817638,9
5,tv_l_ova,958,0.003131524008350731,0.05587233273934294,9
5,tv_l_sup,956,0.02092050209205021,0.14311825419654453,9
5,tv_l_pul,957,0.0,0.0,9
5,tv_l_ove,493,0.05273833671399594,0.22351063633446425,9
5,fr_antfa,727,0.1375515818431912,0.34442872147314757,9
5,fr_tvs_a,270,0.05185185185185185,0.2217278451421595,9
5,fr_viaje,9,0.1111111111111111,0.31426968052735443,9
5,fr_estro,10,0.0,0.0,9
5,fr_varic,33,0.18181818181818182,0.385694607919935,9
5,fr_antec,1,0.0,0.0,9
5,ana_dime,174,1.5574712643678161,0.5719762441630833,9
5,ana_crea,46,0.9347826086956522,0.24690905851305534,9
5,ana_trop,849,0.8657243816254417,0.3409482023485214,9
5,tension_,68,135.5,27.409476678052535,9
5,ana_hemo,3,14.299999999999999,1.8384776310850228,9
5,ana_plaq,3,145.0,31.31559781748812,9
5,ana_leuc,15,9.99,3.687561072940578,9
5,ana_neu,1072,6.625699626865671,3.18774909405393,9
5,protcrea,1321,46.46780469341408,54.735182602781975,9
5,splanchnic,468,0.02564102564102564,0.15806189751202507,9
1,raza,440,2.838636363636364,0.6933829812431842,10
1,ant_inf,27,0.0,0.0,10
1,ant_isq,28,0.03571428571428571,0.1855768722395226,10
1,ant_clau,27,0.07407407407407407,0.2618914004394621,10
1,fum_act,31,0.2903225806451613,0.45391120256355777,10
1,diabetes,26,0.11538461538461539,0.31948553318915673,10
1,hip_art,27,0.18518518518518517,0.3884477215445006,10
1,insf_car,5,0.0,0.0,10
1,fibr_aur,205,0.004878048780487805,0.06967247247358879,10
1,trat_est,32,0.09375,0.2914805954090255,10
1,var171,18,0.05555555555555555,0.2290614236454256,10
1,tv_l_esu,363,0.01652892561983471,0.12749792248381414,10
1,tvp_orig,1294,0.2550231839258114,0.4358742474454681,10
1,tv_l_ein,268,0.8022388059701493,0.39831106457860094,10
1,tvp_prox,528,0.8939393939393939,0.3079151732257814,10
1,tv_l_svc,480,0.004166666666666667,0.06441510347391793,10
1,tv_l_vre,499,0.004008016032064128,0.06318189487148076,10
1,tv_l_vrn,488,0.00819672131147541,0.09016393442622951,10
1,tv_l_vca,948,0.05485232067510549,0.2276917732191062,10
1,tv_l_yug,956,0.02092050209205021,0.14311825419654453,10
1,tv_l_ova,958,0.008350730688935281,0.09099997794448172,10
1,tv_l_sup,956,0.0031380753138075313,0.05593056228156842,10
1,tv_l_pul,957,0.006269592476489028,0.07893215242642113,10
1,tv_l_ove,493,0.056795131845841784,0.23145073956342255,10
1,fr_antfa,727,0.17606602475928473,0.3808763312214973,10
1,fr_tvs_a,270,0.05555555555555555,0.2290614236454256,10
1,fr_viaje,9,0.0,0.0,10
1,fr_estro,10,0.0,0.0,10
1,fr_varic,33,0.18181818181818182,0.385694607919935,10
1,fr_antec,1,0.0,0.0,10
1,ana_dime,174,1.5804597701149425,0.5162506475929856,10
1,ana_crea,46,0.9130434782608695,0.28177133471338517,10
1,ana_trop,849,0.8963486454652533,0.30480772831058434,10
1,tension_,68,132.1764705882353,19.74539497800361,10
1,ana_hemo,3,13.766666666666666,1.1671427600007733,10
1,ana_plaq,3,209.0,84.09914783555578,10
1,ana_leuc,15,7.979333333333332,2.596686264367637,10
1,ana_neu,1072,6.592845149253732,2.9820698045660885,10
1,protcrea,1321,90.85770628311884,58.30016599458567,10
1,splanchnic,468,0.027777777777777776,0.16433554953054486,10
2,raza,440,2.9454545454545453,0.6719897677300483,10
2,ant_inf,27,0.0,0.0,10
2,ant_isq,28,0.0,0.0,10
2,ant_clau,27,0.0,0.0,10
2,fum_act,31,0.2903225806451613,0.4539112025635577,10
2,diabetes,26,0.15384615384615385,0.36080121229411,10
2,hip_art,27,0.37037037037037035,0.4829038818668629,10
2,insf_car,5,0.2,0.4000000000000001,10
2,fibr_aur,205,0.004878048780487805,0.06967247247358878,10
2,trat_est,32,0.125,0.33071891388307384,10
2,var171,18,0.05555555555555555,0.2290614236454256,10
2,tv_l_esu,363,0.027548209366391185,0.16367438873292506,10
2,tvp_orig,1294,0.17619783616692428,0.38098839706350374,10
2,tv_l_ein,268,0.7649253731343284,0.42404545354199574,10
2,tvp_prox,528,0.8806818181818182,0.3241625414908162,10
2,tv_l_svc,480,0.016666666666666666,0.12801909579781015,10
2,tv_l_vre,499,0.008016032064128256,0.08917272729974747,10
2,tv_l_vrn,488,0.00819672131147541,0.09016393442622953,10
2,tv_l_vca,948,0.03270042194092827,0.17785135463586868,10
2,tv_l_yug,956,0.0041841004184100415,0.06454915740812348,10
2,tv_l_ova,958,0.008350730688935281,0.09099997794448172,10
2,tv_l_sup,956,0.014644351464435146,0.12012449556448196,10
2,tv_l_pul,957,0.0010449320794148381,0.032308515848987064,10
2,tv_l_ove,493,0.04259634888438134,0.20194528948728022,10
2,fr_antfa,727,0.14305364511691884,0.35012754781033933,10
2,fr_tvs_a,270,0.06296296296296296,0.2428963323269569,10
2,fr_viaje,9,0.0,0.0,10
2,fr_estro,10,0.0,0.0,10
2,fr_varic,33,0.18181818181818182,0.385694607919935,10
2,fr_antec,1,0.0,0.0,10
2,ana_dime,174,1.5919540229885059,0.5253829234728885,10
2,ana_crea,46,0.8478260869565217,0.3591893835186588,10
2,ana_trop,849,0.8586572438162544,0.34837477155805624,10
2,tension_,68,129.10294117647058,22.382464056306087,10
2,ana_hemo,3,12.9,2.060744202143164,10
2,ana_plaq,3,301.0,60.4648658313239,10
2,ana_leuc,15,8.399333333333333,1.9533918079984764,10
2,ana_neu,1072,6.593320895522388,2.983320231886159,10
2,protcrea,1321,51.200900832702494,54.32486110159697,10
2,splanchnic,468,0.027777777777777776,0.16433554953054486,10
3,raza,440,2.915909090909091,0.5836574266944072,10
3,ant_inf,27,0.037037037037037035,0.18885257457751053,10
3,ant_isq,28,0.03571428571428571,0.1855768722395226,10
3,ant_clau,27,0.037037037037037035,0.18885257457751053,10
3,fum_act,31,0.12903225806451613,0.3352356401746214,10
3,diabetes,26,0.07692307692307693,0.26646935501059654,10
3,hip_art,27,0.18518518518518517,0.3884477215445007,10
3,insf_car,5,0.0,0.0,10
3,fibr_aur,205,0.00975609756097561,0.09828995941273115,10
3,trat_est,32,0.03125,0.17399263633843817,10
3,var171,18,0.05555555555555555,0.2290614236454256,10
3,tv_l_esu,363,0.008264462809917356,0.09053265413308531,10
3,tvp_orig,1294,0.21638330757341576,0.41177854700919564,10
3,tv_l_ein,268,0.8022388059701493,0.39831106457860094,10
3,tvp_prox,528,0.8674242424242424,0.3391156529548165,10
3,tv_l_svc,480,0.010416666666666666,0.1015291077584267,10
3,tv_l_vre,499,0.004008016032064128,0.06318189487148075,10
3,tv_l_vrn,488,0.004098360655737705,0.06388711995131105,10
3,tv_l_vca,948,0.04746835443037975,0.2126384484472448,10
3,tv_l_yug,956,0.016736401673640166,0.12828208967996563,10
3,tv_l_ova,958,0.003131524008350731,0.05587233273934294,10
3,tv_l_sup,956,0.0041841004184100415,0.06454915740812346,10
3,tv_l_pul,957,0.0010449320794148381,0.032308515848987064,10
3,tv_l_ove,493,0.04665314401622718,0.21089482727091324,10
3,fr_antfa,727,0.17606602475928473,0.3808763312214973,10
3,fr_tvs_a,270,0.07037037037037037,0.25577017289806736,10
3,fr_viaje,9,0.0,0.0,10
3,fr_estro,10,0.0,0.0,10
3,fr_varic,33,0.21212121212121213,0.40881022918884974,10
3,fr_antec,1,0.0,0.0,10
3,ana_dime,174,1.6379310344827587,0.49241170030786163,10
3,ana_crea,46,1.0,0.0,10
3,ana_trop,849,0.8845700824499411,0.31954006272210295,10
3,tension_,68,131.80882352941177,21.580395074166123,10
3,ana_hemo,3,13.033333333333333,2.70842307543625,10
3,ana_plaq,3,202.0,63.419239982831705,10
3,ana_leuc,15,7.731333333333333,2.5532903390636084,10
3,ana_neu,1072,6.536613805970149,3.0682784820468116,10
3,protcrea,1321,94.79284632853899,55.69099293778592,10
3,splanchnic,468,0.014957264957264958,0.12138181569849386,10
4,raza,440,2.797727272727273,0.7934357499232048,10
4,ant_inf,27,0.0,0.0,10
4,ant_isq,28,0.03571428571428571,0.1855768722395226,10
4,ant_clau,27,0.037037037037037035,0.18885257457751053,10
4,fum_act,31,0.22580645161290322,0.4181123031230877,10
4,diabetes,26,0.11538461538461539,0.31948553318915673,10
4,hip_art,27,0.25925925925925924,0.438228132081453,10
4,insf_car,5,0.0,0.0,10
4,fibr_aur,205,0.00975609756097561,0.09828995941273115,10
4,trat_est,32,0.15625,0.3630921887069453,10
4,var171,18,0.05555555555555555,0.2290614236454256,10
4,tv_l_esu,363,0.011019283746556474,0.10439281168868549,10
4,tvp_orig,1294,0.1947449768160742,0.39600425606422585,10
4,tv_l_ein,268,0.8059701492537313,0.3954519790893066,10
4,tvp_prox,528,0.8920454545454546,0.3103229955550313,10
4,tv_l_svc,480,0.010416666666666666,0.1015291077584267,10
4,tv_l_vre,499,0.008016032064128256,0.08917272729974747,10
4,tv_l_vrn,488,0.0020491803278688526,0.04522146821867605,10
4,tv_l_vca,948,0.029535864978902954,0.16930297593028593,10
4,tv_l_yug,956,0.015690376569037656,0.12427465007860393,10
4,tv_l_ova,958,0.003131524008350731,0.055872332739342945,10
4,tv_l_sup,956,0.005230125523012552,0.07213023852744482,10
4,tv_l_pul,957,0.0073145245559038665,0.08521163234221571,10
4,tv_l_ove,493,0.02434077079107505,0.15410482688213042,10
4,fr_antfa,727,0.1265474552957359,0.332465331807558,10
4,fr_tvs_a,270,0.04814814814814815,0.21407920024619895,10
4,fr_viaje,9,0.0,0.0,10
4,fr_estro,10,0.0,0.0,10
4,fr_varic,33,0.15151515151515152,0.35855028988482524,10
4,fr_antec,1,0.0,0.0,10
4,ana_dime,174,1.5747126436781609,0.5494445242628561,10
4,ana_crea,46,0.9347826086956522,0.24690905851305536,10
4,ana_trop,849,0.9222614840989399,0.2677596665791185,10
4,tension_,68,130.66176470588235,20.772302184935683,10
4,ana_hemo,3,13.533333333333331,1.8926759422104515,10
4,ana_plaq,3,267.3333333333333,53.66770185337008,10
4,ana_leuc,15,7.2940000000000005,3.1134927867803603,10
4,ana_neu,1072,6.595998134328358,3.085054840582174,10
4,protcrea,1321,64.22265707797123,63.012359854666144,10
4,splanchnic,468,0.03632478632478633,0.18709702355527985,10
5,raza,440,2.934090909090909,0.6415333838894342,10
5,ant_inf,27,0.037037037037037035,0.18885257457751053,10
5,ant_isq,28,0.10714285714285714,0.30929478706587094,10
5,ant_clau,27,0.0,0.0,10
5,fum_act,31,0.25806451612903225,0.4375696763306625,10
5,diabetes,26,0.19230769230769232,0.3941134909984461,10
5,hip_art,27,0.25925925925925924,0.438228132081453,10
5,insf_car,5,0.0,0.0,10
5,fibr_aur,205,0.01951219512195122,0.1383165549147105,10
5,trat_est,32,0.1875,0.3903123748998999,10
5,var171,18,0.0,0.0,10
5,tv_l_esu,363,0.01652892561983471,0.12749792248381417,10
5,tvp_orig,1294,0.2751159196290572,0.44657267090107,10
5,tv_l_ein,268,0.7723880597014925,0.41929076418644873,10
5,tvp_prox,528,0.8920454545454546,0.3103229955550313,10
5,tv_l_svc,480,0.016666666666666666,0.12801909579781015,10
5,tv_l_vre,499,0.0,0.0,10
5,tv_l_vrn,488,0.004098360655737705,0.06388711995131105,10
5,tv_l_vca,948,0.04852320675105485,0.21486904187818506,10
5,tv_l_yug,956,0.011506276150627616,0.10664840251861776,10
5,tv_l_ova,958,0.005219206680584551,0.07205530211032282,10
5,tv_l_sup,956,0.008368200836820083,0.0910943140463483,10
5,tv_l_pul,957,0.00522466039707419,0.07209274111038806,10
5,tv_l_ove,493,0.04056795131845842,0.1972870817977741,10
5,fr_antfa,727,0.171939477303989,0.3773278328568144,10
5,fr_tvs_a,270,0.05185185185185185,0.22172784514215954,10
5,fr_viaje,9,0.0,0.0,10
5,fr_estro,10,0.1,0.30000000000000004,10
5,fr_varic,33,0.18181818181818182,0.385694607919935,10
5,fr_antec,1,0.0,0.0,10
5,ana_dime,174,1.5747126436781609,0.5699805180789627,10
5,ana_crea,46,0.9347826086956522,0.24690905851305534,10
5,ana_trop,849,0.8775029446407538,0.3278590044326371,10
5,tension_,68,132.58823529411765,21.065189639138598,10
5,ana_hemo,3,15.533333333333333,3.60770779797305,10
5,ana_plaq,3,344.6666666666667,89.07799329177149,10
5,ana_leuc,15,7.982666666666665,2.874609461397418,10
5,ana_neu,1072,6.544925373134328,2.86814038803466,10
5,protcrea,1321,107.15927327781984,46.825247278219734,10
5,splanchnic,468,0.023504273504273504,0.1514985895357109,10
1,raza,440,2.9431818181818183,0.5426775902339701,11
1,ant_inf,27,0.0,0.0,11
1,ant_isq,28,0.0,0.0,11
1,ant_clau,27,0.0,0.0,11
1,fum_act,31,0.3225806451612903,0.4674637660061109,11
1,diabetes,26,0.11538461538461539,0.31948553318915673,11
1,hip_art,27,0.2222222222222222,0.41573970964154905,11
1,insf_car,5,0.2,0.4,11
1,fibr_aur,205,0.014634146341463415,0.12008325487893826,11
1,trat_est,32,0.1875,0.3903123748998999,11
1,var171,18,0.0,0.0,11
1,tv_l_esu,363,0.008264462809917356,0.09053265413308531,11
1,tvp_orig,1294,0.39335394126738793,0.4884942355410146,11
1,tv_l_ein,268,0.7910447761194029,0.40656234244406675,11
1,tvp_prox,528,0.7670454545454546,0.4227135261694515,11
1,tv_l_svc,480,0.008333333333333333,0.09090593428863097,11
1,tv_l_vre,499,0.0,0.0,11
1,tv_l_vrn,488,0.01639344262295082,0.12698306053139075,11
1,tv_l_vca,948,0.056962025316455694,0.23177004333671586,11
1,tv_l_yug,956,0.016736401673640166,0.12828208967996566,11
1,tv_l_ova,958,0.010438413361169102,0.10163391603038066,11
1,tv_l_sup,956,0.0031380753138075313,0.05593056228156841,11
1,tv_l_pul,957,0.008359456635318705,0.091047109345003,11
1,tv_l_ove,493,0.032454361054766734,0.17720348614881584,11
1,fr_antfa,727,0.171939477303989,0.3773278328568144,11
1,fr_tvs_a,270,0.037037037037037035,0.1888525745775105,11
1,fr_viaje,9,0.0,0.0,11
1,fr_estro,10,0.0,0.0,11
1,fr_varic,33,0.12121212121212122,0.3263736246748184,11
1,fr_antec,1,0.0,0.0,11
1,ana_dime,174,1.7126436781609196,0.512107342757367,11
1,ana_crea,46,0.9347826086956522,0.24690905851305534,11
1,ana_trop,849,0.8739693757361602,0.3318838742866346,11
1,tension_,68,128.14705882352942,20.517757521289262,11
1,ana_hemo,3,16.166666666666668,0.9392668535736917,11
1,ana_plaq,3,184.0,48.792075859371536,11
1,ana_leuc,15,8.46,3.163525459567748,11
1,ana_neu,1072,6.663824626865672,3.176108179948662,11
1,protcrea,1321,18.49318697956094,33.06903890884788,11
1,splanchnic,468,0.019230769230769232,0.13733516208736252,11
2,raza,440,2.8795454545454544,0.6512503866530157,11
2,ant_inf,27,0.037037037037037035,0.18885257457751053,11
2,ant_isq,28,0.0,0.0,11
2,ant_clau,27,0.0,0.0,11
2,fum_act,31,0.22580645161290322,0.4181123031230878,11
2,diabetes,26,0.07692307692307693,0.26646935501059654,11
2,hip_art,27,0.2222222222222222,0.41573970964154905,11
2,insf_car,5,0.0,0.0,11
2,fibr_aur,205,0.014634146341463415,0.12008325487893826,11
2,trat_est,32,0.15625,0.3630921887069453,11
2,var171,18,0.05555555555555555,0.2290614236454256,11
2,tv_l_esu,363,0.0027548209366391185,0.05241404294887175,11
2,tvp_orig,1294,0.25734157650695516,0.4371691772161781,11
2,tv_l_ein,268,0.7798507462686567,0.4143471489136566,11
2,tvp_prox,528,0.8371212121212122,0.3692550451082892,11
2,tv_l_svc,480,0.008333333333333333,0.09090593428863097,11
2,tv_l_vre,499,0.008016032064128256,0.08917272729974747,11
2,tv_l_vrn,488,0.010245901639344262,0.10070215061725914,11
2,tv_l_vca,948,0.04430379746835443,0.20576921781023869,11
2,tv_l_yug,956,0.04288702928870293,0.20260239881969033,11
2,tv_l_ova,958,0.005219206680584551,0.07205530211032282,11
2,tv_l_sup,956,0.008368200836820083,0.0910943140463483,11
2,tv_l_pul,957,0.00522466039707419,0.07209274111038806,11
2,tv_l_ove,493,0.06490872210953347,0.24636472942294485,11
2,fr_antfa,727,0.1485557083906465,0.35564998227920624,11
2,fr_tvs_a,270,0.05185185185185185,0.22172784514215954,11
2,fr_viaje,9,0.0,0.0,11
2,fr_estro,10,0.0,0.0,11
2,fr_varic,33,0.21212121212121213,0.40881022918884974,11
2,fr_antec,1,1.0,0.0,11
2,ana_dime,174,1.6896551724137931,0.4868464042424684,11
2,ana_crea,46,0.9565217391304348,0.20393111999232305,11
2,ana_trop,849,0.8987043580683156,0.30171979526927356,11
2,tension_,68,134.69117647058823,23.554852973769904,11
2,ana_hemo,3,13.333333333333334,2.383741223837483,11
2,ana_plaq,3,229.33333333333334,34.721111093332766,11
2,ana_leuc,15,8.621999999999998,3.772884307794237,11
2,ana_neu,1072,6.863563432835821,3.055250738984581,11
2,protcrea,1321,37.53942467827404,50.13480813113545,11
2,splanchnic,468,0.02564102564102564,0.15806189751202504,11
3,raza,440,2.840909090909091,0.7787864049036872,11
3,ant_inf,27,0.07407407407407407,0.2618914004394621,11
3,ant_isq,28,0.0,0.0,11
3,ant_clau,27,0.0,0.0,11
3,fum_act,31,0.2903225806451613,0.4539112025635577,11
3,diabetes,26,0.038461538461538464,0.1923076923076923,11
3,hip_art,27,0.2222222222222222,0.4157397096415491,11
3,insf_car,5,0.0,0.0,11
3,fibr_aur,205,0.014634146341463415,0.12008325487893826,11
3,trat_est,32,0.1875,0.3903123748998999,11
3,var171,18,0.0,0.0,11
3,tv_l_esu,363,0.005509641873278237,0.0740221974795835,11
3,tvp_orig,1294,0.2828438948995363,0.4503812007817337,11
3,tv_l_ein,268,0.8283582089552238,0.3770688088555158,11
3,tvp_prox,528,0.8428030303030303,0.36398637668882566,11
3,tv_l_svc,480,0.0,0.0,11
3,tv_l_vre,499,0.004008016032064128,0.06318189487148076,11
3,tv_l_vrn,488,0.004098360655737705,0.06388711995131105,11
3,tv_l_vca,948,0.04219409282700422,0.20103171729234756,11
3,tv_l_yug,956,0.04184100418410042,0.20022570902101086,11
3,tv_l_ova,958,0.008350730688935281,0.09099997794448171,11
3,tv_l_sup,956,0.008368200836820083,0.0910943140463483,11
3,tv_l_pul,957,0.003134796238244514,0.05590142476528843,11
3,tv_l_ove,493,0.04056795131845842,0.19728708179777407,11
3,fr_antfa,727,0.15405777166437415,0.361004119996132,11
3,fr_tvs_a,270,0.06666666666666667,0.24944382578492943,11
3,fr_viaje,9,0.0,0.0,11
3,fr_estro,10,0.0,0.0,11
3,fr_varic,33,0.18181818181818182,0.385694607919935,11
3,fr_antec,1,0.0,0.0,11
3,ana_dime,174,1.6091954022988506,0.5220719516862421,11
3,ana_crea,46,0.8913043478260869,0.3112569796364425,11
3,ana_trop,849,0.8657243816254417,0.3409482023485214,11
3,tension_,68,132.01470588235293,21.566240398212546,11
3,ana_hemo,3,12.933333333333332,1.7820088539498216,11
3,ana_plaq,3,295.3333333333333,124.10837557912396,11
3,ana_leuc,15,8.473333333333333,3.9020450478634343,11
3,ana_neu,1072,6.48553171641791,2.9631719429601633,11
3,protcrea,1321,51.21498107494322,63.67337175556654,11
3,splanchnic,468,0.023504273504273504,0.1514985895357109,11
4,raza,440,2.940909090909091,0.6474840053546363,11
4,ant_inf,27,0.1111111111111111,0.3142696805273545,11
4,ant_isq,28,0.0,0.0,11
4,ant_clau,27,0.037037037037037035,0.18885257457751053,11
4,fum_act,31,0.3548387096774194,0.47846441852230076,11
4,diabetes,26,0.0,0.0,11
4,hip_art,27,0.2222222222222222,0.4157397096415491,11
4,insf_car,5,0.0,0.0,11
4,fibr_aur,205,0.014634146341463415,0.12008325487893826,11
4,trat_est,32,0.1875,0.3903123748998999,11
4,var171,18,0.05555555555555555,0.2290614236454256,11
4,tv_l_esu,363,0.008264462809917356,0.09053265413308531,11
4,tvp_orig,1294,0.22179289026275115,0.41545252928781934,11
4,tv_l_ein,268,0.8134328358208955,0.38956367570561756,11
4,tvp_prox,528,0.8087121212121212,0.39331517415008616,11
4,tv_l_svc,480,0.004166666666666667,0.06441510347391793,11
4,tv_l_vre,499,0.002004008016032064,0.04472126974833946,11
4,tv_l_vrn,488,0.010245901639344262,0.10070215061725915,11
4,tv_l_vca,948,0.06540084388185655,0.24723182137701769,11
4,tv_l_yug,956,0.015690376569037656,0.12427465007860394,11
4,tv_l_ova,958,0.015657620041753653,0.1241469249574138,11
4,tv_l_sup,956,0.013598326359832637,0.11581628503817638,11
4,tv_l_pul,957,0.008359456635318705,0.09104710934500301,11
4,tv_l_ove,493,0.06288032454361055,0.24274758356964288,11
4,fr_antfa,727,0.16781292984869325,0.37370008084597844,11
4,fr_tvs_a,270,0.02962962962962963,0.16956330581125328,11
4,fr_viaje,9,0.0,0.0,11
4,fr_estro,10,0.0,0.0,11
4,fr_varic,33,0.15151515151515152,0.35855028988482524,11
4,fr_antec,1,0.0,0.0,11
4,ana_dime,174,1.6551724137931034,0.47531202593414557,11
4,ana_crea,46,0.9130434782608695,0.2817713347133852,11
4,ana_trop,849,0.8939929328621908,0.30784666451766085,11
4,tension_,68,132.0441176470588,19.82232388549469,11
4,ana_hemo,3,13.866666666666665,3.303869784897031,11
4,ana_plaq,3,235.33333333333334,52.0597946809457,11
4,ana_leuc,15,8.831333333333333,3.665272825982929,11
4,ana_neu,1072,6.50633395522388,3.117504966010604,11
4,protcrea,1321,19.675745647236944,30.616163850825654,11
4,splanchnic,468,0.019230769230769232,0.1373351620873625,11
5,raza,440,2.8613636363636363,0.6189125026612511,11
5,ant_inf,27,0.0,0.0,11
5,ant_isq,28,0.07142857142857142,0.25753937681885636,11
5,ant_clau,27,0.037037037037037035,0.18885257457751053,11
5,fum_act,31,0.12903225806451613,0.3352356401746214,11
5,diabetes,26,0.038461538461538464,0.1923076923076923,11
5,hip_art,27,0.25925925925925924,0.43822813208145295,11
5,insf_car,5,0.0,0.0,11
5,fibr_aur,205,0.0,0.0,11
5,trat_est,32,0.09375,0.2914805954090255,11
5,var171,18,0.0,0.0,11
5,tv_l_esu,363,0.008264462809917356,0.0905326541330853,11
5,tvp_orig,1294,0.30525502318392583,0.4605153569696745,11
5,tv_l_ein,268,0.8059701492537313,0.39545197908930657,11
5,tvp_prox,528,0.7613636363636364,0.4262499848525239,11
5,tv_l_svc,480,0.00625,0.07880950133074056,11
5,tv_l_vre,499,0.004008016032064128,0.06318189487148076,11
5,tv_l_vrn,488,0.0020491803278688526,0.04522146821867606,11
5,tv_l_vca,948,0.06434599156118144,0.24536826390385083,11
5,tv_l_yug,956,0.007322175732217573,0.08525585888819662,11
5,tv_l_ova,958,0.0041753653444676405,0.06448202593520043,11
5,tv_l_sup,956,0.027196652719665274,0.16265606290732354,11
5,tv_l_pul,957,0.0073145245559038665,0.08521163234221571,11
5,tv_l_ove,493,0.04462474645030426,0.20647851814305118,11
5,fr_antfa,727,0.13342503438789546,0.34003351979839336,11
5,fr_tvs_a,270,0.05925925925925926,0.23610929556309967,11
5,fr_viaje,9,0.0,0.0,11
5,fr_estro,10,0.1,0.30000000000000004,11
5,fr_varic,33,0.15151515151515152,0.35855028988482524,11
5,fr_antec,1,0.0,0.0,11
5,ana_dime,174,1.7126436781609196,0.4772537814259009,11
5,ana_crea,46,0.9130434782608695,0.2817713347133852,11
5,ana_trop,849,0.8586572438162544,0.34837477155805624,11
5,tension_,68,131.73529411764707,19.467633506034048,11
5,ana_hemo,3,12.933333333333332,0.5436502143433366,11
5,ana_plaq,3,154.33333333333334,126.36543127858278,11
5,ana_leuc,15,8.752666666666665,3.6695657629873444,11
5,ana_neu,1072,6.647966417910448,3.232885097109245,11
5,protcrea,1321,60.558879636638906,66.22961460460978,11
5,splanchnic,468,0.008547008547008548,0.09205409926725647,11
1,raza,440,2.925,0.6297997517248854,12
1,ant_inf,27,0.037037037037037035,0.18885257457751053,12
1,ant_isq,28,0.10714285714285714,0.30929478706587094,12
1,ant_clau,27,0.037037037037037035,0.18885257457751053,12
1,fum_act,31,0.16129032258064516,0.3677985242255284,12
1,diabetes,26,0.11538461538461539,0.31948553318915673,12
1,hip_art,27,0.2962962962962963,0.4566232594791834,12
1,insf_car,5,0.2,0.4000000000000001,12
1,fibr_aur,205,0.004878048780487805,0.06967247247358879,12
1,trat_est,32,0.21875,0.41339864235384227,12
1,var171,18,0.0,0.0,12
1,tv_l_esu,363,0.013774104683195593,0.11655204298240317,12
1,tvp_orig,1294,0.27125193199381764,0.44460580448689485,12
1,tv_l_ein,268,0.7425373134328358,0.43723637953946876,12
1,tvp_prox,528,0.7897727272727273,0.4074699578237954,12
1,tv_l_svc,480,0.010416666666666666,0.1015291077584267,12
1,tv_l_vre,499,0.008016032064128256,0.08917272729974747,12
1,tv_l_vrn,488,0.00819672131147541,0.09016393442622953,12
1,tv_l_vca,948,0.049578059071729956,0.217071589873963,12
1,tv_l_yug,956,0.01778242677824268,0.1321597975033221,12
1,tv_l_ova,958,0.008350730688935281,0.09099997794448172,12
1,tv_l_sup,956,0.008368200836820083,0.0910943140463483,12
1,tv_l_pul,957,0.0073145245559038665,0.08521163234221571,12
1,tv_l_ove,493,0.028397565922920892,0.16610582221154757,12
1,fr_antfa,727,0.13480055020632736,0.34151041253583875,12
1,fr_tvs_a,270,0.05925925925925926,0.23610929556309967,12
1,fr_viaje,9,0.0,0.0,12
1,fr_estro,10,0.0,0.0,12
1,fr_varic,33,0.15151515151515152,0.35855028988482524,12
1,fr_antec,1,0.0,0.0,12
1,ana_dime,174,1.6494252873563218,0.5120105878975262,12
1,ana_crea,46,0.8913043478260869,0.3112569796364425,12
1,ana_trop,849,0.8916372202591284,0.3108380409597625,12
1,tension_,68,130.88235294117646,18.123375717697968,12
1,ana_hemo,3,12.966666666666667,0.5792715732327591,12
1,ana_plaq,3,282.3333333333333,88.21312575549942,12
1,ana_leuc,15,8.638,2.375691337975818,12
1,ana_neu,1072,6.476595149253731,3.033005699780639,12
1,protcrea,1321,48.85435276305828,53.03682227553572,12
1,splanchnic,468,0.027777777777777776,0.16433554953054486,12
2,raza,440,2.8659090909090907,0.7120531076395732,12
2,ant_inf,27,0.1111111111111111,0.3142696805273545,12
2,ant_isq,28,0.03571428571428571,0.1855768722395226,12
2,ant_clau,27,0.037037037037037035,0.18885257457751053,12
2,fum_act,31,0.22580645161290322,0.4181123031230877,12
2,diabetes,26,0.0,0.0,12
2,hip_art,27,0.37037037037037035,0.4829038818668629,12
2,insf_car,5,0.0,0.0,12
2,fibr_aur,205,0.004878048780487805,0.06967247247358878,12
2,trat_est,32,0.125,0.33071891388307384,12
2,var171,18,0.0,0.0,12
2,tv_l_esu,363,0.024793388429752067,0.15549493985311386,12
2,tvp_orig,1294,0.3693972179289026,0.48264159923828515,12
2,tv_l_ein,268,0.8134328358208955,0.38956367570561756,12
2,tvp_prox,528,0.7992424242424242,0.4005670624670943,12
2,tv_l_svc,480,0.00625,0.07880950133074056,12
2,tv_l_vre,499,0.008016032064128256,0.08917272729974747,12
2,tv_l_vrn,488,0.00819672131147541,0.09016393442622953,12
2,tv_l_vca,948,0.043248945147679324,0.20341699508962457,12
2,tv_l_yug,956,0.01778242677824268,0.13215979750332213,12
2,tv_l_ova,958,0.007306889352818371,0.08516747454752925,12
2,tv_l_sup,956,0.008368200836820083,0.0910943140463483,12
2,tv_l_pul,957,0.009404388714733543,0.09651914933128936,12
2,tv_l_ove,493,0.038539553752535496,0.19249482213579389,12
2,fr_antfa,727,0.2063273727647868,0.40466824438392435,12
2,fr_tvs_a,270,0.06296296296296296,0.2428963323269569,12
2,fr_viaje,9,0.0,0.0,12
2,fr_estro,10,0.0,0.0,12
2,fr_varic,33,0.09090909090909091,0.28747978728803447,12
2,fr_antec,1,0.0,0.0,12
2,ana_dime,174,1.5862068965517242,0.5683556466701662,12
2,ana_crea,46,0.9130434782608695,0.28177133471338517,12
2,ana_trop,849,0.8457008244994111,0.36123529719620057,12
2,tension_,68,132.02941176470588,22.981431499617823,12
2,ana_hemo,3,12.666666666666666,3.1721006008987516,12
2,ana_plaq,3,195.33333333333334,76.92564952963059,12
2,ana_leuc,15,7.398666666666667,2.1098400149985044,12
2,ana_neu,1072,6.209039179104478,3.103276901650213,12
2,protcrea,1321,51.0372142316427,59.21224405975725,12
2,splanchnic,468,0.03418803418803419,0.18171189423478035,12
3,raza,440,2.852272727272727,0.7558825775703394,12
3,ant_inf,27,0.0,0.0,12
3,ant_isq,28,0.0,0.0,12
3,ant_clau,27,0.0,0.0,12
3,fum_act,31,0.1935483870967742,0.39507899077148034,12
3,diabetes,26,0.11538461538461539,0.31948553318915673,12
3,hip_art,27,0.14814814814814814,0.3552467795046459,12
3,insf_car,5,0.0,0.0,12
3,fibr_aur,205,0.00975609756097561,0.09828995941273115,12
3,trat_est,32,0.125,0.33071891388307384,12
3,var171,18,0.05555555555555555,0.2290614236454256,12
3,tv_l_esu,363,0.013774104683195593,0.11655204298240317,12
3,tvp_orig,1294,0.3176197836166924,0.46555070257919057,12
3,tv_l_ein,268,0.7985074626865671,0.40111506419034887,12
3,tvp_prox,528,0.8541666666666666,0.35293904887702954,12
3,tv_l_svc,480,0.016666666666666666,0.12801909579781015,12
3,tv_l_vre,499,0.006012024048096192,0.0773038137153744,12
3,tv_l_vrn,488,0.012295081967213115,0.11019942344056353,12
3,tv_l_vca,948,0.04852320675105485,0.2148690418781851,12
3,tv_l_yug,956,0.009414225941422594,0.09656913736461788,12
3,tv_l_ova,958,0.005219206680584551,0.07205530211032282,12
3,tv_l_sup,956,0.0020920502092050207,0.04569106625071454,12
3,tv_l_pul,957,0.00522466039707419,0.07209274111038806,12
3,tv_l_ove,493,0.04056795131845842,0.1972870817977741,12
3,fr_antfa,727,0.15680880330123798,0.36362040991736366,12
3,fr_tvs_a,270,0.07407407407407407,0.2618914004394621,12
3,fr_viaje,9,0.0,0.0,12
3,fr_estro,10,0.0,0.0,12
3,fr_varic,33,0.12121212121212122,0.3263736246748184,12
3,fr_antec,1,1.0,0.0,12
3,ana_dime,174,1.5977011494252873,0.5458257503716675,12
3,ana_crea,46,0.8478260869565217,0.3591893835186588,12
3,ana_trop,849,0.8704358068315665,0.33582333602215064,12
3,tension_,68,134.3235294117647,25.13460303836513,12
3,ana_hemo,3,15.533333333333331,1.0143416036468627,12
3,ana_plaq,3,229.33333333333334,23.612614331233114,12
3,ana_leuc,15,8.086666666666668,3.7816216392206963,12
3,ana_neu,1072,6.393339552238806,2.969888001745728,12
3,protcrea,1321,55.98705526116578,60.902943846322785,12
3,splanchnic,468,0.029914529914529916,0.1703515506666218,12
4,raza,440,2.918181818181818,0.5415771275856901,12
4,ant_inf,27,0.0,0.0,12
4,ant_isq,28,0.0,0.0,12
4,ant_clau,27,0.0,0.0,12
4,fum_act,31,0.1935483870967742,0.39507899077148034,12
4,diabetes,26,0.11538461538461539,0.31948553318915673,12
4,hip_art,27,0.18518518518518517,0.3884477215445006,12
4,insf_car,5,0.0,0.0,12
4,fibr_aur,205,0.014634146341463415,0.12008325487893826,12
4,trat_est,32,0.09375,0.2914805954090255,12
4,var171,18,0.0,0.0,12
4,tv_l_esu,363,0.011019283746556474,0.10439281168868549,12
4,tvp_orig,1294,0.2009273570324575,0.40069384101631617,12
4,tv_l_ein,268,0.8283582089552238,0.3770688088555158,12
4,tvp_prox,528,0.8143939393939394,0.3887884397360086,12
4,tv_l_svc,480,0.010416666666666666,0.1015291077584267,12
4,tv_l_vre,499,0.006012024048096192,0.0773038137153744,12
4,tv_l_vrn,488,0.010245901639344262,0.10070215061725915,12
4,tv_l_vca,948,0.035864978902953586,0.18595344092337812,12
4,tv_l_yug,956,0.02510460251046025,0.15644283762209135,12
4,tv_l_ova,958,0.013569937369519834,0.11569699291384863,12
4,tv_l_sup,956,0.010460251046025104,0.10173904950450066,12
4,tv_l_pul,957,0.0,0.0,12
4,tv_l_ove,493,0.028397565922920892,0.16610582221154757,12
4,fr_antfa,727,0.15680880330123798,0.36362040991736366,12
4,fr_tvs_a,270,0.037037037037037035,0.18885257457751053,12
4,fr_viaje,9,0.0,0.0,12
4,fr_estro,10,0.0,0.0,12
4,fr_varic,33,0.21212121212121213,0.40881022918884974,12
4,fr_antec,1,0.0,0.0,12
4,ana_dime,174,1.5402298850574712,0.5530396194813522,12
4,ana_crea,46,0.8913043478260869,0.31125697963644244,12
4,ana_trop,849,0.8881036513545347,0.31523888688624335,12
4,tension_,68,131.44117647058823,19.111424326626928,12
4,ana_hemo,3,13.266666666666666,1.6110727964792761,12
4,ana_plaq,3,343.0,139.51582944837,12
4,ana_leuc,15,8.138,4.187787323476046,12
4,ana_neu,1072,6.377919776119403,3.1196521496168295,12
4,protcrea,1321,50.74822861468585,54.776298899815856,12
4,splanchnic,468,0.023504273504273504,0.1514985895357109,12
5,raza,440,2.8886363636363637,0.5945647411383883,12
5,ant_inf,27,0.037037037037037035,0.18885257457751053,12
5,ant_isq,28,0.0,0.0,12
5,ant_clau,27,0.0,0.0,12
5,fum_act,31,0.2903225806451613,0.45391120256355777,12
5,diabetes,26,0.07692307692307693,0.2664693550105965,12
5,hip_art,27,0.25925925925925924,0.438228132081453,12
5,insf_car,5,0.0,0.0,12
5,fibr_aur,205,0.0,0.0,12
5,trat_est,32,0.09375,0.2914805954090255,12
5,var171,18,0.0,0.0,12
5,tv_l_esu,363,0.01928374655647383,0.13752048456582575,12
5,tvp_orig,1294,0.2936630602782071,0.4554394222135862,12
5,tv_l_ein,268,0.7835820895522388,0.4118023779498924,12
5,tvp_prox,528,0.7613636363636364,0.4262499848525239,12
5,tv_l_svc,480,0.004166666666666667,0.06441510347391793,12
5,tv_l_vre,499,0.002004008016032064,0.04472126974833947,12
5,tv_l_vrn,488,0.00819672131147541,0.09016393442622953,12
5,tv_l_vca,948,0.05379746835443038,0.2256175985003928,12
5,tv_l_yug,956,0.021966527196652718,0.14657420946254984,12
5,tv_l_ova,958,0.0,0.0,12
5,tv_l_sup,956,0.016736401673640166,0.12828208967996566,12
5,tv_l_pul,957,0.0010449320794148381,0.032308515848987064,12
5,tv_l_ove,493,0.0486815415821501,0.21520141517038288,12
5,fr_antfa,727,0.16506189821182943,0.37123640442518174,12
5,fr_tvs_a,270,0.040740740740740744,0.1976889799271484,12
5,fr_viaje,9,0.0,0.0,12
5,fr_estro,10,0.1,0.30000000000000004,12
5,fr_varic,33,0.06060606060606061,0.23860629921247914,12
5,fr_antec,1,0.0,0.0,12
5,ana_dime,174,1.5862068965517242,0.5581522088358153,12
5,ana_crea,46,0.9130434782608695,0.2817713347133852,12
5,ana_trop,849,0.8881036513545347,0.31523888688624335,12
5,tension_,68,131.2058823529412,22.566606526099715,12
5,ana_hemo,3,12.166666666666666,1.1785113019775793,12
5,ana_plaq,3,204.5666666666667,71.74753576875577,12
5,ana_leuc,15,8.300666666666668,3.8557947156051875,12
5,ana_neu,1072,6.392285447761194,3.1353976723921266,12
5,protcrea,1321,32.23965177895534,45.46046987051173,12
5,splanchnic,468,0.014957264957264958,0.12138181569849386,12
1,raza,440,2.9454545454545453,0.5280558447802766,13
1,ant_inf,27,0.037037037037037035,0.18885257457751053,13
1,ant_isq,28,0.03571428571428571,0.1855768722395226,13
1,ant_clau,27,0.0,0.0,13
1,fum_act,31,0.25806451612903225,0.4375696763306625,13
1,diabetes,26,0.07692307692307693,0.26646935501059654,13
1,hip_art,27,0.18518518518518517,0.38844772154450063,13
1,insf_car,5,0.0,0.0,13
1,fibr_aur,205,0.01951219512195122,0.1383165549147105,13
1,trat_est,32,0.1875,0.3903123748998999,13
1,var171,18,0.0,0.0,13
1,tv_l_esu,363,0.011019283746556474,0.10439281168868549,13
1,tvp_orig,1294,0.2635239567233385,0.4405440737953633,13
1,tv_l_ein,268,0.7649253731343284,0.42404545354199574,13
1,tvp_prox,528,0.7803030303030303,0.41404131581635484,13
1,tv_l_svc,480,0.014583333333333334,0.11987768650679835,13
1,tv_l_vre,499,0.008016032064128256,0.08917272729974747,13
1,tv_l_vrn,488,0.004098360655737705,0.06388711995131106,13
1,tv_l_vca,948,0.05063291139240506,0.2192469376669465,13
1,tv_l_yug,956,0.0041841004184100415,0.06454915740812346,13
1,tv_l_ova,958,0.010438413361169102,0.10163391603038066,13
1,tv_l_sup,956,0.0010460251046025104,0.0323253915070344,13
1,tv_l_pul,957,0.012539184952978056,0.1112742278952906,13
1,tv_l_ove,493,0.034482758620689655,0.182465607659627,13
1,fr_antfa,727,0.12242090784044017,0.32777130619375855,13
1,fr_tvs_a,270,0.05555555555555555,0.2290614236454256,13
1,fr_viaje,9,0.0,0.0,13
1,fr_estro,10,0.0,0.0,13
1,fr_varic,33,0.18181818181818182,0.385694607919935,13
1,fr_antec,1,1.0,0.0,13
1,ana_dime,174,1.7126436781609196,0.47725378142590097,13
1,ana_crea,46,0.9130434782608695,0.2817713347133852,13
1,ana_trop,849,0.8480565371024735,0.3589660805427645,13
1,tension_,68,129.7941176470588,23.10370407247531,13
1,ana_hemo,3,13.4,1.0677078252031311,13
1,ana_plaq,3,309.6666666666667,104.19319662157517,13
1,ana_leuc,15,8.273333333333333,3.3204270140383385,13
1,ana_neu,1072,6.704421641791044,3.1696780878232977,13
1,protcrea,1321,30.61346707040121,41.75450901524682,13
1,splanchnic,468,0.03418803418803419,0.18171189423478035,13
2,raza,440,2.8886363636363637,0.642338026661872,13
2,ant_inf,27,0.0,0.0,13
2,ant_isq,28,0.0,0.0,13
2,ant_clau,27,0.0,0.0,13
2,fum_act,31,0.25806451612903225,0.4375696763306625,13
2,diabetes,26,0.038461538461538464,0.1923076923076923,13
2,hip_art,27,0.2962962962962963,0.4566232594791835,13
2,insf_car,5,0.0,0.0,13
2,fibr_aur,205,0.00975609756097561,0.09828995941273115,13
2,trat_est,32,0.25,0.4330127018922193,13
2,var171,18,0.05555555555555555,0.2290614236454256,13
2,tv_l_esu,363,0.013774104683195593,0.11655204298240317,13
2,tvp_orig,1294,0.20556414219474498,0.40411325842947005,13
2,tv_l_ein,268,0.835820895522388,0.37043801928330916,13
2,tvp_prox,528,0.8162878787878788,0.3872492449726198,13
2,tv_l_svc,480,0.0125,0.11110243021644484,13
2,tv_l_vre,499,0.0,0.0,13
2,tv_l_vrn,488,0.00819672131147541,0.09016393442622951,13
2,tv_l_vca,948,0.05485232067510549,0.2276917732191062,13
2,tv_l_yug,956,0.0198744769874477,0.13956891542146166,13
2,tv_l_ova,958,0.008350730688935281,0.09099997794448172,13
2,tv_l_sup,956,0.006276150627615063,0.07897316354885721,13
2,tv_l_pul,957,0.0,0.0,13
2,tv_l_ove,493,0.0486815415821501,0.21520141517038288,13
2,fr_antfa,727,0.13204951856946354,0.3385445956074863,13
2,fr_tvs_a,270,0.05925925925925926,0.23610929556309967,13
2,fr_viaje,9,0.2222222222222222,0.41573970964154905,13
2,fr_estro,10,0.0,0.0,13
2,fr_varic,33,0.12121212121212122,0.3263736246748184,13
2,fr_antec,1,0.0,0.0,13
2,ana_dime,174,1.660919540229885,0.5085151523729573,13
2,ana_crea,46,0.8478260869565217,0.35918938351865887,13
2,ana_trop,849,0.8763250883392226,0.3292103095081871,13
2,tension_,68,130.61764705882354,19.38619081881915,13
2,ana_hemo,3,13.200000000000001,1.5748015748023623,13
2,ana_plaq,3,194.33333333333334,71.58367287463129,13
2,ana_leuc,15,8.000000000000002,2.5192856130260415,13
2,ana_neu,1072,6.384319029850746,2.9945762387544073,13
2,protcrea,1321,73.81056018168054,64.8962396122483,13
2,splanchnic,468,0.010683760683760684,0.10280864721127701,13
3,raza,440,2.8954545454545455,0.6895171385089137,13
3,ant_inf,27,0.14814814814814814,0.3552467795046459,13
3,ant_isq,28,0.07142857142857142,0.25753937681885636,13
3,ant_clau,27,0.0,0.0,13
3,fum_act,31,0.25806451612903225,0.4375696763306625,13
3,diabetes,26,0.07692307692307693,0.26646935501059654,13
3,hip_art,27,0.37037037037037035,0.4829038818668629,13
3,insf_car,5,0.0,0.0,13
3,fibr_aur,205,0.024390243902439025,0.1542574468374819,13
3,trat_est,32,0.25,0.4330127018922193,13
3,var171,18,0.0,0.0,13
3,tv_l_esu,363,0.008264462809917356,0.09053265413308531,13
3,tvp_orig,1294,0.24884080370942813,0.432341367577374,13
3,tv_l_ein,268,0.7798507462686567,0.4143471489136566,13
3,tvp_prox,528,0.7840909090909091,0.4114515225052653,13
3,tv_l_svc,480,0.010416666666666666,0.1015291077584267,13
3,tv_l_vre,499,0.006012024048096192,0.0773038137153744,13
3,tv_l_vrn,488,0.010245901639344262,0.10070215061725915,13
3,tv_l_vca,948,0.06434599156118144,0.24536826390385083,13
3,tv_l_yug,956,0.014644351464435146,0.12012449556448197,13
3,tv_l_ova,958,0.011482254697286013,0.1065383148184383,13
3,tv_l_sup,956,0.012552301255230125,0.11133167109330602,13
3,tv_l_pul,957,0.0,0.0,13
3,tv_l_ove,493,0.038539553752535496,0.19249482213579389,13
3,fr_antfa,727,0.1609353507565337,0.36747130994596733,13
3,fr_tvs_a,270,0.05555555555555555,0.2290614236454256,13
3,fr_viaje,9,0.0,0.0,13
3,fr_estro,10,0.0,0.0,13
3,fr_varic,33,0.030303030303030304,0.17141982574219336,13
3,fr_antec,1,1.0,0.0,13
3,ana_dime,174,1.5862068965517242,0.4925123054167483,13
3,ana_crea,46,0.9130434782608695,0.2817713347133852,13
3,ana_trop,849,0.8951707891637221,0.3063332293299589,13
3,tension_,68,140.75,23.50305049037127,13
3,ana_hemo,3,12.0,2.041241452319315,13
3,ana_plaq,3,259.0,26.870057685088806,13
3,ana_leuc,15,7.958000000000001,2.6801422847801692,13
3,ana_neu,1072,7.011856343283582,3.106854153217165,13
3,protcrea,1321,30.314996214988646,40.87958138583165,13
3,splanchnic,468,0.019230769230769232,0.1373351620873625,13
4,raza,440,2.925,0.5101804493599211,13
4,ant_inf,27,0.037037037037037035,0.18885257457751053,13
4,ant_isq,28,0.0,0.0,13
4,ant_clau,27,0.037037037037037035,0.18885257457751053,13
4,fum_act,31,0.3225806451612903,0.4674637660061109,13
4,diabetes,26,0.15384615384615385,0.36080121229411,13
4,hip_art,27,0.25925925925925924,0.438228132081453,13
4,insf_car,5,0.0,0.0,13
4,fibr_aur,205,0.024390243902439025,0.1542574468374819,13
4,trat_est,32,0.15625,0.3630921887069453,13
4,var171,18,0.1111111111111111,0.31426968052735443,13
4,tv_l_esu,363,0.008264462809917356,0.09053265413308531,13
4,tvp_orig,1294,0.30989180834621327,0.46244878145166207,13
4,tv_l_ein,268,0.835820895522388,0.37043801928330916,13
4,tvp_prox,528,0.8333333333333334,0.3726779962499649,13
4,tv_l_svc,480,0.00625,0.07880950133074056,13
4,tv_l_vre,499,0.006012024048096192,0.0773038137153744,13
4,tv_l_vrn,488,0.010245901639344262,0.10070215061725914,13
4,tv_l_vca,948,0.06223628691983123,0.24158421204678024,13
4,tv_l_yug,956,0.021966527196652718,0.14657420946254984,13
4,tv_l_ova,958,0.005219206680584551,0.07205530211032282,13
4,tv_l_sup,956,0.011506276150627616,0.10664840251861776,13
4,tv_l_pul,957,0.0,0.0,13
4,tv_l_ove,493,0.02231237322515213,0.14769743134602456,13
4,fr_antfa,727,0.1733149931224209,0.3785193605106562,13
4,fr_tvs_a,270,0.040740740740740744,0.1976889799271484,13
4,fr_viaje,9,0.0,0.0,13
4,fr_estro,10,0.0,0.0,13
4,fr_varic,33,0.21212121212121213,0.40881022918884974,13
4,fr_antec,1,0.0,0.0,13
4,ana_dime,174,1.5747126436781609,0.5388831342405076,13
4,ana_crea,46,0.8478260869565217,0.3591893835186588,13
4,ana_trop,849,0.9069493521790342,0.29050339888039933,13
4,tension_,68,135.75,19.416014463505604,13
4,ana_hemo,3,12.233333333333334,2.1514852750806566,13
4,ana_plaq,3,179.33333333333334,11.32352516764202,13
4,ana_leuc,15,8.191333333333334,3.3612058682694355,13
4,ana_neu,1072,6.610391791044776,2.8987225756150545,13
4,protcrea,1321,42.58063588190765,49.517546773901984,13
4,splanchnic,468,0.01282051282051282,0.11249954342810412,13
5,raza,440,2.922727272727273,0.6697569560409875,13
5,ant_inf,27,0.0,0.0,13
5,ant_isq,28,0.10714285714285714,0.30929478706587094,13
5,ant_clau,27,0.0,0.0,13
5,fum_act,31,0.2903225806451613,0.4539112025635577,13
5,diabetes,26,0.038461538461538464,0.1923076923076923,13
5,hip_art,27,0.25925925925925924,0.438228132081453,13
5,insf_car,5,0.0,0.0,13
5,fibr_aur,205,0.004878048780487805,0.06967247247358878,13
5,trat_est,32,0.125,0.33071891388307384,13
5,var171,18,0.0,0.0,13
5,tv_l_esu,363,0.011019283746556474,0.10439281168868549,13
5,tvp_orig,1294,0.2511591962905719,0.4336798985533522,13
5,tv_l_ein,268,0.8171641791044776,0.3865318660770194,13
5,tvp_prox,528,0.7765151515151515,0.41658056961715434,13
5,tv_l_svc,480,0.010416666666666666,0.1015291077584267,13
5,tv_l_vre,499,0.004008016032064128,0.06318189487148075,13
5,tv_l_vrn,488,0.006147540983606557,0.0781648816506584,13
5,tv_l_vca,948,0.05590717299578059,0.2297423796416335,13
5,tv_l_yug,956,0.0041841004184100415,0.06454915740812346,13
5,tv_l_ova,958,0.0041753653444676405,0.06448202593520043,13
5,tv_l_sup,956,0.008368200836820083,0.0910943140463483,13
5,tv_l_pul,957,0.013584117032392894,0.11575659288715759,13
5,tv_l_ove,493,0.036511156186612576,0.1875582353844516,13
5,fr_antfa,727,0.14580467675378267,0.35291029028707516,13
5,fr_tvs_a,270,0.04814814814814815,0.21407920024619892,13
5,fr_viaje,9,0.0,0.0,13
5,fr_estro,10,0.0,0.0,13
5,fr_varic,33,0.15151515151515152,0.3585502898848252,13
5,fr_antec,1,0.0,0.0,13
5,ana_dime,174,1.5862068965517242,0.5263564662921981,13
5,ana_crea,46,0.8260869565217391,0.37903469074266727,13
5,ana_trop,849,0.8810365135453475,0.3237455410429714,13
5,tension_,68,129.30882352941177,21.697287274830124,13
5,ana_hemo,3,13.166666666666666,1.7249798710580813,13
5,ana_plaq,3,201.66666666666666,43.27688631231329,13
5,ana_leuc,15,8.208,3.017423183225493,13
5,ana_neu,1072,5.821660447761194,2.939925284041935,13
5,protcrea,1321,59.106214988644965,61.333561765525474,13
5,splanchnic,468,0.01282051282051282,0.11249954342810413,13
1,raza,440,2.890909090909091,0.6302301822704368,14
1,ant_inf,27,0.037037037037037035,0.18885257457751053,14
1,ant_isq,28,0.03571428571428571,0.18557687223952257,14
1,ant_clau,27,0.037037037037037035,0.18885257457751053,14
1,fum_act,31,0.1935483870967742,0.39507899077148034,14
1,diabetes,26,0.07692307692307693,0.26646935501059654,14
1,hip_art,27,0.37037037037037035,0.4829038818668629,14
1,insf_car,5,0.0,0.0,14
1,fibr_aur,205,0.00975609756097561,0.09828995941273114,14
1,trat_est,32,0.125,0.33071891388307384,14
1,var171,18,0.0,0.0,14
1,tv_l_esu,363,0.01928374655647383,0.13752048456582575,14
1,tvp_orig,1294,0.4265842349304482,0.494580757247239,14
1,tv_l_ein,268,0.7350746268656716,0.441293462226629,14
1,tvp_prox,528,0.8863636363636364,0.3173690919038396,14
1,tv_l_svc,480,0.016666666666666666,0.12801909579781015,14
1,tv_l_vre,499,0.01002004008016032,0.09959738388608558,14
1,tv_l_vrn,488,0.006147540983606557,0.0781648816506584,14
1,tv_l_vca,948,0.05168776371308017,0.22139588703365956,14
1,tv_l_yug,956,0.02301255230125523,0.14994323838652152,14
1,tv_l_ova,958,0.005219206680584551,0.07205530211032282,14
1,tv_l_sup,956,0.006276150627615063,0.07897316354885722,14
1,tv_l_pul,957,0.0020898641588296763,0.045667238000861345,14
1,tv_l_ove,493,0.060851926977687626,0.2390585074009913,14
1,fr_antfa,727,0.14305364511691884,0.35012754781033933,14
1,fr_tvs_a,270,0.044444444444444446,0.20608041101101565,14
1,fr_viaje,9,0.0,0.0,14
1,fr_estro,10,0.0,0.0,14
1,fr_varic,33,0.18181818181818182,0.385694607919935,14
1,fr_antec,1,0.0,0.0,14
1,ana_dime,174,1.5804597701149425,0.5380550500527835,14
1,ana_crea,46,0.8478260869565217,0.3591893835186588,14
1,ana_trop,849,0.790341578327444,0.407064820261256,14
1,tension_,68,136.0,24.751708200112763,14
1,ana_hemo,3,13.033333333333331,1.793197020841702,14
1,ana_plaq,3,334.3333333333333,75.83461537377828,14
1,ana_leuc,15,8.523333333333333,3.0302665815989784,14
1,ana_neu,1072,6.386399253731343,3.125125952852696,14
1,protcrea,1321,64.23083270249812,59.9505960689843,14
1,splanchnic,468,0.014957264957264958,0.12138181569849386,14
2,raza,440,2.8863636363636362,0.6366070962857092,14
2,ant_inf,27,0.037037037037037035,0.18885257457751053,14
2,ant_isq,28,0.0,0.0,14
2,ant_clau,27,0.037037037037037035,0.18885257457751053,14
2,fum_act,31,0.1935483870967742,0.39507899077148034,14
2,diabetes,26,0.11538461538461539,0.31948553318915673,14
2,hip_art,27,0.25925925925925924,0.438228132081453,14
2,insf_car,5,0.2,0.4,14
2,fibr_aur,205,0.0,0.0,14
2,trat_est,32,0.21875,0.41339864235384227,14
2,var171,18,0.0,0.0,14
2,tv_l_esu,363,0.005509641873278237,0.0740221974795835,14
2,tvp_orig,1294,0.2828438948995363,0.4503812007817337,14
2,tv_l_ein,268,0.7761194029850746,0.4168429863811624,14
2,tvp_prox,528,0.8693181818181818,0.3370520443173612,14
2,tv_l_svc,480,0.0125,0.11110243021644485,14
2,tv_l_vre,499,0.012024048096192385,0.10899298309328374,14
2,tv_l_vrn,488,0.006147540983606557,0.0781648816506584,14
2,tv_l_vca,948,0.04113924050632911,0.19861219347485068,14
2,tv_l_yug,956,0.008368200836820083,0.0910943140463483,14
2,tv_l_ova,958,0.005219206680584551,0.07205530211032282,14
2,tv_l_sup,956,0.014644351464435146,0.12012449556448196,14
2,tv_l_pul,957,0.0073145245559038665,0.08521163234221571,14
2,tv_l_ove,493,0.04462474645030426,0.2064785181430512,14
2,fr_antfa,727,0.1733149931224209,0.3785193605106562,14
2,fr_tvs_a,270,0.04814814814814815,0.21407920024619895,14
2,fr_viaje,9,0.1111111111111111,0.31426968052735443,14
2,fr_estro,10,0.1,0.30000000000000004,14
2,fr_varic,33,0.15151515151515152,0.35855028988482524,14
2,fr_antec,1,0.0,0.0,14
2,ana_dime,174,1.5977011494252873,0.5132669784314048,14
2,ana_crea,46,0.8913043478260869,0.3112569796364425,14
2,ana_trop,849,0.823321554770318,0.3813963453166591,14
2,tension_,68,131.5735294117647,20.295113999412145,14
2,ana_hemo,3,13.9,0.8286535263104037,14
2,ana_plaq,3,207.33333333333334,40.49965706301996,14
2,ana_leuc,15,8.828,3.3943407803774406,14
2,ana_neu,1072,6.444347014925373,3.0122708531958873,14
2,protcrea,1321,37.95795609386828,55.98533206628215,14
2,splanchnic,468,0.03205128205128205,0.17613630338505235,14
3,raza,440,2.8545454545454545,0.7082162437659026,14
3,ant_inf,27,0.037037037037037035,0.18885257457751053,14
3,ant_isq,28,0.03571428571428571,0.1855768722395226,14
3,ant_clau,27,0.0,0.0,14
3,fum_act,31,0.41935483870967744,0.49345350131543086,14
3,diabetes,26,0.07692307692307693,0.26646935501059654,14
3,hip_art,27,0.25925925925925924,0.438228132081453,14
3,insf_car,5,0.0,0.0,14
3,fibr_aur,205,0.014634146341463415,0.12008325487893826,14
3,trat_est,32,0.09375,0.2914805954090255,14
3,var171,18,0.1111111111111111,0.31426968052735443,14
3,tv_l_esu,363,0.011019283746556474,0.10439281168868549,14
3,tvp_orig,1294,0.32921174652241114,0.4699269863224231,14
3,tv_l_ein,268,0.8059701492537313,0.3954519790893066,14
3,tvp_prox,528,0.865530303030303,0.34115626561236545,14
3,tv_l_svc,480,0.010416666666666666,0.10152910775842669,14
3,tv_l_vre,499,0.006012024048096192,0.0773038137153744,14
3,tv_l_vrn,488,0.010245901639344262,0.10070215061725915,14
3,tv_l_vca,948,0.04430379746835443,0.20576921781023869,14
3,tv_l_yug,956,0.010460251046025104,0.10173904950450066,14
3,tv_l_ova,958,0.0041753653444676405,0.06448202593520043,14
3,tv_l_sup,956,0.012552301255230125,0.11133167109330602,14
3,tv_l_pul,957,0.0073145245559038665,0.08521163234221571,14
3,tv_l_ove,493,0.07707910750507099,0.26671692614322906,14
3,fr_antfa,727,0.13342503438789546,0.34003351979839336,14
3,fr_tvs_a,270,0.05925925925925926,0.23610929556309967,14
3,fr_viaje,9,0.0,0.0,14
3,fr_estro,10,0.1,0.30000000000000004,14
3,fr_varic,33,0.15151515151515152,0.35855028988482524,14
3,fr_antec,1,0.0,0.0,14
3,ana_dime,174,1.4942528735632183,0.49996696944670216,14
3,ana_crea,46,0.8913043478260869,0.3112569796364425,14
3,ana_trop,849,0.7773851590106007,0.4160017711027968,14
3,tension_,68,133.01470588235293,24.688942897258343,14
3,ana_hemo,3,14.033333333333331,0.7845734863959881,14
3,ana_plaq,3,222.0,41.737273509418415,14
3,ana_leuc,15,8.557333333333332,3.8072570470382248,14
3,ana_neu,1072,6.620578358208955,2.9816526397300613,14
3,protcrea,1321,63.19311884935656,56.078747713866115,14
3,splanchnic,468,0.014957264957264958,0.12138181569849386,14
4,raza,440,2.8863636363636362,0.7512386465912356,14
4,ant_inf,27,0.0,0.0,14
4,ant_isq,28,0.0,0.0,14
4,ant_clau,27,0.0,0.0,14
4,fum_act,31,0.3870967741935484,0.487086092598113,14
4,diabetes,26,0.038461538461538464,0.1923076923076923,14
4,hip_art,27,0.25925925925925924,0.438228132081453,14
4,insf_car,5,0.0,0.0,14
4,fibr_aur,205,0.00975609756097561,0.09828995941273115,14
4,trat_est,32,0.125,0.33071891388307384,14
4,var171,18,0.0,0.0,14
4,tv_l_esu,363,0.01652892561983471,0.12749792248381414,14
4,tvp_orig,1294,0.23802163833075735,0.42587244336432417,14
4,tv_l_ein,268,0.8470149253731343,0.35997311228517886,14
4,tvp_prox,528,0.8560606060606061,0.3510282678243362,14
4,tv_l_svc,480,0.014583333333333334,0.11987768650679835,14
4,tv_l_vre,499,0.006012024048096192,0.0773038137153744,14
4,tv_l_vrn,488,0.00819672131147541,0.09016393442622953,14
4,tv_l_vca,948,0.02531645569620253,0.1570844765315298,14
4,tv_l_yug,956,0.012552301255230125,0.11133167109330602,14
4,tv_l_ova,958,0.003131524008350731,0.05587233273934294,14
4,tv_l_sup,956,0.0010460251046025104,0.0323253915070344,14
4,tv_l_pul,957,0.0073145245559038665,0.08521163234221571,14
4,tv_l_ove,493,0.04056795131845842,0.1972870817977741,14
4,fr_antfa,727,0.20495185694635487,0.40366643813995207,14
4,fr_tvs_a,270,0.08518518518518518,0.2791570694253522,14
4,fr_viaje,9,0.0,0.0,14
4,fr_estro,10,0.0,0.0,14
4,fr_varic,33,0.15151515151515152,0.35855028988482524,14
4,fr_antec,1,0.0,0.0,14
4,ana_dime,174,1.603448275862069,0.5121395903152691,14
4,ana_crea,46,0.9130434782608695,0.28177133471338517,14
4,ana_trop,849,0.773851590106007,0.4183363558148054,14
4,tension_,68,134.48529411764707,20.789910340651264,14
4,ana_hemo,3,12.1,1.3880441875771343,14
4,ana_plaq,3,260.0,64.75080437080814,14
4,ana_leuc,15,8.349333333333334,3.050332149491629,14
4,ana_neu,1072,6.58044776119403,3.0161392653799375,14
4,protcrea,1321,22.054958364875098,43.190512754457636,14
4,splanchnic,468,0.029914529914529916,0.17035155066662178,14
5,raza,440,2.9477272727272728,0.5473027400408284,14
5,ant_inf,27,0.037037037037037035,0.18885257457751053,14
5,ant_isq,28,0.03571428571428571,0.1855768722395226,14
5,ant_clau,27,0.0,0.0,14
5,fum_act,31,0.22580645161290322,0.4181123031230878,14
5,diabetes,26,0.15384615384615385,0.36080121229410994,14
5,hip_art,27,0.37037037037037035,0.4829038818668629,14
5,insf_car,5,0.0,0.0,14
5,fibr_aur,205,0.004878048780487805,0.06967247247358879,14
5,trat_est,32,0.15625,0.3630921887069453,14
5,var171,18,0.0,0.0,14
5,tv_l_esu,363,0.011019283746556474,0.10439281168868549,14
5,tvp_orig,1294,0.18160741885625967,0.385520640527361,14
5,tv_l_ein,268,0.8097014925373134,0.39253660405134244,14
5,tvp_prox,528,0.8579545454545454,0.34909675362058257,14
5,tv_l_svc,480,0.014583333333333334,0.11987768650679835,14
5,tv_l_vre,499,0.008016032064128256,0.08917272729974747,14
5,tv_l_vrn,488,0.0020491803278688526,0.04522146821867605,14
5,tv_l_vca,948,0.0580168776371308,0.23377536129021168,14
5,tv_l_yug,956,0.01882845188284519,0.13591887757975557,14
5,tv_l_ova,958,0.008350730688935281,0.09099997794448172,14
5,tv_l_sup,956,0.010460251046025104,0.10173904950450066,14
5,tv_l_pul,957,0.00522466039707419,0.07209274111038808,14
5,tv_l_ove,493,0.060851926977687626,0.23905850740099127,14
5,fr_antfa,727,0.1733149931224209,0.3785193605106562,14
5,fr_tvs_a,270,0.07037037037037037,0.25577017289806736,14
5,fr_viaje,9,0.1111111111111111,0.31426968052735443,14
5,fr_estro,10,0.0,0.0,14
5,fr_varic,33,0.12121212121212122,0.3263736246748184,14
5,fr_antec,1,0.0,0.0,14
5,ana_dime,174,1.6149425287356323,0.5317567362827773,14
5,ana_crea,46,0.9565217391304348,0.20393111999232302,14
5,ana_trop,849,0.7773851590106007,0.4160017711027968,14
5,tension_,68,132.73529411764707,23.424859624828205,14
5,ana_hemo,3,13.799999999999999,0.6976149845485448,14
5,ana_plaq,3,203.66666666666666,10.873004286866726,14
5,ana_leuc,15,8.834666666666667,2.5304725952982685,14
5,ana_neu,1072,6.295708955223881,2.946057836075506,14
5,protcrea,1321,74.85043149129447,60.8352417924598,14
5,splanchnic,468,0.019230769230769232,0.1373351620873625,14
1,raza,440,2.9045454545454548,0.6104970201157806,15
1,ant_inf,27,0.0,0.0,15
1,ant_isq,28,0.0,0.0,15
1,ant_clau,27,0.07407407407407407,0.2618914004394621,15
1,fum_act,31,0.1935483870967742,0.39507899077148034,15
1,diabetes,26,0.11538461538461539,0.31948553318915673,15
1,hip_art,27,0.2962962962962963,0.4566232594791834,15
1,insf_car,5,0.0,0.0,15
1,fibr_aur,205,0.00975609756097561,0.09828995941273114,15
1,trat_est,32,0.1875,0.3903123748998999,15
1,var171,18,0.0,0.0,15
1,tv_l_esu,363,0.05509641873278237,0.22816836629034334,15
1,tvp_orig,1294,0.2936630602782071,0.4554394222135862,15
1,tv_l_ein,268,0.7649253731343284,0.4240454535419958,15
1,tvp_prox,528,0.8333333333333334,0.3726779962499649,15
1,tv_l_svc,480,0.0020833333333333333,0.045595976308831845,15
1,tv_l_vre,499,0.002004008016032064,0.04472126974833946,15
1,tv_l_vrn,488,0.010245901639344262,0.10070215061725915,15
1,tv_l_vca,948,0.04219409282700422,0.20103171729234756,15
1,tv_l_yug,956,0.016736401673640166,0.12828208967996563,15
1,tv_l_ova,958,0.009394572025052192,0.09646923883559097,15
1,tv_l_sup,956,0.008368200836820083,0.0910943140463483,15
1,tv_l_pul,957,0.003134796238244514,0.05590142476528843,15
1,tv_l_ove,493,0.06490872210953347,0.24636472942294485,15
1,fr_antfa,727,0.14167812929848694,0.3487197111964968,15
1,fr_tvs_a,270,0.04814814814814815,0.21407920024619895,15
1,fr_viaje,9,0.1111111111111111,0.31426968052735443,15
1,fr_estro,10,0.0,0.0,15
1,fr_varic,33,0.15151515151515152,0.35855028988482524,15
1,fr_antec,1,1.0,0.0,15
1,ana_dime,174,1.632183908045977,0.5277351854367355,15
1,ana_crea,46,0.8913043478260869,0.3112569796364425,15
1,ana_trop,849,0.8857479387514723,0.3181171604126227,15
1,tension_,68,129.9264705882353,19.200425988281822,15
1,ana_hemo,3,12.5,1.1045361017187265,15
1,ana_plaq,3,291.0,135.1073647141413,15
1,ana_leuc,15,9.523333333333333,3.492343371179619,15
1,ana_neu,1072,6.731791044776119,3.096236515645297,15
1,protcrea,1321,46.056601059803185,56.664363818037536,15
1,splanchnic,468,0.023504273504273504,0.1514985895357109,15
2,raza,440,2.897727272727273,0.6223082531860487,15
2,ant_inf,27,0.037037037037037035,0.18885257457751053,15
2,ant_isq,28,0.0,0.0,15
2,ant_clau,27,0.037037037037037035,0.18885257457751053,15
2,fum_act,31,0.2903225806451613,0.4539112025635577,15
2,diabetes,26,0.15384615384615385,0.36080121229411,15
2,hip_art,27,0.2222222222222222,0.4157397096415491,15
2,insf_car,5,0.0,0.0,15
2,fibr_aur,205,0.00975609756097561,0.09828995941273115,15
2,trat_est,32,0.21875,0.41339864235384227,15
2,var171,18,0.05555555555555555,0.2290614236454256,15
2,tv_l_esu,363,0.03856749311294766,0.1925617864165432,15
2,tvp_orig,1294,0.2581143740340031,0.43759723942346557,15
2,tv_l_ein,268,0.7873134328358209,0.40920776057168834,15
2,tvp_prox,528,0.8674242424242424,0.3391156529548165,15
2,tv_l_svc,480,0.008333333333333333,0.09090593428863097,15
2,tv_l_vre,499,0.004008016032064128,0.06318189487148076,15
2,tv_l_vrn,488,0.01639344262295082,0.12698306053139072,15
2,tv_l_vca,948,0.06223628691983123,0.24158421204678024,15
2,tv_l_yug,956,0.021966527196652718,0.14657420946254984,15
2,tv_l_ova,958,0.009394572025052192,0.09646923883559098,15
2,tv_l_sup,956,0.006276150627615063,0.07897316354885722,15
2,tv_l_pul,957,0.0,0.0,15
2,tv_l_ove,493,0.04259634888438134,0.20194528948728022,15
2,fr_antfa,727,0.20907840440165062,0.4066504951607836,15
2,fr_tvs_a,270,0.09259259259259259,0.2898606637499727,15
2,fr_viaje,9,0.1111111111111111,0.31426968052735443,15
2,fr_estro,10,0.1,0.30000000000000004,15
2,fr_varic,33,0.24242424242424243,0.42854956435548336,15
2,fr_antec,1,0.0,0.0,15
2,ana_dime,174,1.632183908045977,0.516730271103196,15
2,ana_crea,46,0.8913043478260869,0.3112569796364425,15
2,ana_trop,849,0.9034157832744405,0.29539076797535435,15
2,tension_,68,139.52941176470588,20.880240158239175,15
2,ana_hemo,3,12.233333333333334,3.483612429010374,15
2,ana_plaq,3,196.0,19.096247449870006,15
2,ana_leuc,15,8.387333333333334,2.8645080244646235,15
2,ana_neu,1072,6.702472014925372,3.062359248846052,15
2,protcrea,1321,63.92236184708554,61.1173301452299,15
2,splanchnic,468,0.014957264957264958,0.12138181569849386,15
3,raza,440,2.9,0.6564366617649344,15
3,ant_inf,27,0.037037037037037035,0.18885257457751053,15
3,ant_isq,28,0.0,0.0,15
3,ant_clau,27,0.0,0.0,15
3,fum_act,31,0.12903225806451613,0.3352356401746214,15
3,diabetes,26,0.038461538461538464,0.1923076923076923,15
3,hip_art,27,0.25925925925925924,0.438228132081453,15
3,insf_car,5,0.0,0.0,15
3,fibr_aur,205,0.0,0.0,15
3,trat_est,32,0.125,0.33071891388307384,15
3,var171,18,0.0,0.0,15
3,tv_l_esu,363,0.02203856749311295,0.1468089542090824,15
3,tvp_orig,1294,0.1661514683153014,0.3722165470421362,15
3,tv_l_ein,268,0.7873134328358209,0.40920776057168834,15
3,tvp_prox,528,0.8390151515151515,0.3675169751768738,15
3,tv_l_svc,480,0.0020833333333333333,0.04559597630883185,15
3,tv_l_vre,499,0.002004008016032064,0.04472126974833947,15
3,tv_l_vrn,488,0.006147540983606557,0.0781648816506584,15
3,tv_l_vca,948,0.05590717299578059,0.2297423796416335,15
3,tv_l_yug,956,0.01882845188284519,0.13591887757975557,15
3,tv_l_ova,958,0.010438413361169102,0.10163391603038066,15
3,tv_l_sup,956,0.015690376569037656,0.12427465007860394,15
3,tv_l_pul,957,0.0010449320794148381,0.032308515848987064,15
3,tv_l_ove,493,0.036511156186612576,0.1875582353844516,15
3,fr_antfa,727,0.10866574965612105,0.31121938324563636,15
3,fr_tvs_a,270,0.07037037037037037,0.25577017289806736,15
3,fr_viaje,9,0.0,0.0,15
3,fr_estro,10,0.0,0.0,15
3,fr_varic,33,0.15151515151515152,0.35855028988482524,15
3,fr_antec,1,0.0,0.0,15
3,ana_dime,174,1.6091954022988506,0.5436429236958836,15
3,ana_crea,46,0.8478260869565217,0.35918938351865876,15
3,ana_trop,849,0.8916372202591284,0.3108380409597625,15
3,tension_,68,132.80882352941177,21.02397605602119,15
3,ana_hemo,3,12.299999999999999,2.96310647800581,15
3,ana_plaq,3,243.33333333333334,38.13426572286691,15
3,ana_leuc,15,8.629999999999999,3.8771897038963674,15
3,ana_neu,1072,6.7657276119402985,3.063986744274252,15
3,protcrea,1321,58.031521574564735,66.07581139156349,15
3,splanchnic,468,0.027777777777777776,0.16433554953054486,15
4,raza,440,2.8954545454545455,0.5543032257850412,15
4,ant_inf,27,0.07407407407407407,0.2618914004394621,15
4,ant_isq,28,0.03571428571428571,0.1855768722395226,15
4,ant_clau,27,0.0,0.0,15
4,fum_act,31,0.1935483870967742,0.3950789907714804,15
4,diabetes,26,0.07692307692307693,0.26646935501059654,15
4,hip_art,27,0.2222222222222222,0.41573970964154905,15
4,insf_car,5,0.2,0.4000000000000001,15
4,fibr_aur,205,0.00975609756097561,0.09828995941273114,15
4,trat_est,32,0.1875,0.3903123748998999,15
4,var171,18,0.0,0.0,15
4,tv_l_esu,363,0.04132231404958678,0.19903462113706277,15
4,tvp_orig,1294,0.3029366306027821,0.45952804967903277,15
4,tv_l_ein,268,0.8022388059701493,0.39831106457860094,15
4,tvp_prox,528,0.8939393939393939,0.3079151732257814,15
4,tv_l_svc,480,0.0125,0.11110243021644485,15
4,tv_l_vre,499,0.004008016032064128,0.06318189487148075,15
4,tv_l_vrn,488,0.006147540983606557,0.0781648816506584,15
4,tv_l_vca,948,0.0580168776371308,0.23377536129021165,15
4,tv_l_yug,956,0.010460251046025104,0.10173904950450066,15
4,tv_l_ova,958,0.005219206680584551,0.07205530211032282,15
4,tv_l_sup,956,0.0031380753138075313,0.05593056228156841,15
4,tv_l_pul,957,0.006269592476489028,0.07893215242642113,15
4,tv_l_ove,493,0.034482758620689655,0.18246560765962697,15
4,fr_antfa,727,0.16506189821182943,0.37123640442518174,15
4,fr_tvs_a,270,0.03333333333333333,0.17950549357115014,15
4,fr_viaje,9,0.0,0.0,15
4,fr_estro,10,0.0,0.0,15
4,fr_varic,33,0.30303030303030304,0.459568208730397,15
4,fr_antec,1,0.0,0.0,15
4,ana_dime,174,1.5919540229885059,0.5674541635860749,15
4,ana_crea,46,0.9565217391304348,0.20393111999232305,15
4,ana_trop,849,0.8939929328621908,0.30784666451766085,15
4,tension_,68,130.02941176470588,19.37248700077395,15
4,ana_hemo,3,13.433333333333332,2.0677416559027764,15
4,ana_plaq,3,253.33333333333334,58.459862774005515,15
4,ana_leuc,15,8.532666666666668,3.9894284748013162,15
4,ana_neu,1072,6.127686567164179,3.0621252531434706,15
4,protcrea,1321,49.33815291445874,65.81961161076008,15
4,splanchnic,468,0.03632478632478633,0.18709702355527985,15
5,raza,440,2.875,0.7200457687473131,15
5,ant_inf,27,0.0,0.0,15
5,ant_isq,28,0.03571428571428571,0.1855768722395226,15
5,ant_clau,27,0.037037037037037035,0.18885257457751053,15
5,fum_act,31,0.16129032258064516,0.3677985242255284,15
5,diabetes,26,0.11538461538461539,0.31948553318915673,15
5,hip_art,27,0.2222222222222222,0.4157397096415491,15
5,insf_car,5,0.0,0.0,15
5,fibr_aur,205,0.0,0.0,15
5,trat_est,32,0.15625,0.3630921887069453,15
5,var171,18,0.0,0.0,15
5,tv_l_esu,363,0.030303030303030304,0.17141982574219336,15
5,tvp_orig,1294,0.3176197836166924,0.46555070257919057,15
5,tv_l_ein,268,0.7313432835820896,0.4432609673109701,15
5,tvp_prox,528,0.875,0.33071891388307384,15
5,tv_l_svc,480,0.010416666666666666,0.10152910775842669,15
5,tv_l_vre,499,0.006012024048096192,0.0773038137153744,15
5,tv_l_vrn,488,0.012295081967213115,0.11019942344056352,15
5,tv_l_vca,948,0.06329113924050633,0.24348587419837142,15
5,tv_l_yug,956,0.0031380753138075313,0.055930562281568404,15
5,tv_l_ova,958,0.005219206680584551,0.07205530211032281,15
5,tv_l_sup,956,0.016736401673640166,0.12828208967996566,15
5,tv_l_pul,957,0.0020898641588296763,0.045667238000861345,15
5,tv_l_ove,493,0.06693711967545639,0.2499130682557637,15
5,fr_antfa,727,0.12929848693259974,0.33553001089252815,15
5,fr_tvs_a,270,0.025925925925925925,0.15891435520685138,15
5,fr_viaje,9,0.0,0.0,15
5,fr_estro,10,0.0,0.0,15
5,fr_varic,33,0.06060606060606061,0.2386062992124791,15
5,fr_antec,1,0.0,0.0,15
5,ana_dime,174,1.5229885057471264,0.5328736128053293,15
5,ana_crea,46,0.9130434782608695,0.2817713347133852,15
5,ana_trop,849,0.9034157832744405,0.29539076797535435,15
5,tension_,68,133.94117647058823,19.26203394133375,15
5,ana_hemo,3,14.1,0.21602468994692872,15
5,ana_plaq,3,300.6666666666667,128.48173238073792,15
5,ana_leuc,15,9.002666666666668,4.192592621384635,15
5,ana_neu,1072,6.569337686567164,2.921206308430739,15
5,protcrea,1321,33.32928084784255,51.62578782910367,15
5,splanchnic,468,0.019230769230769232,0.1373351620873625,15
1,raza,440,2.8636363636363638,0.613888836950332,16
1,ant_inf,27,0.07407407407407407,0.2618914004394621,16
1,ant_isq,28,0.0,0.0,16
1,ant_clau,27,0.0,0.0,16
1,fum_act,31,0.22580645161290322,0.4181123031230878,16
1,diabetes,26,0.15384615384615385,0.36080121229411,16
1,hip_art,27,0.37037037037037035,0.4829038818668629,16
1,insf_car,5,0.0,0.0,16
1,fibr_aur,205,0.004878048780487805,0.06967247247358878,16
1,trat_est,32,0.1875,0.3903123748998999,16
1,var171,18,0.0,0.0,16
1,tv_l_esu,363,0.011019283746556474,0.10439281168868549,16
1,tvp_orig,1294,0.31452859350850076,0.46432785547936395,16
1,tv_l_ein,268,0.7873134328358209,0.40920776057168834,16
1,tvp_prox,528,0.8371212121212122,0.3692550451082892,16
1,tv_l_svc,480,0.010416666666666666,0.1015291077584267,16
1,tv_l_vre,499,0.002004008016032064,0.044721269748339475,16
1,tv_l_vrn,488,0.006147540983606557,0.0781648816506584,16
1,tv_l_vca,948,0.0379746835443038,0.19113504899419623,16
1,tv_l_yug,956,0.028242677824267783,0.1656654127257177,16
1,tv_l_ova,958,0.008350730688935281,0.09099997794448172,16
1,tv_l_sup,956,0.006276150627615063,0.07897316354885721,16
1,tv_l_pul,957,0.00522466039707419,0.07209274111038808,16
1,tv_l_ove,493,0.04056795131845842,0.1972870817977741,16
1,fr_antfa,727,0.16368638239339753,0.36999074395498055,16
1,fr_tvs_a,270,0.1,0.30000000000000004,16
1,fr_viaje,9,0.1111111111111111,0.31426968052735443,16
1,fr_estro,10,0.0,0.0,16
1,fr_varic,33,0.09090909090909091,0.28747978728803447,16
1,fr_antec,1,0.0,0.0,16
1,ana_dime,174,1.5747126436781609,0.528110575064834,16
1,ana_crea,46,0.8913043478260869,0.31125697963644244,16
1,ana_trop,849,0.856301531213192,0.35078372090952964,16
1,tension_,68,127.41176470588235,25.089976492918943,16
1,ana_hemo,3,12.933333333333332,0.094280904158206,16
1,ana_plaq,3,247.66666666666666,114.76449315397551,16
1,ana_leuc,15,7.990000000000001,2.572467038985469,16
1,ana_neu,1072,6.42142723880597,2.962229948067536,16
1,protcrea,1321,36.15632096896291,46.62273968738366,16
1,splanchnic,468,0.03205128205128205,0.17613630338505235,16
2,raza,440,2.8772727272727274,0.6204337325846537,16
2,ant_inf,27,0.0,0.0,16
2,ant_isq,28,0.0,0.0,16
2,ant_clau,27,0.037037037037037035,0.18885257457751053,16
2,fum_act,31,0.16129032258064516,0.3677985242255284,16
2,diabetes,26,0.11538461538461539,0.31948553318915673,16
2,hip_art,27,0.2962962962962963,0.4566232594791835,16
2,insf_car,5,0.0,0.0,16
2,fibr_aur,205,0.004878048780487805,0.06967247247358878,16
2,trat_est,32,0.09375,0.2914805954090255,16
2,var171,18,0.05555555555555555,0.2290614236454256,16
2,tv_l_esu,363,0.01652892561983471,0.12749792248381414,16
2,tvp_orig,1294,0.2403400309119011,0.4272899489259811,16
2,tv_l_ein,268,0.7798507462686567,0.4143471489136566,16
2,tvp_prox,528,0.8371212121212122,0.3692550451082892,16
2,tv_l_svc,480,0.016666666666666666,0.12801909579781015,16
2,tv_l_vre,499,0.01002004008016032,0.09959738388608558,16
2,tv_l_vrn,488,0.0,0.0,16
2,tv_l_vca,948,0.04535864978902954,0.20808950641093293,16
2,tv_l_yug,956,0.02405857740585774,0.1532310747174479,16
2,tv_l_ova,958,0.010438413361169102,0.10163391603038067,16
2,tv_l_sup,956,0.011506276150627616,0.10664840251861776,16
2,tv_l_pul,957,0.0,0.0,16
2,tv_l_ove,493,0.04665314401622718,0.21089482727091327,16
2,fr_antfa,727,0.15268225584594222,0.3596809483357945,16
2,fr_tvs_a,270,0.06666666666666667,0.24944382578492946,16
2,fr_viaje,9,0.0,0.0,16
2,fr_estro,10,0.0,0.0,16
2,fr_varic,33,0.12121212121212122,0.3263736246748184,16
2,fr_antec,1,0.0,0.0,16
2,ana_dime,174,1.5977011494252873,0.5458257503716675,16
2,ana_crea,46,0.8913043478260869,0.31125697963644244,16
2,ana_trop,849,0.8904593639575972,0.3123163221764573,16
2,tension_,68,133.58823529411765,23.10031531113912,16
2,ana_hemo,3,14.733333333333334,0.5792715732327591,16
2,ana_plaq,3,194.33333333333334,45.40435612973226,16
2,ana_leuc,15,8.045333333333334,3.1934116900616214,16
2,ana_neu,1072,6.430186567164179,3.0107531416770232,16
2,protcrea,1321,54.30492051476155,56.353524616719554,16
2,splanchnic,468,0.021367521367521368,0.14460619073238146,16
3,raza,440,2.859090909090909,0.788069615584984,16
3,ant_inf,27,0.037037037037037035,0.18885257457751053,16
3,ant_isq,28,0.03571428571428571,0.1855768722395226,16
3,ant_clau,27,0.0,0.0,16
3,fum_act,31,0.2903225806451613,0.4539112025635577,16
3,diabetes,26,0.038461538461538464,0.1923076923076923,16
3,hip_art,27,0.2222222222222222,0.4157397096415491,16
3,insf_car,5,0.0,0.0,16
3,fibr_aur,205,0.0,0.0,16
3,trat_est,32,0.125,0.33071891388307384,16
3,var171,18,0.0,0.0,16
3,tv_l_esu,363,0.01652892561983471,0.12749792248381414,16
3,tvp_orig,1294,0.32921174652241114,0.4699269863224231,16
3,tv_l_ein,268,0.8134328358208955,0.38956367570561756,16
3,tvp_prox,528,0.8143939393939394,0.3887884397360086,16
3,tv_l_svc,480,0.008333333333333333,0.09090593428863097,16
3,tv_l_vre,499,0.012024048096192385,0.10899298309328374,16
3,tv_l_vrn,488,0.00819672131147541,0.09016393442622953,16
3,tv_l_vca,948,0.06751054852320675,0.25090411387879336,16
3,tv_l_yug,956,0.02405857740585774,0.1532310747174479,16
3,tv_l_ova,958,0.007306889352818371,0.08516747454752925,16
3,tv_l_sup,956,0.007322175732217573,0.08525585888819662,16
3,tv_l_pul,957,0.0020898641588296763,0.045667238000861345,16
3,tv_l_ove,493,0.058823529411764705,0.23529411764705885,16
3,fr_antfa,727,0.19257221458046767,0.39431986603776636,16
3,fr_tvs_a,270,0.025925925925925925,0.15891435520685138,16
3,fr_viaje,9,0.0,0.0,16
3,fr_estro,10,0.0,0.0,16
3,fr_varic,33,0.09090909090909091,0.28747978728803447,16
3,fr_antec,1,0.0,0.0,16
3,ana_dime,174,1.632183908045977,0.5167302711031959,16
3,ana_crea,46,0.9782608695652174,0.14583052027172538,16
3,ana_trop,849,0.9057714958775029,0.2921463556735453,16
3,tension_,68,131.02941176470588,21.07198487833557,16
3,ana_hemo,3,13.4,2.987752778706209,16
3,ana_plaq,3,202.0,39.75759885439093,16
3,ana_leuc,15,8.842,4.115711684103573,16
3,ana_neu,1072,6.480494402985075,3.2640941290314576,16
3,protcrea,1321,53.31872823618472,55.80615259332813,16
3,splanchnic,468,0.023504273504273504,0.1514985895357109,16
4,raza,440,2.918181818181818,0.6793287888097965,16
4,ant_inf,27,0.037037037037037035,0.18885257457751053,16
4,ant_isq,28,0.0,0.0,16
4,ant_clau,27,0.037037037037037035,0.18885257457751053,16
4,fum_act,31,0.3870967741935484,0.487086092598113,16
4,diabetes,26,0.07692307692307693,0.26646935501059654,16
4,hip_art,27,0.25925925925925924,0.438228132081453,16
4,insf_car,5,0.0,0.0,16
4,fibr_aur,205,0.00975609756097561,0.09828995941273115,16
4,trat_est,32,0.125,0.33071891388307384,16
4,var171,18,0.05555555555555555,0.2290614236454256,16
4,tv_l_esu,363,0.013774104683195593,0.11655204298240318,16
4,tvp_orig,1294,0.384080370942813,0.48637705496789646,16
4,tv_l_ein,268,0.7761194029850746,0.4168429863811624,16
4,tvp_prox,528,0.8352272727272727,0.37097530324785055,16
4,tv_l_svc,480,0.014583333333333334,0.11987768650679835,16
4,tv_l_vre,499,0.002004008016032064,0.04472126974833947,16
4,tv_l_vrn,488,0.004098360655737705,0.06388711995131105,16
4,tv_l_vca,948,0.05907172995780591,0.2357589037079999,16
4,tv_l_yug,956,0.027196652719665274,0.16265606290732354,16
4,tv_l_ova,958,0.0,0.0,16
4,tv_l_sup,956,0.010460251046025104,0.10173904950450066,16
4,tv_l_pul,957,0.0,0.0,16
4,tv_l_ove,493,0.036511156186612576,0.1875582353844516,16
4,fr_antfa,727,0.13892709766162312,0.3458704370092086,16
4,fr_tvs_a,270,0.07777777777777778,0.2678215731820878,16
4,fr_viaje,9,0.0,0.0,16
4,fr_estro,10,0.0,0.0,16
4,fr_varic,33,0.06060606060606061,0.2386062992124791,16
4,fr_antec,1,1.0,0.0,16
4,ana_dime,174,1.603448275862069,0.5232410657066731,16
4,ana_crea,46,0.9347826086956522,0.24690905851305534,16
4,ana_trop,849,0.9045936395759717,0.29377540199048097,16
4,tension_,68,132.7058823529412,21.202149463403753,16
4,ana_hemo,3,10.9,0.9416297927883693,16
4,ana_plaq,3,216.33333333333334,79.72591938775132,16
4,ana_leuc,15,9.184666666666667,3.441859704029527,16
4,ana_neu,1072,6.811408582089552,3.1404553888693574,16
4,protcrea,1321,36.20199848599546,45.62771589149119,16
4,splanchnic,468,0.038461538461538464,0.1923076923076923,16
5,raza,440,2.8772727272727274,0.6831955784013151,16
5,ant_inf,27,0.1111111111111111,0.3142696805273545,16
5,ant_isq,28,0.0,0.0,16
5,ant_clau,27,0.0,0.0,16
5,fum_act,31,0.2903225806451613,0.45391120256355777,16
5,diabetes,26,0.07692307692307693,0.2664693550105965,16
5,hip_art,27,0.25925925925925924,0.438228132081453,16
5,insf_car,5,0.0,0.0,16
5,fibr_aur,205,0.004878048780487805,0.06967247247358878,16
5,trat_est,32,0.15625,0.3630921887069453,16
5,var171,18,0.1111111111111111,0.31426968052735443,16
5,tv_l_esu,363,0.013774104683195593,0.11655204298240317,16
5,tvp_orig,1294,0.3029366306027821,0.45952804967903277,16
5,tv_l_ein,268,0.8134328358208955,0.38956367570561756,16
5,tvp_prox,528,0.8541666666666666,0.35293904887702954,16
5,tv_l_svc,480,0.014583333333333334,0.11987768650679835,16
5,tv_l_vre,499,0.004008016032064128,0.06318189487148075,16
5,tv_l_vrn,488,0.004098360655737705,0.06388711995131105,16
5,tv_l_vca,948,0.03691983122362869,0.18856499485866265,16
5,tv_l_yug,956,0.02405857740585774,0.1532310747174479,16
5,tv_l_ova,958,0.007306889352818371,0.08516747454752925,16
5,tv_l_sup,956,0.009414225941422594,0.09656913736461788,16
5,tv_l_pul,957,0.006269592476489028,0.07893215242642113,16
5,tv_l_ove,493,0.032454361054766734,0.17720348614881584,16
5,fr_antfa,727,0.15680880330123798,0.36362040991736366,16
5,fr_tvs_a,270,0.05925925925925926,0.23610929556309967,16
5,fr_viaje,9,0.0,0.0,16
5,fr_estro,10,0.0,0.0,16
5,fr_varic,33,0.12121212121212122,0.3263736246748184,16
5,fr_antec,1,0.0,0.0,16
5,ana_dime,174,1.6494252873563218,0.5006601534430388,16
5,ana_crea,46,0.9130434782608695,0.2817713347133852,16
5,ana_trop,849,0.8810365135453475,0.3237455410429714,16
5,tension_,68,129.11764705882354,19.272450172205364,16
5,ana_hemo,3,14.333333333333334,1.12644968324772,16
5,ana_plaq,3,182.33333333333334,9.428090415820632,16
5,ana_leuc,15,9.717333333333332,4.000930669509561,16
5,ana_neu,1072,6.362238805970149,2.9612067091500034,16
5,protcrea,1321,61.62863739591218,55.09815632616945,16
5,splanchnic,468,0.03418803418803419,0.18171189423478035,16
1,raza,440,2.915909090909091,0.621377934263909,17
1,ant_inf,27,0.0,0.0,17
1,ant_isq,28,0.03571428571428571,0.18557687223952257,17
1,ant_clau,27,0.0,0.0,17
1,fum_act,31,0.1935483870967742,0.39507899077148034,17
1,diabetes,26,0.0,0.0,17
1,hip_art,27,0.2222222222222222,0.4157397096415491,17
1,insf_car,5,0.0,0.0,17
1,fibr_aur,205,0.00975609756097561,0.09828995941273114,17
1,trat_est,32,0.0625,0.24206145913796356,17
1,var171,18,0.1111111111111111,0.3142696805273545,17
1,tv_l_esu,363,0.0,0.0,17
1,tvp_orig,1294,0.22952086553323028,0.42052471724989854,17
1,tv_l_ein,268,0.753731343283582,0.4308368663839122,17
1,tvp_prox,528,0.8939393939393939,0.3079151732257814,17
1,tv_l_svc,480,0.008333333333333333,0.09090593428863097,17
1,tv_l_vre,499,0.002004008016032064,0.04472126974833946,17
1,tv_l_vrn,488,0.01639344262295082,0.12698306053139075,17
1,tv_l_vca,948,0.03375527426160337,0.18059860387369364,17
1,tv_l_yug,956,0.008368200836820083,0.0910943140463483,17
1,tv_l_ova,958,0.008350730688935281,0.09099997794448172,17
1,tv_l_sup,956,0.0041841004184100415,0.06454915740812346,17
1,tv_l_pul,957,0.00522466039707419,0.07209274111038806,17
1,tv_l_ove,493,0.06490872210953347,0.24636472942294482,17
1,fr_antfa,727,0.17606602475928473,0.3808763312214973,17
1,fr_tvs_a,270,0.05185185185185185,0.2217278451421595,17
1,fr_viaje,9,0.0,0.0,17
1,fr_estro,10,0.2,0.4000000000000001,17
1,fr_varic,33,0.21212121212121213,0.40881022918884974,17
1,fr_antec,1,0.0,0.0,17
1,ana_dime,174,1.6091954022988506,0.5436429236958836,17
1,ana_crea,46,0.9130434782608695,0.2817713347133852,17
1,ana_trop,849,0.8881036513545347,0.31523888688624335,17
1,tension_,68,131.11764705882354,19.042930919190972,17
1,ana_hemo,3,13.933333333333332,0.5734883511361752,17
1,ana_plaq,3,188.66666666666666,13.912424503139471,17
1,ana_leuc,15,7.419999999999999,2.7976275663497456,17
1,ana_neu,1072,6.570121268656717,3.018509331779543,17
1,protcrea,1321,64.74328538985617,52.46861678440063,17
1,splanchnic,468,0.03205128205128205,0.17613630338505235,17
2,raza,440,2.8772727272727274,0.62408610870166,17
2,ant_inf,27,0.07407407407407407,0.2618914004394621,17
2,ant_isq,28,0.0,0.0,17
2,ant_clau,27,0.0,0.0,17
2,fum_act,31,0.2903225806451613,0.4539112025635577,17
2,diabetes,26,0.0,0.0,17
2,hip_art,27,0.2222222222222222,0.4157397096415491,17
2,insf_car,5,0.0,0.0,17
2,fibr_aur,205,0.00975609756097561,0.09828995941273115,17
2,trat_est,32,0.125,0.33071891388307384,17
2,var171,18,0.0,0.0,17
2,tv_l_esu,363,0.0027548209366391185,0.05241404294887176,17
2,tvp_orig,1294,0.21020092735703247,0.4074512210010862,17
2,tv_l_ein,268,0.8283582089552238,0.3770688088555158,17
2,tvp_prox,528,0.8825757575757576,0.32192513060544864,17
2,tv_l_svc,480,0.0125,0.11110243021644485,17
2,tv_l_vre,499,0.01002004008016032,0.09959738388608556,17
2,tv_l_vrn,488,0.004098360655737705,0.06388711995131105,17
2,tv_l_vca,948,0.06118143459915612,0.2396628186839696,17
2,tv_l_yug,956,0.012552301255230125,0.11133167109330602,17
2,tv_l_ova,958,0.009394572025052192,0.09646923883559098,17
2,tv_l_sup,956,0.012552301255230125,0.11133167109330601,17
2,tv_l_pul,957,0.0,0.0,17
2,tv_l_ove,493,0.04259634888438134,0.20194528948728022,17
2,fr_antfa,727,0.14580467675378267,0.35291029028707516,17
2,fr_tvs_a,270,0.03333333333333333,0.17950549357115014,17
2,fr_viaje,9,0.0,0.0,17
2,fr_estro,10,0.0,0.0,17
2,fr_varic,33,0.15151515151515152,0.35855028988482524,17
2,fr_antec,1,0.0,0.0,17
2,ana_dime,174,1.5862068965517242,0.5581522088358153,17
2,ana_crea,46,0.8913043478260869,0.31125697963644244,17
2,ana_trop,849,0.8574793875147232,0.34958330552544753,17
2,tension_,68,132.66176470588235,21.251719857127167,17
2,ana_hemo,3,12.166666666666666,1.2364824660660942,17
2,ana_plaq,3,193.0,28.331372481167705,17
2,ana_leuc,15,7.638,3.1472489574229745,17
2,ana_neu,1072,6.882089552238806,3.0393293151631737,17
2,protcrea,1321,78.80179409538229,59.40979480340668,17
2,splanchnic,468,0.038461538461538464,0.1923076923076923,17
3,raza,440,2.952272727272727,0.5680863556168344,17
3,ant_inf,27,0.0,0.0,17
3,ant_isq,28,0.0,0.0,17
3,ant_clau,27,0.0,0.0,17
3,fum_act,31,0.2903225806451613,0.4539112025635577,17
3,diabetes,26,0.11538461538461539,0.31948553318915673,17
3,hip_art,27,0.14814814814814814,0.3552467795046459,17
3,insf_car,5,0.2,0.4,17
3,fibr_aur,205,0.014634146341463415,0.12008325487893826,17
3,trat_est,32,0.125,0.33071891388307384,17
3,var171,18,0.0,0.0,17
3,tv_l_esu,363,0.008264462809917356,0.09053265413308531,17
3,tvp_orig,1294,0.23183925811437403,0.4220068915448546,17
3,tv_l_ein,268,0.8022388059701493,0.39831106457860094,17
3,tvp_prox,528,0.8806818181818182,0.3241625414908162,17
3,tv_l_svc,480,0.020833333333333332,0.1428261375083551,17
3,tv_l_vre,499,0.006012024048096192,0.0773038137153744,17
3,tv_l_vrn,488,0.006147540983606557,0.0781648816506584,17
3,tv_l_vca,948,0.06223628691983123,0.24158421204678024,17
3,tv_l_yug,956,0.030334728033472803,0.1715066538318792,17
3,tv_l_ova,958,0.0,0.0,17
3,tv_l_sup,956,0.006276150627615063,0.07897316354885721,17
3,tv_l_pul,957,0.0041797283176593526,0.06451556547725448,17
3,tv_l_ove,493,0.04056795131845842,0.19728708179777407,17
3,fr_antfa,727,0.13204951856946354,0.3385445956074863,17
3,fr_tvs_a,270,0.07037037037037037,0.2557701728980673,17
3,fr_viaje,9,0.0,0.0,17
3,fr_estro,10,0.0,0.0,17
3,fr_varic,33,0.15151515151515152,0.35855028988482524,17
3,fr_antec,1,0.0,0.0,17
3,ana_dime,174,1.5114942528735633,0.5846553729671732,17
3,ana_crea,46,0.8913043478260869,0.3112569796364425,17
3,ana_trop,849,0.8916372202591284,0.3108380409597625,17
3,tension_,68,130.36764705882354,19.167914682802543,17
3,ana_hemo,3,13.5,0.4320493798938572,17
3,ana_plaq,3,222.0,55.17849822772152,17
3,ana_leuc,15,7.921999999999999,3.727766444758398,17
3,ana_neu,1072,6.555429104477612,3.0209864212969237,17
3,protcrea,1321,71.81229371688116,60.422595356676524,17
3,splanchnic,468,0.019230769230769232,0.1373351620873625,17
4,raza,440,2.8704545454545456,0.6208789757105154,17
4,ant_inf,27,0.0,0.0,17
4,ant_isq,28,0.03571428571428571,0.1855768722395226,17
4,ant_clau,27,0.0,0.0,17
4,fum_act,31,0.1935483870967742,0.3950789907714804,17
4,diabetes,26,0.07692307692307693,0.26646935501059654,17
4,hip_art,27,0.2222222222222222,0.41573970964154905,17
4,insf_car,5,0.0,0.0,17
4,fibr_aur,205,0.024390243902439025,0.15425744683748188,17
4,trat_est,32,0.15625,0.3630921887069453,17
4,var171,18,0.05555555555555555,0.2290614236454256,17
4,tv_l_esu,363,0.008264462809917356,0.09053265413308531,17
4,tvp_orig,1294,0.1846986089644513,0.3880528737312069,17
4,tv_l_ein,268,0.7276119402985075,0.4451885046062496,17
4,tvp_prox,528,0.8787878787878788,0.3263736246748184,17
4,tv_l_svc,480,0.0020833333333333333,0.04559597630883184,17
4,tv_l_vre,499,0.006012024048096192,0.0773038137153744,17
4,tv_l_vrn,488,0.00819672131147541,0.09016393442622951,17
4,tv_l_vca,948,0.029535864978902954,0.16930297593028593,17
4,tv_l_yug,956,0.015690376569037656,0.12427465007860393,17
4,tv_l_ova,958,0.0,0.0,17
4,tv_l_sup,956,0.011506276150627616,0.10664840251861776,17
4,tv_l_pul,957,0.01044932079414838,0.10168644201214515,17
4,tv_l_ove,493,0.036511156186612576,0.1875582353844516,17
4,fr_antfa,727,0.17056396148555708,0.3761275003611282,17
4,fr_tvs_a,270,0.05555555555555555,0.2290614236454256,17
4,fr_viaje,9,0.0,0.0,17
4,fr_estro,10,0.0,0.0,17
4,fr_varic,33,0.15151515151515152,0.35855028988482524,17
4,fr_antec,1,1.0,0.0,17
4,ana_dime,174,1.5517241379310345,0.5520832164838082,17
4,ana_crea,46,0.9130434782608695,0.2817713347133852,17
4,ana_trop,849,0.9104829210836278,0.2854886538877722,17
4,tension_,68,126.13235294117646,23.384198040409245,17
4,ana_hemo,3,13.6,2.3846732830026562,17
4,ana_plaq,3,177.33333333333334,31.329787033357817,17
4,ana_leuc,15,8.806000000000001,3.9601949446965357,17
4,ana_neu,1072,6.686651119402986,3.122253580838438,17
4,protcrea,1321,65.52389099167297,51.96506365847878,17
4,splanchnic,468,0.038461538461538464,0.1923076923076923,17
5,raza,440,2.981818181818182,0.567799871622807,17
5,ant_inf,27,0.037037037037037035,0.18885257457751053,17
5,ant_isq,28,0.0,0.0,17
5,ant_clau,27,0.0,0.0,17
5,fum_act,31,0.3548387096774194,0.47846441852230076,17
5,diabetes,26,0.0,0.0,17
5,hip_art,27,0.18518518518518517,0.3884477215445007,17
5,insf_car,5,0.0,0.0,17
5,fibr_aur,205,0.004878048780487805,0.06967247247358878,17
5,trat_est,32,0.03125,0.17399263633843817,17
5,var171,18,0.05555555555555555,0.2290614236454256,17
5,tv_l_esu,363,0.011019283746556474,0.10439281168868549,17
5,tvp_orig,1294,0.23493044822256567,0.4239553428375565,17
5,tv_l_ein,268,0.835820895522388,0.37043801928330916,17
5,tvp_prox,528,0.8882575757575758,0.3150492895831545,17
5,tv_l_svc,480,0.00625,0.07880950133074056,17
5,tv_l_vre,499,0.002004008016032064,0.04472126974833946,17
5,tv_l_vrn,488,0.00819672131147541,0.09016393442622953,17
5,tv_l_vca,948,0.05379746835443038,0.2256175985003928,17
5,tv_l_yug,956,0.011506276150627616,0.10664840251861778,17
5,tv_l_ova,958,0.012526096033402923,0.11121687350202257,17
5,tv_l_sup,956,0.01882845188284519,0.13591887757975557,17
5,tv_l_pul,957,0.003134796238244514,0.05590142476528843,17
5,tv_l_ove,493,0.034482758620689655,0.18246560765962694,17
5,fr_antfa,727,0.11691884456671252,0.32132355710700305,17
5,fr_tvs_a,270,0.07777777777777778,0.2678215731820878,17
5,fr_viaje,9,0.0,0.0,17
5,fr_estro,10,0.0,0.0,17
5,fr_varic,33,0.15151515151515152,0.35855028988482524,17
5,fr_antec,1,0.0,0.0,17
5,ana_dime,174,1.7183908045977012,0.462384806563464,17
5,ana_crea,46,0.9130434782608695,0.28177133471338517,17
5,ana_trop,849,0.8704358068315665,0.33582333602215064,17
5,tension_,68,134.13235294117646,24.324342933973575,17
5,ana_hemo,3,13.633333333333333,1.8909139471577112,17
5,ana_plaq,3,245.66666666666666,161.57213731196217,17
5,ana_leuc,15,8.751333333333333,4.36416752911964,17
5,ana_neu,1072,6.7367070895522385,2.9820633376949535,17
5,protcrea,1321,68.13585919757759,52.73028068407952,17
5,splanchnic,468,0.023504273504273504,0.1514985895357109,17
1,raza,440,2.9136363636363636,0.633744610552988,18
1,ant_inf,27,0.037037037037037035,0.18885257457751053,18
1,ant_isq,28,0.0,0.0,18
1,ant_clau,27,0.0,0.0,18
1,fum_act,31,0.25806451612903225,0.4375696763306625,18
1,diabetes,26,0.07692307692307693,0.26646935501059654,18
1,hip_art,27,0.25925925925925924,0.438228132081453,18
1,insf_car,5,0.0,0.0,18
1,fibr_aur,205,0.0,0.0,18
1,trat_est,32,0.125,0.33071891388307384,18
1,var171,18,0.0,0.0,18
1,tv_l_esu,363,0.01652892561983471,0.12749792248381417,18
1,tvp_orig,1294,0.4095826893353941,0.49175675890848736,18
1,tv_l_ein,268,0.7350746268656716,0.441293462226629,18
1,tvp_prox,528,0.9053030303030303,0.29279592488144524,18
1,tv_l_svc,480,0.020833333333333332,0.14282613750835507,18
1,tv_l_vre,499,0.006012024048096192,0.0773038137153744,18
1,tv_l_vrn,488,0.006147540983606557,0.0781648816506584,18
1,tv_l_vca,948,0.04852320675105485,0.21486904187818506,18
1,tv_l_yug,956,0.02301255230125523,0.14994323838652152,18
1,tv_l_ova,958,0.007306889352818371,0.08516747454752925,18
1,tv_l_sup,956,0.015690376569037656,0.12427465007860393,18
1,tv_l_pul,957,0.00522466039707419,0.07209274111038806,18
1,tv_l_ove,493,0.04665314401622718,0.21089482727091327,18
1,fr_antfa,727,0.1623108665749656,0.36873574435718776,18
1,fr_tvs_a,270,0.040740740740740744,0.1976889799271484,18
1,fr_viaje,9,0.0,0.0,18
1,fr_estro,10,0.2,0.4000000000000001,18
1,fr_varic,33,0.06060606060606061,0.23860629921247914,18
1,fr_antec,1,0.0,0.0,18
1,ana_dime,174,1.5172413793103448,0.5542328023559169,18
1,ana_crea,46,0.8695652173913043,0.33678116053977547,18
1,ana_trop,849,0.8645465253239105,0.3422072922575781,18
1,tension_,68,130.9558823529412,20.557976714025006,18
1,ana_hemo,3,14.033333333333333,1.3274871834493256,18
1,ana_plaq,3,261.3333333333333,48.45157949495099,18
1,ana_leuc,15,9.523333333333333,4.040903639314135,18
1,ana_neu,1072,6.503320895522387,3.1369510249359904,18
1,protcrea,1321,56.770953822861465,59.047255128644544,18
1,splanchnic,468,0.02564102564102564,0.15806189751202504,18
2,raza,440,2.9136363636363636,0.4970782401790528,18
2,ant_inf,27,0.037037037037037035,0.18885257457751053,18
2,ant_isq,28,0.03571428571428571,0.1855768722395226,18
2,ant_clau,27,0.0,0.0,18
2,fum_act,31,0.1935483870967742,0.39507899077148034,18
2,diabetes,26,0.07692307692307693,0.26646935501059654,18
2,hip_art,27,0.2962962962962963,0.4566232594791835,18
2,insf_car,5,0.0,0.0,18
2,fibr_aur,205,0.014634146341463415,0.12008325487893826,18
2,trat_est,32,0.15625,0.3630921887069453,18
2,var171,18,0.0,0.0,18
2,tv_l_esu,363,0.01652892561983471,0.12749792248381417,18
2,tvp_orig,1294,0.41190108191653785,0.4921773873640717,18
2,tv_l_ein,268,0.753731343283582,0.4308368663839122,18
2,tvp_prox,528,0.8200757575757576,0.38412434108281246,18
2,tv_l_svc,480,0.010416666666666666,0.1015291077584267,18
2,tv_l_vre,499,0.014028056112224449,0.11760641884666298,18
2,tv_l_vrn,488,0.0020491803278688526,0.04522146821867606,18
2,tv_l_vca,948,0.08649789029535865,0.2810978571064012,18
2,tv_l_yug,956,0.005230125523012552,0.07213023852744482,18
2,tv_l_ova,958,0.003131524008350731,0.055872332739342945,18
2,tv_l_sup,956,0.006276150627615063,0.07897316354885721,18
2,tv_l_pul,957,0.0,0.0,18
2,tv_l_ove,493,0.036511156186612576,0.1875582353844516,18
2,fr_antfa,727,0.15955983493810177,0.3661973429895792,18
2,fr_tvs_a,270,0.04814814814814815,0.21407920024619895,18
2,fr_viaje,9,0.0,0.0,18
2,fr_estro,10,0.0,0.0,18
2,fr_varic,33,0.15151515151515152,0.35855028988482524,18
2,fr_antec,1,0.0,0.0,18
2,ana_dime,174,1.528735632183908,0.5840618857890806,18
2,ana_crea,46,0.9347826086956522,0.24690905851305536,18
2,ana_trop,849,0.8633686690223793,0.3434577271992939,18
2,tension_,68,132.23529411764707,21.632028029710963,18
2,ana_hemo,3,11.866666666666667,0.8379870059984357,18
2,ana_plaq,3,271.56666666666666,27.112891562666068,18
2,ana_leuc,15,9.540666666666668,4.129917620916373,18
2,ana_neu,1072,6.573964552238807,3.1987627112794432,18
2,protcrea,1321,53.29494322482967,56.30740765939038,18
2,splanchnic,468,0.023504273504273504,0.1514985895357109,18
3,raza,440,2.8704545454545456,0.5985131370376188,18
3,ant_inf,27,0.0,0.0,18
3,ant_isq,28,0.0,0.0,18
3,ant_clau,27,0.0,0.0,18
3,fum_act,31,0.25806451612903225,0.4375696763306625,18
3,diabetes,26,0.07692307692307693,0.26646935501059654,18
3,hip_art,27,0.2962962962962963,0.4566232594791835,18
3,insf_car,5,0.2,0.4000000000000001,18
3,fibr_aur,205,0.0,0.0,18
3,trat_est,32,0.09375,0.2914805954090255,18
3,var171,18,0.0,0.0,18
3,tv_l_esu,363,0.013774104683195593,0.11655204298240317,18
3,tvp_orig,1294,0.4234930448222566,0.494112017471171,18
3,tv_l_ein,268,0.7350746268656716,0.441293462226629,18
3,tvp_prox,528,0.9109848484848485,0.28476561294490266,18
3,tv_l_svc,480,0.010416666666666666,0.1015291077584267,18
3,tv_l_vre,499,0.008016032064128256,0.08917272729974746,18
3,tv_l_vrn,488,0.004098360655737705,0.06388711995131105,18
3,tv_l_vca,948,0.06856540084388185,0.252713645557575,18
3,tv_l_yug,956,0.03347280334728033,0.1798676590812107,18
3,tv_l_ova,958,0.006263048016701462,0.07889120512605924,18
3,tv_l_sup,956,0.01882845188284519,0.13591887757975557,18
3,tv_l_pul,957,0.012539184952978056,0.1112742278952906,18
3,tv_l_ove,493,0.0973630831643002,0.2964515360072229,18
3,fr_antfa,727,0.1746905089408528,0.3797021662129921,18
3,fr_tvs_a,270,0.040740740740740744,0.1976889799271484,18
3,fr_viaje,9,0.0,0.0,18
3,fr_estro,10,0.0,0.0,18
3,fr_varic,33,0.06060606060606061,0.2386062992124791,18
3,fr_antec,1,0.0,0.0,18
3,ana_dime,174,1.5804597701149425,0.5380550500527836,18
3,ana_crea,46,0.8695652173913043,0.33678116053977547,18
3,ana_trop,849,0.8786808009422851,0.32649785756986144,18
3,tension_,68,132.69117647058823,22.71903668793379,18
3,ana_hemo,3,13.9,1.2192894105447925,18
3,ana_plaq,3,358.0,188.71318625540363,18
3,ana_leuc,15,9.312666666666669,3.7536887931147884,18
3,ana_neu,1072,6.578610074626866,3.045543114599361,18
3,protcrea,1321,105.2864723694171,58.46446840716725,18
3,splanchnic,468,0.03418803418803419,0.18171189423478035,18
4,raza,440,2.8954545454545455,0.5900518257109229,18
4,ant_inf,27,0.1111111111111111,0.31426968052735443,18
4,ant_isq,28,0.0,0.0,18
4,ant_clau,27,0.037037037037037035,0.18885257457751053,18
4,fum_act,31,0.22580645161290322,0.4181123031230878,18
4,diabetes,26,0.15384615384615385,0.36080121229410994,18
4,hip_art,27,0.2222222222222222,0.41573970964154905,18
4,insf_car,5,0.0,0.0,18
4,fibr_aur,205,0.0,0.0,18
4,trat_est,32,0.125,0.33071891388307384,18
4,var171,18,0.05555555555555555,0.2290614236454256,18
4,tv_l_esu,363,0.005509641873278237,0.0740221974795835,18
4,tvp_orig,1294,0.3972179289026275,0.48932182238373007,18
4,tv_l_ein,268,0.753731343283582,0.4308368663839122,18
4,tvp_prox,528,0.8863636363636364,0.3173690919038396,18
4,tv_l_svc,480,0.010416666666666666,0.1015291077584267,18
4,tv_l_vre,499,0.008016032064128256,0.08917272729974747,18
4,tv_l_vrn,488,0.0020491803278688526,0.04522146821867605,18
4,tv_l_vca,948,0.07383966244725738,0.26150978317633256,18
4,tv_l_yug,956,0.015690376569037656,0.12427465007860394,18
4,tv_l_ova,958,0.005219206680584551,0.07205530211032282,18
4,tv_l_sup,956,0.02092050209205021,0.14311825419654453,18
4,tv_l_pul,957,0.00522466039707419,0.07209274111038808,18
4,tv_l_ove,493,0.04259634888438134,0.20194528948728022,18
4,fr_antfa,727,0.14305364511691884,0.35012754781033933,18
4,fr_tvs_a,270,0.05185185185185185,0.22172784514215954,18
4,fr_viaje,9,0.0,0.0,18
4,fr_estro,10,0.0,0.0,18
4,fr_varic,33,0.18181818181818182,0.385694607919935,18
4,fr_antec,1,0.0,0.0,18
4,ana_dime,174,1.632183908045977,0.5385152540286197,18
4,ana_crea,46,0.9130434782608695,0.2817713347133852,18
4,ana_trop,849,0.8845700824499411,0.31954006272210295,18
4,tension_,68,132.2941176470588,22.92318298882379,18
4,ana_hemo,3,13.566666666666668,2.2647050335284042,18
4,ana_plaq,3,207.0,68.00490178411161,18
4,ana_leuc,15,9.807333333333334,3.70888746421649,18
4,ana_neu,1072,6.616772388059702,3.1627204413263987,18
4,protcrea,1321,29.37320968962907,41.92587903397282,18
4,splanchnic,468,0.023504273504273504,0.1514985895357109,18
5,raza,440,2.9318181818181817,0.6874765210115533,18
5,ant_inf,27,0.0,0.0,18
5,ant_isq,28,0.03571428571428571,0.1855768722395226,18
5,ant_clau,27,0.0,0.0,18
5,fum_act,31,0.25806451612903225,0.4375696763306625,18
5,diabetes,26,0.11538461538461539,0.31948553318915673,18
5,hip_art,27,0.2962962962962963,0.4566232594791834,18
5,insf_car,5,0.0,0.0,18
5,fibr_aur,205,0.00975609756097561,0.09828995941273115,18
5,trat_est,32,0.125,0.33071891388307384,18
5,var171,18,0.05555555555555555,0.2290614236454256,18
5,tv_l_esu,363,0.008264462809917356,0.0905326541330853,18
5,tvp_orig,1294,0.5030911901081917,0.49999044445240654,18
5,tv_l_ein,268,0.75,0.4330127018922193,18
5,tvp_prox,528,0.8977272727272727,0.30300662786303145,18
5,tv_l_svc,480,0.004166666666666667,0.06441510347391793,18
5,tv_l_vre,499,0.006012024048096192,0.0773038137153744,18
5,tv_l_vrn,488,0.012295081967213115,0.11019942344056353,18
5,tv_l_vca,948,0.0580168776371308,0.23377536129021168,18
5,tv_l_yug,956,0.027196652719665274,0.16265606290732354,18
5,tv_l_ova,958,0.013569937369519834,0.11569699291384862,18
5,tv_l_sup,956,0.021966527196652718,0.14657420946254984,18
5,tv_l_pul,957,0.01567398119122257,0.12421073828312823,18
5,tv_l_ove,493,0.05070993914807302,0.21940474292884318,18
5,fr_antfa,727,0.1829436038514443,0.38662028097513207,18
5,fr_tvs_a,270,0.06666666666666667,0.24944382578492943,18
5,fr_viaje,9,0.0,0.0,18
5,fr_estro,10,0.1,0.30000000000000004,18
5,fr_varic,33,0.2727272727272727,0.4453617714151233,18
5,fr_antec,1,0.0,0.0,18
5,ana_dime,174,1.5517241379310345,0.5308553213220915,18
5,ana_crea,46,0.9130434782608695,0.2817713347133852,18
5,ana_trop,849,0.8998822143698468,0.3001569833115129,18
5,tension_,68,135.61764705882354,23.54596843958187,18
5,ana_hemo,3,15.566666666666668,2.951082663852181,18
5,ana_plaq,3,267.0,84.86459803710851,18
5,ana_leuc,15,9.888,3.6642401668012976,18
5,ana_neu,1072,6.5933302238805975,3.1826737696138467,18
5,protcrea,1321,50.68993186979561,58.04293614955544,18
5,splanchnic,468,0.021367521367521368,0.14460619073238146,18
1,raza,440,2.825,0.6767653682306474,19
1,ant_inf,27,0.0,0.0,19
1,ant_isq,28,0.0,0.0,19
1,ant_clau,27,0.037037037037037035,0.18885257457751053,19
1,fum_act,31,0.3225806451612903,0.4674637660061109,19
1,diabetes,26,0.11538461538461539,0.31948553318915673,19
1,hip_art,27,0.18518518518518517,0.38844772154450063,19
1,insf_car,5,0.0,0.0,19
1,fibr_aur,205,0.004878048780487805,0.06967247247358878,19
1,trat_est,32,0.0625,0.24206145913796356,19
1,var171,18,0.05555555555555555,0.2290614236454256,19
1,tv_l_esu,363,0.011019283746556474,0.10439281168868549,19
1,tvp_orig,1294,0.3508500772797527,0.4772361056673565,19
1,tv_l_ein,268,0.7686567164179104,0.421691319241393,19
1,tvp_prox,528,0.8806818181818182,0.3241625414908162,19
1,tv_l_svc,480,0.0125,0.11110243021644485,19
1,tv_l_vre,499,0.012024048096192385,0.10899298309328374,19
1,tv_l_vrn,488,0.00819672131147541,0.09016393442622953,19
1,tv_l_vca,948,0.06118143459915612,0.23966281868396958,19
1,tv_l_yug,956,0.014644351464435146,0.12012449556448196,19
1,tv_l_ova,958,0.007306889352818371,0.08516747454752925,19
1,tv_l_sup,956,0.007322175732217573,0.08525585888819662,19
1,tv_l_pul,957,0.003134796238244514,0.05590142476528843,19
1,tv_l_ove,493,0.04665314401622718,0.21089482727091327,19
1,fr_antfa,727,0.19807427785419532,0.39854843909709947,19
1,fr_tvs_a,270,0.05185185185185185,0.22172784514215954,19
1,fr_viaje,9,0.2222222222222222,0.41573970964154905,19
1,fr_estro,10,0.1,0.30000000000000004,19
1,fr_varic,33,0.09090909090909091,0.28747978728803447,19
1,fr_antec,1,0.0,0.0,19
1,ana_dime,174,1.5574712643678161,0.6013647665997708,19
1,ana_crea,46,0.9130434782608695,0.2817713347133852,19
1,ana_trop,849,0.8916372202591284,0.3108380409597625,19
1,tension_,68,130.5,23.244543951848392,19
1,ana_hemo,3,13.6,2.255363976538303,19
1,ana_plaq,3,179.66666666666666,59.252754272598075,19
1,ana_leuc,15,8.288666666666666,3.5733100745511703,19
1,ana_neu,1072,6.648134328358209,3.104611740070368,19
1,protcrea,1321,59.02400454201363,59.81443885822452,19
1,splanchnic,468,0.027777777777777776,0.16433554953054486,19
2,raza,440,2.8704545454545456,0.6564642015631044,19
2,ant_inf,27,0.0,0.0,19
2,ant_isq,28,0.07142857142857142,0.25753937681885636,19
2,ant_clau,27,0.0,0.0,19
2,fum_act,31,0.1935483870967742,0.3950789907714804,19
2,diabetes,26,0.11538461538461539,0.31948553318915673,19
2,hip_art,27,0.3333333333333333,0.4714045207910317,19
2,insf_car,5,0.0,0.0,19
2,fibr_aur,205,0.004878048780487805,0.06967247247358879,19
2,trat_est,32,0.21875,0.41339864235384227,19
2,var171,18,0.05555555555555555,0.2290614236454256,19
2,tv_l_esu,363,0.01928374655647383,0.13752048456582575,19
2,tvp_orig,1294,0.3408037094281298,0.47397947325612816,19
2,tv_l_ein,268,0.7873134328358209,0.40920776057168834,19
2,tvp_prox,528,0.8352272727272727,0.37097530324785055,19
2,tv_l_svc,480,0.010416666666666666,0.1015291077584267,19
2,tv_l_vre,499,0.006012024048096192,0.0773038137153744,19
2,tv_l_vrn,488,0.00819672131147541,0.09016393442622953,19
2,tv_l_vca,948,0.027426160337552744,0.16332166441318063,19
2,tv_l_yug,956,0.036610878661087864,0.18780447871323772,19
2,tv_l_ova,958,0.003131524008350731,0.05587233273934293,19
2,tv_l_sup,956,0.007322175732217573,0.08525585888819662,19
2,tv_l_pul,957,0.0073145245559038665,0.08521163234221571,19
2,tv_l_ove,493,0.06896551724137931,0.2533954906327426,19
2,fr_antfa,727,0.13892709766162312,0.3458704370092086,19
2,fr_tvs_a,270,0.06296296296296296,0.24289633232695695,19
2,fr_viaje,9,0.0,0.0,19
2,fr_estro,10,0.1,0.30000000000000004,19
2,fr_varic,33,0.12121212121212122,0.3263736246748184,19
2,fr_antec,1,0.0,0.0,19
2,ana_dime,174,1.5804597701149425,0.5162506475929856,19
2,ana_crea,46,0.8043478260869565,0.3967019041498838,19
2,ana_trop,849,0.8822143698468787,0.3223541150389637,19
2,tension_,68,134.72058823529412,22.282178046086713,19
2,ana_hemo,3,13.733333333333334,2.684937408746969,19
2,ana_plaq,3,262.0,45.614325235244536,19
2,ana_leuc,15,7.4093333333333335,4.844310018522303,19
2,ana_neu,1072,6.659505597014925,3.2582174296689477,19
2,protcrea,1321,36.20236941710825,48.085878966759545,19
2,splanchnic,468,0.023504273504273504,0.1514985895357109,19
3,raza,440,2.890909090909091,0.7051170701696479,19
3,ant_inf,27,0.0,0.0,19
3,ant_isq,28,0.0,0.0,19
3,ant_clau,27,0.0,0.0,19
3,fum_act,31,0.41935483870967744,0.49345350131543086,19
3,diabetes,26,0.038461538461538464,0.1923076923076923,19
3,hip_art,27,0.25925925925925924,0.438228132081453,19
3,insf_car,5,0.0,0.0,19
3,fibr_aur,205,0.0,0.0,19
3,trat_est,32,0.0625,0.24206145913796356,19
3,var171,18,0.05555555555555555,0.2290614236454256,19
3,tv_l_esu,363,0.005509641873278237,0.0740221974795835,19
3,tvp_orig,1294,0.21947449768160743,0.4138906166477002,19
3,tv_l_ein,268,0.832089552238806,0.373786743068597,19
3,tvp_prox,528,0.8693181818181818,0.3370520443173612,19
3,tv_l_svc,480,0.010416666666666666,0.1015291077584267,19
3,tv_l_vre,499,0.004008016032064128,0.06318189487148075,19
3,tv_l_vrn,488,0.010245901639344262,0.10070215061725915,19
3,tv_l_vca,948,0.029535864978902954,0.16930297593028593,19
3,tv_l_yug,956,0.01778242677824268,0.13215979750332213,19
3,tv_l_ova,958,0.005219206680584551,0.07205530211032282,19
3,tv_l_sup,956,0.011506276150627616,0.10664840251861776,19
3,tv_l_pul,957,0.0020898641588296763,0.045667238000861345,19
3,tv_l_ove,493,0.0486815415821501,0.21520141517038288,19
3,fr_antfa,727,0.16368638239339753,0.36999074395498055,19
3,fr_tvs_a,270,0.05555555555555555,0.22906142364542556,19
3,fr_viaje,9,0.2222222222222222,0.41573970964154905,19
3,fr_estro,10,0.0,0.0,19
3,fr_varic,33,0.15151515151515152,0.3585502898848252,19
3,fr_antec,1,0.0,0.0,19
3,ana_dime,174,1.6091954022988506,0.5329665802009026,19
3,ana_crea,46,0.8478260869565217,0.3591893835186588,19
3,ana_trop,849,0.8763250883392226,0.3292103095081871,19
3,tension_,68,134.19117647058823,22.793999050924874,19
3,ana_hemo,3,14.366666666666667,1.6779617264870959,19
3,ana_plaq,3,164.66666666666666,30.26916289265731,19
3,ana_leuc,15,7.741333333333333,4.254533059638338,19
3,ana_neu,1072,6.4778264925373135,3.0584062092519178,19
3,protcrea,1321,49.85476911430734,45.67159825838241,19
3,splanchnic,468,0.023504273504273504,0.1514985895357109,19
4,raza,440,2.918181818181818,0.6198506884993014,19
4,ant_inf,27,0.0,0.0,19
4,ant_isq,28,0.03571428571428571,0.1855768722395226,19
4,ant_clau,27,0.0,0.0,19
4,fum_act,31,0.22580645161290322,0.4181123031230878,19
4,diabetes,26,0.0,0.0,19
4,hip_art,27,0.2222222222222222,0.4157397096415491,19
4,insf_car,5,0.0,0.0,19
4,fibr_aur,205,0.0,0.0,19
4,trat_est,32,0.15625,0.3630921887069453,19
4,var171,18,0.1111111111111111,0.31426968052735443,19
4,tv_l_esu,363,0.0027548209366391185,0.05241404294887175,19
4,tvp_orig,1294,0.2550231839258114,0.4358742474454681,19
4,tv_l_ein,268,0.8022388059701493,0.39831106457860094,19
4,tvp_prox,528,0.8787878787878788,0.3263736246748184,19
4,tv_l_svc,480,0.010416666666666666,0.1015291077584267,19
4,tv_l_vre,499,0.004008016032064128,0.06318189487148075,19
4,tv_l_vrn,488,0.004098360655737705,0.06388711995131105,19
4,tv_l_vca,948,0.039029535864978905,0.19366525551875127,19
4,tv_l_yug,956,0.04184100418410042,0.20022570902101083,19
4,tv_l_ova,958,0.003131524008350731,0.05587233273934294,19
4,tv_l_sup,956,0.008368200836820083,0.09109431404634828,19
4,tv_l_pul,957,0.003134796238244514,0.05590142476528843,19
4,tv_l_ove,493,0.04462474645030426,0.2064785181430512,19
4,fr_antfa,727,0.16368638239339753,0.36999074395498055,19
4,fr_tvs_a,270,0.07407407407407407,0.2618914004394621,19
4,fr_viaje,9,0.0,0.0,19
4,fr_estro,10,0.1,0.30000000000000004,19
4,fr_varic,33,0.15151515151515152,0.35855028988482524,19
4,fr_antec,1,0.0,0.0,19
4,ana_dime,174,1.632183908045977,0.5167302711031959,19
4,ana_crea,46,0.9130434782608695,0.2817713347133852,19
4,ana_trop,849,0.8939929328621908,0.30784666451766085,19
4,tension_,68,131.77941176470588,19.897417500353935,19
4,ana_hemo,3,12.4,2.3537204591879637,19
4,ana_plaq,3,189.0,45.18849411078001,19
4,ana_leuc,15,8.241333333333333,4.251465420560565,19
4,ana_neu,1072,6.55375,3.05189577811646,19
4,protcrea,1321,79.0016578349735,54.81180675805872,19
4,splanchnic,468,0.02564102564102564,0.15806189751202504,19
5,raza,440,2.8795454545454544,0.5572169258729842,19
5,ant_inf,27,0.037037037037037035,0.18885257457751053,19
5,ant_isq,28,0.07142857142857142,0.25753937681885636,19
5,ant_clau,27,0.0,0.0,19
5,fum_act,31,0.22580645161290322,0.4181123031230878,19
5,diabetes,26,0.07692307692307693,0.2664693550105965,19
5,hip_art,27,0.2222222222222222,0.41573970964154905,19
5,insf_car,5,0.2,0.4,19
5,fibr_aur,205,0.014634146341463415,0.12008325487893826,19
5,trat_est,32,0.25,0.4330127018922193,19
5,var171,18,0.0,0.0,19
5,tv_l_esu,363,0.0027548209366391185,0.05241404294887176,19
5,tvp_orig,1294,0.2921174652241113,0.4547360242329075,19
5,tv_l_ein,268,0.7910447761194029,0.40656234244406675,19
5,tvp_prox,528,0.8920454545454546,0.31032299555503123,19
5,tv_l_svc,480,0.014583333333333334,0.11987768650679835,19
5,tv_l_vre,499,0.006012024048096192,0.0773038137153744,19
5,tv_l_vrn,488,0.00819672131147541,0.09016393442622954,19
5,tv_l_vca,948,0.05168776371308017,0.2213958870336596,19
5,tv_l_yug,956,0.036610878661087864,0.18780447871323774,19
5,tv_l_ova,958,0.008350730688935281,0.09099997794448172,19
5,tv_l_sup,956,0.013598326359832637,0.11581628503817638,19
5,tv_l_pul,957,0.0041797283176593526,0.06451556547725447,19
5,tv_l_ove,493,0.05273833671399594,0.22351063633446425,19
5,fr_antfa,727,0.17606602475928473,0.3808763312214973,19
5,fr_tvs_a,270,0.044444444444444446,0.20608041101101562,19
5,fr_viaje,9,0.0,0.0,19
5,fr_estro,10,0.0,0.0,19
5,fr_varic,33,0.15151515151515152,0.35855028988482524,19
5,fr_antec,1,0.0,0.0,19
5,ana_dime,174,1.632183908045977,0.5385152540286197,19
5,ana_crea,46,0.8478260869565217,0.3591893835186588,19
5,ana_trop,849,0.872791519434629,0.3332063670424391,19
5,tension_,68,131.58823529411765,20.03983921365994,19
5,ana_hemo,3,14.100000000000001,0.9797958971132714,19
5,ana_plaq,3,188.33333333333334,30.619528989773105,19
5,ana_leuc,15,9.051333333333334,3.588890017199685,19
5,ana_neu,1072,6.626371268656716,2.8833459626825557,19
5,protcrea,1321,67.27302800908404,53.90496955884511,19
5,splanchnic,468,0.017094017094017096,0.12962180246241967,19
1,raza,440,2.856818181818182,0.6940977555178205,20
1,ant_inf,27,0.0,0.0,20
1,ant_isq,28,0.0,0.0,20
1,ant_clau,27,0.037037037037037035,0.18885257457751053,20
1,fum_act,31,0.41935483870967744,0.49345350131543086,20
1,diabetes,26,0.07692307692307693,0.26646935501059654,20
1,hip_art,27,0.2222222222222222,0.41573970964154905,20
1,insf_car,5,0.0,0.0,20
1,fibr_aur,205,0.004878048780487805,0.06967247247358878,20
1,trat_est,32,0.0625,0.24206145913796356,20
1,var171,18,0.05555555555555555,0.2290614236454256,20
1,tv_l_esu,363,0.011019283746556474,0.10439281168868549,20
1,tvp_orig,1294,0.3083462132921175,0.4618103788791775,20
1,tv_l_ein,268,0.7686567164179104,0.4216913192413931,20
1,tvp_prox,528,0.8295454545454546,0.37603163881305224,20
1,tv_l_svc,480,0.010416666666666666,0.1015291077584267,20
1,tv_l_vre,499,0.006012024048096192,0.0773038137153744,20
1,tv_l_vrn,488,0.0,0.0,20
1,tv_l_vca,948,0.04746835443037975,0.2126384484472448,20
1,tv_l_yug,956,0.007322175732217573,0.08525585888819662,20
1,tv_l_ova,958,0.007306889352818371,0.08516747454752925,20
1,tv_l_sup,956,0.007322175732217573,0.08525585888819662,20
1,tv_l_pul,957,0.0010449320794148381,0.032308515848987064,20
1,tv_l_ove,493,0.034482758620689655,0.18246560765962694,20
1,fr_antfa,727,0.17606602475928473,0.3808763312214973,20
1,fr_tvs_a,270,0.05185185185185185,0.2217278451421595,20
1,fr_viaje,9,0.0,0.0,20
1,fr_estro,10,0.0,0.0,20
1,fr_varic,33,0.12121212121212122,0.3263736246748184,20
1,fr_antec,1,0.0,0.0,20
1,ana_dime,174,1.5862068965517242,0.5371642043930079,20
1,ana_crea,46,0.8913043478260869,0.3112569796364425,20
1,ana_trop,849,0.8657243816254417,0.3409482023485214,20
1,tension_,68,137.47058823529412,24.39169976244046,20
1,ana_hemo,3,13.566666666666668,1.8190351532856335,20
1,ana_plaq,3,255.33333333333334,26.5497436689865,20
1,ana_leuc,15,8.067333333333332,3.3128687803104357,20
1,ana_neu,1072,6.353115671641791,3.0531970938808977,20
1,protcrea,1321,36.9433080999243,44.78783183778212,20
1,splanchnic,468,0.019230769230769232,0.1373351620873625,20
2,raza,440,2.875,0.697601410027766,20
2,ant_inf,27,0.037037037037037035,0.18885257457751053,20
2,ant_isq,28,0.0,0.0,20
2,ant_clau,27,0.0,0.0,20
2,fum_act,31,0.2903225806451613,0.4539112025635577,20
2,diabetes,26,0.0,0.0,20
2,hip_art,27,0.18518518518518517,0.38844772154450063,20
2,insf_car,5,0.0,0.0,20
2,fibr_aur,205,0.004878048780487805,0.06967247247358878,20
2,trat_est,32,0.09375,0.2914805954090255,20
2,var171,18,0.05555555555555555,0.2290614236454256,20
2,tv_l_esu,363,0.0027548209366391185,0.05241404294887175,20
2,tvp_orig,1294,0.41731066460587324,0.4931150715726276,20
2,tv_l_ein,268,0.832089552238806,0.373786743068597,20
2,tvp_prox,528,0.8674242424242424,0.3391156529548165,20
2,tv_l_svc,480,0.008333333333333333,0.09090593428863097,20
2,tv_l_vre,499,0.02004008016032064,0.14013734458554775,20
2,tv_l_vrn,488,0.004098360655737705,0.06388711995131105,20
2,tv_l_vca,948,0.03270042194092827,0.17785135463586868,20
2,tv_l_yug,956,0.011506276150627616,0.10664840251861776,20
2,tv_l_ova,958,0.008350730688935281,0.09099997794448171,20
2,tv_l_sup,956,0.02510460251046025,0.15644283762209135,20
2,tv_l_pul,957,0.0020898641588296763,0.045667238000861345,20
2,tv_l_ove,493,0.02636916835699797,0.16023056923433265,20
2,fr_antfa,727,0.15130674002751032,0.35834761119583,20
2,fr_tvs_a,270,0.05185185185185185,0.2217278451421595,20
2,fr_viaje,9,0.0,0.0,20
2,fr_estro,10,0.1,0.30000000000000004,20
2,fr_varic,33,0.09090909090909091,0.28747978728803447,20
2,fr_antec,1,0.0,0.0,20
2,ana_dime,174,1.5977011494252873,0.5458257503716675,20
2,ana_crea,46,0.8913043478260869,0.3112569796364425,20
2,ana_trop,849,0.8798586572438163,0.32512674531161684,20
2,tension_,68,133.47058823529412,22.82830453382978,20
2,ana_hemo,3,13.633333333333335,1.9362047641943478,20
2,ana_plaq,3,202.0,31.272991542223778,20
2,ana_leuc,15,8.456,3.125458473035063,20
2,ana_neu,1072,5.869207089552238,2.893457981627222,20
2,protcrea,1321,36.10100681302043,47.98650704216973,20
2,splanchnic,468,0.02564102564102564,0.15806189751202504,20
3,raza,440,2.8613636363636363,0.6441047024891177,20
3,ant_inf,27,0.0,0.0,20
3,ant_isq,28,0.0,0.0,20
3,ant_clau,27,0.0,0.0,20
3,fum_act,31,0.1935483870967742,0.3950789907714804,20
3,diabetes,26,0.0,0.0,20
3,hip_art,27,0.14814814814814814,0.3552467795046459,20
3,insf_car,5,0.0,0.0,20
3,fibr_aur,205,0.00975609756097561,0.09828995941273114,20
3,trat_est,32,0.0625,0.24206145913796356,20
3,var171,18,0.0,0.0,20
3,tv_l_esu,363,0.01652892561983471,0.12749792248381417,20
3,tvp_orig,1294,0.3686244204018547,0.48243181599605495,20
3,tv_l_ein,268,0.753731343283582,0.4308368663839122,20
3,tvp_prox,528,0.8333333333333334,0.3726779962499649,20
3,tv_l_svc,480,0.00625,0.07880950133074056,20
3,tv_l_vre,499,0.008016032064128256,0.08917272729974747,20
3,tv_l_vrn,488,0.012295081967213115,0.11019942344056351,20
3,tv_l_vca,948,0.0379746835443038,0.19113504899419623,20
3,tv_l_yug,956,0.013598326359832637,0.11581628503817638,20
3,tv_l_ova,958,0.0,0.0,20
3,tv_l_sup,956,0.011506276150627616,0.10664840251861776,20
3,tv_l_pul,957,0.009404388714733543,0.09651914933128936,20
3,tv_l_ove,493,0.034482758620689655,0.18246560765962697,20
3,fr_antfa,727,0.1499312242090784,0.3570039946782745,20
3,fr_tvs_a,270,0.06296296296296296,0.2428963323269569,20
3,fr_viaje,9,0.0,0.0,20
3,fr_estro,10,0.0,0.0,20
3,fr_varic,33,0.15151515151515152,0.35855028988482524,20
3,fr_antec,1,0.0,0.0,20
3,ana_dime,174,1.4770114942528736,0.6224167117665407,20
3,ana_crea,46,0.9347826086956522,0.24690905851305534,20
3,ana_trop,849,0.8904593639575972,0.3123163221764573,20
3,tension_,68,131.39705882352942,20.33986212710108,20
3,ana_hemo,3,15.466666666666667,0.49888765156985854,20
3,ana_plaq,3,236.0,69.81403870282824,20
3,ana_leuc,15,9.647333333333336,3.68424115509407,20
3,ana_neu,1072,6.176240671641791,3.0625283656783697,20
3,protcrea,1321,55.80373202119607,59.48215423253579,20
3,splanchnic,468,0.027777777777777776,0.16433554953054486,20
4,raza,440,2.8431818181818183,0.6574391528266486,20
4,ant_inf,27,0.0,0.0,20
4,ant_isq,28,0.0,0.0,20
4,ant_clau,27,0.0,0.0,20
4,fum_act,31,0.1935483870967742,0.39507899077148034,20
4,diabetes,26,0.07692307692307693,0.26646935501059654,20
4,hip_art,27,0.25925925925925924,0.438228132081453,20
4,insf_car,5,0.0,0.0,20
4,fibr_aur,205,0.0,0.0,20
4,trat_est,32,0.1875,0.3903123748998999,20
4,var171,18,0.05555555555555555,0.2290614236454256,20
4,tv_l_esu,363,0.008264462809917356,0.0905326541330853,20
4,tvp_orig,1294,0.45904173106646057,0.4983195964498766,20
4,tv_l_ein,268,0.7574626865671642,0.4286175043387964,20
4,tvp_prox,528,0.8333333333333334,0.3726779962499649,20
4,tv_l_svc,480,0.004166666666666667,0.06441510347391793,20
4,tv_l_vre,499,0.012024048096192385,0.10899298309328374,20
4,tv_l_vrn,488,0.006147540983606557,0.0781648816506584,20
4,tv_l_vca,948,0.04008438818565401,0.19615715640637693,20
4,tv_l_yug,956,0.007322175732217573,0.08525585888819662,20
4,tv_l_ova,958,0.003131524008350731,0.05587233273934293,20
4,tv_l_sup,956,0.014644351464435146,0.12012449556448196,20
4,tv_l_pul,957,0.0020898641588296763,0.045667238000861345,20
4,tv_l_ove,493,0.04056795131845842,0.19728708179777407,20
4,fr_antfa,727,0.14442916093535077,0.3515243638879975,20
4,fr_tvs_a,270,0.06296296296296296,0.2428963323269569,20
4,fr_viaje,9,0.0,0.0,20
4,fr_estro,10,0.0,0.0,20
4,fr_varic,33,0.12121212121212122,0.3263736246748184,20
4,fr_antec,1,0.0,0.0,20
4,ana_dime,174,1.6149425287356323,0.5208368014153262,20
4,ana_crea,46,0.9347826086956522,0.24690905851305534,20
4,ana_trop,849,0.8951707891637221,0.3063332293299588,20
4,tension_,68,135.22058823529412,23.229573942204194,20
4,ana_hemo,3,15.033333333333333,0.8178562764256865,20
4,ana_plaq,3,237.0,59.43624034767565,20
4,ana_leuc,15,8.744666666666667,3.312281925735724,20
4,ana_neu,1072,6.59053171641791,3.0336794191252183,20
4,protcrea,1321,95.79615442846328,62.60330856068034,20
4,splanchnic,468,0.038461538461538464,0.1923076923076923,20
5,raza,440,2.8545454545454545,0.7843510767317452,20
5,ant_inf,27,0.037037037037037035,0.18885257457751053,20
5,ant_isq,28,0.07142857142857142,0.25753937681885636,20
5,ant_clau,27,0.07407407407407407,0.2618914004394621,20
5,fum_act,31,0.3225806451612903,0.4674637660061109,20
5,diabetes,26,0.19230769230769232,0.3941134909984461,20
5,hip_art,27,0.2962962962962963,0.4566232594791834,20
5,insf_car,5,0.0,0.0,20
5,fibr_aur,205,0.00975609756097561,0.09828995941273114,20
5,trat_est,32,0.15625,0.3630921887069453,20
5,var171,18,0.0,0.0,20
5,tv_l_esu,363,0.011019283746556474,0.10439281168868547,20
5,tvp_orig,1294,0.31452859350850076,0.46432785547936395,20
5,tv_l_ein,268,0.8097014925373134,0.3925366040513424,20
5,tvp_prox,528,0.8352272727272727,0.37097530324785055,20
5,tv_l_svc,480,0.014583333333333334,0.11987768650679836,20
5,tv_l_vre,499,0.01002004008016032,0.09959738388608556,20
5,tv_l_vrn,488,0.00819672131147541,0.09016393442622953,20
5,tv_l_vca,948,0.052742616033755275,0.22351919937148831,20
5,tv_l_yug,956,0.006276150627615063,0.07897316354885721,20
5,tv_l_ova,958,0.003131524008350731,0.05587233273934293,20
5,tv_l_sup,956,0.0041841004184100415,0.06454915740812346,20
5,tv_l_pul,957,0.0010449320794148381,0.03230851584898706,20
5,tv_l_ove,493,0.04665314401622718,0.21089482727091327,20
5,fr_antfa,727,0.1265474552957359,0.33246533180755794,20
5,fr_tvs_a,270,0.03333333333333333,0.17950549357115014,20
5,fr_viaje,9,0.2222222222222222,0.41573970964154905,20
5,fr_estro,10,0.0,0.0,20
5,fr_varic,33,0.15151515151515152,0.3585502898848252,20
5,fr_antec,1,0.0,0.0,20
5,ana_dime,174,1.5977011494252873,0.5132669784314048,20
5,ana_crea,46,0.9565217391304348,0.20393111999232302,20
5,ana_trop,849,0.8551236749116607,0.35197610077565933,20
5,tension_,68,134.85294117647058,20.023709994347108,20
5,ana_hemo,3,13.5,1.2192894105447916,20
5,ana_plaq,3,212.33333333333334,63.6361183256455,20
5,ana_leuc,15,9.225999999999999,3.8936029587003347,20
5,ana_neu,1072,6.60527052238806,3.036160078756152,20
5,protcrea,1321,49.23332323996972,56.52700550608058,20
5,splanchnic,468,0.014957264957264958,0.12138181569849386,20
