iteration,variable,missing_n,imputed_mean,imputed_sd,imputation
1,raza,436,2.9426605504587156,0.4730501112036533,1
1,ant_inf,28,0.03571428571428571,0.1855768722395226,1
1,ant_isq,29,0.0,0.0,1
1,ant_clau,29,0.0,0.0,1
1,fum_act,35,0.14285714285714285,0.3499271061118826,1
1,diabetes,27,0.14814814814814814,0.3552467795046459,1
1,hip_art,28,0.2857142857142857,0.45175395145262565,1
1,insf_car,5,0.0,0.0,1
1,fibr_aur,181,0.0,0.0,1
1,trat_est,31,0.1935483870967742,0.3950789907714804,1
1,var171,21,0.0,0.0,1
1,tv_l_esu,359,0.011142061281337047,0.10496626006360317,1
1,tvp_orig,1292,0.27476780185758515,0.44639719636209185,1
1,tv_l_ein,278,0.697841726618705,0.45919347905706326,1
1,tvp_prox,562,0.8825622775800712,0.3219411495487158,1
1,tv_l_svc,478,0.010460251046025104,0.10173904950450066,1
1,tv_l_vre,492,0.018292682926829267,0.13400768887704825,1
1,tv_l_vrn,487,0.008213552361396304,0.09025569189254995,1
1,tv_l_vca,930,0.05161290322580645,0.22124423483202896,1
1,tv_l_yug,939,0.025559105431309903,0.15781583431601875,1
1,tv_l_ova,941,0.003188097768331562,0.056373165610520054,1
1,tv_l_sup,941,0.0,0.0,1
1,tv_l_pul,941,0.0,0.0,1
1,tv_l_ove,488,0.02459016393442623,0.1548724887515671,1
1,fr_antfa,692,0.1315028901734104,0.33794952293123653,1
1,fr_tvs_a,246,0.032520325203252036,0.17737743275830428,1
1,fr_viaje,13,0.0,0.0,1
1,fr_estro,17,0.0,0.0,1
1,fr_varic,33,0.18181818181818182,0.385694607919935,1
1,fr_antec,1,0.0,0.0,1
1,ana_dime,189,1.597883597883598,0.5415984251965795,1
1,ana_crea,46,0.8695652173913043,0.33678116053977547,1
1,ana_trop,855,0.8549707602339182,0.3521303159044308,1
1,tension_,67,136.62686567164178,23.564985295285688,1
1,ana_hemo,1,16.1,0.0,1
1,ana_plaq,2,182.5,33.5,1
1,ana_leuc,12,8.129166666666666,2.752445755848585,1
1,ana_neu,1058,7.119570888468808,3.007746503211918,1
1,protcrea,1320,39.1445,51.951004531878034,1
1,splanchnic,468,0.014957264957264958,0.12138181569849386,1
2,raza,436,2.88302752293578,0.5312146451694343,1
2,ant_inf,28,0.07142857142857142,0.25753937681885636,1
2,ant_isq,29,0.034482758620689655,0.18246560765962697,1
2,ant_clau,29,0.0,0.0,1
2,fum_act,35,0.22857142857142856,0.4199125273342591,1
2,diabetes,27,0.07407407407407407,0.2618914004394621,1
2,hip_art,28,0.25,0.4330127018922193,1
2,insf_car,5,0.0,0.0,1
2,fibr_aur,181,0.011049723756906077,0.10453529242223482,1
2,trat_est,31,0.0967741935483871,0.29565004483586066,1
2,var171,21,0.047619047619047616,0.21295885499998,1
2,tv_l_esu,359,0.016713091922005572,0.12819424511424904,1
2,tvp_orig,1292,0.3521671826625387,0.4776457454202526,1
2,tv_l_ein,278,0.7877697841726619,0.40888696643109035,1
2,tvp_prox,562,0.9128113879003559,0.28211125114001023,1
2,tv_l_svc,478,0.008368200836820083,0.0910943140463483,1
2,tv_l_vre,492,0.01016260162601626,0.1002961771664661,1
2,tv_l_vrn,487,0.01026694045174538,0.10080441649801705,1
2,tv_l_vca,930,0.06881720430107527,0.253143036035478,1
2,tv_l_yug,939,0.010649627263045794,0.10264605546344187,1
2,tv_l_ova,941,0.015940488841657812,0.12524531790508897,1
2,tv_l_sup,941,0.0,0.0,1
2,tv_l_pul,941,0.0,0.0,1
2,tv_l_ove,488,0.018442622950819672,0.13454550386212677,1
2,fr_antfa,692,0.1791907514450867,0.38351196336181204,1
2,fr_tvs_a,246,0.04065040650406504,0.19747898864213206,1
2,fr_viaje,13,0.0,0.0,1
2,fr_estro,17,0.0,0.0,1
2,fr_varic,33,0.24242424242424243,0.42854956435548336,1
2,fr_antec,1,0.0,0.0,1
2,ana_dime,189,1.5343915343915344,0.5588463884237416,1
2,ana_crea,46,0.8478260869565217,0.35918938351865876,1
2,ana_trop,855,0.8315789473684211,0.3742397649396037,1
2,tension_,67,131.83582089552237,18.26144868043661,1
2,ana_hemo,1,16.5,0.0,1
2,ana_plaq,2,217.5,8.5,1
2,ana_leuc,12,8.235833333333332,2.689028505902374,1
2,ana_neu,1058,6.386693761814745,2.9054009931148648,1
2,protcrea,1320,45.2295606060606,51.04355030447746,1
2,splanchnic,468,0.017094017094017096,0.12962180246241967,1
3,raza,436,2.9357798165137616,0.5830201242501842,1
3,ant_inf,28,0.07142857142857142,0.25753937681885636,1
3,ant_isq,29,0.10344827586206896,0.30454347814923605,1
3,ant_clau,29,0.0,0.0,1
3,fum_act,35,0.17142857142857143,0.3768830273792263,1
3,diabetes,27,0.0,0.0,1
3,hip_art,28,0.14285714285714285,0.3499271061118826,1
3,insf_car,5,0.0,0.0,1
3,fibr_aur,181,0.011049723756906077,0.10453529242223483,1
3,trat_est,31,0.1935483870967742,0.3950789907714804,1
3,var171,21,0.0,0.0,1
3,tv_l_esu,359,0.005571030640668524,0.07443113769296597,1
3,tvp_orig,1292,0.23529411764705882,0.42418250299576343,1
3,tv_l_ein,278,0.8057553956834532,0.3956180456076984,1
3,tvp_prox,562,0.9145907473309609,0.2794897354600977,1
3,tv_l_svc,478,0.010460251046025104,0.10173904950450066,1
3,tv_l_vre,492,0.0040650406504065045,0.06362795057926232,1
3,tv_l_vrn,487,0.004106776180698152,0.06395240863407572,1
3,tv_l_vca,930,0.06236559139784946,0.24181837069884898,1
3,tv_l_yug,939,0.008519701810436636,0.09190819599740753,1
3,tv_l_ova,941,0.0021253985122210413,0.04605302588739735,1
3,tv_l_sup,941,0.0,0.0,1
3,tv_l_pul,941,0.009564293304994687,0.09732840078091658,1
3,tv_l_ove,488,0.040983606557377046,0.19825223971225944,1
3,fr_antfa,692,0.15028901734104047,0.3573544859207799,1
3,fr_tvs_a,246,0.06504065040650407,0.24659757541631055,1
3,fr_viaje,13,0.0,0.0,1
3,fr_estro,17,0.0,0.0,1
3,fr_varic,33,0.18181818181818182,0.385694607919935,1
3,fr_antec,1,0.0,0.0,1
3,ana_dime,189,1.6296296296296295,0.5147253547942988,1
3,ana_crea,46,0.9347826086956522,0.2469090585130554,1
3,ana_trop,855,0.856140350877193,0.3509473614049119,1
3,tension_,67,132.49253731343285,17.152845057367028,1
3,ana_hemo,1,16.9,0.0,1
3,ana_plaq,2,203.5,30.5,1
3,ana_leuc,12,8.343333333333334,2.572075469775765,1
3,ana_neu,1058,6.337450850661626,2.899570766738976,1
3,protcrea,1320,39.746598484848484,51.262877878187226,1
3,splanchnic,468,0.021367521367521368,0.14460619073238146,1
4,raza,436,2.970183486238532,0.6144520668690027,1
4,ant_inf,28,0.0,0.0,1
4,ant_isq,29,0.0,0.0,1
4,ant_clau,29,0.034482758620689655,0.18246560765962697,1
4,fum_act,35,0.2857142857142857,0.45175395145262565,1
4,diabetes,27,0.14814814814814814,0.3552467795046459,1
4,hip_art,28,0.25,0.4330127018922193,1
4,insf_car,5,0.0,0.0,1
4,fibr_aur,181,0.016574585635359115,0.1276709393181364,1
4,trat_est,31,0.1935483870967742,0.39507899077148034,1
4,var171,21,0.0,0.0,1
4,tv_l_esu,359,0.005571030640668524,0.07443113769296596,1
4,tvp_orig,1292,0.40944272445820434,0.4917310035440589,1
4,tv_l_ein,278,0.7482014388489209,0.4340461332085858,1
4,tvp_prox,562,0.895017793594306,0.3065304923557952,1
4,tv_l_svc,478,0.014644351464435146,0.12012449556448196,1
4,tv_l_vre,492,0.01016260162601626,0.1002961771664661,1
4,tv_l_vrn,487,0.006160164271047228,0.07824459500311148,1
4,tv_l_vca,930,0.05591397849462366,0.22975553421740771,1
4,tv_l_yug,939,0.013844515441959531,0.11684538858738447,1
4,tv_l_ova,941,0.003188097768331562,0.056373165610520054,1
4,tv_l_sup,941,0.0010626992561105207,0.03258174222477342,1
4,tv_l_pul,941,0.0010626992561105207,0.03258174222477342,1
4,tv_l_ove,488,0.030737704918032786,0.17260619460032348,1
4,fr_antfa,692,0.1676300578034682,0.3735374432694453,1
4,fr_tvs_a,246,0.036585365853658534,0.18774151607732503,1
4,fr_viaje,13,0.07692307692307693,0.26646935501059654,1
4,fr_estro,17,0.0,0.0,1
4,fr_varic,33,0.12121212121212122,0.3263736246748184,1
4,fr_antec,1,0.0,0.0,1
4,ana_dime,189,1.5767195767195767,0.5546225473599432,1
4,ana_crea,46,0.8913043478260869,0.3112569796364425,1
4,ana_trop,855,0.8385964912280702,0.3679027264482276,1
4,tension_,67,130.71641791044777,20.431031395528038,1
4,ana_hemo,1,13.0,0.0,1
4,ana_plaq,2,177.0,29.0,1
4,ana_leuc,12,9.068333333333333,2.9127473667007613,1
4,ana_neu,1058,6.080399810964083,2.940934922312605,1
4,protcrea,1320,39.5266893939394,52.65230234420854,1
4,splanchnic,468,0.021367521367521368,0.14460619073238143,1
5,raza,436,2.908256880733945,0.6101779617631753,1
5,ant_inf,28,0.03571428571428571,0.1855768722395226,1
5,ant_isq,29,0.0,0.0,1
5,ant_clau,29,0.034482758620689655,0.18246560765962697,1
5,fum_act,35,0.34285714285714286,0.4746642207381757,1
5,diabetes,27,0.07407407407407407,0.2618914004394621,1
5,hip_art,28,0.2857142857142857,0.45175395145262565,1
5,insf_car,5,0.0,0.0,1
5,fibr_aur,181,0.0055248618784530384,0.07412380035910907,1
5,trat_est,31,0.06451612903225806,0.2456701001891583,1
5,var171,21,0.0,0.0,1
5,tv_l_esu,359,0.019498607242339833,0.1382693442450235,1
5,tvp_orig,1292,0.4868421052631579,0.4998268398216468,1
5,tv_l_ein,278,0.7841726618705036,0.41139506346750493,1
5,tvp_prox,562,0.8683274021352313,0.33813447744397734,1
5,tv_l_svc,478,0.010460251046025104,0.10173904950450066,1
5,tv_l_vre,492,0.014227642276422764,0.11842810676387978,1
5,tv_l_vrn,487,0.008213552361396304,0.09025569189254992,1
5,tv_l_vca,930,0.07526881720430108,0.2638246052986085,1
5,tv_l_yug,939,0.025559105431309903,0.15781583431601875,1
5,tv_l_ova,941,0.005313496280552604,0.07269981456530106,1
5,tv_l_sup,941,0.0010626992561105207,0.03258174222477342,1
5,tv_l_pul,941,0.0,0.0,1
5,tv_l_ove,488,0.02459016393442623,0.1548724887515671,1
5,fr_antfa,692,0.12283236994219653,0.3282446935391034,1
5,fr_tvs_a,246,0.04065040650406504,0.19747898864213206,1
5,fr_viaje,13,0.0,0.0,1
5,fr_estro,17,0.0,0.0,1
5,fr_varic,33,0.18181818181818182,0.385694607919935,1
5,fr_antec,1,0.0,0.0,1
5,ana_dime,189,1.6031746031746033,0.5307382062635075,1
5,ana_crea,46,0.9347826086956522,0.24690905851305534,1
5,ana_trop,855,0.8654970760233918,0.3411918630599958,1
5,tension_,67,132.0597014925373,20.051337542027618,1
5,ana_hemo,1,15.1,0.0,1
5,ana_plaq,2,152.5,9.5,1
5,ana_leuc,12,8.766666666666667,2.64845342710714,1
5,ana_neu,1058,7.302090737240075,3.0910046814469654,1
5,protcrea,1320,47.927090909090914,52.48053173254945,1
5,splanchnic,468,0.019230769230769232,0.1373351620873625,1
1,raza,436,2.8944954128440368,0.5809411633720397,2
1,ant_inf,28,0.0,0.0,2
1,ant_isq,29,0.0,0.0,2
1,ant_clau,29,0.0,0.0,2
1,fum_act,35,0.2857142857142857,0.45175395145262565,2
1,diabetes,27,0.14814814814814814,0.3552467795046459,2
1,hip_art,28,0.39285714285714285,0.48838551182776224,2
1,insf_car,5,0.0,0.0,2
1,fibr_aur,181,0.011049723756906077,0.10453529242223483,2
1,trat_est,31,0.16129032258064516,0.3677985242255284,2
1,var171,21,0.0,0.0,2
1,tv_l_esu,359,0.005571030640668524,0.07443113769296596,2
1,tvp_orig,1292,0.4342105263157895,0.4956528474167727,2
1,tv_l_ein,278,0.7661870503597122,0.42325459740066146,2
1,tvp_prox,562,0.8985765124555161,0.3018886611298905,2
1,tv_l_svc,478,0.010460251046025104,0.10173904950450066,2
1,tv_l_vre,492,0.012195121951219513,0.10975609756097561,2
1,tv_l_vrn,487,0.01642710472279261,0.12711119129808757,2
1,tv_l_vca,930,0.04516129032258064,0.20765776696040106,2
1,tv_l_yug,939,0.011714589989350373,0.10759813367680585,2
1,tv_l_ova,941,0.006376195536663124,0.07959610334144103,2
1,tv_l_sup,941,0.0010626992561105207,0.03258174222477342,2
1,tv_l_pul,941,0.0,0.0,2
1,tv_l_ove,488,0.028688524590163935,0.16692960536406803,2
1,fr_antfa,692,0.1777456647398844,0.38229850039734786,2
1,fr_tvs_a,246,0.06910569105691057,0.2536337803220569,2
1,fr_viaje,13,0.0,0.0,2
1,fr_estro,17,0.0,0.0,2
1,fr_varic,33,0.15151515151515152,0.35855028988482524,2
1,fr_antec,1,0.0,0.0,2
1,ana_dime,189,1.5555555555555556,0.5758208618164145,2
1,ana_crea,46,0.9565217391304348,0.20393111999232305,2
1,ana_trop,855,0.8970760233918129,0.3038595590850228,2
1,tension_,67,131.98507462686567,20.32973892345702,2
1,ana_hemo,1,16.0,0.0,2
1,ana_plaq,2,224.0,5.0,2
1,ana_leuc,12,9.279166666666667,2.1330199965203223,2
1,ana_neu,1058,6.641269376181474,2.901432899736073,2
1,protcrea,1320,56.28945454545453,54.7849702819431,2
1,splanchnic,468,0.019230769230769232,0.13733516208736252,2
2,raza,436,2.9059633027522938,0.5094170427301723,2
2,ant_inf,28,0.0,0.0,2
2,ant_isq,29,0.06896551724137931,0.2533954906327426,2
2,ant_clau,29,0.0,0.0,2
2,fum_act,35,0.2571428571428571,0.4370588154508102,2
2,diabetes,27,0.1111111111111111,0.3142696805273545,2
2,hip_art,28,0.25,0.4330127018922193,2
2,insf_car,5,0.0,0.0,2
2,fibr_aur,181,0.0055248618784530384,0.07412380035910907,2
2,trat_est,31,0.12903225806451613,0.3352356401746214,2
2,var171,21,0.0,0.0,2
2,tv_l_esu,359,0.013927576601671309,0.11719043993293943,2
2,tvp_orig,1292,0.19117647058823528,0.39322770462120404,2
2,tv_l_ein,278,0.7517985611510791,0.43196930979208037,2
2,tvp_prox,562,0.900355871886121,0.2995249169039262,2
2,tv_l_svc,478,0.010460251046025104,0.10173904950450066,2
2,tv_l_vre,492,0.008130081300813009,0.08979968306656308,2
2,tv_l_vrn,487,0.01026694045174538,0.10080441649801705,2
2,tv_l_vca,930,0.043010752688172046,0.202881314667884,2
2,tv_l_yug,939,0.03727369542066028,0.1894316949466169,2
2,tv_l_ova,941,0.007438894792773645,0.08592763023053579,2
2,tv_l_sup,941,0.0010626992561105207,0.03258174222477342,2
2,tv_l_pul,941,0.0010626992561105207,0.03258174222477342,2
2,tv_l_ove,488,0.02663934426229508,0.16102698407276345,2
2,fr_antfa,692,0.09826589595375723,0.2976738309730343,2
2,fr_tvs_a,246,0.06910569105691057,0.25363378032205686,2
2,fr_viaje,13,0.07692307692307693,0.26646935501059654,2
2,fr_estro,17,0.0,0.0,2
2,fr_varic,33,0.24242424242424243,0.4285495643554833,2
2,fr_antec,1,0.0,0.0,2
2,ana_dime,189,1.5714285714285714,0.574067978413496,2
2,ana_crea,46,0.8913043478260869,0.3112569796364425,2
2,ana_trop,855,0.8643274853801169,0.34244048153891016,2
2,tension_,67,130.56716417910448,18.874466587775274,2
2,ana_hemo,1,13.0,0.0,2
2,ana_plaq,2,211.0,33.0,2
2,ana_leuc,12,9.858333333333334,2.6861925760368623,2
2,ana_neu,1058,6.6002930056710785,3.0587698160361154,2
2,protcrea,1320,33.68442424242424,48.807550932226015,2
2,splanchnic,468,0.01282051282051282,0.11249954342810413,2
3,raza,436,2.896788990825688,0.5872410703801152,2
3,ant_inf,28,0.03571428571428571,0.1855768722395226,2
3,ant_isq,29,0.034482758620689655,0.18246560765962697,2
3,ant_clau,29,0.0,0.0,2
3,fum_act,35,0.34285714285714286,0.4746642207381757,2
3,diabetes,27,0.0,0.0,2
3,hip_art,28,0.14285714285714285,0.3499271061118826,2
3,insf_car,5,0.0,0.0,2
3,fibr_aur,181,0.0055248618784530384,0.07412380035910905,2
3,trat_est,31,0.0967741935483871,0.29565004483586066,2
3,var171,21,0.0,0.0,2
3,tv_l_esu,359,0.013927576601671309,0.11719043993293943,2
3,tvp_orig,1292,0.24148606811145512,0.427984283612757,2
3,tv_l_ein,278,0.7158273381294964,0.4510194675575945,2
3,tvp_prox,562,0.895017793594306,0.3065304923557952,2
3,tv_l_svc,478,0.010460251046025104,0.10173904950450066,2
3,tv_l_vre,492,0.008130081300813009,0.08979968306656308,2
3,tv_l_vrn,487,0.006160164271047228,0.07824459500311148,2
3,tv_l_vca,930,0.060215053763440864,0.23788484832730894,2
3,tv_l_yug,939,0.005324813631522897,0.0727767819521614,2
3,tv_l_ova,941,0.004250797024442083,0.06505941706700942,2
3,tv_l_sup,941,0.0,0.0,2
3,tv_l_pul,941,0.007438894792773645,0.08592763023053579,2
3,tv_l_ove,488,0.02663934426229508,0.16102698407276345,2
3,fr_antfa,692,0.12861271676300579,0.33477079599308635,2
3,fr_tvs_a,246,0.056910569105691054,0.23167165607764234,2
3,fr_viaje,13,0.07692307692307693,0.26646935501059654,2
3,fr_estro,17,0.0,0.0,2
3,fr_varic,33,0.2727272727272727,0.4453617714151233,2
3,fr_antec,1,0.0,0.0,2
3,ana_dime,189,1.597883597883598,0.5512811122806817,2
3,ana_crea,46,0.8260869565217391,0.37903469074266727,2
3,ana_trop,855,0.8654970760233918,0.3411918630599958,2
3,tension_,67,136.01492537313433,18.768417849582324,2
3,ana_hemo,1,14.7,0.0,2
3,ana_plaq,2,266.0,34.0,2
3,ana_leuc,12,9.996666666666664,2.7185514933916965,2
3,ana_neu,1058,6.627055765595462,2.928088619205121,2
3,protcrea,1320,52.20677272727273,54.57706246919606,2
3,splanchnic,468,0.038461538461538464,0.1923076923076923,2
4,raza,436,2.860091743119266,0.636189913675232,2
4,ant_inf,28,0.0,0.0,2
4,ant_isq,29,0.034482758620689655,0.18246560765962697,2
4,ant_clau,29,0.0,0.0,2
4,fum_act,35,0.34285714285714286,0.4746642207381757,2
4,diabetes,27,0.1111111111111111,0.3142696805273545,2
4,hip_art,28,0.17857142857142858,0.3829930462415574,2
4,insf_car,5,0.0,0.0,2
4,fibr_aur,181,0.011049723756906077,0.10453529242223483,2
4,trat_est,31,0.0967741935483871,0.29565004483586066,2
4,var171,21,0.14285714285714285,0.34992710611188255,2
4,tv_l_esu,359,0.008356545961002786,0.09103139074299828,2
4,tvp_orig,1292,0.2476780185758514,0.4316637785246657,2
4,tv_l_ein,278,0.7697841726618705,0.4209709018223825,2
4,tvp_prox,562,0.902135231316726,0.297131714453108,2
4,tv_l_svc,478,0.016736401673640166,0.12828208967996566,2
4,tv_l_vre,492,0.012195121951219513,0.1097560975609756,2
4,tv_l_vrn,487,0.0,0.0,2
4,tv_l_vca,930,0.08387096774193549,0.27719420721213983,2
4,tv_l_yug,939,0.021299254526091587,0.1443800411508611,2
4,tv_l_ova,941,0.007438894792773645,0.08592763023053579,2
4,tv_l_sup,941,0.0010626992561105207,0.03258174222477342,2
4,tv_l_pul,941,0.0021253985122210413,0.04605302588739735,2
4,tv_l_ove,488,0.02663934426229508,0.16102698407276345,2
4,fr_antfa,692,0.11849710982658959,0.3231958304021491,2
4,fr_tvs_a,246,0.056910569105691054,0.23167165607764237,2
4,fr_viaje,13,0.0,0.0,2
4,fr_estro,17,0.11764705882352941,0.32218973970892123,2
4,fr_varic,33,0.18181818181818182,0.385694607919935,2
4,fr_antec,1,1.0,0.0,2
4,ana_dime,189,1.566137566137566,0.5463843658592841,2
4,ana_crea,46,0.8260869565217391,0.37903469074266727,2
4,ana_trop,855,0.8046783625730994,0.39644809922583185,2
4,tension_,67,132.13432835820896,19.100594288158618,2
4,ana_hemo,1,14.8,0.0,2
4,ana_plaq,2,283.0,64.0,2
4,ana_leuc,12,8.933333333333335,2.1754399299656355,2
4,ana_neu,1058,6.586373345935727,2.903226825371075,2
4,protcrea,1320,26.570212121212123,40.98311440112391,2
4,splanchnic,468,0.029914529914529916,0.1703515506666218,2
5,raza,436,2.889908256880734,0.6146446656220937,2
5,ant_inf,28,0.0,0.0,2
5,ant_isq,29,0.13793103448275862,0.3448275862068966,2
5,ant_clau,29,0.0,0.0,2
5,fum_act,35,0.08571428571428572,0.27994168488950605,2
5,diabetes,27,0.18518518518518517,0.38844772154450063,2
5,hip_art,28,0.32142857142857145,0.46702488680792925,2
5,insf_car,5,0.0,0.0,2
5,fibr_aur,181,0.022099447513812154,0.147007013211603,2
5,trat_est,31,0.3548387096774194,0.47846441852230076,2
5,var171,21,0.047619047619047616,0.21295885499998,2
5,tv_l_esu,359,0.005571030640668524,0.07443113769296594,2
5,tvp_orig,1292,0.3328173374613003,0.4712217708748941,2
5,tv_l_ein,278,0.7553956834532374,0.4298523524112131,2
5,tvp_prox,562,0.905693950177936,0.29225403126222643,2
5,tv_l_svc,478,0.012552301255230125,0.11133167109330602,2
5,tv_l_vre,492,0.022357723577235773,0.14784402515380757,2
5,tv_l_vrn,487,0.002053388090349076,0.045267777587368795,2
5,tv_l_vca,930,0.07419354838709677,0.2620856077025755,2
5,tv_l_yug,939,0.005324813631522897,0.0727767819521614,2
5,tv_l_ova,941,0.003188097768331562,0.056373165610520054,2
5,tv_l_sup,941,0.0021253985122210413,0.04605302588739735,2
5,tv_l_pul,941,0.004250797024442083,0.06505941706700942,2
5,tv_l_ove,488,0.03483606557377049,0.18336442978154313,2
5,fr_antfa,692,0.1531791907514451,0.36016013976032596,2
5,fr_tvs_a,246,0.06504065040650407,0.24659757541631053,2
5,fr_viaje,13,0.0,0.0,2
5,fr_estro,17,0.0,0.0,2
5,fr_varic,33,0.24242424242424243,0.42854956435548336,2
5,fr_antec,1,0.0,0.0,2
5,ana_dime,189,1.566137566137566,0.5366133288257396,2
5,ana_crea,46,0.9565217391304348,0.20393111999232305,2
5,ana_trop,855,0.8748538011695907,0.3308846139498012,2
5,tension_,67,126.3731343283582,20.899786345330504,2
5,ana_hemo,1,13.8,0.0,2
5,ana_plaq,2,248.5,42.5,2
5,ana_leuc,12,9.374999999999998,2.506243869485436,2
5,ana_neu,1058,6.669758034026465,3.0173083972535486,2
5,protcrea,1320,79.2793787878788,52.255674006046625,2
5,splanchnic,468,0.019230769230769232,0.1373351620873625,2
1,raza,436,2.9220183486238533,0.5231972628083189,3
1,ant_inf,28,0.03571428571428571,0.1855768722395226,3
1,ant_isq,29,0.034482758620689655,0.18246560765962697,3
1,ant_clau,29,0.0,0.0,3
1,fum_act,35,0.14285714285714285,0.3499271061118826,3
1,diabetes,27,0.037037037037037035,0.18885257457751053,3
1,hip_art,28,0.17857142857142858,0.3829930462415574,3
1,insf_car,5,0.0,0.0,3
1,fibr_aur,181,0.016574585635359115,0.1276709393181364,3
1,trat_est,31,0.0967741935483871,0.29565004483586066,3
1,var171,21,0.0,0.0,3
1,tv_l_esu,359,0.011142061281337047,0.10496626006360317,3
1,tvp_orig,1292,0.24071207430340558,0.4275158144302469,3
1,tv_l_ein,278,0.7050359712230215,0.4560265896903735,3
1,tvp_prox,562,0.8523131672597865,0.35478927855190007,3
1,tv_l_svc,478,0.008368200836820083,0.0910943140463483,3
1,tv_l_vre,492,0.012195121951219513,0.1097560975609756,3
1,tv_l_vrn,487,0.006160164271047228,0.07824459500311148,3
1,tv_l_vca,930,0.08064516129032258,0.27228940348603436,3
1,tv_l_yug,939,0.006389776357827476,0.07968028059642125,3
1,tv_l_ova,941,0.0010626992561105207,0.032581742224773426,3
1,tv_l_sup,941,0.0010626992561105207,0.03258174222477342,3
1,tv_l_pul,941,0.0021253985122210413,0.04605302588739735,3
1,tv_l_ove,488,0.030737704918032786,0.17260619460032348,3
1,fr_antfa,692,0.11271676300578035,0.31624625585653826,3
1,fr_tvs_a,246,0.06097560975609756,0.23928557158961683,3
1,fr_viaje,13,0.0,0.0,3
1,fr_estro,17,0.11764705882352941,0.32218973970892123,3
1,fr_varic,33,0.24242424242424243,0.42854956435548336,3
1,fr_antec,1,0.0,0.0,3
1,ana_dime,189,1.6402116402116402,0.5221769223904901,3
1,ana_crea,46,0.8260869565217391,0.37903469074266727,3
1,ana_trop,855,0.856140350877193,0.3509473614049119,3
1,tension_,67,130.044776119403,16.372923439777114,3
1,ana_hemo,1,15.6,0.0,3
1,ana_plaq,2,251.5,39.5,3
1,ana_leuc,12,8.715833333333332,2.3140889435993786,3
1,ana_neu,1058,6.257627599243856,2.9343858580890854,3
1,protcrea,1320,55.19863636363636,54.72792232978003,3
1,splanchnic,468,0.023504273504273504,0.1514985895357109,3
2,raza,436,2.889908256880734,0.5918320109607784,3
2,ant_inf,28,0.03571428571428571,0.1855768722395226,3
2,ant_isq,29,0.10344827586206896,0.30454347814923605,3
2,ant_clau,29,0.0,0.0,3
2,fum_act,35,0.2,0.4000000000000001,3
2,diabetes,27,0.1111111111111111,0.31426968052735443,3
2,hip_art,28,0.21428571428571427,0.41032590332414487,3
2,insf_car,5,0.0,0.0,3
2,fibr_aur,181,0.0055248618784530384,0.07412380035910905,3
2,trat_est,31,0.22580645161290322,0.4181123031230878,3
2,var171,21,0.0,0.0,3
2,tv_l_esu,359,0.008356545961002786,0.09103139074299828,3
2,tvp_orig,1292,0.24071207430340558,0.4275158144302469,3
2,tv_l_ein,278,0.7410071942446043,0.43808165029175045,3
2,tvp_prox,562,0.8665480427046264,0.34006254187929524,3
2,tv_l_svc,478,0.010460251046025104,0.10173904950450066,3
2,tv_l_vre,492,0.016260162601626018,0.12647438362686217,3
2,tv_l_vrn,487,0.008213552361396304,0.09025569189254995,3
2,tv_l_vca,930,0.041935483870967745,0.20044175977943207,3
2,tv_l_yug,939,0.02875399361022364,0.16711433649357213,3
2,tv_l_ova,941,0.003188097768331562,0.05637316561052006,3
2,tv_l_sup,941,0.0,0.0,3
2,tv_l_pul,941,0.006376195536663124,0.07959610334144103,3
2,tv_l_ove,488,0.036885245901639344,0.18848003750109701,3
2,fr_antfa,692,0.12716763005780346,0.3331606578263483,3
2,fr_tvs_a,246,0.036585365853658534,0.18774151607732503,3
2,fr_viaje,13,0.07692307692307693,0.26646935501059654,3
2,fr_estro,17,0.0,0.0,3
2,fr_varic,33,0.2727272727272727,0.4453617714151233,3
2,fr_antec,1,0.0,0.0,3
2,ana_dime,189,1.619047619047619,0.5566881878333391,3
2,ana_crea,46,0.8478260869565217,0.3591893835186588,3
2,ana_trop,855,0.8608187134502924,0.3461356035198861,3
2,tension_,67,129.1492537313433,22.3928651559117,3
2,ana_hemo,1,14.0,0.0,3
2,ana_plaq,2,227.5,27.5,3
2,ana_leuc,12,8.745833333333332,2.769998370436745,3
2,ana_neu,1058,6.373293005671078,2.9653401496915373,3
2,protcrea,1320,55.49597727272727,56.46206098533426,3
2,splanchnic,468,0.038461538461538464,0.19230769230769226,3
3,raza,436,2.9288990825688073,0.5802480321435807,3
3,ant_inf,28,0.07142857142857142,0.25753937681885636,3
3,ant_isq,29,0.06896551724137931,0.2533954906327426,3
3,ant_clau,29,0.0,0.0,3
3,fum_act,35,0.2571428571428571,0.4370588154508102,3
3,diabetes,27,0.037037037037037035,0.18885257457751053,3
3,hip_art,28,0.32142857142857145,0.4670248868079293,3
3,insf_car,5,0.0,0.0,3
3,fibr_aur,181,0.011049723756906077,0.10453529242223482,3
3,trat_est,31,0.22580645161290322,0.4181123031230878,3
3,var171,21,0.047619047619047616,0.21295885499998,3
3,tv_l_esu,359,0.013927576601671309,0.11719043993293943,3
3,tvp_orig,1292,0.24226006191950464,0.4284508423591467,3
3,tv_l_ein,278,0.7553956834532374,0.4298523524112131,3
3,tvp_prox,562,0.9234875444839857,0.26581628931825113,3
3,tv_l_svc,478,0.016736401673640166,0.12828208967996563,3
3,tv_l_vre,492,0.016260162601626018,0.12647438362686217,3
3,tv_l_vrn,487,0.008213552361396304,0.09025569189254995,3
3,tv_l_vca,930,0.06236559139784946,0.24181837069884898,3
3,tv_l_yug,939,0.029818956336528223,0.17008758384881725,3
3,tv_l_ova,941,0.007438894792773645,0.08592763023053579,3
3,tv_l_sup,941,0.0,0.0,3
3,tv_l_pul,941,0.0,0.0,3
3,tv_l_ove,488,0.020491803278688523,0.1416752952249476,3
3,fr_antfa,692,0.1676300578034682,0.3735374432694453,3
3,fr_tvs_a,246,0.04878048780487805,0.2154088016177524,3
3,fr_viaje,13,0.0,0.0,3
3,fr_estro,17,0.0,0.0,3
3,fr_varic,33,0.06060606060606061,0.23860629921247914,3
3,fr_antec,1,0.0,0.0,3
3,ana_dime,189,1.5449735449735449,0.6123410056795474,3
3,ana_crea,46,0.9347826086956522,0.24690905851305536,3
3,ana_trop,855,0.8783625730994152,0.3268665832990422,3
3,tension_,67,130.6417910447761,17.95741354621457,3
3,ana_hemo,1,15.4,0.0,3
3,ana_plaq,2,231.0,43.0,3
3,ana_leuc,12,8.8425,3.445603781148765,3
3,ana_neu,1058,6.967525519848771,3.048911653694322,3
3,protcrea,1320,24.808181818181822,43.72570797490118,3
3,splanchnic,468,0.017094017094017096,0.12962180246241967,3
4,raza,436,2.9243119266055047,0.5716993290929062,3
4,ant_inf,28,0.0,0.0,3
4,ant_isq,29,0.10344827586206896,0.30454347814923605,3
4,ant_clau,29,0.034482758620689655,0.18246560765962697,3
4,fum_act,35,0.3142857142857143,0.4642307659791977,3
4,diabetes,27,0.1111111111111111,0.3142696805273545,3
4,hip_art,28,0.35714285714285715,0.47915742374995496,3
4,insf_car,5,0.0,0.0,3
4,fibr_aur,181,0.0055248618784530384,0.07412380035910907,3
4,trat_est,31,0.12903225806451613,0.3352356401746214,3
4,var171,21,0.047619047619047616,0.21295885499998,3
4,tv_l_esu,359,0.013927576601671309,0.11719043993293943,3
4,tvp_orig,1292,0.2848297213622291,0.4513333038796761,3
4,tv_l_ein,278,0.7410071942446043,0.43808165029175045,3
4,tvp_prox,562,0.9163701067615658,0.2768319602129824,3
4,tv_l_svc,478,0.006276150627615063,0.07897316354885721,3
4,tv_l_vre,492,0.018292682926829267,0.13400768887704825,3
4,tv_l_vrn,487,0.01026694045174538,0.10080441649801705,3
4,tv_l_vca,930,0.05913978494623656,0.23588613944602482,3
4,tv_l_yug,939,0.012779552715654952,0.11232201809103481,3
4,tv_l_ova,941,0.005313496280552604,0.07269981456530106,3
4,tv_l_sup,941,0.0010626992561105207,0.03258174222477342,3
4,tv_l_pul,941,0.004250797024442083,0.06505941706700942,3
4,tv_l_ove,488,0.03278688524590164,0.1780783687082003,3
4,fr_antfa,692,0.14450867052023122,0.35160477053746936,3
4,fr_tvs_a,246,0.032520325203252036,0.17737743275830428,3
4,fr_viaje,13,0.07692307692307693,0.26646935501059654,3
4,fr_estro,17,0.058823529411764705,0.23529411764705882,3
4,fr_varic,33,0.12121212121212122,0.3263736246748184,3
4,fr_antec,1,0.0,0.0,3
4,ana_dime,189,1.5714285714285714,0.5832118435198044,3
4,ana_crea,46,0.9347826086956522,0.24690905851305534,3
4,ana_trop,855,0.8491228070175438,0.35792913491386924,3
4,tension_,67,129.76119402985074,22.661749976714695,3
4,ana_hemo,1,15.0,0.0,3
4,ana_plaq,2,247.5,59.5,3
4,ana_leuc,12,8.350833333333332,2.538304743765457,3
4,ana_neu,1058,6.9055056710775045,3.0944475450613282,3
4,protcrea,1320,56.58429545454545,56.969558755590214,3
4,splanchnic,468,0.023504273504273504,0.1514985895357109,3
5,raza,436,2.885321100917431,0.6249147740899171,3
5,ant_inf,28,0.03571428571428571,0.1855768722395226,3
5,ant_isq,29,0.0,0.0,3
5,ant_clau,29,0.0,0.0,3
5,fum_act,35,0.14285714285714285,0.3499271061118826,3
5,diabetes,27,0.18518518518518517,0.3884477215445006,3
5,hip_art,28,0.35714285714285715,0.47915742374995496,3
5,insf_car,5,0.0,0.0,3
5,fibr_aur,181,0.011049723756906077,0.10453529242223482,3
5,trat_est,31,0.12903225806451613,0.3352356401746214,3
5,var171,21,0.14285714285714285,0.34992710611188255,3
5,tv_l_esu,359,0.008356545961002786,0.09103139074299828,3
5,tvp_orig,1292,0.35758513931888547,0.4792890646125558,3
5,tv_l_ein,278,0.7410071942446043,0.43808165029175045,3
5,tvp_prox,562,0.8345195729537367,0.3716135833239276,3
5,tv_l_svc,478,0.014644351464435146,0.12012449556448196,3
5,tv_l_vre,492,0.006097560975609756,0.07784844716343724,3
5,tv_l_vrn,487,0.008213552361396304,0.09025569189254995,3
5,tv_l_vca,930,0.07096774193548387,0.2567709515113858,3
5,tv_l_yug,939,0.019169329073482427,0.1371198960630986,3
5,tv_l_ova,941,0.009564293304994687,0.09732840078091658,3
5,tv_l_sup,941,0.0,0.0,3
5,tv_l_pul,941,0.006376195536663124,0.07959610334144103,3
5,tv_l_ove,488,0.04918032786885246,0.2162443599716872,3
5,fr_antfa,692,0.10260115606936417,0.3034372403687361,3
5,fr_tvs_a,246,0.06504065040650407,0.24659757541631055,3
5,fr_viaje,13,0.15384615384615385,0.36080121229410994,3
5,fr_estro,17,0.0,0.0,3
5,fr_varic,33,0.15151515151515152,0.35855028988482524,3
5,fr_antec,1,1.0,0.0,3
5,ana_dime,189,1.5767195767195767,0.5915523749999443,3
5,ana_crea,46,0.8260869565217391,0.37903469074266727,3
5,ana_trop,855,0.8748538011695907,0.3308846139498012,3
5,tension_,67,135.044776119403,22.869802050857366,3
5,ana_hemo,1,12.5,0.0,3
5,ana_plaq,2,290.0,89.0,3
5,ana_leuc,12,8.385,2.332071682717608,3
5,ana_neu,1058,6.7760500945179585,3.0385413770029484,3
5,protcrea,1320,64.88881060606062,58.10488635265574,3
5,splanchnic,468,0.02564102564102564,0.15806189751202504,3
1,raza,436,2.860091743119266,0.6433598667842941,4
1,ant_inf,28,0.03571428571428571,0.18557687223952257,4
1,ant_isq,29,0.034482758620689655,0.18246560765962697,4
1,ant_clau,29,0.0,0.0,4
1,fum_act,35,0.3142857142857143,0.4642307659791977,4
1,diabetes,27,0.07407407407407407,0.2618914004394621,4
1,hip_art,28,0.32142857142857145,0.4670248868079293,4
1,insf_car,5,0.0,0.0,4
1,fibr_aur,181,0.0055248618784530384,0.07412380035910907,4
1,trat_est,31,0.0967741935483871,0.29565004483586066,4
1,var171,21,0.0,0.0,4
1,tv_l_esu,359,0.016713091922005572,0.12819424511424904,4
1,tvp_orig,1292,0.3498452012383901,0.4769208911432381,4
1,tv_l_ein,278,0.7410071942446043,0.4380816502917505,4
1,tvp_prox,562,0.8861209964412812,0.31766425059674586,4
1,tv_l_svc,478,0.0020920502092050207,0.045691066250714556,4
1,tv_l_vre,492,0.014227642276422764,0.11842810676387978,4
1,tv_l_vrn,487,0.0,0.0,4
1,tv_l_vca,930,0.05591397849462366,0.22975553421740771,4
1,tv_l_yug,939,0.021299254526091587,0.1443800411508611,4
1,tv_l_ova,941,0.0021253985122210413,0.04605302588739735,4
1,tv_l_sup,941,0.0,0.0,4
1,tv_l_pul,941,0.004250797024442083,0.0650594170670094,4
1,tv_l_ove,488,0.02663934426229508,0.16102698407276345,4
1,fr_antfa,692,0.11705202312138728,0.32148226545888575,4
1,fr_tvs_a,246,0.044715447154471545,0.20667843607944983,4
1,fr_viaje,13,0.0,0.0,4
1,fr_estro,17,0.0,0.0,4
1,fr_varic,33,0.12121212121212122,0.3263736246748184,4
1,fr_antec,1,0.0,0.0,4
1,ana_dime,189,1.5767195767195767,0.5825394422578305,4
1,ana_crea,46,0.8695652173913043,0.33678116053977547,4
1,ana_trop,855,0.8713450292397661,0.33481766569121957,4
1,tension_,67,134.71641791044777,22.632565343643794,4
1,ana_hemo,1,14.5,0.0,4
1,ana_plaq,2,202.0,52.0,4
1,ana_leuc,12,8.884416666666668,3.393574994464622,4
1,ana_neu,1058,6.495534971644612,3.0943274115200476,4
1,protcrea,1320,76.90548484848485,59.926237644705935,4
1,splanchnic,468,0.021367521367521368,0.14460619073238146,4
2,raza,436,3.0,0.3248146966440455,4
2,ant_inf,28,0.0,0.0,4
2,ant_isq,29,0.034482758620689655,0.18246560765962697,4
2,ant_clau,29,0.0,0.0,4
2,fum_act,35,0.2571428571428571,0.4370588154508102,4
2,diabetes,27,0.07407407407407407,0.2618914004394621,4
2,hip_art,28,0.35714285714285715,0.47915742374995496,4
2,insf_car,5,0.0,0.0,4
2,fibr_aur,181,0.0,0.0,4
2,trat_est,31,0.12903225806451613,0.3352356401746214,4
2,var171,21,0.047619047619047616,0.21295885499998,4
2,tv_l_esu,359,0.005571030640668524,0.07443113769296597,4
2,tvp_orig,1292,0.20820433436532507,0.40602375486763953,4
2,tv_l_ein,278,0.7482014388489209,0.4340461332085858,4
2,tvp_prox,562,0.8701067615658363,0.33618593819975456,4
2,tv_l_svc,478,0.014644351464435146,0.12012449556448193,4
2,tv_l_vre,492,0.014227642276422764,0.11842810676387978,4
2,tv_l_vrn,487,0.0,0.0,4
2,tv_l_vca,930,0.06236559139784946,0.24181837069884898,4
2,tv_l_yug,939,0.011714589989350373,0.10759813367680586,4
2,tv_l_ova,941,0.003188097768331562,0.056373165610520054,4
2,tv_l_sup,941,0.0010626992561105207,0.03258174222477342,4
2,tv_l_pul,941,0.003188097768331562,0.056373165610520054,4
2,tv_l_ove,488,0.05122950819672131,0.2204655204031764,4
2,fr_antfa,692,0.11849710982658959,0.32319583040214916,4
2,fr_tvs_a,246,0.052845528455284556,0.22372500659865063,4
2,fr_viaje,13,0.07692307692307693,0.26646935501059654,4
2,fr_estro,17,0.058823529411764705,0.23529411764705885,4
2,fr_varic,33,0.21212121212121213,0.40881022918884974,4
2,fr_antec,1,0.0,0.0,4
2,ana_dime,189,1.619047619047619,0.5845064330006974,4
2,ana_crea,46,0.9347826086956522,0.2469090585130554,4
2,ana_trop,855,0.8491228070175438,0.35792913491386924,4
2,tension_,67,130.0,19.32981611513095,4
2,ana_hemo,1,16.7,0.0,4
2,ana_plaq,2,164.5,56.5,4
2,ana_leuc,12,8.527500000000002,3.449133043244345,4
2,ana_neu,1058,6.466799621928166,2.9410452965262435,4
2,protcrea,1320,67.2590984848485,58.63685661215084,4
2,splanchnic,468,0.029914529914529916,0.17035155066662178,4
3,raza,436,2.9105504587155964,0.5615988559255207,4
3,ant_inf,28,0.0,0.0,4
3,ant_isq,29,0.06896551724137931,0.2533954906327426,4
3,ant_clau,29,0.0,0.0,4
3,fum_act,35,0.2571428571428571,0.4370588154508102,4
3,diabetes,27,0.037037037037037035,0.18885257457751053,4
3,hip_art,28,0.2857142857142857,0.45175395145262565,4
3,insf_car,5,0.0,0.0,4
3,fibr_aur,181,0.011049723756906077,0.10453529242223483,4
3,trat_est,31,0.0967741935483871,0.29565004483586066,4
3,var171,21,0.047619047619047616,0.21295885499998,4
3,tv_l_esu,359,0.022284122562674095,0.14760603119210888,4
3,tvp_orig,1292,0.37229102167182665,0.4834153667958581,4
3,tv_l_ein,278,0.7697841726618705,0.4209709018223825,4
3,tvp_prox,562,0.902135231316726,0.297131714453108,4
3,tv_l_svc,478,0.0020920502092050207,0.04569106625071455,4
3,tv_l_vre,492,0.01016260162601626,0.10029617716646609,4
3,tv_l_vrn,487,0.004106776180698152,0.06395240863407571,4
3,tv_l_vca,930,0.06236559139784946,0.24181837069884898,4
3,tv_l_yug,939,0.021299254526091587,0.1443800411508611,4
3,tv_l_ova,941,0.007438894792773645,0.08592763023053579,4
3,tv_l_sup,941,0.0010626992561105207,0.03258174222477342,4
3,tv_l_pul,941,0.004250797024442083,0.06505941706700942,4
3,tv_l_ove,488,0.030737704918032786,0.17260619460032348,4
3,fr_antfa,692,0.10838150289017341,0.3108616295418924,4
3,fr_tvs_a,246,0.028455284552845527,0.16626960435949234,4
3,fr_viaje,13,0.0,0.0,4
3,fr_estro,17,0.0,0.0,4
3,fr_varic,33,0.21212121212121213,0.40881022918884974,4
3,fr_antec,1,0.0,0.0,4
3,ana_dime,189,1.6296296296296295,0.504341333112909,4
3,ana_crea,46,0.8695652173913043,0.33678116053977547,4
3,ana_trop,855,0.8374269005847953,0.36897572652105265,4
3,tension_,67,131.6417910447761,23.609826876755527,4
3,ana_hemo,1,15.5,0.0,4
3,ana_plaq,2,184.5,50.5,4
3,ana_leuc,12,8.030000000000001,3.741808831746129,4
3,ana_neu,1058,6.4209404536862005,2.929326485241064,4
3,protcrea,1320,75.6375,59.59531701877407,4
3,splanchnic,468,0.01282051282051282,0.11249954342810413,4
4,raza,436,2.896788990825688,0.5833223112292899,4
4,ant_inf,28,0.03571428571428571,0.18557687223952257,4
4,ant_isq,29,0.06896551724137931,0.2533954906327426,4
4,ant_clau,29,0.0,0.0,4
4,fum_act,35,0.2571428571428571,0.4370588154508102,4
4,diabetes,27,0.0,0.0,4
4,hip_art,28,0.39285714285714285,0.48838551182776235,4
4,insf_car,5,0.0,0.0,4
4,fibr_aur,181,0.0055248618784530384,0.07412380035910907,4
4,trat_est,31,0.16129032258064516,0.3677985242255284,4
4,var171,21,0.0,0.0,4
4,tv_l_esu,359,0.008356545961002786,0.09103139074299829,4
4,tvp_orig,1292,0.23219814241486067,0.42223472746086244,4
4,tv_l_ein,278,0.737410071942446,0.4400414273000698,4
4,tvp_prox,562,0.891459074733096,0.31106236160793915,4
4,tv_l_svc,478,0.016736401673640166,0.12828208967996563,4
4,tv_l_vre,492,0.014227642276422764,0.11842810676387978,4
4,tv_l_vrn,487,0.014373716632443531,0.11902568169354776,4
4,tv_l_vca,930,0.06881720430107527,0.253143036035478,4
4,tv_l_yug,939,0.02023429179978701,0.14080079983845292,4
4,tv_l_ova,941,0.0,0.0,4
4,tv_l_sup,941,0.0,0.0,4
4,tv_l_pul,941,0.0021253985122210413,0.04605302588739735,4
4,tv_l_ove,488,0.028688524590163935,0.16692960536406803,4
4,fr_antfa,692,0.1329479768786127,0.33951850070724654,4
4,fr_tvs_a,246,0.08536585365853659,0.2794253472534049,4
4,fr_viaje,13,0.0,0.0,4
4,fr_estro,17,0.0,0.0,4
4,fr_varic,33,0.2727272727272727,0.4453617714151233,4
4,fr_antec,1,0.0,0.0,4
4,ana_dime,189,1.5767195767195767,0.5825394422578305,4
4,ana_crea,46,0.8913043478260869,0.3112569796364425,4
4,ana_trop,855,0.8748538011695907,0.3308846139498012,4
4,tension_,67,134.40298507462686,22.587844902911527,4
4,ana_hemo,1,14.1,0.0,4
4,ana_plaq,2,287.0,20.0,4
4,ana_leuc,12,8.779166666666667,4.083443110769255,4
4,ana_neu,1058,7.303512287334594,3.135016811841613,4
4,protcrea,1320,70.16979545454546,58.57586654543892,4
4,splanchnic,468,0.017094017094017096,0.12962180246241967,4
5,raza,436,2.9288990825688073,0.5175716755744624,4
5,ant_inf,28,0.03571428571428571,0.1855768722395226,4
5,ant_isq,29,0.034482758620689655,0.18246560765962697,4
5,ant_clau,29,0.0,0.0,4
5,fum_act,35,0.11428571428571428,0.318157963590287,4
5,diabetes,27,0.1111111111111111,0.3142696805273545,4
5,hip_art,28,0.2857142857142857,0.45175395145262565,4
5,insf_car,5,0.0,0.0,4
5,fibr_aur,181,0.011049723756906077,0.10453529242223483,4
5,trat_est,31,0.12903225806451613,0.3352356401746214,4
5,var171,21,0.047619047619047616,0.21295885499998,4
5,tv_l_esu,359,0.016713091922005572,0.12819424511424907,4
5,tvp_orig,1292,0.3684210526315789,0.4823763889427199,4
5,tv_l_ein,278,0.737410071942446,0.4400414273000698,4
5,tvp_prox,562,0.9110320284697508,0.2846975088967972,4
5,tv_l_svc,478,0.006276150627615063,0.07897316354885721,4
5,tv_l_vre,492,0.008130081300813009,0.08979968306656308,4
5,tv_l_vrn,487,0.008213552361396304,0.09025569189254995,4
5,tv_l_vca,930,0.06881720430107527,0.253143036035478,4
5,tv_l_yug,939,0.01597444089456869,0.12537646562523055,4
5,tv_l_ova,941,0.005313496280552604,0.07269981456530106,4
5,tv_l_sup,941,0.0,0.0,4
5,tv_l_pul,941,0.0021253985122210413,0.04605302588739735,4
5,tv_l_ove,488,0.022540983606557378,0.1484347926350365,4
5,fr_antfa,692,0.17196531791907516,0.3773502979355741,4
5,fr_tvs_a,246,0.036585365853658534,0.18774151607732503,4
5,fr_viaje,13,0.0,0.0,4
5,fr_estro,17,0.0,0.0,4
5,fr_varic,33,0.15151515151515152,0.35855028988482524,4
5,fr_antec,1,0.0,0.0,4
5,ana_dime,189,1.5714285714285714,0.5457178869101932,4
5,ana_crea,46,0.9130434782608695,0.28177133471338517,4
5,ana_trop,855,0.8374269005847953,0.36897572652105265,4
5,tension_,67,129.86567164179104,20.141955560536534,4
5,ana_hemo,1,15.6,0.0,4
5,ana_plaq,2,218.0,6.0,4
5,ana_leuc,12,8.513333333333334,3.2633733398977744,4
5,ana_neu,1058,6.741987712665407,2.99132317089001,4
5,protcrea,1320,63.03291666666667,57.28839598556689,4
5,splanchnic,468,0.03418803418803419,0.18171189423478035,4
1,raza,436,2.8944954128440368,0.5848758768006779,5
1,ant_inf,28,0.0,0.0,5
1,ant_isq,29,0.0,0.0,5
1,ant_clau,29,0.0,0.0,5
1,fum_act,35,0.2571428571428571,0.4370588154508102,5
1,diabetes,27,0.07407407407407407,0.2618914004394621,5
1,hip_art,28,0.2857142857142857,0.45175395145262565,5
1,insf_car,5,0.0,0.0,5
1,fibr_aur,181,0.011049723756906077,0.10453529242223483,5
1,trat_est,31,0.12903225806451613,0.3352356401746214,5
1,var171,21,0.0,0.0,5
1,tv_l_esu,359,0.008356545961002786,0.09103139074299828,5
1,tvp_orig,1292,0.3761609907120743,0.48442120079388046,5
1,tv_l_ein,278,0.697841726618705,0.4591934790570632,5
1,tvp_prox,562,0.8309608540925267,0.37478648996241215,5
1,tv_l_svc,478,0.008368200836820083,0.0910943140463483,5
1,tv_l_vre,492,0.016260162601626018,0.12647438362686217,5
1,tv_l_vrn,487,0.002053388090349076,0.045267777587368795,5
1,tv_l_vca,930,0.06236559139784946,0.24181837069884898,5
1,tv_l_yug,939,0.014909478168264111,0.12119069943281197,5
1,tv_l_ova,941,0.007438894792773645,0.0859276302305358,5
1,tv_l_sup,941,0.0010626992561105207,0.03258174222477342,5
1,tv_l_pul,941,0.006376195536663124,0.07959610334144103,5
1,tv_l_ove,488,0.022540983606557378,0.1484347926350365,5
1,fr_antfa,692,0.16907514450867053,0.3748182759925704,5
1,fr_tvs_a,246,0.06910569105691057,0.25363378032205686,5
1,fr_viaje,13,0.07692307692307693,0.26646935501059654,5
1,fr_estro,17,0.0,0.0,5
1,fr_varic,33,0.15151515151515152,0.35855028988482524,5
1,fr_antec,1,0.0,0.0,5
1,ana_dime,189,1.6402116402116402,0.5119440669596566,5
1,ana_crea,46,0.8478260869565217,0.3591893835186588,5
1,ana_trop,855,0.8654970760233918,0.3411918630599958,5
1,tension_,67,131.49253731343285,21.26967790164328,5
1,ana_hemo,1,15.8,0.0,5
1,ana_plaq,2,250.0,33.0,5
1,ana_leuc,12,7.678333333333334,2.524578622705624,5
1,ana_neu,1058,6.0279168241965975,2.941133976665489,5
1,protcrea,1320,36.44078787878787,51.011815286002,5
1,splanchnic,468,0.017094017094017096,0.12962180246241967,5
2,raza,436,2.93348623853211,0.5092517917742666,5
2,ant_inf,28,0.0,0.0,5
2,ant_isq,29,0.0,0.0,5
2,ant_clau,29,0.0,0.0,5
2,fum_act,35,0.2,0.4,5
2,diabetes,27,0.1111111111111111,0.3142696805273545,5
2,hip_art,28,0.35714285714285715,0.47915742374995496,5
2,insf_car,5,0.0,0.0,5
2,fibr_aur,181,0.0,0.0,5
2,trat_est,31,0.25806451612903225,0.4375696763306625,5
2,var171,21,0.0,0.0,5
2,tv_l_esu,359,0.011142061281337047,0.10496626006360317,5
2,tvp_orig,1292,0.37693498452012386,0.4846184086112886,5
2,tv_l_ein,278,0.7410071942446043,0.43808165029175045,5
2,tvp_prox,562,0.900355871886121,0.2995249169039262,5
2,tv_l_svc,478,0.008368200836820083,0.09109431404634827,5
2,tv_l_vre,492,0.012195121951219513,0.1097560975609756,5
2,tv_l_vrn,487,0.01026694045174538,0.10080441649801705,5
2,tv_l_vca,930,0.06881720430107527,0.253143036035478,5
2,tv_l_yug,939,0.012779552715654952,0.1123220180910348,5
2,tv_l_ova,941,0.004250797024442083,0.06505941706700942,5
2,tv_l_sup,941,0.004250797024442083,0.0650594170670094,5
2,tv_l_pul,941,0.005313496280552604,0.07269981456530106,5
2,tv_l_ove,488,0.02459016393442623,0.1548724887515671,5
2,fr_antfa,692,0.12861271676300579,0.33477079599308635,5
2,fr_tvs_a,246,0.016260162601626018,0.12647438362686217,5
2,fr_viaje,13,0.07692307692307693,0.26646935501059654,5
2,fr_estro,17,0.0,0.0,5
2,fr_varic,33,0.18181818181818182,0.385694607919935,5
2,fr_antec,1,1.0,0.0,5
2,ana_dime,189,1.5873015873015872,0.5235689683324013,5
2,ana_crea,46,0.8913043478260869,0.3112569796364425,5
2,ana_trop,855,0.8631578947368421,0.3436805835224107,5
2,tension_,67,127.17910447761194,17.658388031039415,5
2,ana_hemo,1,14.4,0.0,5
2,ana_plaq,2,201.0,23.0,5
2,ana_leuc,12,7.593333333333334,2.5850639364540977,5
2,ana_neu,1058,6.875116257088847,3.053238131805127,5
2,protcrea,1320,43.77687878787879,51.720489697028775,5
2,splanchnic,468,0.017094017094017096,0.12962180246241967,5
3,raza,436,2.8371559633027523,0.6763333304226444,5
3,ant_inf,28,0.03571428571428571,0.1855768722395226,5
3,ant_isq,29,0.10344827586206896,0.30454347814923605,5
3,ant_clau,29,0.0,0.0,5
3,fum_act,35,0.2857142857142857,0.45175395145262565,5
3,diabetes,27,0.14814814814814814,0.3552467795046459,5
3,hip_art,28,0.4642857142857143,0.4987228587060335,5
3,insf_car,5,0.0,0.0,5
3,fibr_aur,181,0.011049723756906077,0.10453529242223483,5
3,trat_est,31,0.25806451612903225,0.43756967633066257,5
3,var171,21,0.09523809523809523,0.2935435239509036,5
3,tv_l_esu,359,0.011142061281337047,0.10496626006360317,5
3,tvp_orig,1292,0.24690402476780185,0.43121042116496044,5
3,tv_l_ein,278,0.7805755395683454,0.4138566981407114,5
3,tvp_prox,562,0.8772241992882562,0.32817968168571005,5
3,tv_l_svc,478,0.0041841004184100415,0.06454915740812346,5
3,tv_l_vre,492,0.0040650406504065045,0.06362795057926232,5
3,tv_l_vrn,487,0.006160164271047228,0.07824459500311148,5
3,tv_l_vca,930,0.07419354838709677,0.2620856077025755,5
3,tv_l_yug,939,0.01597444089456869,0.12537646562523055,5
3,tv_l_ova,941,0.009564293304994687,0.09732840078091659,5
3,tv_l_sup,941,0.0,0.0,5
3,tv_l_pul,941,0.006376195536663124,0.07959610334144103,5
3,tv_l_ove,488,0.040983606557377046,0.19825223971225941,5
3,fr_antfa,692,0.16040462427745664,0.36698089975891746,5
3,fr_tvs_a,246,0.052845528455284556,0.22372500659865063,5
3,fr_viaje,13,0.0,0.0,5
3,fr_estro,17,0.058823529411764705,0.23529411764705885,5
3,fr_varic,33,0.12121212121212122,0.3263736246748184,5
3,fr_antec,1,0.0,0.0,5
3,ana_dime,189,1.5925925925925926,0.5521944180169207,5
3,ana_crea,46,0.8695652173913043,0.3367811605397755,5
3,ana_trop,855,0.8421052631578947,0.3646422752776583,5
3,tension_,67,131.98507462686567,20.356151688410925,5
3,ana_hemo,1,15.4,0.0,5
3,ana_plaq,2,171.0,140.0,5
3,ana_leuc,12,8.688333333333334,2.665276199987953,5
3,ana_neu,1058,6.4884867674858215,3.0165559466261302,5
3,protcrea,1320,34.03149242424243,49.45461152134566,5
3,splanchnic,468,0.014957264957264958,0.12138181569849386,5
4,raza,436,2.9403669724770642,0.5951823814311571,5
4,ant_inf,28,0.03571428571428571,0.1855768722395226,5
4,ant_isq,29,0.034482758620689655,0.18246560765962697,5
4,ant_clau,29,0.034482758620689655,0.18246560765962697,5
4,fum_act,35,0.08571428571428572,0.27994168488950605,5
4,diabetes,27,0.18518518518518517,0.3884477215445007,5
4,hip_art,28,0.35714285714285715,0.47915742374995496,5
4,insf_car,5,0.0,0.0,5
4,fibr_aur,181,0.022099447513812154,0.147007013211603,5
4,trat_est,31,0.12903225806451613,0.3352356401746214,5
4,var171,21,0.0,0.0,5
4,tv_l_esu,359,0.019498607242339833,0.1382693442450235,5
4,tvp_orig,1292,0.13854489164086686,0.34547098957956995,5
4,tv_l_ein,278,0.7661870503597122,0.42325459740066146,5
4,tvp_prox,562,0.797153024911032,0.40211948446478385,5
4,tv_l_svc,478,0.006276150627615063,0.07897316354885721,5
4,tv_l_vre,492,0.018292682926829267,0.13400768887704825,5
4,tv_l_vrn,487,0.008213552361396304,0.09025569189254995,5
4,tv_l_vca,930,0.07526881720430108,0.26382460529860857,5
4,tv_l_yug,939,0.026624068157614485,0.1609820709034182,5
4,tv_l_ova,941,0.004250797024442083,0.0650594170670094,5
4,tv_l_sup,941,0.0,0.0,5
4,tv_l_pul,941,0.0,0.0,5
4,tv_l_ove,488,0.03278688524590164,0.17807836870820026,5
4,fr_antfa,692,0.16618497109826588,0.3722465936436953,5
4,fr_tvs_a,246,0.04878048780487805,0.2154088016177524,5
4,fr_viaje,13,0.07692307692307693,0.26646935501059654,5
4,fr_estro,17,0.058823529411764705,0.23529411764705885,5
4,fr_varic,33,0.09090909090909091,0.28747978728803447,5
4,fr_antec,1,0.0,0.0,5
4,ana_dime,189,1.5238095238095237,0.5780044906677182,5
4,ana_crea,46,0.8260869565217391,0.37903469074266727,5
4,ana_trop,855,0.8233918128654971,0.38133677421875706,5
4,tension_,67,129.98507462686567,20.919527788764224,5
4,ana_hemo,1,14.5,0.0,5
4,ana_plaq,2,249.0,96.0,5
4,ana_leuc,12,9.2475,2.110711274270674,5
4,ana_neu,1058,7.264113421550095,3.0163011751474755,5
4,protcrea,1320,33.51462121212121,44.77619764578158,5
4,splanchnic,468,0.03418803418803419,0.18171189423478035,5
5,raza,436,2.915137614678899,0.6314757939223852,5
5,ant_inf,28,0.03571428571428571,0.1855768722395226,5
5,ant_isq,29,0.06896551724137931,0.2533954906327426,5
5,ant_clau,29,0.034482758620689655,0.18246560765962697,5
5,fum_act,35,0.17142857142857143,0.3768830273792263,5
5,diabetes,27,0.1111111111111111,0.3142696805273545,5
5,hip_art,28,0.25,0.4330127018922193,5
5,insf_car,5,0.0,0.0,5
5,fibr_aur,181,0.011049723756906077,0.10453529242223483,5
5,trat_est,31,0.3225806451612903,0.4674637660061109,5
5,var171,21,0.0,0.0,5
5,tv_l_esu,359,0.013927576601671309,0.11719043993293941,5
5,tvp_orig,1292,0.22987616099071206,0.42075302922128116,5
5,tv_l_ein,278,0.7913669064748201,0.4063315466602284,5
5,tvp_prox,562,0.8647686832740213,0.34197047782306694,5
5,tv_l_svc,478,0.008368200836820083,0.0910943140463483,5
5,tv_l_vre,492,0.006097560975609756,0.07784844716343724,5
5,tv_l_vrn,487,0.004106776180698152,0.06395240863407571,5
5,tv_l_vca,930,0.05268817204301075,0.22341022485503398,5
5,tv_l_yug,939,0.006389776357827476,0.07968028059642127,5
5,tv_l_ova,941,0.011689691817215728,0.10748508232510337,5
5,tv_l_sup,941,0.0,0.0,5
5,tv_l_pul,941,0.003188097768331562,0.05637316561052006,5
5,tv_l_ove,488,0.040983606557377046,0.19825223971225944,5
5,fr_antfa,692,0.12427745664739884,0.32989781814472907,5
5,fr_tvs_a,246,0.052845528455284556,0.2237250065986506,5
5,fr_viaje,13,0.07692307692307693,0.26646935501059654,5
5,fr_estro,17,0.0,0.0,5
5,fr_varic,33,0.24242424242424243,0.42854956435548336,5
5,fr_antec,1,0.0,0.0,5
5,ana_dime,189,1.6402116402116402,0.5322130671631564,5
5,ana_crea,46,0.8695652173913043,0.33678116053977547,5
5,ana_trop,855,0.8608187134502924,0.3461356035198861,5
5,tension_,67,129.0,18.435041260291683,5
5,ana_hemo,1,14.6,0.0,5
5,ana_plaq,2,204.5,47.5,5
5,ana_leuc,12,8.275833333333335,2.0244812435672395,5
5,ana_neu,1058,6.685431001890358,3.0643631494618755,5
5,protcrea,1320,39.267598484848484,50.080776481049554,5
5,splanchnic,468,0.017094017094017096,0.12962180246241967,5
1,raza,436,2.9128440366972477,0.5639963753919566,6
1,ant_inf,28,0.0,0.0,6
1,ant_isq,29,0.0,0.0,6
1,ant_clau,29,0.0,0.0,6
1,fum_act,35,0.2857142857142857,0.45175395145262565,6
1,diabetes,27,0.1111111111111111,0.3142696805273545,6
1,hip_art,28,0.25,0.4330127018922193,6
1,insf_car,5,0.0,0.0,6
1,fibr_aur,181,0.0,0.0,6
1,trat_est,31,0.12903225806451613,0.3352356401746214,6
1,var171,21,0.09523809523809523,0.2935435239509036,6
1,tv_l_esu,359,0.016713091922005572,0.12819424511424904,6
1,tvp_orig,1292,0.3142414860681115,0.4642130701540149,6
1,tv_l_ein,278,0.7122302158273381,0.45272324381445384,6
1,tvp_prox,562,0.8825622775800712,0.3219411495487158,6
1,tv_l_svc,478,0.012552301255230125,0.11133167109330602,6
1,tv_l_vre,492,0.006097560975609756,0.07784844716343724,6
1,tv_l_vrn,487,0.02053388090349076,0.14181763162079677,6
1,tv_l_vca,930,0.04408602150537634,0.20528624944989338,6
1,tv_l_yug,939,0.022364217252396165,0.14786500275279407,6
1,tv_l_ova,941,0.003188097768331562,0.056373165610520054,6
1,tv_l_sup,941,0.0,0.0,6
1,tv_l_pul,941,0.005313496280552604,0.07269981456530106,6
1,tv_l_ove,488,0.022540983606557378,0.1484347926350365,6
1,fr_antfa,692,0.15028901734104047,0.35735448592077984,6
1,fr_tvs_a,246,0.06097560975609756,0.23928557158961683,6
1,fr_viaje,13,0.0,0.0,6
1,fr_estro,17,0.0,0.0,6
1,fr_varic,33,0.15151515151515152,0.35855028988482524,6
1,fr_antec,1,0.0,0.0,6
1,ana_dime,189,1.6031746031746033,0.5206736338684674,6
1,ana_crea,46,0.9347826086956522,0.24690905851305536,6
1,ana_trop,855,0.8654970760233918,0.3411918630599958,6
1,tension_,67,133.07462686567163,23.346394418056448,6
1,ana_hemo,1,15.0,0.0,6
1,ana_plaq,2,173.5,10.5,6
1,ana_leuc,12,8.106666666666667,1.8795980657813225,6
1,ana_neu,1058,6.701790170132326,3.084070695407306,6
1,protcrea,1320,67.94575757575758,57.75176618342392,6
1,splanchnic,468,0.03205128205128205,0.17613630338505235,6
2,raza,436,2.938073394495413,0.45263748393273223,6
2,ant_inf,28,0.0,0.0,6
2,ant_isq,29,0.034482758620689655,0.18246560765962697,6
2,ant_clau,29,0.0,0.0,6
2,fum_act,35,0.22857142857142856,0.4199125273342591,6
2,diabetes,27,0.1111111111111111,0.3142696805273545,6
2,hip_art,28,0.32142857142857145,0.4670248868079293,6
2,insf_car,5,0.0,0.0,6
2,fibr_aur,181,0.016574585635359115,0.1276709393181364,6
2,trat_est,31,0.12903225806451613,0.3352356401746214,6
2,var171,21,0.047619047619047616,0.21295885499998,6
2,tv_l_esu,359,0.005571030640668524,0.07443113769296596,6
2,tvp_orig,1292,0.326625386996904,0.4689789372306892,6
2,tv_l_ein,278,0.7266187050359713,0.4456949209131954,6
2,tvp_prox,562,0.8879003558718861,0.31548900759687987,6
2,tv_l_svc,478,0.012552301255230125,0.11133167109330602,6
2,tv_l_vre,492,0.008130081300813009,0.08979968306656308,6
2,tv_l_vrn,487,0.006160164271047228,0.07824459500311148,6
2,tv_l_vca,930,0.07634408602150537,0.2655478611306187,6
2,tv_l_yug,939,0.01810436634717785,0.13332891009209152,6
2,tv_l_ova,941,0.003188097768331562,0.056373165610520054,6
2,tv_l_sup,941,0.0,0.0,6
2,tv_l_pul,941,0.0,0.0,6
2,tv_l_ove,488,0.028688524590163935,0.16692960536406803,6
2,fr_antfa,692,0.16184971098265896,0.36831288605951423,6
2,fr_tvs_a,246,0.06097560975609756,0.23928557158961683,6
2,fr_viaje,13,0.0,0.0,6
2,fr_estro,17,0.0,0.0,6
2,fr_varic,33,0.12121212121212122,0.3263736246748184,6
2,fr_antec,1,0.0,0.0,6
2,ana_dime,189,1.6349206349206349,0.5335789306022732,6
2,ana_crea,46,0.9130434782608695,0.2817713347133852,6
2,ana_trop,855,0.8608187134502924,0.3461356035198861,6
2,tension_,67,130.37313432835822,23.24999490989867,6
2,ana_hemo,1,15.4,0.0,6
2,ana_plaq,2,167.0,59.0,6
2,ana_leuc,12,8.295833333333333,2.1158901134563255,6
2,ana_neu,1058,6.507734404536862,2.9776779931636894,6
2,protcrea,1320,28.037969696969693,39.11985803716019,6
2,splanchnic,468,0.023504273504273504,0.1514985895357109,6
3,raza,436,2.8990825688073394,0.540895521944355,6
3,ant_inf,28,0.03571428571428571,0.1855768722395226,6
3,ant_isq,29,0.0,0.0,6
3,ant_clau,29,0.0,0.0,6
3,fum_act,35,0.14285714285714285,0.3499271061118826,6
3,diabetes,27,0.07407407407407407,0.2618914004394621,6
3,hip_art,28,0.25,0.4330127018922193,6
3,insf_car,5,0.0,0.0,6
3,fibr_aur,181,0.0055248618784530384,0.07412380035910907,6
3,trat_est,31,0.25806451612903225,0.4375696763306625,6
3,var171,21,0.047619047619047616,0.21295885499997996,6
3,tv_l_esu,359,0.005571030640668524,0.07443113769296596,6
3,tvp_orig,1292,0.17414860681114552,0.3792372206902726,6
3,tv_l_ein,278,0.7697841726618705,0.4209709018223825,6
3,tvp_prox,562,0.8665480427046264,0.34006254187929524,6
3,tv_l_svc,478,0.006276150627615063,0.07897316354885721,6
3,tv_l_vre,492,0.0020325203252032522,0.04503764188243971,6
3,tv_l_vrn,487,0.008213552361396304,0.09025569189254994,6
3,tv_l_vca,930,0.03655913978494624,0.18767676756362517,6
3,tv_l_yug,939,0.026624068157614485,0.1609820709034182,6
3,tv_l_ova,941,0.0,0.0,6
3,tv_l_sup,941,0.0,0.0,6
3,tv_l_pul,941,0.0021253985122210413,0.04605302588739735,6
3,tv_l_ove,488,0.028688524590163935,0.16692960536406803,6
3,fr_antfa,692,0.14739884393063585,0.3545030673189555,6
3,fr_tvs_a,246,0.032520325203252036,0.17737743275830428,6
3,fr_viaje,13,0.07692307692307693,0.26646935501059654,6
3,fr_estro,17,0.11764705882352941,0.32218973970892123,6
3,fr_varic,33,0.3333333333333333,0.4714045207910317,6
3,fr_antec,1,0.0,0.0,6
3,ana_dime,189,1.5714285714285714,0.5740679784134961,6
3,ana_crea,46,0.9130434782608695,0.28177133471338517,6
3,ana_trop,855,0.8198830409356725,0.38428484243038635,6
3,tension_,67,134.1044776119403,20.10653293131751,6
3,ana_hemo,1,15.0,0.0,6
3,ana_plaq,2,242.5,39.5,6
3,ana_leuc,12,8.176916666666667,1.8233356547060178,6
3,ana_neu,1058,6.538430056710775,2.921934591890385,6
3,protcrea,1320,28.08265909090909,39.035860703765465,6
3,splanchnic,468,0.023504273504273504,0.1514985895357109,6
4,raza,436,2.9243119266055047,0.5343741378618114,6
4,ant_inf,28,0.07142857142857142,0.2575393768188564,6
4,ant_isq,29,0.0,0.0,6
4,ant_clau,29,0.0,0.0,6
4,fum_act,35,0.22857142857142856,0.4199125273342591,6
4,diabetes,27,0.07407407407407407,0.2618914004394621,6
4,hip_art,28,0.32142857142857145,0.4670248868079293,6
4,insf_car,5,0.2,0.4,6
4,fibr_aur,181,0.027624309392265192,0.16389388921758372,6
4,trat_est,31,0.3225806451612903,0.4674637660061109,6
4,var171,21,0.0,0.0,6
4,tv_l_esu,359,0.011142061281337047,0.10496626006360317,6
4,tvp_orig,1292,0.28560371517027866,0.4517014866603973,6
4,tv_l_ein,278,0.7410071942446043,0.43808165029175045,6
4,tvp_prox,562,0.8896797153024911,0.31328855625727775,6
4,tv_l_svc,478,0.010460251046025104,0.10173904950450065,6
4,tv_l_vre,492,0.008130081300813009,0.08979968306656308,6
4,tv_l_vrn,487,0.01026694045174538,0.10080441649801705,6
4,tv_l_vca,930,0.05913978494623656,0.23588613944602482,6
4,tv_l_yug,939,0.023429179978700747,0.1512622011747363,6
4,tv_l_ova,941,0.006376195536663124,0.07959610334144103,6
4,tv_l_sup,941,0.004250797024442083,0.06505941706700942,6
4,tv_l_pul,941,0.0,0.0,6
4,tv_l_ove,488,0.028688524590163935,0.16692960536406803,6
4,fr_antfa,692,0.1315028901734104,0.3379495229312365,6
4,fr_tvs_a,246,0.056910569105691054,0.23167165607764237,6
4,fr_viaje,13,0.07692307692307693,0.26646935501059654,6
4,fr_estro,17,0.058823529411764705,0.23529411764705885,6
4,fr_varic,33,0.18181818181818182,0.38569460791993504,6
4,fr_antec,1,0.0,0.0,6
4,ana_dime,189,1.619047619047619,0.5172752614857244,6
4,ana_crea,46,0.8478260869565217,0.3591893835186588,6
4,ana_trop,855,0.8654970760233918,0.3411918630599958,6
4,tension_,67,132.01492537313433,20.736795861616883,6
4,ana_hemo,1,13.0,0.0,6
4,ana_plaq,2,209.0,38.0,6
4,ana_leuc,12,7.9225,1.7930333934425202,6
4,ana_neu,1058,6.754444234404536,3.0482313110896317,6
4,protcrea,1320,70.4332196969697,57.5995501272434,6
4,splanchnic,468,0.019230769230769232,0.1373351620873625,6
5,raza,436,2.947247706422018,0.40007653295277157,6
5,ant_inf,28,0.0,0.0,6
5,ant_isq,29,0.06896551724137931,0.2533954906327426,6
5,ant_clau,29,0.0,0.0,6
5,fum_act,35,0.2857142857142857,0.4517539514526256,6
5,diabetes,27,0.037037037037037035,0.18885257457751053,6
5,hip_art,28,0.32142857142857145,0.46702488680792925,6
5,insf_car,5,0.2,0.4,6
5,fibr_aur,181,0.0055248618784530384,0.07412380035910907,6
5,trat_est,31,0.16129032258064516,0.3677985242255284,6
5,var171,21,0.09523809523809523,0.2935435239509036,6
5,tv_l_esu,359,0.019498607242339833,0.1382693442450235,6
5,tvp_orig,1292,0.22755417956656346,0.4192532348454234,6
5,tv_l_ein,278,0.7482014388489209,0.4340461332085858,6
5,tvp_prox,562,0.8879003558718861,0.31548900759687987,6
5,tv_l_svc,478,0.0041841004184100415,0.06454915740812346,6
5,tv_l_vre,492,0.012195121951219513,0.1097560975609756,6
5,tv_l_vrn,487,0.006160164271047228,0.07824459500311148,6
5,tv_l_vca,930,0.043010752688172046,0.202881314667884,6
5,tv_l_yug,939,0.021299254526091587,0.1443800411508611,6
5,tv_l_ova,941,0.010626992561105207,0.10253808848526201,6
5,tv_l_sup,941,0.0010626992561105207,0.032581742224773426,6
5,tv_l_pul,941,0.004250797024442083,0.0650594170670094,6
5,tv_l_ove,488,0.028688524590163935,0.16692960536406806,6
5,fr_antfa,692,0.13583815028901733,0.34261661841638047,6
5,fr_tvs_a,246,0.04878048780487805,0.2154088016177524,6
5,fr_viaje,13,0.0,0.0,6
5,fr_estro,17,0.0,0.0,6
5,fr_varic,33,0.21212121212121213,0.40881022918884974,6
5,fr_antec,1,0.0,0.0,6
5,ana_dime,189,1.6137566137566137,0.4976358542233861,6
5,ana_crea,46,0.8913043478260869,0.3112569796364425,6
5,ana_trop,855,0.8538011695906432,0.3533054378244027,6
5,tension_,67,126.38805970149254,25.006838004464104,6
5,ana_hemo,1,15.0,0.0,6
5,ana_plaq,2,163.0,14.0,6
5,ana_leuc,12,8.211666666666666,2.4673698322077473,6
5,ana_neu,1058,6.700136105860114,3.01155435069402,6
5,protcrea,1320,27.58875,45.57810699392441,6
5,splanchnic,468,0.019230769230769232,0.13733516208736252,6
1,raza,436,2.9311926605504586,0.5903190317211426,7
1,ant_inf,28,0.03571428571428571,0.1855768722395226,7
1,ant_isq,29,0.06896551724137931,0.2533954906327426,7
1,ant_clau,29,0.034482758620689655,0.18246560765962697,7
1,fum_act,35,0.2571428571428571,0.4370588154508102,7
1,diabetes,27,0.037037037037037035,0.18885257457751053,7
1,hip_art,28,0.2857142857142857,0.45175395145262565,7
1,insf_car,5,0.2,0.4,7
1,fibr_aur,181,0.0055248618784530384,0.07412380035910905,7
1,trat_est,31,0.0967741935483871,0.29565004483586066,7
1,var171,21,0.0,0.0,7
1,tv_l_esu,359,0.011142061281337047,0.10496626006360317,7
1,tvp_orig,1292,0.21284829721362228,0.4093212669613977,7
1,tv_l_ein,278,0.7194244604316546,0.4492804315394531,7
1,tvp_prox,562,0.8505338078291815,0.35654740157344367,7
1,tv_l_svc,478,0.02301255230125523,0.14994323838652154,7
1,tv_l_vre,492,0.012195121951219513,0.1097560975609756,7
1,tv_l_vrn,487,0.008213552361396304,0.09025569189254994,7
1,tv_l_vca,930,0.06559139784946237,0.2475664888017276,7
1,tv_l_yug,939,0.023429179978700747,0.1512622011747363,7
1,tv_l_ova,941,0.007438894792773645,0.08592763023053579,7
1,tv_l_sup,941,0.0,0.0,7
1,tv_l_pul,941,0.004250797024442083,0.06505941706700942,7
1,tv_l_ove,488,0.0430327868852459,0.2029309393319188,7
1,fr_antfa,692,0.12716763005780346,0.3331606578263483,7
1,fr_tvs_a,246,0.04065040650406504,0.19747898864213206,7
1,fr_viaje,13,0.0,0.0,7
1,fr_estro,17,0.0,0.0,7
1,fr_varic,33,0.06060606060606061,0.2386062992124791,7
1,fr_antec,1,0.0,0.0,7
1,ana_dime,189,1.6084656084656084,0.5588463884237416,7
1,ana_crea,46,0.9347826086956522,0.24690905851305536,7
1,ana_trop,855,0.8713450292397661,0.3348176656912196,7
1,tension_,67,130.44776119402985,20.856498741731972,7
1,ana_hemo,1,13.7,0.0,7
1,ana_plaq,2,319.5,21.5,7
1,ana_leuc,12,9.956666666666667,3.028460371578638,7
1,ana_neu,1058,6.255882797731569,2.914256085945054,7
1,protcrea,1320,50.593621212121214,50.50570237449796,7
1,splanchnic,468,0.023504273504273504,0.1514985895357109,7
2,raza,436,2.947247706422018,0.4537981840560159,7
2,ant_inf,28,0.0,0.0,7
2,ant_isq,29,0.0,0.0,7
2,ant_clau,29,0.0,0.0,7
2,fum_act,35,0.2,0.4,7
2,diabetes,27,0.07407407407407407,0.2618914004394621,7
2,hip_art,28,0.2857142857142857,0.45175395145262565,7
2,insf_car,5,0.2,0.4000000000000001,7
2,fibr_aur,181,0.0055248618784530384,0.07412380035910907,7
2,trat_est,31,0.12903225806451613,0.3352356401746214,7
2,var171,21,0.047619047619047616,0.21295885499998,7
2,tv_l_esu,359,0.008356545961002786,0.09103139074299828,7
2,tvp_orig,1292,0.19736842105263158,0.39801272269089927,7
2,tv_l_ein,278,0.7230215827338129,0.4475057246951205,7
2,tvp_prox,562,0.8825622775800712,0.3219411495487158,7
2,tv_l_svc,478,0.010460251046025104,0.10173904950450066,7
2,tv_l_vre,492,0.008130081300813009,0.08979968306656308,7
2,tv_l_vrn,487,0.006160164271047228,0.07824459500311148,7
2,tv_l_vca,930,0.03225806451612903,0.17668469596940845,7
2,tv_l_yug,939,0.012779552715654952,0.1123220180910348,7
2,tv_l_ova,941,0.010626992561105207,0.10253808848526201,7
2,tv_l_sup,941,0.0,0.0,7
2,tv_l_pul,941,0.007438894792773645,0.08592763023053579,7
2,tv_l_ove,488,0.02663934426229508,0.16102698407276345,7
2,fr_antfa,692,0.14739884393063585,0.3545030673189555,7
2,fr_tvs_a,246,0.032520325203252036,0.1773774327583043,7
2,fr_viaje,13,0.07692307692307693,0.26646935501059654,7
2,fr_estro,17,0.0,0.0,7
2,fr_varic,33,0.24242424242424243,0.42854956435548336,7
2,fr_antec,1,0.0,0.0,7
2,ana_dime,189,1.566137566137566,0.5928287511292826,7
2,ana_crea,46,0.8478260869565217,0.35918938351865876,7
2,ana_trop,855,0.8725146198830409,0.3335159036288877,7
2,tension_,67,132.56716417910448,21.060838582755107,7
2,ana_hemo,1,15.6,0.0,7
2,ana_plaq,2,178.0,62.0,7
2,ana_leuc,12,9.711666666666666,2.7320591542318815,7
2,ana_neu,1058,6.619766540642722,2.9731328568109925,7
2,protcrea,1320,29.806537878787882,43.017473175356365,7
2,splanchnic,468,0.02564102564102564,0.15806189751202507,7
3,raza,436,2.915137614678899,0.6278331962763708,7
3,ant_inf,28,0.0,0.0,7
3,ant_isq,29,0.034482758620689655,0.18246560765962697,7
3,ant_clau,29,0.034482758620689655,0.18246560765962697,7
3,fum_act,35,0.22857142857142856,0.4199125273342591,7
3,diabetes,27,0.1111111111111111,0.3142696805273545,7
3,hip_art,28,0.32142857142857145,0.4670248868079293,7
3,insf_car,5,0.0,0.0,7
3,fibr_aur,181,0.022099447513812154,0.147007013211603,7
3,trat_est,31,0.16129032258064516,0.3677985242255284,7
3,var171,21,0.047619047619047616,0.21295885499998,7
3,tv_l_esu,359,0.005571030640668524,0.07443113769296597,7
3,tvp_orig,1292,0.2678018575851393,0.4428137561764405,7
3,tv_l_ein,278,0.7086330935251799,0.45439215693727986,7
3,tvp_prox,562,0.8772241992882562,0.32817968168571005,7
3,tv_l_svc,478,0.008368200836820083,0.0910943140463483,7
3,tv_l_vre,492,0.008130081300813009,0.08979968306656308,7
3,tv_l_vrn,487,0.004106776180698152,0.06395240863407571,7
3,tv_l_vca,930,0.03870967741935484,0.1929021469384007,7
3,tv_l_yug,939,0.014909478168264111,0.12119069943281198,7
3,tv_l_ova,941,0.0010626992561105207,0.03258174222477342,7
3,tv_l_sup,941,0.003188097768331562,0.05637316561052006,7
3,tv_l_pul,941,0.0,0.0,7
3,tv_l_ove,488,0.03278688524590164,0.1780783687082003,7
3,fr_antfa,692,0.10982658959537572,0.3126734875444745,7
3,fr_tvs_a,246,0.036585365853658534,0.18774151607732503,7
3,fr_viaje,13,0.0,0.0,7
3,fr_estro,17,0.0,0.0,7
3,fr_varic,33,0.09090909090909091,0.28747978728803447,7
3,fr_antec,1,0.0,0.0,7
3,ana_dime,189,1.5767195767195767,0.6004300316856956,7
3,ana_crea,46,0.9130434782608695,0.2817713347133852,7
3,ana_trop,855,0.8736842105263158,0.33220492290651576,7
3,tension_,67,131.19402985074626,20.696988609255364,7
3,ana_hemo,1,13.0,0.0,7
3,ana_plaq,2,151.0,43.0,7
3,ana_leuc,12,9.525833333333333,2.9009178384703618,7
3,ana_neu,1058,6.543442344045368,2.931648784947235,7
3,protcrea,1320,42.48763636363636,48.978364410444684,7
3,splanchnic,468,0.02564102564102564,0.15806189751202504,7
4,raza,436,2.8807339449541285,0.6054003246348021,7
4,ant_inf,28,0.0,0.0,7
4,ant_isq,29,0.0,0.0,7
4,ant_clau,29,0.034482758620689655,0.18246560765962697,7
4,fum_act,35,0.4,0.48989794855663565,7
4,diabetes,27,0.0,0.0,7
4,hip_art,28,0.2857142857142857,0.45175395145262565,7
4,insf_car,5,0.0,0.0,7
4,fibr_aur,181,0.0055248618784530384,0.07412380035910907,7
4,trat_est,31,0.06451612903225806,0.24567010018915833,7
4,var171,21,0.047619047619047616,0.21295885499998,7
4,tv_l_esu,359,0.03064066852367688,0.17234215374103642,7
4,tvp_orig,1292,0.293343653250774,0.4552945797483906,7
4,tv_l_ein,278,0.7697841726618705,0.4209709018223825,7
4,tvp_prox,562,0.8576512455516014,0.34940747924935456,7
4,tv_l_svc,478,0.008368200836820083,0.0910943140463483,7
4,tv_l_vre,492,0.012195121951219513,0.1097560975609756,7
4,tv_l_vrn,487,0.01026694045174538,0.10080441649801705,7
4,tv_l_vca,930,0.047311827956989246,0.21230501381822686,7
4,tv_l_yug,939,0.013844515441959531,0.11684538858738447,7
4,tv_l_ova,941,0.006376195536663124,0.07959610334144103,7
4,tv_l_sup,941,0.0,0.0,7
4,tv_l_pul,941,0.0,0.0,7
4,tv_l_ove,488,0.0430327868852459,0.2029309393319188,7
4,fr_antfa,692,0.14017341040462428,0.34716685530182895,7
4,fr_tvs_a,246,0.052845528455284556,0.22372500659865063,7
4,fr_viaje,13,0.0,0.0,7
4,fr_estro,17,0.058823529411764705,0.23529411764705885,7
4,fr_varic,33,0.18181818181818182,0.385694607919935,7
4,fr_antec,1,0.0,0.0,7
4,ana_dime,189,1.6243386243386244,0.5649743278713317,7
4,ana_crea,46,0.8695652173913043,0.33678116053977547,7
4,ana_trop,855,0.8444444444444444,0.3624334762288909,7
4,tension_,67,134.3582089552239,19.01036755047358,7
4,ana_hemo,1,15.0,0.0,7
4,ana_plaq,2,200.0,0.0,7
4,ana_leuc,12,9.705833333333333,3.1329444572513925,7
4,ana_neu,1058,6.710816635160681,3.075158547625049,7
4,protcrea,1320,50.08377272727273,50.37505526586801,7
4,splanchnic,468,0.03205128205128205,0.17613630338505235,7
5,raza,436,2.853211009174312,0.6850391815405675,7
5,ant_inf,28,0.0,0.0,7
5,ant_isq,29,0.034482758620689655,0.18246560765962697,7
5,ant_clau,29,0.0,0.0,7
5,fum_act,35,0.2571428571428571,0.4370588154508102,7
5,diabetes,27,0.037037037037037035,0.18885257457751053,7
5,hip_art,28,0.25,0.4330127018922193,7
5,insf_car,5,0.0,0.0,7
5,fibr_aur,181,0.0055248618784530384,0.07412380035910907,7
5,trat_est,31,0.0967741935483871,0.29565004483586066,7
5,var171,21,0.0,0.0,7
5,tv_l_esu,359,0.008356545961002786,0.09103139074299828,7
5,tvp_orig,1292,0.2825077399380805,0.45021896540812045,7
5,tv_l_ein,278,0.7482014388489209,0.4340461332085858,7
5,tvp_prox,562,0.8612099644128114,0.34572729369966654,7
5,tv_l_svc,478,0.012552301255230125,0.11133167109330602,7
5,tv_l_vre,492,0.0040650406504065045,0.06362795057926232,7
5,tv_l_vrn,487,0.006160164271047228,0.07824459500311148,7
5,tv_l_vca,930,0.03763440860215054,0.19031043032718128,7
5,tv_l_yug,939,0.014909478168264111,0.12119069943281198,7
5,tv_l_ova,941,0.006376195536663124,0.07959610334144103,7
5,tv_l_sup,941,0.0010626992561105207,0.03258174222477342,7
5,tv_l_pul,941,0.003188097768331562,0.05637316561052006,7
5,tv_l_ove,488,0.036885245901639344,0.188480037501097,7
5,fr_antfa,692,0.14884393063583815,0.355934565543601,7
5,fr_tvs_a,246,0.07317073170731707,0.26041654273247106,7
5,fr_viaje,13,0.15384615384615385,0.36080121229410994,7
5,fr_estro,17,0.058823529411764705,0.23529411764705885,7
5,fr_varic,33,0.09090909090909091,0.28747978728803447,7
5,fr_antec,1,0.0,0.0,7
5,ana_dime,189,1.5925925925925926,0.5425280312638556,7
5,ana_crea,46,0.9130434782608695,0.2817713347133852,7
5,ana_trop,855,0.8374269005847953,0.36897572652105265,7
5,tension_,67,135.16417910447763,24.150397552381428,7
5,ana_hemo,1,15.0,0.0,7
5,ana_plaq,2,164.0,2.0,7
5,ana_leuc,12,8.99,2.849344953961641,7
5,ana_neu,1058,6.8861370510396975,2.9440158354280364,7
5,protcrea,1320,34.187977272727274,44.56060249561501,7
5,splanchnic,468,0.004273504273504274,0.06523221163450321,7
1,raza,436,2.896788990825688,0.5872410703801151,8
1,ant_inf,28,0.0,0.0,8
1,ant_isq,29,0.13793103448275862,0.3448275862068966,8
1,ant_clau,29,0.0,0.0,8
1,fum_act,35,0.2,0.4000000000000001,8
1,diabetes,27,0.14814814814814814,0.3552467795046459,8
1,hip_art,28,0.32142857142857145,0.46702488680792925,8
1,insf_car,5,0.0,0.0,8
1,fibr_aur,181,0.0,0.0,8
1,trat_est,31,0.22580645161290322,0.4181123031230877,8
1,var171,21,0.0,0.0,8
1,tv_l_esu,359,0.019498607242339833,0.1382693442450235,8
1,tvp_orig,1292,0.2647058823529412,0.4411764705882353,8
1,tv_l_ein,278,0.6870503597122302,0.46369404021566335,8
1,tvp_prox,562,0.8807829181494662,0.3240437767425521,8
1,tv_l_svc,478,0.0041841004184100415,0.06454915740812348,8
1,tv_l_vre,492,0.006097560975609756,0.07784844716343724,8
1,tv_l_vrn,487,0.01026694045174538,0.10080441649801705,8
1,tv_l_vca,930,0.01827956989247312,0.133960543508226,8
1,tv_l_yug,939,0.0010649627263045794,0.03261638515679138,8
1,tv_l_ova,941,0.004250797024442083,0.06505941706700942,8
1,tv_l_sup,941,0.0010626992561105207,0.03258174222477342,8
1,tv_l_pul,941,0.007438894792773645,0.0859276302305358,8
1,tv_l_ove,488,0.040983606557377046,0.19825223971225944,8
1,fr_antfa,692,0.12572254335260116,0.3315364013883762,8
1,fr_tvs_a,246,0.04878048780487805,0.2154088016177524,8
1,fr_viaje,13,0.15384615384615385,0.36080121229410994,8
1,fr_estro,17,0.0,0.0,8
1,fr_varic,33,0.21212121212121213,0.40881022918884974,8
1,fr_antec,1,0.0,0.0,8
1,ana_dime,189,1.582010582010582,0.5818181500059798,8
1,ana_crea,46,0.8695652173913043,0.33678116053977547,8
1,ana_trop,855,0.7368421052631579,0.4403473823863555,8
1,tension_,67,133.56716417910448,20.79625675315619,8
1,ana_hemo,1,15.0,0.0,8
1,ana_plaq,2,164.5,40.5,8
1,ana_leuc,12,9.0375,4.516614006458083,8
1,ana_neu,1058,6.6751285444234405,3.0676660060210477,8
1,protcrea,1320,33.22751515151515,44.354720650422806,8
1,splanchnic,468,0.008547008547008548,0.09205409926725647,8
2,raza,436,2.871559633027523,0.6148158138629911,8
2,ant_inf,28,0.03571428571428571,0.1855768722395226,8
2,ant_isq,29,0.034482758620689655,0.18246560765962697,8
2,ant_clau,29,0.034482758620689655,0.18246560765962697,8
2,fum_act,35,0.34285714285714286,0.4746642207381757,8
2,diabetes,27,0.07407407407407407,0.2618914004394621,8
2,hip_art,28,0.32142857142857145,0.4670248868079293,8
2,insf_car,5,0.0,0.0,8
2,fibr_aur,181,0.011049723756906077,0.10453529242223483,8
2,trat_est,31,0.16129032258064516,0.3677985242255284,8
2,var171,21,0.0,0.0,8
2,tv_l_esu,359,0.011142061281337047,0.10496626006360317,8
2,tvp_orig,1292,0.2825077399380805,0.4502189654081205,8
2,tv_l_ein,278,0.7517985611510791,0.4319693097920803,8
2,tvp_prox,562,0.8718861209964412,0.33421656603199706,8
2,tv_l_svc,478,0.006276150627615063,0.07897316354885722,8
2,tv_l_vre,492,0.016260162601626018,0.12647438362686217,8
2,tv_l_vrn,487,0.008213552361396304,0.09025569189254995,8
2,tv_l_vca,930,0.030107526881720432,0.17088318731457142,8
2,tv_l_yug,939,0.011714589989350373,0.10759813367680585,8
2,tv_l_ova,941,0.007438894792773645,0.0859276302305358,8
2,tv_l_sup,941,0.003188097768331562,0.056373165610520054,8
2,tv_l_pul,941,0.0,0.0,8
2,tv_l_ove,488,0.05327868852459016,0.22458866817738127,8
2,fr_antfa,692,0.14595375722543352,0.3530598504180456,8
2,fr_tvs_a,246,0.036585365853658534,0.18774151607732503,8
2,fr_viaje,13,0.07692307692307693,0.26646935501059654,8
2,fr_estro,17,0.058823529411764705,0.23529411764705885,8
2,fr_varic,33,0.15151515151515152,0.35855028988482524,8
2,fr_antec,1,0.0,0.0,8
2,ana_dime,189,1.5343915343915344,0.6130263855221265,8
2,ana_crea,46,0.8695652173913043,0.33678116053977547,8
2,ana_trop,855,0.8058479532163743,0.39554649475548964,8
2,tension_,67,130.55223880597015,21.518671921296736,8
2,ana_hemo,1,13.7,0.0,8
2,ana_plaq,2,221.5,20.5,8
2,ana_leuc,12,8.877500000000001,4.67847397662956,8
2,ana_neu,1058,6.662685255198488,3.0109572381192313,8
2,protcrea,1320,59.82795454545455,54.324152700007126,8
2,splanchnic,468,0.03205128205128205,0.17613630338505235,8
3,raza,436,2.919724770642202,0.571073283292961,8
3,ant_inf,28,0.03571428571428571,0.1855768722395226,8
3,ant_isq,29,0.034482758620689655,0.18246560765962697,8
3,ant_clau,29,0.0,0.0,8
3,fum_act,35,0.34285714285714286,0.4746642207381757,8
3,diabetes,27,0.1111111111111111,0.3142696805273545,8
3,hip_art,28,0.2857142857142857,0.45175395145262565,8
3,insf_car,5,0.0,0.0,8
3,fibr_aur,181,0.011049723756906077,0.10453529242223483,8
3,trat_est,31,0.22580645161290322,0.4181123031230878,8
3,var171,21,0.047619047619047616,0.21295885499998,8
3,tv_l_esu,359,0.008356545961002786,0.09103139074299828,8
3,tvp_orig,1292,0.3444272445820433,0.47518114206233464,8
3,tv_l_ein,278,0.7482014388489209,0.4340461332085858,8
3,tvp_prox,562,0.8540925266903915,0.3530134311071102,8
3,tv_l_svc,478,0.012552301255230125,0.11133167109330602,8
3,tv_l_vre,492,0.008130081300813009,0.08979968306656308,8
3,tv_l_vrn,487,0.006160164271047228,0.07824459500311148,8
3,tv_l_vca,930,0.09032258064516129,0.2866433534390072,8
3,tv_l_yug,939,0.006389776357827476,0.07968028059642125,8
3,tv_l_ova,941,0.0,0.0,8
3,tv_l_sup,941,0.0010626992561105207,0.03258174222477342,8
3,tv_l_pul,941,0.0,0.0,8
3,tv_l_ove,488,0.03278688524590164,0.1780783687082003,8
3,fr_antfa,692,0.14739884393063585,0.3545030673189555,8
3,fr_tvs_a,246,0.04878048780487805,0.21540880161775236,8
3,fr_viaje,13,0.07692307692307693,0.26646935501059654,8
3,fr_estro,17,0.0,0.0,8
3,fr_varic,33,0.12121212121212122,0.3263736246748184,8
3,fr_antec,1,0.0,0.0,8
3,ana_dime,189,1.5449735449735449,0.6123410056795474,8
3,ana_crea,46,0.9130434782608695,0.28177133471338517,8
3,ana_trop,855,0.7672514619883041,0.422583312572934,8
3,tension_,67,135.77611940298507,24.848088244743874,8
3,ana_hemo,1,16.2,0.0,8
3,ana_plaq,2,265.5,45.5,8
3,ana_leuc,12,8.748333333333333,5.407508411664491,8
3,ana_neu,1058,7.059372400756144,3.1591669191627756,8
3,protcrea,1320,61.333371212121214,49.94931568447209,8
3,splanchnic,468,0.019230769230769232,0.13733516208736252,8
4,raza,436,2.876146788990826,0.6658648349725281,8
4,ant_inf,28,0.03571428571428571,0.1855768722395226,8
4,ant_isq,29,0.06896551724137931,0.2533954906327426,8
4,ant_clau,29,0.0,0.0,8
4,fum_act,35,0.2857142857142857,0.45175395145262565,8
4,diabetes,27,0.037037037037037035,0.18885257457751053,8
4,hip_art,28,0.32142857142857145,0.4670248868079293,8
4,insf_car,5,0.0,0.0,8
4,fibr_aur,181,0.022099447513812154,0.147007013211603,8
4,trat_est,31,0.16129032258064516,0.3677985242255284,8
4,var171,21,0.0,0.0,8
4,tv_l_esu,359,0.011142061281337047,0.10496626006360318,8
4,tvp_orig,1292,0.23452012383900928,0.4236985194139165,8
4,tv_l_ein,278,0.7050359712230215,0.4560265896903735,8
4,tvp_prox,562,0.8594306049822064,0.3475768119453959,8
4,tv_l_svc,478,0.02301255230125523,0.14994323838652152,8
4,tv_l_vre,492,0.018292682926829267,0.13400768887704825,8
4,tv_l_vrn,487,0.014373716632443531,0.11902568169354777,8
4,tv_l_vca,930,0.04946236559139785,0.21683136300245118,8
4,tv_l_yug,939,0.01810436634717785,0.1333289100920915,8
4,tv_l_ova,941,0.01381509032943677,0.11672289239316458,8
4,tv_l_sup,941,0.0,0.0,8
4,tv_l_pul,941,0.003188097768331562,0.05637316561052006,8
4,tv_l_ove,488,0.03483606557377049,0.18336442978154316,8
4,fr_antfa,692,0.13728323699421965,0.3441461169831916,8
4,fr_tvs_a,246,0.06910569105691057,0.25363378032205686,8
4,fr_viaje,13,0.0,0.0,8
4,fr_estro,17,0.0,0.0,8
4,fr_varic,33,0.06060606060606061,0.2386062992124791,8
4,fr_antec,1,0.0,0.0,8
4,ana_dime,189,1.6084656084656084,0.5682352474427032,8
4,ana_crea,46,0.9130434782608695,0.2817713347133852,8
4,ana_trop,855,0.7380116959064328,0.4397163092401097,8
4,tension_,67,126.85074626865672,24.94007967248599,8
4,ana_hemo,1,18.3,0.0,8
4,ana_plaq,2,236.0,13.0,8
4,ana_leuc,12,8.645833333333332,4.186262171940767,8
4,ana_neu,1058,6.867079395085067,3.044146570308747,8
4,protcrea,1320,67.71371212121213,57.45811231731027,8
4,splanchnic,468,0.021367521367521368,0.14460619073238146,8
5,raza,436,2.8371559633027523,0.7094352214780526,8
5,ant_inf,28,0.03571428571428571,0.1855768722395226,8
5,ant_isq,29,0.034482758620689655,0.18246560765962697,8
5,ant_clau,29,0.0,0.0,8
5,fum_act,35,0.2857142857142857,0.45175395145262565,8
5,diabetes,27,0.037037037037037035,0.18885257457751053,8
5,hip_art,28,0.32142857142857145,0.4670248868079293,8
5,insf_car,5,0.0,0.0,8
5,fibr_aur,181,0.011049723756906077,0.10453529242223483,8
5,trat_est,31,0.1935483870967742,0.39507899077148034,8
5,var171,21,0.0,0.0,8
5,tv_l_esu,359,0.011142061281337047,0.10496626006360317,8
5,tvp_orig,1292,0.25386996904024767,0.4352240892457026,8
5,tv_l_ein,278,0.737410071942446,0.4400414273000698,8
5,tvp_prox,562,0.891459074733096,0.31106236160793915,8
5,tv_l_svc,478,0.0020920502092050207,0.04569106625071455,8
5,tv_l_vre,492,0.0040650406504065045,0.06362795057926232,8
5,tv_l_vrn,487,0.006160164271047228,0.0782445950031115,8
5,tv_l_vca,930,0.09247311827956989,0.2896926658982284,8
5,tv_l_yug,939,0.006389776357827476,0.07968028059642125,8
5,tv_l_ova,941,0.004250797024442083,0.06505941706700942,8
5,tv_l_sup,941,0.0,0.0,8
5,tv_l_pul,941,0.003188097768331562,0.056373165610520054,8
5,tv_l_ove,488,0.018442622950819672,0.13454550386212677,8
5,fr_antfa,692,0.1531791907514451,0.3601601397603259,8
5,fr_tvs_a,246,0.04878048780487805,0.2154088016177524,8
5,fr_viaje,13,0.0,0.0,8
5,fr_estro,17,0.0,0.0,8
5,fr_varic,33,0.12121212121212122,0.3263736246748184,8
5,fr_antec,1,0.0,0.0,8
5,ana_dime,189,1.5555555555555556,0.6114717550558166,8
5,ana_crea,46,0.9130434782608695,0.2817713347133852,8
5,ana_trop,855,0.7976608187134503,0.4017437454433342,8
5,tension_,67,136.17910447761193,23.14259842551408,8
5,ana_hemo,1,15.1,0.0,8
5,ana_plaq,2,232.0,8.0,8
5,ana_leuc,12,9.554166666666665,5.295780487541211,8
5,ana_neu,1058,6.817439508506617,3.062598888435237,8
5,protcrea,1320,35.3494393939394,52.9883611790674,8
5,splanchnic,468,0.01282051282051282,0.11249954342810412,8
1,raza,436,2.8990825688073394,0.577799592704236,9
1,ant_inf,28,0.0,0.0,9
1,ant_isq,29,0.034482758620689655,0.18246560765962697,9
1,ant_clau,29,0.0,0.0,9
1,fum_act,35,0.2857142857142857,0.45175395145262565,9
1,diabetes,27,0.07407407407407407,0.2618914004394621,9
1,hip_art,28,0.39285714285714285,0.48838551182776235,9
1,insf_car,5,0.2,0.4000000000000001,9
1,fibr_aur,181,0.022099447513812154,0.147007013211603,9
1,trat_est,31,0.0967741935483871,0.29565004483586066,9
1,var171,21,0.0,0.0,9
1,tv_l_esu,359,0.008356545961002786,0.09103139074299828,9
1,tvp_orig,1292,0.21207430340557276,0.40877719266198526,9
1,tv_l_ein,278,0.7805755395683454,0.4138566981407114,9
1,tvp_prox,562,0.8701067615658363,0.33618593819975456,9
1,tv_l_svc,478,0.008368200836820083,0.0910943140463483,9
1,tv_l_vre,492,0.008130081300813009,0.08979968306656308,9
1,tv_l_vrn,487,0.014373716632443531,0.11902568169354777,9
1,tv_l_vca,930,0.06236559139784946,0.24181837069884898,9
1,tv_l_yug,939,0.01597444089456869,0.12537646562523055,9
1,tv_l_ova,941,0.0021253985122210413,0.04605302588739734,9
1,tv_l_sup,941,0.0010626992561105207,0.032581742224773426,9
1,tv_l_pul,941,0.0010626992561105207,0.03258174222477342,9
1,tv_l_ove,488,0.0471311475409836,0.2119193301057118,9
1,fr_antfa,692,0.15028901734104047,0.3573544859207799,9
1,fr_tvs_a,246,0.04065040650406504,0.19747898864213206,9
1,fr_viaje,13,0.0,0.0,9
1,fr_estro,17,0.0,0.0,9
1,fr_varic,33,0.12121212121212122,0.3263736246748184,9
1,fr_antec,1,0.0,0.0,9
1,ana_dime,189,1.619047619047619,0.5172752614857244,9
1,ana_crea,46,0.8913043478260869,0.31125697963644244,9
1,ana_trop,855,0.8842105263157894,0.3199722979699087,9
1,tension_,67,131.76119402985074,18.90754374620329,9
1,ana_hemo,1,13.8,0.0,9
1,ana_plaq,2,224.0,7.0,9
1,ana_leuc,12,8.7,2.681029031298741,9
1,ana_neu,1058,6.648547258979207,3.0643884525352263,9
1,protcrea,1320,42.39534090909091,52.53295846308088,9
1,splanchnic,468,0.014957264957264958,0.12138181569849386,9
2,raza,436,2.9128440366972477,0.5516615298943334,9
2,ant_inf,28,0.03571428571428571,0.1855768722395226,9
2,ant_isq,29,0.0,0.0,9
2,ant_clau,29,0.034482758620689655,0.18246560765962697,9
2,fum_act,35,0.2,0.4000000000000001,9
2,diabetes,27,0.14814814814814814,0.3552467795046459,9
2,hip_art,28,0.32142857142857145,0.46702488680792925,9
2,insf_car,5,0.2,0.4000000000000001,9
2,fibr_aur,181,0.0055248618784530384,0.07412380035910905,9
2,trat_est,31,0.16129032258064516,0.3677985242255284,9
2,var171,21,0.047619047619047616,0.21295885499998,9
2,tv_l_esu,359,0.008356545961002786,0.09103139074299828,9
2,tvp_orig,1292,0.28173374613003094,0.44984424240126747,9
2,tv_l_ein,278,0.737410071942446,0.4400414273000698,9
2,tvp_prox,562,0.8594306049822064,0.3475768119453959,9
2,tv_l_svc,478,0.010460251046025104,0.10173904950450066,9
2,tv_l_vre,492,0.016260162601626018,0.12647438362686217,9
2,tv_l_vrn,487,0.006160164271047228,0.07824459500311148,9
2,tv_l_vca,930,0.05698924731182796,0.23182207186258014,9
2,tv_l_yug,939,0.019169329073482427,0.1371198960630986,9
2,tv_l_ova,941,0.006376195536663124,0.07959610334144103,9
2,tv_l_sup,941,0.0,0.0,9
2,tv_l_pul,941,0.008501594048884165,0.0918113116533695,9
2,tv_l_ove,488,0.030737704918032786,0.17260619460032348,9
2,fr_antfa,692,0.13728323699421965,0.3441461169831916,9
2,fr_tvs_a,246,0.08943089430894309,0.28536469552494703,9
2,fr_viaje,13,0.07692307692307693,0.26646935501059654,9
2,fr_estro,17,0.058823529411764705,0.23529411764705885,9
2,fr_varic,33,0.24242424242424243,0.42854956435548336,9
2,fr_antec,1,0.0,0.0,9
2,ana_dime,189,1.6455026455026456,0.48929642419881025,9
2,ana_crea,46,0.8913043478260869,0.31125697963644244,9
2,ana_trop,855,0.8807017543859649,0.3241391278563087,9
2,tension_,67,136.80597014925374,21.892709074620587,9
2,ana_hemo,1,16.7,0.0,9
2,ana_plaq,2,118.0,27.0,9
2,ana_leuc,12,8.925833333333333,3.132436374276242,9
2,ana_neu,1058,6.691238185255198,2.8679429666734975,9
2,protcrea,1320,37.43234848484848,50.11853869275061,9
2,splanchnic,468,0.03632478632478633,0.18709702355527985,9
3,raza,436,2.8922018348623855,0.645971081521279,9
3,ant_inf,28,0.07142857142857142,0.25753937681885636,9
3,ant_isq,29,0.0,0.0,9
3,ant_clau,29,0.034482758620689655,0.18246560765962697,9
3,fum_act,35,0.11428571428571428,0.318157963590287,9
3,diabetes,27,0.0,0.0,9
3,hip_art,28,0.4642857142857143,0.49872285870603356,9
3,insf_car,5,0.0,0.0,9
3,fibr_aur,181,0.0,0.0,9
3,trat_est,31,0.25806451612903225,0.43756967633066257,9
3,var171,21,0.0,0.0,9
3,tv_l_esu,359,0.016713091922005572,0.12819424511424904,9
3,tvp_orig,1292,0.17724458204334365,0.3818755558812636,9
3,tv_l_ein,278,0.802158273381295,0.39837215995502834,9
3,tvp_prox,562,0.8861209964412812,0.31766425059674586,9
3,tv_l_svc,478,0.008368200836820083,0.09109431404634828,9
3,tv_l_vre,492,0.012195121951219513,0.10975609756097561,9
3,tv_l_vrn,487,0.01026694045174538,0.10080441649801705,9
3,tv_l_vca,930,0.06129032258064516,0.23986208316156518,9
3,tv_l_yug,939,0.012779552715654952,0.1123220180910348,9
3,tv_l_ova,941,0.008501594048884165,0.09181131165336952,9
3,tv_l_sup,941,0.0021253985122210413,0.04605302588739735,9
3,tv_l_pul,941,0.010626992561105207,0.10253808848526201,9
3,tv_l_ove,488,0.0430327868852459,0.2029309393319188,9
3,fr_antfa,692,0.11849710982658959,0.32319583040214916,9
3,fr_tvs_a,246,0.052845528455284556,0.2237250065986506,9
3,fr_viaje,13,0.0,0.0,9
3,fr_estro,17,0.058823529411764705,0.23529411764705882,9
3,fr_varic,33,0.15151515151515152,0.35855028988482524,9
3,fr_antec,1,0.0,0.0,9
3,ana_dime,189,1.6296296296296295,0.5543196128553988,9
3,ana_crea,46,0.8478260869565217,0.35918938351865876,9
3,ana_trop,855,0.8748538011695907,0.3308846139498012,9
3,tension_,67,130.92537313432837,21.110451137975012,9
3,ana_hemo,1,16.1,0.0,9
3,ana_plaq,2,153.5,45.5,9
3,ana_leuc,12,8.461666666666666,3.041767121628844,9
3,ana_neu,1058,6.436108695652174,3.0186223372951764,9
3,protcrea,1320,28.22174242424243,45.68466658910731,9
3,splanchnic,468,0.014957264957264958,0.12138181569849384,9
4,raza,436,2.8876146788990824,0.573683413449525,9
4,ant_inf,28,0.03571428571428571,0.1855768722395226,9
4,ant_isq,29,0.0,0.0,9
4,ant_clau,29,0.0,0.0,9
4,fum_act,35,0.2571428571428571,0.43705881545081016,9
4,diabetes,27,0.2222222222222222,0.4157397096415491,9
4,hip_art,28,0.2857142857142857,0.45175395145262565,9
4,insf_car,5,0.0,0.0,9
4,fibr_aur,181,0.0055248618784530384,0.07412380035910908,9
4,trat_est,31,0.06451612903225806,0.2456701001891583,9
4,var171,21,0.047619047619047616,0.21295885499998,9
4,tv_l_esu,359,0.008356545961002786,0.09103139074299828,9
4,tvp_orig,1292,0.25773993808049533,0.43739005749874765,9
4,tv_l_ein,278,0.802158273381295,0.3983721599550283,9
4,tvp_prox,562,0.9074733096085409,0.28976801403305735,9
4,tv_l_svc,478,0.02092050209205021,0.14311825419654453,9
4,tv_l_vre,492,0.01016260162601626,0.10029617716646609,9
4,tv_l_vrn,487,0.01642710472279261,0.12711119129808754,9
4,tv_l_vca,930,0.04516129032258064,0.20765776696040109,9
4,tv_l_yug,939,0.010649627263045794,0.10264605546344187,9
4,tv_l_ova,941,0.0021253985122210413,0.04605302588739735,9
4,tv_l_sup,941,0.0021253985122210413,0.04605302588739734,9
4,tv_l_pul,941,0.005313496280552604,0.07269981456530106,9
4,tv_l_ove,488,0.03483606557377049,0.18336442978154313,9
4,fr_antfa,692,0.1329479768786127,0.3395185007072466,9
4,fr_tvs_a,246,0.056910569105691054,0.23167165607764237,9
4,fr_viaje,13,0.07692307692307693,0.26646935501059654,9
4,fr_estro,17,0.0,0.0,9
4,fr_varic,33,0.15151515151515152,0.35855028988482524,9
4,fr_antec,1,0.0,0.0,9
4,ana_dime,189,1.6613756613756614,0.4842932030264088,9
4,ana_crea,46,0.8695652173913043,0.3367811605397754,9
4,ana_trop,855,0.8994152046783626,0.30077814792923663,9
4,tension_,67,134.22388059701493,22.324486854106542,9
4,ana_hemo,1,14.2,0.0,9
4,ana_plaq,2,228.0,28.0,9
4,ana_leuc,12,8.435,3.3538423238627857,9
4,ana_neu,1058,6.47433270321361,2.9849678942598796,9
4,protcrea,1320,41.74634848484848,51.72561550961241,9
4,splanchnic,468,0.027777777777777776,0.16433554953054486,9
5,raza,436,2.8371559633027523,0.6797160655773031,9
5,ant_inf,28,0.0,0.0,9
5,ant_isq,29,0.034482758620689655,0.18246560765962697,9
5,ant_clau,29,0.0,0.0,9
5,fum_act,35,0.2857142857142857,0.45175395145262565,9
5,diabetes,27,0.037037037037037035,0.18885257457751053,9
5,hip_art,28,0.21428571428571427,0.410325903324145,9
5,insf_car,5,0.0,0.0,9
5,fibr_aur,181,0.022099447513812154,0.147007013211603,9
5,trat_est,31,0.06451612903225806,0.24567010018915833,9
5,var171,21,0.047619047619047616,0.21295885499998,9
5,tv_l_esu,359,0.008356545961002786,0.09103139074299829,9
5,tvp_orig,1292,0.27476780185758515,0.44639719636209185,9
5,tv_l_ein,278,0.7517985611510791,0.4319693097920803,9
5,tvp_prox,562,0.900355871886121,0.2995249169039262,9
5,tv_l_svc,478,0.008368200836820083,0.0910943140463483,9
5,tv_l_vre,492,0.018292682926829267,0.13400768887704825,9
5,tv_l_vrn,487,0.004106776180698152,0.06395240863407571,9
5,tv_l_vca,930,0.05161290322580645,0.22124423483202893,9
5,tv_l_yug,939,0.005324813631522897,0.0727767819521614,9
5,tv_l_ova,941,0.004250797024442083,0.06505941706700942,9
5,tv_l_sup,941,0.0,0.0,9
5,tv_l_pul,941,0.003188097768331562,0.056373165610520054,9
5,tv_l_ove,488,0.03278688524590164,0.1780783687082003,9
5,fr_antfa,692,0.13439306358381503,0.34107413863318875,9
5,fr_tvs_a,246,0.04878048780487805,0.2154088016177524,9
5,fr_viaje,13,0.07692307692307693,0.26646935501059654,9
5,fr_estro,17,0.058823529411764705,0.23529411764705885,9
5,fr_varic,33,0.030303030303030304,0.17141982574219336,9
5,fr_antec,1,0.0,0.0,9
5,ana_dime,189,1.5873015873015872,0.5235689683324013,9
5,ana_crea,46,0.8913043478260869,0.3112569796364425,9
5,ana_trop,855,0.8549707602339182,0.3521303159044308,9
5,tension_,67,132.47761194029852,19.77814126527342,9
5,ana_hemo,1,14.6,0.0,9
5,ana_plaq,2,174.0,14.0,9
5,ana_leuc,12,7.745833333333334,2.830772740005025,9
5,ana_neu,1058,6.688915879017013,3.0010923152422486,9
5,protcrea,1320,31.38622727272727,47.434026760395575,9
5,splanchnic,468,0.01282051282051282,0.11249954342810413,9
1,raza,436,2.896788990825688,0.5076377758189702,10
1,ant_inf,28,0.03571428571428571,0.1855768722395226,10
1,ant_isq,29,0.0,0.0,10
1,ant_clau,29,0.034482758620689655,0.18246560765962697,10
1,fum_act,35,0.2,0.4,10
1,diabetes,27,0.1111111111111111,0.3142696805273545,10
1,hip_art,28,0.2857142857142857,0.45175395145262565,10
1,insf_car,5,0.0,0.0,10
1,fibr_aur,181,0.0,0.0,10
1,trat_est,31,0.16129032258064516,0.3677985242255284,10
1,var171,21,0.0,0.0,10
1,tv_l_esu,359,0.008356545961002786,0.09103139074299828,10
1,tvp_orig,1292,0.21362229102167182,0.4098631574078402,10
1,tv_l_ein,278,0.7553956834532374,0.4298523524112131,10
1,tvp_prox,562,0.8416370106761566,0.365081022426885,10
1,tv_l_svc,478,0.0041841004184100415,0.06454915740812346,10
1,tv_l_vre,492,0.012195121951219513,0.10975609756097561,10
1,tv_l_vrn,487,0.002053388090349076,0.045267777587368795,10
1,tv_l_vca,930,0.05698924731182796,0.23182207186258014,10
1,tv_l_yug,939,0.013844515441959531,0.11684538858738447,10
1,tv_l_ova,941,0.0010626992561105207,0.032581742224773426,10
1,tv_l_sup,941,0.0,0.0,10
1,tv_l_pul,941,0.004250797024442083,0.06505941706700942,10
1,tv_l_ove,488,0.00819672131147541,0.09016393442622953,10
1,fr_antfa,692,0.16184971098265896,0.36831288605951423,10
1,fr_tvs_a,246,0.052845528455284556,0.22372500659865063,10
1,fr_viaje,13,0.07692307692307693,0.26646935501059654,10
1,fr_estro,17,0.0,0.0,10
1,fr_varic,33,0.24242424242424243,0.42854956435548336,10
1,fr_antec,1,0.0,0.0,10
1,ana_dime,189,1.6349206349206349,0.5335789306022732,10
1,ana_crea,46,0.8695652173913043,0.33678116053977547,10
1,ana_trop,855,0.8467836257309942,0.3601959424047775,10
1,tension_,67,136.59701492537314,18.874336759320972,10
1,ana_hemo,1,15.4,0.0,10
1,ana_plaq,2,191.5,25.5,10
1,ana_leuc,12,8.745,3.31520109998373,10
1,ana_neu,1058,6.6515255198487715,3.0630897830009682,10
1,protcrea,1320,20.11430303030303,39.21173323511869,10
1,splanchnic,468,0.023504273504273504,0.1514985895357109,10
2,raza,436,2.873853211009174,0.5708153001570291,10
2,ant_inf,28,0.0,0.0,10
2,ant_isq,29,0.0,0.0,10
2,ant_clau,29,0.0,0.0,10
2,fum_act,35,0.2571428571428571,0.4370588154508102,10
2,diabetes,27,0.07407407407407407,0.2618914004394621,10
2,hip_art,28,0.25,0.4330127018922193,10
2,insf_car,5,0.0,0.0,10
2,fibr_aur,181,0.0,0.0,10
2,trat_est,31,0.0967741935483871,0.29565004483586066,10
2,var171,21,0.0,0.0,10
2,tv_l_esu,359,0.019498607242339833,0.1382693442450235,10
2,tvp_orig,1292,0.21130030959752322,0.4082309257779402,10
2,tv_l_ein,278,0.7841726618705036,0.41139506346750493,10
2,tvp_prox,562,0.8398576512455516,0.3667380221491317,10
2,tv_l_svc,478,0.008368200836820083,0.0910943140463483,10
2,tv_l_vre,492,0.018292682926829267,0.13400768887704825,10
2,tv_l_vrn,487,0.006160164271047228,0.07824459500311148,10
2,tv_l_vca,930,0.05268817204301075,0.223410224855034,10
2,tv_l_yug,939,0.02875399361022364,0.16711433649357213,10
2,tv_l_ova,941,0.004250797024442083,0.0650594170670094,10
2,tv_l_sup,941,0.0010626992561105207,0.03258174222477342,10
2,tv_l_pul,941,0.003188097768331562,0.05637316561052006,10
2,tv_l_ove,488,0.01639344262295082,0.12698306053139075,10
2,fr_antfa,692,0.14017341040462428,0.34716685530182895,10
2,fr_tvs_a,246,0.044715447154471545,0.20667843607944986,10
2,fr_viaje,13,0.0,0.0,10
2,fr_estro,17,0.0,0.0,10
2,fr_varic,33,0.21212121212121213,0.40881022918884974,10
2,fr_antec,1,0.0,0.0,10
2,ana_dime,189,1.507936507936508,0.605259554442464,10
2,ana_crea,46,0.9565217391304348,0.20393111999232302,10
2,ana_trop,855,0.887719298245614,0.31571149134602083,10
2,tension_,67,134.0597014925373,23.486344458648652,10
2,ana_hemo,1,14.0,0.0,10
2,ana_plaq,2,222.5,21.5,10
2,ana_leuc,12,8.423333333333334,2.876790263856964,10
2,ana_neu,1058,6.071476370510396,2.9868702056874055,10
2,protcrea,1320,37.794022727272726,51.121993594195224,10
2,splanchnic,468,0.010683760683760684,0.10280864721127701,10
3,raza,436,2.956422018348624,0.5161875467002313,10
3,ant_inf,28,0.07142857142857142,0.25753937681885636,10
3,ant_isq,29,0.0,0.0,10
3,ant_clau,29,0.10344827586206896,0.3045434781492361,10
3,fum_act,35,0.2857142857142857,0.45175395145262565,10
3,diabetes,27,0.037037037037037035,0.18885257457751053,10
3,hip_art,28,0.32142857142857145,0.46702488680792925,10
3,insf_car,5,0.0,0.0,10
3,fibr_aur,181,0.0055248618784530384,0.07412380035910907,10
3,trat_est,31,0.06451612903225806,0.24567010018915833,10
3,var171,21,0.0,0.0,10
3,tv_l_esu,359,0.016713091922005572,0.12819424511424904,10
3,tvp_orig,1292,0.24690402476780185,0.4312104211649604,10
3,tv_l_ein,278,0.7913669064748201,0.40633154666022847,10
3,tvp_prox,562,0.8167259786476868,0.38689101107374546,10
3,tv_l_svc,478,0.008368200836820083,0.0910943140463483,10
3,tv_l_vre,492,0.008130081300813009,0.08979968306656308,10
3,tv_l_vrn,487,0.0,0.0,10
3,tv_l_vca,930,0.06451612903225806,0.2456701001891583,10
3,tv_l_yug,939,0.010649627263045794,0.10264605546344187,10
3,tv_l_ova,941,0.006376195536663124,0.07959610334144103,10
3,tv_l_sup,941,0.0010626992561105207,0.03258174222477342,10
3,tv_l_pul,941,0.0,0.0,10
3,tv_l_ove,488,0.0471311475409836,0.21191933010571182,10
3,fr_antfa,692,0.1315028901734104,0.3379495229312365,10
3,fr_tvs_a,246,0.036585365853658534,0.18774151607732503,10
3,fr_viaje,13,0.0,0.0,10
3,fr_estro,17,0.0,0.0,10
3,fr_varic,33,0.06060606060606061,0.2386062992124791,10
3,fr_antec,1,0.0,0.0,10
3,ana_dime,189,1.5502645502645502,0.6032210137162156,10
3,ana_crea,46,0.6956521739130435,0.4601306627938418,10
3,ana_trop,855,0.8491228070175438,0.35792913491386924,10
3,tension_,67,125.5223880597015,23.48918977079064,10
3,ana_hemo,1,13.0,0.0,10
3,ana_plaq,2,243.5,1.5,10
3,ana_leuc,12,9.189166666666667,3.2397876945188178,10
3,ana_neu,1058,6.5909593572778835,2.8748416297717645,10
3,protcrea,1320,6.828954545454545,11.202551987303469,10
3,splanchnic,468,0.023504273504273504,0.1514985895357109,10
4,raza,436,2.9311926605504586,0.5416924290153541,10
4,ant_inf,28,0.0,0.0,10
4,ant_isq,29,0.034482758620689655,0.18246560765962697,10
4,ant_clau,29,0.034482758620689655,0.18246560765962697,10
4,fum_act,35,0.3142857142857143,0.46423076597919777,10
4,diabetes,27,0.07407407407407407,0.2618914004394621,10
4,hip_art,28,0.2857142857142857,0.45175395145262565,10
4,insf_car,5,0.0,0.0,10
4,fibr_aur,181,0.016574585635359115,0.1276709393181364,10
4,trat_est,31,0.12903225806451613,0.3352356401746214,10
4,var171,21,0.0,0.0,10
4,tv_l_esu,359,0.011142061281337047,0.10496626006360318,10
4,tvp_orig,1292,0.2801857585139319,0.44908985653196903,10
4,tv_l_ein,278,0.8165467625899281,0.3870376559119742,10
4,tvp_prox,562,0.8256227758007118,0.37943353552346876,10
4,tv_l_svc,478,0.010460251046025104,0.10173904950450066,10
4,tv_l_vre,492,0.012195121951219513,0.1097560975609756,10
4,tv_l_vrn,487,0.01026694045174538,0.10080441649801705,10
4,tv_l_vca,930,0.03978494623655914,0.19545358602367274,10
4,tv_l_yug,939,0.01597444089456869,0.12537646562523058,10
4,tv_l_ova,941,0.004250797024442083,0.0650594170670094,10
4,tv_l_sup,941,0.0,0.0,10
4,tv_l_pul,941,0.005313496280552604,0.07269981456530107,10
4,tv_l_ove,488,0.030737704918032786,0.17260619460032348,10
4,fr_antfa,692,0.14739884393063585,0.3545030673189555,10
4,fr_tvs_a,246,0.08130081300813008,0.27329652543043265,10
4,fr_viaje,13,0.07692307692307693,0.26646935501059654,10
4,fr_estro,17,0.058823529411764705,0.23529411764705885,10
4,fr_varic,33,0.12121212121212122,0.3263736246748184,10
4,fr_antec,1,0.0,0.0,10
4,ana_dime,189,1.5502645502645502,0.5943850442321108,10
4,ana_crea,46,0.8913043478260869,0.31125697963644244,10
4,ana_trop,855,0.8514619883040936,0.35563249398407504,10
4,tension_,67,128.8955223880597,18.38813238985439,10
4,ana_hemo,1,13.5,0.0,10
4,ana_plaq,2,241.5,20.5,10
4,ana_leuc,12,9.545833333333333,3.1345905057740615,10
4,ana_neu,1058,6.696082230623818,3.0564739104808085,10
4,protcrea,1320,44.13970454545455,52.37701711155013,10
4,splanchnic,468,0.021367521367521368,0.14460619073238146,10
5,raza,436,2.9128440366972477,0.5599149538027736,10
5,ant_inf,28,0.07142857142857142,0.25753937681885636,10
5,ant_isq,29,0.06896551724137931,0.2533954906327426,10
5,ant_clau,29,0.0,0.0,10
5,fum_act,35,0.3142857142857143,0.4642307659791978,10
5,diabetes,27,0.07407407407407407,0.2618914004394621,10
5,hip_art,28,0.21428571428571427,0.41032590332414487,10
5,insf_car,5,0.2,0.4,10
5,fibr_aur,181,0.016574585635359115,0.1276709393181364,10
5,trat_est,31,0.2903225806451613,0.4539112025635577,10
5,var171,21,0.0,0.0,10
5,tv_l_esu,359,0.013927576601671309,0.11719043993293943,10
5,tvp_orig,1292,0.24148606811145512,0.427984283612757,10
5,tv_l_ein,278,0.7446043165467626,0.43608339606856295,10
5,tvp_prox,562,0.8398576512455516,0.3667380221491317,10
5,tv_l_svc,478,0.006276150627615063,0.07897316354885722,10
5,tv_l_vre,492,0.02032520325203252,0.1411102029082096,10
5,tv_l_vrn,487,0.006160164271047228,0.07824459500311148,10
5,tv_l_vca,930,0.05268817204301075,0.22341022485503398,10
5,tv_l_yug,939,0.01810436634717785,0.1333289100920915,10
5,tv_l_ova,941,0.0,0.0,10
5,tv_l_sup,941,0.005313496280552604,0.07269981456530106,10
5,tv_l_pul,941,0.004250797024442083,0.06505941706700942,10
5,tv_l_ove,488,0.0389344262295082,0.1934387155759859,10
5,fr_antfa,692,0.14739884393063585,0.3545030673189555,10
5,fr_tvs_a,246,0.07317073170731707,0.260416542732471,10
5,fr_viaje,13,0.07692307692307693,0.26646935501059654,10
5,fr_estro,17,0.0,0.0,10
5,fr_varic,33,0.12121212121212122,0.3263736246748184,10
5,fr_antec,1,0.0,0.0,10
5,ana_dime,189,1.5925925925925926,0.5521944180169207,10
5,ana_crea,46,0.8695652173913043,0.33678116053977547,10
5,ana_trop,855,0.8573099415204678,0.3497564948512606,10
5,tension_,67,135.8507462686567,20.220614375229545,10
5,ana_hemo,1,15.0,0.0,10
5,ana_plaq,2,204.5,1.5,10
5,ana_leuc,12,9.171666666666667,3.091102374378579,10
5,ana_neu,1058,7.028358223062382,3.113181732907833,10
5,protcrea,1320,56.646143939393944,54.803387297661295,10
5,splanchnic,468,0.02564102564102564,0.15806189751202507,10
1,raza,436,2.830275229357798,0.7126645423597795,11
1,ant_inf,28,0.07142857142857142,0.25753937681885636,11
1,ant_isq,29,0.034482758620689655,0.18246560765962697,11
1,ant_clau,29,0.034482758620689655,0.18246560765962697,11
1,fum_act,35,0.22857142857142856,0.4199125273342591,11
1,diabetes,27,0.1111111111111111,0.3142696805273545,11
1,hip_art,28,0.35714285714285715,0.47915742374995496,11
1,insf_car,5,0.0,0.0,11
1,fibr_aur,181,0.011049723756906077,0.10453529242223483,11
1,trat_est,31,0.25806451612903225,0.4375696763306625,11
1,var171,21,0.0,0.0,11
1,tv_l_esu,359,0.008356545961002786,0.09103139074299828,11
1,tvp_orig,1292,0.31656346749226005,0.46513550556965316,11
1,tv_l_ein,278,0.7482014388489209,0.4340461332085858,11
1,tvp_prox,562,0.8665480427046264,0.34006254187929524,11
1,tv_l_svc,478,0.008368200836820083,0.0910943140463483,11
1,tv_l_vre,492,0.014227642276422764,0.11842810676387978,11
1,tv_l_vrn,487,0.004106776180698152,0.06395240863407571,11
1,tv_l_vca,930,0.08387096774193549,0.27719420721213983,11
1,tv_l_yug,939,0.022364217252396165,0.14786500275279407,11
1,tv_l_ova,941,0.0,0.0,11
1,tv_l_sup,941,0.0021253985122210413,0.04605302588739735,11
1,tv_l_pul,941,0.0,0.0,11
1,tv_l_ove,488,0.03278688524590164,0.17807836870820026,11
1,fr_antfa,692,0.13439306358381503,0.34107413863318875,11
1,fr_tvs_a,246,0.04878048780487805,0.21540880161775236,11
1,fr_viaje,13,0.0,0.0,11
1,fr_estro,17,0.0,0.0,11
1,fr_varic,33,0.15151515151515152,0.35855028988482524,11
1,fr_antec,1,0.0,0.0,11
1,ana_dime,189,1.560846560846561,0.5660139310186808,11
1,ana_crea,46,0.782608695652174,0.41247099915239727,11
1,ana_trop,855,0.8643274853801169,0.34244048153891016,11
1,tension_,67,131.44776119402985,23.688452745909988,11
1,ana_hemo,1,13.2,0.0,11
1,ana_plaq,2,200.0,33.0,11
1,ana_leuc,12,8.110833333333334,3.02890645374788,11
1,ana_neu,1058,6.304330812854443,2.8035876958047132,11
1,protcrea,1320,42.50723484848485,50.73390153691088,11
1,splanchnic,468,0.014957264957264958,0.12138181569849386,11
2,raza,436,2.956422018348624,0.389577571589837,11
2,ant_inf,28,0.0,0.0,11
2,ant_isq,29,0.06896551724137931,0.2533954906327426,11
2,ant_clau,29,0.0,0.0,11
2,fum_act,35,0.2,0.4000000000000001,11
2,diabetes,27,0.1111111111111111,0.3142696805273545,11
2,hip_art,28,0.39285714285714285,0.48838551182776235,11
2,insf_car,5,0.0,0.0,11
2,fibr_aur,181,0.022099447513812154,0.147007013211603,11
2,trat_est,31,0.12903225806451613,0.3352356401746213,11
2,var171,21,0.0,0.0,11
2,tv_l_esu,359,0.005571030640668524,0.07443113769296596,11
2,tvp_orig,1292,0.25077399380804954,0.43345864605243467,11
2,tv_l_ein,278,0.8237410071942446,0.3810403656580967,11
2,tvp_prox,562,0.891459074733096,0.31106236160793915,11
2,tv_l_svc,478,0.0041841004184100415,0.06454915740812346,11
2,tv_l_vre,492,0.0040650406504065045,0.06362795057926232,11
2,tv_l_vrn,487,0.008213552361396304,0.09025569189254995,11
2,tv_l_vca,930,0.05591397849462366,0.22975553421740771,11
2,tv_l_yug,939,0.029818956336528223,0.17008758384881725,11
2,tv_l_ova,941,0.008501594048884165,0.09181131165336952,11
2,tv_l_sup,941,0.0,0.0,11
2,tv_l_pul,941,0.0010626992561105207,0.032581742224773426,11
2,tv_l_ove,488,0.04918032786885246,0.2162443599716872,11
2,fr_antfa,692,0.10260115606936417,0.3034372403687361,11
2,fr_tvs_a,246,0.052845528455284556,0.22372500659865063,11
2,fr_viaje,13,0.07692307692307693,0.26646935501059654,11
2,fr_estro,17,0.058823529411764705,0.23529411764705885,11
2,fr_varic,33,0.21212121212121213,0.40881022918884974,11
2,fr_antec,1,1.0,0.0,11
2,ana_dime,189,1.619047619047619,0.5566881878333391,11
2,ana_crea,46,0.9347826086956522,0.24690905851305536,11
2,ana_trop,855,0.8783625730994152,0.3268665832990422,11
2,tension_,67,130.19402985074626,18.177597173008966,11
2,ana_hemo,1,14.0,0.0,11
2,ana_plaq,2,189.0,39.0,11
2,ana_leuc,12,8.184999999999999,3.3659335010266225,11
2,ana_neu,1058,6.5510170132325145,2.94973132154028,11
2,protcrea,1320,34.663924242424244,45.62826642746882,11
2,splanchnic,468,0.021367521367521368,0.14460619073238146,11
3,raza,436,2.9724770642201834,0.5368736477926007,11
3,ant_inf,28,0.03571428571428571,0.1855768722395226,11
3,ant_isq,29,0.06896551724137931,0.2533954906327426,11
3,ant_clau,29,0.0,0.0,11
3,fum_act,35,0.2857142857142857,0.45175395145262565,11
3,diabetes,27,0.14814814814814814,0.3552467795046459,11
3,hip_art,28,0.32142857142857145,0.46702488680792925,11
3,insf_car,5,0.0,0.0,11
3,fibr_aur,181,0.03314917127071823,0.1790259861438635,11
3,trat_est,31,0.25806451612903225,0.4375696763306625,11
3,var171,21,0.047619047619047616,0.21295885499998,11
3,tv_l_esu,359,0.016713091922005572,0.12819424511424907,11
3,tvp_orig,1292,0.15479876160990713,0.36171273825225764,11
3,tv_l_ein,278,0.7446043165467626,0.436083396068563,11
3,tvp_prox,562,0.905693950177936,0.2922540312622265,11
3,tv_l_svc,478,0.008368200836820083,0.0910943140463483,11
3,tv_l_vre,492,0.01016260162601626,0.1002961771664661,11
3,tv_l_vrn,487,0.008213552361396304,0.09025569189254995,11
3,tv_l_vca,930,0.041935483870967745,0.20044175977943207,11
3,tv_l_yug,939,0.01810436634717785,0.1333289100920915,11
3,tv_l_ova,941,0.0010626992561105207,0.03258174222477342,11
3,tv_l_sup,941,0.0,0.0,11
3,tv_l_pul,941,0.005313496280552604,0.07269981456530106,11
3,tv_l_ove,488,0.028688524590163935,0.16692960536406803,11
3,fr_antfa,692,0.1531791907514451,0.36016013976032596,11
3,fr_tvs_a,246,0.02032520325203252,0.1411102029082096,11
3,fr_viaje,13,0.07692307692307693,0.26646935501059654,11
3,fr_estro,17,0.0,0.0,11
3,fr_varic,33,0.18181818181818182,0.385694607919935,11
3,fr_antec,1,0.0,0.0,11
3,ana_dime,189,1.6243386243386244,0.5261824292254739,11
3,ana_crea,46,0.9347826086956522,0.24690905851305536,11
3,ana_trop,855,0.8853801169590644,0.31856265545825974,11
3,tension_,67,129.3582089552239,18.82178912977961,11
3,ana_hemo,1,15.2,0.0,11
3,ana_plaq,2,212.5,34.5,11
3,ana_leuc,12,8.115833333333333,2.8641096881152364,11
3,ana_neu,1058,6.479064272211721,2.9914002581359282,11
3,protcrea,1320,59.48583333333333,60.145755573838954,11
3,splanchnic,468,0.019230769230769232,0.1373351620873625,11
4,raza,436,2.896788990825688,0.6176967884387982,11
4,ant_inf,28,0.03571428571428571,0.1855768722395226,11
4,ant_isq,29,0.034482758620689655,0.18246560765962697,11
4,ant_clau,29,0.0,0.0,11
4,fum_act,35,0.2,0.4,11
4,diabetes,27,0.1111111111111111,0.3142696805273545,11
4,hip_art,28,0.42857142857142855,0.4948716593053935,11
4,insf_car,5,0.0,0.0,11
4,fibr_aur,181,0.011049723756906077,0.10453529242223482,11
4,trat_est,31,0.06451612903225806,0.24567010018915833,11
4,var171,21,0.0,0.0,11
4,tv_l_esu,359,0.011142061281337047,0.10496626006360317,11
4,tvp_orig,1292,0.24071207430340558,0.42751581443024694,11
4,tv_l_ein,278,0.7769784172661871,0.4162726947191204,11
4,tvp_prox,562,0.8861209964412812,0.3176642505967459,11
4,tv_l_svc,478,0.006276150627615063,0.07897316354885721,11
4,tv_l_vre,492,0.01016260162601626,0.10029617716646609,11
4,tv_l_vrn,487,0.004106776180698152,0.06395240863407571,11
4,tv_l_vca,930,0.04408602150537634,0.20528624944989338,11
4,tv_l_yug,939,0.02023429179978701,0.1408007998384529,11
4,tv_l_ova,941,0.003188097768331562,0.056373165610520054,11
4,tv_l_sup,941,0.0021253985122210413,0.04605302588739735,11
4,tv_l_pul,941,0.007438894792773645,0.08592763023053579,11
4,tv_l_ove,488,0.0430327868852459,0.2029309393319188,11
4,fr_antfa,692,0.12861271676300579,0.33477079599308635,11
4,fr_tvs_a,246,0.07317073170731707,0.260416542732471,11
4,fr_viaje,13,0.0,0.0,11
4,fr_estro,17,0.0,0.0,11
4,fr_varic,33,0.15151515151515152,0.35855028988482524,11
4,fr_antec,1,0.0,0.0,11
4,ana_dime,189,1.619047619047619,0.5661128412738732,11
4,ana_crea,46,0.8260869565217391,0.37903469074266727,11
4,ana_trop,855,0.8549707602339182,0.3521303159044308,11
4,tension_,67,131.34328358208955,22.88227642287182,11
4,ana_hemo,1,13.5,0.0,11
4,ana_plaq,2,244.5,11.5,11
4,ana_leuc,12,7.237500000000001,1.966520298225608,11
4,ana_neu,1058,7.370221172022685,3.0629006311378615,11
4,protcrea,1320,41.35725757575757,50.66734526413904,11
4,splanchnic,468,0.014957264957264958,0.12138181569849384,11
5,raza,436,2.8944954128440368,0.5769796177827742,11
5,ant_inf,28,0.03571428571428571,0.18557687223952257,11
5,ant_isq,29,0.034482758620689655,0.18246560765962697,11
5,ant_clau,29,0.0,0.0,11
5,fum_act,35,0.3142857142857143,0.4642307659791977,11
5,diabetes,27,0.1111111111111111,0.3142696805273545,11
5,hip_art,28,0.17857142857142858,0.3829930462415574,11
5,insf_car,5,0.0,0.0,11
5,fibr_aur,181,0.011049723756906077,0.10453529242223483,11
5,trat_est,31,0.12903225806451613,0.3352356401746214,11
5,var171,21,0.0,0.0,11
5,tv_l_esu,359,0.011142061281337047,0.10496626006360318,11
5,tvp_orig,1292,0.19272445820433437,0.39443851411110975,11
5,tv_l_ein,278,0.7661870503597122,0.42325459740066146,11
5,tvp_prox,562,0.8238434163701067,0.3809533326717824,11
5,tv_l_svc,478,0.010460251046025104,0.10173904950450066,11
5,tv_l_vre,492,0.008130081300813009,0.08979968306656308,11
5,tv_l_vrn,487,0.012320328542094456,0.11031109666171084,11
5,tv_l_vca,930,0.03870967741935484,0.1929021469384007,11
5,tv_l_yug,939,0.009584664536741214,0.09743099477301538,11
5,tv_l_ova,941,0.007438894792773645,0.0859276302305358,11
5,tv_l_sup,941,0.0010626992561105207,0.03258174222477342,11
5,tv_l_pul,941,0.01487778958554729,0.12106378881645607,11
5,tv_l_ove,488,0.0430327868852459,0.2029309393319188,11
5,fr_antfa,692,0.10260115606936417,0.3034372403687361,11
5,fr_tvs_a,246,0.06504065040650407,0.24659757541631055,11
5,fr_viaje,13,0.0,0.0,11
5,fr_estro,17,0.0,0.0,11
5,fr_varic,33,0.09090909090909091,0.28747978728803447,11
5,fr_antec,1,0.0,0.0,11
5,ana_dime,189,1.566137566137566,0.5747015808238949,11
5,ana_crea,46,0.8913043478260869,0.31125697963644244,11
5,ana_trop,855,0.8385964912280702,0.3679027264482276,11
5,tension_,67,131.8955223880597,20.83706107586551,11
5,ana_hemo,1,13.6,0.0,11
5,ana_plaq,2,213.5,25.5,11
5,ana_leuc,12,7.689999999999999,2.860358369155865,11
5,ana_neu,1058,7.27919470699433,2.9504824189651204,11
5,protcrea,1320,68.01362121212122,60.69816078968505,11
5,splanchnic,468,0.029914529914529916,0.17035155066662178,11
1,raza,436,2.853211009174312,0.629193280982026,12
1,ant_inf,28,0.03571428571428571,0.1855768722395226,12
1,ant_isq,29,0.034482758620689655,0.18246560765962697,12
1,ant_clau,29,0.0,0.0,12
1,fum_act,35,0.2857142857142857,0.45175395145262565,12
1,diabetes,27,0.07407407407407407,0.2618914004394621,12
1,hip_art,28,0.32142857142857145,0.46702488680792925,12
1,insf_car,5,0.0,0.0,12
1,fibr_aur,181,0.016574585635359115,0.1276709393181364,12
1,trat_est,31,0.0967741935483871,0.29565004483586066,12
1,var171,21,0.0,0.0,12
1,tv_l_esu,359,0.013927576601671309,0.11719043993293943,12
1,tvp_orig,1292,0.19427244582043343,0.39563956148921736,12
1,tv_l_ein,278,0.6870503597122302,0.4636940402156634,12
1,tvp_prox,562,0.8523131672597865,0.35478927855190007,12
1,tv_l_svc,478,0.014644351464435146,0.12012449556448196,12
1,tv_l_vre,492,0.01016260162601626,0.10029617716646609,12
1,tv_l_vrn,487,0.004106776180698152,0.06395240863407571,12
1,tv_l_vca,930,0.07311827956989247,0.26033055287966395,12
1,tv_l_yug,939,0.03194888178913738,0.17586401207058,12
1,tv_l_ova,941,0.0021253985122210413,0.04605302588739735,12
1,tv_l_sup,941,0.0010626992561105207,0.03258174222477342,12
1,tv_l_pul,941,0.0010626992561105207,0.03258174222477342,12
1,tv_l_ove,488,0.0389344262295082,0.19343871557598594,12
1,fr_antfa,692,0.13583815028901733,0.34261661841638047,12
1,fr_tvs_a,246,0.04065040650406504,0.19747898864213206,12
1,fr_viaje,13,0.0,0.0,12
1,fr_estro,17,0.0,0.0,12
1,fr_varic,33,0.18181818181818182,0.385694607919935,12
1,fr_antec,1,0.0,0.0,12
1,ana_dime,189,1.566137566137566,0.5654201061330179,12
1,ana_crea,46,0.8695652173913043,0.3367811605397754,12
1,ana_trop,855,0.8526315789473684,0.3544728050627945,12
1,tension_,67,129.73134328358208,21.365044746069675,12
1,ana_hemo,1,14.6,0.0,12
1,ana_plaq,2,220.5,102.5,12
1,ana_leuc,12,10.171666666666667,3.5681480568434316,12
1,ana_neu,1058,6.371078449905482,3.0289046025253272,12
1,protcrea,1320,39.89900757575758,44.72833176607082,12
1,splanchnic,468,0.029914529914529916,0.17035155066662178,12
2,raza,436,2.8922018348623855,0.524477648045544,12
2,ant_inf,28,0.0,0.0,12
2,ant_isq,29,0.06896551724137931,0.2533954906327426,12
2,ant_clau,29,0.0,0.0,12
2,fum_act,35,0.22857142857142856,0.41991252733425904,12
2,diabetes,27,0.037037037037037035,0.18885257457751053,12
2,hip_art,28,0.35714285714285715,0.47915742374995496,12
2,insf_car,5,0.2,0.4000000000000001,12
2,fibr_aur,181,0.0055248618784530384,0.07412380035910908,12
2,trat_est,31,0.1935483870967742,0.3950789907714804,12
2,var171,21,0.0,0.0,12
2,tv_l_esu,359,0.005571030640668524,0.07443113769296597,12
2,tvp_orig,1292,0.20743034055727555,0.4054663911763443,12
2,tv_l_ein,278,0.7661870503597122,0.42325459740066146,12
2,tvp_prox,562,0.7704626334519573,0.42053533015221467,12
2,tv_l_svc,478,0.010460251046025104,0.10173904950450066,12
2,tv_l_vre,492,0.0040650406504065045,0.06362795057926232,12
2,tv_l_vrn,487,0.014373716632443531,0.11902568169354776,12
2,tv_l_vca,930,0.053763440860215055,0.22555028992906484,12
2,tv_l_yug,939,0.014909478168264111,0.12119069943281198,12
2,tv_l_ova,941,0.008501594048884165,0.0918113116533695,12
2,tv_l_sup,941,0.0010626992561105207,0.03258174222477342,12
2,tv_l_pul,941,0.004250797024442083,0.06505941706700942,12
2,tv_l_ove,488,0.040983606557377046,0.19825223971225944,12
2,fr_antfa,692,0.14595375722543352,0.3530598504180456,12
2,fr_tvs_a,246,0.06504065040650407,0.24659757541631055,12
2,fr_viaje,13,0.0,0.0,12
2,fr_estro,17,0.0,0.0,12
2,fr_varic,33,0.24242424242424243,0.42854956435548336,12
2,fr_antec,1,0.0,0.0,12
2,ana_dime,189,1.5502645502645502,0.5576428413229798,12
2,ana_crea,46,0.8260869565217391,0.37903469074266727,12
2,ana_trop,855,0.8596491228070176,0.3473506995302339,12
2,tension_,67,128.3134328358209,20.34054032598327,12
2,ana_hemo,1,18.0,0.0,12
2,ana_plaq,2,181.5,8.5,12
2,ana_leuc,12,10.3,3.6350767988219084,12
2,ana_neu,1058,7.022366729678638,2.952791220230961,12
2,protcrea,1320,71.96609848484849,59.84855128121313,12
2,splanchnic,468,0.014957264957264958,0.12138181569849385,12
3,raza,436,2.9128440366972477,0.4900104693566435,12
3,ant_inf,28,0.0,0.0,12
3,ant_isq,29,0.034482758620689655,0.18246560765962697,12
3,ant_clau,29,0.0,0.0,12
3,fum_act,35,0.2857142857142857,0.45175395145262565,12
3,diabetes,27,0.037037037037037035,0.18885257457751053,12
3,hip_art,28,0.14285714285714285,0.3499271061118826,12
3,insf_car,5,0.0,0.0,12
3,fibr_aur,181,0.0055248618784530384,0.07412380035910907,12
3,trat_est,31,0.0967741935483871,0.29565004483586066,12
3,var171,21,0.047619047619047616,0.21295885499998,12
3,tv_l_esu,359,0.011142061281337047,0.10496626006360317,12
3,tvp_orig,1292,0.24845201238390094,0.4321152738868309,12
3,tv_l_ein,278,0.8093525179856115,0.3928116846734093,12
3,tvp_prox,562,0.8362989323843416,0.370004091973524,12
3,tv_l_svc,478,0.008368200836820083,0.0910943140463483,12
3,tv_l_vre,492,0.012195121951219513,0.1097560975609756,12
3,tv_l_vrn,487,0.006160164271047228,0.07824459500311148,12
3,tv_l_vca,930,0.05806451612903226,0.23386540594054012,12
3,tv_l_yug,939,0.022364217252396165,0.14786500275279407,12
3,tv_l_ova,941,0.008501594048884165,0.09181131165336952,12
3,tv_l_sup,941,0.0,0.0,12
3,tv_l_pul,941,0.004250797024442083,0.06505941706700942,12
3,tv_l_ove,488,0.06557377049180328,0.24753555525477866,12
3,fr_antfa,692,0.15173410404624277,0.35876296591973755,12
3,fr_tvs_a,246,0.052845528455284556,0.2237250065986506,12
3,fr_viaje,13,0.0,0.0,12
3,fr_estro,17,0.0,0.0,12
3,fr_varic,33,0.12121212121212122,0.3263736246748184,12
3,fr_antec,1,0.0,0.0,12
3,ana_dime,189,1.5714285714285714,0.5359346989248931,12
3,ana_crea,46,0.9347826086956522,0.24690905851305534,12
3,ana_trop,855,0.8690058479532163,0.3373939598989996,12
3,tension_,67,133.77611940298507,20.920475505798812,12
3,ana_hemo,1,14.6,0.0,12
3,ana_plaq,2,191.5,25.5,12
3,ana_leuc,12,10.1,3.7821091999042022,12
3,ana_neu,1058,6.348300567107751,2.978024361669214,12
3,protcrea,1320,62.40342424242424,58.63667590212052,12
3,splanchnic,468,0.019230769230769232,0.13733516208736252,12
4,raza,436,2.93348623853211,0.46696143711828725,12
4,ant_inf,28,0.03571428571428571,0.1855768722395226,12
4,ant_isq,29,0.0,0.0,12
4,ant_clau,29,0.0,0.0,12
4,fum_act,35,0.22857142857142856,0.4199125273342591,12
4,diabetes,27,0.07407407407407407,0.2618914004394621,12
4,hip_art,28,0.42857142857142855,0.4948716593053935,12
4,insf_car,5,0.0,0.0,12
4,fibr_aur,181,0.016574585635359115,0.1276709393181364,12
4,trat_est,31,0.22580645161290322,0.4181123031230878,12
4,var171,21,0.047619047619047616,0.21295885499997996,12
4,tv_l_esu,359,0.019498607242339833,0.1382693442450235,12
4,tvp_orig,1292,0.24148606811145512,0.427984283612757,12
4,tv_l_ein,278,0.7589928057553957,0.4276946651139664,12
4,tvp_prox,562,0.8078291814946619,0.3940065926102335,12
4,tv_l_svc,478,0.008368200836820083,0.0910943140463483,12
4,tv_l_vre,492,0.008130081300813009,0.08979968306656308,12
4,tv_l_vrn,487,0.01642710472279261,0.12711119129808757,12
4,tv_l_vca,930,0.09462365591397849,0.2926944134339627,12
4,tv_l_yug,939,0.009584664536741214,0.09743099477301538,12
4,tv_l_ova,941,0.0,0.0,12
4,tv_l_sup,941,0.0010626992561105207,0.03258174222477342,12
4,tv_l_pul,941,0.004250797024442083,0.06505941706700942,12
4,tv_l_ove,488,0.03278688524590164,0.17807836870820026,12
4,fr_antfa,692,0.1531791907514451,0.3601601397603259,12
4,fr_tvs_a,246,0.056910569105691054,0.23167165607764234,12
4,fr_viaje,13,0.0,0.0,12
4,fr_estro,17,0.0,0.0,12
4,fr_varic,33,0.09090909090909091,0.2874797872880344,12
4,fr_antec,1,0.0,0.0,12
4,ana_dime,189,1.5185185185185186,0.5595972908833126,12
4,ana_crea,46,0.8695652173913043,0.33678116053977547,12
4,ana_trop,855,0.8514619883040936,0.35563249398407504,12
4,tension_,67,131.07462686567163,19.111857250077446,12
4,ana_hemo,1,14.4,0.0,12
4,ana_plaq,2,247.0,78.0,12
4,ana_leuc,12,9.876666666666667,3.3132369201264327,12
4,ana_neu,1058,6.361684310018904,2.9200067004997874,12
4,protcrea,1320,74.25415909090908,61.42906945404465,12
4,splanchnic,468,0.019230769230769232,0.1373351620873625,12
5,raza,436,2.8486238532110093,0.687384976719753,12
5,ant_inf,28,0.0,0.0,12
5,ant_isq,29,0.034482758620689655,0.18246560765962697,12
5,ant_clau,29,0.0,0.0,12
5,fum_act,35,0.37142857142857144,0.4831867007225075,12
5,diabetes,27,0.1111111111111111,0.3142696805273545,12
5,hip_art,28,0.17857142857142858,0.3829930462415574,12
5,insf_car,5,0.0,0.0,12
5,fibr_aur,181,0.0,0.0,12
5,trat_est,31,0.0967741935483871,0.29565004483586066,12
5,var171,21,0.047619047619047616,0.21295885499998,12
5,tv_l_esu,359,0.013927576601671309,0.11719043993293944,12
5,tvp_orig,1292,0.15325077399380804,0.360229058050717,12
5,tv_l_ein,278,0.7517985611510791,0.4319693097920803,12
5,tvp_prox,562,0.7829181494661922,0.41225880306262147,12
5,tv_l_svc,478,0.012552301255230125,0.11133167109330601,12
5,tv_l_vre,492,0.006097560975609756,0.07784844716343724,12
5,tv_l_vrn,487,0.006160164271047228,0.07824459500311148,12
5,tv_l_vca,930,0.08279569892473118,0.2755731684404279,12
5,tv_l_yug,939,0.01597444089456869,0.12537646562523055,12
5,tv_l_ova,941,0.007438894792773645,0.08592763023053579,12
5,tv_l_sup,941,0.0010626992561105207,0.03258174222477342,12
5,tv_l_pul,941,0.0021253985122210413,0.04605302588739735,12
5,tv_l_ove,488,0.01639344262295082,0.12698306053139072,12
5,fr_antfa,692,0.10549132947976879,0.30718546333503416,12
5,fr_tvs_a,246,0.044715447154471545,0.20667843607944983,12
5,fr_viaje,13,0.07692307692307693,0.26646935501059654,12
5,fr_estro,17,0.0,0.0,12
5,fr_varic,33,0.12121212121212122,0.3263736246748184,12
5,fr_antec,1,0.0,0.0,12
5,ana_dime,189,1.5132275132275133,0.6138478312073302,12
5,ana_crea,46,0.9130434782608695,0.2817713347133852,12
5,ana_trop,855,0.8923976608187134,0.30987751739034236,12
5,tension_,67,132.34328358208955,23.999099634110017,12
5,ana_hemo,1,16.9,0.0,12
5,ana_plaq,2,182.0,12.0,12
5,ana_leuc,12,9.438333333333333,3.383525856591349,12
5,ana_neu,1058,5.684793005671078,2.8026854452097183,12
5,protcrea,1320,44.58159848484849,47.72395707328475,12
5,splanchnic,468,0.03205128205128205,0.17613630338505235,12
1,raza,436,2.885321100917431,0.5507835433027205,13
1,ant_inf,28,0.03571428571428571,0.1855768722395226,13
1,ant_isq,29,0.034482758620689655,0.18246560765962697,13
1,ant_clau,29,0.0,0.0,13
1,fum_act,35,0.2571428571428571,0.4370588154508102,13
1,diabetes,27,0.1111111111111111,0.3142696805273545,13
1,hip_art,28,0.2857142857142857,0.45175395145262565,13
1,insf_car,5,0.2,0.4000000000000001,13
1,fibr_aur,181,0.016574585635359115,0.1276709393181364,13
1,trat_est,31,0.25806451612903225,0.4375696763306625,13
1,var171,21,0.09523809523809523,0.2935435239509036,13
1,tv_l_esu,359,0.011142061281337047,0.10496626006360318,13
1,tvp_orig,1292,0.206656346749226,0.4049067807501989,13
1,tv_l_ein,278,0.7769784172661871,0.4162726947191203,13
1,tvp_prox,562,0.9163701067615658,0.2768319602129824,13
1,tv_l_svc,478,0.008368200836820083,0.0910943140463483,13
1,tv_l_vre,492,0.014227642276422764,0.11842810676387978,13
1,tv_l_vrn,487,0.004106776180698152,0.0639524086340757,13
1,tv_l_vca,930,0.04946236559139785,0.21683136300245118,13
1,tv_l_yug,939,0.04472843450479233,0.20670704306225957,13
1,tv_l_ova,941,0.0,0.0,13
1,tv_l_sup,941,0.0010626992561105207,0.03258174222477342,13
1,tv_l_pul,941,0.004250797024442083,0.06505941706700942,13
1,tv_l_ove,488,0.030737704918032786,0.17260619460032348,13
1,fr_antfa,692,0.14739884393063585,0.3545030673189555,13
1,fr_tvs_a,246,0.04065040650406504,0.19747898864213206,13
1,fr_viaje,13,0.15384615384615385,0.36080121229410994,13
1,fr_estro,17,0.11764705882352941,0.32218973970892123,13
1,fr_varic,33,0.12121212121212122,0.3263736246748184,13
1,fr_antec,1,0.0,0.0,13
1,ana_dime,189,1.6402116402116402,0.5119440669596566,13
1,ana_crea,46,0.7608695652173914,0.42655254065975184,13
1,ana_trop,855,0.8198830409356725,0.38428484243038635,13
1,tension_,67,131.6865671641791,24.50050803934048,13
1,ana_hemo,1,13.7,0.0,13
1,ana_plaq,2,149.0,27.0,13
1,ana_leuc,12,9.025833333333333,2.8203736700814823,13
1,ana_neu,1058,6.483250472589791,2.97253800696626,13
1,protcrea,1320,46.2449393939394,56.304480562029546,13
1,splanchnic,468,0.017094017094017096,0.12962180246241967,13
2,raza,436,2.8486238532110093,0.6281054488251702,13
2,ant_inf,28,0.0,0.0,13
2,ant_isq,29,0.06896551724137931,0.2533954906327426,13
2,ant_clau,29,0.0,0.0,13
2,fum_act,35,0.17142857142857143,0.3768830273792263,13
2,diabetes,27,0.1111111111111111,0.3142696805273545,13
2,hip_art,28,0.35714285714285715,0.47915742374995496,13
2,insf_car,5,0.0,0.0,13
2,fibr_aur,181,0.0,0.0,13
2,trat_est,31,0.12903225806451613,0.3352356401746214,13
2,var171,21,0.09523809523809523,0.29354352395090366,13
2,tv_l_esu,359,0.013927576601671309,0.11719043993293943,13
2,tvp_orig,1292,0.2894736842105263,0.45351810367405493,13
2,tv_l_ein,278,0.7086330935251799,0.45439215693727986,13
2,tvp_prox,562,0.905693950177936,0.29225403126222643,13
2,tv_l_svc,478,0.012552301255230125,0.11133167109330602,13
2,tv_l_vre,492,0.01016260162601626,0.1002961771664661,13
2,tv_l_vrn,487,0.012320328542094456,0.11031109666171084,13
2,tv_l_vca,930,0.07419354838709677,0.2620856077025755,13
2,tv_l_yug,939,0.014909478168264111,0.12119069943281197,13
2,tv_l_ova,941,0.0010626992561105207,0.03258174222477342,13
2,tv_l_sup,941,0.003188097768331562,0.05637316561052006,13
2,tv_l_pul,941,0.005313496280552604,0.07269981456530106,13
2,tv_l_ove,488,0.030737704918032786,0.17260619460032345,13
2,fr_antfa,692,0.11271676300578035,0.31624625585653826,13
2,fr_tvs_a,246,0.036585365853658534,0.187741516077325,13
2,fr_viaje,13,0.07692307692307693,0.26646935501059654,13
2,fr_estro,17,0.0,0.0,13
2,fr_varic,33,0.12121212121212122,0.3263736246748184,13
2,fr_antec,1,0.0,0.0,13
2,ana_dime,189,1.582010582010582,0.5344177268451412,13
2,ana_crea,46,0.8695652173913043,0.33678116053977547,13
2,ana_trop,855,0.8900584795321638,0.3128168514403541,13
2,tension_,67,128.8507462686567,19.78409864372334,13
2,ana_hemo,1,13.9,0.0,13
2,ana_plaq,2,153.5,30.5,13
2,ana_leuc,12,9.1175,2.930392820652776,13
2,ana_neu,1058,6.63836011342155,2.977810781572198,13
2,protcrea,1320,73.66648484848486,58.376894000094374,13
2,splanchnic,468,0.021367521367521368,0.14460619073238146,13
3,raza,436,2.9059633027522938,0.5526095213231326,13
3,ant_inf,28,0.03571428571428571,0.1855768722395226,13
3,ant_isq,29,0.06896551724137931,0.2533954906327426,13
3,ant_clau,29,0.0,0.0,13
3,fum_act,35,0.2,0.4,13
3,diabetes,27,0.14814814814814814,0.3552467795046459,13
3,hip_art,28,0.32142857142857145,0.4670248868079293,13
3,insf_car,5,0.0,0.0,13
3,fibr_aur,181,0.016574585635359115,0.1276709393181364,13
3,trat_est,31,0.2903225806451613,0.45391120256355777,13
3,var171,21,0.0,0.0,13
3,tv_l_esu,359,0.019498607242339833,0.1382693442450235,13
3,tvp_orig,1292,0.2786377708978328,0.448328856451288,13
3,tv_l_ein,278,0.6546762589928058,0.4754737163124692,13
3,tvp_prox,562,0.8558718861209964,0.35121959038283235,13
3,tv_l_svc,478,0.008368200836820083,0.0910943140463483,13
3,tv_l_vre,492,0.008130081300813009,0.08979968306656308,13
3,tv_l_vrn,487,0.008213552361396304,0.09025569189254994,13
3,tv_l_vca,930,0.05053763440860215,0.21905155082077055,13
3,tv_l_yug,939,0.019169329073482427,0.1371198960630986,13
3,tv_l_ova,941,0.01487778958554729,0.12106378881645609,13
3,tv_l_sup,941,0.0,0.0,13
3,tv_l_pul,941,0.003188097768331562,0.056373165610520054,13
3,tv_l_ove,488,0.05327868852459016,0.22458866817738127,13
3,fr_antfa,692,0.12716763005780346,0.3331606578263483,13
3,fr_tvs_a,246,0.052845528455284556,0.2237250065986506,13
3,fr_viaje,13,0.07692307692307693,0.26646935501059654,13
3,fr_estro,17,0.0,0.0,13
3,fr_varic,33,0.15151515151515152,0.35855028988482524,13
3,fr_antec,1,0.0,0.0,13
3,ana_dime,189,1.6084656084656084,0.5588463884237416,13
3,ana_crea,46,0.9347826086956522,0.24690905851305536,13
3,ana_trop,855,0.8502923976608188,0.356784579460821,13
3,tension_,67,130.91044776119404,19.162098273604357,13
3,ana_hemo,1,15.2,0.0,13
3,ana_plaq,2,272.5,10.5,13
3,ana_leuc,12,9.63,3.1379770553654467,13
3,ana_neu,1058,6.672632325141777,2.962430121526687,13
3,protcrea,1320,55.84403787878788,58.208878183464016,13
3,splanchnic,468,0.03418803418803419,0.18171189423478035,13
4,raza,436,2.908256880733945,0.598795187966265,13
4,ant_inf,28,0.0,0.0,13
4,ant_isq,29,0.034482758620689655,0.18246560765962697,13
4,ant_clau,29,0.034482758620689655,0.18246560765962697,13
4,fum_act,35,0.2,0.4000000000000001,13
4,diabetes,27,0.14814814814814814,0.3552467795046459,13
4,hip_art,28,0.39285714285714285,0.48838551182776224,13
4,insf_car,5,0.0,0.0,13
4,fibr_aur,181,0.0055248618784530384,0.07412380035910905,13
4,trat_est,31,0.0967741935483871,0.29565004483586066,13
4,var171,21,0.09523809523809523,0.2935435239509036,13
4,tv_l_esu,359,0.016713091922005572,0.12819424511424904,13
4,tvp_orig,1292,0.23374613003095976,0.42321256683433844,13
4,tv_l_ein,278,0.7589928057553957,0.42769466511396637,13
4,tvp_prox,562,0.8985765124555161,0.30188866112989055,13
4,tv_l_svc,478,0.006276150627615063,0.07897316354885721,13
4,tv_l_vre,492,0.016260162601626018,0.12647438362686214,13
4,tv_l_vrn,487,0.01026694045174538,0.10080441649801705,13
4,tv_l_vca,930,0.06451612903225806,0.24567010018915833,13
4,tv_l_yug,939,0.01810436634717785,0.1333289100920915,13
4,tv_l_ova,941,0.011689691817215728,0.10748508232510337,13
4,tv_l_sup,941,0.0021253985122210413,0.04605302588739735,13
4,tv_l_pul,941,0.0021253985122210413,0.04605302588739735,13
4,tv_l_ove,488,0.040983606557377046,0.19825223971225944,13
4,fr_antfa,692,0.16329479768786126,0.3696344230938749,13
4,fr_tvs_a,246,0.036585365853658534,0.18774151607732503,13
4,fr_viaje,13,0.0,0.0,13
4,fr_estro,17,0.058823529411764705,0.23529411764705882,13
4,fr_varic,33,0.24242424242424243,0.4285495643554833,13
4,fr_antec,1,0.0,0.0,13
4,ana_dime,189,1.582010582010582,0.5344177268451412,13
4,ana_crea,46,0.9565217391304348,0.20393111999232305,13
4,ana_trop,855,0.8713450292397661,0.33481766569121957,13
4,tension_,67,134.11940298507463,20.65171192937095,13
4,ana_hemo,1,16.0,0.0,13
4,ana_plaq,2,269.5,6.5,13
4,ana_leuc,12,9.694166666666666,3.517348571327872,13
4,ana_neu,1058,6.226278827977316,2.948979339107313,13
4,protcrea,1320,82.6909696969697,57.85620619232459,13
4,splanchnic,468,0.02564102564102564,0.15806189751202507,13
5,raza,436,2.9243119266055047,0.5470988823836717,13
5,ant_inf,28,0.0,0.0,13
5,ant_isq,29,0.0,0.0,13
5,ant_clau,29,0.0,0.0,13
5,fum_act,35,0.2571428571428571,0.4370588154508102,13
5,diabetes,27,0.07407407407407407,0.2618914004394621,13
5,hip_art,28,0.25,0.4330127018922193,13
5,insf_car,5,0.0,0.0,13
5,fibr_aur,181,0.0,0.0,13
5,trat_est,31,0.16129032258064516,0.3677985242255284,13
5,var171,21,0.09523809523809523,0.2935435239509036,13
5,tv_l_esu,359,0.016713091922005572,0.12819424511424904,13
5,tvp_orig,1292,0.23761609907120743,0.42562270678781877,13
5,tv_l_ein,278,0.7661870503597122,0.42325459740066146,13
5,tvp_prox,562,0.8540925266903915,0.3530134311071102,13
5,tv_l_svc,478,0.02092050209205021,0.14311825419654453,13
5,tv_l_vre,492,0.016260162601626018,0.12647438362686217,13
5,tv_l_vrn,487,0.006160164271047228,0.07824459500311148,13
5,tv_l_vca,930,0.03763440860215054,0.19031043032718128,13
5,tv_l_yug,939,0.019169329073482427,0.1371198960630986,13
5,tv_l_ova,941,0.006376195536663124,0.07959610334144103,13
5,tv_l_sup,941,0.003188097768331562,0.05637316561052006,13
5,tv_l_pul,941,0.0021253985122210413,0.046053025887397354,13
5,tv_l_ove,488,0.02459016393442623,0.1548724887515671,13
5,fr_antfa,692,0.14739884393063585,0.3545030673189555,13
5,fr_tvs_a,246,0.056910569105691054,0.2316716560776424,13
5,fr_viaje,13,0.0,0.0,13
5,fr_estro,17,0.0,0.0,13
5,fr_varic,33,0.18181818181818182,0.385694607919935,13
5,fr_antec,1,0.0,0.0,13
5,ana_dime,189,1.4973544973544974,0.5784886221628194,13
5,ana_crea,46,0.8913043478260869,0.31125697963644244,13
5,ana_trop,855,0.856140350877193,0.3509473614049119,13
5,tension_,67,130.86567164179104,26.567231259348485,13
5,ana_hemo,1,15.6,0.0,13
5,ana_plaq,2,227.0,74.0,13
5,ana_leuc,12,9.389999999999999,2.7797661772170694,13
5,ana_neu,1058,7.002700378071833,3.084142966441062,13
5,protcrea,1320,53.98089393939394,52.407732356170726,13
5,splanchnic,468,0.017094017094017096,0.12962180246241964,13
1,raza,436,2.908256880733945,0.5030418372020277,14
1,ant_inf,28,0.03571428571428571,0.1855768722395226,14
1,ant_isq,29,0.0,0.0,14
1,ant_clau,29,0.0,0.0,14
1,fum_act,35,0.14285714285714285,0.3499271061118826,14
1,diabetes,27,0.0,0.0,14
1,hip_art,28,0.42857142857142855,0.4948716593053935,14
1,insf_car,5,0.0,0.0,14
1,fibr_aur,181,0.0055248618784530384,0.07412380035910908,14
1,trat_est,31,0.12903225806451613,0.3352356401746214,14
1,var171,21,0.0,0.0,14
1,tv_l_esu,359,0.011142061281337047,0.10496626006360318,14
1,tvp_orig,1292,0.38080495356037153,0.48558474121851775,14
1,tv_l_ein,278,0.7158273381294964,0.4510194675575945,14
1,tvp_prox,562,0.8879003558718861,0.31548900759687987,14
1,tv_l_svc,478,0.008368200836820083,0.09109431404634828,14
1,tv_l_vre,492,0.014227642276422764,0.11842810676387978,14
1,tv_l_vrn,487,0.004106776180698152,0.06395240863407571,14
1,tv_l_vca,930,0.07419354838709677,0.2620856077025755,14
1,tv_l_yug,939,0.005324813631522897,0.0727767819521614,14
1,tv_l_ova,941,0.0021253985122210413,0.04605302588739735,14
1,tv_l_sup,941,0.0,0.0,14
1,tv_l_pul,941,0.0021253985122210413,0.046053025887397354,14
1,tv_l_ove,488,0.0389344262295082,0.19343871557598596,14
1,fr_antfa,692,0.12427745664739884,0.32989781814472907,14
1,fr_tvs_a,246,0.04065040650406504,0.19747898864213206,14
1,fr_viaje,13,0.0,0.0,14
1,fr_estro,17,0.0,0.0,14
1,fr_varic,33,0.18181818181818182,0.385694607919935,14
1,fr_antec,1,0.0,0.0,14
1,ana_dime,189,1.693121693121693,0.46119845147811434,14
1,ana_crea,46,0.9130434782608695,0.2817713347133852,14
1,ana_trop,855,0.8502923976608188,0.356784579460821,14
1,tension_,67,127.82089552238806,21.053538982215116,14
1,ana_hemo,1,16.3,0.0,14
1,ana_plaq,2,223.0,6.0,14
1,ana_leuc,12,9.294166666666667,4.6104870645325775,14
1,ana_neu,1058,6.599428166351607,2.932518314757816,14
1,protcrea,1320,53.24600757575758,56.978532128603014,14
1,splanchnic,468,0.017094017094017096,0.12962180246241967,14
2,raza,436,2.860091743119266,0.6252808475974543,14
2,ant_inf,28,0.03571428571428571,0.1855768722395226,14
2,ant_isq,29,0.0,0.0,14
2,ant_clau,29,0.0,0.0,14
2,fum_act,35,0.3142857142857143,0.46423076597919777,14
2,diabetes,27,0.0,0.0,14
2,hip_art,28,0.32142857142857145,0.4670248868079293,14
2,insf_car,5,0.0,0.0,14
2,fibr_aur,181,0.016574585635359115,0.1276709393181364,14
2,trat_est,31,0.12903225806451613,0.3352356401746214,14
2,var171,21,0.0,0.0,14
2,tv_l_esu,359,0.019498607242339833,0.1382693442450235,14
2,tvp_orig,1292,0.26857585139318885,0.4432187534859199,14
2,tv_l_ein,278,0.7697841726618705,0.42097090182238256,14
2,tvp_prox,562,0.900355871886121,0.2995249169039262,14
2,tv_l_svc,478,0.010460251046025104,0.10173904950450066,14
2,tv_l_vre,492,0.014227642276422764,0.11842810676387977,14
2,tv_l_vrn,487,0.0,0.0,14
2,tv_l_vca,930,0.02903225806451613,0.1678969507054594,14
2,tv_l_yug,939,0.01810436634717785,0.1333289100920915,14
2,tv_l_ova,941,0.0010626992561105207,0.03258174222477342,14
2,tv_l_sup,941,0.0021253985122210413,0.04605302588739735,14
2,tv_l_pul,941,0.006376195536663124,0.07959610334144103,14
2,tv_l_ove,488,0.028688524590163935,0.16692960536406803,14
2,fr_antfa,692,0.12283236994219653,0.3282446935391034,14
2,fr_tvs_a,246,0.04065040650406504,0.19747898864213206,14
2,fr_viaje,13,0.0,0.0,14
2,fr_estro,17,0.058823529411764705,0.23529411764705885,14
2,fr_varic,33,0.15151515151515152,0.35855028988482524,14
2,fr_antec,1,0.0,0.0,14
2,ana_dime,189,1.6455026455026456,0.5104654855107867,14
2,ana_crea,46,0.8913043478260869,0.31125697963644244,14
2,ana_trop,855,0.8643274853801169,0.34244048153891016,14
2,tension_,67,131.3134328358209,23.047134671664658,14
2,ana_hemo,1,16.2,0.0,14
2,ana_plaq,2,164.0,47.0,14
2,ana_leuc,12,9.126666666666667,4.095591803661861,14
2,ana_neu,1058,5.958488657844991,2.999171338666804,14
2,protcrea,1320,57.589863636363646,56.53560726855093,14
2,splanchnic,468,0.02564102564102564,0.15806189751202504,14
3,raza,436,2.9105504587155964,0.51915480864943,14
3,ant_inf,28,0.03571428571428571,0.18557687223952257,14
3,ant_isq,29,0.06896551724137931,0.2533954906327426,14
3,ant_clau,29,0.034482758620689655,0.18246560765962697,14
3,fum_act,35,0.3142857142857143,0.4642307659791977,14
3,diabetes,27,0.037037037037037035,0.18885257457751053,14
3,hip_art,28,0.2857142857142857,0.45175395145262565,14
3,insf_car,5,0.0,0.0,14
3,fibr_aur,181,0.0055248618784530384,0.07412380035910905,14
3,trat_est,31,0.16129032258064516,0.3677985242255284,14
3,var171,21,0.047619047619047616,0.21295885499998,14
3,tv_l_esu,359,0.016713091922005572,0.12819424511424904,14
3,tvp_orig,1292,0.19272445820433437,0.39443851411110975,14
3,tv_l_ein,278,0.7769784172661871,0.4162726947191203,14
3,tvp_prox,562,0.891459074733096,0.31106236160793915,14
3,tv_l_svc,478,0.006276150627615063,0.07897316354885721,14
3,tv_l_vre,492,0.012195121951219513,0.1097560975609756,14
3,tv_l_vrn,487,0.006160164271047228,0.07824459500311148,14
3,tv_l_vca,930,0.06666666666666667,0.24944382578492943,14
3,tv_l_yug,939,0.014909478168264111,0.12119069943281197,14
3,tv_l_ova,941,0.003188097768331562,0.056373165610520054,14
3,tv_l_sup,941,0.0,0.0,14
3,tv_l_pul,941,0.005313496280552604,0.07269981456530106,14
3,tv_l_ove,488,0.030737704918032786,0.17260619460032348,14
3,fr_antfa,692,0.14450867052023122,0.35160477053746936,14
3,fr_tvs_a,246,0.07317073170731707,0.260416542732471,14
3,fr_viaje,13,0.0,0.0,14
3,fr_estro,17,0.058823529411764705,0.23529411764705885,14
3,fr_varic,33,0.15151515151515152,0.35855028988482524,14
3,fr_antec,1,0.0,0.0,14
3,ana_dime,189,1.6402116402116402,0.5322130671631564,14
3,ana_crea,46,0.8695652173913043,0.3367811605397754,14
3,ana_trop,855,0.887719298245614,0.31571149134602083,14
3,tension_,67,136.6865671641791,22.694077704161142,14
3,ana_hemo,1,16.2,0.0,14
3,ana_plaq,2,192.0,82.0,14
3,ana_leuc,12,9.395833333333334,4.286780956874543,14
3,ana_neu,1058,6.248218336483932,2.976380848474321,14
3,protcrea,1320,48.84609848484849,59.41527977518096,14
3,splanchnic,468,0.019230769230769232,0.13733516208736252,14
4,raza,436,2.9128440366972477,0.5917786775462462,14
4,ant_inf,28,0.07142857142857142,0.25753937681885636,14
4,ant_isq,29,0.034482758620689655,0.18246560765962697,14
4,ant_clau,29,0.0,0.0,14
4,fum_act,35,0.17142857142857143,0.3768830273792263,14
4,diabetes,27,0.0,0.0,14
4,hip_art,28,0.17857142857142858,0.3829930462415574,14
4,insf_car,5,0.0,0.0,14
4,fibr_aur,181,0.0055248618784530384,0.07412380035910905,14
4,trat_est,31,0.12903225806451613,0.3352356401746214,14
4,var171,21,0.0,0.0,14
4,tv_l_esu,359,0.013927576601671309,0.11719043993293943,14
4,tvp_orig,1292,0.43343653250773995,0.4955494978258044,14
4,tv_l_ein,278,0.7877697841726619,0.40888696643109035,14
4,tvp_prox,562,0.8807829181494662,0.3240437767425521,14
4,tv_l_svc,478,0.0041841004184100415,0.06454915740812346,14
4,tv_l_vre,492,0.006097560975609756,0.07784844716343724,14
4,tv_l_vrn,487,0.004106776180698152,0.06395240863407571,14
4,tv_l_vca,930,0.06666666666666667,0.24944382578492943,14
4,tv_l_yug,939,0.011714589989350373,0.10759813367680585,14
4,tv_l_ova,941,0.0,0.0,14
4,tv_l_sup,941,0.0,0.0,14
4,tv_l_pul,941,0.0010626992561105207,0.032581742224773426,14
4,tv_l_ove,488,0.03278688524590164,0.1780783687082003,14
4,fr_antfa,692,0.11127167630057803,0.31446826605213674,14
4,fr_tvs_a,246,0.032520325203252036,0.17737743275830428,14
4,fr_viaje,13,0.15384615384615385,0.36080121229410994,14
4,fr_estro,17,0.0,0.0,14
4,fr_varic,33,0.15151515151515152,0.35855028988482524,14
4,fr_antec,1,0.0,0.0,14
4,ana_dime,189,1.5714285714285714,0.5740679784134961,14
4,ana_crea,46,0.8043478260869565,0.3967019041498838,14
4,ana_trop,855,0.8725146198830409,0.3335159036288877,14
4,tension_,67,134.02985074626866,20.26464471316627,14
4,ana_hemo,1,15.0,0.0,14
4,ana_plaq,2,206.5,67.5,14
4,ana_leuc,12,9.611666666666666,3.652877480684082,14
4,ana_neu,1058,6.893715500945179,3.1748144097352453,14
4,protcrea,1320,49.631068181818186,59.61020714274873,14
4,splanchnic,468,0.019230769230769232,0.1373351620873625,14
5,raza,436,2.853211009174312,0.6783099352944532,14
5,ant_inf,28,0.10714285714285714,0.30929478706587094,14
5,ant_isq,29,0.0,0.0,14
5,ant_clau,29,0.0,0.0,14
5,fum_act,35,0.22857142857142856,0.4199125273342591,14
5,diabetes,27,0.037037037037037035,0.18885257457751053,14
5,hip_art,28,0.39285714285714285,0.48838551182776224,14
5,insf_car,5,0.0,0.0,14
5,fibr_aur,181,0.0055248618784530384,0.07412380035910908,14
5,trat_est,31,0.0967741935483871,0.29565004483586066,14
5,var171,21,0.047619047619047616,0.21295885499998,14
5,tv_l_esu,359,0.019498607242339833,0.1382693442450235,14
5,tvp_orig,1292,0.23142414860681115,0.42174282690808595,14
5,tv_l_ein,278,0.7230215827338129,0.44750572469512057,14
5,tvp_prox,562,0.8629893238434164,0.3438586203306519,14
5,tv_l_svc,478,0.016736401673640166,0.12828208967996566,14
5,tv_l_vre,492,0.008130081300813009,0.08979968306656308,14
5,tv_l_vrn,487,0.0,0.0,14
5,tv_l_vca,930,0.0913978494623656,0.2881740491023096,14
5,tv_l_yug,939,0.01703940362087327,0.1294181685279089,14
5,tv_l_ova,941,0.010626992561105207,0.10253808848526201,14
5,tv_l_sup,941,0.0,0.0,14
5,tv_l_pul,941,0.008501594048884165,0.0918113116533695,14
5,tv_l_ove,488,0.0471311475409836,0.2119193301057118,14
5,fr_antfa,692,0.13439306358381503,0.3410741386331888,14
5,fr_tvs_a,246,0.056910569105691054,0.2316716560776424,14
5,fr_viaje,13,0.0,0.0,14
5,fr_estro,17,0.0,0.0,14
5,fr_varic,33,0.18181818181818182,0.385694607919935,14
5,fr_antec,1,0.0,0.0,14
5,ana_dime,189,1.529100529100529,0.5777622727923258,14
5,ana_crea,46,0.9130434782608695,0.2817713347133852,14
5,ana_trop,855,0.8444444444444444,0.3624334762288908,14
5,tension_,67,132.91044776119404,21.017925074240214,14
5,ana_hemo,1,14.6,0.0,14
5,ana_plaq,2,115.5,24.5,14
5,ana_leuc,12,9.6425,4.292614054007961,14
5,ana_neu,1058,6.67412381852552,2.8412951582932084,14
5,protcrea,1320,51.20307575757575,53.992786512535176,14
5,splanchnic,468,0.03205128205128205,0.17613630338505235,14
1,raza,436,2.86697247706422,0.6811424625497661,15
1,ant_inf,28,0.0,0.0,15
1,ant_isq,29,0.06896551724137931,0.2533954906327426,15
1,ant_clau,29,0.034482758620689655,0.18246560765962697,15
1,fum_act,35,0.17142857142857143,0.3768830273792263,15
1,diabetes,27,0.1111111111111111,0.3142696805273545,15
1,hip_art,28,0.21428571428571427,0.410325903324145,15
1,insf_car,5,0.0,0.0,15
1,fibr_aur,181,0.0055248618784530384,0.07412380035910905,15
1,trat_est,31,0.25806451612903225,0.43756967633066257,15
1,var171,21,0.047619047619047616,0.21295885499998,15
1,tv_l_esu,359,0.005571030640668524,0.07443113769296597,15
1,tvp_orig,1292,0.17337461300309598,0.3785708078670656,15
1,tv_l_ein,278,0.7446043165467626,0.43608339606856295,15
1,tvp_prox,562,0.8327402135231317,0.3732076503832427,15
1,tv_l_svc,478,0.016736401673640166,0.12828208967996566,15
1,tv_l_vre,492,0.006097560975609756,0.07784844716343722,15
1,tv_l_vrn,487,0.01026694045174538,0.10080441649801705,15
1,tv_l_vca,930,0.05161290322580645,0.22124423483202896,15
1,tv_l_yug,939,0.012779552715654952,0.1123220180910348,15
1,tv_l_ova,941,0.0021253985122210413,0.04605302588739735,15
1,tv_l_sup,941,0.0021253985122210413,0.04605302588739735,15
1,tv_l_pul,941,0.0,0.0,15
1,tv_l_ove,488,0.014344262295081968,0.11890544324921319,15
1,fr_antfa,692,0.1199421965317919,0.3248939304187151,15
1,fr_tvs_a,246,0.07317073170731707,0.26041654273247106,15
1,fr_viaje,13,0.0,0.0,15
1,fr_estro,17,0.058823529411764705,0.23529411764705885,15
1,fr_varic,33,0.15151515151515152,0.35855028988482524,15
1,fr_antec,1,0.0,0.0,15
1,ana_dime,189,1.5873015873015872,0.581047784689623,15
1,ana_crea,46,0.8913043478260869,0.31125697963644244,15
1,ana_trop,855,0.8783625730994152,0.32686658329904217,15
1,tension_,67,129.91044776119404,21.557096240147292,15
1,ana_hemo,1,16.7,0.0,15
1,ana_plaq,2,164.5,3.5,15
1,ana_leuc,12,10.276666666666666,4.303069318004947,15
1,ana_neu,1058,6.088917769376182,2.8367607071928513,15
1,protcrea,1320,52.521,57.842497296930866,15
1,splanchnic,468,0.023504273504273504,0.15149858953571094,15
2,raza,436,2.919724770642202,0.44974602152973864,15
2,ant_inf,28,0.03571428571428571,0.1855768722395226,15
2,ant_isq,29,0.06896551724137931,0.2533954906327426,15
2,ant_clau,29,0.0,0.0,15
2,fum_act,35,0.17142857142857143,0.3768830273792263,15
2,diabetes,27,0.1111111111111111,0.3142696805273545,15
2,hip_art,28,0.32142857142857145,0.4670248868079293,15
2,insf_car,5,0.0,0.0,15
2,fibr_aur,181,0.0055248618784530384,0.07412380035910908,15
2,trat_est,31,0.1935483870967742,0.39507899077148034,15
2,var171,21,0.0,0.0,15
2,tv_l_esu,359,0.005571030640668524,0.07443113769296596,15
2,tvp_orig,1292,0.12770897832817338,0.33376547931526335,15
2,tv_l_ein,278,0.7805755395683454,0.41385669814071135,15
2,tvp_prox,562,0.8647686832740213,0.34197047782306694,15
2,tv_l_svc,478,0.008368200836820083,0.0910943140463483,15
2,tv_l_vre,492,0.012195121951219513,0.1097560975609756,15
2,tv_l_vrn,487,0.02053388090349076,0.14181763162079675,15
2,tv_l_vca,930,0.07634408602150537,0.26554786113061873,15
2,tv_l_yug,939,0.011714589989350373,0.10759813367680585,15
2,tv_l_ova,941,0.008501594048884165,0.09181131165336952,15
2,tv_l_sup,941,0.0,0.0,15
2,tv_l_pul,941,0.006376195536663124,0.07959610334144104,15
2,tv_l_ove,488,0.03483606557377049,0.18336442978154313,15
2,fr_antfa,692,0.13439306358381503,0.34107413863318875,15
2,fr_tvs_a,246,0.052845528455284556,0.22372500659865063,15
2,fr_viaje,13,0.0,0.0,15
2,fr_estro,17,0.058823529411764705,0.23529411764705885,15
2,fr_varic,33,0.2727272727272727,0.4453617714151233,15
2,fr_antec,1,0.0,0.0,15
2,ana_dime,189,1.6243386243386244,0.5459230440177827,15
2,ana_crea,46,0.8043478260869565,0.3967019041498838,15
2,ana_trop,855,0.8701754385964913,0.33611031620569953,15
2,tension_,67,136.83582089552237,22.97279183348506,15
2,ana_hemo,1,15.2,0.0,15
2,ana_plaq,2,252.0,7.0,15
2,ana_leuc,12,10.445,3.9011013402200496,15
2,ana_neu,1058,6.413546313799623,2.976775731937495,15
2,protcrea,1320,55.96970454545454,55.31350318032093,15
2,splanchnic,468,0.042735042735042736,0.20225913788374755,15
3,raza,436,2.8922018348623855,0.594187221905295,15
3,ant_inf,28,0.07142857142857142,0.25753937681885636,15
3,ant_isq,29,0.10344827586206896,0.30454347814923605,15
3,ant_clau,29,0.0,0.0,15
3,fum_act,35,0.2571428571428571,0.4370588154508102,15
3,diabetes,27,0.037037037037037035,0.18885257457751053,15
3,hip_art,28,0.25,0.4330127018922193,15
3,insf_car,5,0.0,0.0,15
3,fibr_aur,181,0.016574585635359115,0.1276709393181364,15
3,trat_est,31,0.1935483870967742,0.39507899077148034,15
3,var171,21,0.0,0.0,15
3,tv_l_esu,359,0.013927576601671309,0.11719043993293943,15
3,tvp_orig,1292,0.24922600619195046,0.43256491308191003,15
3,tv_l_ein,278,0.7517985611510791,0.43196930979208037,15
3,tvp_prox,562,0.8487544483985765,0.3582880610935908,15
3,tv_l_svc,478,0.0020920502092050207,0.04569106625071455,15
3,tv_l_vre,492,0.01016260162601626,0.10029617716646609,15
3,tv_l_vrn,487,0.006160164271047228,0.07824459500311148,15
3,tv_l_vca,930,0.05591397849462366,0.22975553421740771,15
3,tv_l_yug,939,0.006389776357827476,0.07968028059642125,15
3,tv_l_ova,941,0.004250797024442083,0.06505941706700942,15
3,tv_l_sup,941,0.0021253985122210413,0.04605302588739734,15
3,tv_l_pul,941,0.006376195536663124,0.07959610334144103,15
3,tv_l_ove,488,0.03483606557377049,0.18336442978154313,15
3,fr_antfa,692,0.11849710982658959,0.32319583040214916,15
3,fr_tvs_a,246,0.032520325203252036,0.1773774327583043,15
3,fr_viaje,13,0.0,0.0,15
3,fr_estro,17,0.058823529411764705,0.23529411764705885,15
3,fr_varic,33,0.21212121212121213,0.40881022918884974,15
3,fr_antec,1,0.0,0.0,15
3,ana_dime,189,1.6031746031746033,0.5598473678904253,15
3,ana_crea,46,0.8043478260869565,0.3967019041498838,15
3,ana_trop,855,0.8678362573099415,0.3386686991858186,15
3,tension_,67,131.11940298507463,17.097195709709545,15
3,ana_hemo,1,14.5,0.0,15
3,ana_plaq,2,233.0,57.0,15
3,ana_leuc,12,9.575833333333334,3.091211893776003,15
3,ana_neu,1058,6.102564272211721,2.9359226620006607,15
3,protcrea,1320,49.308143939393936,52.667210249059856,15
3,splanchnic,468,0.021367521367521368,0.14460619073238143,15
4,raza,436,2.853211009174312,0.6749201525779642,15
4,ant_inf,28,0.03571428571428571,0.1855768722395226,15
4,ant_isq,29,0.034482758620689655,0.18246560765962697,15
4,ant_clau,29,0.0,0.0,15
4,fum_act,35,0.2,0.4,15
4,diabetes,27,0.0,0.0,15
4,hip_art,28,0.25,0.4330127018922193,15
4,insf_car,5,0.0,0.0,15
4,fibr_aur,181,0.016574585635359115,0.1276709393181364,15
4,trat_est,31,0.16129032258064516,0.3677985242255284,15
4,var171,21,0.0,0.0,15
4,tv_l_esu,359,0.019498607242339833,0.1382693442450235,15
4,tvp_orig,1292,0.11842105263157894,0.3231060304686493,15
4,tv_l_ein,278,0.7482014388489209,0.4340461332085858,15
4,tvp_prox,562,0.8647686832740213,0.34197047782306694,15
4,tv_l_svc,478,0.010460251046025104,0.10173904950450066,15
4,tv_l_vre,492,0.006097560975609756,0.07784844716343724,15
4,tv_l_vrn,487,0.014373716632443531,0.11902568169354777,15
4,tv_l_vca,930,0.054838709677419356,0.22766516114314692,15
4,tv_l_yug,939,0.013844515441959531,0.11684538858738447,15
4,tv_l_ova,941,0.010626992561105207,0.10253808848526201,15
4,tv_l_sup,941,0.0,0.0,15
4,tv_l_pul,941,0.0,0.0,15
4,tv_l_ove,488,0.040983606557377046,0.19825223971225941,15
4,fr_antfa,692,0.10404624277456648,0.305320523612584,15
4,fr_tvs_a,246,0.04065040650406504,0.19747898864213206,15
4,fr_viaje,13,0.07692307692307693,0.26646935501059654,15
4,fr_estro,17,0.0,0.0,15
4,fr_varic,33,0.12121212121212122,0.3263736246748184,15
4,fr_antec,1,0.0,0.0,15
4,ana_dime,189,1.5555555555555556,0.5571405960248966,15
4,ana_crea,46,0.9130434782608695,0.28177133471338517,15
4,ana_trop,855,0.8350877192982457,0.37110136132261784,15
4,tension_,67,133.76119402985074,21.085532673530718,15
4,ana_hemo,1,15.4,0.0,15
4,ana_plaq,2,167.0,2.0,15
4,ana_leuc,12,8.955,2.969064106190142,15
4,ana_neu,1058,6.519045368620039,3.030600072814678,15
4,protcrea,1320,50.80250757575757,53.43871864816295,15
4,splanchnic,468,0.019230769230769232,0.13733516208736252,15
5,raza,436,2.908256880733945,0.6176499469344011,15
5,ant_inf,28,0.0,0.0,15
5,ant_isq,29,0.034482758620689655,0.18246560765962697,15
5,ant_clau,29,0.0,0.0,15
5,fum_act,35,0.2857142857142857,0.45175395145262565,15
5,diabetes,27,0.037037037037037035,0.18885257457751053,15
5,hip_art,28,0.42857142857142855,0.4948716593053935,15
5,insf_car,5,0.0,0.0,15
5,fibr_aur,181,0.016574585635359115,0.1276709393181364,15
5,trat_est,31,0.2903225806451613,0.4539112025635577,15
5,var171,21,0.0,0.0,15
5,tv_l_esu,359,0.022284122562674095,0.14760603119210888,15
5,tvp_orig,1292,0.17647058823529413,0.38122004108281526,15
5,tv_l_ein,278,0.7446043165467626,0.43608339606856295,15
5,tvp_prox,562,0.8540925266903915,0.3530134311071102,15
5,tv_l_svc,478,0.008368200836820083,0.0910943140463483,15
5,tv_l_vre,492,0.012195121951219513,0.1097560975609756,15
5,tv_l_vrn,487,0.006160164271047228,0.07824459500311147,15
5,tv_l_vca,930,0.07204301075268817,0.25855911384899244,15
5,tv_l_yug,939,0.007454739084132056,0.08601840471271001,15
5,tv_l_ova,941,0.006376195536663124,0.07959610334144103,15
5,tv_l_sup,941,0.0010626992561105207,0.03258174222477342,15
5,tv_l_pul,941,0.007438894792773645,0.0859276302305358,15
5,tv_l_ove,488,0.05122950819672131,0.22046552040317638,15
5,fr_antfa,692,0.13728323699421965,0.34414611698319153,15
5,fr_tvs_a,246,0.032520325203252036,0.17737743275830434,15
5,fr_viaje,13,0.0,0.0,15
5,fr_estro,17,0.0,0.0,15
5,fr_varic,33,0.21212121212121213,0.40881022918884974,15
5,fr_antec,1,0.0,0.0,15
5,ana_dime,189,1.6402116402116402,0.5705951201922926,15
5,ana_crea,46,0.8695652173913043,0.3367811605397754,15
5,ana_trop,855,0.856140350877193,0.3509473614049119,15
5,tension_,67,129.4179104477612,19.917853128430075,15
5,ana_hemo,1,15.9,0.0,15
5,ana_plaq,2,185.0,48.0,15
5,ana_leuc,12,8.429166666666665,3.3205733900772154,15
5,ana_neu,1058,6.96577504725898,3.1573406553092234,15
5,protcrea,1320,57.483507575757585,52.018232296546934,15
5,splanchnic,468,0.019230769230769232,0.13733516208736252,15
1,raza,436,2.8440366972477062,0.6830088844722232,16
1,ant_inf,28,0.0,0.0,16
1,ant_isq,29,0.0,0.0,16
1,ant_clau,29,0.0,0.0,16
1,fum_act,35,0.2571428571428571,0.4370588154508102,16
1,diabetes,27,0.1111111111111111,0.3142696805273545,16
1,hip_art,28,0.2857142857142857,0.45175395145262565,16
1,insf_car,5,0.0,0.0,16
1,fibr_aur,181,0.016574585635359115,0.1276709393181364,16
1,trat_est,31,0.0967741935483871,0.29565004483586066,16
1,var171,21,0.0,0.0,16
1,tv_l_esu,359,0.013927576601671309,0.11719043993293943,16
1,tvp_orig,1292,0.21517027863777088,0.4109404212640987,16
1,tv_l_ein,278,0.6870503597122302,0.4636940402156634,16
1,tvp_prox,562,0.8790035587188612,0.3261231400536287,16
1,tv_l_svc,478,0.008368200836820083,0.09109431404634828,16
1,tv_l_vre,492,0.0,0.0,16
1,tv_l_vrn,487,0.002053388090349076,0.045267777587368795,16
1,tv_l_vca,930,0.06344086021505377,0.24375421528709562,16
1,tv_l_yug,939,0.022364217252396165,0.14786500275279407,16
1,tv_l_ova,941,0.006376195536663124,0.07959610334144103,16
1,tv_l_sup,941,0.0010626992561105207,0.03258174222477342,16
1,tv_l_pul,941,0.0,0.0,16
1,tv_l_ove,488,0.05327868852459016,0.22458866817738127,16
1,fr_antfa,692,0.14450867052023122,0.35160477053746936,16
1,fr_tvs_a,246,0.06097560975609756,0.23928557158961683,16
1,fr_viaje,13,0.07692307692307693,0.26646935501059654,16
1,fr_estro,17,0.0,0.0,16
1,fr_varic,33,0.12121212121212122,0.3263736246748184,16
1,fr_antec,1,0.0,0.0,16
1,ana_dime,189,1.6349206349206349,0.49231944188161336,16
1,ana_crea,46,0.9347826086956522,0.24690905851305534,16
1,ana_trop,855,0.8432748538011696,0.363541434705572,16
1,tension_,67,133.13432835820896,23.120641112313898,16
1,ana_hemo,1,14.6,0.0,16
1,ana_plaq,2,168.0,22.0,16
1,ana_leuc,12,8.374166666666667,3.4574568166339965,16
1,ana_neu,1058,6.8252797731568995,2.9608556459462045,16
1,protcrea,1320,29.450303030303033,46.82408643544723,16
1,splanchnic,468,0.029914529914529916,0.17035155066662178,16
2,raza,436,2.9105504587155964,0.5574998825233517,16
2,ant_inf,28,0.07142857142857142,0.25753937681885636,16
2,ant_isq,29,0.034482758620689655,0.18246560765962697,16
2,ant_clau,29,0.0,0.0,16
2,fum_act,35,0.2,0.4,16
2,diabetes,27,0.14814814814814814,0.3552467795046459,16
2,hip_art,28,0.17857142857142858,0.3829930462415574,16
2,insf_car,5,0.0,0.0,16
2,fibr_aur,181,0.0055248618784530384,0.07412380035910905,16
2,trat_est,31,0.16129032258064516,0.3677985242255284,16
2,var171,21,0.0,0.0,16
2,tv_l_esu,359,0.022284122562674095,0.14760603119210888,16
2,tvp_orig,1292,0.3815789473684211,0.4857740774203878,16
2,tv_l_ein,278,0.7517985611510791,0.43196930979208037,16
2,tvp_prox,562,0.9074733096085409,0.28976801403305735,16
2,tv_l_svc,478,0.02301255230125523,0.14994323838652152,16
2,tv_l_vre,492,0.0040650406504065045,0.06362795057926232,16
2,tv_l_vrn,487,0.008213552361396304,0.09025569189254995,16
2,tv_l_vca,930,0.05806451612903226,0.23386540594054012,16
2,tv_l_yug,939,0.011714589989350373,0.10759813367680585,16
2,tv_l_ova,941,0.0,0.0,16
2,tv_l_sup,941,0.0,0.0,16
2,tv_l_pul,941,0.006376195536663124,0.07959610334144104,16
2,tv_l_ove,488,0.040983606557377046,0.19825223971225941,16
2,fr_antfa,692,0.1546242774566474,0.3615461385185259,16
2,fr_tvs_a,246,0.028455284552845527,0.16626960435949234,16
2,fr_viaje,13,0.07692307692307693,0.26646935501059654,16
2,fr_estro,17,0.058823529411764705,0.23529411764705885,16
2,fr_varic,33,0.15151515151515152,0.35855028988482524,16
2,fr_antec,1,0.0,0.0,16
2,ana_dime,189,1.5555555555555556,0.5849373261170883,16
2,ana_crea,46,0.8478260869565217,0.3591893835186588,16
2,ana_trop,855,0.8374269005847953,0.36897572652105265,16
2,tension_,67,127.56716417910448,14.689039350234811,16
2,ana_hemo,1,18.3,0.0,16
2,ana_plaq,2,118.5,9.5,16
2,ana_leuc,12,8.503333333333334,2.7923088813540824,16
2,ana_neu,1058,6.849568998109641,2.9478693865396215,16
2,protcrea,1320,32.940106060606055,50.016941284361806,16
2,splanchnic,468,0.014957264957264958,0.12138181569849386,16
3,raza,436,2.9311926605504586,0.46416488048581145,16
3,ant_inf,28,0.0,0.0,16
3,ant_isq,29,0.0,0.0,16
3,ant_clau,29,0.0,0.0,16
3,fum_act,35,0.2857142857142857,0.45175395145262565,16
3,diabetes,27,0.1111111111111111,0.3142696805273545,16
3,hip_art,28,0.4642857142857143,0.4987228587060335,16
3,insf_car,5,0.0,0.0,16
3,fibr_aur,181,0.022099447513812154,0.147007013211603,16
3,trat_est,31,0.16129032258064516,0.3677985242255284,16
3,var171,21,0.047619047619047616,0.21295885499998,16
3,tv_l_esu,359,0.019498607242339833,0.1382693442450235,16
3,tvp_orig,1292,0.293343653250774,0.4552945797483906,16
3,tv_l_ein,278,0.7913669064748201,0.40633154666022847,16
3,tvp_prox,562,0.8558718861209964,0.35121959038283235,16
3,tv_l_svc,478,0.008368200836820083,0.0910943140463483,16
3,tv_l_vre,492,0.006097560975609756,0.07784844716343724,16
3,tv_l_vrn,487,0.004106776180698152,0.06395240863407571,16
3,tv_l_vca,930,0.05268817204301075,0.22341022485503398,16
3,tv_l_yug,939,0.011714589989350373,0.10759813367680586,16
3,tv_l_ova,941,0.003188097768331562,0.056373165610520054,16
3,tv_l_sup,941,0.0,0.0,16
3,tv_l_pul,941,0.0010626992561105207,0.03258174222477342,16
3,tv_l_ove,488,0.03278688524590164,0.1780783687082003,16
3,fr_antfa,692,0.11849710982658959,0.3231958304021491,16
3,fr_tvs_a,246,0.044715447154471545,0.20667843607944983,16
3,fr_viaje,13,0.0,0.0,16
3,fr_estro,17,0.0,0.0,16
3,fr_varic,33,0.2727272727272727,0.4453617714151233,16
3,fr_antec,1,1.0,0.0,16
3,ana_dime,189,1.6031746031746033,0.5307382062635075,16
3,ana_crea,46,0.9130434782608695,0.2817713347133852,16
3,ana_trop,855,0.8514619883040936,0.35563249398407504,16
3,tension_,67,133.92537313432837,23.851101187279497,16
3,ana_hemo,1,16.2,0.0,16
3,ana_plaq,2,294.5,140.5,16
3,ana_leuc,12,8.989166666666668,3.420395830732006,16
3,ana_neu,1058,6.814680529300568,2.960820998774724,16
3,protcrea,1320,21.889257575757576,40.09385018844729,16
3,splanchnic,468,0.03418803418803419,0.18171189423478035,16
4,raza,436,2.9518348623853212,0.46920910449259456,16
4,ant_inf,28,0.0,0.0,16
4,ant_isq,29,0.034482758620689655,0.18246560765962697,16
4,ant_clau,29,0.034482758620689655,0.18246560765962697,16
4,fum_act,35,0.11428571428571428,0.318157963590287,16
4,diabetes,27,0.07407407407407407,0.2618914004394621,16
4,hip_art,28,0.42857142857142855,0.4948716593053935,16
4,insf_car,5,0.0,0.0,16
4,fibr_aur,181,0.011049723756906077,0.10453529242223482,16
4,trat_est,31,0.2903225806451613,0.45391120256355777,16
4,var171,21,0.0,0.0,16
4,tv_l_esu,359,0.013927576601671309,0.11719043993293943,16
4,tvp_orig,1292,0.2724458204334365,0.44521803126309717,16
4,tv_l_ein,278,0.737410071942446,0.4400414273000698,16
4,tvp_prox,562,0.8772241992882562,0.32817968168571005,16
4,tv_l_svc,478,0.0041841004184100415,0.06454915740812346,16
4,tv_l_vre,492,0.0040650406504065045,0.06362795057926234,16
4,tv_l_vrn,487,0.006160164271047228,0.07824459500311148,16
4,tv_l_vca,930,0.03763440860215054,0.19031043032718128,16
4,tv_l_yug,939,0.013844515441959531,0.11684538858738447,16
4,tv_l_ova,941,0.009564293304994687,0.09732840078091658,16
4,tv_l_sup,941,0.0010626992561105207,0.032581742224773426,16
4,tv_l_pul,941,0.004250797024442083,0.06505941706700942,16
4,tv_l_ove,488,0.055327868852459015,0.22861910633344737,16
4,fr_antfa,692,0.11416184971098266,0.3180077385560761,16
4,fr_tvs_a,246,0.06504065040650407,0.24659757541631055,16
4,fr_viaje,13,0.0,0.0,16
4,fr_estro,17,0.058823529411764705,0.23529411764705885,16
4,fr_varic,33,0.12121212121212122,0.3263736246748184,16
4,fr_antec,1,0.0,0.0,16
4,ana_dime,189,1.597883597883598,0.5607966434808933,16
4,ana_crea,46,0.8913043478260869,0.3112569796364425,16
4,ana_trop,855,0.8865497076023392,0.31714243417200744,16
4,tension_,67,135.22388059701493,22.701055860461047,16
4,ana_hemo,1,15.9,0.0,16
4,ana_plaq,2,133.5,2.5,16
4,ana_leuc,12,9.375833333333334,3.0900255078055405,16
4,ana_neu,1058,6.5196351606805285,3.0300712593347576,16
4,protcrea,1320,32.96771212121212,48.26975406654149,16
4,splanchnic,468,0.019230769230769232,0.1373351620873625,16
5,raza,436,2.878440366972477,0.7015012398871211,16
5,ant_inf,28,0.0,0.0,16
5,ant_isq,29,0.034482758620689655,0.18246560765962697,16
5,ant_clau,29,0.06896551724137931,0.2533954906327425,16
5,fum_act,35,0.17142857142857143,0.3768830273792263,16
5,diabetes,27,0.14814814814814814,0.3552467795046459,16
5,hip_art,28,0.2857142857142857,0.45175395145262565,16
5,insf_car,5,0.0,0.0,16
5,fibr_aur,181,0.0055248618784530384,0.07412380035910905,16
5,trat_est,31,0.22580645161290322,0.4181123031230877,16
5,var171,21,0.0,0.0,16
5,tv_l_esu,359,0.011142061281337047,0.10496626006360317,16
5,tvp_orig,1292,0.24226006191950464,0.4284508423591467,16
5,tv_l_ein,278,0.7661870503597122,0.42325459740066146,16
5,tvp_prox,562,0.8879003558718861,0.31548900759687987,16
5,tv_l_svc,478,0.008368200836820083,0.0910943140463483,16
5,tv_l_vre,492,0.008130081300813009,0.08979968306656308,16
5,tv_l_vrn,487,0.006160164271047228,0.07824459500311148,16
5,tv_l_vca,930,0.07741935483870968,0.26725567970590947,16
5,tv_l_yug,939,0.01703940362087327,0.1294181685279089,16
5,tv_l_ova,941,0.0,0.0,16
5,tv_l_sup,941,0.0,0.0,16
5,tv_l_pul,941,0.004250797024442083,0.0650594170670094,16
5,tv_l_ove,488,0.045081967213114756,0.20748393539093674,16
5,fr_antfa,692,0.12138728323699421,0.32657680674741124,16
5,fr_tvs_a,246,0.056910569105691054,0.23167165607764237,16
5,fr_viaje,13,0.0,0.0,16
5,fr_estro,17,0.058823529411764705,0.23529411764705885,16
5,fr_varic,33,0.21212121212121213,0.40881022918884974,16
5,fr_antec,1,0.0,0.0,16
5,ana_dime,189,1.6031746031746033,0.5784402272472571,16
5,ana_crea,46,0.8478260869565217,0.35918938351865887,16
5,ana_trop,855,0.8584795321637427,0.3485576351475666,16
5,tension_,67,132.26865671641792,21.244547739204766,16
5,ana_hemo,1,15.8,0.0,16
5,ana_plaq,2,108.0,2.0,16
5,ana_leuc,12,9.405,3.0860965096164223,16
5,ana_neu,1058,6.934530245746692,3.031639360359014,16
5,protcrea,1320,42.84723484848485,53.650467958133085,16
5,splanchnic,468,0.019230769230769232,0.13733516208736252,16
1,raza,436,2.88302752293578,0.6152392010200959,17
1,ant_inf,28,0.0,0.0,17
1,ant_isq,29,0.06896551724137931,0.2533954906327425,17
1,ant_clau,29,0.0,0.0,17
1,fum_act,35,0.2857142857142857,0.45175395145262565,17
1,diabetes,27,0.07407407407407407,0.2618914004394621,17
1,hip_art,28,0.35714285714285715,0.47915742374995496,17
1,insf_car,5,0.0,0.0,17
1,fibr_aur,181,0.0055248618784530384,0.07412380035910908,17
1,trat_est,31,0.0967741935483871,0.29565004483586066,17
1,var171,21,0.047619047619047616,0.21295885499998,17
1,tv_l_esu,359,0.019498607242339833,0.1382693442450235,17
1,tvp_orig,1292,0.24226006191950464,0.4284508423591467,17
1,tv_l_ein,278,0.7194244604316546,0.4492804315394531,17
1,tvp_prox,562,0.8540925266903915,0.3530134311071102,17
1,tv_l_svc,478,0.006276150627615063,0.07897316354885721,17
1,tv_l_vre,492,0.008130081300813009,0.08979968306656308,17
1,tv_l_vrn,487,0.002053388090349076,0.045267777587368795,17
1,tv_l_vca,930,0.07204301075268817,0.2585591138489924,17
1,tv_l_yug,939,0.021299254526091587,0.1443800411508611,17
1,tv_l_ova,941,0.0021253985122210413,0.04605302588739735,17
1,tv_l_sup,941,0.0,0.0,17
1,tv_l_pul,941,0.010626992561105207,0.10253808848526201,17
1,tv_l_ove,488,0.036885245901639344,0.188480037501097,17
1,fr_antfa,692,0.13005780346820808,0.3363670186347542,17
1,fr_tvs_a,246,0.052845528455284556,0.22372500659865063,17
1,fr_viaje,13,0.07692307692307693,0.26646935501059654,17
1,fr_estro,17,0.058823529411764705,0.23529411764705885,17
1,fr_varic,33,0.12121212121212122,0.3263736246748184,17
1,fr_antec,1,0.0,0.0,17
1,ana_dime,189,1.5396825396825398,0.5862281051625203,17
1,ana_crea,46,0.8695652173913043,0.33678116053977547,17
1,ana_trop,855,0.8514619883040936,0.35563249398407504,17
1,tension_,67,128.86567164179104,20.46175575138884,17
1,ana_hemo,1,13.2,0.0,17
1,ana_plaq,2,212.5,73.5,17
1,ana_leuc,12,8.435,1.9435898915837846,17
1,ana_neu,1058,6.592508506616258,2.90473536310983,17
1,protcrea,1320,83.44398484848485,56.113477336714325,17
1,splanchnic,468,0.014957264957264958,0.12138181569849386,17
2,raza,436,2.938073394495413,0.5098299357830878,17
2,ant_inf,28,0.0,0.0,17
2,ant_isq,29,0.034482758620689655,0.18246560765962697,17
2,ant_clau,29,0.0,0.0,17
2,fum_act,35,0.3142857142857143,0.46423076597919777,17
2,diabetes,27,0.1111111111111111,0.3142696805273545,17
2,hip_art,28,0.39285714285714285,0.48838551182776224,17
2,insf_car,5,0.0,0.0,17
2,fibr_aur,181,0.011049723756906077,0.10453529242223483,17
2,trat_est,31,0.1935483870967742,0.39507899077148034,17
2,var171,21,0.047619047619047616,0.21295885499998,17
2,tv_l_esu,359,0.022284122562674095,0.14760603119210888,17
2,tvp_orig,1292,0.20975232198142416,0.4071317789178648,17
2,tv_l_ein,278,0.737410071942446,0.4400414273000698,17
2,tvp_prox,562,0.891459074733096,0.31106236160793915,17
2,tv_l_svc,478,0.02092050209205021,0.1431182541965445,17
2,tv_l_vre,492,0.006097560975609756,0.07784844716343722,17
2,tv_l_vrn,487,0.012320328542094456,0.11031109666171082,17
2,tv_l_vca,930,0.06989247311827956,0.2549657140081587,17
2,tv_l_yug,939,0.010649627263045794,0.10264605546344187,17
2,tv_l_ova,941,0.0021253985122210413,0.04605302588739735,17
2,tv_l_sup,941,0.0,0.0,17
2,tv_l_pul,941,0.0021253985122210413,0.046053025887397354,17
2,tv_l_ove,488,0.01639344262295082,0.12698306053139075,17
2,fr_antfa,692,0.11127167630057803,0.31446826605213674,17
2,fr_tvs_a,246,0.036585365853658534,0.18774151607732506,17
2,fr_viaje,13,0.15384615384615385,0.36080121229410994,17
2,fr_estro,17,0.17647058823529413,0.3812200410828153,17
2,fr_varic,33,0.030303030303030304,0.17141982574219336,17
2,fr_antec,1,0.0,0.0,17
2,ana_dime,189,1.5767195767195767,0.5825394422578305,17
2,ana_crea,46,0.8478260869565217,0.3591893835186588,17
2,ana_trop,855,0.8315789473684211,0.37423976493960376,17
2,tension_,67,131.6417910447761,21.727416817658696,17
2,ana_hemo,1,14.0,0.0,17
2,ana_plaq,2,225.0,19.0,17
2,ana_leuc,12,7.995833333333334,2.5259930665427848,17
2,ana_neu,1058,6.680153119092626,3.038095845732799,17
2,protcrea,1320,54.037053030303035,53.90450065285413,17
2,splanchnic,468,0.021367521367521368,0.14460619073238146,17
3,raza,436,2.926605504587156,0.549502227096832,17
3,ant_inf,28,0.07142857142857142,0.2575393768188564,17
3,ant_isq,29,0.034482758620689655,0.18246560765962697,17
3,ant_clau,29,0.0,0.0,17
3,fum_act,35,0.2857142857142857,0.45175395145262565,17
3,diabetes,27,0.07407407407407407,0.2618914004394621,17
3,hip_art,28,0.25,0.4330127018922193,17
3,insf_car,5,0.4,0.48989794855663565,17
3,fibr_aur,181,0.03314917127071823,0.1790259861438635,17
3,trat_est,31,0.06451612903225806,0.2456701001891583,17
3,var171,21,0.047619047619047616,0.21295885499998,17
3,tv_l_esu,359,0.016713091922005572,0.12819424511424904,17
3,tvp_orig,1292,0.15092879256965944,0.35797945771108736,17
3,tv_l_ein,278,0.7410071942446043,0.43808165029175045,17
3,tvp_prox,562,0.8309608540925267,0.3747864899624121,17
3,tv_l_svc,478,0.010460251046025104,0.10173904950450066,17
3,tv_l_vre,492,0.0040650406504065045,0.06362795057926232,17
3,tv_l_vrn,487,0.002053388090349076,0.045267777587368795,17
3,tv_l_vca,930,0.04946236559139785,0.21683136300245118,17
3,tv_l_yug,939,0.01597444089456869,0.12537646562523058,17
3,tv_l_ova,941,0.011689691817215728,0.10748508232510337,17
3,tv_l_sup,941,0.0,0.0,17
3,tv_l_pul,941,0.004250797024442083,0.06505941706700942,17
3,tv_l_ove,488,0.0389344262295082,0.19343871557598594,17
3,fr_antfa,692,0.1199421965317919,0.3248939304187151,17
3,fr_tvs_a,246,0.036585365853658534,0.18774151607732503,17
3,fr_viaje,13,0.0,0.0,17
3,fr_estro,17,0.0,0.0,17
3,fr_varic,33,0.09090909090909091,0.28747978728803447,17
3,fr_antec,1,0.0,0.0,17
3,ana_dime,189,1.6455026455026456,0.540667220796485,17
3,ana_crea,46,0.9130434782608695,0.2817713347133852,17
3,ana_trop,855,0.8631578947368421,0.3436805835224107,17
3,tension_,67,130.32835820895522,18.846107369326006,17
3,ana_hemo,1,12.6,0.0,17
3,ana_plaq,2,252.5,47.5,17
3,ana_leuc,12,8.796666666666667,3.630746785748384,17
3,ana_neu,1058,6.6201531190926275,3.083180994461317,17
3,protcrea,1320,47.419500000000006,51.62377033585783,17
3,splanchnic,468,0.029914529914529916,0.17035155066662178,17
4,raza,436,2.8944954128440368,0.5965243156429334,17
4,ant_inf,28,0.0,0.0,17
4,ant_isq,29,0.0,0.0,17
4,ant_clau,29,0.0,0.0,17
4,fum_act,35,0.2857142857142857,0.45175395145262565,17
4,diabetes,27,0.0,0.0,17
4,hip_art,28,0.35714285714285715,0.47915742374995496,17
4,insf_car,5,0.0,0.0,17
4,fibr_aur,181,0.011049723756906077,0.10453529242223483,17
4,trat_est,31,0.16129032258064516,0.3677985242255284,17
4,var171,21,0.047619047619047616,0.21295885499998,17
4,tv_l_esu,359,0.013927576601671309,0.11719043993293943,17
4,tvp_orig,1292,0.1996904024767802,0.39976761454055,17
4,tv_l_ein,278,0.7805755395683454,0.4138566981407114,17
4,tvp_prox,562,0.905693950177936,0.29225403126222643,17
4,tv_l_svc,478,0.01882845188284519,0.13591887757975554,17
4,tv_l_vre,492,0.008130081300813009,0.08979968306656308,17
4,tv_l_vrn,487,0.008213552361396304,0.09025569189254995,17
4,tv_l_vca,930,0.0989247311827957,0.2985609296997973,17
4,tv_l_yug,939,0.022364217252396165,0.14786500275279407,17
4,tv_l_ova,941,0.0021253985122210413,0.04605302588739735,17
4,tv_l_sup,941,0.003188097768331562,0.056373165610520054,17
4,tv_l_pul,941,0.0,0.0,17
4,tv_l_ove,488,0.036885245901639344,0.18848003750109701,17
4,fr_antfa,692,0.1416184971098266,0.3486584265239844,17
4,fr_tvs_a,246,0.052845528455284556,0.2237250065986506,17
4,fr_viaje,13,0.0,0.0,17
4,fr_estro,17,0.11764705882352941,0.32218973970892123,17
4,fr_varic,33,0.12121212121212122,0.3263736246748184,17
4,fr_antec,1,0.0,0.0,17
4,ana_dime,189,1.529100529100529,0.5777622727923258,17
4,ana_crea,46,0.9565217391304348,0.20393111999232305,17
4,ana_trop,855,0.8666666666666667,0.339934634239519,17
4,tension_,67,133.2089552238806,18.012050123589802,17
4,ana_hemo,1,14.0,0.0,17
4,ana_plaq,2,226.5,26.5,17
4,ana_leuc,12,9.1225,4.091898754449659,17
4,ana_neu,1058,6.459274102079395,2.978328521051765,17
4,protcrea,1320,37.27782575757576,45.11125142238777,17
4,splanchnic,468,0.014957264957264958,0.12138181569849386,17
5,raza,436,2.8509174311926606,0.6519371857010637,17
5,ant_inf,28,0.03571428571428571,0.1855768722395226,17
5,ant_isq,29,0.0,0.0,17
5,ant_clau,29,0.0,0.0,17
5,fum_act,35,0.34285714285714286,0.4746642207381757,17
5,diabetes,27,0.07407407407407407,0.2618914004394621,17
5,hip_art,28,0.39285714285714285,0.48838551182776224,17
5,insf_car,5,0.0,0.0,17
5,fibr_aur,181,0.0055248618784530384,0.07412380035910905,17
5,trat_est,31,0.16129032258064516,0.3677985242255284,17
5,var171,21,0.09523809523809523,0.2935435239509036,17
5,tv_l_esu,359,0.002785515320334262,0.05270442319895404,17
5,tvp_orig,1292,0.34055727554179566,0.47389663178518704,17
5,tv_l_ein,278,0.7697841726618705,0.4209709018223825,17
5,tvp_prox,562,0.8932384341637011,0.30880986690272794,17
5,tv_l_svc,478,0.0020920502092050207,0.04569106625071454,17
5,tv_l_vre,492,0.006097560975609756,0.07784844716343724,17
5,tv_l_vrn,487,0.006160164271047228,0.07824459500311148,17
5,tv_l_vca,930,0.05806451612903226,0.23386540594054012,17
5,tv_l_yug,939,0.01810436634717785,0.1333289100920915,17
5,tv_l_ova,941,0.020191285866099893,0.14065417818597967,17
5,tv_l_sup,941,0.0010626992561105207,0.03258174222477342,17
5,tv_l_pul,941,0.003188097768331562,0.05637316561052006,17
5,tv_l_ove,488,0.045081967213114756,0.20748393539093674,17
5,fr_antfa,692,0.14595375722543352,0.3530598504180456,17
5,fr_tvs_a,246,0.056910569105691054,0.23167165607764234,17
5,fr_viaje,13,0.07692307692307693,0.26646935501059654,17
5,fr_estro,17,0.058823529411764705,0.23529411764705885,17
5,fr_varic,33,0.24242424242424243,0.42854956435548336,17
5,fr_antec,1,0.0,0.0,17
5,ana_dime,189,1.6455026455026456,0.5104654855107867,17
5,ana_crea,46,0.8478260869565217,0.3591893835186588,17
5,ana_trop,855,0.8900584795321638,0.3128168514403541,17
5,tension_,67,128.8507462686567,20.7034885886797,17
5,ana_hemo,1,13.0,0.0,17
5,ana_plaq,2,199.5,5.5,17
5,ana_leuc,12,9.228333333333332,3.368050458186291,17
5,ana_neu,1058,5.88555293005671,2.874400024769847,17
5,protcrea,1320,81.0032196969697,57.32149724868081,17
5,splanchnic,468,0.027777777777777776,0.16433554953054486,17
1,raza,436,2.9174311926605503,0.5646861654485934,18
1,ant_inf,28,0.03571428571428571,0.1855768722395226,18
1,ant_isq,29,0.06896551724137931,0.2533954906327426,18
1,ant_clau,29,0.034482758620689655,0.18246560765962697,18
1,fum_act,35,0.37142857142857144,0.4831867007225075,18
1,diabetes,27,0.037037037037037035,0.18885257457751053,18
1,hip_art,28,0.17857142857142858,0.3829930462415574,18
1,insf_car,5,0.0,0.0,18
1,fibr_aur,181,0.027624309392265192,0.16389388921758372,18
1,trat_est,31,0.0,0.0,18
1,var171,21,0.0,0.0,18
1,tv_l_esu,359,0.013927576601671309,0.11719043993293944,18
1,tvp_orig,1292,0.17414860681114552,0.3792372206902726,18
1,tv_l_ein,278,0.7769784172661871,0.4162726947191203,18
1,tvp_prox,562,0.896797153024911,0.30422363378167283,18
1,tv_l_svc,478,0.0041841004184100415,0.06454915740812346,18
1,tv_l_vre,492,0.006097560975609756,0.07784844716343724,18
1,tv_l_vrn,487,0.008213552361396304,0.09025569189254995,18
1,tv_l_vca,930,0.05806451612903226,0.23386540594054012,18
1,tv_l_yug,939,0.013844515441959531,0.11684538858738447,18
1,tv_l_ova,941,0.007438894792773645,0.0859276302305358,18
1,tv_l_sup,941,0.0021253985122210413,0.04605302588739735,18
1,tv_l_pul,941,0.005313496280552604,0.07269981456530106,18
1,tv_l_ove,488,0.030737704918032786,0.17260619460032348,18
1,fr_antfa,692,0.157514450867052,0.36428511997486673,18
1,fr_tvs_a,246,0.06504065040650407,0.24659757541631055,18
1,fr_viaje,13,0.07692307692307693,0.26646935501059654,18
1,fr_estro,17,0.0,0.0,18
1,fr_varic,33,0.21212121212121213,0.40881022918884974,18
1,fr_antec,1,0.0,0.0,18
1,ana_dime,189,1.619047619047619,0.5661128412738731,18
1,ana_crea,46,0.8478260869565217,0.35918938351865887,18
1,ana_trop,855,0.8573099415204678,0.3497564948512606,18
1,tension_,67,131.62686567164178,21.967979289333435,18
1,ana_hemo,1,12.1,0.0,18
1,ana_plaq,2,319.0,55.0,18
1,ana_leuc,12,7.890833333333333,2.375231421473612,18
1,ana_neu,1058,6.51742438563327,2.9781535186065087,18
1,protcrea,1320,38.09043181818181,51.6476956690189,18
1,splanchnic,468,0.021367521367521368,0.14460619073238146,18
2,raza,436,2.889908256880734,0.6071356957477381,18
2,ant_inf,28,0.0,0.0,18
2,ant_isq,29,0.0,0.0,18
2,ant_clau,29,0.0,0.0,18
2,fum_act,35,0.34285714285714286,0.47466422073817577,18
2,diabetes,27,0.037037037037037035,0.18885257457751053,18
2,hip_art,28,0.21428571428571427,0.410325903324145,18
2,insf_car,5,0.0,0.0,18
2,fibr_aur,181,0.011049723756906077,0.10453529242223482,18
2,trat_est,31,0.0967741935483871,0.29565004483586066,18
2,var171,21,0.047619047619047616,0.21295885499997996,18
2,tv_l_esu,359,0.016713091922005572,0.12819424511424904,18
2,tvp_orig,1292,0.21284829721362228,0.4093212669613977,18
2,tv_l_ein,278,0.7482014388489209,0.4340461332085858,18
2,tvp_prox,562,0.895017793594306,0.3065304923557952,18
2,tv_l_svc,478,0.012552301255230125,0.11133167109330601,18
2,tv_l_vre,492,0.012195121951219513,0.10975609756097561,18
2,tv_l_vrn,487,0.002053388090349076,0.045267777587368795,18
2,tv_l_vca,930,0.04946236559139785,0.2168313630024512,18
2,tv_l_yug,939,0.009584664536741214,0.09743099477301538,18
2,tv_l_ova,941,0.0010626992561105207,0.03258174222477342,18
2,tv_l_sup,941,0.0021253985122210413,0.04605302588739734,18
2,tv_l_pul,941,0.006376195536663124,0.07959610334144103,18
2,tv_l_ove,488,0.036885245901639344,0.188480037501097,18
2,fr_antfa,692,0.13728323699421965,0.3441461169831916,18
2,fr_tvs_a,246,0.06910569105691057,0.2536337803220569,18
2,fr_viaje,13,0.0,0.0,18
2,fr_estro,17,0.11764705882352941,0.32218973970892123,18
2,fr_varic,33,0.18181818181818182,0.385694607919935,18
2,fr_antec,1,0.0,0.0,18
2,ana_dime,189,1.7195767195767195,0.4832515866150451,18
2,ana_crea,46,0.9347826086956522,0.24690905851305534,18
2,ana_trop,855,0.839766081871345,0.3668228586249696,18
2,tension_,67,135.80597014925374,26.73375573503659,18
2,ana_hemo,1,13.0,0.0,18
2,ana_plaq,2,159.5,25.5,18
2,ana_leuc,12,7.497500000000001,2.8145725696808745,18
2,ana_neu,1058,6.627529300567108,3.0573148373592374,18
2,protcrea,1320,46.07243181818182,53.491150092823084,18
2,splanchnic,468,0.019230769230769232,0.1373351620873625,18
3,raza,436,2.926605504587156,0.5282205200177902,18
3,ant_inf,28,0.07142857142857142,0.25753937681885636,18
3,ant_isq,29,0.034482758620689655,0.18246560765962697,18
3,ant_clau,29,0.0,0.0,18
3,fum_act,35,0.22857142857142856,0.4199125273342591,18
3,diabetes,27,0.037037037037037035,0.18885257457751053,18
3,hip_art,28,0.35714285714285715,0.47915742374995496,18
3,insf_car,5,0.0,0.0,18
3,fibr_aur,181,0.011049723756906077,0.10453529242223483,18
3,trat_est,31,0.0967741935483871,0.29565004483586066,18
3,var171,21,0.0,0.0,18
3,tv_l_esu,359,0.013927576601671309,0.11719043993293943,18
3,tvp_orig,1292,0.17956656346749225,0.3838260188574601,18
3,tv_l_ein,278,0.8057553956834532,0.3956180456076984,18
3,tvp_prox,562,0.8434163701067615,0.3634077554795656,18
3,tv_l_svc,478,0.01882845188284519,0.13591887757975557,18
3,tv_l_vre,492,0.01016260162601626,0.1002961771664661,18
3,tv_l_vrn,487,0.008213552361396304,0.09025569189254995,18
3,tv_l_vca,930,0.046236559139784944,0.2099969993564149,18
3,tv_l_yug,939,0.009584664536741214,0.09743099477301538,18
3,tv_l_ova,941,0.0021253985122210413,0.04605302588739735,18
3,tv_l_sup,941,0.0021253985122210413,0.046053025887397354,18
3,tv_l_pul,941,0.006376195536663124,0.07959610334144104,18
3,tv_l_ove,488,0.022540983606557378,0.1484347926350365,18
3,fr_antfa,692,0.12716763005780346,0.3331606578263483,18
3,fr_tvs_a,246,0.06504065040650407,0.24659757541631055,18
3,fr_viaje,13,0.0,0.0,18
3,fr_estro,17,0.058823529411764705,0.23529411764705885,18
3,fr_varic,33,0.12121212121212122,0.3263736246748184,18
3,fr_antec,1,0.0,0.0,18
3,ana_dime,189,1.5185185185185186,0.5962190623353006,18
3,ana_crea,46,0.8695652173913043,0.33678116053977547,18
3,ana_trop,855,0.8502923976608188,0.3567845794608209,18
3,tension_,67,138.11940298507463,23.742098379555014,18
3,ana_hemo,1,15.2,0.0,18
3,ana_plaq,2,268.0,43.0,18
3,ana_leuc,12,7.793333333333334,2.513279177135366,18
3,ana_neu,1058,6.56510775047259,3.032127061912275,18
3,protcrea,1320,49.00244696969697,55.07262577033723,18
3,splanchnic,468,0.017094017094017096,0.12962180246241967,18
4,raza,436,2.9243119266055047,0.4801144110062946,18
4,ant_inf,28,0.0,0.0,18
4,ant_isq,29,0.0,0.0,18
4,ant_clau,29,0.0,0.0,18
4,fum_act,35,0.3142857142857143,0.4642307659791977,18
4,diabetes,27,0.1111111111111111,0.3142696805273545,18
4,hip_art,28,0.35714285714285715,0.47915742374995496,18
4,insf_car,5,0.0,0.0,18
4,fibr_aur,181,0.027624309392265192,0.16389388921758372,18
4,trat_est,31,0.12903225806451613,0.3352356401746214,18
4,var171,21,0.047619047619047616,0.21295885499998,18
4,tv_l_esu,359,0.013927576601671309,0.11719043993293943,18
4,tvp_orig,1292,0.3157894736842105,0.464829519280413,18
4,tv_l_ein,278,0.7122302158273381,0.4527232438144539,18
4,tvp_prox,562,0.8879003558718861,0.31548900759687987,18
4,tv_l_svc,478,0.008368200836820083,0.0910943140463483,18
4,tv_l_vre,492,0.012195121951219513,0.1097560975609756,18
4,tv_l_vrn,487,0.008213552361396304,0.09025569189254995,18
4,tv_l_vca,930,0.046236559139784944,0.20999699935641486,18
4,tv_l_yug,939,0.01597444089456869,0.12537646562523055,18
4,tv_l_ova,941,0.005313496280552604,0.07269981456530107,18
4,tv_l_sup,941,0.0,0.0,18
4,tv_l_pul,941,0.0021253985122210413,0.046053025887397354,18
4,tv_l_ove,488,0.030737704918032786,0.17260619460032345,18
4,fr_antfa,692,0.13005780346820808,0.33636701863475416,18
4,fr_tvs_a,246,0.04065040650406504,0.197478988642132,18
4,fr_viaje,13,0.0,0.0,18
4,fr_estro,17,0.0,0.0,18
4,fr_varic,33,0.15151515151515152,0.35855028988482524,18
4,fr_antec,1,0.0,0.0,18
4,ana_dime,189,1.6507936507936507,0.5678902799999467,18
4,ana_crea,46,0.8695652173913043,0.33678116053977547,18
4,ana_trop,855,0.8631578947368421,0.3436805835224107,18
4,tension_,67,135.53731343283582,23.57163002501287,18
4,ana_hemo,1,15.1,0.0,18
4,ana_plaq,2,225.5,51.5,18
4,ana_leuc,12,7.9975,2.6038693163572297,18
4,ana_neu,1058,6.798830812854443,3.0807142208126197,18
4,protcrea,1320,41.60928030303031,51.06488574869712,18
4,splanchnic,468,0.03205128205128205,0.17613630338505235,18
5,raza,436,2.878440366972477,0.6363552673313986,18
5,ant_inf,28,0.0,0.0,18
5,ant_isq,29,0.0,0.0,18
5,ant_clau,29,0.0,0.0,18
5,fum_act,35,0.34285714285714286,0.4746642207381757,18
5,diabetes,27,0.07407407407407407,0.2618914004394621,18
5,hip_art,28,0.39285714285714285,0.48838551182776224,18
5,insf_car,5,0.2,0.4,18
5,fibr_aur,181,0.0,0.0,18
5,trat_est,31,0.12903225806451613,0.3352356401746214,18
5,var171,21,0.14285714285714285,0.3499271061118826,18
5,tv_l_esu,359,0.025069637883008356,0.1563366596145101,18
5,tvp_orig,1292,0.19504643962848298,0.3962364521554466,18
5,tv_l_ein,278,0.7805755395683454,0.4138566981407114,18
5,tvp_prox,562,0.8896797153024911,0.3132885562572778,18
5,tv_l_svc,478,0.0041841004184100415,0.06454915740812348,18
5,tv_l_vre,492,0.0040650406504065045,0.06362795057926232,18
5,tv_l_vrn,487,0.002053388090349076,0.045267777587368795,18
5,tv_l_vca,930,0.05806451612903226,0.23386540594054012,18
5,tv_l_yug,939,0.010649627263045794,0.10264605546344187,18
5,tv_l_ova,941,0.007438894792773645,0.08592763023053579,18
5,tv_l_sup,941,0.0010626992561105207,0.032581742224773426,18
5,tv_l_pul,941,0.005313496280552604,0.07269981456530106,18
5,tv_l_ove,488,0.030737704918032786,0.17260619460032348,18
5,fr_antfa,692,0.12138728323699421,0.32657680674741124,18
5,fr_tvs_a,246,0.032520325203252036,0.1773774327583043,18
5,fr_viaje,13,0.0,0.0,18
5,fr_estro,17,0.0,0.0,18
5,fr_varic,33,0.15151515151515152,0.35855028988482524,18
5,fr_antec,1,0.0,0.0,18
5,ana_dime,189,1.5925925925925926,0.5425280312638556,18
5,ana_crea,46,0.9130434782608695,0.2817713347133852,18
5,ana_trop,855,0.8678362573099415,0.3386686991858186,18
5,tension_,67,129.98507462686567,20.46146180076784,18
5,ana_hemo,1,14.7,0.0,18
5,ana_plaq,2,228.0,9.0,18
5,ana_leuc,12,7.620833333333333,2.519902307409731,18
5,ana_neu,1058,6.6054224952741025,3.0832121256051845,18
5,protcrea,1320,46.659090909090914,50.23462132462133,18
5,splanchnic,468,0.023504273504273504,0.1514985895357109,18
1,raza,436,2.8876146788990824,0.6271625326447182,19
1,ant_inf,28,0.03571428571428571,0.1855768722395226,19
1,ant_isq,29,0.034482758620689655,0.18246560765962697,19
1,ant_clau,29,0.0,0.0,19
1,fum_act,35,0.2571428571428571,0.4370588154508102,19
1,diabetes,27,0.1111111111111111,0.3142696805273545,19
1,hip_art,28,0.32142857142857145,0.46702488680792925,19
1,insf_car,5,0.0,0.0,19
1,fibr_aur,181,0.011049723756906077,0.1045352924222348,19
1,trat_est,31,0.12903225806451613,0.3352356401746214,19
1,var171,21,0.047619047619047616,0.21295885499998,19
1,tv_l_esu,359,0.008356545961002786,0.09103139074299828,19
1,tvp_orig,1292,0.13622291021671826,0.34302511416630443,19
1,tv_l_ein,278,0.7877697841726619,0.40888696643109035,19
1,tvp_prox,562,0.8985765124555161,0.30188866112989055,19
1,tv_l_svc,478,0.010460251046025104,0.10173904950450066,19
1,tv_l_vre,492,0.008130081300813009,0.08979968306656308,19
1,tv_l_vrn,487,0.006160164271047228,0.07824459500311148,19
1,tv_l_vca,930,0.05698924731182796,0.23182207186258014,19
1,tv_l_yug,939,0.022364217252396165,0.14786500275279407,19
1,tv_l_ova,941,0.003188097768331562,0.056373165610520054,19
1,tv_l_sup,941,0.0,0.0,19
1,tv_l_pul,941,0.0010626992561105207,0.03258174222477342,19
1,tv_l_ove,488,0.0430327868852459,0.2029309393319188,19
1,fr_antfa,692,0.13005780346820808,0.33636701863475416,19
1,fr_tvs_a,246,0.06097560975609756,0.23928557158961683,19
1,fr_viaje,13,0.07692307692307693,0.26646935501059654,19
1,fr_estro,17,0.058823529411764705,0.23529411764705885,19
1,fr_varic,33,0.21212121212121213,0.40881022918884974,19
1,fr_antec,1,1.0,0.0,19
1,ana_dime,189,1.6402116402116402,0.5322130671631564,19
1,ana_crea,46,0.8913043478260869,0.3112569796364425,19
1,ana_trop,855,0.8818713450292398,0.32276040005793666,19
1,tension_,67,129.0,19.544820285692065,19
1,ana_hemo,1,15.5,0.0,19
1,ana_plaq,2,219.0,31.0,19
1,ana_leuc,12,8.337499999999999,2.721596115639987,19
1,ana_neu,1058,6.834015122873346,3.0406127242550527,19
1,protcrea,1320,53.9227196969697,53.80756719014,19
1,splanchnic,468,0.019230769230769232,0.1373351620873625,19
2,raza,436,2.9288990825688073,0.48081513250992275,19
2,ant_inf,28,0.03571428571428571,0.1855768722395226,19
2,ant_isq,29,0.034482758620689655,0.18246560765962697,19
2,ant_clau,29,0.0,0.0,19
2,fum_act,35,0.2571428571428571,0.4370588154508102,19
2,diabetes,27,0.14814814814814814,0.3552467795046459,19
2,hip_art,28,0.21428571428571427,0.41032590332414487,19
2,insf_car,5,0.0,0.0,19
2,fibr_aur,181,0.011049723756906077,0.10453529242223483,19
2,trat_est,31,0.22580645161290322,0.4181123031230877,19
2,var171,21,0.0,0.0,19
2,tv_l_esu,359,0.005571030640668524,0.07443113769296596,19
2,tvp_orig,1292,0.20588235294117646,0.40434491426080943,19
2,tv_l_ein,278,0.8057553956834532,0.3956180456076984,19
2,tvp_prox,562,0.8825622775800712,0.3219411495487158,19
2,tv_l_svc,478,0.0020920502092050207,0.04569106625071455,19
2,tv_l_vre,492,0.014227642276422764,0.11842810676387978,19
2,tv_l_vrn,487,0.002053388090349076,0.045267777587368795,19
2,tv_l_vca,930,0.05591397849462366,0.22975553421740771,19
2,tv_l_yug,939,0.01597444089456869,0.12537646562523055,19
2,tv_l_ova,941,0.003188097768331562,0.05637316561052006,19
2,tv_l_sup,941,0.0010626992561105207,0.032581742224773426,19
2,tv_l_pul,941,0.0,0.0,19
2,tv_l_ove,488,0.02663934426229508,0.16102698407276342,19
2,fr_antfa,692,0.13728323699421965,0.3441461169831916,19
2,fr_tvs_a,246,0.052845528455284556,0.22372500659865066,19
2,fr_viaje,13,0.0,0.0,19
2,fr_estro,17,0.0,0.0,19
2,fr_varic,33,0.24242424242424243,0.4285495643554833,19
2,fr_antec,1,0.0,0.0,19
2,ana_dime,189,1.5449735449735449,0.5948087810991178,19
2,ana_crea,46,0.8478260869565217,0.3591893835186588,19
2,ana_trop,855,0.8619883040935673,0.3449122608714615,19
2,tension_,67,132.80597014925374,20.396984563476316,19
2,ana_hemo,1,14.4,0.0,19
2,ana_plaq,2,237.0,64.0,19
2,ana_leuc,12,8.2175,2.6468160904503106,19
2,ana_neu,1058,6.491815689981097,2.9159919622445476,19
2,protcrea,1320,47.57475757575757,56.97562330108632,19
2,splanchnic,468,0.014957264957264958,0.12138181569849386,19
3,raza,436,2.908256880733945,0.6466751152274923,19
3,ant_inf,28,0.0,0.0,19
3,ant_isq,29,0.10344827586206896,0.3045434781492361,19
3,ant_clau,29,0.0,0.0,19
3,fum_act,35,0.3142857142857143,0.46423076597919777,19
3,diabetes,27,0.07407407407407407,0.2618914004394621,19
3,hip_art,28,0.35714285714285715,0.47915742374995496,19
3,insf_car,5,0.0,0.0,19
3,fibr_aur,181,0.011049723756906077,0.10453529242223483,19
3,trat_est,31,0.0967741935483871,0.29565004483586066,19
3,var171,21,0.0,0.0,19
3,tv_l_esu,359,0.002785515320334262,0.05270442319895404,19
3,tvp_orig,1292,0.23452012383900928,0.4236985194139165,19
3,tv_l_ein,278,0.7841726618705036,0.41139506346750493,19
3,tvp_prox,562,0.902135231316726,0.297131714453108,19
3,tv_l_svc,478,0.006276150627615063,0.07897316354885721,19
3,tv_l_vre,492,0.0040650406504065045,0.06362795057926234,19
3,tv_l_vrn,487,0.008213552361396304,0.09025569189254995,19
3,tv_l_vca,930,0.05913978494623656,0.23588613944602482,19
3,tv_l_yug,939,0.008519701810436636,0.09190819599740753,19
3,tv_l_ova,941,0.006376195536663124,0.07959610334144104,19
3,tv_l_sup,941,0.0,0.0,19
3,tv_l_pul,941,0.006376195536663124,0.07959610334144103,19
3,tv_l_ove,488,0.03278688524590164,0.17807836870820026,19
3,fr_antfa,692,0.16473988439306358,0.3709456225422045,19
3,fr_tvs_a,246,0.056910569105691054,0.2316716560776424,19
3,fr_viaje,13,0.07692307692307693,0.26646935501059654,19
3,fr_estro,17,0.0,0.0,19
3,fr_varic,33,0.24242424242424243,0.42854956435548336,19
3,fr_antec,1,0.0,0.0,19
3,ana_dime,189,1.5132275132275133,0.5874207420000687,19
3,ana_crea,46,0.9347826086956522,0.24690905851305534,19
3,ana_trop,855,0.856140350877193,0.3509473614049119,19
3,tension_,67,130.6417910447761,18.50510336430202,19
3,ana_hemo,1,14.0,0.0,19
3,ana_plaq,2,176.5,40.5,19
3,ana_leuc,12,8.434166666666666,2.4637859022695587,19
3,ana_neu,1058,6.620851606805293,3.121780657605326,19
3,protcrea,1320,47.99870454545455,55.59742157393886,19
3,splanchnic,468,0.010683760683760684,0.10280864721127701,19
4,raza,436,2.8807339449541285,0.6277200720446497,19
4,ant_inf,28,0.03571428571428571,0.1855768722395226,19
4,ant_isq,29,0.0,0.0,19
4,ant_clau,29,0.0,0.0,19
4,fum_act,35,0.3142857142857143,0.46423076597919777,19
4,diabetes,27,0.0,0.0,19
4,hip_art,28,0.2857142857142857,0.45175395145262565,19
4,insf_car,5,0.0,0.0,19
4,fibr_aur,181,0.011049723756906077,0.10453529242223483,19
4,trat_est,31,0.12903225806451613,0.3352356401746214,19
4,var171,21,0.09523809523809523,0.2935435239509036,19
4,tv_l_esu,359,0.002785515320334262,0.05270442319895404,19
4,tvp_orig,1292,0.25541795665634676,0.4360958886229533,19
4,tv_l_ein,278,0.8093525179856115,0.3928116846734093,19
4,tvp_prox,562,0.8576512455516014,0.3494074792493545,19
4,tv_l_svc,478,0.012552301255230125,0.11133167109330602,19
4,tv_l_vre,492,0.006097560975609756,0.07784844716343724,19
4,tv_l_vrn,487,0.01026694045174538,0.10080441649801705,19
4,tv_l_vca,930,0.07311827956989247,0.26033055287966395,19
4,tv_l_yug,939,0.005324813631522897,0.0727767819521614,19
4,tv_l_ova,941,0.005313496280552604,0.07269981456530106,19
4,tv_l_sup,941,0.0010626992561105207,0.032581742224773426,19
4,tv_l_pul,941,0.006376195536663124,0.07959610334144103,19
4,tv_l_ove,488,0.020491803278688523,0.1416752952249476,19
4,fr_antfa,692,0.13439306358381503,0.34107413863318875,19
4,fr_tvs_a,246,0.052845528455284556,0.22372500659865063,19
4,fr_viaje,13,0.0,0.0,19
4,fr_estro,17,0.0,0.0,19
4,fr_varic,33,0.18181818181818182,0.385694607919935,19
4,fr_antec,1,0.0,0.0,19
4,ana_dime,189,1.529100529100529,0.5868485788039062,19
4,ana_crea,46,0.8913043478260869,0.3112569796364425,19
4,ana_trop,855,0.8596491228070176,0.3473506995302339,19
4,tension_,67,134.65671641791045,20.744035099352374,19
4,ana_hemo,1,15.2,0.0,19
4,ana_plaq,2,162.5,90.5,19
4,ana_leuc,12,7.577500000000001,1.8638049120012536,19
4,ana_neu,1058,6.695740075614367,3.192911522730567,19
4,protcrea,1320,52.8963712121212,58.6678710167237,19
4,splanchnic,468,0.019230769230769232,0.1373351620873625,19
5,raza,436,2.878440366972477,0.6291054874453174,19
5,ant_inf,28,0.07142857142857142,0.2575393768188564,19
5,ant_isq,29,0.034482758620689655,0.18246560765962697,19
5,ant_clau,29,0.0,0.0,19
5,fum_act,35,0.14285714285714285,0.3499271061118826,19
5,diabetes,27,0.07407407407407407,0.2618914004394621,19
5,hip_art,28,0.35714285714285715,0.47915742374995496,19
5,insf_car,5,0.0,0.0,19
5,fibr_aur,181,0.016574585635359115,0.1276709393181364,19
5,trat_est,31,0.1935483870967742,0.3950789907714804,19
5,var171,21,0.047619047619047616,0.21295885499998,19
5,tv_l_esu,359,0.008356545961002786,0.09103139074299828,19
5,tvp_orig,1292,0.21594427244582043,0.4114758117358367,19
5,tv_l_ein,278,0.7805755395683454,0.4138566981407114,19
5,tvp_prox,562,0.896797153024911,0.3042236337816728,19
5,tv_l_svc,478,0.0020920502092050207,0.04569106625071455,19
5,tv_l_vre,492,0.014227642276422764,0.11842810676387978,19
5,tv_l_vrn,487,0.008213552361396304,0.09025569189254995,19
5,tv_l_vca,930,0.08064516129032258,0.27228940348603436,19
5,tv_l_yug,939,0.021299254526091587,0.1443800411508611,19
5,tv_l_ova,941,0.005313496280552604,0.07269981456530107,19
5,tv_l_sup,941,0.0,0.0,19
5,tv_l_pul,941,0.004250797024442083,0.06505941706700942,19
5,tv_l_ove,488,0.036885245901639344,0.18848003750109701,19
5,fr_antfa,692,0.1199421965317919,0.3248939304187151,19
5,fr_tvs_a,246,0.04065040650406504,0.19747898864213206,19
5,fr_viaje,13,0.0,0.0,19
5,fr_estro,17,0.058823529411764705,0.23529411764705885,19
5,fr_varic,33,0.18181818181818182,0.385694607919935,19
5,fr_antec,1,0.0,0.0,19
5,ana_dime,189,1.5767195767195767,0.544999228860025,19
5,ana_crea,46,0.8695652173913043,0.33678116053977536,19
5,ana_trop,855,0.839766081871345,0.3668228586249696,19
5,tension_,67,130.6417910447761,22.131696384413466,19
5,ana_hemo,1,14.6,0.0,19
5,ana_plaq,2,225.5,62.5,19
5,ana_leuc,12,8.206666666666665,0.90305346218015,19
5,ana_neu,1058,6.719200378071834,3.0841324111044273,19
5,protcrea,1320,53.48699242424242,58.72368786000016,19
5,splanchnic,468,0.019230769230769232,0.1373351620873625,19
1,raza,436,2.9311926605504586,0.6279714315517984,20
1,ant_inf,28,0.03571428571428571,0.1855768722395226,20
1,ant_isq,29,0.0,0.0,20
1,ant_clau,29,0.034482758620689655,0.18246560765962697,20
1,fum_act,35,0.3142857142857143,0.4642307659791978,20
1,diabetes,27,0.037037037037037035,0.18885257457751053,20
1,hip_art,28,0.35714285714285715,0.47915742374995496,20
1,insf_car,5,0.0,0.0,20
1,fibr_aur,181,0.011049723756906077,0.10453529242223483,20
1,trat_est,31,0.16129032258064516,0.3677985242255284,20
1,var171,21,0.09523809523809523,0.2935435239509036,20
1,tv_l_esu,359,0.011142061281337047,0.10496626006360317,20
1,tvp_orig,1292,0.24148606811145512,0.42798428361275703,20
1,tv_l_ein,278,0.7230215827338129,0.44750572469512057,20
1,tvp_prox,562,0.8469750889679716,0.36001151042108115,20
1,tv_l_svc,478,0.010460251046025104,0.10173904950450066,20
1,tv_l_vre,492,0.012195121951219513,0.1097560975609756,20
1,tv_l_vrn,487,0.006160164271047228,0.07824459500311148,20
1,tv_l_vca,930,0.08172043010752689,0.2739383167988146,20
1,tv_l_yug,939,0.013844515441959531,0.11684538858738447,20
1,tv_l_ova,941,0.010626992561105207,0.10253808848526201,20
1,tv_l_sup,941,0.004250797024442083,0.06505941706700942,20
1,tv_l_pul,941,0.007438894792773645,0.0859276302305358,20
1,tv_l_ove,488,0.036885245901639344,0.18848003750109701,20
1,fr_antfa,692,0.14450867052023122,0.35160477053746936,20
1,fr_tvs_a,246,0.044715447154471545,0.20667843607944986,20
1,fr_viaje,13,0.0,0.0,20
1,fr_estro,17,0.11764705882352941,0.32218973970892123,20
1,fr_varic,33,0.12121212121212122,0.3263736246748184,20
1,fr_antec,1,0.0,0.0,20
1,ana_dime,189,1.566137566137566,0.5747015808238949,20
1,ana_crea,46,0.9347826086956522,0.24690905851305534,20
1,ana_trop,855,0.8608187134502924,0.3461356035198861,20
1,tension_,67,133.02985074626866,22.68339530065512,20
1,ana_hemo,1,16.2,0.0,20
1,ana_plaq,2,200.0,0.0,20
1,ana_leuc,12,9.285833333333334,3.054522489504519,20
1,ana_neu,1058,6.5588137996219285,3.054138212878298,20
1,protcrea,1320,12.977772727272727,26.96719334689751,20
1,splanchnic,468,0.027777777777777776,0.16433554953054486,20
2,raza,436,2.8922018348623855,0.645971081521279,20
2,ant_inf,28,0.07142857142857142,0.25753937681885636,20
2,ant_isq,29,0.0,0.0,20
2,ant_clau,29,0.0,0.0,20
2,fum_act,35,0.34285714285714286,0.4746642207381757,20
2,diabetes,27,0.07407407407407407,0.2618914004394621,20
2,hip_art,28,0.32142857142857145,0.4670248868079293,20
2,insf_car,5,0.0,0.0,20
2,fibr_aur,181,0.027624309392265192,0.16389388921758372,20
2,trat_est,31,0.0967741935483871,0.29565004483586066,20
2,var171,21,0.047619047619047616,0.21295885499998,20
2,tv_l_esu,359,0.016713091922005572,0.12819424511424907,20
2,tvp_orig,1292,0.22213622291021673,0.415682236066685,20
2,tv_l_ein,278,0.7733812949640287,0.41864384333678034,20
2,tvp_prox,562,0.8665480427046264,0.34006254187929524,20
2,tv_l_svc,478,0.012552301255230125,0.11133167109330602,20
2,tv_l_vre,492,0.008130081300813009,0.08979968306656308,20
2,tv_l_vrn,487,0.006160164271047228,0.07824459500311147,20
2,tv_l_vca,930,0.05591397849462366,0.22975553421740771,20
2,tv_l_yug,939,0.005324813631522897,0.0727767819521614,20
2,tv_l_ova,941,0.0,0.0,20
2,tv_l_sup,941,0.0,0.0,20
2,tv_l_pul,941,0.0,0.0,20
2,tv_l_ove,488,0.0389344262295082,0.1934387155759859,20
2,fr_antfa,692,0.11849710982658959,0.32319583040214916,20
2,fr_tvs_a,246,0.032520325203252036,0.17737743275830428,20
2,fr_viaje,13,0.0,0.0,20
2,fr_estro,17,0.0,0.0,20
2,fr_varic,33,0.24242424242424243,0.42854956435548336,20
2,fr_antec,1,0.0,0.0,20
2,ana_dime,189,1.5767195767195767,0.5546225473599433,20
2,ana_crea,46,0.8478260869565217,0.3591893835186588,20
2,ana_trop,855,0.8725146198830409,0.3335159036288877,20
2,tension_,67,138.01492537313433,24.58460417228359,20
2,ana_hemo,1,15.3,0.0,20
2,ana_plaq,2,209.5,35.5,20
2,ana_leuc,12,9.2275,3.4583549196113466,20
2,ana_neu,1058,6.608280718336483,3.080711008085163,20
2,protcrea,1320,38.62130303030304,50.25623036273024,20
2,splanchnic,468,0.019230769230769232,0.13733516208736252,20
3,raza,436,2.873853211009174,0.6096734097255568,20
3,ant_inf,28,0.0,0.0,20
3,ant_isq,29,0.0,0.0,20
3,ant_clau,29,0.034482758620689655,0.18246560765962697,20
3,fum_act,35,0.17142857142857143,0.3768830273792263,20
3,diabetes,27,0.14814814814814814,0.3552467795046459,20
3,hip_art,28,0.17857142857142858,0.3829930462415574,20
3,insf_car,5,0.0,0.0,20
3,fibr_aur,181,0.011049723756906077,0.10453529242223483,20
3,trat_est,31,0.06451612903225806,0.24567010018915833,20
3,var171,21,0.047619047619047616,0.21295885499997996,20
3,tv_l_esu,359,0.008356545961002786,0.09103139074299829,20
3,tvp_orig,1292,0.31965944272445823,0.46634459726852956,20
3,tv_l_ein,278,0.7589928057553957,0.42769466511396637,20
3,tvp_prox,562,0.8665480427046264,0.34006254187929524,20
3,tv_l_svc,478,0.02092050209205021,0.14311825419654453,20
3,tv_l_vre,492,0.018292682926829267,0.13400768887704825,20
3,tv_l_vrn,487,0.01642710472279261,0.12711119129808757,20
3,tv_l_vca,930,0.05806451612903226,0.23386540594054012,20
3,tv_l_yug,939,0.004259850905218318,0.06512836997410291,20
3,tv_l_ova,941,0.007438894792773645,0.0859276302305358,20
3,tv_l_sup,941,0.0,0.0,20
3,tv_l_pul,941,0.004250797024442083,0.06505941706700942,20
3,tv_l_ove,488,0.018442622950819672,0.13454550386212677,20
3,fr_antfa,692,0.12572254335260116,0.3315364013883762,20
3,fr_tvs_a,246,0.032520325203252036,0.17737743275830428,20
3,fr_viaje,13,0.0,0.0,20
3,fr_estro,17,0.058823529411764705,0.23529411764705885,20
3,fr_varic,33,0.15151515151515152,0.35855028988482524,20
3,fr_antec,1,0.0,0.0,20
3,ana_dime,189,1.5767195767195767,0.5352029043979595,20
3,ana_crea,46,0.8478260869565217,0.35918938351865876,20
3,ana_trop,855,0.8900584795321638,0.3128168514403541,20
3,tension_,67,128.955223880597,23.677833223162697,20
3,ana_hemo,1,15.0,0.0,20
3,ana_plaq,2,175.0,58.0,20
3,ana_leuc,12,9.627500000000003,3.6351894150557458,20
3,ana_neu,1058,6.908622873345936,2.9997624191569026,20
3,protcrea,1320,50.33957575757576,47.592834778401894,20
3,splanchnic,468,0.019230769230769232,0.1373351620873625,20
4,raza,436,2.963302752293578,0.42136966499687756,20
4,ant_inf,28,0.03571428571428571,0.1855768722395226,20
4,ant_isq,29,0.0,0.0,20
4,ant_clau,29,0.034482758620689655,0.18246560765962697,20
4,fum_act,35,0.4,0.48989794855663565,20
4,diabetes,27,0.037037037037037035,0.18885257457751053,20
4,hip_art,28,0.25,0.4330127018922193,20
4,insf_car,5,0.2,0.4,20
4,fibr_aur,181,0.022099447513812154,0.147007013211603,20
4,trat_est,31,0.12903225806451613,0.3352356401746214,20
4,var171,21,0.09523809523809523,0.2935435239509036,20
4,tv_l_esu,359,0.019498607242339833,0.1382693442450235,20
4,tvp_orig,1292,0.2089783281733746,0.4065788810639775,20
4,tv_l_ein,278,0.7446043165467626,0.43608339606856295,20
4,tvp_prox,562,0.8540925266903915,0.3530134311071102,20
4,tv_l_svc,478,0.016736401673640166,0.12828208967996566,20
4,tv_l_vre,492,0.016260162601626018,0.12647438362686217,20
4,tv_l_vrn,487,0.008213552361396304,0.09025569189254994,20
4,tv_l_vca,930,0.07096774193548387,0.2567709515113858,20
4,tv_l_yug,939,0.013844515441959531,0.11684538858738447,20
4,tv_l_ova,941,0.0,0.0,20
4,tv_l_sup,941,0.0021253985122210413,0.04605302588739735,20
4,tv_l_pul,941,0.006376195536663124,0.07959610334144103,20
4,tv_l_ove,488,0.03483606557377049,0.18336442978154313,20
4,fr_antfa,692,0.14450867052023122,0.3516047705374693,20
4,fr_tvs_a,246,0.06910569105691057,0.25363378032205686,20
4,fr_viaje,13,0.15384615384615385,0.36080121229410994,20
4,fr_estro,17,0.0,0.0,20
4,fr_varic,33,0.15151515151515152,0.35855028988482524,20
4,fr_antec,1,0.0,0.0,20
4,ana_dime,189,1.5925925925925926,0.5710365106129965,20
4,ana_crea,46,0.8695652173913043,0.33678116053977547,20
4,ana_trop,855,0.8783625730994152,0.32686658329904217,20
4,tension_,67,131.6417910447761,20.401713048163906,20
4,ana_hemo,1,14.1,0.0,20
4,ana_plaq,2,240.5,33.5,20
4,ana_leuc,12,10.021666666666667,3.4975010920497063,20
4,ana_neu,1058,6.481475425330813,2.963146933959169,20
4,protcrea,1320,34.56601515151515,48.8255280087487,20
4,splanchnic,468,0.019230769230769232,0.1373351620873625,20
5,raza,436,2.9105504587155964,0.5235540767744331,20
5,ant_inf,28,0.03571428571428571,0.1855768722395226,20
5,ant_isq,29,0.0,0.0,20
5,ant_clau,29,0.034482758620689655,0.18246560765962697,20
5,fum_act,35,0.2857142857142857,0.45175395145262565,20
5,diabetes,27,0.1111111111111111,0.3142696805273545,20
5,hip_art,28,0.32142857142857145,0.46702488680792925,20
5,insf_car,5,0.0,0.0,20
5,fibr_aur,181,0.0055248618784530384,0.07412380035910908,20
5,trat_est,31,0.1935483870967742,0.3950789907714804,20
5,var171,21,0.047619047619047616,0.21295885499998,20
5,tv_l_esu,359,0.005571030640668524,0.07443113769296596,20
5,tvp_orig,1292,0.2678018575851393,0.4428137561764405,20
5,tv_l_ein,278,0.7158273381294964,0.4510194675575945,20
5,tvp_prox,562,0.8540925266903915,0.3530134311071102,20
5,tv_l_svc,478,0.012552301255230125,0.11133167109330601,20
5,tv_l_vre,492,0.012195121951219513,0.1097560975609756,20
5,tv_l_vrn,487,0.006160164271047228,0.07824459500311148,20
5,tv_l_vca,930,0.06666666666666667,0.24944382578492943,20
5,tv_l_yug,939,0.013844515441959531,0.11684538858738447,20
5,tv_l_ova,941,0.007438894792773645,0.08592763023053579,20
5,tv_l_sup,941,0.003188097768331562,0.056373165610520054,20
5,tv_l_pul,941,0.005313496280552604,0.07269981456530106,20
5,tv_l_ove,488,0.0430327868852459,0.2029309393319188,20
5,fr_antfa,692,0.16907514450867053,0.37481827599257045,20
5,fr_tvs_a,246,0.04065040650406504,0.19747898864213206,20
5,fr_viaje,13,0.0,0.0,20
5,fr_estro,17,0.0,0.0,20
5,fr_varic,33,0.21212121212121213,0.40881022918884974,20
5,fr_antec,1,0.0,0.0,20
5,ana_dime,189,1.5343915343915344,0.568235247442703,20
5,ana_crea,46,0.8695652173913043,0.33678116053977547,20
5,ana_trop,855,0.8830409356725146,0.32137150091307803,20
5,tension_,67,139.08955223880596,22.586306340963947,20
5,ana_hemo,1,15.0,0.0,20
5,ana_plaq,2,156.5,9.5,20
5,ana_leuc,12,9.094999999999999,3.4625725022493516,20
5,ana_neu,1058,6.144517958412099,3.047483731339297,20
5,protcrea,1320,29.458098484848488,40.28173753180478,20
5,splanchnic,468,0.014957264957264958,0.12138181569849388,20
