iteration,variable,missing_n,imputed_mean,imputed_sd,imputation
1,raza,10655,2.9190051618958237,0.6129450914214989,1
1,ant_inf,4359,0.02752924982794219,0.1636196511176238,1
1,ant_isq,4364,0.03758020164986251,0.19017867938814323,1
1,ant_clau,4377,0.021475896732922092,0.14496441836684948,1
1,fum_act,4499,0.19537675038897534,0.39649044855635474,1
1,diabetes,4338,0.10142923005993545,0.3018962426884179,1
1,hip_art,4230,0.33900709219858155,0.47337224637450387,1
1,insf_car,126,0.007936507936507936,0.08873285624999165,1
1,fibr_aur,9231,0.023182753764489222,0.1504835994133058,1
1,trat_est,4416,0.1754981884057971,0.38039265801547806,1
1,var171,763,0.04193971166448231,0.20045142117226905,1
1,tv_l_esu,10000,0.039,0.19359493795035035,1
1,tvp_orig,16621,0.22880693099091512,0.42006466088143346,1
1,tv_l_ein,4541,0.8214049768773398,0.38301284683216136,1
1,tvp_prox,6756,0.8472468916518651,0.35974935196344404,1
1,tv_l_svc,11267,0.007455400727789119,0.0860221932281269,1
1,tv_l_vre,11868,0.01053252443545669,0.102086190860827,1
1,tv_l_vrn,11817,0.004146568503004147,0.06426020909282851,1
1,tv_l_vca,14703,0.03747534516765286,0.18992352058715145,1
1,tv_l_yug,14765,0.019979681679647816,0.13993031837178016,1
1,tv_l_ova,14771,0.0033850111705368627,0.058082293944989836,1
1,tv_l_sup,14765,0.004740941415509651,0.06869108304579537,1
1,tv_l_pul,14771,0.005822219213323404,0.07608101587620535,1
1,tv_l_ove,11840,0.030912162162162162,0.17307975153848112,1
1,fr_antfa,12654,0.12027817290975186,0.3252865414234713,1
1,fr_tvs_a,9833,0.04047594833723177,0.1970726920286865,1
1,fr_viaje,311,0.05787781350482315,0.23351225280212615,1
1,fr_estro,219,0.0684931506849315,0.2525902591039147,1
1,fr_varic,615,0.17235772357723578,0.37769106251076284,1
1,fr_antec,76,0.05263157894736842,0.2232968782694361,1
1,ana_dime,1168,1.5976027397260273,0.5589199526024737,1
1,ana_crea,571,0.9211908931698775,0.26944058994657977,1
1,ana_trop,11731,0.8737533032137073,0.33212718698842253,1
1,peso,13,82.3076923076923,9.626762499044927,1
1,tension_,786,129.8269720101781,21.891662122256584,1
1,ana_hemo,36,13.294444444444444,2.4765505181877074,1
1,ana_plaq,30,248.48,129.22827967076967,1
1,ana_leuc,82,8.77609756097561,3.116953154298539,1
1,ana_neu,14936,6.331851164970542,3.334216722007292,1
1,protcrea,17152,5.8708063199626865,13.149653512874908,1
1,splanchnic,11181,0.013057866022717109,0.11352250066682763,1
2,raza,10655,2.923603941811356,0.633479631712717,1
2,ant_inf,4359,0.03762330809818766,0.19028345904449107,1
2,ant_isq,4364,0.034830430797433545,0.18335013468197597,1
2,ant_clau,4377,0.02604523646333105,0.15926984058791613,1
2,fum_act,4499,0.203156256945988,0.402347849763962,1
2,diabetes,4338,0.10557860765329645,0.30729751912322323,1
2,hip_art,4230,0.33073286052009454,0.4704770297180195,1
2,insf_car,126,0.015873015873015872,0.12498425196844144,1
2,fibr_aur,9231,0.025999350016249593,0.15913322662153911,1
2,trat_est,4416,0.18682065217391305,0.38976748978747167,1
2,var171,763,0.03145478374836173,0.17454334799042193,1
2,tv_l_esu,10000,0.0228,0.14926540121541898,1
2,tvp_orig,16621,0.22218879730461463,0.41571737473546083,1
2,tv_l_ein,4541,0.8200836820083682,0.3841177378252218,1
2,tvp_prox,6756,0.838809946714032,0.367706159871758,1
2,tv_l_svc,11267,0.00692287210437561,0.0829152938015784,1
2,tv_l_vre,11868,0.008173238961914391,0.0900357547132573,1
2,tv_l_vrn,11817,0.004061944656004062,0.0636038148353982,1
2,tv_l_vca,14703,0.03223831871046725,0.17663241355195708,1
2,tv_l_yug,14765,0.015441923467660006,0.12330235385944154,1
2,tv_l_ova,14771,0.004942116308983819,0.07012625610548659,1
2,tv_l_sup,14765,0.0027091093802912294,0.05197855429556354,1
2,tv_l_pul,14771,0.005212917202626769,0.07201210104465308,1
2,tv_l_ove,11840,0.03648648648648649,0.18749726075427858,1
2,fr_antfa,12654,0.12170064801643748,0.32693975024278815,1
2,fr_tvs_a,9833,0.04474727956879894,0.2067485442270167,1
2,fr_viaje,311,0.06109324758842444,0.23950127909371155,1
2,fr_estro,219,0.0776255707762557,0.26758146710472347,1
2,fr_varic,615,0.18536585365853658,0.38859407349569625,1
2,fr_antec,76,0.039473684210526314,0.19471906035458872,1
2,ana_dime,1168,1.5967465753424657,0.5498035428914068,1
2,ana_crea,571,0.9316987740805605,0.25226210269745486,1
2,ana_trop,11731,0.8890120194356832,0.31411725316284617,1
2,peso,13,79.15384615384616,12.018230727627309,1
2,tension_,786,130.9592875318066,21.950867447112067,1
2,ana_hemo,36,13.477777777777778,1.94752137502335,1
2,ana_plaq,30,253.43333333333334,127.38934631889573,1
2,ana_leuc,82,9.349512195121951,4.579084449558966,1
2,ana_neu,14936,6.738576124799143,3.3588528763126635,1
2,protcrea,17152,10.60655608675373,19.365642366014356,1
2,splanchnic,11181,0.013236740899740631,0.11428704909172238,1
3,raza,10655,2.9084936649460347,0.6420127111575613,1
3,ant_inf,4359,0.036935076852489104,0.18860243092386117,1
3,ant_isq,4364,0.04124656278643447,0.19885996038604448,1
3,ant_clau,4377,0.03221384509938314,0.17656758842804668,1
3,fum_act,4499,0.19959991109135364,0.39969962044475016,1
3,diabetes,4338,0.12056247118487783,0.32561812254030537,1
3,hip_art,4230,0.33144208037825057,0.47073158777884017,1
3,insf_car,126,0.023809523809523808,0.15245533898649638,1
3,fibr_aur,9231,0.02480771314050482,0.15553871064543145,1
3,trat_est,4416,0.1899909420289855,0.3922937470517777,1
3,var171,763,0.04193971166448231,0.20045142117226905,1
3,tv_l_esu,10000,0.0193,0.13757728736968175,1
3,tvp_orig,16621,0.256783587028458,0.4368589892187825,1
3,tv_l_ein,4541,0.8310944725831315,0.37466845373596375,1
3,tvp_prox,6756,0.83348134991119,0.37254555327021477,1
3,tv_l_svc,11267,0.006834117333806692,0.0823857522516755,1
3,tv_l_vre,11868,0.006740815638692282,0.0818252836427558,1
3,tv_l_vrn,11817,0.004485063891004485,0.0668202670819123,1
3,tv_l_vca,14703,0.03801945181255526,0.19124323019764136,1
3,tv_l_yug,14765,0.014358279715543515,0.11896268120361833,1
3,tv_l_ova,14771,0.005416017872858981,0.07339403670094628,1
3,tv_l_sup,14765,0.0019641043007111413,0.04427467216148607,1
3,tv_l_pul,14771,0.003181910500304651,0.05631861100802027,1
3,tv_l_ove,11840,0.03420608108108108,0.18175815001852214,1
3,fr_antfa,12654,0.13458195037142406,0.3412764993456883,1
3,fr_tvs_a,9833,0.043628597579578966,0.2042673323192383,1
3,fr_viaje,311,0.03536977491961415,0.18471262529061183,1
3,fr_estro,219,0.0639269406392694,0.2446227440361438,1
3,fr_varic,615,0.23739837398373984,0.42548840878878974,1
3,fr_antec,76,0.013157894736842105,0.11395071102426826,1
3,ana_dime,1168,1.5907534246575343,0.5600728739477635,1
3,ana_crea,571,0.9159369527145359,0.27748234424291923,1
3,ana_trop,11731,0.8813400392123434,0.32338796281483395,1
3,peso,13,87.53846153846153,23.24655602156813,1
3,tension_,786,129.68066157760813,21.40292143313028,1
3,ana_hemo,36,13.663888888888888,1.8699603052497873,1
3,ana_plaq,30,232.93333333333334,77.06055339075168,1
3,ana_leuc,82,8.850609756097562,3.517237118146951,1
3,ana_neu,14936,6.37332907070166,3.2985888099041616,1
3,protcrea,17152,11.418948810634328,18.773174051141943,1
3,splanchnic,11181,0.015651551739558178,0.12412324789378545,1
4,raza,10655,2.895729704364148,0.6655112881569645,1
4,ant_inf,4359,0.038999770589584766,0.19359439166345838,1
4,ant_isq,4364,0.04147571035747021,0.19938775240172965,1
4,ant_clau,4377,0.023303632625085675,0.15086607747124836,1
4,fum_act,4499,0.2027117137141587,0.4020194955934695,1
4,diabetes,4338,0.11018902720147533,0.31312522333064746,1
4,hip_art,4230,0.3486997635933806,0.47655874607785875,1
4,insf_car,126,0.047619047619047616,0.21295885499998,1
4,fibr_aur,9231,0.02805763189253602,0.16513752203881152,1
4,trat_est,4416,0.18659420289855072,0.38958542881273833,1
4,var171,763,0.0327653997378768,0.1780219882989007,1
4,tv_l_esu,10000,0.0178,0.13222390101641984,1
4,tvp_orig,16621,0.2537753444437759,0.4351705631085573,1
4,tv_l_ein,4541,0.8218454085003303,0.3826428269643317,1
4,tvp_prox,6756,0.8411782119597395,0.3655098188612107,1
4,tv_l_svc,11267,0.007277891186651283,0.08499954991955279,1
4,tv_l_vre,11868,0.006740815638692282,0.0818252836427558,1
4,tv_l_vrn,11817,0.006262164678006262,0.07888567659310398,1
4,tv_l_vca,14703,0.03733931850642726,0.18959191385684895,1
4,tv_l_yug,14765,0.020995597697257028,0.1433693920423462,1
4,tv_l_ova,14771,0.005551418319680455,0.07430074073870578,1
4,tv_l_sup,14765,0.003521842194378598,0.059240516725772185,1
4,tv_l_pul,14771,0.005619118543091192,0.07474987658779032,1
4,tv_l_ove,11840,0.03699324324324324,0.1887451805943386,1
4,fr_antfa,12654,0.11055792634740003,0.31358391423853826,1
4,fr_tvs_a,9833,0.047594833723177056,0.21290741068840277,1
4,fr_viaje,311,0.03215434083601286,0.17640986140636916,1
4,fr_estro,219,0.0958904109589041,0.29444089397540657,1
4,fr_varic,615,0.21788617886178863,0.4128096315770712,1
4,fr_antec,76,0.013157894736842105,0.11395071102426825,1
4,ana_dime,1168,1.5839041095890412,0.5732159617022493,1
4,ana_crea,571,0.9246935201401051,0.26388522874728354,1
4,ana_trop,11731,0.8762253857301168,0.3293242461954856,1
4,peso,13,86.61538461538461,12.041840272971708,1
4,tension_,786,130.24427480916032,21.321335860974802,1
4,ana_hemo,36,13.619444444444445,1.7603376324577376,1
4,ana_plaq,30,245.33333333333334,67.45088748283615,1
4,ana_leuc,82,8.707670731707317,3.1786334617670717,1
4,ana_neu,14936,6.7884683315479375,3.3757039911591793,1
4,protcrea,17152,4.227862406716417,9.76813851263673,1
4,splanchnic,11181,0.011984616760575977,0.10881629345680775,1
5,raza,10655,2.9035194744251527,0.6401854801990052,1
5,ant_inf,4359,0.03211745813259922,0.1763120160842702,1
5,ant_isq,4364,0.04147571035747021,0.19938775240172965,1
5,ant_clau,4377,0.023303632625085675,0.15086607747124836,1
5,fum_act,4499,0.1947099355412314,0.3959772424556251,1
5,diabetes,4338,0.11295527893038267,0.31653812391581226,1
5,hip_art,4230,0.35106382978723405,0.477302856897331,1
5,insf_car,126,0.023809523809523808,0.15245533898649635,1
5,fibr_aur,9231,0.02805763189253602,0.1651375220388115,1
5,trat_est,4416,0.18659420289855072,0.38958542881273833,1
5,var171,763,0.03145478374836173,0.17454334799042193,1
5,tv_l_esu,10000,0.0164,0.12700803124212262,1
5,tvp_orig,16621,0.24414896817279344,0.42958148180869454,1
5,tv_l_ein,4541,0.8185421713279013,0.38539704862090723,1
5,tvp_prox,6756,0.840882178804026,0.3657859212351126,1
5,tv_l_svc,11267,0.009319250909736398,0.09608539156509577,1
5,tv_l_vre,11868,0.007751937984496124,0.0877031666587966,1
5,tv_l_vrn,11817,0.0044004400440044,0.06618969837839965,1
5,tv_l_vca,14703,0.040603958375841666,0.1973709120920674,1
5,tv_l_yug,14765,0.017947849644429394,0.1327619084586025,1
5,tv_l_ova,14771,0.005416017872858981,0.07339403670094628,1
5,tv_l_sup,14765,0.006298679309177108,0.0791138796175314,1
5,tv_l_pul,14771,0.0024372080427865414,0.04930789044101075,1
5,tv_l_ove,11840,0.031587837837837834,0.17490010388381216,1
5,fr_antfa,12654,0.1302354986565513,0.33656234719028016,1
5,fr_tvs_a,9833,0.047493135360520695,0.21269117859974343,1
5,fr_viaje,311,0.04823151125401929,0.21425506429527566,1
5,fr_estro,219,0.0684931506849315,0.25259025910391475,1
5,fr_varic,615,0.208130081300813,0.40597038138087116,1
5,fr_antec,76,0.039473684210526314,0.19471906035458872,1
5,ana_dime,1168,1.5847602739726028,0.5849194512488365,1
5,ana_crea,571,0.9194395796847635,0.27215884882521985,1
5,ana_trop,11731,0.8760548972807092,0.329518913313326,1
5,peso,13,78.96153846153847,16.058141403208648,1
5,tension_,786,130.0445292620865,21.260095385996337,1
5,ana_hemo,36,14.402777777777779,1.3400841829093986,1
5,ana_plaq,30,255.66666666666666,103.1714861556019,1
5,ana_leuc,82,8.953048780487805,3.2686033002195036,1
5,ana_neu,14936,6.546866898768077,3.3212269124773877,1
5,protcrea,17152,12.059449043843284,19.74307088900096,1
5,splanchnic,11181,0.014667739915928808,0.12021895575027874,1
1,raza,10655,2.925950258094791,0.5904427908102386,2
1,ant_inf,4359,0.02798807065840789,0.16493859026688648,2
1,ant_isq,4364,0.03322639780018332,0.1792272420403977,2
1,ant_clau,4377,0.018277358921635824,0.13395259263069723,2
1,fum_act,4499,0.1942653923094021,0.3956341108401501,2
1,diabetes,4338,0.09313047487321346,0.2906151914871334,2
1,hip_art,4230,0.3283687943262411,0.46961977092001983,2
1,insf_car,126,0.015873015873015872,0.12498425196844144,2
1,fibr_aur,9231,0.026974325641858955,0.16200836829628865,2
1,trat_est,4416,0.1743659420289855,0.37942385308429144,2
1,var171,763,0.020969855832241154,0.14328335904289854,2
1,tv_l_esu,10000,0.0432,0.20330705841165478,2
1,tvp_orig,16621,0.17628301546236688,0.38106077457783794,2
1,tv_l_ein,4541,0.8154591499669677,0.3879246379158177,2
1,tvp_prox,6756,0.8439905269390172,0.3628643236475822,2
1,tv_l_svc,11267,0.006035324398686429,0.07745256133975849,2
1,tv_l_vre,11868,0.007077856420626896,0.08383173843548686,2
1,tv_l_vrn,11817,0.005585173902005585,0.0745250275712122,2
1,tv_l_vca,14703,0.032986465347208054,0.17860111548113436,2
1,tv_l_yug,14765,0.019776498476125972,0.13923142096577829,2
1,tv_l_ova,14771,0.0033173109471261253,0.057500490391006256,2
1,tv_l_sup,14765,0.006366407043684389,0.07953537518009526,2
1,tv_l_pul,14771,0.0031142102768939137,0.05571814759344751,2
1,tv_l_ove,11840,0.03361486486486486,0.1802356949246784,2
1,fr_antfa,12654,0.12675833728465308,0.33270206072924047,2
1,fr_tvs_a,9833,0.04708634190989525,0.2118235546756774,2
1,fr_viaje,311,0.03858520900321544,0.19260423320735612,2
1,fr_estro,219,0.0776255707762557,0.2675814671047235,2
1,fr_varic,615,0.191869918699187,0.39377132068950166,2
1,fr_antec,76,0.039473684210526314,0.19471906035458875,2
1,ana_dime,1168,1.5847602739726028,0.5685904923676475,2
1,ana_crea,571,0.9264448336252189,0.26104559730889804,2
1,ana_trop,11731,0.8813400392123434,0.32338796281483395,2
1,peso,13,81.0,13.278090687583525,2
1,tension_,786,130.49236641221373,22.020417722880953,2
1,ana_hemo,36,13.725000000000001,1.4285530752789302,2
1,ana_plaq,30,215.56666666666666,87.21990725873435,2
1,ana_leuc,82,8.94691463414634,3.418611414727885,2
1,ana_neu,14936,6.6334766336368505,3.3478871425450323,2
1,protcrea,17152,5.757326842350747,9.618569668646137,2
1,splanchnic,11181,0.015651551739558178,0.12412324789378545,2
2,raza,10655,2.9363679023932425,0.567446091624828,2
2,ant_inf,4359,0.03188804771736637,0.17570202084820008,2
2,ant_isq,4364,0.03253895508707608,0.1774265241978136,2
2,ant_clau,4377,0.023075165638565227,0.150142273758319,2
2,fum_act,4499,0.2027117137141587,0.4020194955934695,2
2,diabetes,4338,0.1016597510373444,0.30220034092695786,2
2,hip_art,4230,0.3198581560283688,0.466421393217014,2
2,insf_car,126,0.023809523809523808,0.15245533898649635,2
2,fibr_aur,9231,0.02621601126638501,0.1597771323427285,2
2,trat_est,4416,0.16983695652173914,0.3754895001477032,2
2,var171,763,0.04849279161205767,0.21480512278278474,2
2,tv_l_esu,10000,0.0251,0.15642886562268485,2
2,tvp_orig,16621,0.171409662475182,0.37686654147765114,2
2,tv_l_ein,4541,0.8214049768773398,0.3830128468321613,2
2,tvp_prox,6756,0.8568679692125518,0.3502074421683657,2
2,tv_l_svc,11267,0.005502795775272921,0.07397644904919781,2
2,tv_l_vre,11868,0.007920458375463431,0.08864380810065633,2
2,tv_l_vrn,11817,0.006431412372006432,0.07993778397546204,2
2,tv_l_vca,14703,0.03346255866149765,0.1798410849314569,2
2,tv_l_yug,14765,0.015577378936674569,0.12383345348546901,2
2,tv_l_ova,14771,0.00419741385146571,0.06465133848904625,2
2,tv_l_sup,14765,0.00277683711479851,0.05262248844777666,2
2,tv_l_pul,14771,0.0022341073725543293,0.04721351646300271,2
2,tv_l_ove,11840,0.03471283783783784,0.1830515138617592,2
2,fr_antfa,12654,0.13213213213213212,0.33863436297923,2
2,fr_tvs_a,9833,0.04912030916302248,0.21611919024175424,2
2,fr_viaje,311,0.022508038585209004,0.14832877935267905,2
2,fr_estro,219,0.0867579908675799,0.2814800914597706,2
2,fr_varic,615,0.16747967479674797,0.37340357969189786,2
2,fr_antec,76,0.05263157894736842,0.22329687826943606,2
2,ana_dime,1168,1.5796232876712328,0.5693325777743784,2
2,ana_crea,571,0.9369527145359019,0.24304798962284507,2
2,ana_trop,11731,0.8821924814593811,0.32238006625087823,2
2,peso,13,74.46153846153847,13.106753306922377,2
2,tension_,786,131.22137404580153,22.372894613330068,2
2,ana_hemo,36,13.880555555555555,1.6830559910875817,2
2,ana_plaq,30,240.26666666666668,109.19765972258239,2
2,ana_leuc,82,9.008048780487806,3.3751380961898687,2
2,ana_neu,14936,6.2486819094804495,3.2671035593880293,2
2,protcrea,17152,51.51317350746269,51.058060866338394,2
2,splanchnic,11181,0.013773365530811198,0.11654895938087932,2
3,raza,10655,2.909995307367433,0.643976202649683,2
3,ant_inf,4359,0.03464097270016059,0.18286873901940515,2
3,ant_isq,4364,0.03253895508707608,0.1774265241978136,2
3,ant_clau,4377,0.0258167694768106,0.1585883472724015,2
3,fum_act,4499,0.1951544787730607,0.3963195783554929,2
3,diabetes,4338,0.10580912863070539,0.3075931678843278,2
3,hip_art,4230,0.33286052009456263,0.4712370892204261,2
3,insf_car,126,0.015873015873015872,0.12498425196844144,2
3,fibr_aur,9231,0.0228577618892861,0.14944994014953236,2
3,trat_est,4416,0.1850090579710145,0.3883049142615791,2
3,var171,763,0.03014416775884666,0.17098390833342525,2
3,tv_l_esu,10000,0.0171,0.129644089722594,2
3,tvp_orig,16621,0.15071295349256963,0.3577688627341907,2
3,tv_l_ein,4541,0.8163400132129487,0.3872066580528174,2
3,tvp_prox,6756,0.837181764357608,0.369199753229455,2
3,tv_l_svc,11267,0.007277891186651283,0.0849995499195528,2
3,tv_l_vre,11868,0.007077856420626896,0.08383173843548686,2
3,tv_l_vrn,11817,0.0046543115850046545,0.06806356564766751,2
3,tv_l_vca,14703,0.034482758620689655,0.18246560765962697,2
3,tv_l_yug,14765,0.01835421605147308,0.13422868100599414,2
3,tv_l_ova,14771,0.0064315212240200394,0.0799384560694352,2
3,tv_l_sup,14765,0.005418218760582459,0.07340886639939982,2
3,tv_l_pul,14771,0.004671315415340871,0.06818719988114536,2
3,tv_l_ove,11840,0.033361486486486486,0.17957866717931303,2
3,fr_antfa,12654,0.13537221431958274,0.3421207066369933,2
3,fr_tvs_a,9833,0.04098444015051358,0.19825416973184334,2
3,fr_viaje,311,0.03536977491961415,0.18471262529061183,2
3,fr_estro,219,0.0776255707762557,0.26758146710472347,2
3,fr_varic,615,0.1902439024390244,0.3924935159003208,2
3,fr_antec,76,0.02631578947368421,0.16007269816574263,2
3,ana_dime,1168,1.5710616438356164,0.5764364751632808,2
3,ana_crea,571,0.9404553415061296,0.23664127310914881,2
3,ana_trop,11731,0.8888415309862757,0.3143282739116054,2
3,peso,13,89.46153846153847,19.62970819413733,2
3,tension_,786,131.31043256997455,21.472814176717616,2
3,ana_hemo,36,13.358333333333333,2.2508486054029584,2
3,ana_plaq,30,232.46666666666667,97.06243122627599,2
3,ana_leuc,82,8.79951219512195,3.209081968276842,2
3,ana_neu,14936,6.595347884306374,3.3177699015457933,2
3,protcrea,17152,14.82841359608209,29.341247683443,2
3,splanchnic,11181,0.015562114301046419,0.12377372459261128,2
4,raza,10655,2.900328484279681,0.6216905888005648,2
4,ant_inf,4359,0.03555861436109199,0.18518693071005612,2
4,ant_isq,4364,0.042621448212648946,0.2020021296048768,2
4,ant_clau,4377,0.026730637422892393,0.16129510360162286,2
4,fum_act,4499,0.1975994665481218,0.3981882938611072,2
4,diabetes,4338,0.10235131396957123,0.3031097532219534,2
4,hip_art,4230,0.34444444444444444,0.47518677289651323,2
4,insf_car,126,0.015873015873015872,0.12498425196844144,2
4,fibr_aur,9231,0.023182753764489222,0.1504835994133058,2
4,trat_est,4416,0.17798913043478262,0.38250359459991035,2
4,var171,763,0.027522935779816515,0.16360141743235787,2
4,tv_l_esu,10000,0.0141,0.11790330784163777,2
4,tvp_orig,16621,0.20811022200830276,0.40595610292734574,2
4,tv_l_ein,4541,0.8035674961462232,0.3972993522314285,2
4,tvp_prox,6756,0.8439905269390172,0.3628643236475822,2
4,tv_l_svc,11267,0.007100381645513447,0.08396407699725818,2
4,tv_l_vre,11868,0.007162116616110549,0.08432568233751675,2
4,tv_l_vrn,11817,0.008462384700008463,0.09160116126555126,2
4,tv_l_vca,14703,0.03815547847378086,0.19157149562556983,2
4,tv_l_yug,14765,0.018828310193024042,0.13591837597727288,2
4,tv_l_ova,14771,0.0035204116173583374,0.05922852623021027,2
4,tv_l_sup,14765,0.005960040636640704,0.07697089418897442,2
4,tv_l_pul,14771,0.003926612957822761,0.06253954483766426,2
4,tv_l_ove,11840,0.03361486486486486,0.1802356949246784,2
4,fr_antfa,12654,0.13956061324482377,0.3465305880806953,2
4,fr_tvs_a,9833,0.047594833723177056,0.21290741068840274,2
4,fr_viaje,311,0.022508038585209004,0.14832877935267905,2
4,fr_estro,219,0.0821917808219178,0.27465668021593725,2
4,fr_varic,615,0.183739837398374,0.38727188066162654,2
4,fr_antec,76,0.05263157894736842,0.22329687826943606,2
4,ana_dime,1168,1.5736301369863013,0.5864244805774476,2
4,ana_crea,571,0.9246935201401051,0.26388522874728354,2
4,ana_trop,11731,0.8648026596198107,0.34193423276167084,2
4,peso,13,85.6923076923077,15.924749076079493,2
4,tension_,786,130.3409669211196,20.75651345899548,2
4,ana_hemo,36,13.761944444444444,2.2806478361354117,2
4,ana_plaq,30,233.4,77.84754331383874,2
4,ana_leuc,82,8.636829268292683,3.324414446165681,2
4,ana_neu,14936,6.572363752008569,3.3499784078313426,2
4,protcrea,17152,14.076179337686566,29.041097428734094,2
4,splanchnic,11181,0.013773365530811198,0.11654895938087932,2
5,raza,10655,2.9271703425621776,0.5933689723016445,2
5,ant_inf,4359,0.03670566643725625,0.18803818891026666,2
5,ant_isq,4364,0.03941338221814849,0.19457637965661356,2
5,ant_clau,4377,0.026730637422892393,0.16129510360162286,2
5,fum_act,4499,0.20693487441653702,0.4051084202614765,2
5,diabetes,4338,0.1136468418626095,0.31738184761776234,2
5,hip_art,4230,0.3375886524822695,0.4728874646229005,2
5,insf_car,126,0.015873015873015872,0.12498425196844144,2
5,fibr_aur,9231,0.023182753764489222,0.1504835994133058,2
5,trat_est,4416,0.18410326086956522,0.38756838133000227,2
5,var171,763,0.035386631716906945,0.18475502161683982,2
5,tv_l_esu,10000,0.0152,0.12234770124526245,2
5,tvp_orig,16621,0.10474700679862824,0.30622715647923254,2
5,tv_l_ein,4541,0.8170006606474345,0.3866659813703425,2
5,tvp_prox,6756,0.8465068087625814,0.3604622469568371,2
5,tv_l_svc,11267,0.006834117333806692,0.0823857522516755,2
5,tv_l_vre,11868,0.006066734074823054,0.07765261626299809,2
5,tv_l_vrn,11817,0.005162054667005162,0.07166176008597622,2
5,tv_l_vca,14703,0.03944773175542406,0.19465766929349632,2
5,tv_l_yug,14765,0.022350152387402643,0.14781956256078735,2
5,tv_l_ova,14771,0.007040823234716675,0.08361369530701385,2
5,tv_l_sup,14765,0.00650186251269895,0.08037156397983625,2
5,tv_l_pul,14771,0.005686818766501929,0.07519626891554455,2
5,tv_l_ove,11840,0.03876689189189189,0.1930389079562311,2
5,fr_antfa,12654,0.11830251303935514,0.3229659865185935,2
5,fr_tvs_a,9833,0.0511542764161497,0.2203123156350771,2
5,fr_viaje,311,0.03215434083601286,0.17640986140636916,2
5,fr_estro,219,0.0821917808219178,0.27465668021593725,2
5,fr_varic,615,0.18536585365853658,0.38859407349569625,2
5,fr_antec,76,0.06578947368421052,0.24791373265022068,2
5,ana_dime,1168,1.5607876712328768,0.5820400436832,2
5,ana_crea,571,0.9369527145359019,0.24304798962284507,2
5,ana_trop,11731,0.8731565936407808,0.3327974708774229,2
5,peso,13,79.3076923076923,15.152479438563665,2
5,tension_,786,129.69338422391857,21.23194055528032,2
5,ana_hemo,36,14.36111111111111,1.9482581647572301,2
5,ana_plaq,30,257.26666666666665,162.82709302269762,2
5,ana_leuc,82,8.426341463414634,3.3909814077628,2
5,ana_neu,14936,6.399287225495448,3.3428410062836598,2
5,protcrea,17152,7.957125699626865,20.252003649055663,2
5,splanchnic,11181,0.012431803953134783,0.11080277164225454,2
1,raza,10655,2.922853120600657,0.6188487263791774,3
1,ant_inf,4359,0.026841018582243633,0.16161861991649132,3
1,ant_isq,4364,0.03391384051329056,0.18100743613158451,3
1,ant_clau,4377,0.0210189627598812,0.14344743275632338,3
1,fum_act,4499,0.19693265170037785,0.39768100582581956,3
1,diabetes,4338,0.09474412171507607,0.292861184036934,3
1,hip_art,4230,0.3371158392434988,0.47272481442658615,3
1,insf_car,126,0.031746031746031744,0.1753231907490041,3
1,fibr_aur,9231,0.025457696890911062,0.1575106426877929,3
1,trat_est,4416,0.1827445652173913,0.38645696927458545,3
1,var171,763,0.039318479685452164,0.1943515804944144,3
1,tv_l_esu,10000,0.037,0.18876175460087244,3
1,tvp_orig,16621,0.22844594188075326,0.41983138701027195,3
1,tv_l_ein,4541,0.8209645452543493,0.3833820036069361,3
1,tvp_prox,6756,0.8451746595618709,0.3617381019416485,3
1,tv_l_svc,11267,0.00647909825153102,0.08023166168899924,3
1,tv_l_vre,11868,0.007751937984496124,0.0877031666587966,3
1,tv_l_vrn,11817,0.0029618346450029616,0.05434208480117984,3
1,tv_l_vca,14703,0.03489083860436645,0.18350331873252454,3
1,tv_l_yug,14765,0.021672875042329835,0.1456130541185418,3
1,tv_l_ova,14771,0.0033173109471261253,0.057500490391006256,3
1,tv_l_sup,14765,0.005418218760582459,0.07340886639939982,3
1,tv_l_pul,14771,0.0034527113939476,0.05865824901902293,3
1,tv_l_ove,11840,0.03327702702702703,0.17935904353912446,3
1,fr_antfa,12654,0.1279437332068911,0.3340271461123706,3
1,fr_tvs_a,9833,0.046171056645988,0.20985540301403005,3
1,fr_viaje,311,0.02572347266881029,0.1583091141490826,3
1,fr_estro,219,0.0958904109589041,0.29444089397540657,3
1,fr_varic,615,0.1886178861788618,0.3912047791020449,3
1,fr_antec,76,0.02631578947368421,0.16007269816574263,3
1,ana_dime,1168,1.5779109589041096,0.5740612518179629,3
1,ana_crea,571,0.9141856392294221,0.2800897289372015,3
1,ana_trop,11731,0.8820219930099735,0.32258207770533026,3
1,peso,13,82.66923076923078,12.88430079983356,3
1,tension_,786,130.7239185750636,21.4724241859379,3
1,ana_hemo,36,13.730555555555556,1.7193053255513215,3
1,ana_plaq,30,241.56666666666666,92.6688309099787,3
1,ana_leuc,82,8.327439024390243,3.3920764239318326,3
1,ana_neu,14936,6.58989716122121,3.3074913974599442,3
1,protcrea,17152,21.32447807835821,37.579943370759885,3
1,splanchnic,11181,0.00956980592075843,0.09735617461361888,3
2,raza,10655,2.914124824026279,0.602701895038398,3
2,ant_inf,4359,0.029364533149805,0.16882611570103423,3
2,ant_isq,4364,0.03643446379468378,0.18736860367382163,3
2,ant_clau,4377,0.02193283070596299,0.14646426746202146,3
2,fum_act,4499,0.20849077572793953,0.406229457528995,3
2,diabetes,4338,0.1000461041954818,0.30006146242193216,3
2,hip_art,4230,0.315839243498818,0.46484923982395876,3
2,insf_car,126,0.023809523809523808,0.15245533898649638,3
2,fibr_aur,9231,0.0212328025132705,0.14415953180661678,3
2,trat_est,4416,0.18342391304347827,0.3870136705173304,3
2,var171,763,0.05242463958060288,0.222881799942137,3
2,tv_l_esu,10000,0.0209,0.14304960678030537,3
2,tvp_orig,16621,0.24541243005835991,0.4303314643750914,3
2,tv_l_ein,4541,0.8337370623210747,0.37231649605315514,3
2,tvp_prox,6756,0.8287448194197751,0.37673179279781993,3
2,tv_l_svc,11267,0.007632910268926955,0.08703245917330767,3
2,tv_l_vre,11868,0.006993596225143242,0.08333478167597792,3
2,tv_l_vrn,11817,0.004485063891004485,0.0668202670819123,3
2,tv_l_vca,14703,0.03196626538801605,0.17591027049367805,3
2,tv_l_yug,14765,0.01754148323738571,0.13127749084751056,3
2,tv_l_ova,14771,0.006837722564484463,0.08240733046650404,3
2,tv_l_sup,14765,0.0037250253979004403,0.06091920537634611,3
2,tv_l_pul,14771,0.006025319883555616,0.07738872917845624,3
2,tv_l_ove,11840,0.03842905405405406,0.19222971117536608,3
2,fr_antfa,12654,0.12723249565354827,0.33323323319158626,3
2,fr_tvs_a,9833,0.04444218448082986,0.20607541512611768,3
2,fr_viaje,311,0.03858520900321544,0.19260423320735612,3
2,fr_estro,219,0.0639269406392694,0.2446227440361438,3
2,fr_varic,615,0.2097560975609756,0.40713447053395774,3
2,fr_antec,76,0.02631578947368421,0.16007269816574263,3
2,ana_dime,1168,1.6087328767123288,0.552230009542826,3
2,ana_crea,571,0.9089316987740805,0.2877062142841976,3
2,ana_trop,11731,0.8833006563805302,0.32106168693610065,3
2,peso,13,77.92307692307692,12.784976390348756,3
2,tension_,786,130.29516539440203,21.17404917123737,3
2,ana_hemo,36,13.941666666666668,2.0288714706566418,3
2,ana_plaq,30,228.63333333333333,107.23944651521141,3
2,ana_leuc,82,8.663048780487806,3.024043767034058,3
2,ana_neu,14936,6.503493371719336,3.3105552721639424,3
2,protcrea,17152,19.94639797108209,34.78113276058026,3
2,splanchnic,11181,0.011895179322064216,0.1084144087792769,3
3,raza,10655,2.9207883622712343,0.5893745046128573,3
3,ant_inf,4359,0.04037623308098188,0.19684001850023305,3
3,ant_isq,4364,0.038038496791934,0.1912892301039032,3
3,ant_clau,4377,0.02695910440941284,0.1619639191266228,3
3,fum_act,4499,0.21226939319848856,0.40891453619263035,3
3,diabetes,4338,0.10650069156293222,0.30847738046662254,3
3,hip_art,4230,0.3392434988179669,0.47345258192105255,3
3,insf_car,126,0.05555555555555555,0.22906142364542553,3
3,fibr_aur,9231,0.022641100639150688,0.14875644927531223,3
3,trat_est,4416,0.18953804347826086,0.39193542013027316,3
3,var171,763,0.027522935779816515,0.16360141743235787,3
3,tv_l_esu,10000,0.0146,0.11994515413304534,3
3,tvp_orig,16621,0.24330666024908248,0.42907869829149053,3
3,tv_l_ein,4541,0.8324157674521031,0.37349666337094545,3
3,tvp_prox,6756,0.8379218472468917,0.3685224893452887,3
3,tv_l_svc,11267,0.009585515221443153,0.09743527656543415,3
3,tv_l_vre,11868,0.007836198179979777,0.08817478198478214,3
3,tv_l_vrn,11817,0.0038926969620038925,0.06226992751212977,3
3,tv_l_vca,14703,0.04488879820444807,0.20705988022842187,3
3,tv_l_yug,14765,0.02228242465289536,0.14760053592207378,3
3,tv_l_ova,14771,0.0058899194367341414,0.07651946344403443,3
3,tv_l_sup,14765,0.005485946495089739,0.07386373187256891,3
3,tv_l_pul,14771,0.0025049082661972783,0.04998633514046828,3
3,tv_l_ove,11840,0.03302364864864865,0.1786983135862766,3
3,fr_antfa,12654,0.1299984194721037,0.33630169551588446,3
3,fr_tvs_a,9833,0.04474727956879894,0.20674854422701666,3
3,fr_viaje,311,0.03215434083601286,0.17640986140636916,3
3,fr_estro,219,0.0730593607305936,0.2602339150461188,3
3,fr_varic,615,0.21951219512195122,0.4139161645970035,3
3,fr_antec,76,0.013157894736842105,0.11395071102426826,3
3,ana_dime,1168,1.5941780821917808,0.55489756780192,3
3,ana_crea,571,0.9141856392294221,0.2800897289372016,3
3,ana_trop,11731,0.876907339527747,0.3285435395957675,3
3,peso,13,83.26923076923077,14.592694938294645,3
3,tension_,786,131.0356234096692,21.612037291960014,3
3,ana_hemo,36,13.783333333333335,1.8430801513890935,3
3,ana_plaq,30,232.0,83.67675901945533,3
3,ana_leuc,82,8.825121951219511,3.371100364577526,3
3,ana_neu,14936,6.73694322442421,3.321402068934945,3
3,protcrea,17152,17.73202332089552,31.921712879091938,3
3,splanchnic,11181,0.009390931043734908,0.09645072035950134,3
4,raza,10655,2.9196621304551855,0.5807187235784294,3
4,ant_inf,4359,0.03877036017435192,0.19304719460873535,3
4,ant_isq,4364,0.03895508707607699,0.19348795380325945,3
4,ant_clau,4377,0.028558373315055976,0.16656167815153,3
4,fum_act,4499,0.19404312069348745,0.39546224599197854,3
4,diabetes,4338,0.11410788381742738,0.3179422505237954,3
4,hip_art,4230,0.33286052009456263,0.4712370892204261,3
4,insf_car,126,0.023809523809523808,0.1524553389864964,3
4,fibr_aur,9231,0.019499512512187196,0.13827249011995932,3
4,trat_est,4416,0.18478260869565216,0.388121110246894,3
4,var171,763,0.0327653997378768,0.17802198829890073,3
4,tv_l_esu,10000,0.0185,0.1347506957310425,3
4,tvp_orig,16621,0.1976415378136093,0.39822024100274084,3
4,tv_l_ein,4541,0.8260295089187404,0.3790841058580602,3
4,tvp_prox,6756,0.8453226761397277,0.3615968049412173,3
4,tv_l_svc,11267,0.007189136416082364,0.08448344650683544,3
4,tv_l_vre,11868,0.008426019548365353,0.09140580803721346,3
4,tv_l_vrn,11817,0.004146568503004147,0.06426020909282851,3
4,tv_l_vca,14703,0.03380262531456166,0.1807208007850923,3
4,tv_l_yug,14765,0.019708770741618694,0.13899760824371407,3
4,tv_l_ova,14771,0.007243923904948886,0.08480241430176501,3
4,tv_l_sup,14765,0.006366407043684389,0.07953537518009526,3
4,tv_l_pul,14771,0.004062013404644235,0.06360435088690652,3
4,tv_l_ove,11840,0.03184121621621622,0.17557720001779384,3
4,fr_antfa,12654,0.13884937569148095,0.34578928057643277,3
4,fr_tvs_a,9833,0.04840842062442795,0.21462769028500586,3
4,fr_viaje,311,0.03215434083601286,0.17640986140636916,3
4,fr_estro,219,0.0639269406392694,0.2446227440361438,3
4,fr_varic,615,0.23414634146341465,0.4234640861309406,3
4,fr_antec,76,0.06578947368421052,0.24791373265022068,3
4,ana_dime,1168,1.5839041095890412,0.568717462760609,3
4,ana_crea,571,0.9299474605954466,0.2552355404866785,3
4,ana_trop,11731,0.8809138180888245,0.3238898936197206,3
4,peso,13,72.23076923076923,15.611405328520586,3
4,tension_,786,129.99236641221373,20.408922430062965,3
4,ana_hemo,36,14.0,1.5760358145958766,3
4,ana_plaq,30,207.53333333333333,65.9700605493802,3
4,ana_leuc,82,8.841341463414635,3.417493291229386,3
4,ana_neu,14936,6.6563398500267805,3.306359622524879,3
4,protcrea,17152,18.302596665111942,34.48383222189963,3
4,splanchnic,11181,0.01144799212950541,0.10638108669170564,3
5,raza,10655,2.904551853589864,0.6091688944083388,3
5,ant_inf,4359,0.036017435191557694,0.18633351698977732,3
5,ant_isq,4364,0.042621448212648946,0.2020021296048768,3
5,ant_clau,4377,0.025359835503769704,0.1572155025657185,3
5,fum_act,4499,0.20560124472104913,0.40414028862537865,3
5,diabetes,4338,0.11618257261410789,0.3204437274075987,3
5,hip_art,4230,0.3399527186761229,0.47369279891173743,3
5,insf_car,126,0.031746031746031744,0.17532319074900413,3
5,fibr_aur,9231,0.027949301267468314,0.16482760031659932,3
5,trat_est,4416,0.192481884057971,0.39424942405470276,3
5,var171,763,0.03407601572739188,0.18142447706838905,3
5,tv_l_esu,10000,0.0164,0.12700803124212262,3
5,tvp_orig,16621,0.2648456771554058,0.4412509993728064,3
5,tv_l_ein,4541,0.8308742567716362,0.37486294322834496,3
5,tvp_prox,6756,0.8342214328004737,0.3718817471412095,3
5,tv_l_svc,11267,0.0063903434809621015,0.07968379377989873,3
5,tv_l_vre,11868,0.008004718570947084,0.08911028589083876,3
5,tv_l_vrn,11817,0.004908183126004908,0.06988628523828198,3
5,tv_l_vca,14703,0.036115078555396855,0.18657647133637822,3
5,tv_l_yug,14765,0.02106332543176431,0.1435954795720252,3
5,tv_l_ova,14771,0.010290433958432063,0.10091848654919086,3
5,tv_l_sup,14765,0.006840501185235354,0.08242395725012326,3
5,tv_l_pul,14771,0.005212917202626769,0.07201210104465308,3
5,tv_l_ove,11840,0.03277027027027027,0.17803477092041237,3
5,fr_antfa,12654,0.1392445076655603,0.3462014944371789,3
5,fr_tvs_a,9833,0.046882945184582525,0.21138811375146419,3
5,fr_viaje,311,0.04501607717041801,0.20733940765470754,3
5,fr_estro,219,0.0730593607305936,0.2602339150461188,3
5,fr_varic,615,0.20650406504065041,0.4047964132281031,3
5,fr_antec,76,0.05263157894736842,0.22329687826943606,3
5,ana_dime,1168,1.6001712328767124,0.556930160393576,3
5,ana_crea,571,0.9457092819614711,0.22659045869892636,3
5,ana_trop,11731,0.8885857983121643,0.3146443664680776,3
5,peso,13,88.07692307692308,12.970152353423067,3
5,tension_,786,129.7875318066158,21.20227068507491,3
5,ana_hemo,36,13.51388888888889,2.099491046496981,3
5,ana_plaq,30,238.4,114.66577519033305,3
5,ana_leuc,82,9.26060975609756,3.597239574316224,3
5,ana_neu,14936,6.6396720674879495,3.2913167893015,3
5,protcrea,17152,19.66952483675373,35.65128653451977,3
5,splanchnic,11181,0.01046418030587604,0.10175795416773155,3
1,raza,10655,2.9140309713749413,0.5968203225413428,4
1,ant_inf,4359,0.02798807065840789,0.16493859026688648,4
1,ant_isq,4364,0.034372135655362054,0.18218312750046706,4
1,ant_clau,4377,0.019191226867717615,0.1371966605972223,4
1,fum_act,4499,0.20649033118470772,0.40478645519821616,4
1,diabetes,4338,0.08736745043798985,0.28237276611237716,4
1,hip_art,4230,0.3231678486997636,0.46768620919001913,4
1,insf_car,126,0.007936507936507936,0.08873285624999165,4
1,fibr_aur,9231,0.02924926876828079,0.16850444814544704,4
1,trat_est,4416,0.16734601449275363,0.3732845106967937,4
1,var171,763,0.03145478374836173,0.17454334799042193,4
1,tv_l_esu,10000,0.0389,0.19335663939984066,4
1,tvp_orig,16621,0.28818963961253835,0.45291982870319736,4
1,tv_l_ein,4541,0.8176613080819203,0.3861234172485312,4
1,tvp_prox,6756,0.8442865600947306,0.3625834587210749,4
1,tv_l_svc,11267,0.007632910268926955,0.08703245917330767,4
1,tv_l_vre,11868,0.008510279743849006,0.09185779706987555,4
1,tv_l_vrn,11817,0.0069391554540069395,0.08301206885502894,4
1,tv_l_vca,14703,0.03788342515132966,0.19091430341944857,4
1,tv_l_yug,14765,0.01835421605147308,0.13422868100599414,4
1,tv_l_ova,14771,0.0035204116173583374,0.05922852623021028,4
1,tv_l_sup,14765,0.00555367422959702,0.07431575157494225,4
1,tv_l_pul,14771,0.0035204116173583374,0.05922852623021027,4
1,tv_l_ove,11840,0.029391891891891894,0.16890236405363673,4
1,fr_antfa,12654,0.11522048364153627,0.3192878384638957,4
1,fr_tvs_a,9833,0.046171056645988,0.20985540301403002,4
1,fr_viaje,311,0.04823151125401929,0.21425506429527566,4
1,fr_estro,219,0.0776255707762557,0.26758146710472347,4
1,fr_varic,615,0.19349593495934958,0.3950382995527861,4
1,fr_antec,76,0.02631578947368421,0.16007269816574263,4
1,ana_dime,1168,1.6078767123287672,0.5523978972216899,4
1,ana_crea,571,0.9352014010507881,0.24617014547550461,4
1,ana_trop,11731,0.8806580854147131,0.32419041011171956,4
1,peso,13,80.92307692307692,16.226576199184134,4
1,tension_,786,130.5267175572519,21.390824021759784,4
1,ana_hemo,36,13.698333333333332,1.6687611838992686,4
1,ana_plaq,30,274.46666666666664,173.71734385361628,4
1,ana_leuc,82,8.85658536585366,2.926786808635107,4
1,ana_neu,14936,6.4274416845206215,3.2856259068819296,4
1,protcrea,17152,17.130109608208954,32.07575353951815,4
1,splanchnic,11181,0.016456488686164027,0.12722292508147337,4
2,raza,10655,2.9368371656499295,0.6098281109978071,4
2,ant_inf,4359,0.036935076852489104,0.18860243092386117,4
2,ant_isq,4364,0.039184234647112744,0.19403306522918393,4
2,ant_clau,4377,0.030614576193740004,0.17227107684755932,4
2,fum_act,4499,0.1915981329184263,0.3935584942300183,4
2,diabetes,4338,0.10304287690179806,0.30401487204016675,4
2,hip_art,4230,0.33238770685579194,0.4710691235762965,4
2,insf_car,126,0.007936507936507936,0.08873285624999165,4
2,fibr_aur,9231,0.0277326400173329,0.16420578764161123,4
2,trat_est,4416,0.18568840579710144,0.3888550137900146,4
2,var171,763,0.0327653997378768,0.17802198829890073,4
2,tv_l_esu,10000,0.0249,0.1558203773580336,4
2,tvp_orig,16621,0.2742915588713074,0.4461565864169838,4
2,tv_l_ein,4541,0.8410041841004184,0.3656721843755797,4
2,tvp_prox,6756,0.8429544108940201,0.36384374674897957,4
2,tv_l_svc,11267,0.007810419810064791,0.0880307738944475,4
2,tv_l_vre,11868,0.007920458375463431,0.08864380810065633,4
2,tv_l_vrn,11817,0.006685283913006685,0.08148982078768599,4
2,tv_l_vca,14703,0.03883561177990886,0.19320302026000802,4
2,tv_l_yug,14765,0.019844226210633253,0.1394648088111638,4
2,tv_l_ova,14771,0.0030465100534831763,0.05511105905330801,4
2,tv_l_sup,14765,0.006434134778191669,0.07995459141192417,4
2,tv_l_pul,14771,0.005822219213323404,0.07608101587620535,4
2,tv_l_ove,11840,0.03006756756756757,0.17077326766252768,4
2,fr_antfa,12654,0.1299984194721037,0.33630169551588446,4
2,fr_tvs_a,9833,0.05013729278958609,0.21822819401103377,4
2,fr_viaje,311,0.01607717041800643,0.1257723936695045,4
2,fr_estro,219,0.0821917808219178,0.27465668021593725,4
2,fr_varic,615,0.21788617886178863,0.4128096315770712,4
2,fr_antec,76,0.07894736842105263,0.2696565991041999,4
2,ana_dime,1168,1.5650684931506849,0.5681732884601732,4
2,ana_crea,571,0.9369527145359019,0.24304798962284507,4
2,ana_trop,11731,0.8856022504475322,0.3182937392563646,4
2,peso,13,87.0,16.07673904937001,4
2,tension_,786,130.10814249363867,20.47594653797489,4
2,ana_hemo,36,13.727777777777778,1.5840544166984063,4
2,ana_plaq,30,215.73333333333332,84.06423469916058,4
2,ana_leuc,82,8.579402439024392,3.291650767786161,4
2,ana_neu,14936,6.304814408141403,3.2519468971200154,4
2,protcrea,17152,21.561706273320894,37.61711731092412,4
2,splanchnic,11181,0.012968428584205348,0.11313818296340859,4
3,raza,10655,2.9212576255279212,0.6289537652625268,4
3,ant_inf,4359,0.03808212892865336,0.1913945672816101,4
3,ant_isq,4364,0.04032997250229148,0.19673196440908094,4
3,ant_clau,4377,0.031528444139821796,0.17474095498750125,4
3,fum_act,4499,0.20560124472104913,0.40414028862537865,4
3,diabetes,4338,0.09727985246657446,0.29633845982365503,4
3,hip_art,4230,0.34397163120567376,0.47503173381510183,4
3,insf_car,126,0.015873015873015872,0.12498425196844144,4
3,fibr_aur,9231,0.021774455638609035,0.1459463213659436,4
3,trat_est,4416,0.18048007246376813,0.38458681192578764,4
3,var171,763,0.04062909567496723,0.19742941082726656,4
3,tv_l_esu,10000,0.0199,0.13965668619869226,4
3,tvp_orig,16621,0.2759160098670357,0.4469746809004841,4
3,tv_l_ein,4541,0.8163400132129487,0.3872066580528174,4
3,tvp_prox,6756,0.8422143280047365,0.36453992059617635,4
3,tv_l_svc,11267,0.0073666459572202005,0.08551244637221632,4
3,tv_l_vre,11868,0.008257499157398046,0.09049482231080193,4
3,tv_l_vrn,11817,0.00456968773800457,0.06744483443512705,4
3,tv_l_vca,14703,0.038971638441134465,0.19352738782494835,4
3,tv_l_yug,14765,0.01760921097189299,0.13152614440042085,4
3,tv_l_ova,14771,0.003994313181233498,0.06307423121563768,4
3,tv_l_sup,14765,0.0050118523535387744,0.07061680883136183,4
3,tv_l_pul,14771,0.002911109606661702,0.053876108318249044,4
3,tv_l_ove,11840,0.02795608108108108,0.16484701578029584,4
3,fr_antfa,12654,0.12754860123281175,0.333586503858242,4
3,fr_tvs_a,9833,0.04200142377707719,0.20059238314994812,4
3,fr_viaje,311,0.01607717041800643,0.1257723936695045,4
3,fr_estro,219,0.091324200913242,0.2880695944399544,4
3,fr_varic,615,0.216260162601626,0.41169370249391024,4
3,fr_antec,76,0.013157894736842105,0.11395071102426826,4
3,ana_dime,1168,1.6138698630136987,0.5589061817967896,4
3,ana_crea,571,0.9316987740805605,0.25226210269745486,4
3,ana_trop,11731,0.8827039468076038,0.32177272895303416,4
3,peso,13,82.84615384615384,12.290372428770002,4
3,tension_,786,130.91730279898218,20.865729255315998,4
3,ana_hemo,36,13.712222222222222,2.189420409239638,4
3,ana_plaq,30,256.53333333333336,142.9868836253483,4
3,ana_leuc,82,8.344634146341463,3.185447931561225,4
3,ana_neu,14936,6.941868840385645,3.2973028071378145,4
3,protcrea,17152,13.750446944962686,28.489000463047063,4
3,splanchnic,11181,0.016188176370628745,0.12619872945644958,4
4,raza,10655,2.9025809479117783,0.6423852068703473,4
4,ant_inf,4359,0.03945859142005047,0.19468336082777077,4
4,ant_isq,4364,0.03666361136571952,0.18793453904842242,4
4,ant_clau,4377,0.02467443454420836,0.15513093445258408,4
4,fum_act,4499,0.20515670148921983,0.4038160835371506,4
4,diabetes,4338,0.10027662517289074,0.30036847973252173,4
4,hip_art,4230,0.34397163120567376,0.47503173381510183,4
4,insf_car,126,0.03968253968253968,0.1952122837499816,4
4,fibr_aur,9231,0.02643267251652042,0.1604181608801036,4
4,trat_est,4416,0.17980072463768115,0.3840213848960054,4
4,var171,763,0.039318479685452164,0.19435158049441437,4
4,tv_l_esu,10000,0.0153,0.12274326865453762,4
4,tvp_orig,16621,0.26791408459178145,0.4428725864954041,4
4,tv_l_ein,4541,0.8231667033693019,0.3815275636614183,4
4,tvp_prox,6756,0.8398460627590291,0.3667487609074993,4
4,tv_l_svc,11267,0.00878672228632289,0.09332478662062894,4
4,tv_l_vre,11868,0.008004718570947084,0.08911028589083876,4
4,tv_l_vrn,11817,0.00456968773800457,0.06744483443512705,4
4,tv_l_vca,14703,0.036183091886009655,0.18674548387465284,4
4,tv_l_yug,14765,0.02045377582119878,0.14154652548139401,4
4,tv_l_ova,14771,0.004942116308983819,0.07012625610548659,4
4,tv_l_sup,14765,0.0062309515746698275,0.07869006809721256,4
4,tv_l_pul,14771,0.004400514521697921,0.06619025603245726,4
4,tv_l_ove,11840,0.036233108108108106,0.18686966041852343,4
4,fr_antfa,12654,0.11988304093567251,0.32482471801217405,4
4,fr_tvs_a,9833,0.051459371504118785,0.22093280559599987,4
4,fr_viaje,311,0.04180064308681672,0.20013332886939464,4
4,fr_estro,219,0.0821917808219178,0.27465668021593725,4
4,fr_varic,615,0.1821138211382114,0.3859383076200793,4
4,fr_antec,76,0.06578947368421052,0.24791373265022065,4
4,ana_dime,1168,1.5881849315068493,0.5512415563721322,4
4,ana_crea,571,0.9246935201401051,0.26388522874728354,4
4,ana_trop,11731,0.8817662603358623,0.3228846891216285,4
4,peso,13,84.76923076923077,25.741776419945023,4
4,tension_,786,129.75190839694656,20.853988401164028,4
4,ana_hemo,36,13.5,2.323072677870124,4
4,ana_plaq,30,255.7,93.37385429908453,4
4,ana_leuc,82,8.185,3.280001580160238,4
4,ana_neu,14936,6.330517206748795,3.2755715319792063,4
4,protcrea,17152,22.16213829291045,38.12009854190063,4
4,splanchnic,11181,0.015919864055093463,0.12516557826958977,4
5,raza,10655,2.91083998122947,0.6548593210584237,4
5,ant_inf,4359,0.036935076852489104,0.18860243092386114,4
5,ant_isq,4364,0.04078826764436297,0.19779935507209012,4
5,ant_clau,4377,0.030843043180260453,0.17289230713840636,4
5,fum_act,4499,0.20293398533007334,0.4021837676089463,4
5,diabetes,4338,0.1136468418626095,0.31738184761776234,4
5,hip_art,4230,0.3475177304964539,0.47618185337856794,4
5,insf_car,126,0.023809523809523808,0.1524553389864964,4
5,fibr_aur,9231,0.0228577618892861,0.14944994014953236,4
5,trat_est,4416,0.19021739130434784,0.39247259184523503,4
5,var171,763,0.035386631716906945,0.1847550216168398,4
5,tv_l_esu,10000,0.018,0.132951118836962,4
5,tvp_orig,16621,0.28115035196438243,0.4495607095317453,4
5,tv_l_ein,4541,0.8218454085003303,0.3826428269643317,4
5,tvp_prox,6756,0.8392539964476021,0.3672965095046921,4
5,tv_l_svc,11267,0.0065678530220999376,0.08077571620716235,4
5,tv_l_vre,11868,0.008678800134816313,0.0927549382137481,4
5,tv_l_vrn,11817,0.005585173902005585,0.0745250275712122,4
5,tv_l_vca,14703,0.04284839828606407,0.2025152168366192,4
5,tv_l_yug,14765,0.021876058245851676,0.1462788307359468,4
5,tv_l_ova,14771,0.0037912125110012864,0.06145599416409854,4
5,tv_l_sup,14765,0.006434134778191669,0.07995459141192415,4
5,tv_l_pul,14771,0.005551418319680455,0.07430074073870578,4
5,tv_l_ove,11840,0.030658783783783783,0.17239148111401267,4
5,fr_antfa,12654,0.13331752805437017,0.33991758525831284,4
5,fr_tvs_a,9833,0.048001627173802505,0.21376966801319072,4
5,fr_viaje,311,0.05466237942122187,0.2273200468441625,4
5,fr_estro,219,0.0502283105022831,0.21841572133518533,4
5,fr_varic,615,0.1951219512195122,0.3962945563237054,4
5,fr_antec,76,0.05263157894736842,0.22329687826943606,4
5,ana_dime,1168,1.5650684931506849,0.5575254113937625,4
5,ana_crea,571,0.9316987740805605,0.25226210269745486,4
5,ana_trop,11731,0.8827039468076038,0.32177272895303416,4
5,peso,13,86.84615384615384,11.312662434676762,4
5,tension_,786,131.07888040712467,22.10319048892645,4
5,ana_hemo,36,14.005555555555555,2.1516072086342604,4
5,ana_plaq,30,246.93333333333334,118.07848613904605,4
5,ana_leuc,82,8.635731707317072,3.3758424532970213,4
5,ana_neu,14936,7.02304633101232,3.3506320952915813,4
5,protcrea,17152,19.742959771455226,34.01792128938795,4
5,splanchnic,11181,0.014578302477417046,0.1198573133951115,4
1,raza,10655,2.896855936180197,0.6733963639359667,5
1,ant_inf,4359,0.025923376921312226,0.15890675080155595,5
1,ant_isq,4364,0.039184234647112744,0.19403306522918393,5
1,ant_clau,4377,0.021247429746401644,0.1442081012827413,5
1,fum_act,4499,0.19315403422982885,0.3947727869174507,5
1,diabetes,4338,0.09336099585062241,0.29093765707519276,5
1,hip_art,4230,0.32387706855791965,0.46795375094153085,5
1,insf_car,126,0.023809523809523808,0.15245533898649635,5
1,fibr_aur,9231,0.026649333766655833,0.161056346588544,5
1,trat_est,4416,0.1696105072463768,0.37529026509890123,5
1,var171,763,0.035386631716906945,0.1847550216168398,5
1,tv_l_esu,10000,0.0373,0.18949593663189723,5
1,tvp_orig,16621,0.23259731664761446,0.42248763879662066,5
1,tv_l_ein,4541,0.8070909491301476,0.39458224613170967,5
1,tvp_prox,6756,0.8413262285375962,0.3653715994878373,5
1,tv_l_svc,11267,0.00692287210437561,0.0829152938015784,5
1,tv_l_vre,11868,0.007162116616110549,0.08432568233751674,5
1,tv_l_vrn,11817,0.004738935432004739,0.06867661845909444,5
1,tv_l_vca,14703,0.03849554512684486,0.19238928798722632,5
1,tv_l_yug,14765,0.01659329495428378,0.12774176105269539,5
1,tv_l_ova,14771,0.005212917202626769,0.07201210104465307,5
1,tv_l_sup,14765,0.006908228919742634,0.0828281672677542,5
1,tv_l_pul,14771,0.0037912125110012864,0.06145599416409854,5
1,tv_l_ove,11840,0.03302364864864865,0.1786983135862766,5
1,fr_antfa,12654,0.1287339971550498,0.33490529277921754,5
1,fr_tvs_a,9833,0.042611613953015354,0.2019798611479237,5
1,fr_viaje,311,0.022508038585209004,0.14832877935267905,5
1,fr_estro,219,0.0502283105022831,0.21841572133518533,5
1,fr_varic,615,0.2146341463414634,0.4105683007317232,5
1,fr_antec,76,0.05263157894736842,0.22329687826943606,5
1,ana_dime,1168,1.5898972602739727,0.5678009639389742,5
1,ana_crea,571,0.9352014010507881,0.24617014547550461,5
1,ana_trop,11731,0.8827891910323076,0.3216713155207214,5
1,peso,13,78.96153846153847,16.136987539931525,5
1,tension_,786,128.85241730279898,20.146059553438555,5
1,ana_hemo,36,13.844444444444443,1.925911680858999,5
1,ana_plaq,30,219.46666666666667,63.73891188974667,5
1,ana_leuc,82,9.183048780487804,3.4151576362661933,5
1,ana_neu,14936,6.54531889394751,3.295832495051654,5
1,protcrea,17152,15.672329407649253,28.590434618844625,5
1,splanchnic,11181,0.012431803953134783,0.11080277164225455,5
2,raza,10655,2.9050211168465507,0.6237803769983274,5
2,ant_inf,4359,0.036017435191557694,0.18633351698977732,5
2,ant_isq,4364,0.03620531622364803,0.186800672645453,5
2,ant_clau,4377,0.026730637422892393,0.16129510360162286,5
2,fum_act,4499,0.20804623249611023,0.40591008565972425,5
2,diabetes,4338,0.09774089442139235,0.2969639910479023,5
2,hip_art,4230,0.33947990543735224,0.4735327858148774,5
2,insf_car,126,0.023809523809523808,0.15245533898649635,5
2,fibr_aur,9231,0.020907810638067383,0.14307576346953418,5
2,trat_est,4416,0.17889492753623187,0.3832643114588654,5
2,var171,763,0.03407601572739188,0.18142447706838907,5
2,tv_l_esu,10000,0.0205,0.14170303454760594,5
2,tvp_orig,16621,0.2141267071776668,0.4102151392268654,5
2,tv_l_ein,4541,0.8209645452543493,0.3833820036069361,5
2,tvp_prox,6756,0.8305210183540557,0.3751744346649942,5
2,tv_l_svc,11267,0.008609212745185054,0.09238557355503725,5
2,tv_l_vre,11868,0.006825075834175936,0.0823316110253752,5
2,tv_l_vrn,11817,0.004823559279004823,0.06928414360361793,5
2,tv_l_vca,14703,0.039311705094198464,0.19433552155173597,5
2,tv_l_yug,14765,0.013748730104977989,0.11644613572583018,5
2,tv_l_ova,14771,0.005077516755805294,0.07107556246277487,5
2,tv_l_sup,14765,0.005960040636640704,0.07697089418897442,5
2,tv_l_pul,14771,0.0034527113939476,0.05865824901902293,5
2,tv_l_ove,11840,0.031503378378378376,0.17467374023913007,5
2,fr_antfa,12654,0.13608345187292556,0.34287715875991903,5
2,fr_tvs_a,9833,0.0443404861181735,0.2058504491347482,5
2,fr_viaje,311,0.03858520900321544,0.19260423320735612,5
2,fr_estro,219,0.0776255707762557,0.26758146710472347,5
2,fr_varic,615,0.216260162601626,0.41169370249391024,5
2,fr_antec,76,0.013157894736842105,0.11395071102426826,5
2,ana_dime,1168,1.581335616438356,0.5630405442638158,5
2,ana_crea,571,0.9141856392294221,0.2800897289372015,5
2,ana_trop,11731,0.8781860028983036,0.327070859618836,5
2,peso,13,86.83846153846154,13.552946796320915,5
2,tension_,786,129.22773536895673,21.43444456839075,5
2,ana_hemo,36,13.555555555555557,2.059051081936699,5
2,ana_plaq,30,256.4,148.38544403006648,5
2,ana_leuc,82,9.090731707317074,3.3599309591076802,5
2,ana_neu,14936,6.282620782003214,3.2571249457406233,5
2,protcrea,17152,19.358822061567164,31.717085999850028,5
2,splanchnic,11181,0.01654592612467579,0.1275623708362014,5
3,raza,10655,2.9030502111684653,0.6129259065196007,5
3,ant_inf,4359,0.035329203945859144,0.18461053949981032,5
3,ant_isq,4364,0.03643446379468378,0.18736860367382163,5
3,ant_clau,4377,0.025359835503769704,0.1572155025657185,5
3,fum_act,4499,0.19693265170037785,0.39768100582581956,5
3,diabetes,4338,0.10235131396957123,0.3031097532219534,5
3,hip_art,4230,0.3371158392434988,0.47272481442658615,5
3,insf_car,126,0.023809523809523808,0.1524553389864964,5
3,fibr_aur,9231,0.02870761564294226,0.16698349752906527,5
3,trat_est,4416,0.1721014492753623,0.3774685952932803,5
3,var171,763,0.0327653997378768,0.1780219882989007,5
3,tv_l_esu,10000,0.0184,0.134392856953039,5
3,tvp_orig,16621,0.23169484387220984,0.4219150900302597,5
3,tv_l_ein,4541,0.8288923144681788,0.3766030343528376,5
3,tvp_prox,6756,0.8411782119597395,0.3655098188612107,5
3,tv_l_svc,11267,0.005857814857548593,0.07631186580501931,5
3,tv_l_vre,11868,0.00741489720256151,0.08578995571765353,5
3,tv_l_vrn,11817,0.004315816197004316,0.06555295513977988,5
3,tv_l_vca,14703,0.040876011698292865,0.19800293777096814,5
3,tv_l_yug,14765,0.018286488316965797,0.13398541958735388,5
3,tv_l_ova,14771,0.010019633064789113,0.09959538150956648,5
3,tv_l_sup,14765,0.01110734845919404,0.10480446206817762,5
3,tv_l_pul,14771,0.0048067158621623455,0.06916365624215351,5
3,tv_l_ove,11840,0.03969594594594594,0.19524389317313479,5
3,fr_antfa,12654,0.13300142247510668,0.3395762713952565,5
3,fr_tvs_a,9833,0.04556086647004983,0.20853075052986342,5
3,fr_viaje,311,0.02572347266881029,0.1583091141490826,5
3,fr_estro,219,0.0730593607305936,0.2602339150461188,5
3,fr_varic,615,0.16260162601626016,0.3690018119645599,5
3,fr_antec,76,0.013157894736842105,0.11395071102426825,5
3,ana_dime,1168,1.581335616438356,0.5476233804483343,5
3,ana_crea,571,0.9439579684763573,0.2300028743871384,5
3,ana_trop,11731,0.8782712471230074,0.32697226732554036,5
3,peso,13,78.46153846153847,17.526311580966944,5
3,tension_,786,130.18447837150129,21.14424742767193,5
3,ana_hemo,36,14.08888888888889,1.7284832429004495,5
3,ana_plaq,30,238.36666666666667,67.50134978074307,5
3,ana_leuc,82,9.111097560975608,3.4012849100394904,5
3,ana_neu,14936,6.4754918987680785,3.3062294069232077,5
3,protcrea,17152,22.2234296875,33.64652753793588,5
3,splanchnic,11181,0.014309990161881763,0.11876537518758828,5
4,raza,10655,2.9335523228531204,0.5906319377038113,5
4,ant_inf,4359,0.037393897682954806,0.18972504868633328,5
4,ant_isq,4364,0.03551787351054079,0.18508472160562042,5
4,ant_clau,4377,0.026730637422892393,0.16129510360162286,5
4,fum_act,4499,0.20404534340964658,0.4030022844134832,5
4,diabetes,4338,0.11226371599815584,0.31569063031461864,5
4,hip_art,4230,0.3288416075650118,0.46979229953147444,5
4,insf_car,126,0.031746031746031744,0.1753231907490041,5
4,fibr_aur,9231,0.02513270501570794,0.15652811937253105,5
4,trat_est,4416,0.17640398550724637,0.38116350744058064,5
4,var171,763,0.03669724770642202,0.18801744524696512,5
4,tv_l_esu,10000,0.0186,0.13510751274448063,5
4,tvp_orig,16621,0.1786896095301125,0.3830921990540769,5
4,tv_l_ein,4541,0.8130367760405197,0.38988200374748966,5
4,tvp_prox,6756,0.8410301953818827,0.3656479260679525,5
4,tv_l_svc,11267,0.006124079169255348,0.07801650353344503,5
4,tv_l_vre,11868,0.006993596225143242,0.08333478167597792,5
4,tv_l_vrn,11817,0.006092916984006093,0.07781897806211607,5
4,tv_l_vca,14703,0.05012582466163368,0.21820455165652444,5
4,tv_l_yug,14765,0.0168642058923129,0.12876258948908484,5
4,tv_l_ova,14771,0.010290433958432063,0.10091848654919086,5
4,tv_l_sup,14765,0.008195055875380969,0.09015484975629627,5
4,tv_l_pul,14771,0.0048067158621623455,0.06916365624215351,5
4,tv_l_ove,11840,0.034797297297297296,0.18326605086076578,5
4,fr_antfa,12654,0.1367156630314525,0.34354692621725313,5
4,fr_tvs_a,9833,0.048001627173802505,0.2137696680131907,5
4,fr_viaje,311,0.05466237942122187,0.2273200468441625,5
4,fr_estro,219,0.1141552511415525,0.31799973235580187,5
4,fr_varic,615,0.1983739837398374,0.39877530805583256,5
4,fr_antec,76,0.06578947368421052,0.24791373265022068,5
4,ana_dime,1168,1.5804794520547945,0.5692121835060758,5
4,ana_crea,571,0.9281961471103327,0.2581628548026735,5
4,ana_trop,11731,0.8894382405592021,0.3135886745246917,5
4,peso,13,84.15384615384616,12.062951251638559,5
4,tension_,786,129.94910941475828,21.817831385874044,5
4,ana_hemo,36,14.152777777777779,1.7686288020684762,5
4,ana_plaq,30,240.03333333333333,107.3863688846132,5
4,ana_leuc,82,9.237439024390245,3.251911187014983,5
4,ana_neu,14936,6.863440747188002,3.355479587743428,5
4,protcrea,17152,10.408339668843285,20.688136163158358,5
4,splanchnic,11181,0.016367051247652267,0.12688250817630062,5
5,raza,10655,2.916283435007039,0.6223828224377144,5
5,ant_inf,4359,0.03831153934388621,0.19194729822789397,5
5,ant_isq,4364,0.03230980751604033,0.17682161591365678,5
5,ant_clau,4377,0.030843043180260453,0.17289230713840636,5
5,fum_act,4499,0.20804623249611023,0.40591008565972425,5
5,diabetes,4338,0.1016597510373444,0.30220034092695786,5
5,hip_art,4230,0.3219858156028369,0.46723757356767964,5
5,insf_car,126,0.023809523809523808,0.15245533898649635,5
5,fibr_aur,9231,0.026974325641858955,0.16200836829628865,5
5,trat_est,4416,0.1791213768115942,0.383453920544194,5
5,var171,763,0.03800786369593709,0.19121523473093918,5
5,tv_l_esu,10000,0.0171,0.129644089722594,5
5,tvp_orig,16621,0.22808495277059143,0.41959767288466754,5
5,tv_l_ein,4541,0.8121559127945387,0.3905876164286426,5
5,tvp_prox,6756,0.8346654825340438,0.3714821863834868,5
5,tv_l_svc,11267,0.007721665039495873,0.08753308476521149,5
5,tv_l_vre,11868,0.007077856420626896,0.08383173843548686,5
5,tv_l_vrn,11817,0.005331302361005331,0.07282087321737409,5
5,tv_l_vca,14703,0.039175678432972864,0.19401274353064843,5
5,tv_l_yug,14765,0.0186251269895022,0.13519701044818677,5
5,tv_l_ova,14771,0.004739015638751608,0.06867719686713541,5
5,tv_l_sup,14765,0.003792753132407721,0.061468432191526826,5
5,tv_l_pul,14771,0.00419741385146571,0.06465133848904625,5
5,tv_l_ove,11840,0.03800675675675676,0.19121256025060038,5
5,fr_antfa,12654,0.12707444286391656,0.3330563448348368,5
5,fr_tvs_a,9833,0.04484897793145531,0.20697233416560565,5
5,fr_viaje,311,0.02572347266881029,0.1583091141490826,5
5,fr_estro,219,0.0776255707762557,0.26758146710472347,5
5,fr_varic,615,0.18699186991869918,0.38990500189534305,5
5,fr_antec,76,0.039473684210526314,0.19471906035458875,5
5,ana_dime,1168,1.5796232876712328,0.5540905128622812,5
5,ana_crea,571,0.9299474605954466,0.2552355404866785,5
5,ana_trop,11731,0.8827039468076038,0.32177272895303416,5
5,peso,13,88.4,30.901033092015645,5
5,tension_,786,129.52798982188295,20.429979848760535,5
5,ana_hemo,36,14.347222222222221,1.322977725333422,5
5,ana_plaq,30,228.0,76.20717376555395,5
5,ana_leuc,82,8.93548780487805,3.4022231442135022,5
5,ana_neu,14936,6.365859266202464,3.2969775130398142,5
5,protcrea,17152,13.779405783582089,26.181743538903696,5
5,splanchnic,11181,0.016903675878722834,0.12891059545479538,5
1,raza,10655,2.902862505865791,0.6148836512751436,6
1,ant_inf,4359,0.030511585225969258,0.1719901985374971,6
1,ant_isq,4364,0.02910174152153987,0.16809173139078956,6
1,ant_clau,4377,0.016221156042951792,0.1263250970297747,6
1,fum_act,4499,0.20160035563458548,0.4011952794370768,6
1,diabetes,4338,0.09635776855693869,0.29508125829280674,6
1,hip_art,4230,0.3366430260047281,0.4725616351832933,6
1,insf_car,126,0.031746031746031744,0.1753231907490041,6
1,fibr_aur,9231,0.0293575993933485,0.1688067852641243,6
1,trat_est,4416,0.17640398550724637,0.3811635074405807,6
1,var171,763,0.04062909567496723,0.19742941082726656,6
1,tv_l_esu,10000,0.0352,0.18428499667634365,6
1,tvp_orig,16621,0.258287708320799,0.437693006628149,6
1,tv_l_ein,4541,0.8161197974014535,0.38738646554940975,6
1,tvp_prox,6756,0.8466548253404381,0.36031990240367007,6
1,tv_l_svc,11267,0.004881512381290494,0.06969708184825102,6
1,tv_l_vre,11868,0.007330637007077857,0.08530474059598514,6
1,tv_l_vrn,11817,0.002538715410002539,0.05032166863359713,6
1,tv_l_vca,14703,0.039243691763585664,0.19417421152241185,6
1,tv_l_yug,14765,0.016051473078225534,0.12567347886584718,6
1,tv_l_ova,14771,0.005416017872858981,0.07339403670094628,6
1,tv_l_sup,14765,0.008059600406366408,0.08941276892958919,6
1,tv_l_pul,14771,0.0033850111705368627,0.058082293944989836,6
1,tv_l_ove,11840,0.03175675675675676,0.1753518324884258,6
1,fr_antfa,12654,0.11980401454085665,0.32473221681987585,6
1,fr_tvs_a,9833,0.046679548459269804,0.21095157789148794,6
1,fr_viaje,311,0.028938906752411574,0.16763486042105563,6
1,fr_estro,219,0.0319634703196347,0.17590283364619383,6
1,fr_varic,615,0.21300813008130082,0.4094333481783921,6
1,fr_antec,76,0.013157894736842105,0.11395071102426826,6
1,ana_dime,1168,1.5616438356164384,0.5775195275086213,6
1,ana_crea,571,0.9141856392294221,0.2800897289372016,6
1,ana_trop,11731,0.8870514022674963,0.31652995435308284,6
1,peso,13,89.23076923076923,18.63889170588393,6
1,tension_,786,129.8091603053435,20.98622394520079,6
1,ana_hemo,36,13.941666666666668,2.20458801895804,6
1,ana_plaq,30,238.11666666666667,79.82018158892454,6
1,ana_leuc,82,8.111341463414632,2.4605907292886546,6
1,ana_neu,14936,6.418833154793788,3.3049456853746877,6
1,protcrea,17152,16.667599580223882,30.146694210068116,6
1,splanchnic,11181,0.014041677846346481,0.11766269217388281,6
2,raza,10655,2.9197559831065227,0.6317421975629822,6
2,ant_inf,4359,0.03395274145446203,0.18110757245954262,6
2,ant_isq,4364,0.03414298808432631,0.18159637785209223,6
2,ant_clau,4377,0.023989033584647018,0.1530149007525793,6
2,fum_act,4499,0.2027117137141587,0.4020194955934695,6
2,diabetes,4338,0.0954356846473029,0.293815783686315,6
2,hip_art,4230,0.32505910165484636,0.4683969279213845,6
2,insf_car,126,0.015873015873015872,0.12498425196844144,6
2,fibr_aur,9231,0.024916043765572528,0.15586928667522865,6
2,trat_est,4416,0.17617753623188406,0.38097114321054193,6
2,var171,763,0.04062909567496723,0.19742941082726656,6
2,tv_l_esu,10000,0.0233,0.15085459886924227,6
2,tvp_orig,16621,0.25172973948619215,0.43400677154211087,6
2,tv_l_ein,4541,0.8218454085003303,0.3826428269643317,6
2,tvp_prox,6756,0.8305210183540557,0.3751744346649942,6
2,tv_l_svc,11267,0.0047927576107215765,0.06906364517752048,6
2,tv_l_vre,11868,0.007162116616110549,0.08432568233751674,6
2,tv_l_vrn,11817,0.005923669290005923,0.07673707990371126,6
2,tv_l_vca,14703,0.042440318302387266,0.2015915119363395,6
2,tv_l_yug,14765,0.01483237385709448,0.1208816551129983,6
2,tv_l_ova,14771,0.004874416085573083,0.06964665213344996,6
2,tv_l_sup,14765,0.006163223840162547,0.07826390299530557,6
2,tv_l_pul,14771,0.0027757091598402273,0.05261182945403254,6
2,tv_l_ove,11840,0.031081081081081083,0.17353687642663257,6
2,fr_antfa,12654,0.13687371582108424,0.34371398245985474,6
2,fr_tvs_a,9833,0.05044238787755517,0.21885601061603369,6
2,fr_viaje,311,0.05466237942122187,0.2273200468441625,6
2,fr_estro,219,0.0730593607305936,0.2602339150461188,6
2,fr_varic,615,0.18048780487804877,0.38459323598882,6
2,fr_antec,76,0.013157894736842105,0.11395071102426826,6
2,ana_dime,1168,1.6138698630136987,0.5433717257821143,6
2,ana_crea,571,0.9299474605954466,0.2552355404866785,6
2,ana_trop,11731,0.8706845111243713,0.33554879408587635,6
2,peso,13,92.47692307692309,18.846307691679755,6
2,tension_,786,130.1997455470738,20.12403143400019,6
2,ana_hemo,36,14.100000000000001,1.805239288540134,6
2,ana_plaq,30,212.53333333333333,81.77967691031529,6
2,ana_leuc,82,8.293780487804879,2.544117385044874,6
2,ana_neu,14936,6.372733061060525,3.303730215562368,6
2,protcrea,17152,20.185588852611943,34.092713251960426,6
2,splanchnic,11181,0.011895179322064216,0.1084144087792769,6
3,raza,10655,2.9272641952135148,0.5991257318314019,6
3,ant_inf,4359,0.030282174810736407,0.17136267008735717,6
3,ant_isq,4364,0.04307974335472044,0.2030366446413353,6
3,ant_clau,4377,0.023532099611606124,0.15158608082365468,6
3,fum_act,4499,0.20204489886641475,0.4015255380526562,6
3,diabetes,4338,0.09474412171507607,0.292861184036934,6
3,hip_art,4230,0.3293144208037825,0.4699642891267929,6
3,insf_car,126,0.023809523809523808,0.15245533898649635,6
3,fibr_aur,9231,0.026974325641858955,0.16200836829628865,6
3,trat_est,4416,0.1875,0.3903123748998999,6
3,var171,763,0.045871559633027525,0.20920650001819047,6
3,tv_l_esu,10000,0.0191,0.13687655021953177,6
3,tvp_orig,16621,0.2514890800794176,0.4338690155798474,6
3,tv_l_ein,4541,0.8288923144681788,0.3766030343528376,6
3,tvp_prox,6756,0.8355535820011841,0.3706801769803379,6
3,tv_l_svc,11267,0.004970267151859413,0.07032470118172247,6
3,tv_l_vre,11868,0.006993596225143242,0.08333478167597792,6
3,tv_l_vrn,11817,0.006516036219006516,0.08045854517078416,6
3,tv_l_vca,14703,0.05080595796776168,0.2196012581993549,6
3,tv_l_yug,14765,0.019641043007111413,0.13876336849725224,6
3,tv_l_ova,14771,0.003926612957822761,0.06253954483766426,6
3,tv_l_sup,14765,0.0056214019641043006,0.07476497712206072,6
3,tv_l_pul,14771,0.002166407149143592,0.046494234365217074,6
3,tv_l_ove,11840,0.03285472972972973,0.178256266268864,6
3,fr_antfa,12654,0.135214161529951,0.34195217801865707,6
3,fr_tvs_a,9833,0.046781246821926165,0.21116998311244947,6
3,fr_viaje,311,0.04501607717041801,0.2073394076547075,6
3,fr_estro,219,0.0593607305936073,0.2362986124737098,6
3,fr_varic,615,0.2048780487804878,0.40361247987195326,6
3,fr_antec,76,0.039473684210526314,0.19471906035458875,6
3,ana_dime,1168,1.6027397260273972,0.5656182464795578,6
3,ana_crea,571,0.9001751313485113,0.29976634942935415,6
3,ana_trop,11731,0.8736680589890035,0.33222309024417707,6
3,peso,13,80.23076923076923,10.093058133450292,6
3,tension_,786,130.4058524173028,20.17151435055148,6
3,ana_hemo,36,13.558333333333332,1.7927903453059486,6
3,ana_plaq,30,237.83333333333334,85.9360550383572,6
3,ana_leuc,82,8.121219512195122,2.650878082890834,6
3,ana_neu,14936,6.5147779191215855,3.2980685877907714,6
3,protcrea,17152,10.351775536380597,22.545710460094377,6
3,splanchnic,11181,0.011984616760575977,0.10881629345680775,6
4,raza,10655,2.910370717972783,0.6412537604782156,6
4,ant_inf,4359,0.03991741225051618,0.19576519723826938,6
4,ant_isq,4364,0.03528872593950504,0.1845086224572487,6
4,ant_clau,4377,0.027187571395933287,0.16262966321530745,6
4,fum_act,4499,0.20893531895976883,0.40654809242074735,6
4,diabetes,4338,0.10926694329183956,0.3119738424860288,6
4,hip_art,4230,0.34515366430260047,0.47541835505277696,6
4,insf_car,126,0.047619047619047616,0.21295885499998002,6
4,fibr_aur,9231,0.025349366265843352,0.15718389197294827,6
4,trat_est,4416,0.19021739130434784,0.39247259184523503,6
4,var171,763,0.04193971166448231,0.20045142117226905,6
4,tv_l_esu,10000,0.0167,0.12814487894566837,6
4,tvp_orig,16621,0.2772998014559894,0.4476657475935123,6
4,tv_l_ein,4541,0.8288923144681788,0.3766030343528376,6
4,tvp_prox,6756,0.8361456483126111,0.37014335482417404,6
4,tv_l_svc,11267,0.0065678530220999376,0.08077571620716235,6
4,tv_l_vre,11868,0.00766767778901247,0.08722892012593274,6
4,tv_l_vrn,11817,0.0069391554540069395,0.08301206885502894,6
4,tv_l_vca,14703,0.036183091886009655,0.18674548387465287,6
4,tv_l_yug,14765,0.016525567219776497,0.12748518677807688,6
4,tv_l_ova,14771,0.006363821000609302,0.07951932333012843,6
4,tv_l_sup,14765,0.0035895699288858787,0.059805392036266405,6
4,tv_l_pul,14771,0.004671315415340871,0.06818719988114534,6
4,tv_l_ove,11840,0.031503378378378376,0.1746737402391301,6
4,fr_antfa,12654,0.140034771613719,0.3470231034856506,6
4,fr_tvs_a,9833,0.047289738635207974,0.2122579074028143,6
4,fr_viaje,311,0.07717041800643087,0.26686165815107943,6
4,fr_estro,219,0.0958904109589041,0.29444089397540657,6
4,fr_varic,615,0.216260162601626,0.41169370249391024,6
4,fr_antec,76,0.02631578947368421,0.16007269816574263,6
4,ana_dime,1168,1.5796232876712328,0.5602371029416732,6
4,ana_crea,571,0.9176882661996497,0.27483906614440845,6
4,ana_trop,11731,0.8838121217287529,0.3204500822500643,6
4,peso,13,82.65384615384616,17.489980225375433,6
4,tension_,786,132.60814249363867,22.231413825301516,6
4,ana_hemo,36,13.780555555555555,1.8130421709326694,6
4,ana_plaq,30,228.4,87.8136663623607,6
4,ana_leuc,82,7.950853658536586,2.683314841676203,6
4,ana_neu,14936,6.830607525441885,3.300956898474863,6
4,protcrea,17152,26.72334666511194,39.47591171892979,6
4,splanchnic,11181,0.014936052231464091,0.12129701799798323,6
5,raza,10655,2.922946973251994,0.6048249193084009,6
5,ant_inf,4359,0.035329203945859144,0.18461053949981032,6
5,ant_isq,4364,0.03895508707607699,0.19348795380325945,6
5,ant_clau,4377,0.027644505368974184,0.16395208657372717,6
5,fum_act,4499,0.21182484996665926,0.40860137408391267,6
5,diabetes,4338,0.11894882434301521,0.3237282834885295,6
5,hip_art,4230,0.3458628841607565,0.47564876697071296,6
5,insf_car,126,0.03968253968253968,0.19521228374998162,6
5,fibr_aur,9231,0.02513270501570794,0.15652811937253108,6
5,trat_est,4416,0.19429347826086957,0.3956558132596595,6
5,var171,763,0.04849279161205767,0.21480512278278474,6
5,tv_l_esu,10000,0.0166,0.12776713192366806,6
5,tvp_orig,16621,0.25816737861741174,0.43762653397072,6
5,tv_l_ein,4541,0.8143580709094913,0.3888174420651204,6
5,tvp_prox,6756,0.8413262285375962,0.3653715994878373,6
5,tv_l_svc,11267,0.005236531463566166,0.07217416575061501,6
5,tv_l_vre,11868,0.008004718570947084,0.08911028589083875,6
5,tv_l_vrn,11817,0.003977320809003977,0.06294046177290283,6
5,tv_l_vca,14703,0.04475277154322247,0.20676063692691268,6
5,tv_l_yug,14765,0.020792414493735183,0.1426887872022742,6
5,tv_l_ova,14771,0.004739015638751608,0.06867719686713541,6
5,tv_l_sup,14765,0.007043684388757196,0.08363056199134843,6
5,tv_l_pul,14771,0.002911109606661702,0.053876108318249044,6
5,tv_l_ove,11840,0.02981418918918919,0.17007440522365622,6
5,fr_antfa,12654,0.12952426110320847,0.3357792829953575,6
5,fr_tvs_a,9833,0.04637445337130072,0.21029470617638898,6
5,fr_viaje,311,0.02572347266881029,0.1583091141490826,6
5,fr_estro,219,0.1004566210045662,0.30060786466909206,6
5,fr_varic,615,0.1902439024390244,0.39249351590032083,6
5,fr_antec,76,0.039473684210526314,0.19471906035458872,6
5,ana_dime,1168,1.5710616438356164,0.5704644553608704,6
5,ana_crea,571,0.9387040280210157,0.23987241566744563,6
5,ana_trop,11731,0.8733270820901884,0.33260620826741305,6
5,peso,13,78.06153846153846,19.383956032742383,6
5,tension_,786,130.7175572519084,22.058195574374583,6
5,ana_hemo,36,13.911111111111111,1.9619686510376055,6
5,ana_plaq,30,231.43333333333334,83.41769729633049,6
5,ana_leuc,82,8.202439024390243,2.7669061532542303,6
5,ana_neu,14936,6.811332284413498,3.368520595971108,6
5,protcrea,17152,20.81958255597015,35.03050333598128,6
5,splanchnic,11181,0.012431803953134783,0.11080277164225455,6
1,raza,10655,2.892820272172689,0.6696196663002999,7
1,ant_inf,4359,0.028446891488873596,0.16624579950631488,7
1,ant_isq,4364,0.03643446379468378,0.18736860367382163,7
1,ant_clau,4377,0.023303632625085675,0.15086607747124836,7
1,fum_act,4499,0.20871304734385418,0.4063888669886224,7
1,diabetes,4338,0.09220839096357769,0.2893198983815073,7
1,hip_art,4230,0.32505910165484636,0.4683969279213845,7
1,insf_car,126,0.031746031746031744,0.1753231907490041,7
1,fibr_aur,9231,0.023399415014624635,0.1511683908480804,7
1,trat_est,4416,0.17481884057971014,0.3798120766353751,7
1,var171,763,0.03669724770642202,0.18801744524696515,7
1,tv_l_esu,10000,0.0419,0.20036064982925167,7
1,tvp_orig,16621,0.27543469105348656,0.44673305453901313,7
1,tv_l_ein,4541,0.806650517507157,0.39492462586244576,7
1,tvp_prox,6756,0.8379218472468917,0.3685224893452887,7
1,tv_l_svc,11267,0.006656607792668856,0.08131603387625001,7
1,tv_l_vre,11868,0.007836198179979777,0.08817478198478214,7
1,tv_l_vrn,11817,0.003554201574003554,0.059511084893277694,7
1,tv_l_vca,14703,0.034210705298238456,0.18177000011342778,7
1,tv_l_yug,14765,0.01564510667118185,0.12409809550685776,7
1,tv_l_ova,14771,0.005483718096269717,0.07384881131142437,7
1,tv_l_sup,14765,0.0030477480528276328,0.05512222133254536,7
1,tv_l_pul,14771,0.003994313181233498,0.0630742312156377,7
1,tv_l_ove,11840,0.033868243243243244,0.18088998132251477,7
1,fr_antfa,12654,0.14042990358779833,0.3474325053389795,7
1,fr_tvs_a,9833,0.039153869622699074,0.19396093451070956,7
1,fr_viaje,311,0.03536977491961415,0.18471262529061183,7
1,fr_estro,219,0.0776255707762557,0.26758146710472347,7
1,fr_varic,615,0.18699186991869918,0.38990500189534305,7
1,fr_antec,76,0.013157894736842105,0.11395071102426826,7
1,ana_dime,1168,1.5744863013698631,0.5639875245912265,7
1,ana_crea,571,0.9439579684763573,0.2300028743871384,7
1,ana_trop,11731,0.8868809138180889,0.3167383123704497,7
1,peso,13,82.0076923076923,11.67656835378914,7
1,tension_,786,130.27862595419847,21.421196516500007,7
1,ana_hemo,36,13.733333333333336,2.098147330914162,7
1,ana_plaq,30,276.3666666666667,155.14132983258273,7
1,ana_leuc,82,8.278414634146342,3.284057747892561,7
1,ana_neu,14936,6.637255155329406,3.3180240862917656,7
1,protcrea,17152,28.28440531716418,34.685946193125496,7
1,splanchnic,11181,0.012968428584205348,0.11313818296340859,7
2,raza,10655,2.913937118723604,0.6330547852538188,7
2,ant_inf,4359,0.03349392062399633,0.17992242190797053,7
2,ant_isq,4364,0.03253895508707608,0.1774265241978136,7
2,ant_clau,4377,0.028558373315055976,0.16656167815153003,7
2,fum_act,4499,0.21071349188708602,0.4078152967016281,7
2,diabetes,4338,0.10465652374366068,0.3061103326932191,7
2,hip_art,4230,0.34562647754137116,0.4755720929193756,7
2,insf_car,126,0.031746031746031744,0.1753231907490041,7
2,fibr_aur,9231,0.023616076264760047,0.15184978500681878,7
2,trat_est,4416,0.182518115942029,0.38627095838931647,7
2,var171,763,0.03669724770642202,0.18801744524696515,7
2,tv_l_esu,10000,0.0248,0.15551514395710792,7
2,tvp_orig,16621,0.25257204740990313,0.4344875237300524,7
2,tv_l_ein,4541,0.8262497247302356,0.3788945989499527,7
2,tvp_prox,6756,0.8456187092954411,0.3613138632615048,7
2,tv_l_svc,11267,0.007455400727789119,0.0860221932281269,7
2,tv_l_vre,11868,0.007583417593528817,0.08675199923420193,7
2,tv_l_vrn,11817,0.00566979774900567,0.07508429358055543,7
2,tv_l_vca,14703,0.040944025028905665,0.19816057085943714,7
2,tv_l_yug,14765,0.013206908228919742,0.11415991329688646,7
2,tv_l_ova,14771,0.0028434093832509647,0.05324776433175579,7
2,tv_l_sup,14765,0.005892312902133424,0.07653491719990803,7
2,tv_l_pul,14771,0.0034527113939476,0.05865824901902293,7
2,tv_l_ove,11840,0.030489864864864866,0.17193089601751962,7
2,fr_antfa,12654,0.12422949265054528,0.32984318365904336,7
2,fr_tvs_a,9833,0.04901861080036611,0.21590689334888855,7
2,fr_viaje,311,0.03858520900321544,0.19260423320735612,7
2,fr_estro,219,0.0639269406392694,0.24462274403614379,7
2,fr_varic,615,0.183739837398374,0.38727188066162654,7
2,fr_antec,76,0.013157894736842105,0.11395071102426826,7
2,ana_dime,1168,1.5796232876712328,0.6000820679080551,7
2,ana_crea,571,0.9352014010507881,0.24617014547550461,7
2,ana_trop,11731,0.8892677521097946,0.3138002822933522,7
2,peso,13,79.63076923076923,15.298988635018913,7
2,tension_,786,130.5267175572519,22.155589617793602,7
2,ana_hemo,36,13.438888888888888,2.742796401260114,7
2,ana_plaq,30,245.54666666666665,87.93838651136501,7
2,ana_leuc,82,8.70231707317073,3.2786360559338514,7
2,ana_neu,14936,6.316473553829673,3.304930591558771,7
2,protcrea,17152,50.36350221548508,55.676722259258646,7
2,splanchnic,11181,0.010821930059923084,0.10346408019066915,7
3,raza,10655,2.9122477709995307,0.6523934683381082,7
3,ant_inf,4359,0.040146822665749024,0.19630347754330266,7
3,ant_isq,4364,0.04055912007332722,0.19726651477684867,7
3,ant_clau,4377,0.02878684030157642,0.16720693205434983,7
3,fum_act,4499,0.20760168926428096,0.4055899750719906,7
3,diabetes,4338,0.11041954817888427,0.31341198375118867,7
3,hip_art,4230,0.3408983451536643,0.4740112482053116,7
3,insf_car,126,0.015873015873015872,0.12498425196844144,7
3,fibr_aur,9231,0.024699382515437115,0.1552073549120441,7
3,trat_est,4416,0.1933876811594203,0.39495428334834237,7
3,var171,763,0.04325032765399738,0.20342009933096397,7
3,tv_l_esu,10000,0.0264,0.1603216766379394,7
3,tvp_orig,16621,0.27092232717646353,0.4444360694337857,7
3,tv_l_ein,4541,0.8264699405417308,0.37870486915628465,7
3,tvp_prox,6756,0.8444345766725874,0.3624428539678711,7
3,tv_l_svc,11267,0.0083429484334783,0.09095792238675322,7
3,tv_l_vre,11868,0.007330637007077857,0.08530474059598514,7
3,tv_l_vrn,11817,0.005246678514005247,0.07224369092575436,7
3,tv_l_vca,14703,0.04339250493096647,0.20373903761130932,7
3,tv_l_yug,14765,0.015983745343718252,0.12541238068271177,7
3,tv_l_ova,14771,0.0058899194367341414,0.07651946344403443,7
3,tv_l_sup,14765,0.004808669150016932,0.0691776398196889,7
3,tv_l_pul,14771,0.005551418319680455,0.07430074073870578,7
3,tv_l_ove,11840,0.02846283783783784,0.16629102411150992,7
3,fr_antfa,12654,0.12486170380907223,0.3305620346182661,7
3,fr_tvs_a,9833,0.042611613953015354,0.2019798611479237,7
3,fr_viaje,311,0.03215434083601286,0.17640986140636916,7
3,fr_estro,219,0.0684931506849315,0.25259025910391475,7
3,fr_varic,615,0.23414634146341465,0.4234640861309406,7
3,fr_antec,76,0.013157894736842105,0.11395071102426826,7
3,ana_dime,1168,1.5984589041095891,0.5541540093866929,7
3,ana_crea,571,0.9334500875656743,0.24924089068471353,7
3,ana_trop,11731,0.8829596794817152,0.3214683248646156,7
3,peso,13,87.84615384615384,21.99596520289802,7
3,tension_,786,130.33715012722647,22.201301317116314,7
3,ana_hemo,36,13.322222222222223,1.740068822251821,7
3,ana_plaq,30,251.16666666666666,84.82691527785008,7
3,ana_leuc,82,9.068768292682927,4.121883917782932,7
3,ana_neu,14936,6.458914234065345,3.3272267020936,7
3,protcrea,17152,27.3734375,39.77140792571319,7
3,splanchnic,11181,0.010285305428852518,0.10089359702720355,7
4,raza,10655,2.903425621773815,0.6628596499367996,7
4,ant_inf,4359,0.038999770589584766,0.19359439166345835,7
4,ant_isq,4364,0.04032997250229148,0.19673196440908092,7
4,ant_clau,4377,0.028329906328535527,0.16591360021394244,7
4,fum_act,4499,0.19959991109135364,0.39969962044475016,7
4,diabetes,4338,0.11433840479483633,0.3182218314066596,7
4,hip_art,4230,0.3416075650118203,0.47424870747163383,7
4,insf_car,126,0.023809523809523808,0.15245533898649635,7
4,fibr_aur,9231,0.02220777813887986,0.14735872125196448,7
4,trat_est,4416,0.1899909420289855,0.3922937470517778,7
4,var171,763,0.03014416775884666,0.17098390833342525,7
4,tv_l_esu,10000,0.0192,0.13722740251130605,7
4,tvp_orig,16621,0.25750556524878165,0.4372601618198108,7
4,tv_l_ein,4541,0.8247082140497688,0.38021648534566405,7
4,tvp_prox,6756,0.8447306098283007,0.3621612992126683,7
4,tv_l_svc,11267,0.007544155498358037,0.086528846150718,7
4,tv_l_vre,11868,0.007246376811594203,0.08481666601970744,7
4,tv_l_vrn,11817,0.005923669290005923,0.07673707990371126,7
4,tv_l_vca,14703,0.04917363803305448,0.2162304126519871,7
4,tv_l_yug,14765,0.014696918388079919,0.12033669007403368,7
4,tv_l_ova,14771,0.005280617426037506,0.07247573735835555,7
4,tv_l_sup,14765,0.005756857433118863,0.07565524453475518,7
4,tv_l_pul,14771,0.006025319883555616,0.07738872917845624,7
4,tv_l_ove,11840,0.03547297297297297,0.18497200102024006,7
4,fr_antfa,12654,0.13189505294768453,0.3383766362437159,7
4,fr_tvs_a,9833,0.050950879690836975,0.21989744780139409,7
4,fr_viaje,311,0.05144694533762058,0.22090757604267094,7
4,fr_estro,219,0.0776255707762557,0.26758146710472347,7
4,fr_varic,615,0.22601626016260162,0.41824981805699907,7
4,fr_antec,76,0.013157894736842105,0.11395071102426826,7
4,ana_dime,1168,1.6001712328767124,0.5599963045326825,7
4,ana_crea,571,0.9422066549912435,0.23335225364554635,7
4,ana_trop,11731,0.8751172108089676,0.3305859618236995,7
4,peso,13,80.3076923076923,19.236922092622642,7
4,tension_,786,130.62213740458014,20.9105928696256,7
4,ana_hemo,36,13.697222222222221,1.661071627178456,7
4,ana_plaq,30,265.3333333333333,99.42747217053355,7
4,ana_leuc,82,8.647439024390243,3.6979324516564227,7
4,ana_neu,14936,6.675560190144617,3.3962597668192465,7
4,protcrea,17152,54.92158873600746,68.42526594238991,7
4,splanchnic,11181,0.010553617744387801,0.10218727365427235,7
5,raza,10655,2.9052088221492256,0.6061054070577476,7
5,ant_inf,4359,0.0435879788942418,0.20417655837572768,7
5,ant_isq,4364,0.040100824931255726,0.19619568999111195,7
5,ant_clau,4377,0.027416038382453736,0.16329237343447967,7
5,fum_act,4499,0.19782173816403645,0.39835699827390486,7
5,diabetes,4338,0.11526048870447211,0.3193360431396343,7
5,hip_art,4230,0.3382978723404255,0.4731304491473432,7
5,insf_car,126,0.015873015873015872,0.12498425196844144,7
5,fibr_aur,9231,0.022099447513812154,0.147007013211603,7
5,trat_est,4416,0.18297101449275363,0.38664275804448495,7
5,var171,763,0.04062909567496723,0.19742941082726656,7
5,tv_l_esu,10000,0.0179,0.1325880462183526,7
5,tvp_orig,16621,0.2586486974309608,0.43789216566208183,7
5,tv_l_ein,4541,0.8251486456727593,0.3798399113010248,7
5,tvp_prox,6756,0.8328892835997632,0.373074690731543,7
5,tv_l_svc,11267,0.006656607792668856,0.08131603387625001,7
5,tv_l_vre,11868,0.008173238961914391,0.0900357547132573,7
5,tv_l_vrn,11817,0.00456968773800457,0.06744483443512707,7
5,tv_l_vca,14703,0.039039651771747265,0.19368933207920352,7
5,tv_l_yug,14765,0.01578056214019641,0.1246255832433125,7
5,tv_l_ova,14771,0.004129713628054973,0.06413001710123918,7
5,tv_l_sup,14765,0.004334575008465967,0.0656946456567196,7
5,tv_l_pul,14771,0.003723512287590549,0.060906877639842205,7
5,tv_l_ove,11840,0.0316722972972973,0.1751261342039186,7
5,fr_antfa,12654,0.12462462462462462,0.33029279065973577,7
5,fr_tvs_a,9833,0.048103325536458866,0.21398456862304893,7
5,fr_viaje,311,0.03536977491961415,0.18471262529061183,7
5,fr_estro,219,0.0684931506849315,0.25259025910391475,7
5,fr_varic,615,0.2048780487804878,0.40361247987195326,7
5,fr_antec,76,0.039473684210526314,0.19471906035458872,7
5,ana_dime,1168,1.601027397260274,0.5583110900044821,7
5,ana_crea,571,0.9474605954465849,0.22311211424435842,7
5,ana_trop,11731,0.8736680589890035,0.33222309024417707,7
5,peso,13,82.23076923076923,13.42875128024738,7
5,tension_,786,130.35368956743002,20.8160999755888,7
5,ana_hemo,36,13.830555555555556,2.1506871569137105,7
5,ana_plaq,30,241.26666666666668,86.53243450996986,7
5,ana_leuc,82,8.368170731707318,2.9627937244731553,7
5,ana_neu,14936,6.581558181574718,3.3594644693938136,7
5,protcrea,17152,43.22454582555971,36.3669347851304,7
5,splanchnic,11181,0.011537429568017172,0.1067909981551826,7
1,raza,10655,2.887658376349132,0.6694042313959366,8
1,ant_inf,4359,0.026841018582243633,0.16161861991649132,8
1,ant_isq,4364,0.0346012832263978,0.18276770618871488,8
1,ant_clau,4377,0.0205620287868403,0.1419127610858497,8
1,fum_act,4499,0.19093131807068237,0.39303504913744564,8
1,diabetes,4338,0.08990318118948824,0.28604300236415203,8
1,hip_art,4230,0.3416075650118203,0.47424870747163383,8
1,insf_car,126,0.03968253968253968,0.1952122837499816,8
1,fibr_aur,9231,0.02621601126638501,0.1597771323427285,8
1,trat_est,4416,0.17232789855072464,0.3776651876090988,8
1,var171,763,0.035386631716906945,0.18475502161683982,8
1,tv_l_esu,10000,0.0434,0.2037558342722976,8
1,tvp_orig,16621,0.23115336020696708,0.4215702601844623,8
1,tv_l_ein,4541,0.8203038978198635,0.383934125914072,8
1,tvp_prox,6756,0.8394020130254588,0.3671597384712358,8
1,tv_l_svc,11267,0.007189136416082364,0.08448344650683544,8
1,tv_l_vre,11868,0.008257499157398046,0.09049482231080193,8
1,tv_l_vrn,11817,0.007446898536007447,0.08597349730121402,8
1,tv_l_vca,14703,0.032918452016595254,0.17842316983347867,8
1,tv_l_yug,14765,0.015509651202167287,0.12356820756875286,8
1,tv_l_ova,14771,0.006228420553787827,0.07867418465540638,8
1,tv_l_sup,14765,0.00460548594649509,0.0677072776420063,8
1,tv_l_pul,14771,0.005077516755805294,0.07107556246277487,8
1,tv_l_ove,11840,0.030658783783783783,0.17239148111401267,8
1,fr_antfa,12654,0.1251778093883357,0.3309204215896523,8
1,fr_tvs_a,9833,0.0430184074036408,0.20289855600298193,8
1,fr_viaje,311,0.012861736334405145,0.11267791297707545,8
1,fr_estro,219,0.0776255707762557,0.26758146710472347,8
1,fr_varic,615,0.18699186991869918,0.38990500189534305,8
1,fr_antec,76,0.039473684210526314,0.19471906035458875,8
1,ana_dime,1168,1.610445205479452,0.547216312076897,8
1,ana_crea,571,0.9194395796847635,0.27215884882521985,8
1,ana_trop,11731,0.8752024550336714,0.3304892097129734,8
1,peso,13,85.9,25.07459639985028,8
1,tension_,786,129.823155216285,20.914049801583968,8
1,ana_hemo,36,13.68611111111111,2.1609093736174256,8
1,ana_plaq,30,269.96666666666664,118.92364030007752,8
1,ana_leuc,82,9.094999999999999,2.924254022031235,8
1,ana_neu,14936,6.768476432779861,3.4033670299739938,8
1,protcrea,17152,20.23129512593284,34.899376713266214,8
1,splanchnic,11181,0.013505053215275915,0.1154238569487629,8
2,raza,10655,2.9048334115438763,0.6601551997681303,8
2,ant_inf,4359,0.03211745813259922,0.1763120160842702,8
2,ant_isq,4364,0.03620531622364803,0.186800672645453,8
2,ant_clau,4377,0.02376056659812657,0.15230233771371524,8
2,fum_act,4499,0.20337852856190264,0.4025117422907038,8
2,diabetes,4338,0.10189027201475334,0.3025039577980971,8
2,hip_art,4230,0.3359338061465721,0.4723158731552957,8
2,insf_car,126,0.047619047619047616,0.21295885499998,8
2,fibr_aur,9231,0.0196078431372549,0.1386483884679505,8
2,trat_est,4416,0.17572463768115942,0.3805857188505431,8
2,var171,763,0.04456094364351245,0.20633774726189136,8
2,tv_l_esu,10000,0.0278,0.1643993917263686,8
2,tvp_orig,16621,0.19667890018651105,0.3974874971718424,8
2,tv_l_ein,4541,0.8269103721647214,0.37832473957054846,8
2,tvp_prox,6756,0.8382178804026051,0.36825081856795533,8
2,tv_l_svc,11267,0.007632910268926955,0.08703245917330767,8
2,tv_l_vre,11868,0.0064037748567576675,0.0797669513291164,8
2,tv_l_vrn,11817,0.006516036219006516,0.08045854517078416,8
2,tv_l_vca,14703,0.034686798612528054,0.18298531256508532,8
2,tv_l_yug,14765,0.014358279715543515,0.11896268120361833,8
2,tv_l_ova,14771,0.007379324351770361,0.08558545392694795,8
2,tv_l_sup,14765,0.005485946495089739,0.07386373187256891,8
2,tv_l_pul,14771,0.003181910500304651,0.05631861100802027,8
2,tv_l_ove,11840,0.025,0.15612494995995996,8
2,fr_antfa,12654,0.12280701754385964,0.3282155602433282,8
2,fr_tvs_a,9833,0.04586596155801891,0.2091943477448118,8
2,fr_viaje,311,0.028938906752411574,0.16763486042105563,8
2,fr_estro,219,0.0821917808219178,0.27465668021593725,8
2,fr_varic,615,0.17398373983739837,0.37909549998594133,8
2,fr_antec,76,0.013157894736842105,0.11395071102426825,8
2,ana_dime,1168,1.5873287671232876,0.5544746879555563,8
2,ana_crea,571,0.9054290718038529,0.29262137265802424,8
2,ana_trop,11731,0.8786122240218225,0.3265773779998383,8
2,peso,13,86.92307692307692,18.56573161856393,8
2,tension_,786,129.60814249363867,21.76105807888302,8
2,ana_hemo,36,13.491666666666667,2.086913590289098,8
2,ana_plaq,30,241.53333333333333,77.22552830652712,8
2,ana_leuc,82,9.345731707317073,3.1256655995506235,8
2,ana_neu,14936,6.749134574183181,3.319042163173839,8
2,protcrea,17152,16.88865438432836,31.58100003876034,8
2,splanchnic,11181,0.015562114301046419,0.12377372459261128,8
3,raza,10655,2.92238385734397,0.6267022019522611,8
3,ant_inf,4359,0.03257627896306493,0.1775248292830766,8
3,ant_isq,4364,0.0419340054995417,0.20043838126044153,8
3,ant_clau,4377,0.0205620287868403,0.1419127610858497,8
3,fum_act,4499,0.20493442987330518,0.40365369975488713,8
3,diabetes,4338,0.11249423697556478,0.3159735489290998,8
3,hip_art,4230,0.341371158392435,0.47416968546106153,8
3,insf_car,126,0.047619047619047616,0.21295885499998002,8
3,fibr_aur,9231,0.02805763189253602,0.1651375220388115,8
3,trat_est,4416,0.1850090579710145,0.3883049142615791,8
3,var171,763,0.04062909567496723,0.19742941082726656,8
3,tv_l_esu,10000,0.0227,0.14894532553927295,8
3,tvp_orig,16621,0.29288249804464234,0.4550849814966128,8
3,tv_l_ein,4541,0.820744329442854,0.38356625911340786,8
3,tvp_prox,6756,0.8432504440497336,0.3635644821206559,8
3,tv_l_svc,11267,0.006124079169255348,0.07801650353344503,8
3,tv_l_vre,11868,0.006656555443208628,0.08131571627207201,8
3,tv_l_vrn,11817,0.006092916984006093,0.07781897806211607,8
3,tv_l_vca,14703,0.03115010542066245,0.17372327521936742,8
3,tv_l_yug,14765,0.015441923467660006,0.12330235385944154,8
3,tv_l_ova,14771,0.0071762236815381495,0.08440808903896994,8
3,tv_l_sup,14765,0.005079580088046055,0.0710899286409487,8
3,tv_l_pul,14771,0.005822219213323404,0.07608101587620536,8
3,tv_l_ove,11840,0.030489864864864866,0.17193089601751962,8
3,fr_antfa,12654,0.13165797376323693,0.3381185468261032,8
3,fr_tvs_a,9833,0.04901861080036611,0.21590689334888855,8
3,fr_viaje,311,0.01929260450160772,0.1375514446058356,8
3,fr_estro,219,0.0547945205479452,0.22757873597035827,8
3,fr_varic,615,0.2016260162601626,0.40121436393431786,8
3,fr_antec,76,0.02631578947368421,0.16007269816574263,8
3,ana_dime,1168,1.5702054794520548,0.5720690268462583,8
3,ana_crea,571,0.9334500875656743,0.24924089068471356,8
3,ana_trop,11731,0.8812547949876396,0.32348845620660543,8
3,peso,13,76.65384615384616,18.43636103692981,8
3,tension_,786,131.11577608142494,22.04980668926215,8
3,ana_hemo,36,13.738888888888889,1.5936118615999628,8
3,ana_plaq,30,251.1,92.43965599243649,8
3,ana_leuc,82,10.012280487804878,5.500541971688081,8
3,ana_neu,14936,6.864648768077129,3.366046714196493,8
3,protcrea,17152,16.53568435167911,29.974908414629585,8
3,splanchnic,11181,0.012431803953134783,0.11080277164225454,8
4,raza,10655,2.914687939934303,0.6075893653790028,8
4,ant_inf,4359,0.03991741225051618,0.19576519723826938,8
4,ant_isq,4364,0.03230980751604033,0.17682161591365678,8
4,ant_clau,4377,0.02467443454420836,0.15513093445258408,8
4,fum_act,4499,0.19270949099799956,0.39442685389979654,8
4,diabetes,4338,0.11295527893038267,0.31653812391581226,8
4,hip_art,4230,0.32907801418439714,0.4698783616691141,8
4,insf_car,126,0.023809523809523808,0.15245533898649638,8
4,fibr_aur,9231,0.024049398765030875,0.15320256258976678,8
4,trat_est,4416,0.17527173913043478,0.3801993642717299,8
4,var171,763,0.035386631716906945,0.1847550216168398,8
4,tv_l_esu,10000,0.0198,0.13931245457603567,8
4,tvp_orig,16621,0.2848204079176945,0.4513288636363651,8
4,tv_l_ein,4541,0.8176613080819203,0.3861234172485312,8
4,tvp_prox,6756,0.8391059798697454,0.3674331700004503,8
4,tv_l_svc,11267,0.007100381645513447,0.08396407699725818,8
4,tv_l_vre,11868,0.00623525446579036,0.07871706338232645,8
4,tv_l_vrn,11817,0.0037234492680037236,0.06090636414655143,8
4,tv_l_vca,14703,0.04312045160851527,0.20312823107976144,8
4,tv_l_yug,14765,0.02025059261767694,0.14085633147398743,8
4,tv_l_ova,14771,0.0036558120641798117,0.060352689271740055,8
4,tv_l_sup,14765,0.003995936335929563,0.0630869941329333,8
4,tv_l_pul,14771,0.006025319883555616,0.07738872917845624,8
4,tv_l_ove,11840,0.0335304054054054,0.18001699175009725,8
4,fr_antfa,12654,0.12889204994468154,0.3350804222955129,8
4,fr_tvs_a,9833,0.04474727956879894,0.2067485442270167,8
4,fr_viaje,311,0.03858520900321544,0.1926042332073561,8
4,fr_estro,219,0.0684931506849315,0.25259025910391475,8
4,fr_varic,615,0.1967479674796748,0.3975401926501163,8
4,fr_antec,76,0.05263157894736842,0.22329687826943606,8
4,ana_dime,1168,1.6018835616438356,0.5330481102226817,8
4,ana_crea,571,0.9159369527145359,0.27748234424291923,8
4,ana_trop,11731,0.8945528940414287,0.3071286600165037,8
4,peso,13,84.46153846153847,13.385499528711511,8
4,tension_,786,129.35750636132315,20.920804889925385,8
4,ana_hemo,36,13.975000000000001,1.6740461629105559,8
4,ana_plaq,30,229.03333333333333,81.73309543195393,8
4,ana_leuc,82,9.005487804878047,3.4468632443804665,8
4,ana_neu,14936,6.527724625066952,3.359211574463184,8
4,protcrea,17152,21.536502098880597,36.09970798423265,8
4,splanchnic,11181,0.015651551739558178,0.12412324789378545,8
5,raza,10655,2.899014547160957,0.6459155614361789,8
5,ant_inf,4359,0.03808212892865336,0.1913945672816101,8
5,ant_isq,4364,0.03689275893675527,0.1884984967441113,8
5,ant_clau,4377,0.028329906328535527,0.16591360021394247,8
5,fum_act,4499,0.2129362080462325,0.4093829250825248,8
5,diabetes,4338,0.10926694329183956,0.3119738424860288,8
5,hip_art,4230,0.34609929078014184,0.47572531118453715,8
5,insf_car,126,0.03968253968253968,0.1952122837499816,8
5,fibr_aur,9231,0.022424439389015276,0.14805939317417066,8
5,trat_est,4416,0.18115942028985507,0.38515021060632787,8
5,var171,763,0.039318479685452164,0.19435158049441437,8
5,tv_l_esu,10000,0.0169,0.12889681920047524,8
5,tvp_orig,16621,0.24818001323626737,0.43195681990948304,8
5,tv_l_ein,4541,0.8178815238934155,0.3859421417352604,8
5,tvp_prox,6756,0.8413262285375962,0.3653715994878373,8
5,tv_l_svc,11267,0.007455400727789119,0.0860221932281269,8
5,tv_l_vre,11868,0.005813953488372093,0.07602730715477918,8
5,tv_l_vrn,11817,0.008293137006008294,0.09068826211041796,8
5,tv_l_vca,14703,0.035979051894171256,0.18623791160493555,8
5,tv_l_yug,14765,0.020047409414155098,0.14016244429210112,8
5,tv_l_ova,14771,0.004332814298287184,0.06568135974950383,8
5,tv_l_sup,14765,0.006366407043684389,0.07953537518009528,8
5,tv_l_pul,14771,0.0031142102768939137,0.055718147593447516,8
5,tv_l_ove,11840,0.0339527027027027,0.1811074727389364,8
5,fr_antfa,12654,0.12430851904536115,0.3299331919315034,8
5,fr_tvs_a,9833,0.04281501067832808,0.20243983189812903,8
5,fr_viaje,311,0.05144694533762058,0.22090757604267097,8
5,fr_estro,219,0.0639269406392694,0.24462274403614379,8
5,fr_varic,615,0.22276422764227644,0.4161013416527475,8
5,fr_antec,76,0.06578947368421052,0.24791373265022068,8
5,ana_dime,1168,1.5856164383561644,0.5699663203252653,8
5,ana_crea,571,0.9246935201401051,0.26388522874728354,8
5,ana_trop,11731,0.8861989600204586,0.3175694621324856,8
5,peso,13,87.07692307692308,14.090157713052692,8
5,tension_,786,129.29262086513995,21.53110942993272,8
5,ana_hemo,36,13.994444444444445,1.5531230981556778,8
5,ana_plaq,30,268.7,148.44620799018972,8
5,ana_leuc,82,8.700365853658536,3.664687270829582,8
5,ana_neu,14936,6.413941081949653,3.284112208477005,8
5,protcrea,17152,24.253487523320892,38.642930922323316,8
5,splanchnic,11181,0.01395224040783472,0.11729269114244378,8
1,raza,10655,2.91984983575786,0.594953890908846,9
1,ant_inf,4359,0.027070428997476484,0.16228869606774549,9
1,ant_isq,4364,0.029560036663611365,0.16937012988144431,9
1,ant_clau,4377,0.013936486177747315,0.11722738814272361,9
1,fum_act,4499,0.1915981329184263,0.3935584942300183,9
1,diabetes,4338,0.08782849239280774,0.28304531141994604,9
1,hip_art,4230,0.3333333333333333,0.47140452079103173,9
1,insf_car,126,0.015873015873015872,0.12498425196844144,9
1,fibr_aur,9231,0.0277326400173329,0.16420578764161123,9
1,trat_est,4416,0.16191123188405798,0.36836935930373577,9
1,var171,763,0.03669724770642202,0.18801744524696515,9
1,tv_l_esu,10000,0.0389,0.19335663939984066,9
1,tvp_orig,16621,0.23710968052463752,0.4253100985470976,9
1,tv_l_ein,4541,0.8310944725831315,0.37466845373596375,9
1,tvp_prox,6756,0.8439905269390172,0.3628643236475822,9
1,tv_l_svc,11267,0.007277891186651283,0.0849995499195528,9
1,tv_l_vre,11868,0.008173238961914391,0.0900357547132573,9
1,tv_l_vrn,11817,0.006008293137006009,0.07727996862438423,9
1,tv_l_vca,14703,0.041080051690131264,0.1984753915307069,9
1,tv_l_yug,14765,0.0186251269895022,0.13519701044818677,9
1,tv_l_ova,14771,0.0031142102768939137,0.055718147593447516,9
1,tv_l_sup,14765,0.006637317981713512,0.0811989161979588,9
1,tv_l_pul,14771,0.0032496107237153884,0.05691265899481153,9
1,tv_l_ove,11840,0.041891891891891894,0.20034211061484286,9
1,fr_antfa,12654,0.13908645487592855,0.34603672196166524,9
1,fr_tvs_a,9833,0.05023899115224245,0.21843771405196344,9
1,fr_viaje,311,0.022508038585209004,0.14832877935267905,9
1,fr_estro,219,0.0821917808219178,0.27465668021593725,9
1,fr_varic,615,0.20650406504065041,0.40479641322810306,9
1,fr_antec,76,0.039473684210526314,0.19471906035458872,9
1,ana_dime,1168,1.5890410958904109,0.5618734913029232,9
1,ana_crea,571,0.9141856392294221,0.2800897289372015,9
1,ana_trop,11731,0.8830449237064188,0.3213667475373638,9
1,peso,13,76.07692307692308,11.505594214331222,9
1,tension_,786,130.5,20.95671353621998,9
1,ana_hemo,36,13.52222222222222,1.580103919070429,9
1,ana_plaq,30,267.0,87.84228290901066,9
1,ana_leuc,82,8.030365853658537,2.4659186410341847,9
1,ana_neu,14936,6.698067354043921,3.376138131672799,9
1,protcrea,17152,8.133895172574627,18.930600480534423,9
1,splanchnic,11181,0.013773365530811198,0.11654895938087932,9
2,raza,10655,2.9278273111215394,0.6393552596399952,9
2,ant_inf,4359,0.029593943565037854,0.16946427962643693,9
2,ant_isq,4364,0.037351054078826766,0.1896205496195687,9
2,ant_clau,4377,0.027416038382453736,0.16329237343447967,9
2,fum_act,4499,0.20160035563458548,0.40119527943707683,9
2,diabetes,4338,0.10096818810511757,0.30128659627651405,9
2,hip_art,4230,0.3399527186761229,0.47369279891173743,9
2,insf_car,126,0.03968253968253968,0.19521228374998162,9
2,fibr_aur,9231,0.0277326400173329,0.16420578764161123,9
2,trat_est,4416,0.17617753623188406,0.38097114321054193,9
2,var171,763,0.0327653997378768,0.17802198829890073,9
2,tv_l_esu,10000,0.0256,0.15793872229443925,9
2,tvp_orig,16621,0.20504181457192708,0.40373217465168487,9
2,tv_l_ein,4541,0.8253688614842546,0.37965129260472696,9
2,tvp_prox,6756,0.8361456483126111,0.37014335482417404,9
2,tv_l_svc,11267,0.007544155498358037,0.086528846150718,9
2,tv_l_vre,11868,0.006740815638692282,0.0818252836427558,9
2,tv_l_vrn,11817,0.005246678514005247,0.07224369092575436,9
2,tv_l_vca,14703,0.03829150513500646,0.19189910309718033,9
2,tv_l_yug,14765,0.0221469691838808,0.14716141117782552,9
2,tv_l_ova,14771,0.0042651140748764475,0.06516841932105409,9
2,tv_l_sup,14765,0.0033863867253640365,0.058094054001337485,9
2,tv_l_pul,14771,0.0034527113939476,0.05865824901902293,9
2,tv_l_ove,11840,0.03581081081081081,0.18581818167198583,9
2,fr_antfa,12654,0.1326853168958432,0.3392343195729065,9
2,fr_tvs_a,9833,0.04210312213973355,0.20082442392751992,9
2,fr_viaje,311,0.04501607717041801,0.20733940765470749,9
2,fr_estro,219,0.0684931506849315,0.25259025910391475,9
2,fr_varic,615,0.18048780487804877,0.38459323598882,9
2,fr_antec,76,0.02631578947368421,0.16007269816574263,9
2,ana_dime,1168,1.6070205479452055,0.5494567923877816,9
2,ana_crea,571,0.9124343257443083,0.28266221351259146,9
2,ana_trop,11731,0.8827039468076038,0.32177272895303416,9
2,peso,13,87.46153846153847,18.483320483470347,9
2,tension_,786,130.18575063613233,20.926226906161283,9
2,ana_hemo,36,13.963888888888889,1.6496047974149204,9
2,ana_plaq,30,230.73333333333332,71.76764978425557,9
2,ana_leuc,82,8.185134146341463,2.6728611680123184,9
2,ana_neu,14936,6.141364890198179,3.2802406584793036,9
2,protcrea,17152,32.21236998600747,43.83223747384592,9
2,splanchnic,11181,0.013326178338252392,0.11466730706330154,9
3,raza,10655,2.92707648991084,0.614568817777315,9
3,ant_inf,4359,0.027070428997476484,0.16228869606774549,9
3,ant_isq,4364,0.03987167736021998,0.1956576773466927,9
3,ant_clau,4377,0.023303632625085675,0.15086607747124836,9
3,fum_act,4499,0.20448988664147588,0.4033283685817701,9
3,diabetes,4338,0.10488704472106962,0.30640782067491357,9
3,hip_art,4230,0.33144208037825057,0.4707315877788401,9
3,insf_car,126,0.023809523809523808,0.15245533898649635,9
3,fibr_aur,9231,0.02480771314050482,0.15553871064543145,9
3,trat_est,4416,0.1791213768115942,0.383453920544194,9
3,var171,763,0.04062909567496723,0.19742941082726653,9
3,tv_l_esu,10000,0.0189,0.13617191340360904,9
3,tvp_orig,16621,0.22399374285542387,0.4169179128042379,9
3,tv_l_ein,4541,0.8262497247302356,0.3788945989499527,9
3,tvp_prox,6756,0.8592362344582594,0.3477776989001028,9
3,tv_l_svc,11267,0.00789917458063371,0.08852557608724372,9
3,tv_l_vre,11868,0.006488035052241321,0.08028661440988907,9
3,tv_l_vrn,11817,0.007531522383007532,0.08645691732650305,9
3,tv_l_vca,14703,0.040807998367680065,0.1978451557074458,9
3,tv_l_yug,14765,0.019099221131053168,0.136873813723591,9
3,tv_l_ova,14771,0.0048067158621623455,0.06916365624215351,9
3,tv_l_sup,14765,0.0027091093802912294,0.05197855429556354,9
3,tv_l_pul,14771,0.0008801029043395843,0.02965347067743264,9
3,tv_l_ove,11840,0.035219594594594596,0.18433441011158772,9
3,fr_antfa,12654,0.1236763078868342,0.3292119055476506,9
3,fr_tvs_a,9833,0.048205023899115226,0.21419920534399975,9
3,fr_viaje,311,0.04823151125401929,0.2142550642952757,9
3,fr_estro,219,0.0639269406392694,0.2446227440361438,9
3,fr_varic,615,0.191869918699187,0.39377132068950166,9
3,fr_antec,76,0.02631578947368421,0.16007269816574263,9
3,ana_dime,1168,1.5659246575342465,0.5650522776834845,9
3,ana_crea,571,0.9264448336252189,0.26104559730889804,9
3,ana_trop,11731,0.8905464154803512,0.31220745884018997,9
3,peso,13,87.23076923076923,16.106156711756803,9
3,tension_,786,131.3562340966921,21.501117032729308,9
3,ana_hemo,36,14.022222222222222,1.618317217755515,9
3,ana_plaq,30,240.3,88.4157414340531,9
3,ana_leuc,82,8.225853658536586,2.8485700097654956,9
3,ana_neu,14936,6.604376874665238,3.3325166409381843,9
3,protcrea,17152,17.85892898787313,24.06136798367645,9
3,splanchnic,11181,0.012342366514623022,0.1104084802152522,9
4,raza,10655,2.9085875175973723,0.6267136426447394,9
4,ant_inf,4359,0.04083505391144758,0.1979079389097283,9
4,ant_isq,4364,0.03528872593950504,0.1845086224572487,9
4,ant_clau,4377,0.027416038382453736,0.16329237343447967,9
4,fum_act,4499,0.20448988664147588,0.4033283685817701,9
4,diabetes,4338,0.10857538035961273,0.3111057169827937,9
4,hip_art,4230,0.3382978723404255,0.4731304491473432,9
4,insf_car,126,0.031746031746031744,0.1753231907490041,9
4,fibr_aur,9231,0.03163254251977034,0.17501978394885892,9
4,trat_est,4416,0.18342391304347827,0.3870136705173304,9
4,var171,763,0.035386631716906945,0.1847550216168398,9
4,tv_l_esu,10000,0.0226,0.14862449327079305,9
4,tvp_orig,16621,0.20341736357619877,0.4025403579417936,9
4,tv_l_ein,4541,0.8310944725831315,0.37466845373596375,9
4,tvp_prox,6756,0.8370337477797514,0.3693348790156908,9
4,tv_l_svc,11267,0.008520457974616136,0.09191223950333785,9
4,tv_l_vre,11868,0.0059824738793394,0.07711474493002246,9
4,tv_l_vrn,11817,0.009731742405009732,0.09816840425907038,9
4,tv_l_vca,14703,0.036183091886009655,0.18674548387465284,9
4,tv_l_yug,14765,0.02126650863528615,0.14427142560379533,9
4,tv_l_ova,14771,0.005280617426037506,0.07247573735835555,9
4,tv_l_sup,14765,0.004470030477480528,0.06670868987628915,9
4,tv_l_pul,14771,0.002166407149143592,0.046494234365217074,9
4,tv_l_ove,11840,0.03699324324324324,0.1887451805943386,9
4,fr_antfa,12654,0.13742690058479531,0.34429746961087604,9
4,fr_tvs_a,9833,0.04912030916302248,0.21611919024175424,9
4,fr_viaje,311,0.03215434083601286,0.17640986140636916,9
4,fr_estro,219,0.0821917808219178,0.2746566802159372,9
4,fr_varic,615,0.2048780487804878,0.40361247987195326,9
4,fr_antec,76,0.013157894736842105,0.11395071102426825,9
4,ana_dime,1168,1.5522260273972603,0.5769652332840038,9
4,ana_crea,571,0.9246935201401051,0.26388522874728354,9
4,ana_trop,11731,0.8782712471230074,0.32697226732554036,9
4,peso,13,85.0,20.2370566421716,9
4,tension_,786,130.59796437659034,21.861842294920915,9
4,ana_hemo,36,13.624444444444443,1.5247302938998104,9
4,ana_plaq,30,225.3,72.20764040829289,9
4,ana_leuc,82,8.595731707317073,4.085454875258707,9
4,ana_neu,14936,6.59344288966256,3.3084186784121052,9
4,protcrea,17152,10.64150536380597,19.921607588535245,9
4,splanchnic,11181,0.01386280296932296,0.11692145082557216,9
5,raza,10655,2.902768653214453,0.6629759793539972,9
5,ant_inf,4359,0.035329203945859144,0.18461053949981032,9
5,ant_isq,4364,0.03780934922089826,0.19073490066684287,9
5,ant_clau,4377,0.026502170436371944,0.160623178273042,9
5,fum_act,4499,0.1971549233162925,0.3978502978865786,9
5,diabetes,4338,0.10650069156293222,0.30847738046662254,9
5,hip_art,4230,0.3288416075650118,0.46979229953147444,9
5,insf_car,126,0.03968253968253968,0.1952122837499816,9
5,fibr_aur,9231,0.03033257501895786,0.1715007577583177,9
5,trat_est,4416,0.19089673913043478,0.3930078550357506,9
5,var171,763,0.04062909567496723,0.19742941082726656,9
5,tv_l_esu,10000,0.0176,0.1314923571923479,9
5,tvp_orig,16621,0.20064978039829132,0.40048651166351257,9
5,tv_l_ein,4541,0.8253688614842546,0.37965129260472696,9
5,tvp_prox,6756,0.8383658969804618,0.36811481871911583,9
5,tv_l_svc,11267,0.00878672228632289,0.09332478662062894,9
5,tv_l_vre,11868,0.0064037748567576675,0.0797669513291164,9
5,tv_l_vrn,11817,0.006516036219006516,0.08045854517078416,9
5,tv_l_vca,14703,0.039175678432972864,0.19401274353064846,9
5,tv_l_yug,14765,0.021131053166271587,0.14382117979753814,9
5,tv_l_ova,14771,0.006566921670841514,0.08077002668447339,9
5,tv_l_sup,14765,0.0031154757873349138,0.055729432062003315,9
5,tv_l_pul,14771,0.006837722564484463,0.08240733046650404,9
5,tv_l_ove,11840,0.03538851351351351,0.1847597538015717,9
5,fr_antfa,12654,0.13505610874031926,0.3417834932120659,9
5,fr_tvs_a,9833,0.04861181734974067,0.21505512912668723,9
5,fr_viaje,311,0.03858520900321544,0.19260423320735612,9
5,fr_estro,219,0.0821917808219178,0.27465668021593725,9
5,fr_varic,615,0.20650406504065041,0.4047964132281031,9
5,fr_antec,76,0.013157894736842105,0.11395071102426824,9
5,ana_dime,1168,1.582191780821918,0.5613931949930457,9
5,ana_crea,571,0.9334500875656743,0.24924089068471353,9
5,ana_trop,11731,0.8837268775040491,0.3205521540732374,9
5,peso,13,87.23076923076923,14.718663433017207,9
5,tension_,786,129.6704834605598,21.64341055325969,9
5,ana_hemo,36,14.263888888888886,1.9150214355890203,9
5,ana_plaq,30,215.26666666666668,86.99001219808066,9
5,ana_leuc,82,8.337853658536584,3.302311677841534,9
5,ana_neu,14936,6.753623259239422,3.3505779682640866,9
5,protcrea,17152,22.23433826958955,30.334082192300457,9
5,splanchnic,11181,0.014757177354440569,0.12057944713329112,9
1,raza,10655,2.899483810417644,0.6496829650226119,10
1,ant_inf,4359,0.031658637302133516,0.17508959988047687,10
1,ant_isq,4364,0.04032997250229148,0.19673196440908092,10
1,ant_clau,4377,0.019876627827278958,0.13957631422807668,10
1,fum_act,4499,0.21449210935763502,0.41046954135592983,10
1,diabetes,4338,0.09451360073766712,0.29254192864146494,10
1,hip_art,4230,0.3416075650118203,0.47424870747163383,10
1,insf_car,126,0.03968253968253968,0.19521228374998156,10
1,fibr_aur,9231,0.023616076264760047,0.15184978500681875,10
1,trat_est,4416,0.17368659420289856,0.37883975662157765,10
1,var171,763,0.04193971166448231,0.20045142117226905,10
1,tv_l_esu,10000,0.0409,0.19805855194865984,10
1,tvp_orig,16621,0.23981709885085134,0.42697172968431096,10
1,tv_l_ein,4541,0.8203038978198635,0.383934125914072,10
1,tvp_prox,6756,0.8516873889875666,0.35540959529408883,10
1,tv_l_svc,11267,0.005591550545841839,0.0745673193050088,10
1,tv_l_vre,11868,0.007583417593528817,0.08675199923420195,10
1,tv_l_vrn,11817,0.0036388254210036387,0.0602128256317464,10
1,tv_l_vca,14703,0.040944025028905665,0.19816057085943714,10
1,tv_l_yug,14765,0.014222824246528954,0.11840834226092897,10
1,tv_l_ova,14771,0.004535914968519396,0.06719628296206391,10
1,tv_l_sup,14765,0.003454114459871317,0.05867012487773847,10
1,tv_l_pul,14771,0.0025049082661972783,0.04998633514046828,10
1,tv_l_ove,11840,0.025506756756756756,0.15765837153956777,10
1,fr_antfa,12654,0.12288604393867551,0.3283063571479806,10
1,fr_tvs_a,9833,0.04312010576629716,0.20312745320364875,10
1,fr_viaje,311,0.04180064308681672,0.20013332886939464,10
1,fr_estro,219,0.0730593607305936,0.2602339150461188,10
1,fr_varic,615,0.1886178861788618,0.3912047791020449,10
1,fr_antec,76,0.05263157894736842,0.2232968782694361,10
1,ana_dime,1168,1.6421232876712328,0.5171771495128457,10
1,ana_crea,571,0.9159369527145359,0.27748234424291923,10
1,ana_trop,11731,0.8922512999744268,0.3100627640791011,10
1,peso,13,78.02307692307691,11.154037133643506,10
1,tension_,786,128.94274809160305,20.886413509570673,10
1,ana_hemo,36,14.024999999999999,2.081182222786953,10
1,ana_plaq,30,224.2,67.3866455612683,10
1,ana_leuc,82,9.049756097560975,3.863817768139389,10
1,ana_neu,14936,6.927340318693091,3.399678034130566,10
1,protcrea,17152,12.150312499999998,25.62471413128336,10
1,splanchnic,11181,0.01144799212950541,0.10638108669170564,10
2,raza,10655,2.9085875175973723,0.6130876875588891,10
2,ant_inf,4359,0.032805689378297774,0.1781276961135253,10
2,ant_isq,4364,0.04055912007332722,0.19726651477684864,10
2,ant_clau,4377,0.02513136851724926,0.15652406471114744,10
2,fum_act,4499,0.2138252945098911,0.41000492428463514,10
2,diabetes,4338,0.103273397879207,0.3043156308336626,10
2,hip_art,4230,0.3359338061465721,0.4723158731552957,10
2,insf_car,126,0.031746031746031744,0.1753231907490041,10
2,fibr_aur,9231,0.02740764814212978,0.16326808924418448,10
2,trat_est,4416,0.18432971014492755,0.3877528440937791,10
2,var171,763,0.02490170380078637,0.15582557219084509,10
2,tv_l_esu,10000,0.0279,0.16468633823119633,10
2,tvp_orig,16621,0.21508934480476505,0.4108843128621753,10
2,tv_l_ein,4541,0.8357190046245321,0.37053036303913534,10
2,tvp_prox,6756,0.837181764357608,0.36919975322945503,10
2,tv_l_svc,11267,0.0073666459572202005,0.08551244637221632,10
2,tv_l_vre,11868,0.008510279743849006,0.09185779706987555,10
2,tv_l_vrn,11817,0.005162054667005162,0.0716617600859762,10
2,tv_l_vca,14703,0.03645514520846086,0.1874197630888773,10
2,tv_l_yug,14765,0.0147646461225872,0.12060949940805643,10
2,tv_l_ova,14771,0.0036558120641798117,0.06035268927174006,10
2,tv_l_sup,14765,0.0038604808669150015,0.062012720907820076,10
2,tv_l_pul,14771,0.005416017872858981,0.07339403670094628,10
2,tv_l_ove,11840,0.026942567567567566,0.16191561265188306,10
2,fr_antfa,12654,0.12359728149201833,0.32912154821555084,10
2,fr_tvs_a,9833,0.04789992881114614,0.2135545027177682,10
2,fr_viaje,311,0.03536977491961415,0.18471262529061183,10
2,fr_estro,219,0.0821917808219178,0.27465668021593725,10
2,fr_varic,615,0.21138211382113822,0.4082887651866576,10
2,fr_antec,76,0.0,0.0,10
2,ana_dime,1168,1.5744863013698631,0.56550354257216,10
2,ana_crea,571,0.9071803852889667,0.29017948555321516,10
2,ana_trop,11731,0.8825334583581962,0.321975392284128,10
2,peso,13,88.3076923076923,23.946686346596024,10
2,tension_,786,130.2913486005089,21.895375822424132,10
2,ana_hemo,36,14.375,1.3371559786020144,10
2,ana_plaq,30,231.16666666666666,101.53622779853285,10
2,ana_leuc,82,9.132317073170732,3.861377328761637,10
2,ana_neu,14936,6.645997790573112,3.3313580855395784,10
2,protcrea,17152,34.60880270522388,47.283001408854446,10
2,splanchnic,11181,0.011537429568017172,0.10679099815518261,10
3,raza,10655,2.8925387142186767,0.6503045402725178,10
3,ant_inf,4359,0.036935076852489104,0.18860243092386114,10
3,ant_isq,4364,0.043996333638863426,0.2050869480615508,10
3,ant_clau,4377,0.0258167694768106,0.1585883472724015,10
3,fum_act,4499,0.203156256945988,0.402347849763962,10
3,diabetes,4338,0.10488704472106962,0.30640782067491357,10
3,hip_art,4230,0.3529550827423168,0.4778888911752198,10
3,insf_car,126,0.031746031746031744,0.1753231907490041,10
3,fibr_aur,9231,0.03282417939551511,0.178176184274235,10
3,trat_est,4416,0.18636775362318841,0.38940315103069584,10
3,var171,763,0.02490170380078637,0.15582557219084509,10
3,tv_l_esu,10000,0.0202,0.14068390099794648,10
3,tvp_orig,16621,0.17429757535647675,0.37936516785457525,10
3,tv_l_ein,4541,0.8260295089187404,0.3790841058580602,10
3,tvp_prox,6756,0.8432504440497336,0.3635644821206559,10
3,tv_l_svc,11267,0.006212833939824265,0.07857629817101612,10
3,tv_l_vre,11868,0.00910010111223458,0.09495940854903052,10
3,tv_l_vrn,11817,0.004231192350004231,0.06490985565614436,10
3,tv_l_vca,14703,0.042644358294225665,0.20205399525844417,10
3,tv_l_yug,14765,0.018151032847951235,0.13349746385045608,10
3,tv_l_ova,14771,0.004129713628054973,0.06413001710123918,10
3,tv_l_sup,14765,0.0023704707077548256,0.048629739628940044,10
3,tv_l_pul,14771,0.005009816532394557,0.07060253728235484,10
3,tv_l_ove,11840,0.025929054054054053,0.15892368674906832,10
3,fr_antfa,12654,0.12573099415204678,0.33154594140418114,10
3,fr_tvs_a,9833,0.04250991559035899,0.20174940561711588,10
3,fr_viaje,311,0.03536977491961415,0.18471262529061183,10
3,fr_estro,219,0.0776255707762557,0.26758146710472347,10
3,fr_varic,615,0.21300813008130082,0.4094333481783921,10
3,fr_antec,76,0.039473684210526314,0.19471906035458872,10
3,ana_dime,1168,1.6087328767123288,0.5444229418421429,10
3,ana_crea,571,0.9422066549912435,0.23335225364554632,10
3,ana_trop,11731,0.8866251811439775,0.31705042076204,10
3,peso,13,90.61538461538461,16.03620164857032,10
3,tension_,786,130.53053435114504,21.37826555492425,10
3,ana_hemo,36,13.755555555555556,2.2596022811848555,10
3,ana_plaq,30,260.76666666666665,177.48590241355947,10
3,ana_leuc,82,8.97670731707317,3.6449162909448605,10
3,ana_neu,14936,6.852764863417247,3.3048016839653394,10
3,protcrea,17152,28.7617687733209,36.95199997495661,10
3,splanchnic,11181,0.010553617744387801,0.10218727365427235,10
4,raza,10655,2.8931956827780385,0.649185078225648,10
4,ant_inf,4359,0.040605643496214726,0.197374834293719,10
4,ant_isq,4364,0.03666361136571952,0.18793453904842242,10
4,ant_clau,4377,0.027416038382453736,0.16329237343447967,10
4,fum_act,4499,0.20071126917092688,0.4005324650995505,10
4,diabetes,4338,0.1111111111111111,0.3142696805273545,10
4,hip_art,4230,0.342080378250591,0.4744063585856788,10
4,insf_car,126,0.06349206349206349,0.24384589675773355,10
4,fibr_aur,9231,0.022749431264218394,0.14910363725064857,10
4,trat_est,4416,0.18093297101449277,0.38496263586790014,10
4,var171,763,0.03014416775884666,0.17098390833342525,10
4,tv_l_esu,10000,0.0217,0.14570212764403956,10
4,tvp_orig,16621,0.2672522712231514,0.44252513459601206,10
4,tv_l_ein,4541,0.8269103721647214,0.37832473957054846,10
4,tvp_prox,6756,0.8419182948490231,0.364817597776665,10
4,tv_l_svc,11267,0.005857814857548593,0.07631186580501931,10
4,tv_l_vre,11868,0.007751937984496124,0.08770316665879659,10
4,tv_l_vrn,11817,0.006600660066006601,0.08097586895303828,10
4,tv_l_vca,14703,0.04992178466979528,0.21778337880834223,10
4,tv_l_yug,14765,0.01591601760921097,0.12515070112737786,10
4,tv_l_ova,14771,0.005686818766501929,0.07519626891554455,10
4,tv_l_sup,14765,0.005892312902133424,0.07653491719990801,10
4,tv_l_pul,14771,0.0031142102768939137,0.055718147593447516,10
4,tv_l_ove,11840,0.03141891891891892,0.1744470419722998,10
4,fr_antfa,12654,0.12051525209419946,0.32556309082399226,10
4,fr_tvs_a,9833,0.05400183057052781,0.22602131064472622,10
4,fr_viaje,311,0.028938906752411574,0.16763486042105563,10
4,fr_estro,219,0.0684931506849315,0.25259025910391475,10
4,fr_varic,615,0.208130081300813,0.40597038138087116,10
4,fr_antec,76,0.039473684210526314,0.19471906035458875,10
4,ana_dime,1168,1.5445205479452055,0.5936918187116773,10
4,ana_crea,571,0.9281961471103327,0.2581628548026735,10
4,ana_trop,11731,0.8824482141334925,0.32207664228581107,10
4,peso,13,83.19999999999999,15.009330431434975,10
4,tension_,786,129.50763358778627,21.98387259325642,10
4,ana_hemo,36,13.40388888888889,1.6774505751582567,10
4,ana_plaq,30,250.6,80.85855963759597,10
4,ana_leuc,82,9.122317073170732,3.619665561555844,10
4,ana_neu,14936,6.653396023031601,3.364364260964946,10
4,protcrea,17152,18.5485135261194,32.617783861638934,10
4,splanchnic,11181,0.011090242375458368,0.10472463368048587,10
5,raza,10655,2.918723603941811,0.639803952919291,10
5,ant_inf,4359,0.031658637302133516,0.17508959988047687,10
5,ant_isq,4364,0.039642529789184235,0.19511791209701346,10
5,ant_clau,4377,0.025359835503769704,0.1572155025657185,10
5,fum_act,4499,0.20582351633696377,0.40430211038238645,10
5,diabetes,4338,0.10857538035961273,0.3111057169827937,10
5,hip_art,4230,0.3349881796690307,0.47198633364861303,10
5,insf_car,126,0.031746031746031744,0.1753231907490041,10
5,fibr_aur,9231,0.024699382515437115,0.1552073549120441,10
5,trat_est,4416,0.18817934782608695,0.39085531962330455,10
5,var171,763,0.03800786369593709,0.19121523473093918,10
5,tv_l_esu,10000,0.0163,0.12662665596153125,10
5,tvp_orig,16621,0.15239756933999157,0.3594058293896386,10
5,tv_l_ein,4541,0.8165602290244439,0.3870266417186181,10
5,tvp_prox,6756,0.8468028419182948,0.36017744076690056,10
5,tv_l_svc,11267,0.007011626874944528,0.08344138040271795,10
5,tv_l_vre,11868,0.008594539939332659,0.09230749602585843,10
5,tv_l_vrn,11817,0.007362274689007363,0.0854872598719304,10
5,tv_l_vca,14703,0.04325647826974087,0.2034339090649351,10
5,tv_l_yug,14765,0.01659329495428378,0.12774176105269539,10
5,tv_l_ova,14771,0.006566921670841514,0.08077002668447339,10
5,tv_l_sup,14765,0.003454114459871317,0.05867012487773847,10
5,tv_l_pul,14771,0.002911109606661702,0.053876108318249044,10
5,tv_l_ove,11840,0.025929054054054053,0.15892368674906832,10
5,fr_antfa,12654,0.13165797376323693,0.3381185468261032,10
5,fr_tvs_a,9833,0.04373029594223533,0.20449439395504185,10
5,fr_viaje,311,0.03215434083601286,0.17640986140636916,10
5,fr_estro,219,0.0684931506849315,0.2525902591039147,10
5,fr_varic,615,0.183739837398374,0.38727188066162654,10
5,fr_antec,76,0.0,0.0,10
5,ana_dime,1168,1.5847602739726028,0.5745819898668745,10
5,ana_crea,571,0.9194395796847635,0.27215884882521985,10
5,ana_trop,11731,0.8819367487852698,0.32268300222871626,10
5,peso,13,84.76923076923077,18.766393228132554,10
5,tension_,786,129.8969465648855,21.199664307671455,10
5,ana_hemo,36,13.722222222222221,1.3607822732023402,10
5,ana_plaq,30,226.9,55.08741538076853,10
5,ana_leuc,82,8.915365853658537,3.9724094780464223,10
5,ana_neu,14936,6.559915372254955,3.2799985262220237,10
5,protcrea,17152,11.735852145522387,22.278891303155593,10
5,splanchnic,11181,0.010911367498434845,0.10388604120741604,10
1,raza,10655,2.9199436884091976,0.5910891541845112,11
1,ant_inf,4359,0.030282174810736407,0.17136267008735717,11
1,ant_isq,4364,0.03299725022914757,0.1786293136818887,11
1,ant_clau,4377,0.020105094813799407,0.1403598232270458,11
1,fum_act,4499,0.19826628139586575,0.39869382119280594,11
1,diabetes,4338,0.09082526509912402,0.2873604640843933,11
1,hip_art,4230,0.3208037825059102,0.4667855135239426,11
1,insf_car,126,0.0,0.0,11
1,fibr_aur,9231,0.02675766439172354,0.16137438392763406,11
1,trat_est,4416,0.17640398550724637,0.38116350744058064,11
1,var171,763,0.03407601572739188,0.18142447706838905,11
1,tv_l_esu,10000,0.0417,0.19990275135675353,11
1,tvp_orig,16621,0.21442753143613502,0.41042461573148886,11
1,tv_l_ein,4541,0.8189826029508919,0.3850325947431901,11
1,tvp_prox,6756,0.8463587921847247,0.36060447456505396,11
1,tv_l_svc,11267,0.006035324398686429,0.07745256133975849,11
1,tv_l_vre,11868,0.008088978766430738,0.08957425516825115,11
1,tv_l_vrn,11817,0.005331302361005331,0.07282087321737409,11
1,tv_l_vca,14703,0.039175678432972864,0.19401274353064843,11
1,tv_l_yug,14765,0.019031493396545886,0.1366356309885643,11
1,tv_l_ova,14771,0.0033850111705368627,0.058082293944989836,11
1,tv_l_sup,14765,0.005350491026075177,0.07295110192351495,11
1,tv_l_pul,14771,0.0025726084896080157,0.05065560359098698,11
1,tv_l_ove,11840,0.032347972972972976,0.17692252998844657,11
1,fr_antfa,12654,0.11601074758969496,0.3202378085632223,11
1,fr_tvs_a,9833,0.04159463032645174,0.19966100534269973,11
1,fr_viaje,311,0.05466237942122187,0.2273200468441625,11
1,fr_estro,219,0.091324200913242,0.2880695944399544,11
1,fr_varic,615,0.18536585365853658,0.38859407349569625,11
1,fr_antec,76,0.06578947368421052,0.24791373265022068,11
1,ana_dime,1168,1.5702054794520548,0.5750544574308346,11
1,ana_crea,571,0.9211908931698775,0.2694405899465797,11
1,ana_trop,11731,0.8865399369192737,0.3171543428150463,11
1,peso,13,85.61538461538461,16.198473154725992,11
1,tension_,786,131.4147582697201,21.57214031254694,11
1,ana_hemo,36,13.827777777777776,1.8993582411949206,11
1,ana_plaq,30,261.0,87.11524933481317,11
1,ana_leuc,82,8.35780487804878,3.1893378104623062,11
1,ana_neu,14936,6.718217461167649,3.328575282670551,11
1,protcrea,17152,19.471931436567164,30.623298295205053,11
1,splanchnic,11181,0.010374742867364279,0.1013267367371532,11
2,raza,10655,2.9132801501642422,0.6401160484557041,11
2,ant_inf,4359,0.03509979353062629,0.18403205705727926,11
2,ant_isq,4364,0.03712190650779102,0.18906049445883147,11
2,ant_clau,4377,0.02513136851724926,0.15652406471114746,11
2,fum_act,4499,0.1998221827072683,0.3998665752540107,11
2,diabetes,4338,0.1016597510373444,0.30220034092695786,11
2,hip_art,4230,0.3501182033096927,0.4770067578356572,11
2,insf_car,126,0.015873015873015872,0.12498425196844144,11
2,fibr_aur,9231,0.0293575993933485,0.16880678526412426,11
2,trat_est,4416,0.17798913043478262,0.38250359459991035,11
2,var171,763,0.03014416775884666,0.17098390833342525,11
2,tv_l_esu,10000,0.0236,0.15179934123704228,11
2,tvp_orig,16621,0.2848204079176945,0.45132886363636504,11
2,tv_l_ein,4541,0.8330764148865889,0.37290763178875397,11
2,tvp_prox,6756,0.8330373001776199,0.37294256486810656,11
2,tv_l_svc,11267,0.0065678530220999376,0.08077571620716235,11
2,tv_l_vre,11868,0.006319514661274014,0.07924379089695267,11
2,tv_l_vrn,11817,0.005415926208005416,0.07339341899186094,11
2,tv_l_vca,14703,0.03992382506971366,0.19578026780428248,11
2,tv_l_yug,14765,0.017338300033863868,0.1305284772982493,11
2,tv_l_ova,14771,0.005077516755805294,0.07107556246277487,11
2,tv_l_sup,14765,0.00650186251269895,0.08037156397983623,11
2,tv_l_pul,14771,0.003723512287590549,0.060906877639842205,11
2,tv_l_ove,11840,0.030320945945945945,0.17146890733567116,11
2,fr_antfa,12654,0.12454559822980876,0.3302029560609472,11
2,fr_tvs_a,9833,0.047289738635207974,0.2122579074028143,11
2,fr_viaje,311,0.022508038585209004,0.14832877935267905,11
2,fr_estro,219,0.0776255707762557,0.26758146710472347,11
2,fr_varic,615,0.18048780487804877,0.38459323598882,11
2,fr_antec,76,0.039473684210526314,0.19471906035458875,11
2,ana_dime,1168,1.56763698630137,0.5723783878746525,11
2,ana_crea,571,0.9316987740805605,0.25226210269745486,11
2,ana_trop,11731,0.8721336629443355,0.3339409182829078,11
2,peso,13,83.53846153846153,25.883215186726066,11
2,tension_,786,131.25063613231552,22.339151515557397,11
2,ana_hemo,36,13.741666666666667,1.92142525225417,11
2,ana_plaq,30,265.53333333333336,126.32279639435191,11
2,ana_leuc,82,9.098780487804877,3.7257971451017755,11
2,ana_neu,14936,6.793482793251205,3.3684761223868147,11
2,protcrea,17152,21.278685401119404,34.96489993325105,11
2,splanchnic,11181,0.01046418030587604,0.10175795416773155,11
3,raza,10655,2.9147817925856407,0.637968228149622,11
3,ant_inf,4359,0.034182151869694886,0.18169681440039614,11
3,ant_isq,4364,0.04055912007332722,0.19726651477684867,11
3,ant_clau,4377,0.03129997715330135,0.17412721953647614,11
3,fum_act,4499,0.19093131807068237,0.3930350491374456,11
3,diabetes,4338,0.10557860765329645,0.30729751912322323,11
3,hip_art,4230,0.3382978723404255,0.4731304491473432,11
3,insf_car,126,0.047619047619047616,0.21295885499998002,11
3,fibr_aur,9231,0.02415772939009858,0.15353870359232996,11
3,trat_est,4416,0.171875,0.37727176461405115,11
3,var171,763,0.023591087811271297,0.15177136879909922,11
3,tv_l_esu,10000,0.0217,0.14570212764403956,11
3,tvp_orig,16621,0.1764635100174478,0.3812140339097839,11
3,tv_l_ein,4541,0.8262497247302356,0.3788945989499527,11
3,tvp_prox,6756,0.8358496151568976,0.37041198144628606,11
3,tv_l_svc,11267,0.0057690600869796755,0.0757349195067407,11
3,tv_l_vre,11868,0.007162116616110549,0.08432568233751675,11
3,tv_l_vrn,11817,0.006600660066006601,0.08097586895303828,11
3,tv_l_vca,14703,0.03693123852275046,0.18859300661457776,11
3,tv_l_yug,14765,0.023501523874026414,0.15148994108397093,11
3,tv_l_ova,14771,0.006499221447430777,0.0803553456094119,11
3,tv_l_sup,14765,0.0073823230612936,0.08560271238408447,11
3,tv_l_pul,14771,0.0035204116173583374,0.05922852623021027,11
3,tv_l_ove,11840,0.03496621621621621,0.18369425668685735,11
3,fr_antfa,12654,0.12004109372530425,0.3250095837702897,11
3,fr_tvs_a,9833,0.04606935828333164,0.20963533220975342,11
3,fr_viaje,311,0.04823151125401929,0.21425506429527566,11
3,fr_estro,219,0.0821917808219178,0.27465668021593725,11
3,fr_varic,615,0.19349593495934958,0.3950382995527861,11
3,fr_antec,76,0.013157894736842105,0.11395071102426826,11
3,ana_dime,1168,1.591609589041096,0.5459986561437583,11
3,ana_crea,571,0.9229422066549913,0.2666831262562494,11
3,ana_trop,11731,0.8793794220441565,0.3256858211980401,11
3,peso,13,88.03846153846153,13.188662873937103,11
3,tension_,786,130.37531806615777,21.219148571990534,11
3,ana_hemo,36,13.733333333333334,1.9625663470738168,11
3,ana_plaq,30,251.7,111.85173221725267,11
3,ana_leuc,82,9.491341463414635,3.9815889591343177,11
3,ana_neu,14936,6.6195449919657205,3.343014459586774,11
3,protcrea,17152,20.17321280317164,37.20030754493737,11
3,splanchnic,11181,0.010285305428852518,0.10089359702720355,11
4,raza,10655,2.901736274049742,0.63127602586248,11
4,ant_inf,4359,0.03808212892865336,0.1913945672816101,11
4,ant_isq,4364,0.035747021081576534,0.18565875030649606,11
4,ant_clau,4377,0.026273703449851495,0.15994810394900202,11
4,fum_act,4499,0.20071126917092688,0.4005324650995504,11
4,diabetes,4338,0.11341632088520055,0.3171010234011643,11
4,hip_art,4230,0.34822695035460993,0.47640837671197384,11
4,insf_car,126,0.023809523809523808,0.15245533898649638,11
4,fibr_aur,9231,0.025999350016249593,0.15913322662153911,11
4,trat_est,4416,0.1933876811594203,0.3949542833483423,11
4,var171,763,0.04456094364351245,0.20633774726189136,11
4,tv_l_esu,10000,0.0212,0.1440505466841414,11
4,tvp_orig,16621,0.2004692858432104,0.40035153462516365,11
4,tv_l_ein,4541,0.8152389341554723,0.38810361295989215,11
4,tvp_prox,6756,0.8383658969804618,0.36811481871911583,11
4,tv_l_svc,11267,0.00692287210437561,0.0829152938015784,11
4,tv_l_vre,11868,0.007246376811594203,0.08481666601970744,11
4,tv_l_vrn,11817,0.005415926208005416,0.07339341899186094,11
4,tv_l_vca,14703,0.04590899816364007,0.20928774940557546,11
4,tv_l_yug,14765,0.021605147307822554,0.14539038798225223,11
4,tv_l_ova,14771,0.004874416085573083,0.06964665213344996,11
4,tv_l_sup,14765,0.0067050457162207925,0.08160936268691345,11
4,tv_l_pul,14771,0.005483718096269717,0.07384881131142437,11
4,tv_l_ove,11840,0.03614864864864865,0.1866599149510285,11
4,fr_antfa,12654,0.12628417891575786,0.33216936202986985,11
4,fr_tvs_a,9833,0.04586596155801891,0.2091943477448118,11
4,fr_viaje,311,0.04501607717041801,0.20733940765470749,11
4,fr_estro,219,0.0593607305936073,0.2362986124737098,11
4,fr_varic,615,0.1821138211382114,0.3859383076200793,11
4,fr_antec,76,0.02631578947368421,0.16007269816574263,11
4,ana_dime,1168,1.5625,0.5578191849969709,11
4,ana_crea,571,0.9404553415061296,0.23664127310914881,11
4,ana_trop,11731,0.8838973659534567,0.320347955220566,11
4,peso,13,85.6923076923077,17.37099534540093,11
4,tension_,786,129.49491094147584,21.875034849663724,11
4,ana_hemo,36,13.505555555555555,2.0233284520046073,11
4,ana_plaq,30,233.96666666666667,104.81745507733379,11
4,ana_leuc,82,9.762073170731705,4.291176920204958,11
4,ana_neu,14936,6.764973018211034,3.3327887893619876,11
4,protcrea,17152,26.266913129664182,41.32864065358031,11
4,splanchnic,11181,0.011805741883552455,0.10801095473206128,11
5,raza,10655,2.9035194744251527,0.6468940353571608,11
5,ant_inf,4359,0.041064464326680435,0.19843934613942676,11
5,ant_isq,4364,0.04147571035747021,0.19938775240172965,11
5,ant_clau,4377,0.030386109207219555,0.17164729410761617,11
5,fum_act,4499,0.19648810846854856,0.397341832304378,11
5,diabetes,4338,0.11779621945597049,0.32236667032720884,11
5,hip_art,4230,0.3387706855791962,0.473291779108192,11
5,insf_car,126,0.047619047619047616,0.21295885499998002,11
5,fibr_aur,9231,0.0228577618892861,0.14944994014953233,11
5,trat_est,4416,0.19429347826086957,0.3956558132596595,11
5,var171,763,0.04456094364351245,0.20633774726189136,11
5,tv_l_esu,10000,0.0193,0.13757728736968175,11
5,tvp_orig,16621,0.23572588893568377,0.4244516394374811,11
5,tv_l_ein,4541,0.8352785730015415,0.370928939941399,11
5,tvp_prox,6756,0.8385139135583185,0.367978709068108,11
5,tv_l_svc,11267,0.006124079169255348,0.07801650353344503,11
5,tv_l_vre,11868,0.007499157398045164,0.08627235963137041,11
5,tv_l_vrn,11817,0.006262164678006262,0.07888567659310398,11
5,tv_l_vca,14703,0.044004624906481674,0.20510538240943732,11
5,tv_l_yug,14765,0.020182864883169657,0.14062544879315897,11
5,tv_l_ova,14771,0.004332814298287184,0.06568135974950383,11
5,tv_l_sup,14765,0.005079580088046055,0.0710899286409487,11
5,tv_l_pul,14771,0.0035881118407690748,0.05979328803626044,11
5,tv_l_ove,11840,0.03310810810810811,0.17891886788600558,11
5,fr_antfa,12654,0.1337126600284495,0.3403433333805229,11
5,fr_tvs_a,9833,0.04556086647004983,0.20853075052986342,11
5,fr_viaje,311,0.05144694533762058,0.22090757604267097,11
5,fr_estro,219,0.0776255707762557,0.26758146710472347,11
5,fr_varic,615,0.1951219512195122,0.3962945563237054,11
5,fr_antec,76,0.06578947368421052,0.24791373265022068,11
5,ana_dime,1168,1.582191780821918,0.564435095399592,11
5,ana_crea,571,0.9264448336252189,0.261045597308898,11
5,ana_trop,11731,0.8817662603358623,0.3228846891216285,11
5,peso,13,82.92307692307692,10.745027747836446,11
5,tension_,786,130.4643765903308,21.007193198692377,11
5,ana_hemo,36,13.54722222222222,1.6439258754428734,11
5,ana_plaq,30,259.06666666666666,118.54448766414892,11
5,ana_leuc,82,9.413414634146342,3.681054733365119,11
5,ana_neu,14936,6.509645018746653,3.330339475501989,11
5,protcrea,17152,18.73098484141791,33.47254600072662,11
5,splanchnic,11181,0.008496556658617297,0.09178434062281106,11
1,raza,10655,2.9038010323791648,0.6357410540227316,12
1,ant_inf,4359,0.030052764395503556,0.17073252691766705,12
1,ant_isq,4364,0.03689275893675527,0.1884984967441113,12
1,ant_clau,4377,0.023989033584647018,0.15301490075257934,12
1,fum_act,4499,0.20649033118470772,0.40478645519821616,12
1,diabetes,4338,0.10235131396957123,0.3031097532219534,12
1,hip_art,4230,0.33569739952718675,0.4722336873602635,12
1,insf_car,126,0.023809523809523808,0.15245533898649635,12
1,fibr_aur,9231,0.02415772939009858,0.15353870359232996,12
1,trat_est,4416,0.1682518115942029,0.3740897479074664,12
1,var171,763,0.04849279161205767,0.21480512278278474,12
1,tv_l_esu,10000,0.0401,0.19619375627170196,12
1,tvp_orig,16621,0.22531736959268395,0.4177911590167003,12
1,tv_l_ein,4541,0.8227262717463114,0.3819001879087335,12
1,tvp_prox,6756,0.8465068087625814,0.3604622469568371,12
1,tv_l_svc,11267,0.009052986598029644,0.0947155215985508,12
1,tv_l_vre,11868,0.009689922480620155,0.09795931748914814,12
1,tv_l_vrn,11817,0.0063467885250063465,0.07941351774367633,12
1,tv_l_vca,14703,0.03509487859620486,0.18401964050753522,12
1,tv_l_yug,14765,0.01930240433457501,0.13758568792385198,12
1,tv_l_ova,14771,0.0033173109471261253,0.057500490391006256,12
1,tv_l_sup,14765,0.0037250253979004403,0.060919205376346104,12
1,tv_l_pul,14771,0.003723512287590549,0.060906877639842205,12
1,tv_l_ove,11840,0.02702702702702703,0.16216216216216217,12
1,fr_antfa,12654,0.12636320531057374,0.33225825144638854,12
1,fr_tvs_a,9833,0.04149293196379538,0.1994273515865946,12
1,fr_viaje,311,0.04823151125401929,0.21425506429527566,12
1,fr_estro,219,0.0776255707762557,0.26758146710472347,12
1,fr_varic,615,0.21138211382113822,0.4082887651866576,12
1,fr_antec,76,0.05263157894736842,0.22329687826943606,12
1,ana_dime,1168,1.5727739726027397,0.5596401518802482,12
1,ana_crea,571,0.9404553415061296,0.23664127310914881,12
1,ana_trop,11731,0.8802318642911943,0.3246902052382283,12
1,peso,13,81.27692307692307,16.425971641845063,12
1,tension_,786,129.5941475826972,21.18864539050528,12
1,ana_hemo,36,13.969444444444445,1.7939434285092042,12
1,ana_plaq,30,235.6,79.71223243643348,12
1,ana_leuc,82,8.632560975609756,2.976891819468514,12
1,ana_neu,14936,6.708533007498661,3.3115061390238534,12
1,protcrea,17152,19.166014808768658,33.95917362598245,12
1,splanchnic,11181,0.01314730346122887,0.11390545146272511,12
2,raza,10655,2.90361332707649,0.600016493352813,12
2,ant_inf,4359,0.03234686854783207,0.17691961067948728,12
2,ant_isq,4364,0.038725939505041246,0.19294103014779704,12
2,ant_clau,4377,0.02695910440941284,0.1619639191266228,12
2,fum_act,4499,0.19315403422982885,0.3947727869174507,12
2,diabetes,4338,0.10673121254034117,0.3087712111094713,12
2,hip_art,4230,0.3397163120567376,0.4736128581228627,12
2,insf_car,126,0.06349206349206349,0.24384589675773358,12
2,fibr_aur,9231,0.031415881269634925,0.17443888234475458,12
2,trat_est,4416,0.18365036231884058,0.38719879485736935,12
2,var171,763,0.022280471821756225,0.1475942153241656,12
2,tv_l_esu,10000,0.0255,0.15763803475050048,12
2,tvp_orig,16621,0.25082726671078753,0.4334892720531652,12
2,tv_l_ein,4541,0.8220656243118256,0.38245749258791367,12
2,tvp_prox,6756,0.840882178804026,0.3657859212351126,12
2,tv_l_svc,11267,0.007011626874944528,0.08344138040271795,12
2,tv_l_vre,11868,0.005898213683855747,0.07657300280905356,12
2,tv_l_vrn,11817,0.005500550055005501,0.0739614359250676,12
2,tv_l_vca,14703,0.039039651771747265,0.19368933207920352,12
2,tv_l_yug,14765,0.015238740264138165,0.12250110635949496,12
2,tv_l_ova,14771,0.005822219213323404,0.07608101587620535,12
2,tv_l_sup,14765,0.002438198442262106,0.04931788347666855,12
2,tv_l_pul,14771,0.003926612957822761,0.06253954483766426,12
2,tv_l_ove,11840,0.03555743243243243,0.1851839664529449,12
2,fr_antfa,12654,0.13086770981507823,0.3372556186972053,12
2,fr_tvs_a,9833,0.046882945184582525,0.21138811375146419,12
2,fr_viaje,311,0.02572347266881029,0.1583091141490826,12
2,fr_estro,219,0.0776255707762557,0.26758146710472347,12
2,fr_varic,615,0.22764227642276422,0.4193104701862643,12
2,fr_antec,76,0.013157894736842105,0.11395071102426826,12
2,ana_dime,1168,1.5873287671232876,0.571207314397993,12
2,ana_crea,571,0.9194395796847635,0.27215884882521985,12
2,ana_trop,11731,0.8903759270309437,0.31242060686633866,12
2,peso,13,81.38461538461539,12.4871531616634,12
2,tension_,786,129.63740458015266,21.01379833562364,12
2,ana_hemo,36,14.258333333333335,1.6171605774731628,12
2,ana_plaq,30,260.4,149.91188523040236,12
2,ana_leuc,82,8.814036585365853,2.9939552615925322,12
2,ana_neu,14936,6.448816081949651,3.309510385613923,12
2,protcrea,17152,15.131798157649255,28.32767268945693,12
2,splanchnic,11181,0.015114927108487613,0.12201010649529291,12
3,raza,10655,2.9009854528390426,0.6388442500766162,12
3,ant_inf,4359,0.03349392062399633,0.17992242190797053,12
3,ant_isq,4364,0.03391384051329056,0.18100743613158451,12
3,ant_clau,4377,0.02193283070596299,0.14646426746202149,12
3,fum_act,4499,0.19782173816403645,0.3983569982739048,12
3,diabetes,4338,0.10557860765329645,0.30729751912322323,12
3,hip_art,4230,0.3430260047281324,0.47472009100983675,12
3,insf_car,126,0.06349206349206349,0.24384589675773358,12
3,fibr_aur,9231,0.026865995016791246,0.16169172312938282,12
3,trat_est,4416,0.19361413043478262,0.3951299772616165,12
3,var171,763,0.03145478374836173,0.17454334799042195,12
3,tv_l_esu,10000,0.0197,0.1389672983115092,12
3,tvp_orig,16621,0.19818302147885206,0.39863079594577855,12
3,tv_l_ein,4541,0.824928429861264,0.38002830877171984,12
3,tvp_prox,6756,0.8513913558318532,0.3557022842865251,12
3,tv_l_svc,11267,0.00878672228632289,0.09332478662062896,12
3,tv_l_vre,11868,0.007499157398045164,0.08627235963137041,12
3,tv_l_vrn,11817,0.008123889312008125,0.08976576036805105,12
3,tv_l_vca,14703,0.03665918520029926,0.18792362635057205,12
3,tv_l_yug,14765,0.019234676600067727,0.13734883987918692,12
3,tv_l_ova,14771,0.0053483176494482434,0.072936363686222,12
3,tv_l_sup,14765,0.0030477480528276328,0.05512222133254536,12
3,tv_l_pul,14771,0.0034527113939476,0.05865824901902294,12
3,tv_l_ove,11840,0.0379222972972973,0.19100836804965562,12
3,fr_antfa,12654,0.11798640746009167,0.32259202580775753,12
3,fr_tvs_a,9833,0.04647615173395708,0.2105139402841514,12
3,fr_viaje,311,0.02572347266881029,0.1583091141490826,12
3,fr_estro,219,0.0593607305936073,0.2362986124737098,12
3,fr_varic,615,0.1951219512195122,0.3962945563237054,12
3,fr_antec,76,0.039473684210526314,0.19471906035458872,12
3,ana_dime,1168,1.5633561643835616,0.5758493160461056,12
3,ana_crea,571,0.9176882661996497,0.27483906614440845,12
3,ana_trop,11731,0.8863694484698662,0.3173620161410175,12
3,peso,13,74.38461538461539,19.633325129007105,12
3,tension_,786,129.19338422391857,21.238036764149705,12
3,ana_hemo,36,14.028333333333334,1.968159743968405,12
3,ana_plaq,30,244.5,95.40571261722225,12
3,ana_leuc,82,8.410975609756097,2.991113101300412,12
3,ana_neu,14936,6.668877343331548,3.327929748835219,12
3,protcrea,17152,17.174700909514925,31.07239859556131,12
3,splanchnic,11181,0.015651551739558178,0.12412324789378545,12
4,raza,10655,2.9130924448615674,0.6172495876035052,12
4,ant_inf,4359,0.03785271851342051,0.1908399596902186,12
4,ant_isq,4364,0.03987167736021998,0.1956576773466927,12
4,ant_clau,4377,0.024217500571167467,0.15372382130708623,12
4,fum_act,4499,0.19737719493220715,0.398019393815051,12
4,diabetes,4338,0.10880590133702167,0.31139553171370327,12
4,hip_art,4230,0.3326241134751773,0.47115317319320865,12
4,insf_car,126,0.015873015873015872,0.12498425196844144,12
4,fibr_aur,9231,0.025241035640775646,0.15685638578188885,12
4,trat_est,4416,0.1721014492753623,0.3774685952932803,12
4,var171,763,0.03145478374836173,0.17454334799042193,12
4,tv_l_esu,10000,0.0165,0.12738818626544615,12
4,tvp_orig,16621,0.22044401660549906,0.4145460796441495,12
4,tv_l_ein,4541,0.8163400132129487,0.3872066580528174,12
4,tvp_prox,6756,0.8401420959147424,0.36647422090336196,12
4,tv_l_svc,11267,0.008875477056891809,0.09379074028871077,12
4,tv_l_vre,11868,0.007583417593528817,0.08675199923420193,12
4,tv_l_vrn,11817,0.005585173902005585,0.0745250275712122,12
4,tv_l_vca,14703,0.040535945045228866,0.1972125305464109,12
4,tv_l_yug,14765,0.018760582458516764,0.13567838075512972,12
4,tv_l_ova,14771,0.003181910500304651,0.05631861100802027,12
4,tv_l_sup,14765,0.0036572976633931593,0.06036490567535493,12
4,tv_l_pul,14771,0.0053483176494482434,0.072936363686222,12
4,tv_l_ove,11840,0.0339527027027027,0.1811074727389364,12
4,fr_antfa,12654,0.12185870080606923,0.3271225425493116,12
4,fr_tvs_a,9833,0.048103325536458866,0.21398456862304888,12
4,fr_viaje,311,0.03536977491961415,0.1847126252906118,12
4,fr_estro,219,0.0776255707762557,0.26758146710472347,12
4,fr_varic,615,0.18699186991869918,0.38990500189534305,12
4,fr_antec,76,0.02631578947368421,0.16007269816574263,12
4,ana_dime,1168,1.5522260273972603,0.5872607442936468,12
4,ana_crea,571,0.9334500875656743,0.24924089068471353,12
4,ana_trop,11731,0.881851504560566,0.32278387268392456,12
4,peso,13,79.61538461538461,15.17862090390226,12
4,tension_,786,130.0356234096692,21.548838032249293,12
4,ana_hemo,36,14.288055555555552,1.7040129424463568,12
4,ana_plaq,30,238.1,75.76998086313601,12
4,ana_leuc,82,8.441341463414634,3.1491294818026825,12
4,ana_neu,14936,6.819051218532406,3.310611573098902,12
4,protcrea,17152,39.602678288246274,68.16988135476757,12
4,splanchnic,11181,0.014309990161881763,0.11876537518758828,12
5,raza,10655,2.8985452839042702,0.6234376964999979,12
5,ant_inf,4359,0.03303509979353063,0.17872823496907844,12
5,ant_isq,4364,0.0384967919340055,0.19239227880763662,12
5,ant_clau,4377,0.03198537811286269,0.17596111416969346,12
5,fum_act,4499,0.21182484996665926,0.40860137408391267,12
5,diabetes,4338,0.11041954817888427,0.31341198375118867,12
5,hip_art,4230,0.3326241134751773,0.47115317319320865,12
5,insf_car,126,0.047619047619047616,0.21295885499998,12
5,fibr_aur,9231,0.02708265626692666,0.16232432348990145,12
5,trat_est,4416,0.1816123188405797,0.3855246872587115,12
5,var171,763,0.0327653997378768,0.17802198829890073,12
5,tv_l_esu,10000,0.0133,0.11455614344067279,12
5,tvp_orig,16621,0.21563082847000783,0.4112592543437119,12
5,tv_l_ein,4541,0.8152389341554723,0.38810361295989215,12
5,tvp_prox,6756,0.8416222616933097,0.36509482373151747,12
5,tv_l_svc,11267,0.007277891186651283,0.0849995499195528,12
5,tv_l_vre,11868,0.008931580721267273,0.09408404533759568,12
5,tv_l_vrn,11817,0.005839045443005839,0.07619022897537682,12
5,tv_l_vca,14703,0.045636944841188874,0.20869646404946865,12
5,tv_l_yug,14765,0.015441923467660006,0.12330235385944154,12
5,tv_l_ova,14771,0.0027757091598402273,0.05261182945403254,12
5,tv_l_sup,14765,0.0036572976633931593,0.060364905675354935,12
5,tv_l_pul,14771,0.004129713628054973,0.06413001710123918,12
5,tv_l_ove,11840,0.029222972972972973,0.16843096753149012,12
5,fr_antfa,12654,0.1264422317053896,0.332347098297473,12
5,fr_tvs_a,9833,0.04444218448082986,0.20607541512611768,12
5,fr_viaje,311,0.02572347266881029,0.1583091141490826,12
5,fr_estro,219,0.0593607305936073,0.2362986124737098,12
5,fr_varic,615,0.2032520325203252,0.4024184933581978,12
5,fr_antec,76,0.013157894736842105,0.11395071102426826,12
5,ana_dime,1168,1.5993150684931507,0.5570834736574544,12
5,ana_crea,571,0.9176882661996497,0.27483906614440845,12
5,ana_trop,11731,0.8809990623135283,0.32378961458980154,12
5,peso,13,78.65384615384616,6.484848065904846,12
5,tension_,786,129.59033078880407,22.11380714175631,12
5,ana_hemo,36,13.475000000000001,2.059850992453365,12
5,ana_plaq,30,266.7,115.27449848080016,12
5,ana_leuc,82,8.45170731707317,4.477479638628935,12
5,ana_neu,14936,6.614779392072844,3.3589325478112295,12
5,protcrea,17152,24.31214587220149,40.49138878815939,12
5,splanchnic,11181,0.011537429568017172,0.10679099815518261,12
1,raza,10655,2.90361332707649,0.6669802014336079,13
1,ant_inf,4359,0.023858683184216564,0.15260880191172377,13
1,ant_isq,4364,0.028643446379468376,0.16680227624038857,13
1,ant_clau,4377,0.02079049577336075,0.14268234319234674,13
1,fum_act,4499,0.20626805956879307,0.40462519344514114,13
1,diabetes,4338,0.08898109727985247,0.2847164582645792,13
1,hip_art,4230,0.3347517730496454,0.47190361673732073,13
1,insf_car,126,0.015873015873015872,0.12498425196844144,13
1,fibr_aur,9231,0.023182753764489222,0.15048359941330583,13
1,trat_est,4416,0.17572463768115942,0.38058571885054315,13
1,var171,763,0.0327653997378768,0.17802198829890073,13
1,tv_l_esu,10000,0.0383,0.19191954043296375,13
1,tvp_orig,16621,0.25943084050297816,0.43832234656573976,13
1,tv_l_ein,4541,0.8192028187623871,0.38485004936227646,13
1,tvp_prox,6756,0.8322972172883363,0.37360214049497664,13
1,tv_l_svc,11267,0.006301588710393184,0.07913203327425769,13
1,tv_l_vre,11868,0.007920458375463431,0.08864380810065633,13
1,tv_l_vrn,11817,0.007700770077007701,0.08741549186058938,13
1,tv_l_vca,14703,0.035979051894171256,0.18623791160493555,13
1,tv_l_yug,14765,0.017744666440907553,0.13202194231948144,13
1,tv_l_ova,14771,0.005754518989912667,0.07563996629499119,13
1,tv_l_sup,14765,0.0035895699288858787,0.059805392036266405,13
1,tv_l_pul,14771,0.0025049082661972783,0.04998633514046828,13
1,tv_l_ove,11840,0.0375,0.18998355191963334,13
1,fr_antfa,12654,0.13284336968547494,0.33940537534942367,13
1,fr_tvs_a,9833,0.04657785009661344,0.21073289723484287,13
1,fr_viaje,311,0.03858520900321544,0.19260423320735612,13
1,fr_estro,219,0.0730593607305936,0.2602339150461188,13
1,fr_varic,615,0.23577235772357724,0.42448056852704424,13
1,fr_antec,76,0.09210526315789473,0.2891744865241567,13
1,ana_dime,1168,1.581335616438356,0.5630405442638158,13
1,ana_crea,571,0.9352014010507881,0.24617014547550461,13
1,ana_trop,11731,0.8786122240218225,0.3265773779998383,13
1,peso,13,71.84615384615384,9.898299417624562,13
1,tension_,786,131.5801526717557,20.105493102704543,13
1,ana_hemo,36,14.047222222222222,2.03912918656621,13
1,ana_plaq,30,221.50333333333336,85.32955909622149,13
1,ana_leuc,82,8.952926829268293,4.62512267149244,13
1,ana_neu,14936,7.077345407070166,3.3410784130940043,13
1,protcrea,17152,27.171891441231345,37.59281308319501,13
1,splanchnic,11181,0.013773365530811198,0.11654895938087932,13
2,raza,10655,2.925856405443454,0.6049558011786191,13
2,ant_inf,4359,0.038999770589584766,0.19359439166345838,13
2,ant_isq,4364,0.038038496791934,0.1912892301039032,13
2,ant_clau,4377,0.02513136851724926,0.15652406471114744,13
2,fum_act,4499,0.20426761502556123,0.4031654207361171,13
2,diabetes,4338,0.10765329644997695,0.3099420336344045,13
2,hip_art,4230,0.32553191489361705,0.4685732464399903,13
2,insf_car,126,0.0,0.0,13
2,fibr_aur,9231,0.02231610876394757,0.14770951240046534,13
2,trat_est,4416,0.19021739130434784,0.39247259184523503,13
2,var171,763,0.028833551769331587,0.16733851338438757,13
2,tv_l_esu,10000,0.0221,0.14700880925985355,13
2,tvp_orig,16621,0.2646651826003249,0.44115476164205863,13
2,tv_l_ein,4541,0.8286720986566836,0.37679523824567007,13
2,tvp_prox,6756,0.8416222616933097,0.3650948237315175,13
2,tv_l_svc,11267,0.00692287210437561,0.0829152938015784,13
2,tv_l_vre,11868,0.007077856420626896,0.08383173843548686,13
2,tv_l_vrn,11817,0.005077430820005078,0.0710749640610049,13
2,tv_l_vca,14703,0.03523090525743046,0.18436292624107592,13
2,tv_l_yug,14765,0.017135116830342027,0.12977482267971915,13
2,tv_l_ova,14771,0.005212917202626769,0.07201210104465307,13
2,tv_l_sup,14765,0.005079580088046055,0.0710899286409487,13
2,tv_l_pul,14771,0.0037912125110012864,0.06145599416409854,13
2,tv_l_ove,11840,0.03606418918918919,0.18644989527300776,13
2,fr_antfa,12654,0.1326853168958432,0.3392343195729065,13
2,fr_tvs_a,9833,0.046781246821926165,0.21116998311244947,13
2,fr_viaje,311,0.03858520900321544,0.19260423320735612,13
2,fr_estro,219,0.0776255707762557,0.2675814671047235,13
2,fr_varic,615,0.208130081300813,0.40597038138087116,13
2,fr_antec,76,0.013157894736842105,0.11395071102426825,13
2,ana_dime,1168,1.5539383561643836,0.5753214434760148,13
2,ana_crea,571,0.9194395796847635,0.27215884882521985,13
2,ana_trop,11731,0.8831301679311226,0.3212651154748516,13
2,peso,13,86.83076923076922,21.97002799673944,13
2,tension_,786,129.78371501272264,22.543969803338673,13
2,ana_hemo,36,13.594444444444443,1.8724530025914081,13
2,ana_plaq,30,239.78333333333333,110.22293192535855,13
2,ana_leuc,82,8.619268292682927,3.551822884951869,13
2,ana_neu,14936,6.7367122388859135,3.2881164297426935,13
2,protcrea,17152,16.743006413246267,30.142283816244042,13
2,splanchnic,11181,0.01413111528485824,0.1180314655744996,13
3,raza,10655,2.9329892069450962,0.5560261813833453,13
3,ant_inf,4359,0.042211516402844686,0.2010713910177603,13
3,ant_isq,4364,0.03780934922089826,0.19073490066684287,13
3,ant_clau,4377,0.02992917523417866,0.17039195903557328,13
3,fum_act,4499,0.20871304734385418,0.4063888669886224,13
3,diabetes,4338,0.10258183494698017,0.3034119346464319,13
3,hip_art,4230,0.3349881796690307,0.4719863336486131,13
3,insf_car,126,0.03968253968253968,0.1952122837499816,13
3,fibr_aur,9231,0.024374390640233994,0.1542085591695586,13
3,trat_est,4416,0.18659420289855072,0.38958542881273833,13
3,var171,763,0.035386631716906945,0.1847550216168398,13
3,tv_l_esu,10000,0.018,0.132951118836962,13
3,tvp_orig,16621,0.2440888033210998,0.4295456429931204,13
3,tv_l_ein,4541,0.8225060559348161,0.38208617337633305,13
3,tvp_prox,6756,0.8459147424511545,0.36103045710154624,13
3,tv_l_svc,11267,0.006124079169255348,0.07801650353344501,13
3,tv_l_vre,11868,0.006740815638692282,0.0818252836427558,13
3,tv_l_vrn,11817,0.004738935432004739,0.06867661845909444,13
3,tv_l_vca,14703,0.04135210501258246,0.19910326070562184,13
3,tv_l_yug,14765,0.01848967152048764,0.13471378388105693,13
3,tv_l_ova,14771,0.004468214745108659,0.06669520074263403,13
3,tv_l_sup,14765,0.005079580088046055,0.07108992864094871,13
3,tv_l_pul,14771,0.0033173109471261253,0.057500490391006256,13
3,tv_l_ove,11840,0.03682432432432432,0.1883302776039511,13
3,fr_antfa,12654,0.12952426110320847,0.3357792829953575,13
3,fr_tvs_a,9833,0.046781246821926165,0.21116998311244944,13
3,fr_viaje,311,0.03215434083601286,0.17640986140636916,13
3,fr_estro,219,0.0776255707762557,0.26758146710472347,13
3,fr_varic,615,0.17560975609756097,0.3804878048780488,13
3,fr_antec,76,0.07894736842105263,0.2696565991041999,13
3,ana_dime,1168,1.5753424657534247,0.5577672765338625,13
3,ana_crea,571,0.9229422066549913,0.2666831262562494,13
3,ana_trop,11731,0.8752876992583752,0.3303924072755839,13
3,peso,13,78.84615384615384,23.3463756167391,13
3,tension_,786,130.24936386768448,22.183342118226165,13
3,ana_hemo,36,13.616666666666667,1.9224550276491084,13
3,ana_plaq,30,241.56666666666666,80.53474750413983,13
3,ana_leuc,82,8.830219512195121,4.138768913885638,13
3,ana_neu,14936,6.433987948580611,3.2953685413574645,13
3,protcrea,17152,10.833485307835819,22.417880137735743,13
3,splanchnic,11181,0.015562114301046419,0.12377372459261128,13
4,raza,10655,2.91083998122947,0.6111200095627973,13
4,ant_inf,4359,0.03624684560679055,0.18690375007031837,13
4,ant_isq,4364,0.03987167736021998,0.1956576773466927,13
4,ant_clau,4377,0.02787297235549463,0.16460883866780807,13
4,fum_act,4499,0.2018226272505001,0.40136050426045383,13
4,diabetes,4338,0.11134163208852006,0.3145547218726571,13
4,hip_art,4230,0.33451536643026003,0.47182076687264296,13
4,insf_car,126,0.047619047619047616,0.21295885499998005,13
4,fibr_aur,9231,0.022966092514353807,0.14979536411042885,13
4,trat_est,4416,0.18410326086956522,0.38756838133000227,13
4,var171,763,0.02621231979030144,0.15976618566365167,13
4,tv_l_esu,10000,0.0145,0.11953974234538067,13
4,tvp_orig,16621,0.2200228626436436,0.414261756088756,13
4,tv_l_ein,4541,0.8178815238934155,0.3859421417352605,13
4,tvp_prox,6756,0.8490230905861457,0.35802637086909556,13
4,tv_l_svc,11267,0.006656607792668856,0.08131603387625001,13
4,tv_l_vre,11868,0.007499157398045164,0.08627235963137041,13
4,tv_l_vrn,11817,0.006431412372006432,0.07993778397546204,13
4,tv_l_vca,14703,0.039311705094198464,0.194335521551736,13
4,tv_l_yug,14765,0.019708770741618694,0.13899760824371407,13
4,tv_l_ova,14771,0.007379324351770361,0.08558545392694795,13
4,tv_l_sup,14765,0.0023704707077548256,0.048629739628940044,13
4,tv_l_pul,14771,0.00419741385146571,0.06465133848904625,13
4,tv_l_ove,11840,0.03319256756756757,0.17913911082128334,13
4,fr_antfa,12654,0.1489647542279121,0.3560537265999752,13
4,fr_tvs_a,9833,0.04586596155801891,0.2091943477448118,13
4,fr_viaje,311,0.03536977491961415,0.18471262529061183,13
4,fr_estro,219,0.0410958904109589,0.19851201022177314,13
4,fr_varic,615,0.2032520325203252,0.4024184933581978,13
4,fr_antec,76,0.02631578947368421,0.16007269816574263,13
4,ana_dime,1168,1.5847602739726028,0.5670827269841329,13
4,ana_crea,571,0.9334500875656743,0.24924089068471356,13
4,ana_trop,11731,0.8879890887392379,0.31537987732145456,13
4,peso,13,76.15384615384616,10.981425953687953,13
4,tension_,786,128.88422391857506,20.66146812572054,13
4,ana_hemo,36,14.108333333333333,1.8453206586751618,13
4,ana_plaq,30,229.2,59.85838844027349,13
4,ana_leuc,82,8.383902439024391,3.386067492483366,13
4,ana_neu,14936,6.407083489555437,3.257985477794459,13
4,protcrea,17152,23.351263409514925,36.853647761047405,13
4,splanchnic,11181,0.015651551739558178,0.12412324789378545,13
5,raza,10655,2.918911309244486,0.6142328289838664,13
5,ant_inf,4359,0.03372333103922918,0.1805161155765538,13
5,ant_isq,4364,0.03597616865261228,0.18623072770542212,13
5,ant_clau,4377,0.022618231665524333,0.14868304295328708,13
5,fum_act,4499,0.20826850411202488,0.40606986382513577,13
5,diabetes,4338,0.10419548178884279,0.3055139659060347,13
5,hip_art,4230,0.3300236406619385,0.47022126415781984,13
5,insf_car,126,0.05555555555555555,0.22906142364542553,13
5,fibr_aur,9231,0.024591051890369406,0.15487521447053615,13
5,trat_est,4416,0.18478260869565216,0.388121110246894,13
5,var171,763,0.039318479685452164,0.1943515804944144,13
5,tv_l_esu,10000,0.0133,0.1145561434406728,13
5,tvp_orig,16621,0.21779676313097887,0.4127485107188725,13
5,tv_l_ein,4541,0.8189826029508919,0.3850325947431901,13
5,tvp_prox,6756,0.8339253996447602,0.3721475882927191,13
5,tv_l_svc,11267,0.006124079169255348,0.07801650353344503,13
5,tv_l_vre,11868,0.007836198179979777,0.08817478198478214,13
5,tv_l_vrn,11817,0.0030464584920030465,0.05511059410548528,13
5,tv_l_vca,14703,0.03502686526559205,0.18384771952694473,13
5,tv_l_yug,14765,0.01957331527260413,0.13852869956021163,13
5,tv_l_ova,14771,0.005686818766501929,0.07519626891554455,13
5,tv_l_sup,14765,0.0036572976633931593,0.060364905675354935,13
5,tv_l_pul,14771,0.005009816532394557,0.07060253728235484,13
5,tv_l_ove,11840,0.03260135135135135,0.17759083096099612,13
5,fr_antfa,12654,0.14035087719298245,0.3473506995302339,13
5,fr_tvs_a,9833,0.04779823044848978,0.21333907193592752,13
5,fr_viaje,311,0.03215434083601286,0.17640986140636916,13
5,fr_estro,219,0.0547945205479452,0.22757873597035821,13
5,fr_varic,615,0.208130081300813,0.40597038138087116,13
5,fr_antec,76,0.013157894736842105,0.11395071102426826,13
5,ana_dime,1168,1.5873287671232876,0.5575543355742633,13
5,ana_crea,571,0.9316987740805605,0.25226210269745486,13
5,ana_trop,11731,0.8832154121558264,0.32116342862511615,13
5,peso,13,88.96923076923076,19.541174857026874,13
5,tension_,786,129.48982188295165,22.47985862919584,13
5,ana_hemo,36,14.261111111111113,1.4372577627354148,13
5,ana_plaq,30,231.1,90.54698596124922,13
5,ana_leuc,82,8.452439024390243,3.5929814920730574,13
5,ana_neu,14936,6.519072643277987,3.4042412490599365,13
5,protcrea,17152,16.112641208022385,28.807361932948908,13
5,splanchnic,11181,0.012700116268670065,0.11197688741625358,13
1,raza,10655,2.9152510558423277,0.6310049267560369,14
1,ant_inf,4359,0.031658637302133516,0.17508959988047687,14
1,ant_isq,4364,0.034830430797433545,0.183350134681976,14
1,ant_clau,4377,0.018505825908156272,0.13477151151342515,14
1,fum_act,4499,0.19915536785952434,0.3993651303159326,14
1,diabetes,4338,0.09820193637621023,0.29758749313130245,14
1,hip_art,4230,0.3271867612293144,0.4691860872890265,14
1,insf_car,126,0.015873015873015872,0.12498425196844144,14
1,fibr_aur,9231,0.02838262376773914,0.16606339282273533,14
1,trat_est,4416,0.17844202898550723,0.3828844098119466,14
1,var171,763,0.0327653997378768,0.1780219882989007,14
1,tv_l_esu,10000,0.0379,0.19095441864486928,14
1,tvp_orig,16621,0.24721737560916912,0.43139418726506285,14
1,tv_l_ein,4541,0.8147985025324819,0.3884609411553587,14
1,tvp_prox,6756,0.8444345766725874,0.3624428539678711,14
1,tv_l_svc,11267,0.006301588710393184,0.07913203327425769,14
1,tv_l_vre,11868,0.009437141894169195,0.09668548105604333,14
1,tv_l_vrn,11817,0.004231192350004231,0.06490985565614436,14
1,tv_l_vca,14703,0.03332653200027205,0.1794878109095626,14
1,tv_l_yug,14765,0.02052150355570606,0.1417757787759221,14
1,tv_l_ova,14771,0.004671315415340871,0.06818719988114534,14
1,tv_l_sup,14765,0.004537758211987809,0.06720987250692673,14
1,tv_l_pul,14771,0.00419741385146571,0.06465133848904625,14
1,tv_l_ove,11840,0.030152027027027028,0.17100550369268366,14
1,fr_antfa,12654,0.11695906432748537,0.32137150091307803,14
1,fr_tvs_a,9833,0.04637445337130072,0.21029470617638898,14
1,fr_viaje,311,0.03858520900321544,0.19260423320735612,14
1,fr_estro,219,0.1004566210045662,0.30060786466909206,14
1,fr_varic,615,0.2032520325203252,0.4024184933581978,14
1,fr_antec,76,0.05263157894736842,0.22329687826943606,14
1,ana_dime,1168,1.5693493150684932,0.5661564609301527,14
1,ana_crea,571,0.9264448336252189,0.26104559730889804,14
1,ana_trop,11731,0.8871366464922001,0.3164256894482072,14
1,peso,13,81.3076923076923,11.585034214514833,14
1,tension_,786,129.55089058524172,20.155138264063066,14
1,ana_hemo,36,13.769444444444446,1.9790316718093957,14
1,ana_plaq,30,247.3,113.47691395169328,14
1,ana_leuc,82,8.195487804878047,3.0767900411253857,14
1,ana_neu,14936,6.324449450990895,3.2512452186820533,14
1,protcrea,17152,9.488784281716418,20.67298624659211,14
1,splanchnic,11181,0.014399427600393524,0.1191305338071418,14
2,raza,10655,2.913937118723604,0.6240961808665958,14
2,ant_inf,4359,0.032805689378297774,0.1781276961135253,14
2,ant_isq,4364,0.03895508707607699,0.19348795380325945,14
2,ant_clau,4377,0.026502170436371944,0.160623178273042,14
2,fum_act,4499,0.2022671704823294,0.401690381049138,14
2,diabetes,4338,0.10350391885661595,0.3046159182280844,14
2,hip_art,4230,0.32671394799054376,0.4690116674230781,14
2,insf_car,126,0.03968253968253968,0.1952122837499816,14
2,fibr_aur,9231,0.022641100639150688,0.14875644927531223,14
2,trat_est,4416,0.17980072463768115,0.3840213848960054,14
2,var171,763,0.04456094364351245,0.20633774726189136,14
2,tv_l_esu,10000,0.0243,0.15397892712965627,14
2,tvp_orig,16621,0.26310089645629026,0.44031672094094576,14
2,tv_l_ein,4541,0.8185421713279013,0.3853970486209073,14
2,tvp_prox,6756,0.8423623445825933,0.3644009124740355,14
2,tv_l_svc,11267,0.006834117333806692,0.0823857522516755,14
2,tv_l_vre,11868,0.005476912706437479,0.07380322576719489,14
2,tv_l_vrn,11817,0.0036388254210036387,0.060212825631746396,14
2,tv_l_vca,14703,0.03319050533904645,0.17913373689616696,14
2,tv_l_yug,14765,0.02045377582119878,0.14154652548139401,14
2,tv_l_ova,14771,0.004603615191930133,0.06769358846371466,14
2,tv_l_sup,14765,0.002302742973247545,0.04793162158791108,14
2,tv_l_pul,14771,0.00616072033037709,0.07824810448431303,14
2,tv_l_ove,11840,0.03505067567567568,0.18390792753536828,14
2,fr_antfa,12654,0.13236921131657975,0.3388917278601034,14
2,fr_tvs_a,9833,0.04230651886504627,0.20128754886124414,14
2,fr_viaje,311,0.06430868167202572,0.24530200800978327,14
2,fr_estro,219,0.0593607305936073,0.2362986124737098,14
2,fr_varic,615,0.2016260162601626,0.40121436393431786,14
2,fr_antec,76,0.039473684210526314,0.19471906035458875,14
2,ana_dime,1168,1.5736301369863013,0.5640999378777486,14
2,ana_crea,571,0.9387040280210157,0.23987241566744563,14
2,ana_trop,11731,0.8825334583581962,0.321975392284128,14
2,peso,13,84.3076923076923,14.376180167659898,14
2,tension_,786,130.86005089058523,21.010436204751905,14
2,ana_hemo,36,13.713888888888887,1.7887228183784243,14
2,ana_plaq,30,256.56666666666666,121.99800089436802,14
2,ana_leuc,82,8.587804878048779,3.4752185488005534,14
2,ana_neu,14936,6.258951928227103,3.271524450182059,14
2,protcrea,17152,10.081006413246268,20.56374292179766,14
2,splanchnic,11181,0.012878991145693587,0.11275248437512468,14
3,raza,10655,2.9094321914594086,0.6537336054640526,14
3,ant_inf,4359,0.03968800183528332,0.19522516319779545,14
3,ant_isq,4364,0.039184234647112744,0.19403306522918393,14
3,ant_clau,4377,0.023075165638565227,0.150142273758319,14
3,fum_act,4499,0.20382307179373194,0.4028389593848876,14
3,diabetes,4338,0.099124020285846,0.29882846063957363,14
3,hip_art,4230,0.3326241134751773,0.47115317319320865,14
3,insf_car,126,0.007936507936507936,0.08873285624999165,14
3,fibr_aur,9231,0.025024374390640234,0.15619908795187412,14
3,trat_est,4416,0.17866847826086957,0.3830744746610178,14
3,var171,763,0.04980340760157274,0.21753856713889685,14
3,tv_l_esu,10000,0.0224,0.14798053926107987,14
3,tvp_orig,16621,0.24559292461344082,0.4304381953233909,14
3,tv_l_ein,4541,0.8187623871393966,0.38521492772891536,14
3,tvp_prox,6756,0.8433984606275903,0.36342467890692476,14
3,tv_l_svc,11267,0.0057690600869796755,0.07573491950674072,14
3,tv_l_vre,11868,0.006572295247724975,0.08080284761629201,14
3,tv_l_vrn,11817,0.006685283913006685,0.08148982078768599,14
3,tv_l_vca,14703,0.03686322519213766,0.18842592130747668,14
3,tv_l_yug,14765,0.020792414493735183,0.1426887872022742,14
3,tv_l_ova,14771,0.004942116308983819,0.07012625610548659,14
3,tv_l_sup,14765,0.005485946495089739,0.07386373187256891,14
3,tv_l_pul,14771,0.0033173109471261253,0.057500490391006256,14
3,tv_l_ove,11840,0.036739864864864864,0.1881224260809336,14
3,fr_antfa,12654,0.1309467362098941,0.3373420941505381,14
3,fr_tvs_a,9833,0.04708634190989525,0.2118235546756774,14
3,fr_viaje,311,0.04501607717041801,0.20733940765470754,14
3,fr_estro,219,0.0821917808219178,0.27465668021593725,14
3,fr_varic,615,0.208130081300813,0.40597038138087116,14
3,fr_antec,76,0.02631578947368421,0.16007269816574263,14
3,ana_dime,1168,1.5642123287671232,0.5772395897351381,14
3,ana_crea,571,0.9281961471103327,0.2581628548026735,14
3,ana_trop,11731,0.8931889864461683,0.3088728232419209,14
3,peso,13,76.61538461538461,11.132340009308027,14
3,tension_,786,129.80407124681935,20.534270583885533,14
3,ana_hemo,36,13.777777777777777,1.610574623320494,14
3,ana_plaq,30,232.23333333333332,92.48628126496504,14
3,ana_leuc,82,8.827560975609758,3.4052239498630628,14
3,ana_neu,14936,6.303974357257632,3.2883299355971043,14
3,protcrea,17152,19.763705690298508,34.937264792504465,14
3,splanchnic,11181,0.013415615776764154,0.11504623866121999,14
4,raza,10655,2.9241670577193806,0.6224885332026378,14
4,ant_inf,4359,0.037393897682954806,0.18972504868633328,14
4,ant_isq,4364,0.0384967919340055,0.19239227880763665,14
4,ant_clau,4377,0.022161297692483435,0.14720792973569244,14
4,fum_act,4499,0.1915981329184263,0.3935584942300183,14
4,diabetes,4338,0.11549100968188106,0.31961357349859326,14
4,hip_art,4230,0.33286052009456263,0.4712370892204261,14
4,insf_car,126,0.047619047619047616,0.21295885499998002,14
4,fibr_aur,9231,0.021124471888202795,0.1437992648647667,14
4,trat_est,4416,0.18591485507246377,0.38903794382534024,14
4,var171,763,0.03800786369593709,0.19121523473093915,14
4,tv_l_esu,10000,0.018,0.132951118836962,14
4,tvp_orig,16621,0.25112809096925576,0.43366204917584494,14
4,tv_l_ein,4541,0.8238273508037877,0.38096698921481453,14
4,tvp_prox,6756,0.8325932504440497,0.3733386261278916,14
4,tv_l_svc,11267,0.006656607792668856,0.08131603387625001,14
4,tv_l_vre,11868,0.008173238961914391,0.0900357547132573,14
4,tv_l_vrn,11817,0.00566979774900567,0.07508429358055545,14
4,tv_l_vca,14703,0.04005985173093926,0.19609961756779237,14
4,tv_l_yug,14765,0.02119878090077887,0.14404649453943555,14
4,tv_l_ova,14771,0.0036558120641798117,0.06035268927174006,14
4,tv_l_sup,14765,0.0062309515746698275,0.07869006809721256,14
4,tv_l_pul,14771,0.00616072033037709,0.07824810448431303,14
4,tv_l_ove,11840,0.03412162162162162,0.18154155601275568,14
4,fr_antfa,12654,0.1362415046625573,0.343044832448821,14
4,fr_tvs_a,9833,0.044035391030204415,0.20517376871086962,14
4,fr_viaje,311,0.04823151125401929,0.21425506429527566,14
4,fr_estro,219,0.1004566210045662,0.30060786466909206,14
4,fr_varic,615,0.2032520325203252,0.4024184933581978,14
4,fr_antec,76,0.02631578947368421,0.16007269816574263,14
4,ana_dime,1168,1.5898972602739727,0.5602109342153291,14
4,ana_crea,571,0.9352014010507881,0.24617014547550461,14
4,ana_trop,11731,0.8885005540874605,0.3147496139373901,14
4,peso,13,83.23076923076923,12.78763733607789,14
4,tension_,786,129.44274809160305,21.049497091782246,14
4,ana_hemo,36,14.158333333333335,1.8155768902595242,14
4,ana_plaq,30,231.36666666666667,83.63112791033944,14
4,ana_leuc,82,8.603780487804876,3.4070961243550033,14
4,ana_neu,14936,6.513717260310658,3.2967506534641218,14
4,protcrea,17152,15.023822294776117,28.95856458993227,14
4,splanchnic,11181,0.014667739915928808,0.12021895575027874,14
5,raza,10655,2.9035194744251527,0.6130764954501942,14
5,ant_inf,4359,0.0364762560220234,0.1874719679542496,14
5,ant_isq,4364,0.03941338221814849,0.19457637965661356,14
5,ant_clau,4377,0.026273703449851495,0.15994810394900202,14
5,fum_act,4499,0.21026894865525672,0.40749959249877754,14
5,diabetes,4338,0.11180267404333795,0.3151235251771867,14
5,hip_art,4230,0.324822695035461,0.4683085647576402,14
5,insf_car,126,0.031746031746031744,0.1753231907490041,14
5,fibr_aur,9231,0.024266060015166287,0.15387403402298466,14
5,trat_est,4416,0.16621376811594202,0.37227241558385965,14
5,var171,763,0.0327653997378768,0.1780219882989007,14
5,tv_l_esu,10000,0.0186,0.13510751274448063,14
5,tvp_orig,16621,0.2563624330666025,0.43662425033290836,14
5,tv_l_ein,4541,0.824047566615283,0.3807796929600024,14
5,tvp_prox,6756,0.8429544108940201,0.36384374674897957,14
5,tv_l_svc,11267,0.006035324398686429,0.07745256133975849,14
5,tv_l_vre,11868,0.006656555443208628,0.08131571627207201,14
5,tv_l_vrn,11817,0.004738935432004739,0.06867661845909444,14
5,tv_l_vca,14703,0.04794939808202408,0.21365919897255928,14
5,tv_l_yug,14765,0.015374195733152726,0.1230358884176135,14
5,tv_l_ova,14771,0.0058899194367341414,0.07651946344403443,14
5,tv_l_sup,14765,0.004808669150016932,0.0691776398196889,14
5,tv_l_pul,14771,0.007243923904948886,0.08480241430176501,14
5,tv_l_ove,11840,0.029983108108108107,0.17054067355409858,14
5,fr_antfa,12654,0.13173700015805279,0.33820461698121446,14
5,fr_tvs_a,9833,0.04606935828333164,0.20963533220975342,14
5,fr_viaje,311,0.05144694533762058,0.22090757604267097,14
5,fr_estro,219,0.0547945205479452,0.22757873597035821,14
5,fr_varic,615,0.1902439024390244,0.39249351590032083,14
5,fr_antec,76,0.02631578947368421,0.16007269816574263,14
5,ana_dime,1168,1.601027397260274,0.5490330596778787,14
5,ana_crea,571,0.9334500875656743,0.24924089068471353,14
5,ana_trop,11731,0.8809990623135283,0.32378961458980154,14
5,peso,13,82.84615384615384,22.3188301108009,14
5,tension_,786,131.44274809160305,21.80225505016442,14
5,ana_hemo,36,13.739999999999998,1.7147400191671427,14
5,ana_plaq,30,231.26666666666668,77.45060074367116,14
5,ana_leuc,82,8.232548780487804,3.2746126717612705,14
5,ana_neu,14936,7.06686455543653,3.357629304175075,14
5,protcrea,17152,16.838788129664177,31.75554158455253,14
5,splanchnic,11181,0.016456488686164027,0.12722292508147337,14
1,raza,10655,2.9124354763022056,0.6740690296428103,15
1,ant_inf,4359,0.028446891488873596,0.1662457995063149,15
1,ant_isq,4364,0.03505957836846929,0.18393043340647694,15
1,ant_clau,4377,0.022161297692483435,0.14720792973569244,15
1,fum_act,4499,0.1933763058457435,0.3949454521616839,15
1,diabetes,4338,0.09474412171507607,0.292861184036934,15
1,hip_art,4230,0.34184397163120567,0.47432759849138983,15
1,insf_car,126,0.031746031746031744,0.17532319074900413,15
1,fibr_aur,9231,0.024049398765030875,0.15320256258976678,15
1,trat_est,4416,0.1766304347826087,0.3813556401721565,15
1,var171,763,0.04193971166448231,0.20045142117226905,15
1,tv_l_esu,10000,0.0373,0.1894959366318972,15
1,tvp_orig,16621,0.25708441128692616,0.43702633417241654,15
1,tv_l_ein,4541,0.8264699405417308,0.37870486915628465,15
1,tvp_prox,6756,0.8491711071640023,0.357882016762319,15
1,tv_l_svc,11267,0.00923049613916748,0.09563103094807823,15
1,tv_l_vre,11868,0.00884732052578362,0.09364318152058733,15
1,tv_l_vrn,11817,0.00566979774900567,0.07508429358055545,15
1,tv_l_vca,14703,0.03631911854723526,0.18708297671137034,15
1,tv_l_yug,14765,0.019708770741618694,0.13899760824371407,15
1,tv_l_ova,14771,0.005754518989912667,0.07563996629499119,15
1,tv_l_sup,14765,0.0030477480528276328,0.05512222133254536,15
1,tv_l_pul,14771,0.0031142102768939137,0.055718147593447516,15
1,tv_l_ove,11840,0.0375,0.18998355191963334,15
1,fr_antfa,12654,0.13308044886992254,0.3396616595945184,15
1,fr_tvs_a,9833,0.05034068951489881,0.21864698601641727,15
1,fr_viaje,311,0.05466237942122187,0.2273200468441625,15
1,fr_estro,219,0.0593607305936073,0.23629861247370984,15
1,fr_varic,615,0.2016260162601626,0.40121436393431786,15
1,fr_antec,76,0.039473684210526314,0.19471906035458872,15
1,ana_dime,1168,1.5924657534246576,0.5613200703964822,15
1,ana_crea,571,0.9264448336252189,0.26104559730889804,15
1,ana_trop,11731,0.8757139203818941,0.32990763863734307,15
1,peso,13,78.53846153846153,11.757913110329534,15
1,tension_,786,130.11195928753182,20.70881816029845,15
1,ana_hemo,36,13.88888888888889,1.6399149330542486,15
1,ana_plaq,30,243.03333333333333,109.30553000140887,15
1,ana_leuc,82,8.403780487804879,2.8130686483104315,15
1,ana_neu,14936,6.437454271558651,3.320885146994975,15
1,protcrea,17152,8.752006996268658,20.387871294535035,15
1,splanchnic,11181,0.017798050263840445,0.13221679042635343,15
2,raza,10655,2.9152510558423277,0.633528379582054,15
2,ant_inf,4359,0.03074099564120211,0.17261514078489668,15
2,ant_isq,4364,0.03414298808432631,0.18159637785209223,15
2,ant_clau,4377,0.02376056659812657,0.15230233771371524,15
2,fum_act,4499,0.21226939319848856,0.40891453619263035,15
2,diabetes,4338,0.10557860765329645,0.30729751912322323,15
2,hip_art,4230,0.32671394799054376,0.4690116674230781,15
2,insf_car,126,0.015873015873015872,0.12498425196844144,15
2,fibr_aur,9231,0.023074423139421516,0.15013991519980435,15
2,trat_est,4416,0.17232789855072464,0.3776651876090988,15
2,var171,763,0.028833551769331587,0.16733851338438757,15
2,tv_l_esu,10000,0.0205,0.14170303454760594,15
2,tvp_orig,16621,0.24366764935924434,0.42929445141416006,15
2,tv_l_ein,4541,0.8227262717463114,0.3819001879087335,15
2,tvp_prox,6756,0.8439905269390172,0.3628643236475822,15
2,tv_l_svc,11267,0.006212833939824265,0.07857629817101612,15
2,tv_l_vre,11868,0.00884732052578362,0.09364318152058733,15
2,tv_l_vrn,11817,0.007362274689007363,0.0854872598719304,15
2,tv_l_vca,14703,0.04590899816364007,0.20928774940557546,15
2,tv_l_yug,14765,0.015171012529630884,0.12223278164410997,15
2,tv_l_ova,14771,0.0069054227878952,0.08281146010073497,15
2,tv_l_sup,14765,0.0031832035218421944,0.05633001630730036,15
2,tv_l_pul,14771,0.0035204116173583374,0.05922852623021027,15
2,tv_l_ove,11840,0.02972972972972973,0.1698407280363781,15
2,fr_antfa,12654,0.12715346925873242,0.3331448101264689,15
2,fr_tvs_a,9833,0.046171056645988,0.20985540301403002,15
2,fr_viaje,311,0.04501607717041801,0.2073394076547075,15
2,fr_estro,219,0.0730593607305936,0.2602339150461188,15
2,fr_varic,615,0.191869918699187,0.39377132068950166,15
2,fr_antec,76,0.013157894736842105,0.11395071102426826,15
2,ana_dime,1168,1.5684931506849316,0.5722765669946386,15
2,ana_crea,571,0.9281961471103327,0.2581628548026735,15
2,ana_trop,11731,0.873838547438411,0.3320312341469382,15
2,peso,13,83.01538461538462,18.592051492458406,15
2,tension_,786,130.22137404580153,21.71763864091682,15
2,ana_hemo,36,13.883333333333333,1.8097728525364107,15
2,ana_plaq,30,241.9,80.7706010872768,15
2,ana_leuc,82,8.510731707317072,3.0504588941017388,15
2,ana_neu,14936,6.461885712372791,3.336270899460901,15
2,protcrea,17152,13.487238106343282,25.310248994147226,15
2,splanchnic,11181,0.013594490653787676,0.11580017477383941,15
3,raza,10655,2.9052088221492256,0.66431893975598,15
3,ant_inf,4359,0.029364533149805,0.16882611570103423,15
3,ant_isq,4364,0.0384967919340055,0.19239227880763665,15
3,ant_clau,4377,0.027187571395933287,0.16262966321530745,15
3,fum_act,4499,0.199377639475439,0.3995324722130116,15
3,diabetes,4338,0.1053480866758875,0.3070014125531301,15
3,hip_art,4230,0.3278959810874704,0.46944670269813976,15
3,insf_car,126,0.03968253968253968,0.19521228374998162,15
3,fibr_aur,9231,0.02394106813996317,0.15286560566811883,15
3,trat_est,4416,0.18432971014492755,0.3877528440937791,15
3,var171,763,0.03014416775884666,0.17098390833342522,15
3,tv_l_esu,10000,0.0185,0.13475069573104254,15
3,tvp_orig,16621,0.2624992479393538,0.4399924917207423,15
3,tv_l_ein,4541,0.8167804448359393,0.3868464162552685,15
3,tvp_prox,6756,0.840882178804026,0.3657859212351126,15
3,tv_l_svc,11267,0.006301588710393184,0.07913203327425769,15
3,tv_l_vre,11868,0.0061509942703067075,0.07818669669319302,15
3,tv_l_vrn,11817,0.005923669290005923,0.07673707990371126,15
3,tv_l_vca,14703,0.03495885193497925,0.18367561244315328,15
3,tv_l_yug,14765,0.01781239417541483,0.1322690923426727,15
3,tv_l_ova,14771,0.004603615191930133,0.06769358846371466,15
3,tv_l_sup,14765,0.006772773450728073,0.08201769925152246,15
3,tv_l_pul,14771,0.003926612957822761,0.06253954483766426,15
3,tv_l_ove,11840,0.03251689189189189,0.17736838397409754,15
3,fr_antfa,12654,0.13466097676623992,0.3413610963519454,15
3,fr_tvs_a,9833,0.04545916810739347,0.20830898238524717,15
3,fr_viaje,311,0.022508038585209004,0.14832877935267905,15
3,fr_estro,219,0.0958904109589041,0.29444089397540657,15
3,fr_varic,615,0.2032520325203252,0.4024184933581978,15
3,fr_antec,76,0.013157894736842105,0.11395071102426826,15
3,ana_dime,1168,1.5702054794520548,0.5735636845581737,15
3,ana_crea,571,0.9176882661996497,0.27483906614440845,15
3,ana_trop,11731,0.8821924814593811,0.32238006625087823,15
3,peso,13,81.07692307692308,15.16809170321566,15
3,tension_,786,129.57888040712467,21.44599731376779,15
3,ana_hemo,36,14.205555555555556,1.4687380154488718,15
3,ana_plaq,30,234.25,61.20304322499005,15
3,ana_leuc,82,8.359146341463415,2.876346853647281,15
3,ana_neu,14936,6.671252209426887,3.3356220759098605,15
3,protcrea,17152,17.198248484141793,30.87184194815686,15
3,splanchnic,11181,0.01413111528485824,0.1180314655744996,15
4,raza,10655,2.9309244486156736,0.5916008707366176,15
4,ant_inf,4359,0.03991741225051618,0.19576519723826938,15
4,ant_isq,4364,0.034830430797433545,0.18335013468197597,15
4,ant_clau,4377,0.030386109207219555,0.17164729410761617,15
4,fum_act,4499,0.1998221827072683,0.3998665752540107,15
4,diabetes,4338,0.103273397879207,0.3043156308336626,15
4,hip_art,4230,0.33144208037825057,0.47073158777884017,15
4,insf_car,126,0.007936507936507936,0.08873285624999165,15
4,fibr_aur,9231,0.022424439389015276,0.14805939317417066,15
4,trat_est,4416,0.1838768115942029,0.387383698356233,15
4,var171,763,0.03800786369593709,0.19121523473093915,15
4,tv_l_esu,10000,0.0163,0.12662665596153125,15
4,tvp_orig,16621,0.2824739787016425,0.45020265443254165,15
4,tv_l_ein,4541,0.8134772076635103,0.3895279711079661,15
4,tvp_prox,6756,0.8453226761397277,0.3615968049412173,15
4,tv_l_svc,11267,0.00692287210437561,0.0829152938015784,15
4,tv_l_vre,11868,0.008173238961914391,0.0900357547132573,15
4,tv_l_vrn,11817,0.0061775408310061775,0.07835418827533999,15
4,tv_l_vca,14703,0.03842753179623206,0.19222605597650294,15
4,tv_l_yug,14765,0.014019641043007111,0.11757164074738578,15
4,tv_l_ova,14771,0.004400514521697921,0.06619025603245726,15
4,tv_l_sup,14765,0.004199119539451406,0.0646644178396806,15
4,tv_l_pul,14771,0.0029788098300724394,0.05449712397979092,15
4,tv_l_ove,11840,0.028969594594594594,0.1677210695876324,15
4,fr_antfa,12654,0.13292239608029083,0.339490843323594,15
4,fr_tvs_a,9833,0.05034068951489881,0.21864698601641727,15
4,fr_viaje,311,0.01929260450160772,0.1375514446058356,15
4,fr_estro,219,0.0821917808219178,0.27465668021593725,15
4,fr_varic,615,0.18699186991869918,0.38990500189534305,15
4,fr_antec,76,0.02631578947368421,0.16007269816574263,15
4,ana_dime,1168,1.606164383561644,0.5649854650500052,15
4,ana_crea,571,0.9422066549912435,0.23335225364554632,15
4,ana_trop,11731,0.8797203989429716,0.3252882085575659,15
4,peso,13,82.23076923076923,9.249980009573791,15
4,tension_,786,129.4529262086514,21.808697469826864,15
4,ana_hemo,36,13.525000000000002,1.9442757863362217,15
4,ana_plaq,30,253.66666666666666,164.93419563234573,15
4,ana_leuc,82,8.215731707317074,2.6710242990410658,15
4,ana_neu,14936,6.922830677557579,3.3513423046727735,15
4,protcrea,17152,20.96166161380597,32.12766345142736,15
4,splanchnic,11181,0.011537429568017172,0.1067909981551826,15
5,raza,10655,2.9197559831065227,0.5987936696425148,15
5,ant_inf,4359,0.040146822665749024,0.19630347754330266,15
5,ant_isq,4364,0.0384967919340055,0.19239227880763665,15
5,ant_clau,4377,0.02513136851724926,0.15652406471114746,15
5,fum_act,4499,0.20626805956879307,0.40462519344514114,15
5,diabetes,4338,0.1000461041954818,0.30006146242193216,15
5,hip_art,4230,0.33191489361702126,0.47090062328714616,15
5,insf_car,126,0.031746031746031744,0.1753231907490041,15
5,fibr_aur,9231,0.02166612501354133,0.14559087897405842,15
5,trat_est,4416,0.17889492753623187,0.3832643114588654,15
5,var171,763,0.027522935779816515,0.16360141743235787,15
5,tv_l_esu,10000,0.0143,0.11872451305438149,15
5,tvp_orig,16621,0.28686601287527824,0.4522984673114856,15
5,tv_l_ein,4541,0.8196432503853777,0.38448432020444057,15
5,tvp_prox,6756,0.84251036116045,0.3642617911581424,15
5,tv_l_svc,11267,0.008076684121771545,0.08950671089571256,15
5,tv_l_vre,11868,0.007330637007077857,0.08530474059598515,15
5,tv_l_vrn,11817,0.0046543115850046545,0.06806356564766752,15
5,tv_l_vca,14703,0.034754811943140854,0.18315816932350512,15
5,tv_l_yug,14765,0.01767693870640027,0.13177429394373713,15
5,tv_l_ova,14771,0.006363821000609302,0.07951932333012843,15
5,tv_l_sup,14765,0.003521842194378598,0.059240516725772185,15
5,tv_l_pul,14771,0.005483718096269717,0.07384881131142437,15
5,tv_l_ove,11840,0.030236486486486486,0.17123738310146824,15
5,fr_antfa,12654,0.1311838153943417,0.33760127661625483,15
5,fr_tvs_a,9833,0.05003559442692972,0.218018425178409,15
5,fr_viaje,311,0.02572347266881029,0.1583091141490826,15
5,fr_estro,219,0.0821917808219178,0.27465668021593725,15
5,fr_varic,615,0.20650406504065041,0.40479641322810306,15
5,fr_antec,76,0.013157894736842105,0.11395071102426826,15
5,ana_dime,1168,1.586472602739726,0.571337552209251,15
5,ana_crea,571,0.9229422066549913,0.26668312625624946,15
5,ana_trop,11731,0.8737533032137073,0.3321271869884226,15
5,peso,13,73.57692307692308,13.152721499379386,15
5,tension_,786,131.83078880407123,21.610138480084395,15
5,ana_hemo,36,14.22777777777778,1.6999364548762652,15
5,ana_plaq,30,204.7,60.43737805916688,15
5,ana_leuc,82,8.539390243902439,3.9859678714334787,15
5,ana_neu,14936,6.694979512587039,3.2967235292386685,15
5,protcrea,17152,21.677894239738805,37.1186045532388,15
5,splanchnic,11181,0.013505053215275915,0.1154238569487629,15
1,raza,10655,2.9132801501642422,0.5948212969400598,16
1,ant_inf,4359,0.030052764395503556,0.17073252691766705,16
1,ant_isq,4364,0.03253895508707608,0.1774265241978136,16
1,ant_clau,4377,0.017135023989033583,0.12977447723619936,16
1,fum_act,4499,0.20671260280062237,0.4049475307296175,16
1,diabetes,4338,0.08483171968649147,0.278631116391411,16
1,hip_art,4230,0.33451536643026003,0.47182076687264296,16
1,insf_car,126,0.031746031746031744,0.17532319074900413,16
1,fibr_aur,9231,0.026541003141588127,0.16073760696808428,16
1,trat_est,4416,0.16757246376811594,0.373486188706891,16
1,var171,763,0.03407601572739188,0.18142447706838907,16
1,tv_l_esu,10000,0.0367,0.18802422716235268,16
1,tvp_orig,16621,0.2286264364358342,0.41994807893177183,16
1,tv_l_ein,4541,0.8178815238934155,0.3859421417352605,16
1,tvp_prox,6756,0.8453226761397277,0.3615968049412173,16
1,tv_l_svc,11267,0.005325286234135085,0.0727799942337152,16
1,tv_l_vre,11868,0.008257499157398046,0.09049482231080193,16
1,tv_l_vrn,11817,0.0046543115850046545,0.06806356564766751,16
1,tv_l_vca,14703,0.034210705298238456,0.18177000011342778,16
1,tv_l_yug,14765,0.016254656281747375,0.12645332115413033,16
1,tv_l_ova,14771,0.003723512287590549,0.06090687763984221,16
1,tv_l_sup,14765,0.005215035557060616,0.0720266545189988,16
1,tv_l_pul,14771,0.005483718096269717,0.07384881131142437,16
1,tv_l_ove,11840,0.04349662162162162,0.20397221754230915,16
1,fr_antfa,12654,0.1304725778409989,0.3368226302856199,16
1,fr_tvs_a,9833,0.043425200854266245,0.2038122979239302,16
1,fr_viaje,311,0.04180064308681672,0.20013332886939464,16
1,fr_estro,219,0.0684931506849315,0.25259025910391475,16
1,fr_varic,615,0.2016260162601626,0.40121436393431786,16
1,fr_antec,76,0.02631578947368421,0.16007269816574263,16
1,ana_dime,1168,1.5941780821917808,0.5502493293509012,16
1,ana_crea,571,0.9422066549912435,0.23335225364554635,16
1,ana_trop,11731,0.8856022504475322,0.3182937392563646,16
1,peso,13,88.57692307692308,9.595363772007799,16
1,tension_,786,129.5114503816794,21.133297923005294,16
1,ana_hemo,36,13.312222222222225,2.799306571983608,16
1,ana_plaq,30,265.9,91.55994393474329,16
1,ana_leuc,82,9.366451219512197,3.601671374049117,16
1,ana_neu,14936,7.1019122924477776,3.369653163352233,16
1,protcrea,17152,29.040814482276115,41.442445769943255,16
1,splanchnic,11181,0.01484661479295233,0.12093879783651737,16
2,raza,10655,2.9316752698263726,0.6176095359114574,16
2,ant_inf,4359,0.024088093599449415,0.15332272286322593,16
2,ant_isq,4364,0.038267644362969755,0.19184168409883978,16
2,ant_clau,4377,0.02467443454420836,0.15513093445258408,16
2,fum_act,4499,0.203156256945988,0.402347849763962,16
2,diabetes,4338,0.10050714615029968,0.3006750068147035,16
2,hip_art,4230,0.32174940898345156,0.46714743582968654,16
2,insf_car,126,0.023809523809523808,0.15245533898649635,16
2,fibr_aur,9231,0.023399415014624635,0.1511683908480804,16
2,trat_est,4416,0.17957427536231885,0.38383245692673895,16
2,var171,763,0.028833551769331587,0.16733851338438757,16
2,tv_l_esu,10000,0.0235,0.15148514778683753,16
2,tvp_orig,16621,0.265988809337585,0.44185830607193394,16
2,tv_l_ein,4541,0.8233869191807972,0.38134092424332394,16
2,tvp_prox,6756,0.8348134991119005,0.37134878593102383,16
2,tv_l_svc,11267,0.005857814857548593,0.07631186580501931,16
2,tv_l_vre,11868,0.006488035052241321,0.08028661440988907,16
2,tv_l_vrn,11817,0.006262164678006262,0.07888567659310398,16
2,tv_l_vca,14703,0.036183091886009655,0.18674548387465284,16
2,tv_l_yug,14765,0.021537419573315272,0.14516734870981923,16
2,tv_l_ova,14771,0.004942116308983819,0.07012625610548659,16
2,tv_l_sup,14765,0.004944124619031493,0.07014043235383555,16
2,tv_l_pul,14771,0.004332814298287184,0.06568135974950384,16
2,tv_l_ove,11840,0.04011824324324324,0.19623651495661862,16
2,fr_antfa,12654,0.12130551604235815,0.32648198697639563,16
2,fr_tvs_a,9833,0.043526899216922606,0.20403996731396143,16
2,fr_viaje,311,0.04180064308681672,0.20013332886939464,16
2,fr_estro,219,0.0867579908675799,0.2814800914597706,16
2,fr_varic,615,0.23414634146341465,0.4234640861309406,16
2,fr_antec,76,0.013157894736842105,0.11395071102426825,16
2,ana_dime,1168,1.6035958904109588,0.5501127665065794,16
2,ana_crea,571,0.9229422066549913,0.2666831262562494,16
2,ana_trop,11731,0.8779302702241923,0.3273663251592457,16
2,peso,13,76.96153846153847,17.62696965367552,16
2,tension_,786,129.97837150127228,21.202004091610387,16
2,ana_hemo,36,13.740277777777779,1.6886393044748436,16
2,ana_plaq,30,241.1,104.90038131484556,16
2,ana_leuc,82,9.088902439024388,3.8333459899005637,16
2,ana_neu,14936,6.466058248527049,3.313436578385031,16
2,protcrea,17152,34.140285564365676,47.304180333872644,16
2,splanchnic,11181,0.013415615776764154,0.11504623866121999,16
3,raza,10655,2.9087752229000468,0.6548615807731237,16
3,ant_inf,4359,0.03945859142005047,0.19468336082777077,16
3,ant_isq,4364,0.039184234647112744,0.19403306522918393,16
3,ant_clau,4377,0.023989033584647018,0.15301490075257934,16
3,fum_act,4499,0.20426761502556123,0.40316542073611705,16
3,diabetes,4338,0.09866297833102812,0.29820897880157665,16
3,hip_art,4230,0.3425531914893617,0.4745634862584925,16
3,insf_car,126,0.05555555555555555,0.2290614236454256,16
3,fibr_aur,9231,0.028599285017874555,0.16667743072876098,16
3,trat_est,4416,0.17572463768115942,0.38058571885054315,16
3,var171,763,0.03800786369593709,0.19121523473093918,16
3,tv_l_esu,10000,0.0195,0.13827418414150922,16
3,tvp_orig,16621,0.23716984537633115,0.42534728143071315,16
3,tv_l_ein,4541,0.8227262717463114,0.3819001879087335,16
3,tvp_prox,6756,0.8407341622261694,0.36592380448944634,16
3,tv_l_svc,11267,0.007544155498358037,0.08652884615071801,16
3,tv_l_vre,11868,0.006825075834175936,0.0823316110253752,16
3,tv_l_vrn,11817,0.0046543115850046545,0.06806356564766752,16
3,tv_l_vca,14703,0.03944773175542406,0.19465766929349632,16
3,tv_l_yug,14765,0.019911953945140535,0.13969777390934737,16
3,tv_l_ova,14771,0.0031142102768939137,0.05571814759344751,16
3,tv_l_sup,14765,0.003995936335929563,0.0630869941329333,16
3,tv_l_pul,14771,0.005145216979216031,0.07154539622821875,16
3,tv_l_ove,11840,0.04113175675675676,0.1985949026104642,16
3,fr_antfa,12654,0.1334755808440019,0.3400880035554889,16
3,fr_tvs_a,9833,0.05013729278958609,0.21822819401103377,16
3,fr_viaje,311,0.01929260450160772,0.1375514446058356,16
3,fr_estro,219,0.0821917808219178,0.27465668021593725,16
3,fr_varic,615,0.2032520325203252,0.4024184933581978,16
3,fr_antec,76,0.06578947368421052,0.24791373265022068,16
3,ana_dime,1168,1.5967465753424657,0.5605981066198903,16
3,ana_crea,571,0.9439579684763573,0.2300028743871384,16
3,ana_trop,11731,0.8815105276617509,0.3231868148350925,16
3,peso,13,85.3076923076923,18.881756011006274,16
3,tension_,786,128.8562340966921,21.291947206477325,16
3,ana_hemo,36,13.441666666666666,1.8175647627159444,16
3,ana_plaq,30,253.63333333333333,78.78556692412359,16
3,ana_leuc,82,8.752317073170733,3.548620583523416,16
3,ana_neu,14936,6.5319552758435995,3.290092947875348,16
3,protcrea,17152,13.915957672574626,28.504421761138644,16
3,splanchnic,11181,0.012610678830158305,0.1115869598546394,16
4,raza,10655,2.9072735804786487,0.6242695438660106,16
4,ant_inf,4359,0.03555861436109199,0.18518693071005612,16
4,ant_isq,4364,0.04147571035747021,0.19938775240172965,16
4,ant_clau,4377,0.022846698652044778,0.14941461445503726,16
4,fum_act,4499,0.20626805956879307,0.40462519344514114,16
4,diabetes,4338,0.10442600276625173,0.3058123815552839,16
4,hip_art,4230,0.3229314420803783,0.4675967555450589,16
4,insf_car,126,0.07142857142857142,0.2575393768188564,16
4,fibr_aur,9231,0.024916043765572528,0.15586928667522865,16
4,trat_est,4416,0.17866847826086957,0.3830744746610178,16
4,var171,763,0.03669724770642202,0.18801744524696515,16
4,tv_l_esu,10000,0.016,0.125475097130865,16
4,tvp_orig,16621,0.19234703086456892,0.3941442002391427,16
4,tv_l_ein,4541,0.8253688614842546,0.3796512926047269,16
4,tvp_prox,6756,0.8435464772054471,0.3632847615848032,16
4,tv_l_svc,11267,0.008964231827460726,0.09425430693185465,16
4,tv_l_vre,11868,0.007499157398045164,0.08627235963137041,16
4,tv_l_vrn,11817,0.008208513159008208,0.09022822989910974,16
4,tv_l_vca,14703,0.04842549139631368,0.21466360469194407,16
4,tv_l_yug,14765,0.026481544192346766,0.16056236174625596,16
4,tv_l_ova,14771,0.007379324351770361,0.08558545392694795,16
4,tv_l_sup,14765,0.004876396884524212,0.06966073239601213,16
4,tv_l_pul,14771,0.003994313181233498,0.06307423121563768,16
4,tv_l_ove,11840,0.0375,0.18998355191963334,16
4,fr_antfa,12654,0.12565196775723092,0.3314567102292043,16
4,fr_tvs_a,9833,0.046781246821926165,0.21116998311244947,16
4,fr_viaje,311,0.04501607717041801,0.20733940765470754,16
4,fr_estro,219,0.0776255707762557,0.26758146710472347,16
4,fr_varic,615,0.22439024390243903,0.4171801317702498,16
4,fr_antec,76,0.039473684210526314,0.19471906035458875,16
4,ana_dime,1168,1.605308219178082,0.5528932997345412,16
4,ana_crea,571,0.9422066549912435,0.23335225364554635,16
4,ana_trop,11731,0.8783564913477112,0.3268736230640969,16
4,peso,13,77.07692307692308,12.880883500882756,16
4,tension_,786,128.2290076335878,21.484557997513985,16
4,ana_hemo,36,13.813888888888888,2.0254152904442666,16
4,ana_plaq,30,212.16666666666666,57.071933168200594,16
4,ana_leuc,82,8.432439024390243,3.5049750567901334,16
4,ana_neu,14936,6.5106110069630425,3.3677533484244675,16
4,protcrea,17152,18.156665345149253,32.32128196289909,16
4,splanchnic,11181,0.012342366514623022,0.1104084802152522,16
5,raza,10655,2.8950727358047863,0.6647730173396041,16
5,ant_inf,4359,0.03670566643725625,0.18803818891026666,16
5,ant_isq,4364,0.035747021081576534,0.18565875030649606,16
5,ant_clau,4377,0.026273703449851495,0.15994810394900202,16
5,fum_act,4499,0.20471215825739053,0.4034911281787886,16
5,diabetes,4338,0.10281235592438911,0.30371364044715843,16
5,hip_art,4230,0.32222222222222224,0.4673275743291798,16
5,insf_car,126,0.05555555555555555,0.2290614236454256,16
5,fibr_aur,9231,0.025674358141046474,0.15816189640710482,16
5,trat_est,4416,0.18365036231884058,0.38719879485736935,16
5,var171,763,0.03669724770642202,0.18801744524696515,16
5,tv_l_esu,10000,0.0179,0.1325880462183526,16
5,tvp_orig,16621,0.23867396666867216,0.42627303961582386,16
5,tv_l_ein,4541,0.8269103721647214,0.37832473957054846,16
5,tvp_prox,6756,0.8317051509769094,0.3741279096985224,16
5,tv_l_svc,11267,0.006124079169255348,0.07801650353344501,16
5,tv_l_vre,11868,0.008257499157398046,0.09049482231080193,16
5,tv_l_vrn,11817,0.0061775408310061775,0.07835418827533999,16
5,tv_l_vca,14703,0.04298442494728967,0.20282200117157037,16
5,tv_l_yug,14765,0.017270572299356586,0.13027777873378593,16
5,tv_l_ova,14771,0.004400514521697921,0.06619025603245726,16
5,tv_l_sup,14765,0.00555367422959702,0.07431575157494225,16
5,tv_l_pul,14771,0.0027080089364294904,0.051968025015673894,16
5,tv_l_ove,11840,0.040456081081081084,0.1970263601263599,16
5,fr_antfa,12654,0.12652125810020548,0.33243590261725137,16
5,fr_tvs_a,9833,0.043831994304891694,0.20472115323079737,16
5,fr_viaje,311,0.02572347266881029,0.15830911414908258,16
5,fr_estro,219,0.0730593607305936,0.2602339150461188,16
5,fr_varic,615,0.2032520325203252,0.40241849335819785,16
5,fr_antec,76,0.02631578947368421,0.16007269816574263,16
5,ana_dime,1168,1.577054794520548,0.5726837418946317,16
5,ana_crea,571,0.9299474605954466,0.2552355404866785,16
5,ana_trop,11731,0.8742647685619299,0.331550724645996,16
5,peso,13,75.88461538461539,12.191033663112737,16
5,tension_,786,131.47964376590332,21.152847795217834,16
5,ana_hemo,36,14.136111111111113,1.5259155316977882,16
5,ana_plaq,30,239.3,134.2354026825015,16
5,ana_leuc,82,8.56231707317073,3.531360650769908,16
5,ana_neu,14936,6.877105516871987,3.367017590597059,16
5,protcrea,17152,18.702271688432834,32.841294540756955,16
5,splanchnic,11181,0.013236740899740631,0.11428704909172238,16
1,raza,10655,2.925199436884092,0.5871599638940469,17
1,ant_inf,4359,0.028217481073640742,0.16559364370500296,17
1,ant_isq,4364,0.033455545371219066,0.1798228902424087,17
1,ant_clau,4377,0.0205620287868403,0.1419127610858497,17
1,fum_act,4499,0.20915759057568348,0.4067071340415093,17
1,diabetes,4338,0.09428307976025818,0.2922221426093152,17
1,hip_art,4230,0.33451536643026003,0.47182076687264296,17
1,insf_car,126,0.023809523809523808,0.15245533898649638,17
1,fibr_aur,9231,0.029790921893619326,0.1700100669558941,17
1,trat_est,4416,0.17866847826086957,0.38307447466101774,17
1,var171,763,0.03800786369593709,0.19121523473093918,17
1,tv_l_esu,10000,0.0445,0.20620317650317613,17
1,tvp_orig,16621,0.27868359304494317,0.4483514782093438,17
1,tv_l_ein,4541,0.8130367760405197,0.38988200374748966,17
1,tvp_prox,6756,0.8368857312018946,0.3694698960843289,17
1,tv_l_svc,11267,0.0065678530220999376,0.08077571620716235,17
1,tv_l_vre,11868,0.01002696326255477,0.09963143715859041,17
1,tv_l_vrn,11817,0.004315816197004316,0.06555295513977988,17
1,tv_l_vca,14703,0.029993878800244848,0.17057035508774984,17
1,tv_l_yug,14765,0.014290551981036235,0.11868585469681521,17
1,tv_l_ova,14771,0.004535914968519396,0.06719628296206391,17
1,tv_l_sup,14765,0.0036572976633931593,0.060364905675354935,17
1,tv_l_pul,14771,0.0037912125110012864,0.06145599416409854,17
1,tv_l_ove,11840,0.032010135135135134,0.17602694789084292,17
1,fr_antfa,12654,0.12723249565354827,0.33323323319158626,17
1,fr_tvs_a,9833,0.0443404861181735,0.2058504491347482,17
1,fr_viaje,311,0.04823151125401929,0.21425506429527566,17
1,fr_estro,219,0.0639269406392694,0.2446227440361438,17
1,fr_varic,615,0.1983739837398374,0.39877530805583256,17
1,fr_antec,76,0.039473684210526314,0.19471906035458875,17
1,ana_dime,1168,1.591609589041096,0.5584023304462261,17
1,ana_crea,571,0.9352014010507881,0.24617014547550461,17
1,ana_trop,11731,0.8942119171426136,0.30756619512349725,17
1,peso,13,82.38461538461539,16.236418994813725,17
1,tension_,786,129.54961832061068,19.96812233344768,17
1,ana_hemo,36,13.96388888888889,1.4759465470932691,17
1,ana_plaq,30,236.4,106.90201120652502,17
1,ana_leuc,82,8.509878048780488,3.2169442756959246,17
1,ana_neu,14936,6.613453200321372,3.2439167089659624,17
1,protcrea,17152,8.33678871268657,19.307833827931074,17
1,splanchnic,11181,0.014578302477417046,0.1198573133951115,17
2,raza,10655,2.9061473486626,0.6162318203190885,17
2,ant_inf,4359,0.03785271851342051,0.1908399596902186,17
2,ant_isq,4364,0.029560036663611365,0.16937012988144431,17
2,ant_clau,4377,0.026502170436371944,0.160623178273042,17
2,fum_act,4499,0.21138030673482996,0.40828748775773077,17
2,diabetes,4338,0.1000461041954818,0.30006146242193216,17
2,hip_art,4230,0.3371158392434988,0.4727248144265862,17
2,insf_car,126,0.007936507936507936,0.08873285624999165,17
2,fibr_aur,9231,0.022749431264218394,0.14910363725064857,17
2,trat_est,4416,0.1791213768115942,0.383453920544194,17
2,var171,763,0.04062909567496723,0.19742941082726656,17
2,tv_l_esu,10000,0.0239,0.15273765089197883,17
2,tvp_orig,16621,0.3236869021117863,0.4678821342101675,17
2,tv_l_ein,4541,0.8178815238934155,0.3859421417352605,17
2,tvp_prox,6756,0.8308170515097691,0.37491342791420895,17
2,tv_l_svc,11267,0.00647909825153102,0.08023166168899924,17
2,tv_l_vre,11868,0.007499157398045164,0.08627235963137041,17
2,tv_l_vrn,11817,0.007362274689007363,0.0854872598719304,17
2,tv_l_vca,14703,0.03536693191865606,0.1847054737827691,17
2,tv_l_yug,14765,0.02106332543176431,0.1435954795720252,17
2,tv_l_ova,14771,0.004671315415340871,0.06818719988114536,17
2,tv_l_sup,14765,0.005485946495089739,0.07386373187256891,17
2,tv_l_pul,14771,0.005280617426037506,0.07247573735835555,17
2,tv_l_ove,11840,0.03445945945945946,0.18240615426355913,17
2,fr_antfa,12654,0.13908645487592855,0.34603672196166524,17
2,fr_tvs_a,9833,0.04189972541442083,0.20036002202190176,17
2,fr_viaje,311,0.03858520900321544,0.1926042332073561,17
2,fr_estro,219,0.0730593607305936,0.26023391504611887,17
2,fr_varic,615,0.2016260162601626,0.40121436393431786,17
2,fr_antec,76,0.039473684210526314,0.19471906035458872,17
2,ana_dime,1168,1.5650684931506849,0.5575254113937625,17
2,ana_crea,571,0.9229422066549913,0.2666831262562494,17
2,ana_trop,11731,0.8659960787656636,0.34065652838035876,17
2,peso,13,77.3076923076923,13.216450212255095,17
2,tension_,786,129.735368956743,20.738617980821584,17
2,ana_hemo,36,14.149999999999999,1.5404725104835708,17
2,ana_plaq,30,226.03333333333333,68.64035903817003,17
2,ana_leuc,82,9.121463414634146,3.970570740430029,17
2,ana_neu,14936,6.29896585431173,3.3052769624920253,17
2,protcrea,17152,6.6862473180970134,15.13305321952702,17
2,splanchnic,11181,0.011716304445040694,0.10760591366273425,17
3,raza,10655,2.9126231816048804,0.6494160234208518,17
3,ant_inf,4359,0.033264510208763476,0.17932646923790851,17
3,ant_isq,4364,0.04170485792850596,0.1999138883461304,17
3,ant_clau,4377,0.025359835503769704,0.1572155025657185,17
3,fum_act,4499,0.1975994665481218,0.39818829386110727,17
3,diabetes,4338,0.1094974642692485,0.3122623409696615,17
3,hip_art,4230,0.33522458628841606,0.4720689176764091,17
3,insf_car,126,0.031746031746031744,0.1753231907490041,17
3,fibr_aur,9231,0.024699382515437115,0.1552073549120441,17
3,trat_est,4416,0.17459239130434784,0.3796180820284741,17
3,var171,763,0.03014416775884666,0.17098390833342522,17
3,tv_l_esu,10000,0.0188,0.13581811366677127,17
3,tvp_orig,16621,0.31712893327717945,0.4653581125925041,17
3,tv_l_ein,4541,0.8203038978198635,0.383934125914072,17
3,tvp_prox,6756,0.8439905269390172,0.3628643236475822,17
3,tv_l_svc,11267,0.008254193662909382,0.09047685864288485,17
3,tv_l_vre,11868,0.00766767778901247,0.08722892012593274,17
3,tv_l_vrn,11817,0.005077430820005078,0.0710749640610049,17
3,tv_l_vca,14703,0.04441270489015847,0.20601023405282118,17
3,tv_l_yug,14765,0.01645783948526922,0.1272280590308063,17
3,tv_l_ova,14771,0.00616072033037709,0.07824810448431303,17
3,tv_l_sup,14765,0.003521842194378598,0.05924051672577218,17
3,tv_l_pul,14771,0.002369507819375804,0.04861988535640248,17
3,tv_l_ove,11840,0.032939189189189186,0.1784774467677863,17
3,fr_antfa,12654,0.13560929350403034,0.3423732072159972,17
3,fr_tvs_a,9833,0.04373029594223533,0.20449439395504185,17
3,fr_viaje,311,0.03215434083601286,0.17640986140636916,17
3,fr_estro,219,0.0684931506849315,0.25259025910391475,17
3,fr_varic,615,0.2,0.4,17
3,fr_antec,76,0.02631578947368421,0.16007269816574263,17
3,ana_dime,1168,1.5907534246575343,0.5445717000183488,17
3,ana_crea,571,0.9422066549912435,0.23335225364554632,17
3,ana_trop,11731,0.8779302702241923,0.3273663251592457,17
3,peso,13,90.23076923076923,19.33173495399109,17
3,tension_,786,130.323155216285,21.92805488552101,17
3,ana_hemo,36,14.516666666666667,1.6763883135412803,17
3,ana_plaq,30,210.09333333333333,81.40826712045623,17
3,ana_leuc,82,8.765853658536585,3.8380543061078436,17
3,ana_neu,14936,6.24647670058918,3.3312055350997167,17
3,protcrea,17152,11.475569962686569,27.583676635977394,17
3,splanchnic,11181,0.014041677846346481,0.11766269217388281,17
4,raza,10655,2.9290473955889254,0.5961207168543152,17
4,ant_inf,4359,0.0364762560220234,0.1874719679542496,17
4,ant_isq,4364,0.03620531622364803,0.186800672645453,17
4,ant_clau,4377,0.02695910440941284,0.1619639191266228,17
4,fum_act,4499,0.20604578795287842,0.40446374524764994,17
4,diabetes,4338,0.11387736284001844,0.31766225629215256,17
4,hip_art,4230,0.34066193853427895,0.4739318328286739,17
4,insf_car,126,0.07936507936507936,0.27030772009406984,17
4,fibr_aur,9231,0.023074423139421516,0.15013991519980435,17
4,trat_est,4416,0.18138586956521738,0.3853375609608896,17
4,var171,763,0.0327653997378768,0.1780219882989007,17
4,tv_l_esu,10000,0.0155,0.12353036064061339,17
4,tvp_orig,16621,0.25840803802418627,0.43775943611609,17
4,tv_l_ein,4541,0.8185421713279013,0.38539704862090723,17
4,tvp_prox,6756,0.8435464772054471,0.36328476158480316,17
4,tv_l_svc,11267,0.007632910268926955,0.08703245917330767,17
4,tv_l_vre,11868,0.007077856420626896,0.08383173843548686,17
4,tv_l_vrn,11817,0.006008293137006009,0.07727996862438423,17
4,tv_l_vca,14703,0.03815547847378086,0.19157149562556983,17
4,tv_l_yug,14765,0.01591601760921097,0.12515070112737786,17
4,tv_l_ova,14771,0.003994313181233498,0.0630742312156377,17
4,tv_l_sup,14765,0.00277683711479851,0.05262248844777666,17
4,tv_l_pul,14771,0.004942116308983819,0.07012625610548659,17
4,tv_l_ove,11840,0.0339527027027027,0.1811074727389364,17
4,fr_antfa,12654,0.13529318792476688,0.3420364618369226,17
4,fr_tvs_a,9833,0.04556086647004983,0.20853075052986342,17
4,fr_viaje,311,0.02572347266881029,0.1583091141490826,17
4,fr_estro,219,0.0776255707762557,0.26758146710472347,17
4,fr_varic,615,0.1821138211382114,0.3859383076200793,17
4,fr_antec,76,0.0,0.0,17
4,ana_dime,1168,1.5761986301369864,0.5607131603746265,17
4,ana_crea,571,0.9387040280210157,0.23987241566744563,17
4,ana_trop,11731,0.875031966584264,0.33068266365193616,17
4,peso,13,77.15384615384616,8.374376246311893,17
4,tension_,786,131.26844783715012,20.18648294080828,17
4,ana_hemo,36,13.927777777777779,1.67508061350145,17
4,ana_plaq,30,231.97666666666666,86.30412768550269,17
4,ana_leuc,82,8.809634146341462,3.644910064507247,17
4,ana_neu,14936,6.660645755222282,3.38495832292372,17
4,protcrea,17152,12.130040578358209,27.448227834394334,17
4,splanchnic,11181,0.014667739915928808,0.12021895575027874,17
5,raza,10655,2.917878930079775,0.6443010147724211,17
5,ant_inf,4359,0.04381738930947465,0.20468860667750072,17
5,ant_isq,4364,0.03689275893675527,0.1884984967441113,17
5,ant_clau,4377,0.02810143934201508,0.16526266501821313,17
5,fum_act,4499,0.2018226272505001,0.40136050426045383,17
5,diabetes,4338,0.11018902720147533,0.31312522333064746,17
5,hip_art,4230,0.3404255319148936,0.4738522861982997,17
5,insf_car,126,0.03968253968253968,0.1952122837499816,17
5,fibr_aur,9231,0.024049398765030875,0.15320256258976678,17
5,trat_est,4416,0.18206521739130435,0.3858982689875162,17
5,var171,763,0.035386631716906945,0.1847550216168398,17
5,tv_l_esu,10000,0.0143,0.11872451305438149,17
5,tvp_orig,16621,0.30268936887070574,0.4594219355269832,17
5,tv_l_ein,4541,0.8125963444175291,0.39023521811440526,17
5,tvp_prox,6756,0.8331853167554766,0.3728103334117131,17
5,tv_l_svc,11267,0.006834117333806692,0.0823857522516755,17
5,tv_l_vre,11868,0.006656555443208628,0.08131571627207201,17
5,tv_l_vrn,11817,0.00676990776000677,0.08200046407751464,17
5,tv_l_vca,14703,0.039243691763585664,0.19417421152241185,17
5,tv_l_yug,14765,0.015306467998645445,0.12276880726003607,17
5,tv_l_ova,14771,0.0030465100534831763,0.05511105905330801,17
5,tv_l_sup,14765,0.005079580088046055,0.0710899286409487,17
5,tv_l_pul,14771,0.0012186040213932707,0.034887232989050804,17
5,tv_l_ove,11840,0.033783783783783786,0.1806721886097424,17
5,fr_antfa,12654,0.1387703492966651,0.3457067246276049,17
5,fr_tvs_a,9833,0.046679548459269804,0.21095157789148794,17
5,fr_viaje,311,0.05144694533762058,0.22090757604267094,17
5,fr_estro,219,0.0684931506849315,0.2525902591039147,17
5,fr_varic,615,0.16747967479674797,0.37340357969189786,17
5,fr_antec,76,0.039473684210526314,0.19471906035458872,17
5,ana_dime,1168,1.5976027397260273,0.5512076465194718,17
5,ana_crea,571,0.9176882661996497,0.27483906614440845,17
5,ana_trop,11731,0.884153098627568,0.32004124236547704,17
5,peso,13,84.76153846153846,11.322784277154724,17
5,tension_,786,130.441475826972,21.02953841297158,17
5,ana_hemo,36,13.749999999999998,1.6194134740701647,17
5,ana_plaq,30,229.46666666666667,106.71105326482767,17
5,ana_leuc,82,8.818902439024388,3.375503578003733,17
5,ana_neu,14936,6.735708221746116,3.3479320508189527,17
5,protcrea,17152,22.330836986940298,38.499377096924896,17
5,splanchnic,11181,0.015919864055093463,0.12516557826958977,17
1,raza,10655,2.924260910370718,0.633039827534104,18
1,ant_inf,4359,0.028446891488873596,0.16624579950631488,18
1,ant_isq,4364,0.03414298808432631,0.18159637785209223,18
1,ant_clau,4377,0.02170436371944254,0.14571645176498324,18
1,fum_act,4499,0.19737719493220715,0.398019393815051,18
1,diabetes,4338,0.08736745043798985,0.2823727661123771,18
1,hip_art,4230,0.3288416075650118,0.46979229953147444,18
1,insf_car,126,0.031746031746031744,0.1753231907490041,18
1,fibr_aur,9231,0.025566027515978768,0.15783664261834443,18
1,trat_est,4416,0.16644021739130435,0.37247532995628,18
1,var171,763,0.03407601572739188,0.18142447706838905,18
1,tv_l_esu,10000,0.0409,0.19805855194865984,18
1,tvp_orig,16621,0.1982431863305457,0.39867634166584076,18
1,tv_l_ein,4541,0.8242677824267782,0.380592177113534,18
1,tvp_prox,6756,0.8488750740082889,0.35817060562769654,18
1,tv_l_svc,11267,0.005680305316410757,0.0751534393619022,18
1,tv_l_vre,11868,0.007330637007077857,0.08530474059598514,18
1,tv_l_vrn,11817,0.0069391554540069395,0.08301206885502894,18
1,tv_l_vca,14703,0.036047065224784056,0.18640728074156387,18
1,tv_l_yug,14765,0.015306467998645445,0.12276880726003607,18
1,tv_l_ova,14771,0.0058899194367341414,0.07651946344403443,18
1,tv_l_sup,14765,0.004266847273958686,0.0651816023759726,18
1,tv_l_pul,14771,0.006228420553787827,0.07867418465540638,18
1,tv_l_ove,11840,0.028800675675675676,0.16724591700935548,18
1,fr_antfa,12654,0.1264422317053896,0.332347098297473,18
1,fr_tvs_a,9833,0.04942540425099156,0.2167545470471557,18
1,fr_viaje,311,0.028938906752411574,0.16763486042105563,18
1,fr_estro,219,0.0684931506849315,0.25259025910391475,18
1,fr_varic,615,0.19349593495934958,0.39503829955278613,18
1,fr_antec,76,0.0,0.0,18
1,ana_dime,1168,1.595890410958904,0.5546042291616073,18
1,ana_crea,571,0.9159369527145359,0.2774823442429193,18
1,ana_trop,11731,0.8794646662688603,0.3255864970379799,18
1,peso,13,94.15384615384616,26.378447361569645,18
1,tension_,786,131.06615776081424,21.690471160885796,18
1,ana_hemo,36,13.755555555555556,1.7820781321636272,18
1,ana_plaq,30,222.93333333333334,69.45450949282478,18
1,ana_leuc,82,8.439146341463415,3.4682926850708378,18
1,ana_neu,14936,6.669860136582754,3.3319934437572227,18
1,protcrea,17152,24.658759095149254,38.91065696547509,18
1,splanchnic,11181,0.015472676862534658,0.12342314666723679,18
2,raza,10655,2.9213514781792584,0.5945231449996966,18
2,ant_inf,4359,0.031199816471667814,0.17385737811149132,18
2,ant_isq,4364,0.03276810265811182,0.17802908219248692,18
2,ant_clau,4377,0.024445967557687916,0.15442914954067571,18
2,fum_act,4499,0.21071349188708602,0.4078152967016281,18
2,diabetes,4338,0.10235131396957123,0.3031097532219534,18
2,hip_art,4230,0.33144208037825057,0.47073158777884017,18
2,insf_car,126,0.015873015873015872,0.12498425196844144,18
2,fibr_aur,9231,0.02394106813996317,0.15286560566811883,18
2,trat_est,4416,0.18229166666666666,0.3860847250676405,18
2,var171,763,0.03014416775884666,0.17098390833342525,18
2,tv_l_esu,10000,0.0268,0.16149848296501115,18
2,tvp_orig,16621,0.18621021599181758,0.3892762148553367,18
2,tv_l_ein,4541,0.8233869191807972,0.38134092424332394,18
2,tvp_prox,6756,0.8394020130254588,0.3671597384712358,18
2,tv_l_svc,11267,0.006124079169255348,0.07801650353344503,18
2,tv_l_vre,11868,0.0069093360296595885,0.08283475783322382,18
2,tv_l_vrn,11817,0.005923669290005923,0.07673707990371126,18
2,tv_l_vca,14703,0.04420866489832007,0.20555840738395528,18
2,tv_l_yug,14765,0.017744666440907553,0.13202194231948144,18
2,tv_l_ova,14771,0.00812402680928847,0.08976651378821857,18
2,tv_l_sup,14765,0.004334575008465967,0.0656946456567196,18
2,tv_l_pul,14771,0.0035204116173583374,0.05922852623021027,18
2,tv_l_ove,11840,0.03606418918918919,0.18644989527300776,18
2,fr_antfa,12654,0.1286549707602339,0.33481766569121957,18
2,fr_tvs_a,9833,0.05003559442692972,0.21801842517840897,18
2,fr_viaje,311,0.03858520900321544,0.19260423320735615,18
2,fr_estro,219,0.091324200913242,0.2880695944399544,18
2,fr_varic,615,0.1902439024390244,0.39249351590032083,18
2,fr_antec,76,0.0,0.0,18
2,ana_dime,1168,1.581335616438356,0.5630405442638159,18
2,ana_crea,571,0.9194395796847635,0.27215884882521985,18
2,ana_trop,11731,0.8800613758417867,0.3248897514438523,18
2,peso,13,91.16923076923078,19.773462582087312,18
2,tension_,786,130.96564885496184,21.55648454887078,18
2,ana_hemo,36,13.763888888888888,1.4894355339780716,18
2,ana_plaq,30,235.73333333333332,92.86403442069965,18
2,ana_leuc,82,8.095853658536585,3.527824227971431,18
2,ana_neu,14936,6.60241008302089,3.3588841078353497,18
2,protcrea,17152,16.21325303171642,29.836178497477906,18
2,splanchnic,11181,0.013326178338252392,0.11466730706330154,18
3,raza,10655,2.9135617081182543,0.606657135206951,18
3,ant_inf,4359,0.032805689378297774,0.1781276961135253,18
3,ant_isq,4364,0.04330889092575619,0.20355154357689637,18
3,ant_clau,4377,0.024217500571167467,0.15372382130708623,18
3,fum_act,4499,0.20248944209824404,0.40185503348469576,18
3,diabetes,4338,0.11526048870447211,0.3193360431396343,18
3,hip_art,4230,0.341371158392435,0.47416968546106153,18
3,insf_car,126,0.031746031746031744,0.1753231907490041,18
3,fibr_aur,9231,0.025349366265843352,0.15718389197294827,18
3,trat_est,4416,0.17980072463768115,0.3840213848960054,18
3,var171,763,0.027522935779816515,0.16360141743235787,18
3,tv_l_esu,10000,0.0231,0.15022113699476514,18
3,tvp_orig,16621,0.20720774923289814,0.40530568450335674,18
3,tv_l_ein,4541,0.825809293107245,0.37927339021470674,18
3,tvp_prox,6756,0.8478389579632919,0.3591769192515177,18
3,tv_l_svc,11267,0.007987929351202627,0.08901753948454667,18
3,tv_l_vre,11868,0.006825075834175936,0.0823316110253752,18
3,tv_l_vrn,11817,0.006431412372006432,0.07993778397546206,18
3,tv_l_vca,14703,0.04407263823709447,0.205256524368695,18
3,tv_l_yug,14765,0.017067389095834745,0.12952255913656946,18
3,tv_l_ova,14771,0.006634621894252251,0.08118253313719992,18
3,tv_l_sup,14765,0.003792753132407721,0.061468432191526826,18
3,tv_l_pul,14771,0.0071762236815381495,0.08440808903896996,18
3,tv_l_ove,11840,0.03006756756756757,0.17077326766252765,18
3,fr_antfa,12654,0.12106843685791054,0.3262067909389574,18
3,fr_tvs_a,9833,0.04596765992067528,0.20941498074897225,18
3,fr_viaje,311,0.05144694533762058,0.22090757604267097,18
3,fr_estro,219,0.0684931506849315,0.25259025910391475,18
3,fr_varic,615,0.21951219512195122,0.4139161645970035,18
3,fr_antec,76,0.02631578947368421,0.16007269816574263,18
3,ana_dime,1168,1.5753424657534247,0.5699148751427607,18
3,ana_crea,571,0.9316987740805605,0.25226210269745486,18
3,ana_trop,11731,0.8774188048759697,0.32795585941707883,18
3,peso,13,93.84615384615384,31.040534674831363,18
3,tension_,786,129.9198473282443,21.154404806677565,18
3,ana_hemo,36,13.627777777777778,1.7462039958325972,18
3,ana_plaq,30,235.83333333333334,56.92631689785978,18
3,ana_leuc,82,8.364024390243902,3.151526095578527,18
3,ana_neu,14936,6.486183650241028,3.310461261659307,18
3,protcrea,17152,16.593872434701492,30.374816099299814,18
3,splanchnic,11181,0.014399427600393524,0.1191305338071418,18
4,raza,10655,2.891975598310652,0.6463022578548404,18
4,ant_inf,4359,0.034411562284927734,0.18228386287885792,18
4,ant_isq,4364,0.04560036663611366,0.2086168094827588,18
4,ant_clau,4377,0.025588302490290152,0.15790358218215178,18
4,fum_act,4499,0.20937986219159813,0.406865992066461,18
4,diabetes,4338,0.10972798524665744,0.31255040313582505,18
4,hip_art,4230,0.3430260047281324,0.47472009100983675,18
4,insf_car,126,0.07142857142857142,0.25753937681885636,18
4,fibr_aur,9231,0.024049398765030875,0.15320256258976675,18
4,trat_est,4416,0.19451992753623187,0.39583067759779683,18
4,var171,763,0.03669724770642202,0.18801744524696515,18
4,tv_l_esu,10000,0.02,0.13999999999999999,18
4,tvp_orig,16621,0.20119126406353408,0.4008906825158841,18
4,tv_l_ein,4541,0.8170006606474345,0.3866659813703425,18
4,tvp_prox,6756,0.8459147424511545,0.36103045710154624,18
4,tv_l_svc,11267,0.007632910268926955,0.08703245917330767,18
4,tv_l_vre,11868,0.00741489720256151,0.08578995571765353,18
4,tv_l_vrn,11817,0.006431412372006432,0.07993778397546204,18
4,tv_l_vca,14703,0.04176018499625927,0.20004067572705675,18
4,tv_l_yug,14765,0.01835421605147308,0.13422868100599414,18
4,tv_l_ova,14771,0.006702322117662988,0.08159289795009167,18
4,tv_l_sup,14765,0.006908228919742634,0.0828281672677542,18
4,tv_l_pul,14771,0.0036558120641798117,0.06035268927174006,18
4,tv_l_ove,11840,0.03682432432432432,0.18833027760395113,18
4,fr_antfa,12654,0.12462462462462462,0.33029279065973577,18
4,fr_tvs_a,9833,0.050645784602867894,0.2192733205495548,18
4,fr_viaje,311,0.05466237942122187,0.2273200468441625,18
4,fr_estro,219,0.0730593607305936,0.2602339150461188,18
4,fr_varic,615,0.22764227642276422,0.4193104701862643,18
4,fr_antec,76,0.013157894736842105,0.11395071102426826,18
4,ana_dime,1168,1.5684931506849316,0.5707785388082192,18
4,ana_crea,571,0.9176882661996497,0.27483906614440845,18
4,ana_trop,11731,0.8744352570113375,0.3313581722349,18
4,peso,13,82.3076923076923,17.291103160894913,18
4,tension_,786,130.56870229007635,21.17793242930176,18
4,ana_hemo,36,14.022222222222222,1.6425101236135013,18
4,ana_plaq,30,236.7,116.59306726102258,18
4,ana_leuc,82,8.376463414634145,3.111101825034771,18
4,ana_neu,14936,6.413716724692019,3.3108658593762073,18
4,protcrea,17152,16.80293819962687,31.945553368643186,18
4,splanchnic,11181,0.01413111528485824,0.1180314655744996,18
5,raza,10655,2.9087752229000468,0.6253918164919009,18
5,ant_inf,4359,0.036935076852489104,0.18860243092386114,18
5,ant_isq,4364,0.03780934922089826,0.19073490066684287,18
5,ant_clau,4377,0.03198537811286269,0.17596111416969346,18
5,fum_act,4499,0.19493220715714604,0.39614850974096766,18
5,diabetes,4338,0.1037344398340249,0.30491573561616325,18
5,hip_art,4230,0.3437352245862884,0.47495401879013754,18
5,insf_car,126,0.015873015873015872,0.12498425196844144,18
5,fibr_aur,9231,0.025999350016249593,0.15913322662153911,18
5,trat_est,4416,0.17753623188405798,0.38212186309143314,18
5,var171,763,0.045871559633027525,0.20920650001819047,18
5,tv_l_esu,10000,0.0211,0.14371774420717853,18
5,tvp_orig,16621,0.17965224715721076,0.38389753483003153,18
5,tv_l_ein,4541,0.8198634661968729,0.38430113581997377,18
5,tvp_prox,6756,0.8460627590290113,0.3608885794995853,18
5,tv_l_svc,11267,0.006834117333806692,0.0823857522516755,18
5,tv_l_vre,11868,0.006825075834175936,0.0823316110253752,18
5,tv_l_vrn,11817,0.007785393924007785,0.0878907365167445,18
5,tv_l_vca,14703,0.04162415833503367,0.1997287855516418,18
5,tv_l_yug,14765,0.01483237385709448,0.1208816551129983,18
5,tv_l_ova,14771,0.0077178254688240475,0.08751148861067798,18
5,tv_l_sup,14765,0.006163223840162547,0.07826390299530556,18
5,tv_l_pul,14771,0.00792092613905626,0.08864640471082783,18
5,tv_l_ove,11840,0.02972972972972973,0.1698407280363781,18
5,fr_antfa,12654,0.13173700015805279,0.3382046169812145,18
5,fr_tvs_a,9833,0.04169632868910811,0.19989433424426503,18
5,fr_viaje,311,0.03858520900321544,0.19260423320735612,18
5,fr_estro,219,0.0776255707762557,0.26758146710472347,18
5,fr_varic,615,0.18699186991869918,0.38990500189534305,18
5,fr_antec,76,0.05263157894736842,0.22329687826943606,18
5,ana_dime,1168,1.5547945205479452,0.56320781241916,18
5,ana_crea,571,0.9194395796847635,0.27215884882521985,18
5,ana_trop,11731,0.879549910493564,0.32548712024337845,18
5,peso,13,84.23076923076923,16.857565506113254,18
5,tension_,786,128.2582697201018,22.078237337415572,18
5,ana_hemo,36,13.819444444444445,2.0002526846549,18
5,ana_plaq,30,225.6,89.755816895991,18
5,ana_leuc,82,8.367439024390245,3.267439443138106,18
5,ana_neu,14936,6.499168719871451,3.3493959112345255,18
5,protcrea,17152,19.801290345149255,35.07665872443066,18
5,splanchnic,11181,0.012878991145693587,0.11275248437512468,18
1,raza,10655,2.925950258094791,0.5880536622449191,19
1,ant_inf,4359,0.025235145675613673,0.15683855743516717,19
1,ant_isq,4364,0.033455545371219066,0.1798228902424087,19
1,ant_clau,4377,0.018505825908156272,0.13477151151342515,19
1,fum_act,4499,0.19048677483885307,0.3926850690443236,19
1,diabetes,4338,0.09289995389580452,0.290292184638102,19
1,hip_art,4230,0.32222222222222224,0.4673275743291798,19
1,insf_car,126,0.007936507936507936,0.08873285624999165,19
1,fibr_aur,9231,0.02621601126638501,0.1597771323427285,19
1,trat_est,4416,0.1766304347826087,0.3813556401721565,19
1,var171,763,0.035386631716906945,0.1847550216168398,19
1,tv_l_esu,10000,0.0418,0.20013185653463575,19
1,tvp_orig,16621,0.2688767222188797,0.443375721558715,19
1,tv_l_ein,4541,0.8277912354107025,0.37756179095338216,19
1,tvp_prox,6756,0.8284487862640616,0.3769899133951263,19
1,tv_l_svc,11267,0.006124079169255348,0.07801650353344503,19
1,tv_l_vre,11868,0.009437141894169195,0.09668548105604333,19
1,tv_l_vrn,11817,0.005923669290005923,0.07673707990371126,19
1,tv_l_vca,14703,0.04672515813099368,0.2110495622564219,19
1,tv_l_yug,14765,0.016322384016254656,0.1267121296335934,19
1,tv_l_ova,14771,0.004603615191930133,0.06769358846371466,19
1,tv_l_sup,14765,0.007991872671859126,0.08903933200027907,19
1,tv_l_pul,14771,0.005077516755805294,0.07107556246277487,19
1,tv_l_ove,11840,0.034881756756756754,0.18348029813121414,19
1,fr_antfa,12654,0.1312628417891576,0.3376875895773965,19
1,fr_tvs_a,9833,0.04647615173395708,0.2105139402841514,19
1,fr_viaje,311,0.05144694533762058,0.22090757604267097,19
1,fr_estro,219,0.0684931506849315,0.25259025910391475,19
1,fr_varic,615,0.183739837398374,0.38727188066162654,19
1,fr_antec,76,0.039473684210526314,0.19471906035458875,19
1,ana_dime,1168,1.5890410958904109,0.5649128054515871,19
1,ana_crea,571,0.9299474605954466,0.2552355404866785,19
1,ana_trop,11731,0.875031966584264,0.33068266365193616,19
1,peso,13,91.95384615384616,18.399064164521455,19
1,tension_,786,130.54580152671755,21.706017831656524,19
1,ana_hemo,36,14.05,1.8400634047046678,19
1,ana_plaq,30,263.8,98.11435504892579,19
1,ana_leuc,82,8.13,2.7124707484092085,19
1,ana_neu,14936,6.506699852704873,3.2661286564890752,19
1,protcrea,17152,18.787157765858208,32.73224393252071,19
1,splanchnic,11181,0.01681423844021107,0.12857495800460836,19
2,raza,10655,2.9362740497419053,0.5871876261339469,19
2,ant_inf,4359,0.03372333103922918,0.1805161155765538,19
2,ant_isq,4364,0.03597616865261228,0.18623072770542212,19
2,ant_clau,4377,0.022846698652044778,0.1494146144550373,19
2,fum_act,4499,0.19737719493220715,0.39801939381505097,19
2,diabetes,4338,0.1000461041954818,0.30006146242193216,19
2,hip_art,4230,0.33947990543735224,0.47353278581487745,19
2,insf_car,126,0.015873015873015872,0.12498425196844144,19
2,fibr_aur,9231,0.021124471888202795,0.1437992648647667,19
2,trat_est,4416,0.17617753623188406,0.38097114321054193,19
2,var171,763,0.04849279161205767,0.21480512278278477,19
2,tv_l_esu,10000,0.0215,0.1450439588538592,19
2,tvp_orig,16621,0.23031105228325613,0.4210319126615409,19
2,tv_l_ein,4541,0.8328561990750936,0.3731042089514425,19
2,tvp_prox,6756,0.8436944937833037,0.3631447300223956,19
2,tv_l_svc,11267,0.0065678530220999376,0.08077571620716235,19
2,tv_l_vre,11868,0.006656555443208628,0.08131571627207201,19
2,tv_l_vrn,11817,0.007193026995007193,0.08450613798805559,19
2,tv_l_vca,14703,0.04318846493912807,0.20328113890700672,19
2,tv_l_yug,14765,0.017947849644429394,0.1327619084586025,19
2,tv_l_ova,14771,0.0034527113939476,0.05865824901902294,19
2,tv_l_sup,14765,0.0035895699288858787,0.059805392036266405,19
2,tv_l_pul,14771,0.0028434093832509647,0.05324776433175579,19
2,tv_l_ove,11840,0.03251689189189189,0.17736838397409754,19
2,fr_antfa,12654,0.13553026710921448,0.3422890792977764,19
2,fr_tvs_a,9833,0.047391436997864335,0.21247467777865153,19
2,fr_viaje,311,0.04180064308681672,0.20013332886939464,19
2,fr_estro,219,0.0821917808219178,0.27465668021593725,19
2,fr_varic,615,0.16422764227642275,0.37048201547274884,19
2,fr_antec,76,0.02631578947368421,0.16007269816574263,19
2,ana_dime,1168,1.6044520547945205,0.5483918342441295,19
2,ana_crea,571,0.9246935201401051,0.26388522874728354,19
2,ana_trop,11731,0.8840678544028642,0.3201435353312328,19
2,peso,13,80.76923076923077,19.215994324255576,19
2,tension_,786,130.2582697201018,20.76619424615969,19
2,ana_hemo,36,13.88888888888889,1.9760760469197223,19
2,ana_plaq,30,250.43333333333334,96.07937112385548,19
2,ana_leuc,82,8.102804878048781,2.735707548550414,19
2,ana_neu,14936,6.8927781199785745,3.3772354911544964,19
2,protcrea,17152,14.658453008395522,28.766829588591527,19
2,splanchnic,11181,0.011716304445040694,0.10760591366273424,19
3,raza,10655,2.906710464570624,0.6477966990370253,19
3,ant_inf,4359,0.03831153934388621,0.19194729822789397,19
3,ant_isq,4364,0.04032997250229148,0.19673196440908092,19
3,ant_clau,4377,0.02695910440941284,0.1619639191266228,19
3,fum_act,4499,0.20737941764836632,0.40542964221204986,19
3,diabetes,4338,0.10442600276625173,0.3058123815552839,19
3,hip_art,4230,0.34349881796690307,0.4748761733570589,19
3,insf_car,126,0.023809523809523808,0.15245533898649635,19
3,fibr_aur,9231,0.028599285017874555,0.16667743072876098,19
3,trat_est,4416,0.18432971014492755,0.3877528440937791,19
3,var171,763,0.04193971166448231,0.20045142117226905,19
3,tv_l_esu,10000,0.0154,0.12313748413866507,19
3,tvp_orig,16621,0.19403164671199086,0.3954533686621268,19
3,tv_l_ein,4541,0.8220656243118256,0.38245749258791367,19
3,tvp_prox,6756,0.8362936648904677,0.37000887956174483,19
3,tv_l_svc,11267,0.006035324398686429,0.07745256133975849,19
3,tv_l_vre,11868,0.00766767778901247,0.08722892012593274,19
3,tv_l_vrn,11817,0.007023779301007024,0.08351314761962796,19
3,tv_l_vca,14703,0.04176018499625927,0.20004067572705678,19
3,tv_l_yug,14765,0.017202844564849305,0.13002656153158454,19
3,tv_l_ova,14771,0.006296120777198565,0.07909791173196354,19
3,tv_l_sup,14765,0.006366407043684389,0.07953537518009526,19
3,tv_l_pul,14771,0.0035204116173583374,0.05922852623021027,19
3,tv_l_ove,11840,0.030489864864864866,0.17193089601751962,19
3,fr_antfa,12654,0.1302354986565513,0.33656234719028016,19
3,fr_tvs_a,9833,0.04464558120614258,0.20652446171073366,19
3,fr_viaje,311,0.03536977491961415,0.18471262529061183,19
3,fr_estro,219,0.0730593607305936,0.2602339150461188,19
3,fr_varic,615,0.20650406504065041,0.4047964132281031,19
3,fr_antec,76,0.05263157894736842,0.2232968782694361,19
3,ana_dime,1168,1.5650684931506849,0.5590589531676489,19
3,ana_crea,571,0.9159369527145359,0.27748234424291923,19
3,ana_trop,11731,0.8769925837524508,0.32844572123206506,19
3,peso,13,79.56153846153846,12.755061647563139,19
3,tension_,786,129.54198473282443,21.62616437035964,19
3,ana_hemo,36,13.980555555555556,1.9079977062128715,19
3,ana_plaq,30,244.66666666666666,71.9575492140254,19
3,ana_leuc,82,8.00219512195122,2.688899504870585,19
3,ana_neu,14936,6.7005559051955,3.34616641793657,19
3,protcrea,17152,19.2034619869403,31.952018953385128,19
3,splanchnic,11181,0.010911367498434845,0.10388604120741604,19
4,raza,10655,2.9004223369310185,0.6534281758489746,19
4,ant_inf,4359,0.03349392062399633,0.17992242190797053,19
4,ant_isq,4364,0.038267644362969755,0.19184168409883978,19
4,ant_clau,4377,0.029472241261137764,0.16912607207696587,19
4,fum_act,4499,0.20537897310513448,0.4039782797520368,19
4,diabetes,4338,0.11018902720147533,0.31312522333064746,19
4,hip_art,4230,0.3359338061465721,0.4723158731552957,19
4,insf_car,126,0.023809523809523808,0.15245533898649638,19
4,fibr_aur,9231,0.028165962517603726,0.16544679227189826,19
4,trat_est,4416,0.1838768115942029,0.387383698356233,19
4,var171,763,0.04062909567496723,0.19742941082726656,19
4,tv_l_esu,10000,0.0188,0.13581811366677127,19
4,tvp_orig,16621,0.21508934480476505,0.4108843128621753,19
4,tv_l_ein,4541,0.8203038978198635,0.383934125914072,19
4,tvp_prox,6756,0.8407341622261694,0.3659238044894463,19
4,tv_l_svc,11267,0.006656607792668856,0.08131603387625001,19
4,tv_l_vre,11868,0.007583417593528817,0.08675199923420195,19
4,tv_l_vrn,11817,0.00566979774900567,0.07508429358055545,19
4,tv_l_vca,14703,0.045704958171801674,0.2088444755561313,19
4,tv_l_yug,14765,0.018963765662038605,0.13639699869848268,19
4,tv_l_ova,14771,0.005416017872858981,0.07339403670094628,19
4,tv_l_sup,14765,0.0056214019641043006,0.07476497712206072,19
4,tv_l_pul,14771,0.0031142102768939137,0.055718147593447516,19
4,tv_l_ove,11840,0.03251689189189189,0.17736838397409754,19
4,fr_antfa,12654,0.13529318792476688,0.3420364618369226,19
4,fr_tvs_a,9833,0.04556086647004983,0.20853075052986342,19
4,fr_viaje,311,0.028938906752411574,0.16763486042105563,19
4,fr_estro,219,0.0821917808219178,0.27465668021593725,19
4,fr_varic,615,0.16422764227642275,0.3704820154727488,19
4,fr_antec,76,0.02631578947368421,0.16007269816574263,19
4,ana_dime,1168,1.5761986301369864,0.5652753616766535,19
4,ana_crea,571,0.9439579684763573,0.2300028743871384,19
4,ana_trop,11731,0.8742647685619299,0.331550724645996,19
4,peso,13,82.07692307692308,18.837203526171034,19
4,tension_,786,129.52417302798983,21.769964389198183,19
4,ana_hemo,36,14.046388888888888,1.9369608967225171,19
4,ana_plaq,30,228.9,91.67418757025702,19
4,ana_leuc,82,8.10951219512195,2.8111897066765965,19
4,ana_neu,14936,6.797755490091055,3.312437653717423,19
4,protcrea,17152,17.95800921175373,32.21130967460818,19
4,splanchnic,11181,0.014220552723370002,0.11839902281527434,19
5,raza,10655,2.915344908493665,0.63019896655229,19
5,ant_inf,4359,0.04083505391144758,0.1979079389097283,19
5,ant_isq,4364,0.039642529789184235,0.19511791209701346,19
5,ant_clau,4377,0.02901530728809687,0.16784939449123484,19
5,fum_act,4499,0.19448766392531674,0.39580577624156743,19
5,diabetes,4338,0.11641309359151683,0.32071963649263757,19
5,hip_art,4230,0.34444444444444444,0.4751867728965133,19
5,insf_car,126,0.023809523809523808,0.15245533898649635,19
5,fibr_aur,9231,0.026649333766655833,0.161056346588544,19
5,trat_est,4416,0.18432971014492755,0.3877528440937791,19
5,var171,763,0.027522935779816515,0.16360141743235787,19
5,tv_l_esu,10000,0.0149,0.12115275481803953,19
5,tvp_orig,16621,0.126045364298177,0.3319004827310693,19
5,tv_l_ein,4541,0.8238273508037877,0.38096698921481453,19
5,tvp_prox,6756,0.8528715216104203,0.3542339470411421,19
5,tv_l_svc,11267,0.008254193662909382,0.09047685864288484,19
5,tv_l_vre,11868,0.007162116616110549,0.08432568233751674,19
5,tv_l_vrn,11817,0.00456968773800457,0.06744483443512707,19
5,tv_l_vca,14703,0.048833571379990476,0.21551996122462963,19
5,tv_l_yug,14765,0.01578056214019641,0.1246255832433125,19
5,tv_l_ova,14771,0.005145216979216031,0.07154539622821875,19
5,tv_l_sup,14765,0.006027768371147985,0.07740435633484576,19
5,tv_l_pul,14771,0.0036558120641798117,0.06035268927174006,19
5,tv_l_ove,11840,0.033783783783783786,0.1806721886097424,19
5,fr_antfa,12654,0.13157894736842105,0.3380324362806613,19
5,fr_tvs_a,9833,0.0511542764161497,0.2203123156350771,19
5,fr_viaje,311,0.03536977491961415,0.18471262529061183,19
5,fr_estro,219,0.0776255707762557,0.26758146710472347,19
5,fr_varic,615,0.2,0.4000000000000001,19
5,fr_antec,76,0.05263157894736842,0.2232968782694361,19
5,ana_dime,1168,1.5505136986301369,0.5756322400975685,19
5,ana_crea,571,0.9316987740805605,0.25226210269745486,19
5,ana_trop,11731,0.8809990623135283,0.32378961458980154,19
5,peso,13,85.92307692307692,14.139206475729592,19
5,tension_,786,130.25063613231552,21.50559500789694,19
5,ana_hemo,36,14.002777777777776,1.2643588869706768,19
5,ana_plaq,30,239.26666666666668,73.40705385421455,19
5,ana_leuc,82,8.029268292682929,2.593114607386921,19
5,ana_neu,14936,6.654431373861811,3.321450768373048,19
5,protcrea,17152,25.62166651119403,36.42141494665207,19
5,splanchnic,11181,0.014757177354440569,0.12057944713329112,19
1,raza,10655,2.909713749413421,0.6193459127477361,20
1,ant_inf,4359,0.025923376921312226,0.15890675080155595,20
1,ant_isq,4364,0.031164069660861594,0.17376095770636904,20
1,ant_clau,4377,0.02079049577336075,0.14268234319234674,20
1,fum_act,4499,0.19915536785952434,0.3993651303159326,20
1,diabetes,4338,0.09497464269248501,0.2931799105292172,20
1,hip_art,4230,0.33309692671394797,0.4713208717293037,20
1,insf_car,126,0.023809523809523808,0.15245533898649638,20
1,fibr_aur,9231,0.02621601126638501,0.1597771323427285,20
1,trat_est,4416,0.16553442028985507,0.37166217992843537,20
1,var171,763,0.022280471821756225,0.1475942153241656,20
1,tv_l_esu,10000,0.0356,0.18529069053786812,20
1,tvp_orig,16621,0.28993442031165395,0.4537316963032218,20
1,tv_l_ein,4541,0.8097335388680907,0.39251131818107987,20
1,tvp_prox,6756,0.8401420959147424,0.36647422090336196,20
1,tv_l_svc,11267,0.007810419810064791,0.0880307738944475,20
1,tv_l_vre,11868,0.01002696326255477,0.0996314371585904,20
1,tv_l_vrn,11817,0.004485063891004485,0.0668202670819123,20
1,tv_l_vca,14703,0.039107665102360065,0.193851117181722,20
1,tv_l_yug,14765,0.01645783948526922,0.1272280590308063,20
1,tv_l_ova,14771,0.004062013404644235,0.06360435088690652,20
1,tv_l_sup,14765,0.0031154757873349138,0.055729432062003315,20
1,tv_l_pul,14771,0.004942116308983819,0.07012625610548659,20
1,tv_l_ove,11840,0.03868243243243243,0.1928369825877358,20
1,fr_antfa,12654,0.1236763078868342,0.32921190554765056,20
1,fr_tvs_a,9833,0.04139123360113902,0.19919337183278701,20
1,fr_viaje,311,0.04501607717041801,0.20733940765470749,20
1,fr_estro,219,0.0730593607305936,0.2602339150461188,20
1,fr_varic,615,0.1821138211382114,0.38593830762007925,20
1,fr_antec,76,0.05263157894736842,0.22329687826943606,20
1,ana_dime,1168,1.5710616438356164,0.5749492857040039,20
1,ana_crea,571,0.9054290718038529,0.29262137265802424,20
1,ana_trop,11731,0.8797203989429716,0.32528820855756585,20
1,peso,13,80.92307692307692,17.384615384615387,20
1,tension_,786,129.34351145038167,21.461524004741673,20
1,ana_hemo,36,14.027777777777779,1.8065638210442976,20
1,ana_plaq,30,247.96666666666667,109.04203572730819,20
1,ana_leuc,82,8.38670731707317,3.2329074186792512,20
1,ana_neu,14936,6.533947777182646,3.3177147462277485,20
1,protcrea,17152,11.822236007462687,24.68382038828454,20
1,splanchnic,11181,0.015651551739558178,0.12412324789378545,20
2,raza,10655,2.916283435007039,0.586195395872662,20
2,ant_inf,4359,0.03808212892865336,0.1913945672816101,20
2,ant_isq,4364,0.04124656278643447,0.19885996038604448,20
2,ant_clau,4377,0.027416038382453736,0.16329237343447967,20
2,fum_act,4499,0.19270949099799956,0.39442685389979654,20
2,diabetes,4338,0.10096818810511757,0.30128659627651405,20
2,hip_art,4230,0.3252955082742317,0.46848515512323435,20
2,insf_car,126,0.03968253968253968,0.1952122837499816,20
2,fibr_aur,9231,0.02924926876828079,0.16850444814544707,20
2,trat_est,4416,0.1852355072463768,0.3884884993169737,20
2,var171,763,0.0327653997378768,0.1780219882989007,20
2,tv_l_esu,10000,0.0238,0.15242558840299747,20
2,tvp_orig,16621,0.2715239756933999,0.44474566475351945,20
2,tv_l_ein,4541,0.8335168465095794,0.3725137757107858,20
2,tvp_prox,6756,0.8433984606275903,0.36342467890692476,20
2,tv_l_svc,11267,0.007277891186651283,0.0849995499195528,20
2,tv_l_vre,11868,0.0064037748567576675,0.0797669513291164,20
2,tv_l_vrn,11817,0.006516036219006516,0.08045854517078416,20
2,tv_l_vca,14703,0.035911038563558456,0.18606836343893896,20
2,tv_l_yug,14765,0.014629190653572637,0.12006322265537463,20
2,tv_l_ova,14771,0.0032496107237153884,0.05691265899481152,20
2,tv_l_sup,14765,0.009549610565526584,0.0972543855236018,20
2,tv_l_pul,14771,0.005957619660144879,0.0769553534728412,20
2,tv_l_ove,11840,0.030658783783783783,0.17239148111401265,20
2,fr_antfa,12654,0.12256993835941205,0.3279429044360953,20
2,fr_tvs_a,9833,0.050747482965524254,0.21948160728905758,20
2,fr_viaje,311,0.04823151125401929,0.2142550642952757,20
2,fr_estro,219,0.0867579908675799,0.2814800914597706,20
2,fr_varic,615,0.1902439024390244,0.39249351590032083,20
2,fr_antec,76,0.05263157894736842,0.2232968782694361,20
2,ana_dime,1168,1.6121575342465753,0.5468679210999368,20
2,ana_crea,571,0.9229422066549913,0.2666831262562494,20
2,ana_trop,11731,0.8701730457761486,0.3361129515219688,20
2,peso,13,82.15384615384616,19.90301930649702,20
2,tension_,786,130.38676844783714,21.9547424378258,20
2,ana_hemo,36,14.208333333333334,1.7681401088274777,20
2,ana_plaq,30,231.76666666666668,95.65621894169884,20
2,ana_leuc,82,8.466341463414635,3.1025880275616013,20
2,ana_neu,14936,6.617810123192287,3.316824469351982,20
2,protcrea,17152,12.09761567164179,24.755198373405857,20
2,splanchnic,11181,0.014041677846346481,0.11766269217388281,20
3,raza,10655,2.9014547160957296,0.639137106871196,20
3,ant_inf,4359,0.042670337233310394,0.20211278918887335,20
3,ant_isq,4364,0.03505957836846929,0.18393043340647694,20
3,ant_clau,4377,0.027416038382453736,0.16329237343447967,20
3,fum_act,4499,0.1938208490775728,0.3952901814369053,20
3,diabetes,4338,0.10765329644997695,0.3099420336344045,20
3,hip_art,4230,0.3366430260047281,0.4725616351832933,20
3,insf_car,126,0.007936507936507936,0.08873285624999165,20
3,fibr_aur,9231,0.025891019391181887,0.15881018388651064,20
3,trat_est,4416,0.18297101449275363,0.38664275804448495,20
3,var171,763,0.039318479685452164,0.1943515804944144,20
3,tv_l_esu,10000,0.0172,0.1300159990155058,20
3,tvp_orig,16621,0.2726671078755791,0.4453310635452532,20
3,tv_l_ein,4541,0.8229464875578066,0.3817139847766589,20
3,tvp_prox,6756,0.8460627590290113,0.3608885794995853,20
3,tv_l_svc,11267,0.007810419810064791,0.0880307738944475,20
3,tv_l_vre,11868,0.0064037748567576675,0.0797669513291164,20
3,tv_l_vrn,11817,0.004315816197004316,0.06555295513977988,20
3,tv_l_vca,14703,0.04142011834319527,0.1992598608341152,20
3,tv_l_yug,14765,0.01578056214019641,0.1246255832433125,20
3,tv_l_ova,14771,0.0053483176494482434,0.072936363686222,20
3,tv_l_sup,14765,0.008465966813410091,0.0916203810258631,20
3,tv_l_pul,14771,0.002911109606661702,0.053876108318249044,20
3,tv_l_ove,11840,0.033445945945945944,0.17979798287446613,20
3,fr_antfa,12654,0.11956693535640904,0.3244544395225396,20
3,fr_tvs_a,9833,0.04159463032645174,0.1996610053426997,20
3,fr_viaje,311,0.012861736334405145,0.11267791297707545,20
3,fr_estro,219,0.0639269406392694,0.2446227440361438,20
3,fr_varic,615,0.18699186991869918,0.38990500189534305,20
3,fr_antec,76,0.02631578947368421,0.16007269816574263,20
3,ana_dime,1168,1.586472602739726,0.5802590552220606,20
3,ana_crea,571,0.9422066549912435,0.23335225364554635,20
3,ana_trop,11731,0.8877333560651266,0.31569422641928974,20
3,peso,13,78.06923076923077,14.395906716060466,20
3,tension_,786,130.4478371501272,21.150086511506704,20
3,ana_hemo,36,14.072222222222225,1.9332774576855394,20
3,ana_plaq,30,243.3,139.356413558903,20
3,ana_leuc,82,9.073170731707316,4.650777768169477,20
3,ana_neu,14936,6.672504619710766,3.351241109599648,20
3,protcrea,17152,18.158544542910445,31.670680671409848,20
3,splanchnic,11181,0.012431803953134783,0.11080277164225455,20
4,raza,10655,2.92238385734397,0.6267022019522611,20
4,ant_inf,4359,0.036017435191557694,0.18633351698977732,20
4,ant_isq,4364,0.038267644362969755,0.19184168409883978,20
4,ant_clau,4377,0.02490290153072881,0.15582922391541207,20
4,fum_act,4499,0.1967103800844632,0.39751151738218765,20
4,diabetes,4338,0.10696173351775011,0.30906459046715123,20
4,hip_art,4230,0.3458628841607565,0.47564876697071296,20
4,insf_car,126,0.06349206349206349,0.24384589675773355,20
4,fibr_aur,9231,0.027190986891994368,0.16263959273139414,20
4,trat_est,4416,0.18636775362318841,0.38940315103069584,20
4,var171,763,0.04062909567496723,0.19742941082726656,20
4,tv_l_esu,10000,0.0163,0.12662665596153125,20
4,tvp_orig,16621,0.26135611575717466,0.4393735273244133,20
4,tv_l_ein,4541,0.8145782867209865,0.38863929487854004,20
4,tvp_prox,6756,0.8392539964476021,0.3672965095046921,20
4,tv_l_svc,11267,0.00647909825153102,0.08023166168899924,20
4,tv_l_vre,11868,0.007751937984496124,0.0877031666587966,20
4,tv_l_vrn,11817,0.006262164678006262,0.07888567659310398,20
4,tv_l_vca,14703,0.04278038495545127,0.20236161597129695,20
4,tv_l_yug,14765,0.013748730104977989,0.11644613572583018,20
4,tv_l_ova,14771,0.0034527113939476,0.05865824901902293,20
4,tv_l_sup,14765,0.003792753132407721,0.061468432191526826,20
4,tv_l_pul,14771,0.0038589127344120237,0.06200017360395222,20
4,tv_l_ove,11840,0.030574324324324324,0.17216136330906348,20
4,fr_antfa,12654,0.12470365101944049,0.3303825819286817,20
4,fr_tvs_a,9833,0.04200142377707719,0.2005923831499481,20
4,fr_viaje,311,0.0707395498392283,0.256389285906747,20
4,fr_estro,219,0.0684931506849315,0.25259025910391475,20
4,fr_varic,615,0.21138211382113822,0.4082887651866576,20
4,fr_antec,76,0.013157894736842105,0.11395071102426824,20
4,ana_dime,1168,1.5753424657534247,0.5684106228263731,20
4,ana_crea,571,0.9036777583187391,0.29503265486850383,20
4,ana_trop,11731,0.8692353593044071,0.3371427730789218,20
4,peso,13,79.92307692307692,13.234346564680965,20
4,tension_,786,129.14249363867685,20.88250301578233,20
4,ana_hemo,36,14.002777777777778,1.695498306154518,20
4,ana_plaq,30,231.36666666666667,74.73262711530724,20
4,ana_leuc,82,8.810243902439025,3.7210311892328054,20
4,ana_neu,14936,6.657805704338512,3.326004483590336,20
4,protcrea,17152,16.620654967350745,31.894739880410818,20
4,splanchnic,11181,0.013236740899740631,0.11428704909172238,20
5,raza,10655,2.914500234631628,0.6295633753039577,20
5,ant_inf,4359,0.041523285157146136,0.19949712265319636,20
5,ant_isq,4364,0.03666361136571952,0.18793453904842242,20
5,ant_clau,4377,0.023303632625085675,0.15086607747124836,20
5,fum_act,4499,0.18937541675927985,0.3918065444661803,20
5,diabetes,4338,0.10972798524665744,0.31255040313582505,20
5,hip_art,4230,0.3321513002364066,0.47098494029817034,20
5,insf_car,126,0.03968253968253968,0.19521228374998156,20
5,fibr_aur,9231,0.024049398765030875,0.15320256258976678,20
5,trat_est,4416,0.18455615942028986,0.38793708696169077,20
5,var171,763,0.03407601572739188,0.18142447706838907,20
5,tv_l_esu,10000,0.016,0.125475097130865,20
5,tvp_orig,16621,0.2983574995487636,0.4575372137998975,20
5,tv_l_ein,4541,0.8112750495485576,0.39128997371328467,20
5,tvp_prox,6756,0.8411782119597395,0.3655098188612107,20
5,tv_l_svc,11267,0.00789917458063371,0.08852557608724372,20
5,tv_l_vre,11868,0.008004718570947084,0.08911028589083875,20
5,tv_l_vrn,11817,0.005500550055005501,0.07396143592506761,20
5,tv_l_vca,14703,0.03312249200843365,0.17895639840917926,20
5,tv_l_yug,14765,0.018151032847951235,0.13349746385045608,20
5,tv_l_ova,14771,0.0033850111705368627,0.058082293944989836,20
5,tv_l_sup,14765,0.006772773450728073,0.08201769925152246,20
5,tv_l_pul,14771,0.0019633064789113803,0.04426569672535658,20
5,tv_l_ove,11840,0.03589527027027027,0.1860290295692974,20
5,fr_antfa,12654,0.12328117591275486,0.32875968058495747,20
5,fr_tvs_a,9833,0.04901861080036611,0.21590689334888855,20
5,fr_viaje,311,0.022508038585209004,0.14832877935267905,20
5,fr_estro,219,0.0684931506849315,0.25259025910391475,20
5,fr_varic,615,0.2032520325203252,0.4024184933581978,20
5,fr_antec,76,0.02631578947368421,0.16007269816574263,20
5,ana_dime,1168,1.55736301369863,0.5734991416570112,20
5,ana_crea,571,0.9159369527145359,0.27748234424291923,20
5,ana_trop,11731,0.8839826101781604,0.3202457729319263,20
5,peso,13,87.6923076923077,20.40129941330893,20
5,tension_,786,130.90203562340966,22.3376659257733,20
5,ana_hemo,36,13.580555555555556,2.08364256964209,20
5,ana_plaq,30,218.96666666666667,68.90499901232775,20
5,ana_leuc,82,8.981463414634147,3.317241405346382,20
5,ana_neu,14936,6.595470273165505,3.334297139481523,20
5,protcrea,17152,19.90960389458955,33.10574026990808,20
5,splanchnic,11181,0.011179679813970127,0.10514130764465143,20
