iteration,variable,missing_n,imputed_mean,imputed_sd,imputation
1,raza,8524,2.9282027217268887,0.6429836512675721,1
1,ant_inf,3468,0.031141868512110725,0.17370104357108834,1
1,ant_isq,3469,0.03315076390890746,0.1790301392535998,1
1,ant_clau,3481,0.01752370008618213,0.1312121184246016,1
1,fum_act,3587,0.2026763311959855,0.4019933282641899,1
1,diabetes,3459,0.07892454466608846,0.26962095785628215,1
1,hip_art,3359,0.33492110747246207,0.4719628790931354,1
1,insf_car,103,0.02912621359223301,0.1681602725795026,1
1,fibr_aur,7383,0.025328457266693756,0.15712073866674325,1
1,trat_est,3519,0.1693662972435351,0.37507513194232117,1
1,var171,620,0.03225806451612903,0.17668469596940845,1
1,tv_l_esu,7911,0.04146125647832132,0.19935451008081098,1
1,tvp_orig,13294,0.21423198435384383,0.4102884853778598,1
1,tv_l_ein,3568,0.8189461883408071,0.38506275974556453,1
1,tvp_prox,5391,0.8465961788165461,0.36037631557827,1
1,tv_l_svc,8947,0.007823851570358779,0.08810583928982103,1
1,tv_l_vre,9439,0.008263587244411483,0.09052789829806877,1
1,tv_l_vrn,9401,0.004999468141687054,0.07052994725637692,1
1,tv_l_vca,11718,0.034988905956647894,0.18375168684016138,1
1,tv_l_yug,11767,0.014022265658196652,0.11758248901944378,1
1,tv_l_ova,11769,0.006542611946639476,0.08062137542584576,1
1,tv_l_sup,11766,0.005524392316845147,0.07412066787593546,1
1,tv_l_pul,11772,0.004247366632687734,0.06503327232559704,1
1,tv_l_ove,9423,0.029290035020694046,0.16861829340015444,1
1,fr_antfa,10080,0.13174603174603175,0.33821445099996145,1
1,fr_tvs_a,7860,0.05012722646310432,0.21820744173886691,1
1,fr_viaje,247,0.04048582995951417,0.19709573189697302,1
1,fr_estro,182,0.054945054945054944,0.22787298190470023,1
1,fr_varic,514,0.19066147859922178,0.39282270705444244,1
1,fr_antec,59,0.05084745762711865,0.21968612536975796,1
1,ana_dime,899,1.578420467185762,0.5711076187507131,1
1,ana_crea,447,0.941834451901566,0.23405622639195642,1
1,ana_trop,9388,0.8755858542820623,0.33005342910385516,1
1,peso,11,87.30909090909091,26.331642028191606,1
1,tension_,646,128.90557275541795,22.51367798691668,1
1,ana_hemo,35,14.185714285714287,1.6764150282489043,1
1,ana_plaq,29,236.0,71.2900824944744,1
1,ana_leuc,77,8.67831168831169,2.9707274908561234,1
1,ana_neu,11897,6.332298310498445,3.297612743464321,1
1,protcrea,13713,17.016908481003426,31.49746519173285,1
1,splanchnic,8871,0.010596325104272348,0.1023916158606598,1
2,raza,8524,2.9171750351947443,0.5971468977639344,1
2,ant_inf,3468,0.03517877739331027,0.18423146043611058,1
2,ant_isq,3469,0.040933986739694436,0.1981373146817352,1
2,ant_clau,3481,0.02298190175237001,0.1498457004528806,1
2,fum_act,3587,0.18845832171731253,0.39107771950445663,1
2,diabetes,3459,0.0971379011274935,0.29614545293155997,1
2,hip_art,3359,0.3417683834474546,0.47430238827478854,1
2,insf_car,103,0.02912621359223301,0.1681602725795026,1
2,fibr_aur,7383,0.02776649058648246,0.16430311192120872,1
2,trat_est,3519,0.1867007672634271,0.3896711315541283,1
2,var171,620,0.035483870967741936,0.18499936721212476,1
2,tv_l_esu,7911,0.027682973075464544,0.16406287232999323,1
2,tvp_orig,13294,0.16548819016097488,0.3716205713872954,1
2,tv_l_ein,3568,0.8239910313901345,0.38082779780204706,1
2,tvp_prox,5391,0.8354665182711928,0.37075897173096634,1
2,tv_l_svc,8947,0.004470772325919302,0.06671420029295934,1
2,tv_l_vre,9439,0.009640851785146731,0.09771338578722755,1
2,tv_l_vrn,9401,0.005531326454632486,0.0741669123146216,1
2,tv_l_vca,11718,0.036268987881891104,0.1869586809964018,1
2,tv_l_yug,11767,0.011812696524177786,0.10804238392874098,1
2,tv_l_ova,11769,0.00662758093295947,0.08113973196860182,1
2,tv_l_sup,11766,0.004249532551419344,0.06504978112579451,1
2,tv_l_pul,11772,0.0031430513081889227,0.05597474909870535,1
2,tv_l_ove,9423,0.02737981534543139,0.16318750276011174,1
2,fr_antfa,10080,0.14265873015873015,0.3497244870869479,1
2,fr_tvs_a,7860,0.05089058524173028,0.21977427869403748,1
2,fr_viaje,247,0.03643724696356275,0.18737548931831796,1
2,fr_estro,182,0.054945054945054944,0.2278729819047003,1
2,fr_varic,514,0.17509727626459143,0.3800502862902655,1
2,fr_antec,59,0.05084745762711865,0.21968612536975798,1
2,ana_dime,899,1.5962180200222469,0.5504848113714818,1
2,ana_crea,447,0.912751677852349,0.28219860458561935,1
2,ana_trop,9388,0.8844269279931828,0.31971227226011245,1
2,peso,11,85.13636363636364,9.9317921780396,1
2,tension_,646,130.26780185758514,21.929900643345228,1
2,ana_hemo,35,13.534,1.5639294832477033,1
2,ana_plaq,29,250.16896551724136,74.26810288290928,1
2,ana_leuc,77,8.380649350649353,3.2930455400727583,1
2,ana_neu,11897,6.775328570227789,3.3751701400630587,1
2,protcrea,13713,12.912559323269889,24.95434479539156,1
2,splanchnic,8871,0.009130875887724045,0.09511836307068695,1
3,raza,8524,2.915297982167996,0.6048883014585031,1
3,ant_inf,3468,0.039792387543252594,0.19547110639902815,1
3,ant_isq,3469,0.03891611415393485,0.19339506253545558,1
3,ant_clau,3481,0.02757828210284401,0.16376116895986045,1
3,fum_act,3587,0.20657931419013104,0.4048509616375713,1
3,diabetes,3459,0.11188204683434519,0.3152212785179684,1
3,hip_art,3359,0.3453408752604942,0.4754792899115691,1
3,insf_car,103,0.038834951456310676,0.1932014440983728,1
3,fibr_aur,7383,0.025463903562237572,0.15752934068804655,1
3,trat_est,3519,0.199204319408923,0.399402001168936,1
3,var171,620,0.037096774193548385,0.1889989511557704,1
3,tv_l_esu,7911,0.016180002528125396,0.12616738899697993,1
3,tvp_orig,13294,0.10154957123514367,0.3020550542816693,1
3,tv_l_ein,3568,0.8139013452914798,0.3891862605799428,1
3,tvp_prox,5391,0.8501205713225747,0.3569531979640383,1
3,tv_l_svc,8947,0.00827092880295071,0.09056776766425918,1
3,tv_l_vre,9439,0.008051700391990676,0.08936929289632035,1
3,tv_l_vrn,9401,0.006063184767577917,0.0776300364424243,1
3,tv_l_vca,11718,0.042328042328042326,0.20133648243852328,1
3,tv_l_yug,11767,0.01274751423472423,0.1121829537655331,1
3,tv_l_ova,11769,0.004843232220239612,0.06942460170501841,1
3,tv_l_sup,11766,0.005184429712731599,0.07181609430542253,1
3,tv_l_pul,11772,0.004841997961264016,0.0694157980362333,1
3,tv_l_ove,9423,0.024620609147829778,0.1549659148103852,1
3,fr_antfa,10080,0.13343253968253968,0.3400416107425783,1
3,fr_tvs_a,7860,0.04541984732824427,0.2082231610482447,1
3,fr_viaje,247,0.024291497975708502,0.1539526586383121,1
3,fr_estro,182,0.07142857142857142,0.25753937681885636,1
3,fr_varic,514,0.17120622568093385,0.3766890680243096,1
3,fr_antec,59,0.03389830508474576,0.1809674280005307,1
3,ana_dime,899,1.6051167964404893,0.56680167693368,1
3,ana_crea,447,0.9395973154362416,0.2382314006617295,1
3,ana_trop,9388,0.8702599062633148,0.33601726416046135,1
3,peso,11,81.0,15.279219399385083,1
3,tension_,646,129.24922600619195,20.653595651431306,1
3,ana_hemo,35,13.682285714285712,1.8085623109677647,1
3,ana_plaq,29,248.82758620689654,80.58538798220538,1
3,ana_leuc,77,8.63155844155844,3.998292188973033,1
3,ana_neu,11897,6.458265445070185,3.272245082525863,1
3,protcrea,13713,22.913352001750166,39.31174687968515,1
3,splanchnic,8871,0.007101792357118702,0.08397235796638719,1
4,raza,8524,2.906030032848428,0.6086474122928656,1
4,ant_inf,3468,0.03546712802768166,0.1849573217181458,1
4,ant_isq,3469,0.04179878927644855,0.2001290845716124,1
4,ant_clau,3481,0.023843723068083883,0.15256211829394742,1
4,fum_act,3587,0.19654307220518538,0.39738381065832645,1
4,diabetes,3459,0.10696733159872795,0.3090717094290186,1
4,hip_art,3359,0.33908901458767493,0.47340010009888517,1
4,insf_car,103,0.05825242718446602,0.23422015692844303,1
4,fibr_aur,7383,0.021129622104835433,0.14381641482995702,1
4,trat_est,3519,0.1844273941460642,0.38783234836016,1
4,var171,620,0.03387096774193549,0.1808970018716735,1
4,tv_l_esu,7911,0.012387814435596006,0.11060902535103205,1
4,tvp_orig,13294,0.10628855122611705,0.3082065786195521,1
4,tv_l_ein,3568,0.8102578475336323,0.39209701356143656,1
4,tvp_prox,5391,0.833240586162122,0.3727609310728866,1
4,tv_l_svc,8947,0.008829775343690623,0.09355111122306659,1
4,tv_l_vre,9439,0.009640851785146731,0.09771338578722755,1
4,tv_l_vrn,9401,0.006488671417934262,0.08029052597389272,1
4,tv_l_vca,11718,0.03669568185697218,0.18801358671655635,1
4,tv_l_yug,11767,0.010962862241862837,0.10412818011147981,1
4,tv_l_ova,11769,0.007477270796159402,0.08614732275352671,1
4,tv_l_sup,11766,0.005269420363759986,0.07239926500172483,1
4,tv_l_pul,11772,0.001783893985728848,0.04219847992495142,1
4,tv_l_ove,9423,0.03109413138066433,0.17357213593876847,1
4,fr_antfa,10080,0.12906746031746033,0.33527459045484065,1
4,fr_tvs_a,7860,0.05216284987277354,0.2223553169274889,1
4,fr_viaje,247,0.048582995951417005,0.2149946242486114,1
4,fr_estro,182,0.03296703296703297,0.17855029460738372,1
4,fr_varic,514,0.1867704280155642,0.3897271291999662,1
4,fr_antec,59,0.03389830508474576,0.1809674280005307,1
4,ana_dime,899,1.6051167964404893,0.5588965598002811,1
4,ana_crea,447,0.9149888143176734,0.2788983398860804,1
4,ana_trop,9388,0.8867703451214316,0.3168733187484372,1
4,peso,11,88.63636363636364,15.01073995676385,1
4,tension_,646,130.07585139318886,20.345364952468252,1
4,ana_hemo,35,13.877142857142857,1.7126563685499476,1
4,ana_plaq,29,267.13793103448273,135.97203671392575,1
4,ana_leuc,77,8.518571428571427,4.01402208313046,1
4,ana_neu,11897,6.735967975119778,3.3455669374624417,1
4,protcrea,13713,11.149395026617077,21.349916615505443,1
4,splanchnic,8871,0.01048359824146094,0.10185132502511972,1
5,raza,8524,2.9161191928671983,0.6253131756803934,1
5,ant_inf,3468,0.04152249134948097,0.19949529834463078,1
5,ant_isq,3469,0.038627846641683485,0.19270634682207552,1
5,ant_clau,3481,0.023269175524274634,0.15075715901639675,1
5,fum_act,3587,0.2182882631725676,0.4130841286392779,1
5,diabetes,3459,0.10812373518357907,0.3105366211472172,1
5,hip_art,3359,0.341470675796368,0.47420296642633913,1
5,insf_car,103,0.019417475728155338,0.13798709129662037,1
5,fibr_aur,7383,0.020587836922660165,0.14199992216021148,1
5,trat_est,3519,0.19153168513782323,0.3935064151015698,1
5,var171,620,0.03225806451612903,0.17668469596940847,1
5,tv_l_esu,7911,0.012008595626343066,0.10892377728221712,1
5,tvp_orig,13294,0.11832405596509704,0.3229914453125123,1
5,tv_l_ein,3568,0.8052130044843049,0.3960366421098731,1
5,tvp_prox,5391,0.8376924503802634,0.3687327066537132,1
5,tv_l_svc,8947,0.0069296971051749185,0.08295587021546728,1
5,tv_l_vre,9439,0.007310096408517852,0.08518602525658786,1
5,tv_l_vrn,9401,0.004573981491330709,0.06747636760116593,1
5,tv_l_vca,11718,0.03678102065198839,0.18822374231692027,1
5,tv_l_yug,11767,0.018951304495623354,0.13635304380004692,1
5,tv_l_ova,11769,0.0050131701928795985,0.0706260456028569,1
5,tv_l_sup,11766,0.0030596634370219276,0.05522953826236535,1
5,tv_l_pul,11772,0.0027183146449201497,0.052066547901808924,1
5,tv_l_ove,9423,0.02759206197601613,0.1638009160289643,1
5,fr_antfa,10080,0.1282738095238095,0.3343944367271366,1
5,fr_tvs_a,7860,0.03969465648854962,0.1952408531399247,1
5,fr_viaje,247,0.032388663967611336,0.17703004946619796,1
5,fr_estro,182,0.07142857142857142,0.2575393768188564,1
5,fr_varic,514,0.19844357976653695,0.39882793961303553,1
5,fr_antec,59,0.01694915254237288,0.12908090009938827,1
5,ana_dime,899,1.5917686318131257,0.5710664533908909,1
5,ana_crea,447,0.9373601789709173,0.24231399846176294,1
5,ana_trop,9388,0.8887942053685556,0.3143868093159021,1
5,peso,11,80.0,7.311261550139309,1
5,tension_,646,130.5077399380805,21.55551050132229,1
5,ana_hemo,35,13.414285714285713,2.1322212237333105,1
5,ana_plaq,29,268.3103448275862,134.3159177277716,1
5,ana_leuc,77,8.643636363636364,4.1670217054561425,1
5,ana_neu,11897,6.4286907623770695,3.3201007661457993,1
5,protcrea,13713,16.003114708670605,30.613343893003236,1
5,splanchnic,8871,0.009694510201781085,0.0979822773450824,1
1,raza,8524,2.902627874237447,0.6255153797750946,2
1,ant_inf,3468,0.02710495963091119,0.16238928780654793,2
1,ant_isq,3469,0.029979821274142403,0.1705316146364447,2
1,ant_clau,3481,0.01465096236713588,0.12015120335998572,2
1,fum_act,3587,0.19821577920267633,0.39865559581893767,2
1,diabetes,3459,0.09077768141081237,0.28729269738106716,2
1,hip_art,3359,0.3250967549866032,0.4684109892858873,2
1,insf_car,103,0.009708737864077669,0.09805344600351532,2
1,fibr_aur,7383,0.02207774617364215,0.14693644645742046,2
1,trat_est,3519,0.17220801364023872,0.3775611389938351,2
1,var171,620,0.03064516129032258,0.17235438891949548,2
1,tv_l_esu,7911,0.03981797497155859,0.1955313372345285,2
1,tvp_orig,13294,0.20340003008876184,0.4025275864442741,2
1,tv_l_ein,3568,0.8091367713004485,0.3929814965490541,2
1,tvp_prox,5391,0.8427007976256724,0.3640826325255407,2
1,tv_l_svc,8947,0.005364926791103163,0.07304891752537657,2
1,tv_l_vre,9439,0.008899247801673907,0.09391512758995918,2
1,tv_l_vrn,9401,0.004042123178385278,0.06344906948565944,2
1,tv_l_vca,11718,0.033282130056323606,0.17937232193188996,2
1,tv_l_yug,11767,0.015976884507521032,0.12538589900365338,2
1,tv_l_ova,11769,0.005353046138159572,0.07296842491929167,2
1,tv_l_sup,11766,0.008329083800781914,0.09088294759646316,2
1,tv_l_pul,11772,0.0036527353041114507,0.06032738042472546,2
1,tv_l_ove,9423,0.03279210442534225,0.178092061341037,2
1,fr_antfa,10080,0.1376984126984127,0.3445831682464341,2
1,fr_tvs_a,7860,0.04338422391857506,0.2037204776981391,2
1,fr_viaje,247,0.04048582995951417,0.197095731896973,2
1,fr_estro,182,0.04945054945054945,0.2168068094170204,2
1,fr_varic,514,0.19066147859922178,0.39282270705444244,2
1,fr_antec,59,0.01694915254237288,0.1290809000993883,2
1,ana_dime,899,1.6095661846496108,0.5500103455514137,2
1,ana_crea,447,0.930648769574944,0.2540504620416714,2
1,ana_trop,9388,0.8853855986365573,0.3185560239008867,2
1,peso,11,80.54545454545455,14.699187586478354,2
1,tension_,646,129.90866873065016,22.037457959939054,2
1,ana_hemo,35,13.628571428571428,1.659358125226469,2
1,ana_plaq,29,241.89655172413794,53.581613436459904,2
1,ana_leuc,77,8.894285714285713,3.318583811774225,2
1,ana_neu,11897,6.070799529293099,3.23849741020554,2
1,protcrea,13713,16.224961569313788,36.02327866931095,2
1,splanchnic,8871,0.01544358020516289,0.12330886438374813,2
2,raza,8524,2.904622243078367,0.6329985958803714,2
2,ant_inf,3468,0.03027681660899654,0.1713479821445871,2
2,ant_isq,3469,0.038627846641683485,0.19270634682207552,2
2,ant_clau,3481,0.027865555874748635,0.1645875653582004,2
2,fum_act,3587,0.20462782269305826,0.4034293951523074,2
2,diabetes,3459,0.09858340560855738,0.2981018580069169,2
2,hip_art,3359,0.3376004763322417,0.47289152531260825,2
2,insf_car,103,0.019417475728155338,0.13798709129662035,2
2,fibr_aur,7383,0.02302587024244887,0.14998559778200962,2
2,trat_est,3519,0.17107132708155726,0.376571278952753,2
2,var171,620,0.04032258064516129,0.19671469222016885,2
2,tv_l_esu,7911,0.020983440778662623,0.14332876889079518,2
2,tvp_orig,13294,0.16481119301940725,0.3710100587247291,2
2,tv_l_ein,3568,0.8323991031390134,0.3735114941101271,2
2,tvp_prox,5391,0.8401038768317566,0.36650969013657647,2
2,tv_l_svc,8947,0.0038001564770314073,0.061528166621324605,2
2,tv_l_vre,9439,0.007839813539569869,0.08819495939811213,2
2,tv_l_vrn,9401,0.0037230081906180195,0.06090277005712147,2
2,tv_l_vca,11718,0.028417818740399385,0.16616331219146177,2
2,tv_l_yug,11767,0.014022265658196652,0.11758248901944376,2
2,tv_l_ova,11769,0.007137394850879429,0.08418106940174892,2
2,tv_l_sup,11766,0.007819139894611592,0.08807951490511337,2
2,tv_l_pul,11772,0.00382262996941896,0.06170913602973113,2
2,tv_l_ove,9423,0.03151862464183381,0.17471462715674663,2
2,fr_antfa,10080,0.13055555555555556,0.3369136424503107,2
2,fr_tvs_a,7860,0.05419847328244275,0.22640891938325902,2
2,fr_viaje,247,0.06072874493927125,0.23883208427129765,2
2,fr_estro,182,0.06593406593406594,0.2481668085854113,2
2,fr_varic,514,0.2178988326848249,0.41281827890660994,2
2,fr_antec,59,0.05084745762711865,0.21968612536975796,2
2,ana_dime,899,1.5917686318131257,0.5730109844435892,2
2,ana_crea,447,0.9149888143176734,0.2788983398860804,2
2,ana_trop,9388,0.8892202812100554,0.3138591606035506,2
2,peso,11,80.56363636363636,8.877681180381275,2
2,tension_,646,128.7879256965944,19.86821698496525,2
2,ana_hemo,35,13.237142857142857,1.7858308533382143,2
2,ana_plaq,29,251.44827586206895,109.42658890368608,2
2,ana_leuc,77,8.562467532467533,2.9764278057282176,2
2,ana_neu,11897,6.2229846179709165,3.2650131584142805,2
2,protcrea,13713,6.0910486399766635,19.92492391547091,2
2,splanchnic,8871,0.014090857851425994,0.11786562508397816,2
3,raza,8524,2.918348193336462,0.6192942599474195,2
3,ant_inf,3468,0.04008073817762399,0.19614859827375963,2
3,ant_isq,3469,0.03459210147016431,0.18274432408707572,2
3,ant_clau,3481,0.018960068945705257,0.13638396068189015,2
3,fum_act,3587,0.19737942570393086,0.3980210899094636,2
3,diabetes,3459,0.10523272622145129,0.3068530585694924,2
3,hip_art,3359,0.3411729681452813,0.47410333678663363,2
3,insf_car,103,0.019417475728155338,0.13798709129662037,2
3,fibr_aur,7383,0.023973994311255586,0.152968107486559,2
3,trat_est,3519,0.19011082693947143,0.39238845602267886,2
3,var171,620,0.03225806451612903,0.17668469596940845,2
3,tv_l_esu,7911,0.020983440778662623,0.14332876889079518,2
3,tvp_orig,13294,0.17805024823228524,0.38255503831044607,2
3,tv_l_ein,3568,0.8116591928251121,0.3909840757979788,2
3,tvp_prox,5391,0.836579484325728,0.3697489022715646,2
3,tv_l_svc,8947,0.0034648485525874593,0.05876090007049835,2
3,tv_l_vre,9439,0.008793304375463502,0.0933594246641653,2
3,tv_l_vrn,9401,0.004254866503563451,0.06509041876190615,2
3,tv_l_vca,11718,0.037378392217101895,0.18968723734707715,2
3,tv_l_yug,11767,0.01716665250276196,0.12989210347288777,2
3,tv_l_ova,11769,0.006287704987679497,0.07904536516246484,2
3,tv_l_sup,11766,0.0071392146863844975,0.0841917234652327,2
3,tv_l_pul,11772,0.004247366632687734,0.06503327232559704,2
3,tv_l_ove,9423,0.031200254695956702,0.17385855976299855,2
3,fr_antfa,10080,0.13392857142857142,0.340575555763583,2
3,fr_tvs_a,7860,0.04643765903307888,0.21043099309894064,2
3,fr_viaje,247,0.048582995951417005,0.2149946242486114,2
3,fr_estro,182,0.06593406593406594,0.24816680858541132,2
3,fr_varic,514,0.19455252918287938,0.39585583559096893,2
3,fr_antec,59,0.05084745762711865,0.21968612536975796,2
3,ana_dime,899,1.5862068965517242,0.5621238977640258,2
3,ana_crea,447,0.941834451901566,0.23405622639195642,2
3,ana_trop,9388,0.8778227524499361,0.32749040860940387,2
3,peso,11,89.73636363636363,27.41937844024891,2
3,tension_,646,129.55572755417955,22.09196559782105,2
3,ana_hemo,35,13.545714285714286,1.9865753528756618,2
3,ana_plaq,29,249.13793103448276,70.27224111682686,2
3,ana_leuc,77,8.394285714285715,2.9327755696172817,2
3,ana_neu,11897,6.7741713036900055,3.3606618423909453,2
3,protcrea,13713,35.405173922555235,50.33205915294762,2
3,splanchnic,8871,0.011949047458009244,0.10865665061493239,2
4,raza,8524,2.9123650868137023,0.6010643539264203,2
4,ant_inf,3468,0.042964244521337944,0.20277652283745431,2
4,ant_isq,3469,0.03718650908042664,0.1892185842427693,2
4,ant_clau,3481,0.023843723068083883,0.1525621182939474,2
4,fum_act,3587,0.20351268469473097,0.4026105709778048,2
4,diabetes,3459,0.10436542353281295,0.3057340051476602,2
4,hip_art,3359,0.33968442988984815,0.47360206711991554,2
4,insf_car,103,0.038834951456310676,0.1932014440983728,2
4,fibr_aur,7383,0.02302587024244887,0.14998559778200962,2
4,trat_est,3519,0.1926683716965047,0.3943948151843812,2
4,var171,620,0.035483870967741936,0.18499936721212476,2
4,tv_l_esu,7911,0.016180002528125396,0.12616738899697993,2
4,tvp_orig,13294,0.20309914247028735,0.40230570564947404,2
4,tv_l_ein,3568,0.8063340807174888,0.39517012917346245,2
4,tvp_prox,5391,0.8482656278983491,0.3587632261318998,2
4,tv_l_svc,8947,0.004135464401475355,0.06417446794216126,2
4,tv_l_vre,9439,0.00815764381820108,0.0899505234311421,2
4,tv_l_vrn,9401,0.005318583129454314,0.072734419657748,2
4,tv_l_vca,11718,0.033708824031404676,0.18047863921756632,2
4,tv_l_yug,11767,0.019461205065012324,0.13813930129557572,2
4,tv_l_ova,11769,0.006882487891919449,0.08267478002593676,2
4,tv_l_sup,11766,0.009178990311065782,0.09536632764207262,2
4,tv_l_pul,11772,0.004417261297995243,0.06631552684417485,2
4,tv_l_ove,9423,0.03597580388411334,0.18622981882342354,2
4,fr_antfa,10080,0.14692460317460318,0.35403073899957976,2
4,fr_tvs_a,7860,0.05114503816793893,0.22029349340990306,2
4,fr_viaje,247,0.048582995951417005,0.2149946242486114,2
4,fr_estro,182,0.07142857142857142,0.2575393768188563,2
4,fr_varic,514,0.22568093385214008,0.4180299629784521,2
4,fr_antec,59,0.03389830508474576,0.1809674280005307,2
4,ana_dime,899,1.6095661846496108,0.5560444789108757,2
4,ana_crea,447,0.9328859060402684,0.25021948835311747,2
4,ana_trop,9388,0.8791009799744355,0.32600988785989715,2
4,peso,11,91.45454545454545,17.380049358459235,2
4,tension_,646,128.23219814241486,21.184475384945284,2
4,ana_hemo,35,13.665714285714285,2.0928371525130123,2
4,ana_plaq,29,221.17241379310346,69.03425884424054,2
4,ana_leuc,77,8.29038961038961,4.442389798400296,2
4,ana_neu,11897,6.678939396486509,3.3768230674242194,2
4,protcrea,13713,19.059092539925615,30.204724014738197,2
4,splanchnic,8871,0.01600721451921993,0.12550292268531282,2
5,raza,8524,2.9304317221961522,0.6053633673893692,2
5,ant_inf,3468,0.03863898500576701,0.1927330118155453,2
5,ant_isq,3469,0.037474776592678005,0.1899221359189257,2
5,ant_clau,3481,0.024418270611893136,0.15434383263421148,2
5,fum_act,3587,0.2121550041817675,0.4088340230245052,2
5,diabetes,3459,0.11737496386238798,0.3218665588729141,2
5,hip_art,3359,0.34891336707353376,0.4766265092826281,2
5,insf_car,103,0.019417475728155338,0.13798709129662035,2
5,fibr_aur,7383,0.02302587024244887,0.14998559778200962,2
5,trat_est,3519,0.20119352088661552,0.40089236465647804,2
5,var171,620,0.027419354838709678,0.16330197126470522,2
5,tv_l_esu,7911,0.014157502212109721,0.1181400327713846,2
5,tvp_orig,13294,0.17150594253046486,0.37695046651675834,2
5,tv_l_ein,3568,0.811939461883408,0.3907605048106702,2
5,tvp_prox,5391,0.8586533110740122,0.34837882033161516,2
5,tv_l_svc,8947,0.0036883871688834246,0.06061998819676428,2
5,tv_l_vre,9439,0.005932831867782604,0.07679605050919759,2
5,tv_l_vrn,9401,0.005531326454632486,0.07416691231462161,2
5,tv_l_vca,11718,0.034476873186550606,0.1824505916730037,2
5,tv_l_yug,11767,0.014447182799354126,0.11932502549137028,2
5,tv_l_ova,11769,0.006117767015039511,0.07797653455873249,2
5,tv_l_sup,11766,0.006204317525072242,0.07852276083480714,2
5,tv_l_pul,11772,0.0033978933061501867,0.0581923330622704,2
5,tv_l_ove,9423,0.02791043192189324,0.16471623997598597,2
5,fr_antfa,10080,0.141765873015873,0.3488098482897528,2
5,fr_tvs_a,7860,0.053180661577608146,0.22439358014831007,2
5,fr_viaje,247,0.05263157894736842,0.22329687826943603,2
5,fr_estro,182,0.0989010989010989,0.2985291803781565,2
5,fr_varic,514,0.20038910505836577,0.4002915333007595,2
5,fr_antec,59,0.05084745762711865,0.21968612536975796,2
5,ana_dime,899,1.5828698553948832,0.570478982027887,2
5,ana_crea,447,0.9507829977628636,0.21632080095988498,2
5,ana_trop,9388,0.8870899020025564,0.31648287120735497,2
5,peso,11,86.36363636363636,24.484773477232842,2
5,tension_,646,130.125386996904,22.98676573256972,2
5,ana_hemo,35,13.56857142857143,1.5865094531385429,2
5,ana_plaq,29,234.10344827586206,78.25305759260881,2
5,ana_leuc,77,7.8923376623376615,2.67261674200034,2
5,ana_neu,11897,6.453315289568799,3.35362576769147,2
5,protcrea,13713,6.890739590169912,21.754791660475643,2
5,splanchnic,8871,0.014090857851425994,0.11786562508397816,2
1,raza,8524,2.912599718442046,0.6330383400043423,3
1,ant_inf,3468,0.03027681660899654,0.1713479821445871,3
1,ant_isq,3469,0.030268088786393775,0.17132405431699532,3
1,ant_clau,3481,0.018385521401896008,0.13434096175283408,3
1,fum_act,3587,0.2012824086980764,0.40095860216084267,3
1,diabetes,3459,0.09135588320323793,0.2881145359182599,3
1,hip_art,3359,0.33045549270616253,0.47037714660311675,3
1,insf_car,103,0.02912621359223301,0.16816027257950264,3
1,fibr_aur,7383,0.023161316537992686,0.15041565727749084,3
1,trat_est,3519,0.18044899119067917,0.38456098706049907,3
1,var171,620,0.03387096774193549,0.1808970018716735,3
1,tv_l_esu,7911,0.03501453672102136,0.18381653608757187,3
1,tvp_orig,13294,0.18421844441101248,0.38766223590878596,3
1,tv_l_ein,3568,0.8085762331838565,0.39342179440654046,3
1,tvp_prox,5391,0.8308291597106289,0.37490274350177705,3
1,tv_l_svc,8947,0.005588465407399128,0.0745468608446354,3
1,tv_l_vre,9439,0.009958682063777943,0.09929504879565007,3
1,tv_l_vrn,9401,0.0052122114668652275,0.07200725184653214,3
1,tv_l_vca,11718,0.02986857825567503,0.1702246935337516,3
1,tv_l_yug,11767,0.01699668564629897,0.12925864893050623,3
1,tv_l_ova,11769,0.004758263233919619,0.0688158569293179,3
1,tv_l_sup,11766,0.004929457759646439,0.07003683463608489,3
1,tv_l_pul,11772,0.0031430513081889227,0.05597474909870535,3
1,tv_l_ove,9423,0.034277830839435426,0.1819419169745622,3
1,fr_antfa,10080,0.12797619047619047,0.334063295121437,3
1,fr_tvs_a,7860,0.041348600508905854,0.19909518764867412,3
1,fr_viaje,247,0.048582995951417005,0.2149946242486114,3
1,fr_estro,182,0.07142857142857142,0.2575393768188564,3
1,fr_varic,514,0.19844357976653695,0.39882793961303553,3
1,fr_antec,59,0.01694915254237288,0.1290809000993883,3
1,ana_dime,899,1.5939933259176864,0.5568938605554121,3
1,ana_crea,447,0.9149888143176734,0.2788983398860804,3
1,ana_trop,9388,0.887942053685556,0.31543773233751404,3
1,peso,11,79.81818181818181,18.516912082144025,3
1,tension_,646,128.94117647058823,21.204582304073345,3
1,ana_hemo,35,13.631428571428572,1.5397163799259412,3
1,ana_plaq,29,275.51724137931035,115.35092504887594,3
1,ana_leuc,77,8.169545454545453,3.2927133426742135,3
1,ana_neu,11897,6.538436160376565,3.34803224748727,3
1,protcrea,13713,14.115157150149495,28.478745024877057,3
1,splanchnic,8871,0.015556307067974298,0.1237509934440172,3
2,raza,8524,2.8992257156264665,0.630675534236249,3
2,ant_inf,3468,0.036043829296424454,0.1863992265704841,3
2,ant_isq,3469,0.036321706543672526,0.18708939087352836,3
2,ant_clau,3481,0.019534616489514506,0.1383944191364742,3
2,fum_act,3587,0.20574296069138556,0.40424348457004045,3
2,diabetes,3459,0.10581092801387684,0.3075954738397804,3
2,hip_art,3359,0.3343256921702888,0.47175419841814453,3
2,insf_car,103,0.02912621359223301,0.1681602725795026,3
2,fibr_aur,7383,0.028985507246376812,0.1677657522143511,3
2,trat_est,3519,0.17931230463199774,0.38361361034191604,3
2,var171,620,0.025806451612903226,0.15855749325734853,3
2,tv_l_esu,7911,0.020351409429907725,0.1411992548285011,3
2,tvp_orig,13294,0.18888220249736723,0.3914150176949152,3
2,tv_l_ein,3568,0.820627802690583,0.3836636706046177,3
2,tvp_prox,5391,0.852902986458913,0.3542026004257736,3
2,tv_l_svc,8947,0.008047390186654745,0.08934556339202568,3
2,tv_l_vre,9439,0.009217078080305117,0.0955621449736593,3
2,tv_l_vrn,9401,0.005318583129454314,0.072734419657748,3
2,tv_l_vca,11718,0.03669568185697218,0.18801358671655635,3
2,tv_l_yug,11767,0.01716665250276196,0.1298921034728878,3
2,tv_l_ova,11769,0.009176650522559266,0.09535428468478004,3
2,tv_l_sup,11766,0.008924018357980621,0.09404456525672839,3
2,tv_l_pul,11772,0.002378525314305131,0.04871209225268753,3
2,tv_l_ove,9423,0.029077788390109306,0.1680246131150116,3
2,fr_antfa,10080,0.13015873015873017,0.3364779860885359,3
2,fr_tvs_a,7860,0.05012722646310432,0.2182074417388669,3
2,fr_viaje,247,0.04048582995951417,0.19709573189697302,3
2,fr_estro,182,0.06593406593406594,0.24816680858541135,3
2,fr_varic,514,0.188715953307393,0.39128281622718225,3
2,fr_antec,59,0.03389830508474576,0.1809674280005307,3
2,ana_dime,899,1.592880978865406,0.5767023340094867,3
2,ana_crea,447,0.9172259507829977,0.2755403890416494,3
2,ana_trop,9388,0.8818704729441841,0.3227614318554575,3
2,peso,11,77.0909090909091,10.94161817394771,3
2,tension_,646,128.22445820433435,20.519584149898986,3
2,ana_hemo,35,13.642857142857142,2.1182588151978186,3
2,ana_plaq,29,252.75862068965517,130.59404199654003,3
2,ana_leuc,77,7.721948051948051,3.440020023711369,3
2,ana_neu,11897,6.764084895351769,3.3637705340316457,3
2,protcrea,13713,30.23960037920222,43.94466982044026,3
2,splanchnic,8871,0.011498140006763611,0.10661112879595862,3
3,raza,8524,2.9057954012200846,0.6298303447440875,3
3,ant_inf,3468,0.04382929642445214,0.20471514159775686,3
3,ant_isq,3469,0.03718650908042664,0.1892185842427693,3
3,ant_clau,3481,0.02700373455903476,0.16209420988702822,3
3,fum_act,3587,0.2060217451909674,0.40444627047289666,3
3,diabetes,3459,0.09945070829719573,0.2992662107829446,3
3,hip_art,3359,0.3474248288181006,0.47615209454418456,3
3,insf_car,103,0.04854368932038835,0.21491207399202583,3
3,fibr_aur,7383,0.024380333197887037,0.15422688660232706,3
3,trat_est,3519,0.18272236430804206,0.3864387427390287,3
3,var171,620,0.037096774193548385,0.1889989511557704,3
3,tv_l_esu,7911,0.01478953356086462,0.12070958229534504,3
3,tvp_orig,13294,0.1577403339852565,0.36449735392657684,3
3,tv_l_ein,3568,0.8063340807174888,0.39517012917346245,3
3,tvp_prox,5391,0.8536449638286032,0.35346179363357777,3
3,tv_l_svc,8947,0.0069296971051749185,0.08295587021546728,3
3,tv_l_vre,9439,0.009323021506515521,0.09610464492679098,3
3,tv_l_vrn,9401,0.005956813104988831,0.07695017532547319,3
3,tv_l_vca,11718,0.0326847584912101,0.17781019389669808,3
3,tv_l_yug,11767,0.014447182799354126,0.11932502549137028,3
3,tv_l_ova,11769,0.00637267397399949,0.07957426091658407,3
3,tv_l_sup,11766,0.003399626041135475,0.058207117983249346,3
3,tv_l_pul,11772,0.004672103295956507,0.06819292299607357,3
3,tv_l_ove,9423,0.028759418444232198,0.16712963320423388,3
3,fr_antfa,10080,0.12728174603174602,0.3332883183654299,3
3,fr_tvs_a,7860,0.03791348600508906,0.19098705082814116,3
3,fr_viaje,247,0.020242914979757085,0.1408301791977821,3
3,fr_estro,182,0.054945054945054944,0.2278729819047003,3
3,fr_varic,514,0.19844357976653695,0.3988279396130355,3
3,fr_antec,59,0.03389830508474576,0.1809674280005307,3
3,ana_dime,899,1.5917686318131257,0.5572647803840883,3
3,ana_crea,447,0.9485458612975392,0.22092218157724403,3
3,ana_trop,9388,0.88005965061781,0.3248917696283921,3
3,peso,11,87.54545454545455,9.442299761890025,3
3,tension_,646,130.45046439628484,21.50116689398303,3
3,ana_hemo,35,13.402857142857144,1.9548453668163284,3
3,ana_plaq,29,249.13793103448276,65.92248537849588,3
3,ana_leuc,77,8.229870129870127,3.4367549227022525,3
3,ana_neu,11897,6.375998402958729,3.38263878415467,3
3,protcrea,13713,18.98202041858091,36.49937825012483,3
3,splanchnic,8871,0.011836320595197836,0.10814907355111987,3
4,raza,8524,2.919052088221492,0.6176796490567333,3
4,ant_inf,3468,0.03863898500576701,0.19273301181554528,3
4,ant_isq,3469,0.03718650908042664,0.1892185842427693,3
4,ant_clau,3481,0.021832806664751507,0.14613738473741442,3
4,fum_act,3587,0.2049066071926401,0.40363336026825286,3
4,diabetes,3459,0.10523272622145129,0.3068530585694924,3
4,hip_art,3359,0.3319440309615957,0.4709110226683623,3
4,insf_car,103,0.009708737864077669,0.09805344600351532,3
4,fibr_aur,7383,0.023296762833536502,0.15084436905305568,3
4,trat_est,3519,0.19011082693947143,0.39238845602267886,3
4,var171,620,0.02903225806451613,0.1678969507054594,3
4,tv_l_esu,7911,0.013399064593603842,0.11497621346009039,3
4,tvp_orig,13294,0.186324657740334,0.389368436905563,3
4,tv_l_ein,3568,0.7959641255605381,0.4029953304706967,3
4,tvp_prox,5391,0.8401038768317566,0.36650969013657647,3
4,tv_l_svc,8947,0.0063708505644350065,0.07956294883625573,3
4,tv_l_vre,9439,0.01133594660451319,0.10586521108982316,3
4,tv_l_vrn,9401,0.007765131369003297,0.08777718441500285,3
4,tv_l_vca,11718,0.0338795016214371,0.18091899013459078,3
4,tv_l_yug,11767,0.01997110563440129,0.1399008955444563,3
4,tv_l_ova,11769,0.008157022686719348,0.0899471270670036,3
4,tv_l_sup,11766,0.00926398096209417,0.0958027119596733,3
4,tv_l_pul,11772,0.0028882093102276588,0.05366439748294927,3
4,tv_l_ove,9423,0.029396158335986418,0.1689142510597375,3
4,fr_antfa,10080,0.13402777777777777,0.34068215768033466,3
4,fr_tvs_a,7860,0.049872773536895676,0.21768206172450955,3
4,fr_viaje,247,0.044534412955465584,0.20627917737420237,3
4,fr_estro,182,0.07142857142857142,0.25753937681885636,3
4,fr_varic,514,0.22568093385214008,0.4180299629784521,3
4,fr_antec,59,0.03389830508474576,0.1809674280005307,3
4,ana_dime,899,1.581757508342603,0.5841252009888604,3
4,ana_crea,447,0.9284116331096197,0.25780510587718897,3
4,ana_trop,9388,0.879953131657435,0.3250163345798298,3
4,peso,11,87.65454545454544,21.761699617629453,3
4,tension_,646,129.8328173374613,20.58321268375253,3
4,ana_hemo,35,13.368571428571428,2.1755487227129526,3
4,ana_plaq,29,232.58620689655172,75.78486667301624,3
4,ana_leuc,77,8.037922077922078,3.26848562481808,3
4,ana_neu,11897,6.798566781541565,3.3785432059446725,3
4,protcrea,13713,21.544317654780137,38.693556757119985,3
4,splanchnic,8871,0.01217450118363206,0.10966440947072024,3
5,raza,8524,2.9129516658845613,0.6176097694509463,3
5,ant_inf,3468,0.03748558246828143,0.1899484497838693,3
5,ant_isq,3469,0.035168636494667053,0.18420587260392385,3
5,ant_clau,3481,0.027291008330939386,0.1629300745572161,3
5,fum_act,3587,0.2051853916922219,0.4038370299122301,3
5,diabetes,3459,0.09742700202370627,0.2965383302380638,3
5,hip_art,3359,0.3191426019648705,0.4661443999191267,3
5,insf_car,103,0.04854368932038835,0.21491207399202578,3
5,fibr_aur,7383,0.02776649058648246,0.16430311192120872,3
5,trat_est,3519,0.18897414038079,0.39148807727455953,3
5,var171,620,0.041935483870967745,0.20044175977943207,3
5,tv_l_esu,7911,0.012893439514599925,0.11281488701445072,3
5,tvp_orig,13294,0.16074921017000152,0.36729947127612667,3
5,tv_l_ein,3568,0.8105381165919282,0.3918750797684614,3
5,tvp_prox,5391,0.8467816731589687,0.360197822260305,3
5,tv_l_svc,8947,0.009276852576282553,0.09586862147001217,3
5,tv_l_vre,9439,0.007945756965780273,0.08878413096956587,3
5,tv_l_vrn,9401,0.005744069779810659,0.07557165766459888,3
5,tv_l_vca,11718,0.036610343061955965,0.18780315716952645,3
5,tv_l_yug,11767,0.01665675193337299,0.1279816570778917,3
5,tv_l_ova,11769,0.005607953097119552,0.07467599319178861,3
5,tv_l_sup,11766,0.003994560598334183,0.06307617683373351,3
5,tv_l_pul,11772,0.004162419300033979,0.06438240105498305,3
5,tv_l_ove,9423,0.028334925183062718,0.16592786745430363,3
5,fr_antfa,10080,0.13194444444444445,0.3384303591947557,3
5,fr_tvs_a,7860,0.053180661577608146,0.2243935801483101,3
5,fr_viaje,247,0.032388663967611336,0.17703004946619794,3
5,fr_estro,182,0.06593406593406594,0.24816680858541135,3
5,fr_varic,514,0.1828793774319066,0.38656760177493515,3
5,fr_antec,59,0.03389830508474576,0.1809674280005307,3
5,ana_dime,899,1.575083426028921,0.559757086937842,3
5,ana_crea,447,0.9060402684563759,0.29177268616488805,3
5,ana_trop,9388,0.8770771197273115,0.32834866495564563,3
5,peso,11,87.7,20.372664394856518,3
5,tension_,646,128.38080495356039,20.981722916997835,3
5,ana_hemo,35,13.834285714285715,2.1219859777566668,3
5,ana_plaq,29,253.75862068965517,65.31602495053477,3
5,ana_leuc,77,8.23974025974026,3.463599199251333,3
5,ana_neu,11897,6.661880137849879,3.333178708382637,3
5,protcrea,13713,25.619467804273317,44.20174249238967,3
5,splanchnic,8871,0.01645812197046556,0.1272291326374225,3
1,raza,8524,2.9362975129047397,0.5682439328620644,4
1,ant_inf,3468,0.031141868512110725,0.17370104357108834,4
1,ant_isq,3469,0.03084462381089651,0.1728965962442893,4
1,ant_clau,3481,0.017810973858086755,0.1322639144601176,4
1,fum_act,3587,0.20657931419013104,0.4048509616375713,4
1,diabetes,3459,0.09077768141081237,0.28729269738106716,4
1,hip_art,3359,0.3370050610300685,0.4726866296714858,4
1,insf_car,103,0.009708737864077669,0.09805344600351532,4
1,fibr_aur,7383,0.02736015169985101,0.16313054220106102,4
1,trat_est,3519,0.1642512077294686,0.3705033717645219,4
1,var171,620,0.025806451612903226,0.1585574932573485,4
1,tv_l_esu,7911,0.04209328782707622,0.20080199936002416,4
1,tvp_orig,13294,0.2343162328870167,0.42357069763223004,4
1,tv_l_ein,3568,0.8102578475336323,0.39209701356143656,4
1,tvp_prox,5391,0.8458542014468559,0.36108845362536535,4
1,tv_l_svc,8947,0.007153235721470884,0.084273761872744,4
1,tv_l_vre,9439,0.012289437440406822,0.1101744397208588,4
1,tv_l_vrn,9401,0.004467609828741623,0.06669070618279396,4
1,tv_l_vca,11718,0.03439153439153439,0.18223269946343407,4
1,tv_l_yug,11767,0.01631681822044701,0.1266908823223199,4
1,tv_l_ova,11769,0.0049282012065596055,0.07002795184372644,4
1,tv_l_sup,11766,0.007224205337412885,0.08468775705292812,4
1,tv_l_pul,11772,0.0050968399592252805,0.07120998653036893,4
1,tv_l_ove,9423,0.03247373447946514,0.17725459387113876,4
1,fr_antfa,10080,0.13253968253968254,0.33907656228639976,4
1,fr_tvs_a,7860,0.03969465648854962,0.19524085313992473,4
1,fr_viaje,247,0.020242914979757085,0.1408301791977821,4
1,fr_estro,182,0.07142857142857142,0.2575393768188564,4
1,fr_varic,514,0.188715953307393,0.39128281622718225,4
1,fr_antec,59,0.03389830508474576,0.18096742800053067,4
1,ana_dime,899,1.6129032258064515,0.5593679121629686,4
1,ana_crea,447,0.9149888143176734,0.2788983398860804,4
1,ana_trop,9388,0.8798466126970601,0.3251408169125643,4
1,peso,11,80.7090909090909,9.751965260719555,4
1,tension_,646,128.9798761609907,21.520410730356417,4
1,ana_hemo,35,13.63142857142857,1.3641892262065256,4
1,ana_plaq,29,284.0,123.81493420033983,4
1,ana_leuc,77,8.475194805194805,3.4980371529030245,4
1,ana_neu,11897,6.722369084643187,3.3231912897370743,4
1,protcrea,13713,24.99572318238168,41.54668112984735,4
1,splanchnic,8871,0.010145417653026716,0.10021221559107636,4
2,raza,8524,2.923392773345847,0.6025691399287837,4
2,ant_inf,3468,0.03806228373702422,0.19134666522766078,4
2,ant_isq,3469,0.034015566445661574,0.18126915811864508,4
2,ant_clau,3481,0.023843723068083883,0.1525621182939474,4
2,fum_act,3587,0.19710064120434903,0.3978089722984934,4
2,diabetes,3459,0.0971379011274935,0.29614545293155997,4
2,hip_art,3359,0.34474545995832095,0.47528520679319136,4
2,insf_car,103,0.019417475728155338,0.13798709129662035,4
2,fibr_aur,7383,0.022348638764729784,0.14781467149810743,4
2,trat_est,3519,0.1926683716965047,0.3943948151843812,4
2,var171,620,0.03870967741935484,0.1929021469384007,4
2,tv_l_esu,7911,0.020225003160156744,0.14076914579313324,4
2,tvp_orig,13294,0.2210771776741387,0.4149723595443147,4
2,tv_l_ein,3568,0.8239910313901345,0.38082779780204706,4
2,tvp_prox,5391,0.8419588202559822,0.3647796118879684,4
2,tv_l_svc,8947,0.008494467419246674,0.09177315207897149,4
2,tv_l_vre,9439,0.007204152982307448,0.08457099480386263,4
2,tv_l_vrn,9401,0.007020529730879694,0.08349396321398049,4
2,tv_l_vca,11718,0.03609831029185868,0.18653477500437113,4
2,tv_l_yug,11767,0.016401801648678507,0.12701489106146535,4
2,tv_l_ova,11769,0.00450335627495964,0.06695577687713304,4
2,tv_l_sup,11766,0.005099439061703213,0.07122804772671498,4
2,tv_l_pul,11772,0.0009344206591913014,0.03055400983869348,4
2,tv_l_ove,9423,0.030988008065371962,0.17328517369213214,4
2,fr_antfa,10080,0.13402777777777777,0.34068215768033466,4
2,fr_tvs_a,7860,0.044274809160305344,0.20570500828643887,4
2,fr_viaje,247,0.044534412955465584,0.20627917737420234,4
2,fr_estro,182,0.04395604395604396,0.20499734182612783,4
2,fr_varic,514,0.16731517509727625,0.3732570257603252,4
2,fr_antec,59,0.03389830508474576,0.1809674280005307,4
2,ana_dime,899,1.5862068965517242,0.5601415734730465,4
2,ana_crea,447,0.9149888143176734,0.2788983398860804,4
2,ana_trop,9388,0.8832552194290584,0.3211159242086638,4
2,peso,11,87.45454545454545,11.348717479510716,4
2,tension_,646,129.56656346749227,21.948738398650878,4
2,ana_hemo,35,13.608571428571427,2.038538892522419,4
2,ana_plaq,29,224.6551724137931,97.78733994007854,4
2,ana_leuc,77,8.465584415584418,3.6772923740046797,4
2,ana_neu,11897,6.886668319744473,3.324026454060408,4
2,protcrea,13713,23.121899365565525,37.90926132178234,4
2,splanchnic,8871,0.007665426671175741,0.08721621354498585,4
3,raza,8524,2.9169404035664006,0.6300016950925231,4
3,ant_inf,3468,0.0392156862745098,0.1941077438551307,4
3,ant_isq,3469,0.03949264917843759,0.19476390794833223,4
3,ant_clau,3481,0.02355644929617926,0.1516625958921177,4
3,fum_act,3587,0.20797323668804016,0.4058575729360493,4
3,diabetes,3459,0.09164498409945071,0.2885241428180009,4
3,hip_art,3359,0.3417683834474546,0.47430238827478854,4
3,insf_car,103,0.019417475728155338,0.13798709129662035,4
3,fibr_aur,7383,0.027901936882026277,0.16469189051151759,4
3,trat_est,3519,0.17902813299232737,0.3833758737709103,4
3,var171,620,0.03387096774193549,0.1808970018716735,4
3,tv_l_esu,7911,0.022373909745923397,0.14789630796137096,4
3,tvp_orig,13294,0.2446216338197683,0.4298626409530322,4
3,tv_l_ein,3568,0.8172645739910314,0.3864494664122198,4
3,tvp_prox,5391,0.8475236505286589,0.35948200556249627,4
3,tv_l_svc,8947,0.007376774337766849,0.08557077502358218,4
3,tv_l_vre,9439,0.006356605572624218,0.0794745187982809,4
3,tv_l_vrn,9401,0.005318583129454314,0.072734419657748,4
3,tv_l_vca,11718,0.03515958354668032,0.1841830264478905,4
3,tv_l_yug,11767,0.014957083368743095,0.12138109006696048,4
3,tv_l_ova,11769,0.004588325261279633,0.06758159906791446,4
3,tv_l_sup,11766,0.007819139894611592,0.08807951490511337,4
3,tv_l_pul,11772,0.004841997961264016,0.0694157980362333,4
3,tv_l_ove,9423,0.03141250132654144,0.17442980274870312,4
3,fr_antfa,10080,0.13978174603174603,0.34676044974602055,4
3,fr_tvs_a,7860,0.04910941475826972,0.21609646026802468,4
3,fr_viaje,247,0.05668016194331984,0.23123045038532203,4
3,fr_estro,182,0.06593406593406594,0.24816680858541135,4
3,fr_varic,514,0.1517509727626459,0.3587793403029731,4
3,fr_antec,59,0.06779661016949153,0.2513965588845988,4
3,ana_dime,899,1.6184649610678532,0.5602056289067557,4
3,ana_crea,447,0.930648769574944,0.2540504620416714,4
3,ana_trop,9388,0.878035790370686,0.327244467025511,4
3,peso,11,83.0,9.095453409658736,4
3,tension_,646,130.88854489164086,20.282981597011396,4
3,ana_hemo,35,13.82,2.014206685379773,4
3,ana_plaq,29,245.10344827586206,74.25507985761726,4
3,ana_leuc,77,8.290922077922078,3.5039062719712293,4
3,ana_neu,11897,6.441371606287299,3.2840996000295215,4
3,protcrea,13713,7.980119011157297,21.201850687087592,4
3,splanchnic,8871,0.008454514710855596,0.0915589203292586,4
4,raza,8524,2.906381980290943,0.617408643195617,4
4,ant_inf,3468,0.040369088811995385,0.19682333571120225,4
4,ant_isq,3469,0.03603343903142116,0.18637336264335094,4
4,ant_clau,3481,0.02700373455903476,0.16209420988702822,4
4,fum_act,3587,0.2132701421800948,0.40961688030960947,4
4,diabetes,3459,0.10465452442902573,0.3061077505480059,4
4,hip_art,3359,0.3307532003572492,0.4704843470410961,4
4,insf_car,103,0.0,0.0,4
4,fibr_aur,7383,0.026818366517675742,0.16155228792870546,4
4,trat_est,3519,0.19067917021881217,0.3928366381378873,4
4,var171,620,0.04032258064516129,0.19671469222016885,4
4,tv_l_esu,7911,0.01794969030463911,0.1327685916269607,4
4,tvp_orig,13294,0.21814352339401233,0.41298538302857446,4
4,tv_l_ein,3568,0.8164237668161435,0.3871382179453261,4
4,tvp_prox,5391,0.8551289185679837,0.35197081014870313,4
4,tv_l_svc,8947,0.007153235721470884,0.084273761872744,4
4,tv_l_vre,9439,0.009428964932725924,0.09664398353246494,4
4,tv_l_vrn,9401,0.004148494840974365,0.06427507161823137,4
4,tv_l_vca,11718,0.0397678784775559,0.1954133933970501,4
4,tv_l_yug,11767,0.02277555876604062,0.14918724036905853,4
4,tv_l_ova,11769,0.005522984110799558,0.0741112728086046,4
4,tv_l_sup,11766,0.005269420363759986,0.07239926500172483,4
4,tv_l_pul,11772,0.003567787971457696,0.059624314339440564,4
4,tv_l_ove,9423,0.026424705507800062,0.16039463970665013,4
4,fr_antfa,10080,0.14037698412698413,0.34737772878294393,4
4,fr_tvs_a,7860,0.0455470737913486,0.20850069031155277,4
4,fr_viaje,247,0.02834008097165992,0.1659425225256615,4
4,fr_estro,182,0.07142857142857142,0.25753937681885636,4
4,fr_varic,514,0.188715953307393,0.39128281622718225,4
4,fr_antec,59,0.01694915254237288,0.1290809000993883,4
4,ana_dime,899,1.6062291434927698,0.5646276267036311,4
4,ana_crea,447,0.9507829977628636,0.21632080095988498,4
4,ana_trop,9388,0.8854921175969322,0.31842711453428857,4
4,peso,11,85.18181818181819,21.779131720810096,4
4,tension_,646,130.41486068111456,20.218344417552643,4
4,ana_hemo,35,14.077142857142858,1.8012829894725775,4
4,ana_plaq,29,237.17241379310346,75.14632574839537,4
4,ana_leuc,77,8.03896103896104,3.6182135164235527,4
4,ana_neu,11897,6.1368630747247215,3.250349979409647,4
4,protcrea,13713,18.82961598483191,35.18457646392523,4
4,splanchnic,8871,0.011385413143952203,0.10609328683518918,4
5,raza,8524,2.921633036133271,0.5788030810092156,4
5,ant_inf,3468,0.0395040369088812,0.19479083134681402,4
5,ant_isq,3469,0.03574517151916979,0.18565412527664155,4
5,ant_clau,3481,0.020970985349037633,0.14328713523037606,4
5,fum_act,3587,0.1943127962085308,0.39567073866809105,4
5,diabetes,3459,0.09829430471234461,0.29771216698929415,4
5,hip_art,3359,0.3247990473355165,0.4682997183273309,4
5,insf_car,103,0.009708737864077669,0.09805344600351532,4
5,fibr_aur,7383,0.024380333197887037,0.15422688660232706,4
5,trat_est,3519,0.1801648195510088,0.3843246769948051,4
5,var171,620,0.035483870967741936,0.18499936721212476,4
5,tv_l_esu,7911,0.016053596258374415,0.12568165461015987,4
5,tvp_orig,13294,0.23988265382879495,0.4270116698883644,4
5,tv_l_ein,3568,0.8074551569506726,0.3942985245527014,4
5,tvp_prox,5391,0.84325728065294,0.3635580273886807,4
5,tv_l_svc,8947,0.009723929808874482,0.09812937887272377,4
5,tv_l_vre,9439,0.007098209556097045,0.08395132504728425,4
5,tv_l_vrn,9401,0.005956813104988831,0.07695017532547319,4
5,tv_l_vca,11718,0.03686635944700461,0.18843362488719698,4
5,tv_l_yug,11767,0.02065097306025325,0.14221290508219692,4
5,tv_l_ova,11769,0.005353046138159572,0.07296842491929167,4
5,tv_l_sup,11766,0.003484616692163862,0.058927702642072824,4
5,tv_l_pul,11772,0.0033978933061501867,0.058192333062270396,4
5,tv_l_ove,9423,0.02801655523718561,0.16502008323179132,4
5,fr_antfa,10080,0.13918650793650794,0.3461410463163078,4
5,fr_tvs_a,7860,0.04402035623409669,0.2051403531027475,4
5,fr_viaje,247,0.04048582995951417,0.19709573189697302,4
5,fr_estro,182,0.06043956043956044,0.23829943343078505,4
5,fr_varic,514,0.20428015564202334,0.4031746193064416,4
5,fr_antec,59,0.03389830508474576,0.1809674280005307,4
5,ana_dime,899,1.581757508342603,0.5783841008504598,4
5,ana_crea,447,0.930648769574944,0.2540504620416714,4
5,ana_trop,9388,0.8917767362590541,0.31066217813921854,4
5,peso,11,77.0909090909091,14.525554569006655,4
5,tension_,646,131.25232198142416,21.934954204890225,4
5,ana_hemo,35,13.617142857142856,1.984293427939342,4
5,ana_plaq,29,237.93103448275863,97.38049476665647,4
5,ana_leuc,77,8.198116883116883,3.606331286775343,4
5,ana_neu,11897,6.664770614440615,3.293912925995757,4
5,protcrea,13713,22.773308247648217,39.1567630956975,4
5,splanchnic,8871,0.00879269529928982,0.09335621997844422,4
1,raza,8524,2.891365556076959,0.665518334325386,5
1,ant_inf,3468,0.027393310265282585,0.1632265812237472,5
1,ant_isq,3469,0.031132891323147883,0.17367681019931513,5
1,ant_clau,3481,0.02010916403332376,0.14037373527553024,5
1,fum_act,3587,0.21382771117925845,0.41000661105779507,5
1,diabetes,3459,0.08326105810928014,0.27627640925675007,5
1,hip_art,3359,0.32063114022030365,0.4667192005278244,5
1,insf_car,103,0.019417475728155338,0.13798709129662037,5
1,fibr_aur,7383,0.019639712853853446,0.13875876380564806,5
1,trat_est,3519,0.17533390167661267,0.380252448512128,5
1,var171,620,0.027419354838709678,0.16330197126470522,5
1,tv_l_esu,7911,0.03450891164201744,0.18253231675322834,5
1,tvp_orig,13294,0.2273958176621032,0.419150283039254,5
1,tv_l_ein,3568,0.8074551569506726,0.3942985245527014,5
1,tvp_prox,5391,0.84325728065294,0.3635580273886807,5
1,tv_l_svc,8947,0.005253157482955181,0.0722880475556952,5
1,tv_l_vre,9439,0.008475474096832292,0.09167137195256878,5
1,tv_l_vrn,9401,0.0037230081906180195,0.06090277005712147,5
1,tv_l_vca,11718,0.02816180235535074,0.16543492751970157,5
1,tv_l_yug,11767,0.019631171921475312,0.13872919307220377,5
1,tv_l_ova,11769,0.007647208768799388,0.0871133110772733,5
1,tv_l_sup,11766,0.010283868774434813,0.10088662358045797,5
1,tv_l_pul,11772,0.005011892626571526,0.07061709112439597,5
1,tv_l_ove,9423,0.029926774912448266,0.17038533697413027,5
1,fr_antfa,10080,0.12678571428571428,0.3327327710622678,5
1,fr_tvs_a,7860,0.04745547073791349,0.21261102754785913,5
1,fr_viaje,247,0.024291497975708502,0.15395265863831212,5
1,fr_estro,182,0.054945054945054944,0.22787298190470023,5
1,fr_varic,514,0.21206225680933852,0.40876870727376957,5
1,fr_antec,59,0.06779661016949153,0.2513965588845988,5
1,ana_dime,899,1.6062291434927698,0.5566916385385472,5
1,ana_crea,447,0.9351230425055929,0.24630862323653233,5
1,ana_trop,9388,0.8904985087345547,0.3122673769001317,5
1,peso,11,84.0909090909091,17.41187967219531,5
1,tension_,646,128.95975232198143,21.656013027523166,5
1,ana_hemo,35,13.82,1.5150294669458693,5
1,ana_plaq,29,222.86206896551724,57.75854863608476,5
1,ana_leuc,77,9.651038961038962,4.938487224182836,5
1,ana_neu,11897,6.301871816424309,3.321521215669267,5
1,protcrea,13713,13.849569751330856,33.98989302236276,5
1,splanchnic,8871,0.014541765302671627,0.1197092409321588,5
2,raza,8524,2.918817456593149,0.5961929194312999,5
2,ant_inf,3468,0.040369088811995385,0.19682333571120225,5
2,ant_isq,3469,0.03949264917843759,0.19476390794833223,5
2,ant_clau,3481,0.023269175524274634,0.15075715901639675,5
2,fum_act,3587,0.1990521327014218,0.3992873416080672,5
2,diabetes,3459,0.09771610291991906,0.29693040624035594,5
2,hip_art,3359,0.33313486156594224,0.47133430341466004,5
2,insf_car,103,0.009708737864077669,0.09805344600351532,5
2,fibr_aur,7383,0.0208587295137478,0.14291131136764545,5
2,trat_est,3519,0.18584825234441602,0.3889841634886211,5
2,var171,620,0.025806451612903226,0.1585574932573485,5
2,tv_l_esu,7911,0.017444065225635193,0.13091894367905274,5
2,tvp_orig,13294,0.16308108921317888,0.36943963993353784,5
2,tv_l_ein,3568,0.8178251121076233,0.38598859842458644,5
2,tvp_prox,5391,0.8339825635318123,0.372096287614804,5
2,tv_l_svc,8947,0.006706158488878954,0.08161608865414338,5
2,tv_l_vre,9439,0.0086873609492531,0.09280027321614137,5
2,tv_l_vrn,9401,0.0052122114668652275,0.07200725184653214,5
2,tv_l_vca,11718,0.028929851510496672,0.16760941262971268,5
2,tv_l_yug,11767,0.014107249086428146,0.11793317857855616,5
2,tv_l_ova,11769,0.006032798028719517,0.07743644734015238,5
2,tv_l_sup,11766,0.002974672785993541,0.05445938034728095,5
2,tv_l_pul,11772,0.005691471287801563,0.07522684655348578,5
2,tv_l_ove,9423,0.025151225724291626,0.1565842954093972,5
2,fr_antfa,10080,0.13432539682539682,0.3410015903087499,5
2,fr_tvs_a,7860,0.04402035623409669,0.2051403531027475,5
2,fr_viaje,247,0.06477732793522267,0.2461325368999298,5
2,fr_estro,182,0.08791208791208792,0.28316700498296976,5
2,fr_varic,514,0.21011673151750973,0.4073913237342058,5
2,fr_antec,59,0.0,0.0,5
2,ana_dime,899,1.6162402669632925,0.5384058495649516,5
2,ana_crea,447,0.9440715883668904,0.22978342935317822,5
2,ana_trop,9388,0.8796335747763102,0.32538953410114424,5
2,peso,11,81.78181818181818,16.996727930121683,5
2,tension_,646,130.76470588235293,22.176125675845505,5
2,ana_hemo,35,13.299999999999999,2.2599620730066627,5
2,ana_plaq,29,240.06896551724137,92.57985594348294,5
2,ana_leuc,77,8.389610389610391,3.1084958744464335,5
2,ana_neu,11897,6.658863831217954,3.294062572942873,5
2,protcrea,13713,41.55551082914023,71.62252090823384,5
2,splanchnic,8871,0.01544358020516289,0.12330886438374813,5
3,raza,8524,2.917761614265603,0.6130283173931514,5
3,ant_inf,3468,0.04238754325259515,0.20147168393996345,5
3,ant_isq,3469,0.03199769385990199,0.17599386764188685,5
3,ant_clau,3481,0.01982189026141913,0.13938788658948592,5
3,fum_act,3587,0.2051853916922219,0.4038370299122301,5
3,diabetes,3459,0.09627059843885516,0.29496198113499283,5
3,hip_art,3359,0.33224173861268236,0.4710171607662553,5
3,insf_car,103,0.05825242718446602,0.23422015692844303,5
3,fibr_aur,7383,0.02302587024244887,0.14998559778200962,5
3,trat_est,3519,0.18556408070474567,0.38875448892192654,5
3,var171,620,0.041935483870967745,0.20044175977943207,5
3,tv_l_esu,7911,0.01807609657439009,0.13322669142113905,5
3,tvp_orig,13294,0.1903114186851211,0.3925467903361045,5
3,tv_l_ein,3568,0.8150224215246636,0.3882793761413773,5
3,tvp_prox,5391,0.8419588202559822,0.3647796118879684,5
3,tv_l_svc,8947,0.006594389180730971,0.08093765015160763,5
3,tv_l_vre,9439,0.007945756965780273,0.08878413096956587,5
3,tv_l_vrn,9401,0.004361238166152537,0.06589550643109614,5
3,tv_l_vca,11718,0.03959720088752347,0.19501092935883507,5
3,tv_l_yug,11767,0.017421602787456445,0.13083612094438038,5
3,tv_l_ova,11769,0.0051831081655195855,0.07180698820633065,5
3,tv_l_sup,11766,0.006289308176100629,0.07905537792438071,5
3,tv_l_pul,11772,0.0032279986408426777,0.05672370461824048,5
3,tv_l_ove,9423,0.027485938660723762,0.16349453151913887,5
3,fr_antfa,10080,0.139484126984127,0.346451014291491,5
3,fr_tvs_a,7860,0.050381679389312976,0.2187312638175564,5
3,fr_viaje,247,0.048582995951417005,0.2149946242486114,5
3,fr_estro,182,0.09340659340659341,0.29100137751352434,5
3,fr_varic,514,0.17509727626459143,0.3800502862902655,5
3,fr_antec,59,0.03389830508474576,0.1809674280005307,5
3,ana_dime,899,1.592880978865406,0.5630388293182498,5
3,ana_crea,447,0.9217002237136466,0.26864273919065906,5
3,ana_trop,9388,0.8832552194290584,0.3211159242086638,5
3,peso,11,78.0909090909091,12.673914122067963,5
3,tension_,646,130.2941176470588,20.563957379524552,5
3,ana_hemo,35,14.062857142857142,1.7084806473732674,5
3,ana_plaq,29,218.44827586206895,90.82707564069835,5
3,ana_leuc,77,8.226376623376623,2.907240602889602,5
3,ana_neu,11897,6.65540337900311,3.3105126086908245,5
3,protcrea,13713,4.784679501203238,15.452460462362433,5
3,splanchnic,8871,0.011949047458009244,0.10865665061493238,5
4,raza,8524,2.904035664007508,0.6195149906926255,5
4,ant_inf,3468,0.04065743944636678,0.19749534694273635,5
4,ant_isq,3469,0.03488036898241568,0.1834767801169026,5
4,ant_clau,3481,0.02700373455903476,0.16209420988702822,5
4,fum_act,3587,0.2001672706997491,0.4001253983945064,5
4,diabetes,3459,0.10378722174038739,0.3049843181932459,5
4,hip_art,3359,0.3444477523072343,0.4751878557346857,5
4,insf_car,103,0.038834951456310676,0.1932014440983728,5
4,fibr_aur,7383,0.028443722064201545,0.16623680921906556,5
4,trat_est,3519,0.1918158567774936,0.3937290106992494,5
4,var171,620,0.02258064516129032,0.14856230889896072,5
4,tv_l_esu,7911,0.015295158639868538,0.12272414905816131,5
4,tvp_orig,13294,0.12148337595907928,0.3266881775097842,5
4,tv_l_ein,3568,0.8021300448430493,0.3983935692291444,5
4,tvp_prox,5391,0.8434427749953627,0.36338280133143985,5
4,tv_l_svc,8947,0.007712082262210797,0.08747917494690774,5
4,tv_l_vre,9439,0.008475474096832292,0.09167137195256879,5
4,tv_l_vrn,9401,0.004680353153919796,0.06825282007561585,5
4,tv_l_vca,11718,0.030892643795869604,0.1730268428746566,5
4,tv_l_yug,11767,0.02116087362964222,0.14392043307630967,5
4,tv_l_ova,11769,0.005522984110799558,0.0741112728086046,5
4,tv_l_sup,11766,0.007054224035356111,0.08369266370844648,5
4,tv_l_pul,11772,0.0025484199796126403,0.05041751218793081,5
4,tv_l_ove,9423,0.03289822774063462,0.17837021711081688,5
4,fr_antfa,10080,0.1248015873015873,0.33049379889582126,5
4,fr_tvs_a,7860,0.04961832061068702,0.21715511246678512,5
4,fr_viaje,247,0.048582995951417005,0.2149946242486114,5
4,fr_estro,182,0.04945054945054945,0.21680680941702038,5
4,fr_varic,514,0.21206225680933852,0.40876870727376957,5
4,fr_antec,59,0.01694915254237288,0.1290809000993883,5
4,ana_dime,899,1.5639599555061179,0.5748456315089809,5
4,ana_crea,447,0.930648769574944,0.2540504620416714,5
4,ana_trop,9388,0.8818704729441841,0.3227614318554575,5
4,peso,11,80.45454545454545,17.551812319600483,5
4,tension_,646,129.70743034055727,21.31990248579157,5
4,ana_hemo,35,13.885714285714286,1.9907131324000966,5
4,ana_plaq,29,238.9655172413793,69.59314411270037,5
4,ana_leuc,77,8.00961038961039,2.98608567198122,5
4,ana_neu,11897,6.842359082121543,3.3279999644888805,5
4,protcrea,13713,14.398027419237222,30.902935734045542,5
4,splanchnic,8871,0.01713448314733401,0.12977246485525246,5
5,raza,8524,2.8889019239793523,0.6442349948056197,5
5,ant_inf,3468,0.037773933102652826,0.1906490573819056,5
5,ant_isq,3469,0.049293744594984146,0.21648064887834342,5
5,ant_clau,3481,0.02528009192760701,0.15697454850942796,5
5,fum_act,3587,0.20462782269305826,0.4034293951523074,5
5,diabetes,3459,0.11246024862677075,0.31593186149164454,5
5,hip_art,3359,0.34206609109854125,0.4744016024626242,5
5,insf_car,103,0.038834951456310676,0.1932014440983728,5
5,fibr_aur,7383,0.020994175809291617,0.14336464135685678,5
5,trat_est,3519,0.18215402102870135,0.3859714155890003,5
5,var171,620,0.03870967741935484,0.1929021469384007,5
5,tv_l_esu,7911,0.012387814435596006,0.11060902535103204,5
5,tvp_orig,13294,0.19136452534978185,0.39337532178243534,5
5,tv_l_ein,3568,0.8082959641255605,0.39364145933055766,5
5,tvp_prox,5391,0.8343535522166574,0.3717629649657198,5
5,tv_l_svc,8947,0.008159159494802727,0.08995881063654133,5
5,tv_l_vre,9439,0.009323021506515521,0.09610464492679098,5
5,tv_l_vrn,9401,0.004573981491330709,0.06747636760116593,5
5,tv_l_vca,11718,0.0314900153609831,0.17463789478102446,5
5,tv_l_yug,11767,0.019886122206169796,0.13960896944598897,5
5,tv_l_ova,11769,0.005607953097119552,0.07467599319178861,5
5,tv_l_sup,11766,0.002209756926738059,0.0469560848140344,5
5,tv_l_pul,11772,0.0028882093102276588,0.05366439748294927,5
5,tv_l_ove,9423,0.030988008065371962,0.17328517369213214,5
5,fr_antfa,10080,0.12797619047619047,0.334063295121437,5
5,fr_tvs_a,7860,0.0505089058524173,0.21899259412594058,5
5,fr_viaje,247,0.032388663967611336,0.17703004946619794,5
5,fr_estro,182,0.06593406593406594,0.24816680858541132,5
5,fr_varic,514,0.18482490272373542,0.38815545604422097,5
5,fr_antec,59,0.01694915254237288,0.1290809000993883,5
5,ana_dime,899,1.6373748609566185,0.5249971711051042,5
5,ana_crea,447,0.9261744966442953,0.2614867079030625,5
5,ana_trop,9388,0.8803792074989348,0.3245175781101577,5
5,peso,11,79.30909090909091,8.140298692917684,5
5,tension_,646,130.87616099071207,21.044552948243386,5
5,ana_hemo,35,13.48857142857143,1.659736885958809,5
5,ana_plaq,29,277.1034482758621,117.75554597894337,5
5,ana_leuc,77,7.872857142857142,3.379069593431626,5
5,ana_neu,11897,6.636071866857192,3.3295248521736265,5
5,protcrea,13713,7.590004375410196,10.703322439881806,5
5,splanchnic,8871,0.015105399616728667,0.12197223667354633,5
1,raza,8524,2.9282027217268887,0.6067487713436948,6
1,ant_inf,3468,0.030565167243367934,0.1721363929991357,6
1,ant_isq,3469,0.03488036898241568,0.1834767801169026,6
1,ant_clau,3481,0.01752370008618213,0.1312121184246016,6
1,fum_act,3587,0.20713688318929468,0.40525448154452176,6
1,diabetes,3459,0.09164498409945071,0.2885241428180009,6
1,hip_art,3359,0.3501041976778803,0.4770023568560307,6
1,insf_car,103,0.019417475728155338,0.13798709129662037,6
1,fibr_aur,7383,0.02424488690234322,0.1538085575039172,6
1,trat_est,3519,0.17703893151463485,0.38170164820549474,6
1,var171,620,0.04516129032258064,0.20765776696040109,6
1,tv_l_esu,7911,0.0366578182277841,0.1879202559346992,6
1,tvp_orig,13294,0.3078832556040319,0.4616179768192464,6
1,tv_l_ein,3568,0.8141816143497758,0.38896004062701445,6
1,tvp_prox,5391,0.8373214616954183,0.36907212232796244,6
1,tv_l_svc,8947,0.005029618866659215,0.07074123126377829,6
1,tv_l_vre,9439,0.011865663735565208,0.10828143774294699,6
1,tv_l_vrn,9401,0.0038293798532071056,0.061763384809666616,6
1,tv_l_vca,11718,0.033282130056323606,0.17937232193188996,6
1,tv_l_yug,11767,0.020226055919095775,0.14077273379832256,6
1,tv_l_ova,11769,0.011555782139519076,0.10687490836797496,6
1,tv_l_sup,11766,0.0056093829678735335,0.07468545903047838,6
1,tv_l_pul,11772,0.003312945973496432,0.05746277371023022,6
1,tv_l_ove,9423,0.029396158335986418,0.1689142510597375,6
1,fr_antfa,10080,0.1359126984126984,0.3426958371834669,6
1,fr_tvs_a,7860,0.04796437659033079,0.2136908869573799,6
1,fr_viaje,247,0.016194331983805668,0.12622232605765096,6
1,fr_estro,182,0.07142857142857142,0.25753937681885636,6
1,fr_varic,514,0.17509727626459143,0.38005028629026544,6
1,fr_antec,59,0.05084745762711865,0.21968612536975796,6
1,ana_dime,899,1.5828698553948832,0.5782257736851728,6
1,ana_crea,447,0.9217002237136466,0.26864273919065906,6
1,ana_trop,9388,0.8806987643800597,0.3241426395886475,6
1,peso,11,85.63636363636364,12.7155790435679,6
1,tension_,646,129.4953560371517,21.55385960524299,6
1,ana_hemo,35,13.448571428571428,1.5359262312217676,6
1,ana_plaq,29,249.31034482758622,114.96689282010139,6
1,ana_leuc,77,9.158441558441558,3.3594341147371694,6
1,ana_neu,11897,7.208280238715643,3.3235820506820217,6
1,protcrea,13713,29.5195437905637,46.42249007615965,6
1,splanchnic,8871,0.01758539059857964,0.13143874860966617,6
2,raza,8524,2.911074612857813,0.6250851238649179,6
2,ant_inf,3468,0.03460207612456748,0.18276972520753298,6
2,ant_isq,3469,0.030556356298645143,0.17211236268320584,6
2,ant_clau,3481,0.02470554438379776,0.15522622349493,6
2,fum_act,3587,0.1906885977139671,0.3928440611945762,6
2,diabetes,3459,0.1011853136744724,0.3015739477658358,6
2,hip_art,3359,0.3408752604941947,0.4740034992246467,6
2,insf_car,103,0.009708737864077669,0.09805344600351532,6
2,fibr_aur,7383,0.02031694433157253,0.14108212539014398,6
2,trat_est,3519,0.17675475987496447,0.3814610264974761,6
2,var171,620,0.03387096774193549,0.1808970018716735,6
2,tv_l_esu,7911,0.02578687902919985,0.15849894605054402,6
2,tvp_orig,13294,0.24394463667820068,0.42945971978072794,6
2,tv_l_ein,3568,0.8228699551569507,0.38177872132551943,6
2,tvp_prox,5391,0.8380634390651085,0.3683926046590399,6
2,tv_l_svc,8947,0.0045825416340672855,0.06753918822609084,6
2,tv_l_vre,9439,0.0086873609492531,0.09280027321614139,6
2,tv_l_vrn,9401,0.004467609828741623,0.06669070618279396,6
2,tv_l_vca,11718,0.03473288957159925,0.18310247391448958,6
2,tv_l_yug,11767,0.02116087362964222,0.14392043307630967,6
2,tv_l_ova,11769,0.008836774577279292,0.09358785173487874,6
2,tv_l_sup,11766,0.009093999660037396,0.09492786119059375,6
2,tv_l_pul,11772,0.0029731566428814137,0.054445541437828524,6
2,tv_l_ove,9423,0.03374721426297358,0.18057779429504212,6
2,fr_antfa,10080,0.1375,0.3443744328488978,6
2,fr_tvs_a,7860,0.039440203562340966,0.19463985692889846,6
2,fr_viaje,247,0.032388663967611336,0.17703004946619796,6
2,fr_estro,182,0.04395604395604396,0.20499734182612783,6
2,fr_varic,514,0.20817120622568094,0.40599994473426465,6
2,fr_antec,59,0.1016949152542373,0.30224668644283065,6
2,ana_dime,899,1.6017797552836486,0.5674104011058871,6
2,ana_crea,447,0.930648769574944,0.2540504620416714,6
2,ana_trop,9388,0.891883255219429,0.31052779952626436,6
2,peso,11,84.9090909090909,14.209181061774144,6
2,tension_,646,128.89009287925697,21.438991004370777,6
2,ana_hemo,35,13.85714285714286,1.820876667085032,6
2,ana_plaq,29,240.79310344827587,80.66165149191461,6
2,ana_leuc,77,8.629610389610392,3.0948908217985807,6
2,ana_neu,11897,6.493229721778599,3.311258586348678,6
2,protcrea,13713,16.155302267920952,31.885476286918085,6
2,splanchnic,8871,0.012512681772066284,0.11115806118737985,6
3,raza,8524,2.9091975598310653,0.6202925876832083,6
3,ant_inf,3468,0.040369088811995385,0.19682333571120225,6
3,ant_isq,3469,0.04295185932545402,0.20274860568186515,6
3,ant_clau,3481,0.021545532892846882,0.14519408701875616,6
3,fum_act,3587,0.2012824086980764,0.40095860216084267,6
3,diabetes,3459,0.10725643249494074,0.30943899266802,6
3,hip_art,3359,0.3283715391485561,0.46962077405686004,6
3,insf_car,103,0.009708737864077669,0.09805344600351532,6
3,fibr_aur,7383,0.028985507246376812,0.1677657522143511,6
3,trat_est,3519,0.17107132708155726,0.376571278952753,6
3,var171,620,0.04032258064516129,0.19671469222016885,6
3,tv_l_esu,7911,0.01870812792314499,0.13549219118737515,6
3,tvp_orig,13294,0.2903565518278923,0.4539268934955372,6
3,tv_l_ein,3568,0.7993273542600897,0.40050360172120153,6
3,tvp_prox,5391,0.8438137636802078,0.36303181114614497,6
3,tv_l_svc,8947,0.00480608025036325,0.06915910527898925,6
3,tv_l_vre,9439,0.010064625489988346,0.09981647561266938,6
3,tv_l_vrn,9401,0.00627592809275609,0.07897177229447648,6
3,tv_l_vca,11718,0.03515958354668032,0.1841830264478905,6
3,tv_l_yug,11767,0.01699668564629897,0.12925864893050623,6
3,tv_l_ova,11769,0.009091681536239272,0.09491587255608451,6
3,tv_l_sup,11766,0.007649158592554819,0.0871243305017649,6
3,tv_l_pul,11772,0.004841997961264016,0.06941579803623331,6
3,tv_l_ove,9423,0.027485938660723762,0.16349453151913884,6
3,fr_antfa,10080,0.1380952380952381,0.34499991784152295,6
3,fr_tvs_a,7860,0.04440203562340967,0.20598663756638952,6
3,fr_viaje,247,0.020242914979757085,0.1408301791977821,6
3,fr_estro,182,0.08241758241758242,0.2749998627745538,6
3,fr_varic,514,0.16926070038910507,0.3749820204928426,6
3,fr_antec,59,0.03389830508474576,0.1809674280005307,6
3,ana_dime,899,1.5728587319243603,0.5659780956339525,6
3,ana_crea,447,0.9351230425055929,0.24630862323653235,6
3,ana_trop,9388,0.8825095867064338,0.32200375165155026,6
3,peso,11,82.63636363636364,13.60663425935189,6
3,tension_,646,130.21362229102166,21.664859340015596,6
3,ana_hemo,35,13.885714285714286,1.6953959263071194,6
3,ana_plaq,29,234.27586206896552,59.39807064771237,6
3,ana_leuc,77,8.773636363636363,3.5275107698496058,6
3,ana_neu,11897,6.477567706144406,3.249393380642448,6
3,protcrea,13713,8.642985925763874,18.47502087774302,6
3,splanchnic,8871,0.013639950400180362,0.11599095720469325,6
4,raza,8524,2.8840919755983108,0.6503692478878508,6
4,ant_inf,3468,0.04238754325259515,0.20147168393996343,6
4,ant_isq,3469,0.03805131161718074,0.19132017484152827,6
4,ant_clau,3481,0.02700373455903476,0.16209420988702822,6
4,fum_act,3587,0.20100362419849457,0.40075075453149794,6
4,diabetes,3459,0.09916160740098294,0.29887887683581166,6
4,hip_art,3359,0.3441500446561477,0.4750902981742726,6
4,insf_car,103,0.019417475728155338,0.13798709129662037,6
4,fibr_aur,7383,0.024651225788974673,0.1550598041275548,6
4,trat_est,3519,0.18840579710144928,0.39103587139803025,6
4,var171,620,0.04032258064516129,0.19671469222016885,6
4,tv_l_esu,7911,0.014031095942358742,0.11761897928912267,6
4,tvp_orig,13294,0.30141417180683017,0.45887217047978934,6
4,tv_l_ein,3568,0.811939461883408,0.3907605048106702,6
4,tvp_prox,5391,0.826191801150065,0.37894446672629556,6
4,tv_l_svc,8947,0.006147311948139041,0.07816343457110435,6
4,tv_l_vre,9439,0.0086873609492531,0.09280027321614137,6
4,tv_l_vrn,9401,0.0018083182640144665,0.04248585940134079,6
4,tv_l_vca,11718,0.032172725721112815,0.17645861112676497,6
4,tv_l_yug,11767,0.015976884507521032,0.12538589900365338,6
4,tv_l_ova,11769,0.010621123289999151,0.10251007282241965,6
4,tv_l_sup,11766,0.01087880333163352,0.10373261285490287,6
4,tv_l_pul,11772,0.0032279986408426777,0.05672370461824048,6
4,tv_l_ove,9423,0.030669638119494854,0.17242102950949484,6
4,fr_antfa,10080,0.13998015873015873,0.3469664449079165,6
4,fr_tvs_a,7860,0.051017811704834604,0.2200340759829819,6
4,fr_viaje,247,0.044534412955465584,0.20627917737420237,6
4,fr_estro,182,0.06043956043956044,0.23829943343078508,6
4,fr_varic,514,0.21206225680933852,0.40876870727376957,6
4,fr_antec,59,0.03389830508474576,0.1809674280005307,6
4,ana_dime,899,1.5806451612903225,0.5609693122679688,6
4,ana_crea,447,0.930648769574944,0.2540504620416715,6
4,ana_trop,9388,0.884107371112058,0.32009612221547423,6
4,peso,11,80.27272727272727,14.045969393329429,6
4,tension_,646,131.06501547987617,21.03532593220423,6
4,ana_hemo,35,13.794285714285715,2.0577300749185956,6
4,ana_plaq,29,288.3103448275862,158.06853673890208,6
4,ana_leuc,77,8.68,3.647477691020674,6
4,ana_neu,11897,6.722213919475498,3.2700709679162085,6
4,protcrea,13713,13.332470210748923,27.1274923413037,6
4,splanchnic,8871,0.014992672753917259,0.12152321801866177,6
5,raza,8524,2.9115438761145,0.6275865373565835,6
5,ant_inf,3468,0.04123414071510957,0.19883130124453777,6
5,ant_isq,3469,0.03257422888440473,0.17751943132229536,6
5,ant_clau,3481,0.023843723068083883,0.15256211829394742,6
5,fum_act,3587,0.19459158070811264,0.39588596517890184,6
5,diabetes,3459,0.09945070829719573,0.2992662107829446,6
5,hip_art,3359,0.3355165227746353,0.4721707167115014,6
5,insf_car,103,0.0,0.0,6
5,fibr_aur,7383,0.028985507246376812,0.1677657522143511,6
5,trat_est,3519,0.18272236430804206,0.38643874273902873,6
5,var171,620,0.02258064516129032,0.14856230889896072,6
5,tv_l_esu,7911,0.016306408797876374,0.1266511343415167,6
5,tvp_orig,13294,0.31442756130585225,0.4642874863671288,6
5,tv_l_ein,3568,0.8057735426008968,0.3956040200064927,6
5,tvp_prox,5391,0.839918382489334,0.36668173290448325,6
5,tv_l_svc,8947,0.005141388174807198,0.07151890870562237,6
5,tv_l_vre,9439,0.006144718720203411,0.07814704826193368,6
5,tv_l_vrn,9401,0.005637698117221572,0.07487265506952888,6
5,tv_l_vca,11718,0.0350742447516641,0.18396750285516314,6
5,tv_l_yug,11767,0.01852638735446588,0.1348449492048485,6
5,tv_l_ova,11769,0.011555782139519076,0.10687490836797496,6
5,tv_l_sup,11766,0.008754037055923848,0.0931525839209378,6
5,tv_l_pul,11772,0.003992524634726469,0.06306016477751682,6
5,tv_l_ove,9423,0.03194311790300329,0.175848671082946,6
5,fr_antfa,10080,0.13125,0.3376735664810025,6
5,fr_tvs_a,7860,0.04465648854961832,0.20654850902399693,6
5,fr_viaje,247,0.048582995951417005,0.2149946242486114,6
5,fr_estro,182,0.07142857142857142,0.2575393768188563,6
5,fr_varic,514,0.16342412451361868,0.3697521873371082,6
5,fr_antec,59,0.01694915254237288,0.12908090009938827,6
5,ana_dime,899,1.5995550611790879,0.5658425377769071,6
5,ana_crea,447,0.9373601789709173,0.24231399846176296,6
5,ana_trop,9388,0.8791009799744355,0.32600988785989715,6
5,peso,11,83.23636363636363,17.86653920434777,6
5,tension_,646,129.73529411764707,22.498700867004935,6
5,ana_hemo,35,13.365714285714287,2.231071857348629,6
5,ana_plaq,29,229.10344827586206,88.23610365439644,6
5,ana_leuc,77,8.804155844155842,3.977538020306698,6
5,ana_neu,11897,6.731800706060352,3.347113309249786,6
5,protcrea,13713,10.802229271494202,22.801926516930113,6
5,splanchnic,8871,0.0127381354976891,0.11214221061550199,6
1,raza,8524,2.9304317221961522,0.5745406027286094,7
1,ant_inf,3468,0.02422145328719723,0.15373605461261636,7
1,ant_isq,3469,0.03574517151916979,0.18565412527664155,7
1,ant_clau,3481,0.020970985349037633,0.14328713523037606,7
1,fum_act,3587,0.20769445218845833,0.4056568336890118,7
1,diabetes,3459,0.09684880023128072,0.2957517711274815,7
1,hip_art,3359,0.3352188151235487,0.4720669032146955,7
1,insf_car,103,0.02912621359223301,0.1681602725795026,7
1,fibr_aur,7383,0.023973994311255586,0.152968107486559,7
1,trat_est,3519,0.16084114805342428,0.3673843670412239,7
1,var171,620,0.035483870967741936,0.18499936721212476,7
1,tv_l_esu,7911,0.03766906838579193,0.19039461566110122,7
1,tvp_orig,13294,0.26681209568226266,0.44229334302010676,7
1,tv_l_ein,3568,0.8217488789237668,0.38272399834776394,7
1,tvp_prox,5391,0.842886291968095,0.3639079427277871,7
1,tv_l_svc,8947,0.006259081256287023,0.07886637533267409,7
1,tv_l_vre,9439,0.007416039834728255,0.08579651617576309,7
1,tv_l_vrn,9401,0.0029784065524944155,0.054493445907764684,7
1,tv_l_vca,11718,0.03259941969619389,0.17758574698343702,7
1,tv_l_yug,11767,0.016146851363984024,0.12604019420412454,7
1,tv_l_ova,11769,0.007477270796159402,0.08614732275352671,7
1,tv_l_sup,11766,0.005184429712731599,0.07181609430542253,7
1,tv_l_pul,11772,0.005861365953109072,0.07633485666635399,7
1,tv_l_ove,9423,0.037461530298206515,0.18988987346860564,7
1,fr_antfa,10080,0.1449404761904762,0.3520408137590785,7
1,fr_tvs_a,7860,0.040330788804071246,0.19673387171128578,7
1,fr_viaje,247,0.02834008097165992,0.1659425225256615,7
1,fr_estro,182,0.054945054945054944,0.2278729819047003,7
1,fr_varic,514,0.17509727626459143,0.3800502862902655,7
1,fr_antec,59,0.03389830508474576,0.1809674280005307,7
1,ana_dime,899,1.5906562847608454,0.5712440931919246,7
1,ana_crea,447,0.9060402684563759,0.29177268616488805,7
1,ana_trop,9388,0.8753728163613124,0.33029569893805233,7
1,peso,11,86.45454545454545,17.14305391465188,7
1,tension_,646,129.30340557275542,21.982913872686733,7
1,ana_hemo,35,13.728571428571428,1.5509575712298203,7
1,ana_plaq,29,273.2413793103448,118.6038480425964,7
1,ana_leuc,77,9.048961038961039,3.574388181019503,7
1,ana_neu,11897,6.389399680591747,3.2853826370878894,7
1,protcrea,13713,11.768842558156495,23.350308768053004,7
1,splanchnic,8871,0.010032690790215308,0.09965960016838939,7
2,raza,8524,2.927029563585171,0.6290157138327087,7
2,ant_inf,3468,0.037773933102652826,0.1906490573819056,7
2,ant_isq,3469,0.03574517151916979,0.18565412527664155,7
2,ant_clau,3481,0.02528009192760701,0.15697454850942796,7
2,fum_act,3587,0.2049066071926401,0.40363336026825286,7
2,diabetes,3459,0.11101474414570685,0.314150395078488,7
2,hip_art,3359,0.3408752604941947,0.4740034992246467,7
2,insf_car,103,0.02912621359223301,0.16816027257950264,7
2,fibr_aur,7383,0.022213192469185968,0.14737627539571238,7
2,trat_est,3519,0.17163967036089797,0.3770669621158823,7
2,var171,620,0.020967741935483872,0.14327629159637972,7
2,tv_l_esu,7911,0.024396410061939072,0.15427645717357136,7
2,tvp_orig,13294,0.21904618624943584,0.41359999339822684,7
2,tv_l_ein,3568,0.8125,0.3903123748998999,7
2,tvp_prox,5391,0.8501205713225747,0.3569531979640383,7
2,tv_l_svc,8947,0.007376774337766849,0.08557077502358217,7
2,tv_l_vre,9439,0.007945756965780273,0.08878413096956587,7
2,tv_l_vrn,9401,0.0052122114668652275,0.07200725184653214,7
2,tv_l_vca,11718,0.03430619559651818,0.18201450640048342,7
2,tv_l_yug,11767,0.01903628792385485,0.13665250698737638,7
2,tv_l_ova,11769,0.005353046138159572,0.07296842491929167,7
2,tv_l_sup,11766,0.00679925208227095,0.08217677441584505,7
2,tv_l_pul,11772,0.0031430513081889227,0.05597474909870535,7
2,tv_l_ove,9423,0.03735540698291415,0.18963116977979907,7
2,fr_antfa,10080,0.1351190476190476,0.3418506846410713,7
2,fr_tvs_a,7860,0.04961832061068702,0.21715511246678512,7
2,fr_viaje,247,0.044534412955465584,0.20627917737420237,7
2,fr_estro,182,0.06043956043956044,0.23829943343078505,7
2,fr_varic,514,0.17898832684824903,0.3833425435564299,7
2,fr_antec,59,0.03389830508474576,0.18096742800053067,7
2,ana_dime,899,1.5761957730812013,0.5752888615664503,7
2,ana_crea,447,0.912751677852349,0.2821986045856193,7
2,ana_trop,9388,0.8828291435875586,0.3216237659440242,7
2,peso,11,89.9090909090909,23.453840722323054,7
2,tension_,646,130.14241486068113,20.600162982643656,7
2,ana_hemo,35,14.025714285714285,1.2412764989875447,7
2,ana_plaq,29,247.9655172413793,106.0609723009464,7
2,ana_leuc,77,9.107662337662337,3.5769271060992818,7
2,ana_neu,11897,6.632206942926787,3.296364648744995,7
2,protcrea,13713,16.439261868300154,32.128131903453024,7
2,splanchnic,8871,0.00822906098523278,0.09034015464085779,7
3,raza,8524,2.9174096668230876,0.6467853951846391,7
3,ant_inf,3468,0.036620530565167245,0.18782829208160548,7
3,ant_isq,3469,0.04324012683770539,0.2033971933650131,7
3,ant_clau,3481,0.022694627980465384,0.14892810964117442,7
3,fum_act,3587,0.19096738221354892,0.393063406009836,7
3,diabetes,3459,0.09800520381613183,0.297321684108459,7
3,hip_art,3359,0.338195891634415,0.47309558285405495,7
3,insf_car,103,0.009708737864077669,0.09805344600351532,7
3,fibr_aur,7383,0.025328457266693756,0.15712073866674325,7
3,trat_est,3519,0.19437340153452684,0.3957175537051957,7
3,var171,620,0.03225806451612903,0.17668469596940845,7
3,tv_l_esu,7911,0.02136265958791556,0.1445900977357938,7
3,tvp_orig,13294,0.2234090567173161,0.41653025111508424,7
3,tv_l_ein,3568,0.8172645739910314,0.3864494664122198,7
3,tvp_prox,5391,0.8438137636802078,0.36303181114614497,7
3,tv_l_svc,8947,0.006706158488878954,0.0816160886541434,7
3,tv_l_vre,9439,0.007733870113359466,0.08760169728052736,7
3,tv_l_vrn,9401,0.00712690139346878,0.08411960930720346,7
3,tv_l_vca,11718,0.03789042498719918,0.19093124595384756,7
3,tv_l_yug,11767,0.01869635421092887,0.13545036194173993,7
3,tv_l_ova,11769,0.007137394850879429,0.08418106940174892,7
3,tv_l_sup,11766,0.010283868774434813,0.10088662358045795,7
3,tv_l_pul,11772,0.0033978933061501867,0.058192333062270396,7
3,tv_l_ove,9423,0.030457391488910114,0.1718421915380544,7
3,fr_antfa,10080,0.13174603174603175,0.33821445099996145,7
3,fr_tvs_a,7860,0.05216284987277354,0.2223553169274889,7
3,fr_viaje,247,0.048582995951417005,0.2149946242486114,7
3,fr_estro,182,0.054945054945054944,0.22787298190470023,7
3,fr_varic,514,0.19455252918287938,0.39585583559096893,7
3,fr_antec,59,0.05084745762711865,0.21968612536975796,7
3,ana_dime,899,1.5672969966629589,0.5646999377462745,7
3,ana_crea,447,0.9284116331096197,0.25780510587718897,7
3,ana_trop,9388,0.8710055389859395,0.33519380967099094,7
3,peso,11,78.88181818181819,13.080646229644923,7
3,tension_,646,129.2941176470588,20.92808405564229,7
3,ana_hemo,35,13.231428571428571,1.7134378855841559,7
3,ana_plaq,29,259.3448275862069,136.8256569663768,7
3,ana_leuc,77,9.1012987012987,3.7968203890389245,7
3,ana_neu,11897,6.237710767420358,3.2166406244083525,7
3,protcrea,13713,13.118448917085978,26.206286753147722,7
3,splanchnic,8871,0.008341787848044189,0.09095164882256072,7
4,raza,8524,2.9080244016893477,0.6126971791067465,7
4,ant_inf,3468,0.03835063437139562,0.19204130601177222,7
4,ant_isq,3469,0.04669933698472182,0.21099409686033682,7
4,ant_clau,3481,0.030163746049985635,0.17103769898539217,7
4,fum_act,3587,0.194034011708949,0.39545519848534094,7
4,diabetes,3459,0.10581092801387684,0.3075954738397804,7
4,hip_art,3359,0.3417683834474546,0.47430238827478854,7
4,insf_car,103,0.04854368932038835,0.21491207399202578,7
4,fibr_aur,7383,0.0216714072870107,0.14560823257361238,7
4,trat_est,3519,0.17817561807331628,0.3826605116777899,7
4,var171,620,0.041935483870967745,0.20044175977943207,7
4,tv_l_esu,7911,0.01870812792314499,0.13549219118737515,7
4,tvp_orig,13294,0.21603731006469085,0.41154002323553346,7
4,tv_l_ein,3568,0.8253923766816144,0.37963113834021894,7
4,tvp_prox,5391,0.8495640882953069,0.3574981792600779,7
4,tv_l_svc,8947,0.007823851570358779,0.08810583928982103,7
4,tv_l_vre,9439,0.007204152982307448,0.08457099480386263,7
4,tv_l_vrn,9401,0.006063184767577917,0.0776300364424243,7
4,tv_l_vca,11718,0.03643966547192354,0.18738147254255916,7
4,tv_l_yug,11767,0.020141072490864283,0.14048277364069242,7
4,tv_l_ova,11769,0.0087518055909593,0.09314081538110644,7
4,tv_l_sup,11766,0.003399626041135475,0.058207117983249346,7
4,tv_l_pul,11772,0.0034828406388039417,0.05891273597354512,7
4,tv_l_ove,9423,0.03257985779475751,0.1775342520778199,7
4,fr_antfa,10080,0.1320436507936508,0.3385382180474388,7
4,fr_tvs_a,7860,0.051399491094147584,0.2208111940310324,7
4,fr_viaje,247,0.024291497975708502,0.15395265863831206,7
4,fr_estro,182,0.07692307692307693,0.26646935501059654,7
4,fr_varic,514,0.20233463035019456,0.4017403735140951,7
4,fr_antec,59,0.05084745762711865,0.21968612536975796,7
4,ana_dime,899,1.5873192436040044,0.5698149099182712,7
4,ana_crea,447,0.9239373601789709,0.2650983112818441,7
4,ana_trop,9388,0.8865573072006817,0.3171331711596215,7
4,peso,11,86.60909090909091,13.76229728084236,7
4,tension_,646,128.41331269349845,19.97741160598585,7
4,ana_hemo,35,13.82857142857143,1.9695643359558956,7
4,ana_plaq,29,230.72413793103448,79.54174638113174,7
4,ana_leuc,77,9.1025974025974,4.300008276221996,7
4,ana_neu,11897,6.340081280995209,3.3032128217313326,7
4,protcrea,13713,18.259345292787867,34.07790428829832,7
4,splanchnic,8871,0.008341787848044189,0.09095164882256072,7
5,raza,8524,2.9032144533083057,0.6564440635257272,7
5,ant_inf,3468,0.042964244521337944,0.2027765228374543,7
5,ant_isq,3469,0.03920438166618622,0.1940809061302997,7
5,ant_clau,3481,0.02585463947141626,0.1587015346151994,7
5,fum_act,3587,0.20713688318929468,0.40525448154452176,7
5,diabetes,3459,0.11014744145706852,0.31307344601152326,7
5,hip_art,3359,0.32420363203334324,0.46807652900966074,7
5,insf_car,103,0.02912621359223301,0.16816027257950264,7
5,fibr_aur,7383,0.02424488690234322,0.1538085575039172,7
5,trat_est,3519,0.18272236430804206,0.3864387427390287,7
5,var171,620,0.027419354838709678,0.16330197126470522,7
5,tv_l_esu,7911,0.015800783718872457,0.12470412564443033,7
5,tvp_orig,13294,0.22250639386189258,0.41592943939142957,7
5,tv_l_ein,3568,0.8096973094170403,0.3925399043917012,7
5,tvp_prox,5391,0.8452977184195882,0.3616206377603839,7
5,tv_l_svc,8947,0.0069296971051749185,0.08295587021546728,7
5,tv_l_vre,9439,0.010276512342409153,0.1008509079606399,7
5,tv_l_vrn,9401,0.006807786405701521,0.08222797851069835,7
5,tv_l_vca,11718,0.03652500426693975,0.18759245275394154,7
5,tv_l_yug,11767,0.017676553072150932,0.13177288242896698,7
5,tv_l_ova,11769,0.010536154303679157,0.10210359325786836,7
5,tv_l_sup,11766,0.008669046404895462,0.09270325797578653,7
5,tv_l_pul,11772,0.0033978933061501867,0.058192333062270396,7
5,tv_l_ove,9423,0.028122678552477978,0.16532329994139353,7
5,fr_antfa,10080,0.12688492063492063,0.33284401384190543,7
5,fr_tvs_a,7860,0.05203562340966921,0.22209889082576775,7
5,fr_viaje,247,0.048582995951417005,0.21499462424861143,7
5,fr_estro,182,0.08791208791208792,0.28316700498296976,7
5,fr_varic,514,0.20038910505836577,0.40029153330075945,7
5,fr_antec,59,0.03389830508474576,0.1809674280005307,7
5,ana_dime,899,1.5583982202447164,0.6055766916902625,7
5,ana_crea,447,0.9261744966442953,0.2614867079030625,7
5,ana_trop,9388,0.8771836386876865,0.3282262980114738,7
5,peso,11,85.0909090909091,11.904579298087892,7
5,tension_,646,129.89938080495355,22.506636783557866,7
5,ana_hemo,35,13.342857142857143,1.7414748616840703,7
5,ana_plaq,29,251.31034482758622,134.04222274787688,7
5,ana_leuc,77,8.701441558441559,4.410691822206657,7
5,ana_neu,11897,6.659688072623351,3.259416512708204,7
5,protcrea,13713,17.062990155327064,32.242643681358054,7
5,splanchnic,8871,0.008116334122421373,0.08972435144839214,7
1,raza,8524,2.921515720319099,0.6054358425684928,8
1,ant_inf,3468,0.029123414071510957,0.16815243329886806,8
1,ant_isq,3469,0.03257422888440473,0.17751943132229533,8
1,ant_clau,3481,0.020396437805228384,0.1413521246040746,8
1,fum_act,3587,0.20072483969891275,0.4005426050082045,8
1,diabetes,3459,0.09829430471234461,0.29771216698929415,8
1,hip_art,3359,0.32986007740398926,0.47016210687275034,8
1,insf_car,103,0.019417475728155338,0.13798709129662035,8
1,fibr_aur,7383,0.021400514695923068,0.1447153504873365,8
1,trat_est,3519,0.1875532821824382,0.3903550288199614,8
1,var171,620,0.03064516129032258,0.17235438891949548,8
1,tv_l_esu,7911,0.04057641259006447,0.1973067848082912,8
1,tvp_orig,13294,0.2125771024522341,0.4091308812168136,8
1,tv_l_ein,3568,0.8195067264573991,0.3845977791777752,8
1,tvp_prox,5391,0.8491930996104619,0.3578605582967171,8
1,tv_l_svc,8947,0.0057002347155471105,0.07528440768004209,8
1,tv_l_vre,9439,0.009958682063777943,0.09929504879565007,8
1,tv_l_vrn,9401,0.005744069779810659,0.07557165766459888,8
1,tv_l_vca,11718,0.035756955111793824,0.1856835891319612,8
1,tv_l_yug,11767,0.011047845670094331,0.10452650752868438,8
1,tv_l_ova,11769,0.006457642960319483,0.08009957432918428,8
1,tv_l_sup,11766,0.0053544110147883735,0.07297767670646337,8
1,tv_l_pul,11772,0.0011043153244988107,0.033212886236563176,8
1,tv_l_ove,9423,0.02451448583253741,0.1546399877680535,8
1,fr_antfa,10080,0.1361111111111111,0.3429065128328855,8
1,fr_tvs_a,7860,0.046564885496183206,0.21070499978621895,8
1,fr_viaje,247,0.020242914979757085,0.1408301791977821,8
1,fr_estro,182,0.06043956043956044,0.23829943343078502,8
1,fr_varic,514,0.19066147859922178,0.39282270705444244,8
1,fr_antec,59,0.03389830508474576,0.1809674280005307,8
1,ana_dime,899,1.5839822024471635,0.5683625404935709,8
1,ana_crea,447,0.9351230425055929,0.24630862323653238,8
1,ana_trop,9388,0.8822965487856839,0.32225665049236024,8
1,peso,11,87.9090909090909,14.443964108704844,8
1,tension_,646,129.02941176470588,20.415060047517922,8
1,ana_hemo,35,13.634285714285713,1.8680689582167627,8
1,ana_plaq,29,218.68965517241378,77.83851694740046,8
1,ana_leuc,77,9.11233766233766,3.258888303838172,8
1,ana_neu,11897,6.352856770614441,3.2280741512902424,8
1,protcrea,13713,12.461685991395026,25.568353133658555,8
1,splanchnic,8871,0.014090857851425994,0.11786562508397816,8
2,raza,8524,2.9264429845143125,0.6347958054403803,8
2,ant_inf,3468,0.03546712802768166,0.1849573217181458,8
2,ant_isq,3469,0.03459210147016431,0.18274432408707572,8
2,ant_clau,3481,0.024130996839988508,0.15345583022973408,8
2,fum_act,3587,0.1906885977139671,0.3928440611945762,8
2,diabetes,3459,0.1011853136744724,0.3015739477658358,8
2,hip_art,3359,0.3453408752604942,0.4754792899115691,8
2,insf_car,103,0.009708737864077669,0.09805344600351532,8
2,fibr_aur,7383,0.022484085060273603,0.14825164747575653,8
2,trat_est,3519,0.17988064791133845,0.38408801129211984,8
2,var171,620,0.035483870967741936,0.18499936721212476,8
2,tv_l_esu,7911,0.026671722917456706,0.16112213415316695,8
2,tvp_orig,13294,0.24702873476756432,0.431283594594903,8
2,tv_l_ein,3568,0.8085762331838565,0.39342179440654046,8
2,tvp_prox,5391,0.8354665182711928,0.37075897173096634,8
2,tv_l_svc,8947,0.005588465407399128,0.0745468608446354,8
2,tv_l_vre,9439,0.008581417523042695,0.09223761053029242,8
2,tv_l_vrn,9401,0.004148494840974365,0.06427507161823137,8
2,tv_l_vca,11718,0.02756443079023724,0.1637212049352418,8
2,tv_l_yug,11767,0.016146851363984024,0.12604019420412454,8
2,tv_l_ova,11769,0.006712549919279463,0.08165470955713847,8
2,tv_l_sup,11766,0.0045045045045045045,0.06696427363656986,8
2,tv_l_pul,11772,0.0019537886510363573,0.04415848005698836,8
2,tv_l_ove,9423,0.030775761434787222,0.17270962319134475,8
2,fr_antfa,10080,0.12678571428571428,0.33273277106226784,8
2,fr_tvs_a,7860,0.049872773536895676,0.21768206172450955,8
2,fr_viaje,247,0.024291497975708502,0.15395265863831212,8
2,fr_estro,182,0.054945054945054944,0.22787298190470023,8
2,fr_varic,514,0.19455252918287938,0.395855835590969,8
2,fr_antec,59,0.03389830508474576,0.1809674280005307,8
2,ana_dime,899,1.5795328142380423,0.5670439357924559,8
2,ana_crea,447,0.9239373601789709,0.2650983112818441,8
2,ana_trop,9388,0.8864507882403068,0.31726296390919245,8
2,peso,11,80.9090909090909,12.573092086996706,8
2,tension_,646,129.49690402476782,21.927882564410787,8
2,ana_hemo,35,13.414285714285715,1.8846966951350717,8
2,ana_plaq,29,248.20689655172413,114.05394347151305,8
2,ana_leuc,77,8.863506493506492,3.254450206419163,8
2,ana_neu,11897,6.459828948474405,3.25161418790847,8
2,protcrea,13713,28.68665281120105,40.473140768428806,8
2,splanchnic,8871,0.012287228046443468,0.11016465891282087,8
3,raza,8524,2.89946034725481,0.6068239274532371,8
3,ant_inf,3468,0.03863898500576701,0.1927330118155453,8
3,ant_isq,3469,0.03574517151916979,0.18565412527664155,8
3,ant_clau,3481,0.024130996839988508,0.1534558302297341,8
3,fum_act,3587,0.2132701421800948,0.40961688030960947,8
3,diabetes,3459,0.10985834056085574,0.3127131042506386,8
3,hip_art,3359,0.3289669544507294,0.46983794794603506,8
3,insf_car,103,0.02912621359223301,0.1681602725795026,8
3,fibr_aur,7383,0.02519301097114994,0.1567109542098364,8
3,trat_est,3519,0.18556408070474567,0.3887544889219266,8
3,var171,620,0.043548387096774194,0.20408803266738523,8
3,tv_l_esu,7911,0.01731765895588421,0.13045212778706178,8
3,tvp_orig,13294,0.28117947946442,0.449574887858005,8
3,tv_l_ein,3568,0.8099775784753364,0.39231862158527053,8
3,tvp_prox,5391,0.8514190317195326,0.3556749416887647,8
3,tv_l_svc,8947,0.006482619872582989,0.08025332087939155,8
3,tv_l_vre,9439,0.008475474096832292,0.09167137195256879,8
3,tv_l_vrn,9401,0.0054249547920434,0.07345423512329079,8
3,tv_l_vca,11718,0.03439153439153439,0.1822326994634341,8
3,tv_l_yug,11767,0.014957083368743095,0.12138109006696048,8
3,tv_l_ova,11769,0.00637267397399949,0.07957426091658405,8
3,tv_l_sup,11766,0.0064592894781574026,0.08010971887102569,8
3,tv_l_pul,11772,0.004247366632687734,0.06503327232559704,8
3,tv_l_ove,9423,0.032685981110049875,0.1778134071124091,8
3,fr_antfa,10080,0.13194444444444445,0.3384303591947557,8
3,fr_tvs_a,7860,0.04961832061068702,0.21715511246678512,8
3,fr_viaje,247,0.05263157894736842,0.22329687826943606,8
3,fr_estro,182,0.06043956043956044,0.23829943343078505,8
3,fr_varic,514,0.18093385214007782,0.38496336616596427,8
3,fr_antec,59,0.01694915254237288,0.1290809000993883,8
3,ana_dime,899,1.5383759733036708,0.5866763427726593,8
3,ana_crea,447,0.9284116331096197,0.25780510587718897,8
3,ana_trop,9388,0.8842138900724329,0.31996825885610664,8
3,peso,11,79.27272727272727,16.22058685795705,8
3,tension_,646,129.76315789473685,20.88264285693359,8
3,ana_hemo,35,13.651428571428571,2.1865003255132134,8
3,ana_plaq,29,264.3103448275862,97.66307439294081,8
3,ana_leuc,77,8.966493506493508,3.0928609737918364,8
3,ana_neu,11897,6.5061376817685135,3.2924640168191703,8
3,protcrea,13713,8.389917596441332,19.867961256130133,8
3,splanchnic,8871,0.013189042948934731,0.11408370652738227,8
4,raza,8524,2.905560769591741,0.596503225489911,8
4,ant_inf,3468,0.046424452133794696,0.21040252464709566,8
4,ant_isq,3469,0.04295185932545402,0.20274860568186515,8
4,ant_clau,3481,0.02700373455903476,0.16209420988702822,8
4,fum_act,3587,0.20964594368553108,0.4070559199689082,8
4,diabetes,3459,0.10349812084417462,0.3046083712341131,8
4,hip_art,3359,0.3378981839833284,0.47299365877789223,8
4,insf_car,103,0.038834951456310676,0.1932014440983728,8
4,fibr_aur,7383,0.02383854801571177,0.15254596567662604,8
4,trat_est,3519,0.18272236430804206,0.3864387427390287,8
4,var171,620,0.03387096774193549,0.18089700187167349,8
4,tv_l_esu,7911,0.01757047149538617,0.13138397933848706,8
4,tvp_orig,13294,0.2759891680457349,0.44701135015473376,8
4,tv_l_ein,3568,0.8122197309417041,0.3905366047001099,8
4,tvp_prox,5391,0.8497495826377296,0.35731670748054023,8
4,tv_l_svc,8947,0.007041466413322902,0.08361748719061671,8
4,tv_l_vre,9439,0.007098209556097045,0.08395132504728425,8
4,tv_l_vrn,9401,0.006488671417934262,0.08029052597389272,8
4,tv_l_vca,11718,0.03763440860215054,0.19031043032718128,8
4,tv_l_yug,11767,0.017251635930993457,0.13020759190115572,8
4,tv_l_ova,11769,0.007477270796159402,0.08614732275352671,8
4,tv_l_sup,11766,0.003484616692163862,0.058927702642072824,8
4,tv_l_pul,11772,0.0013591573224600749,0.03684168853123968,8
4,tv_l_ove,9423,0.03289822774063462,0.17837021711081688,8
4,fr_antfa,10080,0.1378968253968254,0.3447916630986063,8
4,fr_tvs_a,7860,0.04618320610687023,0.2098816751899998,8
4,fr_viaje,247,0.044534412955465584,0.20627917737420237,8
4,fr_estro,182,0.06043956043956044,0.23829943343078505,8
4,fr_varic,514,0.1926070038910506,0.39434698673016816,8
4,fr_antec,59,0.01694915254237288,0.1290809000993883,8
4,ana_dime,899,1.60734149054505,0.5381874848158968,8
4,ana_crea,447,0.9463087248322147,0.22540745803686799,8
4,ana_trop,9388,0.8813378781423093,0.3233905111377284,8
4,peso,11,77.63636363636364,12.76552692551116,8
4,tension_,646,128.38544891640868,21.961936648004926,8
4,ana_hemo,35,13.527142857142858,1.8941014777892087,8
4,ana_plaq,29,277.2413793103448,180.50879339979318,8
4,ana_leuc,77,9.245454545454544,3.3593102049570667,8
4,ana_neu,11897,6.530974531394469,3.3014321976036216,8
4,protcrea,13713,34.85284985050682,47.1621414323386,8
4,splanchnic,8871,0.012512681772066284,0.11115806118737986,8
5,raza,8524,2.911661191928672,0.6413779377435749,8
5,ant_inf,3468,0.04008073817762399,0.19614859827375963,8
5,ant_isq,3469,0.038627846641683485,0.19270634682207552,8
5,ant_clau,3481,0.02355644929617926,0.1516625958921177,8
5,fum_act,3587,0.20295511569556732,0.40219937432642305,8
5,diabetes,3459,0.09280138768430182,0.29015390765621224,8
5,hip_art,3359,0.3271807085442096,0.46918385788592365,8
5,insf_car,103,0.019417475728155338,0.13798709129662035,8
5,fibr_aur,7383,0.025734796153325207,0.15834303401246297,8
5,trat_est,3519,0.17561807331628304,0.38049489568318734,8
5,var171,620,0.024193548387096774,0.15364966841336813,8
5,tv_l_esu,7911,0.016938440146631272,0.12904080514329666,8
5,tvp_orig,13294,0.31683466225364826,0.46524236592153223,8
5,tv_l_ein,3568,0.8175448430493274,0.38621920285348066,8
5,tvp_prox,5391,0.8438137636802078,0.36303181114614497,8
5,tv_l_svc,8947,0.006035542639991058,0.07745395319176362,8
5,tv_l_vre,9439,0.008369530670621888,0.09110149080544956,8
5,tv_l_vrn,9401,0.00627592809275609,0.07897177229447648,8
5,tv_l_vca,11718,0.036610343061955965,0.18780315716952645,8
5,tv_l_yug,11767,0.012322597093566754,0.11032112533162618,8
5,tv_l_ova,11769,0.005438015124479565,0.07354211797320971,8
5,tv_l_sup,11766,0.0060343362230154685,0.07744625884678402,8
5,tv_l_pul,11772,0.003907577302072715,0.06238836543540021,8
5,tv_l_ove,9423,0.021436909689058686,0.14483566063660508,8
5,fr_antfa,10080,0.13452380952380952,0.3412142350415811,8
5,fr_tvs_a,7860,0.04249363867684478,0.20171249180168926,8
5,fr_viaje,247,0.024291497975708502,0.1539526586383121,8
5,fr_estro,182,0.06593406593406594,0.24816680858541132,8
5,fr_varic,514,0.19844357976653695,0.3988279396130355,8
5,fr_antec,59,0.06779661016949153,0.2513965588845988,8
5,ana_dime,899,1.581757508342603,0.5725854397405795,8
5,ana_crea,447,0.9261744966442953,0.26148670790306244,8
5,ana_trop,9388,0.8803792074989348,0.3245175781101577,8
5,peso,11,85.63636363636364,14.259113368284396,8
5,tension_,646,129.30959752321982,21.1019228099631,8
5,ana_hemo,35,13.608571428571427,2.3011017769223296,8
5,ana_plaq,29,283.6551724137931,141.0268440727091,8
5,ana_leuc,77,8.93,3.3819248342350225,8
5,ana_neu,11897,6.207537698579474,3.317052358891853,8
5,protcrea,13713,13.74415663968497,29.726777139932572,8
5,splanchnic,8871,0.01611994138203134,0.12593684477495543,8
1,raza,8524,2.930549038010324,0.5728165888817608,9
1,ant_inf,3468,0.03085351787773933,0.17292072840555392,9
1,ant_isq,3469,0.028826751225136928,0.16731936420791524,9
1,ant_clau,3481,0.018385521401896008,0.13434096175283408,9
1,fum_act,3587,0.21020351268469473,0.40745305979917507,9
1,diabetes,3459,0.08933217692974849,0.2852226132247242,9
1,hip_art,3359,0.3310509080083358,0.4705913347217437,9
1,insf_car,103,0.038834951456310676,0.1932014440983728,9
1,fibr_aur,7383,0.02776649058648246,0.16430311192120872,9
1,trat_est,3519,0.17959647627166808,0.38385098929463274,9
1,var171,620,0.025806451612903226,0.1585574932573485,9
1,tv_l_esu,7911,0.03830109973454683,0.1919221860381731,9
1,tvp_orig,13294,0.2625996690236197,0.4400466825830017,9
1,tv_l_ein,3568,0.8223094170403588,0.3822520630253081,9
1,tvp_prox,5391,0.8460396957892784,0.3609106938538448,9
1,tv_l_svc,8947,0.00827092880295071,0.09056776766425918,9
1,tv_l_vre,9439,0.008581417523042695,0.09223761053029242,9
1,tv_l_vrn,9401,0.005531326454632486,0.0741669123146216,9
1,tv_l_vca,11718,0.03490356716163168,0.1835355773713237,9
1,tv_l_yug,11767,0.017251635930993457,0.13020759190115572,9
1,tv_l_ova,11769,0.0049282012065596055,0.07002795184372644,9
1,tv_l_sup,11766,0.007394186639469658,0.085670955658323,9
1,tv_l_pul,11772,0.0022935779816513763,0.04783636150140874,9
1,tv_l_ove,9423,0.02451448583253741,0.15463998776805352,9
1,fr_antfa,10080,0.1284722222222222,0.33461486867667156,9
1,fr_tvs_a,7860,0.05508905852417303,0.22815401411128683,9
1,fr_viaje,247,0.032388663967611336,0.17703004946619796,9
1,fr_estro,182,0.04395604395604396,0.20499734182612783,9
1,fr_varic,514,0.20622568093385213,0.4045944258850104,9
1,fr_antec,59,0.06779661016949153,0.2513965588845988,9
1,ana_dime,899,1.5628476084538376,0.6032901173178176,9
1,ana_crea,447,0.9485458612975392,0.22092218157724403,9
1,ana_trop,9388,0.8797400937366852,0.3252652167214527,9
1,peso,11,81.63636363636364,18.420703408110853,9
1,tension_,646,129.10526315789474,19.600769323107777,9
1,ana_hemo,35,13.792571428571428,1.9776585619755254,9
1,ana_plaq,29,217.72413793103448,74.19494199310547,9
1,ana_leuc,77,9.02961038961039,3.2703077584864593,9
1,ana_neu,11897,6.502182062704884,3.311060987109077,9
1,protcrea,13713,18.357691533581274,34.17355062729261,9
1,splanchnic,8871,0.012512681772066284,0.11115806118737985,9
2,raza,8524,2.915415297982168,0.5810650617919896,9
2,ant_inf,3468,0.039792387543252594,0.19547110639902815,9
2,ant_isq,3469,0.03718650908042664,0.1892185842427693,9
2,ant_clau,3481,0.017810973858086755,0.1322639144601176,9
2,fum_act,3587,0.1990521327014218,0.3992873416080672,9
2,diabetes,3459,0.10870193697600462,0.3112648805658444,9
2,hip_art,3359,0.32658529324203633,0.4689641132112877,9
2,insf_car,103,0.038834951456310676,0.1932014440983728,9
2,fibr_aur,7383,0.029391846133008263,0.1689022365568373,9
2,trat_est,3519,0.17533390167661267,0.380252448512128,9
2,var171,620,0.04516129032258064,0.20765776696040109,9
2,tv_l_esu,7911,0.024522816331690053,0.1546655999595652,9
2,tvp_orig,13294,0.2812547013690387,0.44961149265432643,9
2,tv_l_ein,3568,0.8262331838565022,0.37890884095102556,9
2,tvp_prox,5391,0.8408458542014469,0.3658197693860817,9
2,tv_l_svc,8947,0.009165083268134571,0.09529472449628432,9
2,tv_l_vre,9439,0.008051700391990676,0.08936929289632035,9
2,tv_l_vrn,9401,0.002340176576959898,0.048318734984978094,9
2,tv_l_vca,11718,0.04121863799283154,0.1987955278039409,9
2,tv_l_yug,11767,0.02133084048610521,0.1444847249028822,9
2,tv_l_ova,11769,0.004588325261279633,0.06758159906791447,9
2,tv_l_sup,11766,0.006629270780214177,0.08115000646418197,9
2,tv_l_pul,11772,0.007050628610261638,0.08367148406991355,9
2,tv_l_ove,9423,0.028334925183062718,0.16592786745430363,9
2,fr_antfa,10080,0.14017857142857143,0.34717220444732655,9
2,fr_tvs_a,7860,0.058524173027989825,0.23473196245799105,9
2,fr_viaje,247,0.02834008097165992,0.1659425225256615,9
2,fr_estro,182,0.04395604395604396,0.20499734182612786,9
2,fr_varic,514,0.16926070038910507,0.3749820204928426,9
2,fr_antec,59,0.01694915254237288,0.1290809000993883,9
2,ana_dime,899,1.5939933259176864,0.5687520870745658,9
2,ana_crea,447,0.9284116331096197,0.25780510587718897,9
2,ana_trop,9388,0.8733489561141883,0.33258165458793104,9
2,peso,11,86.4090909090909,17.574281547216273,9
2,tension_,646,129.8622291021672,21.637269274483103,9
2,ana_hemo,35,13.697142857142856,1.8109958924439835,9
2,ana_plaq,29,244.44827586206895,101.02051215638186,9
2,ana_leuc,77,9.073896103896105,3.2691601669232737,9
2,ana_neu,11897,6.704054131293603,3.2906283033553065,9
2,protcrea,13713,16.116297236199227,31.89475780328192,9
2,splanchnic,8871,0.013527223537368955,0.1155172617435983,9
3,raza,8524,2.923275457531675,0.6003110164133513,9
3,ant_inf,3468,0.04181084198385236,0.2001566773216764,9
3,ant_isq,3469,0.04179878927644855,0.2001290845716124,9
3,ant_clau,3481,0.025567365699511634,0.15784066494632829,9
3,fum_act,3587,0.19960970170058545,0.3997069785325104,9
3,diabetes,3459,0.10523272622145129,0.3068530585694924,9
3,hip_art,3359,0.350401905328967,0.47709580806248614,9
3,insf_car,103,0.02912621359223301,0.16816027257950264,9
3,fibr_aur,7383,0.01950426655830963,0.13828900948496245,9
3,trat_est,3519,0.17647058823529413,0.38122004108281526,9
3,var171,620,0.03387096774193549,0.18089700187167349,9
3,tv_l_esu,7911,0.01908734673239793,0.13683208661390478,9
3,tvp_orig,13294,0.2608695652173913,0.43910891036356864,9
3,tv_l_ein,3568,0.8136210762331838,0.38941214739956365,9
3,tvp_prox,5391,0.8441847523650529,0.3626801017968965,9
3,tv_l_svc,8947,0.008829775343690623,0.09355111122306659,9
3,tv_l_vre,9439,0.007310096408517852,0.08518602525658786,9
3,tv_l_vrn,9401,0.005318583129454314,0.072734419657748,9
3,tv_l_vca,11718,0.03063662741082096,0.17233114771193128,9
3,tv_l_yug,11767,0.018951304495623354,0.13635304380004692,9
3,tv_l_ova,11769,0.005947829042399524,0.07689247279208747,9
3,tv_l_sup,11766,0.009433962264150943,0.09666934684867547,9
3,tv_l_pul,11772,0.004077471967380225,0.06372476904419075,9
3,tv_l_ove,9423,0.02472673246312215,0.1552910852715613,9
3,fr_antfa,10080,0.14543650793650795,0.352540394984379,9
3,fr_tvs_a,7860,0.05788804071246819,0.2335316155361835,9
3,fr_viaje,247,0.05668016194331984,0.23123045038532203,9
3,fr_estro,182,0.06043956043956044,0.23829943343078502,9
3,fr_varic,514,0.20038910505836577,0.40029153330075945,9
3,fr_antec,59,0.03389830508474576,0.18096742800053067,9
3,ana_dime,899,1.614015572858732,0.5591422437097346,9
3,ana_crea,447,0.9328859060402684,0.25021948835311747,9
3,ana_trop,9388,0.8846399659139327,0.3194559384668388,9
3,peso,11,87.67272727272727,22.44059191040326,9
3,tension_,646,128.6517027863777,20.522759137390725,9
3,ana_hemo,35,14.062857142857144,2.0323224876671397,9
3,ana_plaq,29,268.0689655172414,114.08071281711418,9
3,ana_leuc,77,8.918961038961042,3.1278948501008195,9
3,ana_neu,11897,6.552443305034883,3.3252043786114553,9
3,protcrea,13713,12.270091300226062,22.20318204060381,9
3,splanchnic,8871,0.013414496674557547,0.11504150535144186,9
4,raza,8524,2.9084936649460347,0.5931156212343974,9
4,ant_inf,3468,0.03863898500576701,0.1927330118155453,9
4,ant_isq,3469,0.03689824156817527,0.18851196603227036,9
4,ant_clau,3481,0.02585463947141626,0.1587015346151994,9
4,fum_act,3587,0.2157792026763312,0.41136180956512963,9
4,diabetes,3459,0.10812373518357907,0.3105366211472172,9
4,hip_art,3359,0.33611193807680856,0.4723777123860314,9
4,insf_car,103,0.04854368932038835,0.21491207399202583,9
4,fibr_aur,7383,0.020994175809291617,0.14336464135685678,9
4,trat_est,3519,0.18414322250639387,0.3876009495748876,9
4,var171,620,0.04516129032258064,0.20765776696040109,9
4,tv_l_esu,7911,0.01390468967260776,0.11709547078224775,9
4,tvp_orig,13294,0.2921618775387393,0.45475632469684024,9
4,tv_l_ein,3568,0.820067264573991,0.3841314178092217,9
4,tvp_prox,5391,0.834910035243925,0.3712617247884743,9
4,tv_l_svc,8947,0.0069296971051749185,0.08295587021546728,9
4,tv_l_vre,9439,0.007945756965780273,0.08878413096956587,9
4,tv_l_vrn,9401,0.004254866503563451,0.06509041876190616,9
4,tv_l_vca,11718,0.03311145246629118,0.17892759480265674,9
4,tv_l_yug,11767,0.020056089062632787,0.14019216224220427,9
4,tv_l_ova,11769,0.0032288214801597416,0.056730910375288365,9
4,tv_l_sup,11766,0.005864354920958694,0.07635420265001608,9
4,tv_l_pul,11772,0.0011043153244988107,0.033212886236563176,9
4,tv_l_ove,9423,0.027485938660723762,0.16349453151913884,9
4,fr_antfa,10080,0.13075396825396826,0.3371310843571214,9
4,fr_tvs_a,7860,0.0455470737913486,0.20850069031155277,9
4,fr_viaje,247,0.05263157894736842,0.2232968782694361,9
4,fr_estro,182,0.054945054945054944,0.22787298190470023,9
4,fr_varic,514,0.2140077821011673,0.41013223635957535,9
4,fr_antec,59,0.05084745762711865,0.21968612536975796,9
4,ana_dime,899,1.600667408231368,0.5636757636971815,9
4,ana_crea,447,0.941834451901566,0.23405622639195642,9
4,ana_trop,9388,0.8901789518534299,0.3126665724546819,9
4,peso,11,78.12727272727273,10.706760048857062,9
4,tension_,646,128.95356037151703,20.7991503313577,9
4,ana_hemo,35,14.042857142857143,2.3375549758895775,9
4,ana_plaq,29,222.6206896551724,85.43778288527834,9
4,ana_leuc,77,8.9,3.439532964369874,9
4,ana_neu,11897,6.521310330335379,3.2577296020999738,9
4,protcrea,13713,18.391535623131336,34.57197602707009,9
4,splanchnic,8871,0.014090857851425994,0.11786562508397816,9
5,raza,8524,2.9237447207883625,0.5997843023550461,9
5,ant_inf,3468,0.037773933102652826,0.1906490573819056,9
5,ant_isq,3469,0.05102334966849236,0.2200453759048327,9
5,ant_clau,3481,0.021545532892846882,0.14519408701875613,9
5,fum_act,3587,0.1943127962085308,0.39567073866809105,9
5,diabetes,3459,0.1063891298063024,0.3083350172545443,9
5,hip_art,3359,0.3465317058648407,0.47586498368260327,9
5,insf_car,103,0.038834951456310676,0.1932014440983728,9
5,fibr_aur,7383,0.026547473926588107,0.16075666566181704,9
5,trat_est,3519,0.18414322250639387,0.3876009495748876,9
5,var171,620,0.03225806451612903,0.17668469596940845,9
5,tv_l_esu,7911,0.016180002528125396,0.12616738899697993,9
5,tvp_orig,13294,0.329923273657289,0.4701849712151023,9
5,tv_l_ein,3568,0.820347533632287,0.38389771775267273,9
5,tvp_prox,5391,0.8326841031348544,0.37325766907239505,9
5,tv_l_svc,8947,0.009723929808874482,0.09812937887272376,9
5,tv_l_vre,9439,0.009428964932725924,0.09664398353246492,9
5,tv_l_vrn,9401,0.004999468141687054,0.07052994725637692,9
5,tv_l_vca,11718,0.032940774876258745,0.1784815963252525,9
5,tv_l_yug,11767,0.020056089062632787,0.14019216224220427,9
5,tv_l_ova,11769,0.00637267397399949,0.07957426091658407,9
5,tv_l_sup,11766,0.004589495155532891,0.06759017450599038,9
5,tv_l_pul,11772,0.0034828406388039417,0.05891273597354512,9
5,tv_l_ove,9423,0.028971665074816938,0.16772688424223942,9
5,fr_antfa,10080,0.13095238095238096,0.33734826941201795,9
5,fr_tvs_a,7860,0.046946564885496186,0.21152443104981533,9
5,fr_viaje,247,0.04048582995951417,0.19709573189697302,9
5,fr_estro,182,0.06043956043956044,0.23829943343078505,9
5,fr_varic,514,0.16731517509727625,0.37325702576032516,9
5,fr_antec,59,0.01694915254237288,0.1290809000993883,9
5,ana_dime,899,1.5895439377085652,0.5635791717005746,9
5,ana_crea,447,0.9172259507829977,0.2755403890416494,9
5,ana_trop,9388,0.8763314870046869,0.3292029949572774,9
5,peso,11,80.50909090909092,12.637998586186928,9
5,tension_,646,129.0247678018576,20.515176128209845,9
5,ana_hemo,35,14.085714285714285,1.430712680977632,9
5,ana_plaq,29,261.37931034482756,147.03750724714908,9
5,ana_leuc,77,8.92507792207792,4.706715450459108,9
5,ana_neu,11897,6.790647306043541,3.3462653375586595,9
5,protcrea,13713,22.59750674542405,39.47515430050232,9
5,splanchnic,8871,0.013978130988614586,0.11739992692791475,9
1,raza,8524,2.922806194274988,0.5827979966572171,10
1,ant_inf,3468,0.02710495963091119,0.16238928780654793,10
1,ant_isq,3469,0.03343903142115884,0.17978003948929813,10
1,ant_clau,3481,0.018960068945705257,0.13638396068189015,10
1,fum_act,3587,0.18790075271814888,0.390632896523196,10
1,diabetes,3459,0.07516623301532235,0.2636593833520981,10
1,hip_art,3359,0.33879130693658827,0.4732988033798382,10
1,insf_car,103,0.019417475728155338,0.13798709129662035,10
1,fibr_aur,7383,0.019368820262765814,0.13781752089046764,10
1,trat_est,3519,0.17476555839727195,0.379766451908751,10
1,var171,620,0.041935483870967745,0.20044175977943207,10
1,tv_l_esu,7911,0.042598912906080144,0.2019510968658015,10
1,tvp_orig,13294,0.2000150443809237,0.4000112828436479,10
1,tv_l_ein,3568,0.8113789237668162,0.39120731822630733,10
1,tvp_prox,5391,0.8425153032832499,0.36425714408475696,10
1,tv_l_svc,8947,0.007041466413322902,0.08361748719061671,10
1,tv_l_vre,9439,0.009217078080305117,0.09556214497365928,10
1,tv_l_vrn,9401,0.003191149877672588,0.056400057093329424,10
1,tv_l_vca,11718,0.028588496330431815,0.16664691478691318,10
1,tv_l_yug,11767,0.01631681822044701,0.1266908823223199,10
1,tv_l_ova,11769,0.007647208768799388,0.0871133110772733,10
1,tv_l_sup,11766,0.009009009009009009,0.09448728361893258,10
1,tv_l_pul,11772,0.0030581039755351682,0.05521550484791371,10
1,tv_l_ove,9423,0.029502281651278786,0.169209624515414,10
1,fr_antfa,10080,0.12311507936507937,0.32856925692768274,10
1,fr_tvs_a,7860,0.048473282442748095,0.21476411090304093,10
1,fr_viaje,247,0.044534412955465584,0.20627917737420234,10
1,fr_estro,182,0.04945054945054945,0.2168068094170204,10
1,fr_varic,514,0.20622568093385213,0.4045944258850104,10
1,fr_antec,59,0.1016949152542373,0.30224668644283065,10
1,ana_dime,899,1.6151279199110122,0.552911457014903,10
1,ana_crea,447,0.9373601789709173,0.2423139984617629,10
1,ana_trop,9388,0.8857051555176821,0.3181690321308481,10
1,peso,11,81.22727272727273,13.67373666486836,10
1,tension_,646,129.3204334365325,21.38525685975372,10
1,ana_hemo,35,13.44,2.104580039546404,10
1,ana_plaq,29,269.0,148.96886969407748,10
1,ana_leuc,77,8.504285714285716,2.9100102327536557,10
1,ana_neu,11897,6.48472093805161,3.377435296434501,10
1,protcrea,13713,5.51112156347991,13.849083225843358,10
1,splanchnic,8871,0.009694510201781085,0.0979822773450824,10
2,raza,8524,2.9353589863913654,0.5947706183039464,10
2,ant_inf,3468,0.037773933102652826,0.1906490573819056,10
2,ant_isq,3469,0.03430383395791294,0.18200846390676695,10
2,ant_clau,3481,0.025567365699511634,0.15784066494632829,10
2,fum_act,3587,0.20100362419849457,0.400750754531498,10
2,diabetes,3459,0.10436542353281295,0.3057340051476602,10
2,hip_art,3359,0.3355165227746353,0.4721707167115014,10
2,insf_car,103,0.009708737864077669,0.09805344600351532,10
2,fibr_aur,7383,0.023296762833536502,0.15084436905305568,10
2,trat_est,3519,0.178743961352657,0.38313777891591017,10
2,var171,620,0.03387096774193549,0.18089700187167349,10
2,tv_l_esu,7911,0.024522816331690053,0.15466559995956516,10
2,tvp_orig,13294,0.20889122912592148,0.40651652305925184,10
2,tv_l_ein,3568,0.8144618834080718,0.38873348695918686,10
2,tvp_prox,5391,0.8434427749953627,0.36338280133143985,10
2,tv_l_svc,8947,0.010506314965910361,0.10196044483890532,10
2,tv_l_vre,9439,0.007839813539569869,0.08819495939811213,10
2,tv_l_vrn,9401,0.0038293798532071056,0.061763384809666616,10
2,tv_l_vca,11718,0.026284348864994027,0.15997962954619352,10
2,tv_l_yug,11767,0.01665675193337299,0.1279816570778917,10
2,tv_l_ova,11769,0.005607953097119552,0.07467599319178861,10
2,tv_l_sup,11766,0.008584055753867075,0.09225166524611669,10
2,tv_l_pul,11772,0.003992524634726469,0.06306016477751682,10
2,tv_l_ove,9423,0.029183911705401678,0.1683217484550734,10
2,fr_antfa,10080,0.12648809523809523,0.3323986416956811,10
2,fr_tvs_a,7860,0.04961832061068702,0.21715511246678512,10
2,fr_viaje,247,0.048582995951417005,0.21499462424861143,10
2,fr_estro,182,0.06593406593406594,0.24816680858541135,10
2,fr_varic,514,0.20428015564202334,0.4031746193064416,10
2,fr_antec,59,0.06779661016949153,0.2513965588845988,10
2,ana_dime,899,1.592880978865406,0.5570804618781593,10
2,ana_crea,447,0.9395973154362416,0.2382314006617295,10
2,ana_trop,9388,0.8851725607158074,0.3188135794969023,10
2,peso,11,83.81818181818181,13.21031402708561,10
2,tension_,646,129.75232198142416,21.573776203664522,10
2,ana_hemo,35,13.559999999999999,1.7781531349770108,10
2,ana_plaq,29,241.89655172413794,82.72861525018318,10
2,ana_leuc,77,8.272727272727273,2.9500233925392743,10
2,ana_neu,11897,6.392597041270909,3.2787500955866644,10
2,protcrea,13713,5.5930347845110475,13.43636846353809,10
2,splanchnic,8871,0.010596325104272348,0.10239161586065978,10
3,raza,8524,2.9255044580009386,0.6047767902919687,10
3,ant_inf,3468,0.03517877739331027,0.18423146043611058,10
3,ant_isq,3469,0.038627846641683485,0.19270634682207552,10
3,ant_clau,3481,0.033036483769031885,0.1787318508526401,10
3,fum_act,3587,0.20574296069138556,0.4042434845700404,10
3,diabetes,3459,0.09598149754264239,0.29456586644096105,10
3,hip_art,3359,0.33313486156594224,0.47133430341466004,10
3,insf_car,103,0.02912621359223301,0.16816027257950264,10
3,fibr_aur,7383,0.02695381281321956,0.16194846337044844,10
3,trat_est,3519,0.1815856777493606,0.3855026840187575,10
3,var171,620,0.03387096774193549,0.1808970018716735,10
3,tv_l_esu,7911,0.02136265958791556,0.1445900977357938,10
3,tvp_orig,13294,0.14254550925229426,0.34960876282538794,10
3,tv_l_ein,3568,0.8242713004484304,0.3805891797010048,10
3,tvp_prox,5391,0.8499350769801521,0.35713504714448707,10
3,tv_l_svc,8947,0.007041466413322902,0.08361748719061671,10
3,tv_l_vre,9439,0.0068863227036762365,0.08269764968423872,10
3,tv_l_vrn,9401,0.0034038932028507603,0.05824351220448804,10
3,tv_l_vca,11718,0.02534562211981567,0.15717258526592728,10
3,tv_l_yug,11767,0.012322597093566754,0.11032112533162618,10
3,tv_l_ova,11769,0.006032798028719517,0.0774364473401524,10
3,tv_l_sup,11766,0.00679925208227095,0.08217677441584505,10
3,tv_l_pul,11772,0.0032279986408426777,0.056723704618240486,10
3,tv_l_ove,9423,0.030988008065371962,0.17328517369213214,10
3,fr_antfa,10080,0.13253968253968254,0.33907656228639976,10
3,fr_tvs_a,7860,0.04541984732824427,0.2082231610482447,10
3,fr_viaje,247,0.024291497975708502,0.15395265863831215,10
3,fr_estro,182,0.04945054945054945,0.2168068094170204,10
3,fr_varic,514,0.19844357976653695,0.3988279396130355,10
3,fr_antec,59,0.05084745762711865,0.21968612536975796,10
3,ana_dime,899,1.5973303670745274,0.5603050107714889,10
3,ana_crea,447,0.930648769574944,0.2540504620416714,10
3,ana_trop,9388,0.8789944610140605,0.32613371264047786,10
3,peso,11,94.63636363636364,17.121346204891967,10
3,tension_,646,128.73529411764707,21.011633785245248,10
3,ana_hemo,35,14.062857142857142,1.9155134655581763,10
3,ana_plaq,29,250.0344827586207,104.03529996364486,10
3,ana_leuc,77,8.299480519480518,3.193595822203326,10
3,ana_neu,11897,6.346251071698748,3.2567387580585327,10
3,protcrea,13713,31.1667505286954,49.609730346573066,10
3,splanchnic,8871,0.0099199639274039,0.099103775120239,10
4,raza,8524,2.9242139840450494,0.5939474790707887,10
4,ant_inf,3468,0.04123414071510957,0.19883130124453777,10
4,ant_isq,3469,0.04064571922744307,0.19746808536046256,10
4,ant_clau,3481,0.023269175524274634,0.15075715901639675,10
4,fum_act,3587,0.220797323668804,0.41478411918671315,10
4,diabetes,3459,0.0942468921653657,0.2921718937244574,10
4,hip_art,3359,0.33849359928550166,0.47319729767640045,10
4,insf_car,103,0.019417475728155338,0.13798709129662035,10
4,fibr_aur,7383,0.028714614655289177,0.16700325014947298,10
4,trat_est,3519,0.17220801364023872,0.3775611389938351,10
4,var171,620,0.03387096774193549,0.18089700187167349,10
4,tv_l_esu,7911,0.0211098470484136,0.1437505527154807,10
4,tvp_orig,13294,0.1314878892733564,0.337933165356397,10
4,tv_l_ein,3568,0.813060538116592,0.3898629239542405,10
4,tvp_prox,5391,0.8503060656649972,0.35677115965042727,10
4,tv_l_svc,8947,0.0076003129540628146,0.08684784509164933,10
4,tv_l_vre,9439,0.009746795211357136,0.09824355039627283,10
4,tv_l_vrn,9401,0.004786724816508882,0.06902037439799859,10
4,tv_l_vca,11718,0.030977982590885817,0.1732580364239552,10
4,tv_l_yug,11767,0.013257414804113198,0.11437506615003495,10
4,tv_l_ova,11769,0.007732177755119382,0.08759218676504554,10
4,tv_l_sup,11766,0.010198878123406425,0.10047318551947244,10
4,tv_l_pul,11772,0.0026333673122663948,0.051248733534255075,10
4,tv_l_ove,9423,0.030563514804202482,0.17213188654928455,10
4,fr_antfa,10080,0.12956349206349208,0.3358225626544552,10
4,fr_tvs_a,7860,0.05203562340966921,0.22209889082576775,10
4,fr_viaje,247,0.05263157894736842,0.22329687826943606,10
4,fr_estro,182,0.07142857142857142,0.25753937681885636,10
4,fr_varic,514,0.17898832684824903,0.38334254355642994,10
4,fr_antec,59,0.01694915254237288,0.1290809000993883,10
4,ana_dime,899,1.6017797552836486,0.5575222800573449,10
4,ana_crea,447,0.9082774049217002,0.28863395612852283,10
4,ana_trop,9388,0.8910311035364294,0.31160018624365765,10
4,peso,11,82.72727272727273,13.948547719066468,10
4,tension_,646,129.40712074303406,21.816144476541552,10
4,ana_hemo,35,13.882857142857144,1.6441212527905449,10
4,ana_plaq,29,235.06896551724137,111.92544656415276,10
4,ana_leuc,77,8.459999999999999,3.15533108971377,10
4,ana_neu,11897,6.570510548877868,3.337671911467027,10
4,protcrea,13713,19.174941879967914,35.13370971192319,10
4,splanchnic,8871,0.00822906098523278,0.0903401546408578,10
5,raza,8524,2.8981698732989205,0.6741185956821819,10
5,ant_inf,3468,0.03460207612456748,0.18276972520753296,10
5,ant_isq,3469,0.032862496396656095,0.17827661856574423,10
5,ant_clau,3481,0.02298190175237001,0.1498457004528806,10
5,fum_act,3587,0.2001672706997491,0.4001253983945064,10
5,diabetes,3459,0.09829430471234461,0.29771216698929415,10
5,hip_art,3359,0.3271807085442096,0.46918385788592365,10
5,insf_car,103,0.009708737864077669,0.09805344600351532,10
5,fibr_aur,7383,0.026818366517675742,0.16155228792870546,10
5,trat_est,3519,0.18186984938903097,0.38573722567603225,10
5,var171,620,0.024193548387096774,0.15364966841336816,10
5,tv_l_esu,7911,0.01719125268613323,0.12998351248221732,10
5,tvp_orig,13294,0.20151948247329624,0.4011351152130552,10
5,tv_l_ein,3568,0.8052130044843049,0.39603664210987305,10
5,tvp_prox,5391,0.836208495640883,0.3700862702923392,10
5,tv_l_svc,8947,0.007041466413322902,0.08361748719061671,10
5,tv_l_vre,9439,0.007733870113359466,0.08760169728052734,10
5,tv_l_vrn,9401,0.005956813104988831,0.07695017532547319,10
5,tv_l_vca,11718,0.031319337770950674,0.17417932383764662,10
5,tv_l_yug,11767,0.021075890201410725,0.14363738041898702,10
5,tv_l_ova,11769,0.007562239782479395,0.08663170500429783,10
5,tv_l_sup,11766,0.006289308176100629,0.07905537792438071,10
5,tv_l_pul,11772,0.004332313965341488,0.06567758385512668,10
5,tv_l_ove,9423,0.029608404966571154,0.16950441682123413,10
5,fr_antfa,10080,0.1423611111111111,0.34942012700232505,10
5,fr_tvs_a,7860,0.049872773536895676,0.21768206172450955,10
5,fr_viaje,247,0.008097165991902834,0.08961920494404316,10
5,fr_estro,182,0.06043956043956044,0.23829943343078502,10
5,fr_varic,514,0.188715953307393,0.39128281622718225,10
5,fr_antec,59,0.03389830508474576,0.1809674280005307,10
5,ana_dime,899,1.5850945494994437,0.5836484029329252,10
5,ana_crea,447,0.9194630872483222,0.2721226165464872,10
5,ana_trop,9388,0.8808052833404346,0.32401749363269156,10
5,peso,11,83.71818181818182,11.821153472546053,10
5,tension_,646,130.36532507739938,21.83585624799676,10
5,ana_hemo,35,13.474285714285713,2.678308939519525,10
5,ana_plaq,29,247.99310344827586,146.3520600117366,10
5,ana_leuc,77,8.168311688311688,2.779478790062777,10
5,ana_neu,11897,6.677656131797932,3.3507057682952026,10
5,protcrea,13713,10.19511412528258,17.813145412772133,10
5,splanchnic,8871,0.008454514710855596,0.09155892032925858,10
1,raza,8524,2.902627874237447,0.6357469857530379,11
1,ant_inf,3468,0.024798154555940023,0.15550950481099132,11
1,ant_isq,3469,0.033727298933410206,0.18052636439054157,11
1,ant_clau,3481,0.01407641482332663,0.11780606677522279,11
1,fum_act,3587,0.19598550320602173,0.3969574104851857,11
1,diabetes,3459,0.09337958947672738,0.29096364334034114,11
1,hip_art,3359,0.33343256921702885,0.4714395942242868,11
1,insf_car,103,0.009708737864077669,0.09805344600351532,11
1,fibr_aur,7383,0.029662738724095895,0.16965512269154126,11
1,trat_est,3519,0.16396703608979823,0.37024565786208086,11
1,var171,620,0.02903225806451613,0.1678969507054594,11
1,tv_l_esu,7911,0.0366578182277841,0.1879202559346992,11
1,tvp_orig,13294,0.19918760343011885,0.3993894115645588,11
1,tv_l_ein,3568,0.8136210762331838,0.38941214739956365,11
1,tvp_prox,5391,0.8401038768317566,0.36650969013657647,11
1,tv_l_svc,8947,0.007265005029618867,0.0849248181130727,11
1,tv_l_vre,9439,0.010912172899671575,0.10388983291101804,11
1,tv_l_vrn,9401,0.004148494840974365,0.06427507161823137,11
1,tv_l_vca,11718,0.041133299197815325,0.198598466496895,11
1,tv_l_yug,11767,0.01504206679697459,0.12172018330355053,11
1,tv_l_ova,11769,0.004843232220239612,0.06942460170501841,11
1,tv_l_sup,11766,0.006204317525072242,0.07852276083480714,11
1,tv_l_pul,11772,0.004417261297995243,0.06631552684417485,11
1,tv_l_ove,9423,0.03257985779475751,0.17753425207781987,11
1,fr_antfa,10080,0.13898809523809524,0.34593410444791567,11
1,fr_tvs_a,7860,0.047073791348600506,0.2117967174360097,11
1,fr_viaje,247,0.06072874493927125,0.23883208427129762,11
1,fr_estro,182,0.04945054945054945,0.21680680941702038,11
1,fr_varic,514,0.1926070038910506,0.39434698673016816,11
1,fr_antec,59,0.03389830508474576,0.1809674280005307,11
1,ana_dime,899,1.6117908787541713,0.5556014855751468,11
1,ana_crea,447,0.9328859060402684,0.25021948835311747,11
1,ana_trop,9388,0.8900724328930549,0.3127994518807428,11
1,peso,11,82.54545454545455,12.999046373160235,11
1,tension_,646,129.06191950464395,21.113782977231235,11
1,ana_hemo,35,13.86857142857143,1.8013917522010472,11
1,ana_plaq,29,257.37931034482756,121.47553004422073,11
1,ana_leuc,77,8.574935064935065,3.864927083325092,11
1,ana_neu,11897,6.899813566445322,3.3007725875287166,11
1,protcrea,13713,14.822861809961351,30.619742854980846,11
1,splanchnic,8871,0.014090857851425994,0.11786562508397816,11
2,raza,8524,2.8945330830595966,0.6159716509782273,11
2,ant_inf,3468,0.03892733564013841,0.19342181412678974,11
2,ant_isq,3469,0.03949264917843759,0.19476390794833223,11
2,ant_clau,3481,0.019534616489514506,0.1383944191364742,11
2,fum_act,3587,0.2099247281851129,0.4072546337139939,11
2,diabetes,3459,0.09540329575021683,0.29377118121118256,11
2,hip_art,3359,0.32301280142899674,0.46762755643993886,11
2,insf_car,103,0.02912621359223301,0.16816027257950264,11
2,fibr_aur,7383,0.02478667208451849,0.15547441259414052,11
2,trat_est,3519,0.1838590508667235,0.3873692040948933,11
2,var171,620,0.025806451612903226,0.15855749325734853,11
2,tv_l_esu,7911,0.0217418783971685,0.14583953209240363,11
2,tvp_orig,13294,0.17865202346923423,0.38306067140804523,11
2,tv_l_ein,3568,0.8259529147982063,0.37914996681333535,11
2,tvp_prox,5391,0.8501205713225747,0.35695319796403824,11
2,tv_l_svc,8947,0.006594389180730971,0.08093765015160763,11
2,tv_l_vre,9439,0.00900519122788431,0.09446744285114075,11
2,tv_l_vrn,9401,0.004254866503563451,0.06509041876190616,11
2,tv_l_vca,11718,0.025857654889912953,0.1587105433596241,11
2,tv_l_yug,11767,0.019291238208549333,0.1375466696686268,11
2,tv_l_ova,11769,0.00450335627495964,0.06695577687713303,11
2,tv_l_sup,11766,0.009433962264150943,0.09666934684867547,11
2,tv_l_pul,11772,0.0022086306489976213,0.04694414340100296,11
2,tv_l_ove,9423,0.030563514804202482,0.17213188654928455,11
2,fr_antfa,10080,0.14384920634920634,0.3509367637935784,11
2,fr_tvs_a,7860,0.05547073791348601,0.22889677837142955,11
2,fr_viaje,247,0.024291497975708502,0.15395265863831212,11
2,fr_estro,182,0.07142857142857142,0.25753937681885636,11
2,fr_varic,514,0.19649805447470817,0.3973494294224704,11
2,fr_antec,59,0.01694915254237288,0.1290809000993883,11
2,ana_dime,899,1.592880978865406,0.5570804618781593,11
2,ana_crea,447,0.930648769574944,0.2540504620416714,11
2,ana_trop,9388,0.8792074989348104,0.32588598121368423,11
2,peso,11,85.18181818181819,9.88863610246338,11
2,tension_,646,130.27399380804954,21.416498627489553,11
2,ana_hemo,35,13.774285714285714,1.4813782881671584,11
2,ana_plaq,29,195.79310344827587,65.1091281858944,11
2,ana_leuc,77,8.06077922077922,2.6720607185698584,11
2,ana_neu,11897,6.764333613516013,3.3019098586588607,11
2,protcrea,13713,20.000787136294026,35.86555980626811,11
2,splanchnic,8871,0.014767219028294443,0.1206198502339678,11
3,raza,8524,2.926560300328484,0.6475259514597804,11
3,ant_inf,3468,0.04123414071510957,0.19883130124453777,11
3,ant_isq,3469,0.042375324300951284,0.20144392815704443,11
3,ant_clau,3481,0.023843723068083883,0.15256211829394742,11
3,fum_act,3587,0.20546417619180374,0.40404040453106566,11
3,diabetes,3459,0.10552182711766407,0.30722462648592136,11
3,hip_art,3359,0.3373027686811551,0.4727891823225043,11
3,insf_car,103,0.009708737864077669,0.09805344600351532,11
3,fibr_aur,7383,0.029256399837464444,0.16852436887885044,11
3,trat_est,3519,0.18101733447001989,0.3850325428991539,11
3,var171,620,0.03064516129032258,0.17235438891949548,11
3,tv_l_esu,7911,0.01719125268613323,0.12998351248221734,11
3,tvp_orig,13294,0.19038664058973973,0.39260612281865015,11
3,tv_l_ein,3568,0.8169843049327354,0.38667938970975757,11
3,tvp_prox,5391,0.844555741049898,0.3623276711894299,11
3,tv_l_svc,8947,0.007376774337766849,0.08557077502358218,11
3,tv_l_vre,9439,0.009534908358936329,0.09718021342600053,11
3,tv_l_vrn,9401,0.007339644718646952,0.085356747443017,11
3,tv_l_vca,11718,0.03515958354668032,0.1841830264478905,11
3,tv_l_yug,11767,0.016146851363984024,0.12604019420412454,11
3,tv_l_ova,11769,0.0069674568782394425,0.08317999412652852,11
3,tv_l_sup,11766,0.005864354920958694,0.07635420265001608,11
3,tv_l_pul,11772,0.005011892626571526,0.07061709112439597,11
3,tv_l_ove,9423,0.03279210442534225,0.17809206134103697,11
3,fr_antfa,10080,0.12063492063492064,0.3257025277125233,11
3,fr_tvs_a,7860,0.05152671755725191,0.22106947988138728,11
3,fr_viaje,247,0.032388663967611336,0.17703004946619796,11
3,fr_estro,182,0.06043956043956044,0.23829943343078502,11
3,fr_varic,514,0.15369649805447472,0.36065757241497864,11
3,fr_antec,59,0.0,0.0,11
3,ana_dime,899,1.600667408231368,0.5676088043615269,11
3,ana_crea,447,0.9239373601789709,0.265098311281844,11
3,ana_trop,9388,0.8818704729441841,0.3227614318554575,11
3,peso,11,75.9090909090909,9.765007521800813,11
3,tension_,646,130.57894736842104,20.971507786281062,11
3,ana_hemo,35,13.677142857142854,1.945997462086983,11
3,ana_plaq,29,280.5241379310345,117.93631728437879,11
3,ana_leuc,77,8.218311688311688,2.6865791518609745,11
3,ana_neu,11897,6.506667731360848,3.354566770062207,11
3,protcrea,13713,22.875238095238092,38.8784907309978,11
3,splanchnic,8871,0.012963589223311915,0.11311734870372957,11
4,raza,8524,2.918348193336462,0.6025881086927763,11
4,ant_inf,3468,0.03863898500576701,0.1927330118155453,11
4,ant_isq,3469,0.04439319688671087,0.20596708707191208,11
4,ant_clau,3481,0.02815282964665326,0.16540933416690784,11
4,fum_act,3587,0.20825202118762196,0.4060580215423557,11
4,diabetes,3459,0.10378722174038739,0.3049843181932459,11
4,hip_art,3359,0.33492110747246207,0.4719628790931354,11
4,insf_car,103,0.02912621359223301,0.1681602725795026,11
4,fibr_aur,7383,0.028714614655289177,0.16700325014947295,11
4,trat_est,3519,0.18584825234441602,0.3889841634886211,11
4,var171,620,0.037096774193548385,0.18899895115577037,11
4,tv_l_esu,7911,0.016812033876880295,0.1285666729514415,11
4,tvp_orig,13294,0.17744847299533625,0.38204778814561885,11
4,tv_l_ein,3568,0.8102578475336323,0.39209701356143656,11
4,tvp_prox,5391,0.8427007976256724,0.3640826325255407,11
4,tv_l_svc,8947,0.0069296971051749185,0.08295587021546728,11
4,tv_l_vre,9439,0.009640851785146731,0.09771338578722755,11
4,tv_l_vrn,9401,0.0032975215402616742,0.05732929348904612,11
4,tv_l_vca,11718,0.03729305342208568,0.1894789740011887,11
4,tv_l_yug,11767,0.016911702218067478,0.1289406706441179,11
4,tv_l_ova,11769,0.005947829042399524,0.07689247279208747,11
4,tv_l_sup,11766,0.005949345571987082,0.07690221621807891,11
4,tv_l_pul,11772,0.00654094461433911,0.08061116956037333,11
4,tv_l_ove,9423,0.03162474795712618,0.17499892363604533,11
4,fr_antfa,10080,0.13234126984126984,0.33886141435411327,11
4,fr_tvs_a,7860,0.05089058524173028,0.21977427869403748,11
4,fr_viaje,247,0.024291497975708502,0.15395265863831215,11
4,fr_estro,182,0.0989010989010989,0.2985291803781565,11
4,fr_varic,514,0.16342412451361868,0.3697521873371082,11
4,fr_antec,59,0.06779661016949153,0.2513965588845988,11
4,ana_dime,899,1.5906562847608454,0.5594386913499105,11
4,ana_crea,447,0.9395973154362416,0.23823140066172951,11
4,ana_trop,9388,0.8811248402215595,0.32364155506685294,11
4,peso,11,82.45454545454545,12.390345481746053,11
4,tension_,646,130.9922600619195,22.941943192127816,11
4,ana_hemo,35,13.577142857142858,1.4997305880506315,11
4,ana_plaq,29,251.3448275862069,84.74679359698673,11
4,ana_leuc,77,8.188441558441559,3.0642717254877287,11
4,ana_neu,11897,6.417677733882491,3.2621351037607265,11
4,protcrea,13713,12.691069496098592,27.171515034771662,11
4,splanchnic,8871,0.014541765302671627,0.11970924093215882,11
5,raza,8524,2.903097137494134,0.6643321407895558,11
5,ant_inf,3468,0.03835063437139562,0.19204130601177222,11
5,ant_isq,3469,0.03891611415393485,0.19339506253545555,11
5,ant_clau,3481,0.02528009192760701,0.15697454850942796,11
5,fum_act,3587,0.19821577920267633,0.39865559581893767,11
5,diabetes,3459,0.11332755131540907,0.31699277188646174,11
5,hip_art,3359,0.3435546293539744,0.47489456303839445,11
5,insf_car,103,0.038834951456310676,0.1932014440983728,11
5,fibr_aur,7383,0.022213192469185968,0.14737627539571238,11
5,trat_est,3519,0.2043194089229895,0.4032034077985324,11
5,var171,620,0.03225806451612903,0.17668469596940845,11
5,tv_l_esu,7911,0.017444065225635193,0.13091894367905274,11
5,tvp_orig,13294,0.2461260719121408,0.43075286259900875,11
5,tv_l_ein,3568,0.8063340807174888,0.3951701291734625,11
5,tvp_prox,5391,0.8434427749953627,0.36338280133143985,11
5,tv_l_svc,8947,0.0074885436459148315,0.08621174722726632,11
5,tv_l_vre,9439,0.009746795211357136,0.09824355039627283,11
5,tv_l_vrn,9401,0.004254866503563451,0.06509041876190615,11
5,tv_l_vca,11718,0.03754906980713432,0.19010296463693901,11
5,tv_l_yug,11767,0.01623183479221552,0.1263659856586959,11
5,tv_l_ova,11769,0.005607953097119552,0.07467599319178861,11
5,tv_l_sup,11766,0.007819139894611592,0.08807951490511337,11
5,tv_l_pul,11772,0.004162419300033979,0.06438240105498305,11
5,tv_l_ove,9423,0.029714528281863526,0.16979863100405096,11
5,fr_antfa,10080,0.13442460317460317,0.34110794367172637,11
5,fr_tvs_a,7860,0.056106870229007635,0.2301279847000641,11
5,fr_viaje,247,0.06882591093117409,0.253157865601028,11
5,fr_estro,182,0.06043956043956044,0.23829943343078508,11
5,fr_varic,514,0.17704280155642024,0.3817049226476837,11
5,fr_antec,59,0.05084745762711865,0.21968612536975796,11
5,ana_dime,899,1.5828698553948832,0.580146308665648,11
5,ana_crea,447,0.9172259507829977,0.2755403890416494,11
5,ana_trop,9388,0.879953131657435,0.3250163345798298,11
5,peso,11,89.45454545454545,14.883570175096592,11
5,tension_,646,130.10526315789474,20.27309072621357,11
5,ana_hemo,35,13.597142857142856,2.2166236505467647,11
5,ana_plaq,29,225.06896551724137,81.30060483911365,11
5,ana_leuc,77,8.367142857142857,3.387563525888407,11
5,ana_neu,11897,6.358192485500546,3.3142398547293856,11
5,protcrea,13713,15.510829286078906,31.384076383021466,11
5,splanchnic,8871,0.014992672753917259,0.12152321801866177,11
1,raza,8524,2.911074612857813,0.6342147600506088,12
1,ant_inf,3468,0.02364475201845444,0.1519397173896287,12
1,ant_isq,3469,0.028250216200634188,0.16568687783059835,12
1,ant_clau,3481,0.01580005745475438,0.12470130568354464,12
1,fum_act,3587,0.20156119319765822,0.4011661483654803,12
1,diabetes,3459,0.09280138768430182,0.29015390765621224,12
1,hip_art,3359,0.3498064900267937,0.47690870149529496,12
1,insf_car,103,0.04854368932038835,0.21491207399202586,12
1,fibr_aur,7383,0.028985507246376812,0.1677657522143511,12
1,trat_est,3519,0.1656720659278204,0.3717860036351939,12
1,var171,620,0.02903225806451613,0.1678969507054594,12
1,tv_l_esu,7911,0.041966881557325246,0.2005134968267191,12
1,tvp_orig,13294,0.23958176621032046,0.42682823654236346,12
1,tv_l_ein,3568,0.8228699551569507,0.38177872132551943,12
1,tvp_prox,5391,0.8391764051196439,0.36736816167179653,12
1,tv_l_svc,8947,0.00827092880295071,0.09056776766425918,12
1,tv_l_vre,9439,0.007733870113359466,0.08760169728052736,12
1,tv_l_vrn,9401,0.004999468141687054,0.07052994725637692,12
1,tv_l_vca,11718,0.034135518006485746,0.18157721337468155,12
1,tv_l_yug,11767,0.01521203365343758,0.12239537444513278,12
1,tv_l_ova,11769,0.005862860056079531,0.07634452781989264,12
1,tv_l_sup,11766,0.008754037055923848,0.0931525839209378,12
1,tv_l_pul,11772,0.0025484199796126403,0.05041751218793081,12
1,tv_l_ove,9423,0.033110474371219355,0.17892504256847946,12
1,fr_antfa,10080,0.13442460317460317,0.34110794367172637,12
1,fr_tvs_a,7860,0.052798982188295165,0.223631951357974,12
1,fr_viaje,247,0.03643724696356275,0.18737548931831796,12
1,fr_estro,182,0.07142857142857142,0.2575393768188564,12
1,fr_varic,514,0.18482490272373542,0.38815545604422097,12
1,fr_antec,59,0.06779661016949153,0.2513965588845988,12
1,ana_dime,899,1.6062291434927698,0.536338176315211,12
1,ana_crea,447,0.9217002237136466,0.26864273919065906,12
1,ana_trop,9388,0.879953131657435,0.3250163345798298,12
1,peso,11,91.0909090909091,19.392850348210786,12
1,tension_,646,129.4860681114551,21.378187380733742,12
1,ana_hemo,35,13.628571428571428,2.2296151402135274,12
1,ana_plaq,29,246.51724137931035,132.46434020849827,12
1,ana_leuc,77,8.001948051948053,2.6025532113831256,12
1,ana_neu,11897,6.261971253257125,3.317319051307976,12
1,protcrea,13713,14.890315758769052,32.89509426228579,12
1,splanchnic,8871,0.012287228046443468,0.11016465891282087,12
2,raza,8524,2.919521351478179,0.609327587398714,12
2,ant_inf,3468,0.03229527104959631,0.17678316242625997,12
2,ant_isq,3469,0.04064571922744307,0.1974680853604626,12
2,ant_clau,3481,0.027865555874748635,0.1645875653582004,12
2,fum_act,3587,0.21773069417340396,0.41270333047865215,12
2,diabetes,3459,0.11506215669268574,0.31909693948691137,12
2,hip_art,3359,0.3355165227746353,0.4721707167115014,12
2,insf_car,103,0.038834951456310676,0.1932014440983728,12
2,fibr_aur,7383,0.023973994311255586,0.152968107486559,12
2,trat_est,3519,0.17789144643364593,0.3824213379498994,12
2,var171,620,0.02903225806451613,0.1678969507054594,12
2,tv_l_esu,7911,0.026166097838452786,0.1596290486169773,12
2,tvp_orig,13294,0.2276967052805777,0.4193458187283467,12
2,tv_l_ein,3568,0.8265134529147982,0.37866735410602254,12
2,tvp_prox,5391,0.8456687071044333,0.36126603068756613,12
2,tv_l_svc,8947,0.008047390186654745,0.08934556339202568,12
2,tv_l_vre,9439,0.006780379277465833,0.08206342507060953,12
2,tv_l_vrn,9401,0.0054249547920434,0.07345423512329079,12
2,tv_l_vca,11718,0.042328042328042326,0.20133648243852328,12
2,tv_l_yug,11767,0.01631681822044701,0.1266908823223199,12
2,tv_l_ova,11769,0.007562239782479395,0.08663170500429783,12
2,tv_l_sup,11766,0.0053544110147883735,0.07297767670646337,12
2,tv_l_pul,11772,0.0022935779816513763,0.04783636150140875,12
2,tv_l_ove,9423,0.030881884750079594,0.17299767034374305,12
2,fr_antfa,10080,0.139484126984127,0.34645101429149106,12
2,fr_tvs_a,7860,0.04770992366412214,0.2131517929741286,12
2,fr_viaje,247,0.04048582995951417,0.19709573189697302,12
2,fr_estro,182,0.06043956043956044,0.23829943343078505,12
2,fr_varic,514,0.21206225680933852,0.40876870727376957,12
2,fr_antec,59,0.05084745762711865,0.21968612536975796,12
2,ana_dime,899,1.5962180200222469,0.5585090007949186,12
2,ana_crea,447,0.9373601789709173,0.24231399846176296,12
2,ana_trop,9388,0.8836812952705582,0.32060671181294187,12
2,peso,11,80.27272727272727,10.269911118416035,12
2,tension_,646,131.26315789473685,21.111427185994753,12
2,ana_hemo,35,13.917142857142858,1.7382233481814886,12
2,ana_plaq,29,222.48275862068965,65.17489504490322,12
2,ana_leuc,77,8.093506493506494,3.0006413886808145,12
2,ana_neu,11897,6.802244683533663,3.2927185474198986,12
2,protcrea,13713,37.43646904397287,52.05347178812706,12
2,splanchnic,8871,0.0099199639274039,0.099103775120239,12
3,raza,8524,2.88737681839512,0.6514865636136604,12
3,ant_inf,3468,0.04181084198385236,0.20015667732167639,12
3,ant_isq,3469,0.03920438166618622,0.1940809061302997,12
3,ant_clau,3481,0.028440103418557884,0.16622654401779405,12
3,fum_act,3587,0.20685809868971286,0.4050528677792442,12
3,diabetes,3459,0.10610002891008963,0.30796560323414,12
3,hip_art,3359,0.3370050610300685,0.4726866296714858,12
3,insf_car,103,0.02912621359223301,0.1681602725795026,12
3,fibr_aur,7383,0.021806853582554516,0.14605243825210024,12
3,trat_est,3519,0.19352088661551578,0.3950576578919341,12
3,var171,620,0.027419354838709678,0.16330197126470522,12
3,tv_l_esu,7911,0.01820250284414107,0.13368310190278393,12
3,tvp_orig,13294,0.22243117195727397,0.41587924413101873,12
3,tv_l_ein,3568,0.8113789237668162,0.39120731822630733,12
3,tvp_prox,5391,0.8375069560378409,0.36890250016240195,12
3,tv_l_svc,8947,0.010618084274058344,0.10249556361329665,12
3,tv_l_vre,9439,0.007204152982307448,0.08457099480386263,12
3,tv_l_vrn,9401,0.0037230081906180195,0.06090277005712147,12
3,tv_l_vca,11718,0.03729305342208568,0.1894789740011887,12
3,tv_l_yug,11767,0.01240758052179825,0.11069612670456606,12
3,tv_l_ova,11769,0.005777891069759538,0.07579252631061674,12
3,tv_l_sup,11766,0.008074111847696753,0.08949257268381346,12
3,tv_l_pul,11772,0.002378525314305131,0.04871209225268753,12
3,tv_l_ove,9423,0.026212458877215326,0.15976659812622168,12
3,fr_antfa,10080,0.14047619047619048,0.3474804028797704,12
3,fr_tvs_a,7860,0.046055979643765906,0.20960636054952844,12
3,fr_viaje,247,0.032388663967611336,0.17703004946619794,12
3,fr_estro,182,0.04395604395604396,0.20499734182612783,12
3,fr_varic,514,0.19066147859922178,0.39282270705444244,12
3,fr_antec,59,0.01694915254237288,0.1290809000993883,12
3,ana_dime,899,1.560622914349277,0.6053580295181306,12
3,ana_crea,447,0.9619686800894854,0.19127189708992443,12
3,ana_trop,9388,0.8866638261610567,0.31700328947582257,12
3,peso,11,73.27272727272727,13.273972544322897,12
3,tension_,646,129.92260061919504,21.536639168480125,12
3,ana_hemo,35,13.807142857142855,1.6398668437730313,12
3,ana_plaq,29,278.7241379310345,108.67442567904664,12
3,ana_leuc,77,8.34077922077922,3.6218753720961736,12
3,ana_neu,11897,6.886533748003699,3.3687608822149397,12
3,protcrea,13713,64.80540071465032,76.06671759807149,12
3,splanchnic,8871,0.010821778829895164,0.10346336517266386,12
4,raza,8524,2.9174096668230876,0.610968145472575,12
4,ant_inf,3468,0.04181084198385236,0.20015667732167639,12
4,ant_isq,3469,0.044681464398962235,0.2066035603229686,12
4,ant_clau,3481,0.023843723068083883,0.15256211829394742,12
4,fum_act,3587,0.20351268469473097,0.4026105709778048,12
4,diabetes,3459,0.11043654235328129,0.3134331068447193,12
4,hip_art,3359,0.33045549270616253,0.47037714660311675,12
4,insf_car,103,0.05825242718446602,0.23422015692844309,12
4,fibr_aur,7383,0.024515779493430853,0.15464396544728262,12
4,trat_est,3519,0.18101733447001989,0.385032542899154,12
4,var171,620,0.024193548387096774,0.15364966841336816,12
4,tv_l_esu,7911,0.016812033876880295,0.1285666729514415,12
4,tvp_orig,13294,0.2436437490597262,0.4292801796074998,12
4,tv_l_ein,3568,0.8211883408071748,0.38319453248909247,12
4,tvp_prox,5391,0.8484511222407717,0.35858306626100844,12
4,tv_l_svc,8947,0.007935620878506761,0.08872793697466073,12
4,tv_l_vre,9439,0.0086873609492531,0.09280027321614139,12
4,tv_l_vrn,9401,0.004254866503563451,0.06509041876190615,12
4,tv_l_vca,11718,0.036183649086874894,0.18674686777997856,12
4,tv_l_yug,11767,0.01555196736636356,0.12373400372330606,12
4,tv_l_ova,11769,0.008072053700399354,0.08948125864926812,12
4,tv_l_sup,11766,0.006204317525072242,0.07852276083480714,12
4,tv_l_pul,11772,0.0016989466530750934,0.041183251854911826,12
4,tv_l_ove,9423,0.026212458877215326,0.15976659812622165,12
4,fr_antfa,10080,0.13095238095238096,0.33734826941201795,12
4,fr_tvs_a,7860,0.0583969465648855,0.23449252268842902,12
4,fr_viaje,247,0.044534412955465584,0.20627917737420234,12
4,fr_estro,182,0.06043956043956044,0.23829943343078505,12
4,fr_varic,514,0.20233463035019456,0.40174037351409514,12
4,fr_antec,59,0.0847457627118644,0.2785029953416099,12
4,ana_dime,899,1.6062291434927698,0.5466096503867539,12
4,ana_crea,447,0.9284116331096197,0.2578051058771889,12
4,ana_trop,9388,0.8878355347251811,0.31556868983540315,12
4,peso,11,86.54545454545455,19.523243193521626,12
4,tension_,646,128.99071207430342,20.8543505893192,12
4,ana_hemo,35,13.12,2.5157560635778204,12
4,ana_plaq,29,203.13793103448276,59.306174672963614,12
4,ana_leuc,77,7.996246753246753,2.960051456887958,12
4,ana_neu,11897,6.457749180465664,3.3022071896289806,12
4,protcrea,13713,19.68264566469773,40.686229273088,12
4,splanchnic,8871,0.011498140006763611,0.10661112879595862,12
5,raza,8524,2.9124824026278744,0.6003979472159803,12
5,ant_inf,3468,0.037197231833910036,0.18924480911719715,12
5,ant_isq,3469,0.033727298933410206,0.18052636439054157,12
5,ant_clau,3481,0.02700373455903476,0.16209420988702822,12
5,fum_act,3587,0.20908837468636743,0.4066576278116281,12
5,diabetes,3459,0.10610002891008963,0.30796560323414,12
5,hip_art,3359,0.34206609109854125,0.4744016024626242,12
5,insf_car,103,0.02912621359223301,0.1681602725795026,12
5,fibr_aur,7383,0.02519301097114994,0.15671095420983644,12
5,trat_est,3519,0.18073316283034954,0.3847969421444093,12
5,var171,620,0.037096774193548385,0.1889989511557704,12
5,tv_l_esu,7911,0.016938440146631272,0.12904080514329666,12
5,tvp_orig,13294,0.2617722280728148,0.4395992819405066,12
5,tv_l_ein,3568,0.8071748878923767,0.3945169048954757,12
5,tvp_prox,5391,0.8375069560378409,0.36890250016240195,12
5,tv_l_svc,8947,0.008159159494802727,0.08995881063654132,12
5,tv_l_vre,9439,0.007416039834728255,0.08579651617576309,12
5,tv_l_vrn,9401,0.0037230081906180195,0.06090277005712147,12
5,tv_l_vca,11718,0.03601297149684247,0.18632240171490405,12
5,tv_l_yug,11767,0.015466983938132063,0.12340079556465441,12
5,tv_l_ova,11769,0.005947829042399524,0.07689247279208747,12
5,tv_l_sup,11766,0.010708822029576747,0.1029278541519039,12
5,tv_l_pul,11772,0.0028032619775739042,0.05287157742926716,12
5,tv_l_ove,9423,0.030988008065371962,0.17328517369213214,12
5,fr_antfa,10080,0.1461309523809524,0.3532374514928849,12
5,fr_tvs_a,7860,0.05305343511450382,0.2241400636589875,12
5,fr_viaje,247,0.044534412955465584,0.20627917737420234,12
5,fr_estro,182,0.06593406593406594,0.2481668085854113,12
5,fr_varic,514,0.17509727626459143,0.3800502862902655,12
5,fr_antec,59,0.03389830508474576,0.1809674280005307,12
5,ana_dime,899,1.6095661846496108,0.5737662498512028,12
5,ana_crea,447,0.9261744966442953,0.2614867079030625,12
5,ana_trop,9388,0.8745206646783127,0.33126163636756195,12
5,peso,11,87.61818181818181,16.402982998213144,12
5,tension_,646,130.61455108359132,20.455759981954742,12
5,ana_hemo,35,13.94857142857143,1.428959947168655,12
5,ana_plaq,29,251.13793103448276,149.65978063777513,12
5,ana_leuc,77,8.21064935064935,3.2390532277364583,12
5,ana_neu,11897,6.818183911910566,3.317108186835933,12
5,protcrea,13713,20.575724495004742,45.592216535837636,12
5,splanchnic,8871,0.008567241573667004,0.09216205263276986,12
1,raza,8524,2.914476771468794,0.639011507714932,13
1,ant_inf,3468,0.03575547866205306,0.1856798976941245,13
1,ant_isq,3469,0.032862496396656095,0.17827661856574423,13
1,ant_clau,3481,0.018385521401896008,0.13434096175283408,13
1,fum_act,3587,0.19877334820183998,0.3990770655480844,13
1,diabetes,3459,0.0838392599017057,0.27714660091879156,13
1,hip_art,3359,0.32420363203334324,0.46807652900966074,13
1,insf_car,103,0.02912621359223301,0.1681602725795026,13
1,fibr_aur,7383,0.025870242448869023,0.15874814331042036,13
1,trat_est,3519,0.17050298380221654,0.37607408354838495,13
1,var171,620,0.03064516129032258,0.17235438891949548,13
1,tv_l_esu,7911,0.04272531917583112,0.20223715355283875,13
1,tvp_orig,13294,0.25763502331879046,0.4373319312356653,13
1,tv_l_ein,3568,0.8088565022421524,0.3932018069932325,13
1,tvp_prox,5391,0.842886291968095,0.36390794272778704,13
1,tv_l_svc,8947,0.006706158488878954,0.0816160886541434,13
1,tv_l_vre,9439,0.008581417523042695,0.09223761053029242,13
1,tv_l_vrn,9401,0.006382299755345176,0.07963395007895878,13
1,tv_l_vca,11718,0.037378392217101895,0.18968723734707715,13
1,tv_l_yug,11767,0.01623183479221552,0.1263659856586959,13
1,tv_l_ova,11769,0.007732177755119382,0.08759218676504556,13
1,tv_l_sup,11766,0.004674485806561279,0.0682102264254088,13
1,tv_l_pul,11772,0.005351681957186544,0.07295917664979279,13
1,tv_l_ove,9423,0.026849198768969542,0.16164256646822303,13
1,fr_antfa,10080,0.13759920634920636,0.34447883064315415,13
1,fr_tvs_a,7860,0.03994910941475827,0.19583967440670938,13
1,fr_viaje,247,0.04048582995951417,0.19709573189697302,13
1,fr_estro,182,0.06593406593406594,0.24816680858541135,13
1,fr_varic,514,0.20428015564202334,0.4031746193064416,13
1,fr_antec,59,0.06779661016949153,0.2513965588845988,13
1,ana_dime,899,1.5695216907675196,0.5799820624810831,13
1,ana_crea,447,0.9217002237136466,0.26864273919065906,13
1,ana_trop,9388,0.8789944610140605,0.32613371264047786,13
1,peso,11,93.36363636363636,17.348160642729546,13
1,tension_,646,127.6470588235294,20.454719659896607,13
1,ana_hemo,35,13.397142857142857,1.8597212869960174,13
1,ana_plaq,29,269.13793103448273,100.11948865986325,13
1,ana_leuc,77,9.088701298701297,3.0394716520745093,13
1,ana_neu,11897,6.635953097419518,3.3183774777437347,13
1,protcrea,13713,22.788341281995184,42.05199763733081,13
1,splanchnic,8871,0.0127381354976891,0.11214221061550199,13
2,raza,8524,2.9189347724073205,0.5752790855293393,13
2,ant_inf,3468,0.037773933102652826,0.19064905738190557,13
2,ant_isq,3469,0.037474776592678005,0.1899221359189257,13
2,ant_clau,3481,0.021832806664751507,0.14613738473741442,13
2,fum_act,3587,0.19654307220518538,0.39738381065832645,13
2,diabetes,3459,0.10060711188204684,0.30080778068527436,13
2,hip_art,3359,0.31705864840726405,0.46533048672682403,13
2,insf_car,103,0.019417475728155338,0.13798709129662037,13
2,fibr_aur,7383,0.023567655424624138,0.15169779511387213,13
2,trat_est,3519,0.17675475987496447,0.3814610264974761,13
2,var171,620,0.03870967741935484,0.1929021469384007,13
2,tv_l_esu,7911,0.026671722917456706,0.16112213415316695,13
2,tvp_orig,13294,0.2276967052805777,0.4193458187283467,13
2,tv_l_ein,3568,0.8158632286995515,0.38759569238511254,13
2,tvp_prox,5391,0.8347245409015025,0.3714289726425206,13
2,tv_l_svc,8947,0.008829775343690623,0.09355111122306659,13
2,tv_l_vre,9439,0.007945756965780273,0.08878413096956587,13
2,tv_l_vrn,9401,0.0065950430805233485,0.08094163630227269,13
2,tv_l_vca,11718,0.03430619559651818,0.18201450640048342,13
2,tv_l_yug,11767,0.023540409620124075,0.1516121985034214,13
2,tv_l_ova,11769,0.003993542357039681,0.06306816928120089,13
2,tv_l_sup,11766,0.004164541900390957,0.06439874603709954,13
2,tv_l_pul,11772,0.0027183146449201497,0.052066547901808924,13
2,tv_l_ove,9423,0.037779900244083627,0.19066352399352826,13
2,fr_antfa,10080,0.12361111111111112,0.32913736390903364,13
2,fr_tvs_a,7860,0.04338422391857506,0.2037204776981391,13
2,fr_viaje,247,0.016194331983805668,0.12622232605765096,13
2,fr_estro,182,0.054945054945054944,0.22787298190470023,13
2,fr_varic,514,0.23929961089494164,0.4266559587307684,13
2,fr_antec,59,0.01694915254237288,0.1290809000993883,13
2,ana_dime,899,1.542825361512792,0.5863683440529558,13
2,ana_crea,447,0.9395973154362416,0.2382314006617295,13
2,ana_trop,9388,0.8861312313591819,0.3176518096423219,13
2,peso,11,80.10909090909091,14.379622864282926,13
2,tension_,646,129.6888544891641,21.21146879132438,13
2,ana_hemo,35,13.782857142857145,1.9276166948978677,13
2,ana_plaq,29,229.3448275862069,123.54093998572488,13
2,ana_leuc,77,8.58974025974026,3.2266073107413926,13
2,ana_neu,11897,6.651053795074389,3.3169764813289575,13
2,protcrea,13713,11.759063516371327,27.24104039150194,13
2,splanchnic,8871,0.010258144515838124,0.1007616741967416,13
3,raza,8524,2.9104880337869545,0.568067679114768,13
3,ant_inf,3468,0.03316032295271049,0.17905506397302037,13
3,ant_isq,3469,0.03689824156817527,0.18851196603227036,13
3,ant_clau,3481,0.02528009192760701,0.15697454850942796,13
3,fum_act,3587,0.1954279342068581,0.39652976778357774,13
3,diabetes,3459,0.09771610291991906,0.29693040624035594,13
3,hip_art,3359,0.3378981839833284,0.4729936587778922,13
3,insf_car,103,0.02912621359223301,0.1681602725795026,13
3,fibr_aur,7383,0.019368820262765814,0.13781752089046764,13
3,trat_est,3519,0.18215402102870135,0.38597141558900033,13
3,var171,620,0.03870967741935484,0.1929021469384007,13
3,tv_l_esu,7911,0.023637972443433193,0.151918460702433,13
3,tvp_orig,13294,0.24417030239205656,0.42959418736969457,13
3,tv_l_ein,3568,0.820067264573991,0.3841314178092217,13
3,tvp_prox,5391,0.8423298089408273,0.3644314776614895,13
3,tv_l_svc,8947,0.007041466413322902,0.08361748719061671,13
3,tv_l_vre,9439,0.005720945015361797,0.07542026122662931,13
3,tv_l_vrn,9401,0.003935751515796192,0.06261199067113345,13
3,tv_l_vca,11718,0.03490356716163168,0.18353557737132367,13
3,tv_l_yug,11767,0.017421602787456445,0.13083612094438038,13
3,tv_l_ova,11769,0.0087518055909593,0.09314081538110644,13
3,tv_l_sup,11766,0.006714261431242563,0.08166504836633291,13
3,tv_l_pul,11772,0.0032279986408426777,0.056723704618240486,13
3,tv_l_ove,9423,0.03279210442534225,0.17809206134103697,13
3,fr_antfa,10080,0.12767857142857142,0.3337315595303067,13
3,fr_tvs_a,7860,0.043256997455470736,0.20343507472067876,13
3,fr_viaje,247,0.044534412955465584,0.20627917737420237,13
3,fr_estro,182,0.06043956043956044,0.23829943343078505,13
3,fr_varic,514,0.17120622568093385,0.3766890680243096,13
3,fr_antec,59,0.03389830508474576,0.1809674280005307,13
3,ana_dime,899,1.5839822024471635,0.5857117246370878,13
3,ana_crea,447,0.930648769574944,0.2540504620416714,13
3,ana_trop,9388,0.8829356625479335,0.32149693365407883,13
3,peso,11,83.14545454545454,14.735014800027342,13
3,tension_,646,129.92105263157896,21.545221133484063,13
3,ana_hemo,35,13.768571428571429,1.8201681913762693,13
3,ana_plaq,29,239.3448275862069,73.70878198838761,13
3,ana_leuc,77,8.374285714285715,3.525470007745095,13
3,ana_neu,11897,6.589118853492478,3.3089198687260355,13
3,protcrea,13713,26.432248669146063,44.245178439013294,13
3,splanchnic,8871,0.013527223537368955,0.11551726174359832,13
4,raza,8524,2.91083998122947,0.6308432515982833,13
4,ant_inf,3468,0.04325259515570934,0.20342519059350947,13
4,ant_isq,3469,0.035168636494667053,0.18420587260392385,13
4,ant_clau,3481,0.025567365699511634,0.15784066494632829,13
4,fum_act,3587,0.1968218567047672,0.3975965460464355,13
4,diabetes,3459,0.09511419485400405,0.29337260402307264,13
4,hip_art,3359,0.3313486156594225,0.4706981097901359,13
4,insf_car,103,0.019417475728155338,0.13798709129662037,13
4,fibr_aur,7383,0.02302587024244887,0.14998559778200962,13
4,trat_est,3519,0.18044899119067917,0.38456098706049907,13
4,var171,620,0.025806451612903226,0.15855749325734853,13
4,tv_l_esu,7911,0.019719378081152827,0.13903425552447632,13
4,tvp_orig,13294,0.21663908530163983,0.41195459946614105,13
4,tv_l_ein,3568,0.8108183856502242,0.39165281965254445,13
4,tvp_prox,5391,0.8371359673529958,0.3692415733865294,13
4,tv_l_svc,8947,0.0076003129540628146,0.08684784509164933,13
4,tv_l_vre,9439,0.008475474096832292,0.09167137195256879,13
4,tv_l_vrn,9401,0.004893096479097968,0.06977932420097092,13
4,tv_l_vca,11718,0.03063662741082096,0.17233114771193128,13
4,tv_l_yug,11767,0.01631681822044701,0.1266908823223199,13
4,tv_l_ova,11769,0.0027190075622397824,0.05207316545127889,13
4,tv_l_sup,11766,0.0037395886452490225,0.06103772703839279,13
4,tv_l_pul,11772,0.0019537886510363573,0.044158480056988365,13
4,tv_l_ove,9423,0.02759206197601613,0.16380091602896427,13
4,fr_antfa,10080,0.13343253968253968,0.3400416107425783,13
4,fr_tvs_a,7860,0.05076335877862596,0.21951410019435758,13
4,fr_viaje,247,0.03643724696356275,0.18737548931831796,13
4,fr_estro,182,0.054945054945054944,0.22787298190470023,13
4,fr_varic,514,0.19844357976653695,0.3988279396130355,13
4,fr_antec,59,0.03389830508474576,0.1809674280005307,13
4,ana_dime,899,1.5761957730812013,0.5848766919319195,13
4,ana_crea,447,0.9373601789709173,0.24231399846176294,13
4,ana_trop,9388,0.8791009799744355,0.32600988785989715,13
4,peso,11,86.48181818181818,16.219338523773413,13
4,tension_,646,131.1733746130031,21.85770836404806,13
4,ana_hemo,35,13.245714285714286,1.8160149239699634,13
4,ana_plaq,29,253.86206896551724,99.13443472095616,13
4,ana_leuc,77,8.297142857142857,3.530784047853798,13
4,ana_neu,11897,6.5690337900311,3.304827167784724,13
4,protcrea,13713,21.80718223583461,36.20110687426984,13
4,splanchnic,8871,0.014879945891105851,0.12107242915455033,13
5,raza,8524,2.91353824495542,0.613021312691263,13
5,ant_inf,3468,0.04008073817762399,0.19614859827375963,13
5,ant_isq,3469,0.0403574517151917,0.1967961580068261,13
5,ant_clau,3481,0.027865555874748635,0.1645875653582004,13
5,fum_act,3587,0.2049066071926401,0.40363336026825286,13
5,diabetes,3459,0.10465452442902573,0.3061077505480059,13
5,hip_art,3359,0.32688300089312294,0.4690740928896303,13
5,insf_car,103,0.02912621359223301,0.16816027257950264,13
5,fibr_aur,7383,0.02695381281321956,0.16194846337044844,13
5,trat_est,3519,0.1838590508667235,0.38736920409489317,13
5,var171,620,0.04032258064516129,0.19671469222016885,13
5,tv_l_esu,7911,0.01757047149538617,0.13138397933848706,13
5,tvp_orig,13294,0.23047991575146684,0.42114002919060495,13
5,tv_l_ein,3568,0.8108183856502242,0.39165281965254445,13
5,tvp_prox,5391,0.8419588202559822,0.36477961188796837,13
5,tv_l_svc,8947,0.007823851570358779,0.08810583928982103,13
5,tv_l_vre,9439,0.006780379277465833,0.08206342507060953,13
5,tv_l_vrn,9401,0.006807786405701521,0.08222797851069835,13
5,tv_l_vca,11718,0.030551288615804743,0.17209853973732187,13
5,tv_l_yug,11767,0.014192232514659642,0.11828276734549915,13
5,tv_l_ova,11769,0.005947829042399524,0.07689247279208747,13
5,tv_l_sup,11766,0.007479177290498045,0.08615822188018589,13
5,tv_l_pul,11772,0.0005096839959225281,0.02257042795666109,13
5,tv_l_ove,9423,0.02377162262549082,0.15233690486301102,13
5,fr_antfa,10080,0.1419642857142857,0.3490135058932797,13
5,fr_tvs_a,7860,0.05267175572519084,0.22337735309116877,13
5,fr_viaje,247,0.04048582995951417,0.19709573189697302,13
5,fr_estro,182,0.06043956043956044,0.23829943343078502,13
5,fr_varic,514,0.21011673151750973,0.4073913237342058,13
5,fr_antec,59,0.05084745762711865,0.21968612536975796,13
5,ana_dime,899,1.5939933259176864,0.552884602530392,13
5,ana_crea,447,0.9373601789709173,0.24231399846176294,13
5,ana_trop,9388,0.8808052833404346,0.32401749363269156,13
5,peso,11,80.54545454545455,23.054731860445152,13
5,tension_,646,128.80185758513932,21.162669311803995,13
5,ana_hemo,35,13.654285714285713,1.9983339999885414,13
5,ana_plaq,29,237.0344827586207,89.35920644486833,13
5,ana_leuc,77,8.383246753246754,3.4400832221730444,13
5,ana_neu,11897,6.524581911406237,3.3388804631869102,13
5,protcrea,13713,8.563016553635237,18.133706709579297,13
5,splanchnic,8871,0.012850862360500507,0.11263089139792858,13
1,raza,8524,2.909784138901924,0.6248063053041069,14
1,ant_inf,3468,0.024509803921568627,0.15462559113321078,14
1,ant_isq,3469,0.030268088786393775,0.1713240543169953,14
1,ant_clau,3481,0.02010916403332376,0.14037373527553024,14
1,fum_act,3587,0.20211876219682184,0.4015803383693559,14
1,diabetes,3459,0.09077768141081237,0.28729269738106716,14
1,hip_art,3359,0.3310509080083358,0.4705913347217437,14
1,insf_car,103,0.009708737864077669,0.09805344600351532,14
1,fibr_aur,7383,0.023567655424624138,0.15169779511387213,14
1,trat_est,3519,0.17391304347826086,0.37903469074266727,14
1,var171,620,0.02903225806451613,0.1678969507054594,14
1,tv_l_esu,7911,0.04057641259006447,0.1973067848082912,14
1,tvp_orig,13294,0.185121107266436,0.388395781273284,14
1,tv_l_ein,3568,0.8307174887892377,0.3750012568098145,14
1,tvp_prox,5391,0.8464106844741235,0.3605546251016193,14
1,tv_l_svc,8947,0.005923773331843076,0.07673774978037876,14
1,tv_l_vre,9439,0.005191227884309779,0.0718629183749376,14
1,tv_l_vrn,9401,0.004467609828741623,0.06669070618279398,14
1,tv_l_vca,11718,0.037805086192182966,0.19072457012714586,14
1,tv_l_yug,11767,0.015466983938132063,0.12340079556465441,14
1,tv_l_ova,11769,0.00450335627495964,0.06695577687713304,14
1,tv_l_sup,11766,0.007224205337412885,0.08468775705292812,14
1,tv_l_pul,11772,0.0030581039755351682,0.05521550484791371,14
1,tv_l_ove,9423,0.038204393505253106,0.19168937848026132,14
1,fr_antfa,10080,0.12450396825396826,0.33015561504082147,14
1,fr_tvs_a,7860,0.04783715012722646,0.21342154810358688,14
1,fr_viaje,247,0.05668016194331984,0.23123045038532206,14
1,fr_estro,182,0.054945054945054944,0.2278729819047003,14
1,fr_varic,514,0.1867704280155642,0.3897271291999662,14
1,fr_antec,59,0.03389830508474576,0.1809674280005307,14
1,ana_dime,899,1.600667408231368,0.5676088043615269,14
1,ana_crea,447,0.9351230425055929,0.24630862323653233,14
1,ana_trop,9388,0.8827226246271836,0.32175051297314183,14
1,peso,11,79.72727272727273,15.106235371774067,14
1,tension_,646,130.35758513931887,21.561791033180448,14
1,ana_hemo,35,14.14857142857143,1.5694168941855768,14
1,ana_plaq,29,235.48275862068965,91.7224526679509,14
1,ana_leuc,77,8.490259740259738,3.241602928016417,14
1,ana_neu,11897,6.63421963520215,3.2940067270452027,14
1,protcrea,13713,15.789160942171662,28.669474837532583,14
1,splanchnic,8871,0.012399954909254876,0.11066253217554403,14
2,raza,8524,2.911661191928672,0.6391792232888042,14
2,ant_inf,3468,0.03892733564013841,0.1934218141267898,14
2,ant_isq,3469,0.03776304410492937,0.19062265501471362,14
2,ant_clau,3481,0.018672795173800633,0.13536662031017072,14
2,fum_act,3587,0.20434903819347644,0.4032251341160141,14
2,diabetes,3459,0.09916160740098294,0.29887887683581166,14
2,hip_art,3359,0.3364096457278952,0.4724808948403387,14
2,insf_car,103,0.038834951456310676,0.1932014440983728,14
2,fibr_aur,7383,0.022348638764729784,0.14781467149810743,14
2,trat_est,3519,0.1815856777493606,0.3855026840187575,14
2,var171,620,0.03387096774193549,0.18089700187167349,14
2,tv_l_esu,7911,0.030463911009986095,0.17186000446864227,14
2,tvp_orig,13294,0.18339100346020762,0.38698674823573187,14
2,tv_l_ein,3568,0.8290358744394619,0.37647761332097646,14
2,tvp_prox,5391,0.8447412353923205,0.36215118475600305,14
2,tv_l_svc,8947,0.010729853582206326,0.10302778180816445,14
2,tv_l_vre,9439,0.0039199067697849345,0.06248632731006942,14
2,tv_l_vrn,9401,0.00627592809275609,0.07897177229447648,14
2,tv_l_vca,11718,0.032172725721112815,0.17645861112676497,14
2,tv_l_yug,11767,0.015297017081669074,0.12273148882854881,14
2,tv_l_ova,11769,0.005777891069759538,0.07579252631061674,14
2,tv_l_sup,11766,0.006289308176100629,0.07905537792438071,14
2,tv_l_pul,11772,0.004332313965341488,0.06567758385512668,14
2,tv_l_ove,9423,0.03459620078531253,0.1827547637588002,14
2,fr_antfa,10080,0.13541666666666666,0.34216807720118425,14
2,fr_tvs_a,7860,0.051017811704834604,0.2200340759829819,14
2,fr_viaje,247,0.048582995951417005,0.2149946242486114,14
2,fr_estro,182,0.07142857142857142,0.2575393768188563,14
2,fr_varic,514,0.2140077821011673,0.4101322363595754,14
2,fr_antec,59,0.06779661016949153,0.2513965588845988,14
2,ana_dime,899,1.5862068965517242,0.5660677209014325,14
2,ana_crea,447,0.9373601789709173,0.2423139984617629,14
2,ana_trop,9388,0.8775031955688113,0.3278587155091898,14
2,peso,11,78.54545454545455,8.637798923796147,14
2,tension_,646,129.61300309597524,20.788975509777302,14
2,ana_hemo,35,13.625714285714283,2.1980956507385927,14
2,ana_plaq,29,232.0344827586207,67.58671709870762,14
2,ana_leuc,77,8.095454545454544,2.900856365029349,14
2,ana_neu,11897,6.256322013953096,3.358290744410714,14
2,protcrea,13713,20.850163202800264,39.32569219037817,14
2,splanchnic,8871,0.011272686281140795,0.10557278449083257,14
3,raza,8524,2.921984983575786,0.5917784930630172,14
3,ant_inf,3468,0.03748558246828143,0.1899484497838693,14
3,ant_isq,3469,0.03257422888440473,0.17751943132229536,14
3,ant_clau,3481,0.021832806664751507,0.14613738473741442,14
3,fum_act,3587,0.20351268469473097,0.4026105709778048,14
3,diabetes,3459,0.09916160740098294,0.29887887683581166,14
3,hip_art,3359,0.3307532003572492,0.4704843470410961,14
3,insf_car,103,0.019417475728155338,0.13798709129662035,14
3,fibr_aur,7383,0.025328457266693756,0.15712073866674325,14
3,trat_est,3519,0.18044899119067917,0.38456098706049907,14
3,var171,620,0.03225806451612903,0.17668469596940845,14
3,tv_l_esu,7911,0.0217418783971685,0.14583953209240366,14
3,tvp_orig,13294,0.21964796148638482,0.4140081333757351,14
3,tv_l_ein,3568,0.813060538116592,0.3898629239542405,14
3,tvp_prox,5391,0.841216842886292,0.3654737557345418,14
3,tv_l_svc,8947,0.00827092880295071,0.09056776766425918,14
3,tv_l_vre,9439,0.0037080199173641277,0.06078051090322094,14
3,tv_l_vrn,9401,0.00712690139346878,0.08411960930720346,14
3,tv_l_vca,11718,0.03277009728622632,0.17803431694501365,14
3,tv_l_yug,11767,0.014277215942891136,0.11863126505188752,14
3,tv_l_ova,11769,0.005522984110799558,0.0741112728086046,14
3,tv_l_sup,11766,0.0053544110147883735,0.07297767670646337,14
3,tv_l_pul,11772,0.0037376826367652057,0.06102222845219625,14
3,tv_l_ove,9423,0.030988008065371962,0.17328517369213214,14
3,fr_antfa,10080,0.12023809523809524,0.3252397510938815,14
3,fr_tvs_a,7860,0.0405852417302799,0.19732734195740498,14
3,fr_viaje,247,0.05263157894736842,0.22329687826943606,14
3,fr_estro,182,0.06043956043956044,0.23829943343078502,14
3,fr_varic,514,0.21011673151750973,0.4073913237342058,14
3,fr_antec,59,0.06779661016949153,0.2513965588845988,14
3,ana_dime,899,1.6218020022246942,0.5594895583598298,14
3,ana_crea,447,0.9463087248322147,0.225407458036868,14
3,ana_trop,9388,0.8834682573498083,0.3208614897507976,14
3,peso,11,77.27272727272727,8.995866819529441,14
3,tension_,646,128.58978328173376,20.548677108582574,14
3,ana_hemo,35,13.954285714285714,1.6280299851824171,14
3,ana_plaq,29,230.20689655172413,65.27468713079965,14
3,ana_leuc,77,7.735454545454543,3.131084018523101,14
3,ana_neu,11897,6.2801710515255955,3.2587291679849235,14
3,protcrea,13713,16.89537781667031,33.19203495110977,14
3,splanchnic,8871,0.012625408634877692,0.11165127716098928,14
4,raza,8524,2.9217503519474426,0.5978617739058965,14
4,ant_inf,3468,0.04555940023068051,0.20852755520866106,14
4,ant_isq,3469,0.035168636494667053,0.18420587260392385,14
4,ant_clau,3481,0.028727377190462512,0.16703926182254103,14
4,fum_act,3587,0.2074156676888765,0.40545580336955844,14
4,diabetes,3459,0.10002891008962128,0.30003854291724547,14
4,hip_art,3359,0.33045549270616253,0.4703771466031167,14
4,insf_car,103,0.009708737864077669,0.09805344600351532,14
4,fibr_aur,7383,0.024109440606799405,0.1533889679228158,14
4,trat_est,3519,0.18471156578573458,0.38806340107090337,14
4,var171,620,0.035483870967741936,0.18499936721212476,14
4,tv_l_esu,7911,0.015800783718872457,0.12470412564443033,14
4,tvp_orig,13294,0.22115239957875735,0.41502290989692964,14
4,tv_l_ein,3568,0.8141816143497758,0.38896004062701445,14
4,tvp_prox,5391,0.8447412353923205,0.36215118475600305,14
4,tv_l_svc,8947,0.005923773331843076,0.07673774978037876,14
4,tv_l_vre,9439,0.004131793622205742,0.06414609811726074,14
4,tv_l_vrn,9401,0.006807786405701521,0.08222797851069835,14
4,tv_l_vca,11718,0.032855436081242535,0.17825811734996508,14
4,tv_l_yug,11767,0.015636950794595053,0.12406625876700912,14
4,tv_l_ova,11769,0.006287704987679497,0.07904536516246484,14
4,tv_l_sup,11766,0.005779364269930308,0.07580213201860327,14
4,tv_l_pul,11772,0.0034828406388039417,0.05891273597354512,14
4,tv_l_ove,9423,0.030881884750079594,0.17299767034374303,14
4,fr_antfa,10080,0.12718253968253967,0.3331773420904232,14
4,fr_tvs_a,7860,0.044529262086514,0.20626780384864857,14
4,fr_viaje,247,0.03643724696356275,0.18737548931831796,14
4,fr_estro,182,0.07142857142857142,0.2575393768188563,14
4,fr_varic,514,0.188715953307393,0.39128281622718225,14
4,fr_antec,59,0.05084745762711865,0.21968612536975796,14
4,ana_dime,899,1.5661846496106786,0.572654585264673,14
4,ana_crea,447,0.9284116331096197,0.25780510587718897,14
4,ana_trop,9388,0.8797400937366852,0.3252652167214527,14
4,peso,11,85.27272727272727,10.720336740733043,14
4,tension_,646,128.08823529411765,21.945470367281516,14
4,ana_hemo,35,13.774285714285716,1.835420209908013,14
4,ana_plaq,29,247.06896551724137,75.83827212970704,14
4,ana_leuc,77,7.492597402597402,2.970004330136947,14
4,ana_neu,11897,6.69347726317559,3.3338747787580054,14
4,protcrea,13713,18.151167067745934,33.195523785091936,14
4,splanchnic,8871,0.01375267726299177,0.11646261688237886,14
5,raza,8524,2.9053261379633977,0.6325481039920741,14
5,ant_inf,3468,0.03517877739331027,0.18423146043611058,14
5,ant_isq,3469,0.0441049293744595,0.20532823619593438,14
5,ant_clau,3481,0.020970985349037633,0.14328713523037606,14
5,fum_act,3587,0.18734318371898523,0.3901867696796238,14
5,diabetes,3459,0.10176351546689795,0.3023370675036661,14
5,hip_art,3359,0.32420363203334324,0.46807652900966074,14
5,insf_car,103,0.038834951456310676,0.1932014440983728,14
5,fibr_aur,7383,0.02207774617364215,0.14693644645742046,14
5,trat_est,3519,0.17817561807331628,0.3826605116777899,14
5,var171,620,0.03387096774193549,0.1808970018716735,14
5,tv_l_esu,7911,0.01807609657439009,0.13322669142113905,14
5,tvp_orig,13294,0.17030239205656686,0.37589824064017413,14
5,tv_l_ein,3568,0.8167040358744395,0.3869089733527018,14
5,tvp_prox,5391,0.8582823223891671,0.34876034388018495,14
5,tv_l_svc,8947,0.0074885436459148315,0.08621174722726632,14
5,tv_l_vre,9439,0.004661510753257761,0.06811593844875824,14
5,tv_l_vrn,9401,0.007020529730879694,0.08349396321398049,14
5,tv_l_vca,11718,0.03353814644137225,0.18003704944996549,14
5,tv_l_yug,11767,0.013767315373502167,0.11652371604488374,14
5,tv_l_ova,11769,0.006032798028719517,0.0774364473401524,14
5,tv_l_sup,11766,0.002634710181879993,0.051261764348659436,14
5,tv_l_pul,11772,0.002378525314305131,0.04871209225268753,14
5,tv_l_ove,9423,0.03618805051469808,0.18675779907314108,14
5,fr_antfa,10080,0.13293650793650794,0.3395061012620461,14
5,fr_tvs_a,7860,0.04440203562340967,0.20598663756638952,14
5,fr_viaje,247,0.04048582995951417,0.19709573189697302,14
5,fr_estro,182,0.09340659340659341,0.2910013775135244,14
5,fr_varic,514,0.19066147859922178,0.39282270705444244,14
5,fr_antec,59,0.01694915254237288,0.1290809000993883,14
5,ana_dime,899,1.581757508342603,0.5608082748814867,14
5,ana_crea,447,0.930648769574944,0.2540504620416714,14
5,ana_trop,9388,0.884000852151683,0.3202238990874687,14
5,peso,11,85.0909090909091,13.852827380945776,14
5,tension_,646,128.6625386996904,21.74879212462341,14
5,ana_hemo,35,13.45142857142857,1.9131681172594213,14
5,ana_plaq,29,257.7241379310345,99.9554716556928,14
5,ana_leuc,77,7.6712987012987,3.8325581808341584,14
5,ana_neu,11897,6.349829620912836,3.263014946221591,14
5,protcrea,13713,14.362267337562898,29.169833387068817,14
5,splanchnic,8871,0.014541765302671627,0.11970924093215882,14
1,raza,8524,2.9357109338338807,0.610479574671545,15
1,ant_inf,3468,0.025374855824682813,0.15726084228618192,15
1,ant_isq,3469,0.028826751225136928,0.16731936420791524,15
1,ant_clau,3481,0.014938236139040505,0.12130575105943976,15
1,fum_act,3587,0.19877334820183998,0.3990770655480844,15
1,diabetes,3459,0.08701936976004626,0.28186344042214945,15
1,hip_art,3359,0.33224173861268236,0.4710171607662553,15
1,insf_car,103,0.02912621359223301,0.16816027257950264,15
1,fibr_aur,7383,0.025599349857781388,0.15793676945106955,15
1,trat_est,3519,0.17533390167661267,0.380252448512128,15
1,var171,620,0.03387096774193549,0.1808970018716735,15
1,tv_l_esu,7911,0.037921880925293895,0.19100736078062996,15
1,tvp_orig,13294,0.179705130133895,0.38394165746562964,15
1,tv_l_ein,3568,0.8144618834080718,0.38873348695918686,15
1,tvp_prox,5391,0.836208495640883,0.37008627029233926,15
1,tv_l_svc,8947,0.006706158488878954,0.0816160886541434,15
1,tv_l_vre,9439,0.009534908358936329,0.09718021342600053,15
1,tv_l_vrn,9401,0.005318583129454314,0.072734419657748,15
1,tv_l_vca,11718,0.03259941969619389,0.177585746983437,15
1,tv_l_yug,11767,0.016741735361604487,0.12830218103635846,15
1,tv_l_ova,11769,0.006287704987679497,0.07904536516246483,15
1,tv_l_sup,11766,0.0053544110147883735,0.07297767670646337,15
1,tv_l_pul,11772,0.004162419300033979,0.06438240105498305,15
1,tv_l_ove,9423,0.02334712936432134,0.15100344669830218,15
1,fr_antfa,10080,0.13353174603174603,0.34014852466747425,15
1,fr_tvs_a,7860,0.05407124681933842,0.2261582346206757,15
1,fr_viaje,247,0.044534412955465584,0.20627917737420237,15
1,fr_estro,182,0.04945054945054945,0.2168068094170204,15
1,fr_varic,514,0.19649805447470817,0.3973494294224704,15
1,fr_antec,59,0.03389830508474576,0.18096742800053067,15
1,ana_dime,899,1.5973303670745274,0.5720925359791037,15
1,ana_crea,447,0.9328859060402684,0.25021948835311747,15
1,ana_trop,9388,0.8837878142309331,0.3204791937830641,15
1,peso,11,85.36363636363636,14.561922495908961,15
1,tension_,646,129.60526315789474,22.45112828241953,15
1,ana_hemo,35,14.054285714285715,1.9103242592581513,15
1,ana_plaq,29,249.75862068965517,91.82203746168315,15
1,ana_leuc,77,8.606623376623377,2.766451433421434,15
1,ana_neu,11897,6.801658401277633,3.351354701939935,15
1,protcrea,13713,19.815797418507987,36.242479608012275,15
1,splanchnic,8871,0.010821778829895164,0.10346336517266386,15
2,raza,8524,2.9209291412482403,0.6058438082466214,15
2,ant_inf,3468,0.03373702422145329,0.18055148135125992,15
2,ant_isq,3469,0.03805131161718074,0.1913201748415283,15
2,ant_clau,3481,0.023269175524274634,0.15075715901639675,15
2,fum_act,3587,0.20546417619180374,0.40404040453106566,15
2,diabetes,3459,0.09800520381613183,0.297321684108459,15
2,hip_art,3359,0.3355165227746353,0.4721707167115014,15
2,insf_car,103,0.038834951456310676,0.1932014440983728,15
2,fibr_aur,7383,0.021535960991466884,0.14516254122755257,15
2,trat_est,3519,0.17817561807331628,0.3826605116777899,15
2,var171,620,0.03387096774193549,0.1808970018716735,15
2,tv_l_esu,7911,0.021994690936670457,0.14666603051583146,15
2,tvp_orig,13294,0.14149240258763351,0.34852876868002236,15
2,tv_l_ein,3568,0.8133408071748879,0.3896377016652645,15
2,tvp_prox,5391,0.8419588202559822,0.3647796118879684,15
2,tv_l_svc,8947,0.006035542639991058,0.07745395319176361,15
2,tv_l_vre,9439,0.006674435851255429,0.08142412269912956,15
2,tv_l_vrn,9401,0.005637698117221572,0.07487265506952889,15
2,tv_l_vca,11718,0.03430619559651818,0.18201450640048342,15
2,tv_l_yug,11767,0.013767315373502167,0.11652371604488374,15
2,tv_l_ova,11769,0.0072223638371994225,0.08467704114931353,15
2,tv_l_sup,11766,0.006629270780214177,0.08115000646418197,15
2,tv_l_pul,11772,0.004502208630648998,0.06694728335111969,15
2,tv_l_ove,9423,0.027485938660723762,0.16349453151913884,15
2,fr_antfa,10080,0.13303571428571428,0.3396133286698331,15
2,fr_tvs_a,7860,0.04961832061068702,0.21715511246678512,15
2,fr_viaje,247,0.048582995951417005,0.2149946242486114,15
2,fr_estro,182,0.04945054945054945,0.21680680941702038,15
2,fr_varic,514,0.2178988326848249,0.41281827890660994,15
2,fr_antec,59,0.03389830508474576,0.1809674280005307,15
2,ana_dime,899,1.5984427141268076,0.5460321224561095,15
2,ana_crea,447,0.9239373601789709,0.265098311281844,15
2,ana_trop,9388,0.8678099701746911,0.3386972480550925,15
2,peso,11,77.54545454545455,9.754846220899047,15
2,tension_,646,129.54798761609908,23.145789538265742,15
2,ana_hemo,35,13.631428571428572,1.9070952375007282,15
2,ana_plaq,29,243.79310344827587,77.55015254230082,15
2,ana_leuc,77,8.382467532467533,2.959553825553517,15
2,ana_neu,11897,7.067420862402286,3.398085400137908,15
2,protcrea,13713,20.691559396193398,37.67792624797296,15
2,splanchnic,8871,0.013189042948934731,0.11408370652738227,15
3,raza,8524,2.918348193336462,0.6219406910635699,15
3,ant_inf,3468,0.04123414071510957,0.19883130124453777,15
3,ant_isq,3469,0.03718650908042664,0.1892185842427693,15
3,ant_clau,3481,0.023269175524274634,0.15075715901639675,15
3,fum_act,3587,0.21048229718427655,0.4076511986445108,15
3,diabetes,3459,0.10205261636311072,0.30271749182456315,15
3,hip_art,3359,0.33581423042572195,0.4722743197224491,15
3,insf_car,103,0.038834951456310676,0.1932014440983728,15
3,fibr_aur,7383,0.025734796153325207,0.15834303401246297,15
3,trat_est,3519,0.19210002841716398,0.39395127553961384,15
3,var171,620,0.025806451612903226,0.1585574932573485,15
3,tv_l_esu,7911,0.01870812792314499,0.13549219118737515,15
3,tvp_orig,13294,0.1583421092222055,0.36506148204003747,15
3,tv_l_ein,3568,0.8125,0.3903123748998999,15
3,tvp_prox,5391,0.8501205713225747,0.3569531979640383,15
3,tv_l_svc,8947,0.005476696099251146,0.07380177436273191,15
3,tv_l_vre,9439,0.00815764381820108,0.0899505234311421,15
3,tv_l_vrn,9401,0.004467609828741623,0.06669070618279396,15
3,tv_l_vca,11718,0.030209933435739886,0.17116452131662113,15
3,tv_l_yug,11767,0.014107249086428146,0.11793317857855616,15
3,tv_l_ova,11769,0.009941371399439205,0.09920957884265823,15
3,tv_l_sup,11766,0.006204317525072242,0.07852276083480714,15
3,tv_l_pul,11772,0.00382262996941896,0.06170913602973113,15
3,tv_l_ove,9423,0.026000212246630586,0.15913579487268334,15
3,fr_antfa,10080,0.12926587301587303,0.33549397474368625,15
3,fr_tvs_a,7860,0.04720101781170483,0.21206857789225625,15
3,fr_viaje,247,0.02834008097165992,0.1659425225256615,15
3,fr_estro,182,0.07142857142857142,0.2575393768188564,15
3,fr_varic,514,0.19649805447470817,0.3973494294224704,15
3,fr_antec,59,0.03389830508474576,0.1809674280005307,15
3,ana_dime,899,1.5728587319243603,0.5776498674498239,15
3,ana_crea,447,0.9217002237136466,0.26864273919065906,15
3,ana_trop,9388,0.8776097145291862,0.32773602715171013,15
3,peso,11,79.9090909090909,12.754354304276177,15
3,tension_,646,128.6764705882353,21.102630767611664,15
3,ana_hemo,35,13.954285714285716,2.0691396220434726,15
3,ana_plaq,29,219.79310344827587,70.88620278686835,15
3,ana_leuc,77,8.268831168831172,2.990992526933386,15
3,ana_neu,11897,6.437981423888375,3.3226563492945917,15
3,protcrea,13713,17.6391123751185,32.38583561645108,15
3,splanchnic,8871,0.010596325104272348,0.10239161586065978,15
4,raza,8524,2.9090802440168937,0.6017471423381986,15
4,ant_inf,3468,0.04354094579008074,0.20407138905242445,15
4,ant_isq,3469,0.04439319688671087,0.20596708707191205,15
4,ant_clau,3481,0.026141913243320884,0.15955724244076033,15
4,fum_act,3587,0.19988848620016728,0.39991634035729623,15
4,diabetes,3459,0.10378722174038739,0.3049843181932459,15
4,hip_art,3359,0.343852337005061,0.47499253398471325,15
4,insf_car,103,0.02912621359223301,0.16816027257950264,15
4,fibr_aur,7383,0.021535960991466884,0.14516254122755254,15
4,trat_est,3519,0.18868996874111962,0.3912621428628061,15
4,var171,620,0.025806451612903226,0.1585574932573485,15
4,tv_l_esu,7911,0.016053596258374415,0.1256816546101599,15
4,tvp_orig,13294,0.1746652625244471,0.37968053491285686,15
4,tv_l_ein,3568,0.8024103139013453,0.398180865996961,15
4,tvp_prox,5391,0.8317566314227416,0.37408226034795505,15
4,tv_l_svc,8947,0.007376774337766849,0.08557077502358218,15
4,tv_l_vre,9439,0.008793304375463502,0.0933594246641653,15
4,tv_l_vrn,9401,0.006169556430167003,0.07830385050316484,15
4,tv_l_vca,11718,0.036268987881891104,0.1869586809964018,15
4,tv_l_yug,11767,0.01852638735446588,0.1348449492048485,15
4,tv_l_ova,11769,0.005353046138159572,0.07296842491929167,15
4,tv_l_sup,11766,0.008414074451810302,0.09134154478072777,15
4,tv_l_pul,11772,0.0029731566428814137,0.054445541437828524,15
4,tv_l_ove,9423,0.029714528281863526,0.16979863100405096,15
4,fr_antfa,10080,0.14990079365079365,0.3569741527248938,15
4,fr_tvs_a,7860,0.05127226463104326,0.22055253231520042,15
4,fr_viaje,247,0.024291497975708502,0.15395265863831212,15
4,fr_estro,182,0.054945054945054944,0.2278729819047003,15
4,fr_varic,514,0.20817120622568094,0.40599994473426465,15
4,fr_antec,59,0.03389830508474576,0.1809674280005307,15
4,ana_dime,899,1.5884315906562847,0.569643340734132,15
4,ana_crea,447,0.9239373601789709,0.265098311281844,15
4,ana_trop,9388,0.8646144013634427,0.34213497090823425,15
4,peso,11,88.36363636363636,15.581298389548037,15
4,tension_,646,129.04024767801857,20.056999023926195,15
4,ana_hemo,35,13.568571428571426,1.7222529146559211,15
4,ana_plaq,29,228.01379310344825,94.55677996493168,15
4,ana_leuc,77,8.372467532467534,2.7886216656980207,15
4,ana_neu,11897,6.875955955282844,3.3375439936123974,15
4,protcrea,13713,16.253420841537224,30.6794458762825,15
4,splanchnic,8871,0.011385413143952203,0.10609328683518918,15
5,raza,8524,2.9197559831065227,0.581781222984848,15
5,ant_inf,3468,0.040369088811995385,0.19682333571120225,15
5,ant_isq,3469,0.03603343903142116,0.18637336264335097,15
5,ant_clau,3481,0.024418270611893136,0.15434383263421148,15
5,fum_act,3587,0.1990521327014218,0.3992873416080672,15
5,diabetes,3459,0.09019947961838681,0.286467334080099,15
5,hip_art,3359,0.3256921702887764,0.46863288457102864,15
5,insf_car,103,0.038834951456310676,0.19320144409837287,15
5,fibr_aur,7383,0.02600568874441284,0.15915210616684142,15
5,trat_est,3519,0.17021881216254617,0.3758249168808768,15
5,var171,620,0.02903225806451613,0.1678969507054594,15
5,tv_l_esu,7911,0.015295158639868538,0.12272414905816131,15
5,tvp_orig,13294,0.16052354445614564,0.36709090990023363,15
5,tv_l_ein,3568,0.8116591928251121,0.3909840757979788,15
5,tvp_prox,5391,0.8297161936560935,0.375881938434048,15
5,tv_l_svc,8947,0.006706158488878954,0.0816160886541434,15
5,tv_l_vre,9439,0.007945756965780273,0.08878413096956587,15
5,tv_l_vrn,9401,0.007020529730879694,0.0834939632139805,15
5,tv_l_vca,11718,0.03422085680150196,0.18179601140089152,15
5,tv_l_yug,11767,0.01274751423472423,0.1121829537655331,15
5,tv_l_ova,11769,0.005692922083439545,0.07523637897713732,15
5,tv_l_sup,11766,0.006119326874043855,0.07798641364143152,15
5,tv_l_pul,11772,0.006201155283724091,0.07850287228421157,15
5,tv_l_ove,9423,0.033110474371219355,0.17892504256847946,15
5,fr_antfa,10080,0.13938492063492064,0.3463477508726128,15
5,fr_tvs_a,7860,0.045165394402035625,0.20766675600717652,15
5,fr_viaje,247,0.03643724696356275,0.18737548931831796,15
5,fr_estro,182,0.06593406593406594,0.24816680858541132,15
5,fr_varic,514,0.20622568093385213,0.4045944258850104,15
5,fr_antec,59,0.06779661016949153,0.2513965588845988,15
5,ana_dime,899,1.5806451612903225,0.5668868067084291,15
5,ana_crea,447,0.9149888143176734,0.27889833988608037,15
5,ana_trop,9388,0.8861312313591819,0.31765180964232187,15
5,peso,11,88.86363636363636,21.80084538507927,15
5,tension_,646,129.56656346749227,20.006757286143422,15
5,ana_hemo,35,13.94,1.616026873892528,15
5,ana_plaq,29,244.68965517241378,117.80524648707753,15
5,ana_leuc,77,8.318571428571431,3.0172429637072344,15
5,ana_neu,11897,6.666591745818274,3.2730200101583016,15
5,protcrea,13713,10.477151170422227,19.55597699513381,15
5,splanchnic,8871,0.013414496674557547,0.11504150535144186,15
1,raza,8524,2.9242139840450494,0.6524906469133284,16
1,ant_inf,3468,0.029123414071510957,0.16815243329886806,16
1,ant_isq,3469,0.03718650908042664,0.1892185842427693,16
1,ant_clau,3481,0.010916403332375754,0.10390974675486726,16
1,fum_act,3587,0.1837189852244215,0.38725485108973173,16
1,diabetes,3459,0.08817577334489737,0.2835503594424219,16
1,hip_art,3359,0.33670735337898183,0.4725838672230605,16
1,insf_car,103,0.019417475728155338,0.13798709129662035,16
1,fibr_aur,7383,0.028850060950832996,0.16738499016926883,16
1,trat_est,3519,0.18471156578573458,0.3880634010709035,16
1,var171,620,0.041935483870967745,0.20044175977943207,16
1,tv_l_esu,7911,0.04601188218935659,0.20951083238522383,16
1,tvp_orig,13294,0.19189107868211222,0.39378787767569434,16
1,tv_l_ein,3568,0.8189461883408071,0.38506275974556453,16
1,tvp_prox,5391,0.852902986458913,0.3542026004257737,16
1,tv_l_svc,8947,0.005923773331843076,0.07673774978037876,16
1,tv_l_vre,9439,0.009534908358936329,0.09718021342600053,16
1,tv_l_vrn,9401,0.003191149877672588,0.056400057093329424,16
1,tv_l_vca,11718,0.032855436081242535,0.17825811734996508,16
1,tv_l_yug,11767,0.021925724483725675,0.14644107036480383,16
1,tv_l_ova,11769,0.003738635398079701,0.061029976269370505,16
1,tv_l_sup,11766,0.00679925208227095,0.08217677441584505,16
1,tv_l_pul,11772,0.005691471287801563,0.07522684655348578,16
1,tv_l_ove,9423,0.030775761434787222,0.17270962319134475,16
1,fr_antfa,10080,0.12182539682539682,0.3270840404448548,16
1,fr_tvs_a,7860,0.0594147582697201,0.2363993332678221,16
1,fr_viaje,247,0.04048582995951417,0.19709573189697302,16
1,fr_estro,182,0.054945054945054944,0.2278729819047003,16
1,fr_varic,514,0.1867704280155642,0.3897271291999662,16
1,fr_antec,59,0.0,0.0,16
1,ana_dime,899,1.57174638487208,0.5680816401868742,16
1,ana_crea,447,0.9328859060402684,0.25021948835311747,16
1,ana_trop,9388,0.8833617383894333,0.3209887498636544,16
1,peso,11,83.30909090909091,16.456303271250558,16
1,tension_,646,127.96594427244582,20.092404598762236,16
1,ana_hemo,35,13.742857142857144,1.7547137681580054,16
1,ana_plaq,29,218.55172413793105,68.62068965517241,16
1,ana_leuc,77,8.341948051948053,3.1803459090478667,16
1,ana_neu,11897,6.515978061696226,3.311479491440392,16
1,protcrea,13713,18.116710858309634,29.230823619915643,16
1,splanchnic,8871,0.015556307067974298,0.1237509934440172,16
2,raza,8524,2.9001642421398404,0.6389551619439173,16
2,ant_inf,3468,0.029700115340253748,0.16975870666634268,16
2,ant_isq,3469,0.04381666186220813,0.20468698543254052,16
2,ant_clau,3481,0.022694627980465384,0.14892810964117442,16
2,fum_act,3587,0.20825202118762196,0.4060580215423557,16
2,diabetes,3459,0.09858340560855738,0.2981018580069169,16
2,hip_art,3359,0.3250967549866032,0.4684109892858873,16
2,insf_car,103,0.009708737864077669,0.09805344600351532,16
2,fibr_aur,7383,0.025870242448869023,0.15874814331042036,16
2,trat_est,3519,0.17590224495595339,0.3807369763700515,16
2,var171,620,0.02258064516129032,0.14856230889896072,16
2,tv_l_esu,7911,0.027430160535962585,0.16333323859194707,16
2,tvp_orig,13294,0.18271400631864,0.3864318804312501,16
2,tv_l_ein,3568,0.827354260089686,0.3779407207501385,16
2,tvp_prox,5391,0.8434427749953627,0.36338280133143985,16
2,tv_l_svc,8947,0.0069296971051749185,0.08295587021546728,16
2,tv_l_vre,9439,0.00815764381820108,0.0899505234311421,16
2,tv_l_vrn,9401,0.004467609828741623,0.06669070618279396,16
2,tv_l_vca,11718,0.03635432667690732,0.18717021560273958,16
2,tv_l_yug,11767,0.018611370782697374,0.13514802129623038,16
2,tv_l_ova,11769,0.007647208768799388,0.08711331107727328,16
2,tv_l_sup,11766,0.009688934217236104,0.09795437086199969,16
2,tv_l_pul,11772,0.00382262996941896,0.06170913602973113,16
2,tv_l_ove,9423,0.02865329512893983,0.16683010461902165,16
2,fr_antfa,10080,0.13293650793650794,0.3395061012620461,16
2,fr_tvs_a,7860,0.05012722646310432,0.2182074417388669,16
2,fr_viaje,247,0.032388663967611336,0.17703004946619796,16
2,fr_estro,182,0.04395604395604396,0.20499734182612783,16
2,fr_varic,514,0.18482490272373542,0.38815545604422097,16
2,fr_antec,59,0.0,0.0,16
2,ana_dime,899,1.57174638487208,0.58922693851145,16
2,ana_crea,447,0.930648769574944,0.2540504620416714,16
2,ana_trop,9388,0.8874094588836813,0.3160916183125602,16
2,peso,11,79.05454545454546,22.88295767740953,16
2,tension_,646,129.343653250774,21.819542359064773,16
2,ana_hemo,35,13.737142857142857,1.8107750060261434,16
2,ana_plaq,29,239.0,78.89233169326408,16
2,ana_leuc,77,8.419480519480521,3.293478363393328,16
2,ana_neu,11897,6.675435235773725,3.3599394060010597,16
2,protcrea,13713,35.61759075329979,35.4283529536038,16
2,splanchnic,8871,0.014090857851425994,0.11786562508397817,16
3,raza,8524,2.923392773345847,0.601984778469924,16
3,ant_inf,3468,0.028546712802768166,0.16652867017701317,16
3,ant_isq,3469,0.04554626693571635,0.20849893166138,16
3,ant_clau,3481,0.024992818155702385,0.15610309797162378,16
3,fum_act,3587,0.20434903819347644,0.40322513411601413,16
3,diabetes,3459,0.10812373518357907,0.31053662114721725,16
3,hip_art,3359,0.33879130693658827,0.4732988033798382,16
3,insf_car,103,0.02912621359223301,0.1681602725795026,16
3,fibr_aur,7383,0.020994175809291617,0.14336464135685678,16
3,trat_est,3519,0.1844273941460642,0.38783234836016,16
3,var171,620,0.020967741935483872,0.14327629159637972,16
3,tv_l_esu,7911,0.01731765895588421,0.13045212778706178,16
3,tvp_orig,13294,0.10380622837370242,0.30500900859569563,16
3,tv_l_ein,3568,0.8004484304932735,0.3996632840456183,16
3,tvp_prox,5391,0.8484511222407717,0.35858306626100844,16
3,tv_l_svc,8947,0.007153235721470884,0.084273761872744,16
3,tv_l_vre,9439,0.008051700391990676,0.08936929289632037,16
3,tv_l_vrn,9401,0.004254866503563451,0.06509041876190615,16
3,tv_l_vca,11718,0.04318143027820447,0.203265329944221,16
3,tv_l_yug,11767,0.015127050225206084,0.12205827533063943,16
3,tv_l_ova,11769,0.004588325261279633,0.06758159906791447,16
3,tv_l_sup,11766,0.007054224035356111,0.08369266370844648,16
3,tv_l_pul,11772,0.0015290519877675841,0.039073187581592166,16
3,tv_l_ove,9423,0.02822880186777035,0.1656258935459082,16
3,fr_antfa,10080,0.13253968253968254,0.3390765622863997,16
3,fr_tvs_a,7860,0.051399491094147584,0.2208111940310324,16
3,fr_viaje,247,0.05263157894736842,0.22329687826943606,16
3,fr_estro,182,0.04945054945054945,0.2168068094170204,16
3,fr_varic,514,0.17315175097276264,0.37837841126024757,16
3,fr_antec,59,0.06779661016949153,0.2513965588845988,16
3,ana_dime,899,1.604004449388209,0.5490669444021857,16
3,ana_crea,447,0.9261744966442953,0.2614867079030625,16
3,ana_trop,9388,0.8883681295270558,0.3149129974574819,16
3,peso,11,84.45454545454545,13.613920925846697,16
3,tension_,646,129.4860681114551,22.006942846671393,16
3,ana_hemo,35,13.774285714285716,2.0662378313036003,16
3,ana_plaq,29,210.13793103448276,58.149465048051425,16
3,ana_leuc,77,8.770233766233765,3.2841348656051292,16
3,ana_neu,11897,6.692372362780533,3.313143808653208,16
3,protcrea,13713,20.875780354408224,38.772007178418846,16
3,splanchnic,8871,0.014654492165483035,0.1201654610312582,16
4,raza,8524,2.899577663068982,0.661507748348205,16
4,ant_inf,3468,0.040945790080738176,0.19816465970349587,16
4,ant_isq,3469,0.037474776592678005,0.1899221359189257,16
4,ant_clau,3481,0.020970985349037633,0.14328713523037606,16
4,fum_act,3587,0.19960970170058545,0.3997069785325104,16
4,diabetes,3459,0.10581092801387684,0.3075954738397804,16
4,hip_art,3359,0.3399821375409348,0.47370273768897686,16
4,insf_car,103,0.019417475728155338,0.13798709129662037,16
4,fibr_aur,7383,0.028037383177570093,0.16507964236126818,16
4,trat_est,3519,0.18044899119067917,0.38456098706049907,16
4,var171,620,0.027419354838709678,0.16330197126470522,16
4,tv_l_esu,7911,0.015042346100366578,0.12172129609958711,16
4,tvp_orig,13294,0.14946592447720777,0.3565471383946047,16
4,tv_l_ein,3568,0.8116591928251121,0.3909840757979788,16
4,tvp_prox,5391,0.8406603598590243,0.3659925125200242,16
4,tv_l_svc,8947,0.006817927797026936,0.0822887820883349,16
4,tv_l_vre,9439,0.007733870113359466,0.08760169728052736,16
4,tv_l_vrn,9401,0.0037230081906180195,0.06090277005712147,16
4,tv_l_vca,11718,0.030892643795869604,0.1730268428746566,16
4,tv_l_yug,11767,0.02133084048610521,0.1444847249028822,16
4,tv_l_ova,11769,0.003313790466479735,0.0574700727268028,16
4,tv_l_sup,11766,0.008244093149753527,0.09042194466992906,16
4,tv_l_pul,11772,0.0062861026163778455,0.07903535620388015,16
4,tv_l_ove,9423,0.030457391488910114,0.1718421915380544,16
4,fr_antfa,10080,0.1390873015873016,0.3460376050727213,16
4,fr_tvs_a,7860,0.04631043256997455,0.21015655213472742,16
4,fr_viaje,247,0.032388663967611336,0.17703004946619796,16
4,fr_estro,182,0.04395604395604396,0.2049973418261278,16
4,fr_varic,514,0.1926070038910506,0.3943469867301682,16
4,fr_antec,59,0.05084745762711865,0.21968612536975798,16
4,ana_dime,899,1.6240266963292547,0.5590006013031404,16
4,ana_crea,447,0.8948545861297539,0.306740698004521,16
4,ana_trop,9388,0.870046868342565,0.3362518627901716,16
4,peso,11,88.27272727272727,17.944818999522393,16
4,tension_,646,130.55417956656348,21.43445635101882,16
4,ana_hemo,35,13.322857142857142,2.0624653367526258,16
4,ana_plaq,29,248.44827586206895,85.56408616852596,16
4,ana_leuc,77,8.908961038961039,4.054276108593963,16
4,ana_neu,11897,6.65448398755989,3.296146832147659,16
4,protcrea,13713,33.775911908408084,52.971997612289066,16
4,splanchnic,8871,0.01161086686957502,0.10712634895352321,16
5,raza,8524,2.910253402158611,0.617888338349756,16
5,ant_inf,3468,0.04267589388696655,0.20212536201059705,16
5,ant_isq,3469,0.04352839434995676,0.2040433121552172,16
5,ant_clau,3481,0.023269175524274634,0.15075715901639675,16
5,fum_act,3587,0.20797323668804016,0.4058575729360493,16
5,diabetes,3459,0.1049436253252385,0.3064807674697296,16
5,hip_art,3359,0.33045549270616253,0.47037714660311675,16
5,insf_car,103,0.019417475728155338,0.13798709129662035,16
5,fibr_aur,7383,0.02343220912908032,0.15127174456722367,16
5,trat_est,3519,0.18641659562375676,0.38944248419992067,16
5,var171,620,0.027419354838709678,0.16330197126470522,16
5,tv_l_esu,7911,0.01769687776513715,0.13184725360242794,16
5,tvp_orig,13294,0.1612757635023319,0.36778511607876657,16
5,tv_l_ein,3568,0.8113789237668162,0.39120731822630733,16
5,tvp_prox,5391,0.8588388054164348,0.3481877535573387,16
5,tv_l_svc,8947,0.007041466413322902,0.08361748719061671,16
5,tv_l_vre,9439,0.007945756965780273,0.08878413096956587,16
5,tv_l_vrn,9401,0.004254866503563451,0.06509041876190615,16
5,tv_l_vca,11718,0.030721966205837174,0.17256339993835476,16
5,tv_l_yug,11767,0.018441403926234383,0.13454114072455253,16
5,tv_l_ova,11769,0.007732177755119382,0.08759218676504554,16
5,tv_l_sup,11766,0.006289308176100629,0.07905537792438071,16
5,tv_l_pul,11772,0.0015290519877675841,0.039073187581592166,16
5,tv_l_ove,9423,0.027273692030139022,0.1628798261086503,16
5,fr_antfa,10080,0.1246031746031746,0.3302684112687518,16
5,fr_tvs_a,7860,0.051399491094147584,0.2208111940310324,16
5,fr_viaje,247,0.044534412955465584,0.20627917737420237,16
5,fr_estro,182,0.038461538461538464,0.1923076923076923,16
5,fr_varic,514,0.19844357976653695,0.3988279396130355,16
5,fr_antec,59,0.03389830508474576,0.1809674280005307,16
5,ana_dime,899,1.575083426028921,0.57349878387758,16
5,ana_crea,447,0.9395973154362416,0.2382314006617295,16
5,ana_trop,9388,0.8801661695781849,0.32476712196318575,16
5,peso,11,80.27272727272727,10.669335065682475,16
5,tension_,646,130.374613003096,21.916296707763863,16
5,ana_hemo,35,13.208571428571426,2.473213228468057,16
5,ana_plaq,29,250.6206896551724,84.36922702318596,16
5,ana_leuc,77,9.088246753246754,3.9279978845044297,16
5,ana_neu,11897,6.682798520635453,3.3791515911801,16
5,protcrea,13713,17.291728870414936,26.68225446063113,16
5,splanchnic,8871,0.011159959418329387,0.10504958221768723,16
1,raza,8524,2.9016893477240733,0.650741885520814,17
1,ant_inf,3468,0.030565167243367934,0.1721363929991357,17
1,ant_isq,3469,0.03459210147016431,0.18274432408707572,17
1,ant_clau,3481,0.02068371157713301,0.1423232084114428,17
1,fum_act,3587,0.21382771117925845,0.4100066110577951,17
1,diabetes,3459,0.09800520381613183,0.297321684108459,17
1,hip_art,3359,0.33492110747246207,0.4719628790931354,17
1,insf_car,103,0.019417475728155338,0.13798709129662035,17
1,fibr_aur,7383,0.030475416497358798,0.17189143517543654,17
1,trat_est,3519,0.17959647627166808,0.38385098929463274,17
1,var171,620,0.03870967741935484,0.1929021469384007,17
1,tv_l_esu,7911,0.03969156870180761,0.1952335731266457,17
1,tvp_orig,13294,0.28418835564916506,0.45102697720046486,17
1,tv_l_ein,3568,0.8082959641255605,0.3936414593305576,17
1,tvp_prox,5391,0.8503060656649972,0.35677115965042727,17
1,tv_l_svc,8947,0.005923773331843076,0.07673774978037876,17
1,tv_l_vre,9439,0.011018116325881979,0.10438734328696803,17
1,tv_l_vrn,9401,0.005850441442399745,0.07626410543190551,17
1,tv_l_vca,11718,0.026455026455026454,0.16048413638204337,17
1,tv_l_yug,11767,0.01589190107928954,0.125057381067155,17
1,tv_l_ova,11769,0.004673294247599626,0.06820157306451939,17
1,tv_l_sup,11766,0.0071392146863844975,0.08419172346523268,17
1,tv_l_pul,11772,0.0054366292898402994,0.07353279779666452,17
1,tv_l_ove,9423,0.0322614878488804,0.1766937583805861,17
1,fr_antfa,10080,0.13154761904761905,0.3379982884135976,17
1,fr_tvs_a,7860,0.046055979643765906,0.20960636054952844,17
1,fr_viaje,247,0.032388663967611336,0.17703004946619794,17
1,fr_estro,182,0.07142857142857142,0.25753937681885636,17
1,fr_varic,514,0.19066147859922178,0.39282270705444244,17
1,fr_antec,59,0.01694915254237288,0.1290809000993883,17
1,ana_dime,899,1.6206896551724137,0.5435998049645535,17
1,ana_crea,447,0.930648769574944,0.2540504620416714,17
1,ana_trop,9388,0.8828291435875586,0.3216237659440242,17
1,peso,11,82.45454545454545,14.00885198309617,17
1,tension_,646,128.91176470588235,20.68636389183415,17
1,ana_hemo,35,13.231428571428571,1.9983952745814297,17
1,ana_plaq,29,221.9655172413793,85.05879619968388,17
1,ana_leuc,77,8.986363636363635,3.0983560404645045,17
1,ana_neu,11897,6.421500798520635,3.3644998640182417,17
1,protcrea,13713,14.265119375774812,28.004693281754005,17
1,splanchnic,8871,0.012850862360500507,0.11263089139792859,17
2,raza,8524,2.8989910839981228,0.6140494291741291,17
2,ant_inf,3468,0.03806228373702422,0.19134666522766078,17
2,ant_isq,3469,0.033727298933410206,0.1805263643905416,17
2,ant_clau,3481,0.020970985349037633,0.14328713523037606,17
2,fum_act,3587,0.19765821020351268,0.39823289937253636,17
2,diabetes,3459,0.10899103787221741,0.3116279697584192,17
2,hip_art,3359,0.33492110747246207,0.4719628790931354,17
2,insf_car,103,0.019417475728155338,0.13798709129662035,17
2,fibr_aur,7383,0.021942299878098336,0.14649517177763208,17
2,trat_est,3519,0.17476555839727195,0.379766451908751,17
2,var171,620,0.03870967741935484,0.1929021469384007,17
2,tv_l_esu,7911,0.03615219314878018,0.18666872282017005,17
2,tvp_orig,13294,0.2725289604332782,0.44526051493303875,17
2,tv_l_ein,3568,0.8239910313901345,0.38082779780204706,17
2,tvp_prox,5391,0.8543869411982935,0.352717870128687,17
2,tv_l_svc,8947,0.0063708505644350065,0.07956294883625573,17
2,tv_l_vre,9439,0.006144718720203411,0.07814704826193368,17
2,tv_l_vrn,9401,0.006063184767577917,0.0776300364424243,17
2,tv_l_vca,11718,0.03123399897593446,0.17394952222959909,17
2,tv_l_yug,11767,0.01274751423472423,0.1121829537655331,17
2,tv_l_ova,11769,0.005353046138159572,0.07296842491929167,17
2,tv_l_sup,11766,0.005694373618901921,0.07524591502527082,17
2,tv_l_pul,11772,0.004417261297995243,0.06631552684417485,17
2,tv_l_ove,9423,0.03491457073118964,0.1835634590049076,17
2,fr_antfa,10080,0.1363095238095238,0.3431169443911867,17
2,fr_tvs_a,7860,0.043256997455470736,0.20343507472067876,17
2,fr_viaje,247,0.04048582995951417,0.19709573189697302,17
2,fr_estro,182,0.06593406593406594,0.24816680858541135,17
2,fr_varic,514,0.16536964980544747,0.37151383383216185,17
2,fr_antec,59,0.01694915254237288,0.1290809000993883,17
2,ana_dime,899,1.581757508342603,0.5803041118423644,17
2,ana_crea,447,0.9373601789709173,0.24231399846176294,17
2,ana_trop,9388,0.8729228802726885,0.33305934211356697,17
2,peso,11,80.54545454545455,16.002065982318637,17
2,tension_,646,128.19659442724458,21.629730732488767,17
2,ana_hemo,35,13.811428571428571,1.8733882868933995,17
2,ana_plaq,29,245.82758620689654,167.71138364618673,17
2,ana_leuc,77,8.428181818181818,3.044031728111148,17
2,ana_neu,11897,6.674461881146508,3.323342519963622,17
2,protcrea,13713,14.434690439728723,28.901189422850553,17
2,splanchnic,8871,0.013639950400180362,0.11599095720469325,17
3,raza,8524,2.910253402158611,0.6451952014972812,17
3,ant_inf,3468,0.04008073817762399,0.19614859827375963,17
3,ant_isq,3469,0.03488036898241568,0.1834767801169026,17
3,ant_clau,3481,0.03045101982189026,0.17182478055768646,17
3,fum_act,3587,0.18873710621689435,0.39129964343680035,17
3,diabetes,3459,0.11188204683434519,0.31522127851796833,17
3,hip_art,3359,0.3355165227746353,0.4721707167115014,17
3,insf_car,103,0.009708737864077669,0.09805344600351532,17
3,fibr_aur,7383,0.025599349857781388,0.15793676945106955,17
3,trat_est,3519,0.1852799090650753,0.38852447073757496,17
3,var171,620,0.04032258064516129,0.19671469222016885,17
3,tv_l_esu,7911,0.016938440146631272,0.12904080514329666,17
3,tvp_orig,13294,0.2882503384985708,0.45294820990266654,17
3,tv_l_ein,3568,0.820347533632287,0.3838977177526727,17
3,tvp_prox,5391,0.8397328881469115,0.3668536011972053,17
3,tv_l_svc,8947,0.0057002347155471105,0.07528440768004209,17
3,tv_l_vre,9439,0.007521983260938659,0.08640256378580914,17
3,tv_l_vrn,9401,0.005531326454632486,0.07416691231462161,17
3,tv_l_vca,11718,0.03046594982078853,0.17186557457008578,17
3,tv_l_yug,11767,0.015466983938132063,0.12340079556465441,17
3,tv_l_ova,11769,0.0051831081655195855,0.07180698820633065,17
3,tv_l_sup,11766,0.004249532551419344,0.06504978112579451,17
3,tv_l_pul,11772,0.0045871559633027525,0.06757302689291851,17
3,tv_l_ove,9423,0.030988008065371962,0.17328517369213214,17
3,fr_antfa,10080,0.14166666666666666,0.34870793254846133,17
3,fr_tvs_a,7860,0.04440203562340967,0.20598663756638952,17
3,fr_viaje,247,0.05263157894736842,0.22329687826943606,17
3,fr_estro,182,0.03296703296703297,0.17855029460738375,17
3,fr_varic,514,0.18093385214007782,0.38496336616596427,17
3,fr_antec,59,0.01694915254237288,0.12908090009938827,17
3,ana_dime,899,1.5806451612903225,0.562948721830824,17
3,ana_crea,447,0.9485458612975392,0.22092218157724403,17
3,ana_trop,9388,0.8776097145291862,0.32773602715171013,17
3,peso,11,90.81818181818181,19.921747741045493,17
3,tension_,646,130.28018575851394,22.50711227038848,17
3,ana_hemo,35,13.905714285714286,1.8510140629461707,17
3,ana_plaq,29,224.79310344827587,98.82809153563325,17
3,ana_leuc,77,8.528441558441557,3.21006617439379,17
3,ana_neu,11897,6.558717323695049,3.2561047807117363,17
3,protcrea,13713,15.330858747174213,29.736977568624823,17
3,splanchnic,8871,0.012512681772066284,0.11115806118737986,17
4,raza,8524,2.93700140778977,0.5965222371750173,17
4,ant_inf,3468,0.040369088811995385,0.19682333571120225,17
4,ant_isq,3469,0.0441049293744595,0.2053282361959344,17
4,ant_clau,3481,0.02298190175237001,0.1498457004528806,17
4,fum_act,3587,0.1918037357122944,0.3937195228574559,17
4,diabetes,3459,0.10667823070251518,0.30870371846917577,17
4,hip_art,3359,0.33581423042572195,0.4722743197224491,17
4,insf_car,103,0.06796116504854369,0.25167925042360617,17
4,fibr_aur,7383,0.02424488690234322,0.15380855750391717,17
4,trat_est,3519,0.18982665529980108,0.39216386401285314,17
4,var171,620,0.03225806451612903,0.17668469596940845,17
4,tv_l_esu,7911,0.012767033244848944,0.11226769841309593,17
4,tvp_orig,13294,0.23740033097638033,0.4254896165932671,17
4,tv_l_ein,3568,0.8150224215246636,0.3882793761413773,17
4,tvp_prox,5391,0.8404748655166018,0.36616508019123284,17
4,tv_l_svc,8947,0.007823851570358779,0.08810583928982103,17
4,tv_l_vre,9439,0.008475474096832292,0.09167137195256879,17
4,tv_l_vrn,9401,0.0054249547920434,0.07345423512329079,17
4,tv_l_vca,11718,0.032087386926096605,0.1762321949200871,17
4,tv_l_yug,11767,0.015297017081669074,0.12273148882854881,17
4,tv_l_ova,11769,0.005268077151839579,0.07239008575047996,17
4,tv_l_sup,11766,0.006204317525072242,0.07852276083480714,17
4,tv_l_pul,11772,0.0028882093102276588,0.05366439748294927,17
4,tv_l_ove,9423,0.03608192719940571,0.1864940259873825,17
4,fr_antfa,10080,0.11488095238095238,0.31887821995394683,17
4,fr_tvs_a,7860,0.05356234096692112,0.2251519855499045,17
4,fr_viaje,247,0.048582995951417005,0.21499462424861143,17
4,fr_estro,182,0.07692307692307693,0.26646935501059654,17
4,fr_varic,514,0.2198443579766537,0.4141410583877028,17
4,fr_antec,59,0.03389830508474576,0.18096742800053067,17
4,ana_dime,899,1.5939933259176864,0.552884602530392,17
4,ana_crea,447,0.9395973154362416,0.2382314006617295,17
4,ana_trop,9388,0.8825095867064338,0.32200375165155026,17
4,peso,11,85.4090909090909,24.012135361689495,17
4,tension_,646,131.56811145510835,21.23940286106694,17
4,ana_hemo,35,13.4,2.587883856965544,17
4,ana_plaq,29,259.1034482758621,154.38606887919474,17
4,ana_leuc,77,8.10805194805195,3.224582944526713,17
4,ana_neu,11897,6.559000084054803,3.2644113120910254,17
4,protcrea,13713,21.032986509151897,36.3489551432101,17
4,splanchnic,8871,0.0099199639274039,0.099103775120239,17
5,raza,8524,2.923862036602534,0.59063416492012,17
5,ant_inf,3468,0.045847750865051905,0.20915481014231552,17
5,ant_isq,3469,0.03315076390890746,0.1790301392535998,17
5,ant_clau,3481,0.026141913243320884,0.15955724244076033,17
5,fum_act,3587,0.20769445218845833,0.4056568336890118,17
5,diabetes,3459,0.10378722174038739,0.3049843181932459,17
5,hip_art,3359,0.33611193807680856,0.4723777123860313,17
5,insf_car,103,0.02912621359223301,0.16816027257950264,17
5,fibr_aur,7383,0.025463903562237572,0.15752934068804655,17
5,trat_est,3519,0.18499573742540495,0.38829410832490824,17
5,var171,620,0.03387096774193549,0.1808970018716735,17
5,tv_l_esu,7911,0.015927189988623434,0.12519390802946334,17
5,tvp_orig,13294,0.2758387242364977,0.44693592655779985,17
5,tv_l_ein,3568,0.8125,0.3903123748998999,17
5,tvp_prox,5391,0.8469671675013912,0.36001914487435466,17
5,tv_l_svc,8947,0.006259081256287023,0.07886637533267407,17
5,tv_l_vre,9439,0.008899247801673907,0.09391512758995917,17
5,tv_l_vrn,9401,0.005318583129454314,0.072734419657748,17
5,tv_l_vca,11718,0.035415599931728964,0.18482785291509687,17
5,tv_l_yug,11767,0.018101470213308404,0.13331844204544666,17
5,tv_l_ova,11769,0.006712549919279463,0.08165470955713847,17
5,tv_l_sup,11766,0.0053544110147883735,0.07297767670646337,17
5,tv_l_pul,11772,0.0026333673122663948,0.051248733534255075,17
5,tv_l_ove,9423,0.03597580388411334,0.18622981882342354,17
5,fr_antfa,10080,0.1378968253968254,0.3447916630986063,17
5,fr_tvs_a,7860,0.052417302798982185,0.2228670661319478,17
5,fr_viaje,247,0.05668016194331984,0.23123045038532203,17
5,fr_estro,182,0.06593406593406594,0.24816680858541132,17
5,fr_varic,514,0.1926070038910506,0.3943469867301682,17
5,fr_antec,59,0.03389830508474576,0.18096742800053067,17
5,ana_dime,899,1.5962180200222469,0.5703336467334731,17
5,ana_crea,447,0.9239373601789709,0.265098311281844,17
5,ana_trop,9388,0.8754793353216873,0.33017460342428506,17
5,peso,11,80.22727272727273,12.419492809808803,17
5,tension_,646,128.72291021671828,21.67153477247091,17
5,ana_hemo,35,13.622857142857141,1.7835895931336596,17
5,ana_plaq,29,252.0344827586207,137.49645331065204,17
5,ana_leuc,77,8.087792207792207,3.2911678830993227,17
5,ana_neu,11897,6.568929225855258,3.318586073588332,17
5,protcrea,13713,17.085891343980165,31.94121041305524,17
5,splanchnic,8871,0.01611994138203134,0.12593684477495543,17
1,raza,8524,2.9169404035664006,0.5941599290756806,18
1,ant_inf,3468,0.027970011534025375,0.16488690059799133,18
1,ant_isq,3469,0.035168636494667053,0.18420587260392385,18
1,ant_clau,3481,0.02068371157713301,0.1423232084114428,18
1,fum_act,3587,0.2063005296905492,0.4046487626818449,18
1,diabetes,3459,0.08037004914715236,0.27186523195737383,18
1,hip_art,3359,0.3352188151235487,0.4720669032146955,18
1,insf_car,103,0.04854368932038835,0.2149120739920258,18
1,fibr_aur,7383,0.025734796153325207,0.15834303401246297,18
1,trat_est,3519,0.17675475987496447,0.3814610264974761,18
1,var171,620,0.03225806451612903,0.17668469596940845,18
1,tv_l_esu,7911,0.0422196940968272,0.2010900085215512,18
1,tvp_orig,13294,0.19595306153151798,0.3969325625442477,18
1,tv_l_ein,3568,0.8125,0.3903123748998999,18
1,tvp_prox,5391,0.8352810239287701,0.37092672456062725,18
1,tv_l_svc,8947,0.0069296971051749185,0.08295587021546728,18
1,tv_l_vre,9439,0.00900519122788431,0.09446744285114075,18
1,tv_l_vrn,9401,0.0051058398042761405,0.07127250664996435,18
1,tv_l_vca,11718,0.03942652329749104,0.19460748330463407,18
1,tv_l_yug,11767,0.017421602787456445,0.13083612094438038,18
1,tv_l_ova,11769,0.010366216331039171,0.10128552655743694,18
1,tv_l_sup,11766,0.008924018357980621,0.09404456525672839,18
1,tv_l_pul,11772,0.006201155283724091,0.07850287228421157,18
1,tv_l_ove,9423,0.02716756871484665,0.16257149788622463,18
1,fr_antfa,10080,0.13521825396825396,0.3419565436748224,18
1,fr_tvs_a,7860,0.04389312977099236,0.20485732334944529,18
1,fr_viaje,247,0.05263157894736842,0.22329687826943606,18
1,fr_estro,182,0.038461538461538464,0.19230769230769232,18
1,fr_varic,514,0.1828793774319066,0.38656760177493515,18
1,fr_antec,59,0.03389830508474576,0.1809674280005307,18
1,ana_dime,899,1.5884315906562847,0.5538013929255301,18
1,ana_crea,447,0.9463087248322147,0.225407458036868,18
1,ana_trop,9388,0.8889007243289305,0.3142550343533627,18
1,peso,11,83.54545454545455,9.028879285771009,18
1,tension_,646,128.21981424148606,21.08837318421753,18
1,ana_hemo,35,13.682857142857141,1.7324607955631393,18
1,ana_plaq,29,230.31034482758622,80.5199069188851,18
1,ana_leuc,77,8.796233766233765,4.439815147363227,18
1,ana_neu,11897,6.633246784903757,3.300149288314231,18
1,protcrea,13713,23.20650492233647,38.95125917911867,18
1,splanchnic,8871,0.016345395107654155,0.12679993362154737,18
2,raza,8524,2.935593618019709,0.5677514674575401,18
2,ant_inf,3468,0.04123414071510957,0.19883130124453777,18
2,ant_isq,3469,0.03430383395791294,0.18200846390676695,18
2,ant_clau,3481,0.026716460787130136,0.1612535007686341,18
2,fum_act,3587,0.1929188737106217,0.39458989074334744,18
2,diabetes,3459,0.10407632263660017,0.3053595285938241,18
2,hip_art,3359,0.32866924679964277,0.46972946789380615,18
2,insf_car,103,0.04854368932038835,0.2149120739920258,18
2,fibr_aur,7383,0.025599349857781388,0.15793676945106955,18
2,trat_est,3519,0.18641659562375676,0.38944248419992067,18
2,var171,620,0.03387096774193549,0.18089700187167349,18
2,tv_l_esu,7911,0.02427000379218809,0.15388622650554298,18
2,tvp_orig,13294,0.1788024672784715,0.3831868277663033,18
2,tv_l_ein,3568,0.820627802690583,0.3836636706046177,18
2,tvp_prox,5391,0.8436282693377852,0.36320739600387897,18
2,tv_l_svc,8947,0.006817927797026936,0.0822887820883349,18
2,tv_l_vre,9439,0.008263587244411483,0.09052789829806877,18
2,tv_l_vrn,9401,0.004042123178385278,0.06344906948565943,18
2,tv_l_vca,11718,0.03601297149684247,0.18632240171490405,18
2,tv_l_yug,11767,0.019546188493243816,0.13843458747231632,18
2,tv_l_ova,11769,0.0070524258645594355,0.08368207187913268,18
2,tv_l_sup,11766,0.004844467108618052,0.06943340872412623,18
2,tv_l_pul,11772,0.00382262996941896,0.06170913602973113,18
2,tv_l_ove,9423,0.03650642046057519,0.1875465321613036,18
2,fr_antfa,10080,0.13422619047619047,0.34089517489462934,18
2,fr_tvs_a,7860,0.05025445292620865,0.21846954681899292,18
2,fr_viaje,247,0.048582995951417005,0.2149946242486114,18
2,fr_estro,182,0.04945054945054945,0.21680680941702038,18
2,fr_varic,514,0.19455252918287938,0.395855835590969,18
2,fr_antec,59,0.0,0.0,18
2,ana_dime,899,1.5895439377085652,0.5752996153328016,18
2,ana_crea,447,0.9463087248322147,0.225407458036868,18
2,ana_trop,9388,0.8892202812100554,0.3138591606035506,18
2,peso,11,90.0,25.37357250798913,18
2,tension_,646,129.41640866873064,19.532896205150003,18
2,ana_hemo,35,13.002857142857142,2.291784795965888,18
2,ana_plaq,29,222.17241379310346,57.24723692505091,18
2,ana_leuc,77,8.750168831168828,4.137066886822293,18
2,ana_neu,11897,6.812046230142053,3.3305178848648813,18
2,protcrea,13713,30.032900896959088,44.918851784313375,18
2,splanchnic,8871,0.012287228046443468,0.11016465891282087,18
3,raza,8524,2.9095495072735806,0.6392509648938959,18
3,ant_inf,3468,0.03633217993079585,0.18711534579577413,18
3,ant_isq,3469,0.04151052176419717,0.1994677877429368,18
3,ant_clau,3481,0.024130996839988508,0.1534558302297341,18
3,fum_act,3587,0.21299135768051297,0.4094215910695536,18
3,diabetes,3459,0.09742700202370627,0.29653833023806386,18
3,hip_art,3359,0.32360821673117,0.46785247546127406,18
3,insf_car,103,0.019417475728155338,0.13798709129662035,18
3,fibr_aur,7383,0.028714614655289177,0.16700325014947295,18
3,trat_est,3519,0.18186984938903097,0.38573722567603214,18
3,var171,620,0.0467741935483871,0.21115484452478264,18
3,tv_l_esu,7911,0.01807609657439009,0.13322669142113905,18
3,tvp_orig,13294,0.1399127425906424,0.3468964788685625,18
3,tv_l_ein,3568,0.8158632286995515,0.38759569238511254,18
3,tvp_prox,5391,0.8443702467074754,0.36250397678181756,18
3,tv_l_svc,8947,0.007153235721470884,0.084273761872744,18
3,tv_l_vre,9439,0.007627926687149063,0.08700426093936173,18
3,tv_l_vrn,9401,0.0030847782150835016,0.055455048088043774,18
3,tv_l_vca,11718,0.030209933435739886,0.17116452131662113,18
3,tv_l_yug,11767,0.01733661935922495,0.13052226242453163,18
3,tv_l_ova,11769,0.00450335627495964,0.06695577687713304,18
3,tv_l_sup,11766,0.003484616692163862,0.058927702642072824,18
3,tv_l_pul,11772,0.008324838600067958,0.09085997833122557,18
3,tv_l_ove,9423,0.02324100604902897,0.15066805131433128,18
3,fr_antfa,10080,0.1361111111111111,0.3429065128328855,18
3,fr_tvs_a,7860,0.048600508905852415,0.21503139175465652,18
3,fr_viaje,247,0.03643724696356275,0.18737548931831796,18
3,fr_estro,182,0.06593406593406594,0.24816680858541126,18
3,fr_varic,514,0.21206225680933852,0.40876870727376957,18
3,fr_antec,59,0.05084745762711865,0.21968612536975796,18
3,ana_dime,899,1.604004449388209,0.565041646493104,18
3,ana_crea,447,0.9217002237136466,0.26864273919065906,18
3,ana_trop,9388,0.8727098423519386,0.3332977248857139,18
3,peso,11,91.27272727272727,9.381712472977405,18
3,tension_,646,129.07894736842104,22.192967873643525,18
3,ana_hemo,35,13.982857142857142,1.741015420344562,18
3,ana_plaq,29,244.3793103448276,79.91047309251275,18
3,ana_leuc,77,8.76883116883117,4.013056927899351,18
3,ana_neu,11897,6.229095402202237,3.2485730588643684,18
3,protcrea,13713,18.423675198716545,34.42673483462013,18
3,splanchnic,8871,0.013978130988614586,0.11739992692791475,18
4,raza,8524,2.9056780854059125,0.6132975448662666,18
4,ant_inf,3468,0.039792387543252594,0.19547110639902815,18
4,ant_isq,3469,0.03776304410492937,0.19062265501471362,18
4,ant_clau,3481,0.024130996839988508,0.1534558302297341,18
4,fum_act,3587,0.194034011708949,0.39545519848534094,18
4,diabetes,3459,0.1063891298063024,0.3083350172545443,18
4,hip_art,3359,0.33224173861268236,0.4710171607662553,18
4,insf_car,103,0.04854368932038835,0.21491207399202583,18
4,fibr_aur,7383,0.021942299878098336,0.14649517177763208,18
4,trat_est,3519,0.19238420005683432,0.3941732101821816,18
4,var171,620,0.02903225806451613,0.1678969507054594,18
4,tv_l_esu,7911,0.011882189356592087,0.10835590861917119,18
4,tvp_orig,13294,0.10809387693696404,0.31049893833264636,18
4,tv_l_ein,3568,0.804372197309417,0.396683205473886,18
4,tvp_prox,5391,0.8427007976256724,0.3640826325255407,18
4,tv_l_svc,8947,0.00827092880295071,0.09056776766425918,18
4,tv_l_vre,9439,0.008263587244411483,0.09052789829806877,18
4,tv_l_vrn,9401,0.004467609828741623,0.06669070618279396,18
4,tv_l_vca,11718,0.03789042498719918,0.19093124595384756,18
4,tv_l_yug,11767,0.013937282229965157,0.1172306887892733,18
4,tv_l_ova,11769,0.007732177755119382,0.08759218676504556,18
4,tv_l_sup,11766,0.004164541900390957,0.06439874603709954,18
4,tv_l_pul,11772,0.0056065239551478085,0.07466653095121106,18
4,tv_l_ove,9423,0.027485938660723762,0.16349453151913887,18
4,fr_antfa,10080,0.1310515873015873,0.33745676577499784,18
4,fr_tvs_a,7860,0.05547073791348601,0.22889677837142955,18
4,fr_viaje,247,0.032388663967611336,0.17703004946619796,18
4,fr_estro,182,0.07692307692307693,0.26646935501059654,18
4,fr_varic,514,0.2198443579766537,0.4141410583877028,18
4,fr_antec,59,0.03389830508474576,0.1809674280005307,18
4,ana_dime,899,1.5873192436040044,0.5717636974045555,18
4,ana_crea,447,0.9395973154362416,0.2382314006617295,18
4,ana_trop,9388,0.8834682573498083,0.32086148975079765,18
4,peso,11,88.72727272727273,10.154183276685965,18
4,tension_,646,129.34674922600618,22.274057442309527,18
4,ana_hemo,35,13.674285714285714,1.8347974364090063,18
4,ana_plaq,29,240.75862068965517,122.63195712554837,18
4,ana_leuc,77,8.571298701298701,3.364751337042335,18
4,ana_neu,11897,6.661018323947214,3.344295603657613,18
4,protcrea,13713,23.69769634653249,37.53448358942442,18
4,splanchnic,8871,0.015781760793597114,0.12463024039072859,18
5,raza,8524,2.918582824964805,0.5955702739881159,18
5,ant_inf,3468,0.03546712802768166,0.1849573217181458,18
5,ant_isq,3469,0.036321706543672526,0.18708939087352836,18
5,ant_clau,3481,0.025567365699511634,0.15784066494632829,18
5,fum_act,3587,0.20964594368553108,0.4070559199689082,18
5,diabetes,3459,0.10407632263660017,0.3053595285938241,18
5,hip_art,3359,0.34861565942244715,0.47653203609820344,18
5,insf_car,103,0.04854368932038835,0.21491207399202583,18
5,fibr_aur,7383,0.021129622104835433,0.14381641482995702,18
5,trat_est,3519,0.19067917021881217,0.3928366381378873,18
5,var171,620,0.05161290322580645,0.22124423483202896,18
5,tv_l_esu,7911,0.015800783718872457,0.12470412564443033,18
5,tvp_orig,13294,0.16082443207462013,0.3673689346181792,18
5,tv_l_ein,3568,0.8052130044843049,0.39603664210987305,18
5,tvp_prox,5391,0.8449267297347431,0.3619745172170211,18
5,tv_l_svc,8947,0.009388621884430536,0.09643897377897447,18
5,tv_l_vre,9439,0.006780379277465833,0.08206342507060953,18
5,tv_l_vrn,9401,0.004254866503563451,0.06509041876190616,18
5,tv_l_vca,11718,0.03746373101211811,0.18989523393379254,18
5,tv_l_yug,11767,0.015806917651058044,0.12472793995505063,18
5,tv_l_ova,11769,0.005438015124479565,0.07354211797320971,18
5,tv_l_sup,11766,0.006544280129185789,0.08063158516844707,18
5,tv_l_pul,11772,0.005521576622494054,0.07410188131279787,18
5,tv_l_ove,9423,0.027273692030139022,0.1628798261086503,18
5,fr_antfa,10080,0.13214285714285715,0.3386460134845523,18
5,fr_tvs_a,7860,0.049491094147582695,0.2168910457987093,18
5,fr_viaje,247,0.03643724696356275,0.18737548931831796,18
5,fr_estro,182,0.04395604395604396,0.2049973418261278,18
5,fr_varic,514,0.2198443579766537,0.41414105838770277,18
5,fr_antec,59,0.0,0.0,18
5,ana_dime,899,1.568409343715239,0.5952563925031975,18
5,ana_crea,447,0.9328859060402684,0.25021948835311747,18
5,ana_trop,9388,0.8832552194290584,0.3211159242086638,18
5,peso,11,82.0,17.3310021742436,18
5,tension_,646,129.8297213622291,21.80568808933339,18
5,ana_hemo,35,13.857142857142858,1.432337891956606,18
5,ana_plaq,29,225.82758620689654,97.1749467377469,18
5,ana_leuc,77,8.62025974025974,3.5366599453295806,18
5,ana_neu,11897,6.826035555181979,3.3420457357865576,18
5,protcrea,13713,7.436046379348065,16.782698154694938,18
5,splanchnic,8871,0.015781760793597114,0.1246302403907286,18
1,raza,8524,2.928085405912717,0.6029526474766261,19
1,ant_inf,3468,0.0325836216839677,0.17754416149770674,19
1,ant_isq,3469,0.03257422888440473,0.17751943132229536,19
1,ant_clau,3481,0.020970985349037633,0.14328713523037606,19
1,fum_act,3587,0.20323390019514914,0.4024051217450112,19
1,diabetes,3459,0.09366869037294015,0.29136723703388206,19
1,hip_art,3359,0.33253944626376897,0.47112308682801235,19
1,insf_car,103,0.019417475728155338,0.13798709129662035,19
1,fibr_aur,7383,0.02343220912908032,0.15127174456722367,19
1,trat_est,3519,0.1861324239840864,0.38921349504596403,19
1,var171,620,0.03064516129032258,0.17235438891949548,19
1,tv_l_esu,7911,0.04689672607761345,0.2114176510152706,19
1,tvp_orig,13294,0.2538739280878592,0.43522632816168155,19
1,tv_l_ein,3568,0.8099775784753364,0.3923186215852706,19
1,tvp_prox,5391,0.8480801335559266,0.35894319971785,19
1,tv_l_svc,8947,0.005141388174807198,0.07151890870562239,19
1,tv_l_vre,9439,0.007310096408517852,0.08518602525658786,19
1,tv_l_vrn,9401,0.006382299755345176,0.07963395007895878,19
1,tv_l_vca,11718,0.0421573647380099,0.2009480563139547,19
1,tv_l_yug,11767,0.020056089062632787,0.14019216224220427,19
1,tv_l_ova,11769,0.005268077151839579,0.07239008575047996,19
1,tv_l_sup,11766,0.011558728539860615,0.1068883732423804,19
1,tv_l_pul,11772,0.0022086306489976213,0.04694414340100296,19
1,tv_l_ove,9423,0.034808447415897274,0.18329435180711925,19
1,fr_antfa,10080,0.1390873015873016,0.3460376050727213,19
1,fr_tvs_a,7860,0.047073791348600506,0.2117967174360097,19
1,fr_viaje,247,0.04048582995951417,0.19709573189697302,19
1,fr_estro,182,0.04395604395604396,0.2049973418261278,19
1,fr_varic,514,0.20428015564202334,0.4031746193064416,19
1,fr_antec,59,0.03389830508474576,0.18096742800053067,19
1,ana_dime,899,1.5839822024471635,0.5819010535892081,19
1,ana_crea,447,0.9239373601789709,0.265098311281844,19
1,ana_trop,9388,0.8836812952705582,0.32060671181294187,19
1,peso,11,83.68181818181819,15.21403766752141,19
1,tension_,646,129.6687306501548,21.131502914289243,19
1,ana_hemo,35,13.757142857142858,1.6612019253343928,19
1,ana_plaq,29,229.9655172413793,77.69191266597817,19
1,ana_leuc,77,8.310000000000002,3.142556242974776,19
1,ana_neu,11897,6.5288682020677475,3.3057645348543634,19
1,protcrea,13713,14.95364427915117,28.93709990313163,19
1,splanchnic,8871,0.017923571187013865,0.132673723031043,19
2,raza,8524,2.8931252932895353,0.6298567413063637,19
2,ant_inf,3468,0.04555940023068051,0.20852755520866106,19
2,ant_isq,3469,0.038339579129432116,0.1920147280851397,19
2,ant_clau,3481,0.019534616489514506,0.1383944191364742,19
2,fum_act,3587,0.2037914691943128,0.40281572248105746,19
2,diabetes,3459,0.09742700202370627,0.2965383302380638,19
2,hip_art,3359,0.33908901458767493,0.4734001000988852,19
2,insf_car,103,0.009708737864077669,0.09805344600351532,19
2,fibr_aur,7383,0.021806853582554516,0.1460524382521002,19
2,trat_est,3519,0.18584825234441602,0.3889841634886211,19
2,var171,620,0.027419354838709678,0.16330197126470522,19
2,tv_l_esu,7911,0.031222348628491974,0.17391812319195743,19
2,tvp_orig,13294,0.21791785768015645,0.41283127907687367,19
2,tv_l_ein,3568,0.8164237668161435,0.3871382179453261,19
2,tvp_prox,5391,0.8473381561862363,0.35966123680088974,19
2,tv_l_svc,8947,0.0074885436459148315,0.08621174722726632,19
2,tv_l_vre,9439,0.009640851785146731,0.09771338578722755,19
2,tv_l_vrn,9401,0.005531326454632486,0.07416691231462161,19
2,tv_l_vca,11718,0.0291005291005291,0.16808833483201135,19
2,tv_l_yug,11767,0.01835642049800289,0.13423659085548692,19
2,tv_l_ova,11769,0.004418387288639646,0.06632394094448275,19
2,tv_l_sup,11766,0.008244093149753527,0.09042194466992906,19
2,tv_l_pul,11772,0.0016139993204213388,0.04014217640605724,19
2,tv_l_ove,9423,0.03204924121829566,0.17613088132302968,19
2,fr_antfa,10080,0.13343253968253968,0.3400416107425783,19
2,fr_tvs_a,7860,0.05178117048346056,0.2215849292411904,19
2,fr_viaje,247,0.05668016194331984,0.23123045038532203,19
2,fr_estro,182,0.054945054945054944,0.22787298190470023,19
2,fr_varic,514,0.19844357976653695,0.3988279396130355,19
2,fr_antec,59,0.01694915254237288,0.1290809000993883,19
2,ana_dime,899,1.575083426028921,0.559757086937842,19
2,ana_crea,447,0.9373601789709173,0.24231399846176294,19
2,ana_trop,9388,0.8857051555176821,0.3181690321308481,19
2,peso,11,79.36363636363636,17.976109030259263,19
2,tension_,646,129.56037151702787,21.856028545069755,19
2,ana_hemo,35,13.745714285714286,1.6179957367315998,19
2,ana_plaq,29,238.41379310344828,87.73137575866981,19
2,ana_leuc,77,8.590909090909092,3.5261856003108276,19
2,ana_neu,11897,6.453109859628478,3.286872992405274,19
2,protcrea,13713,15.517297017428719,28.18927073287792,19
2,splanchnic,8871,0.014992672753917259,0.12152321801866177,19
3,raza,8524,2.9048568747067103,0.6487759587476177,19
3,ant_inf,3468,0.03835063437139562,0.19204130601177224,19
3,ant_isq,3469,0.036609974055923894,0.18780224667332515,19
3,ant_clau,3481,0.030163746049985635,0.17103769898539217,19
3,fum_act,3587,0.20239754669640367,0.40178698309885647,19
3,diabetes,3459,0.0971379011274935,0.29614545293155997,19
3,hip_art,3359,0.3289669544507294,0.46983794794603506,19
3,insf_car,103,0.04854368932038835,0.21491207399202586,19
3,fibr_aur,7383,0.024109440606799405,0.1533889679228158,19
3,trat_est,3519,0.18471156578573458,0.3880634010709035,19
3,var171,620,0.04032258064516129,0.19671469222016885,19
3,tv_l_esu,7911,0.019972190620654785,0.13990461830285308,19
3,tvp_orig,13294,0.20482924627651572,0.40357679089153553,19
3,tv_l_ein,3568,0.8186659192825112,0.3852947337919791,19
3,tvp_prox,5391,0.842886291968095,0.36390794272778704,19
3,tv_l_svc,8947,0.0069296971051749185,0.08295587021546728,19
3,tv_l_vre,9439,0.010594342621040365,0.10238213968006515,19
3,tv_l_vrn,9401,0.007020529730879694,0.08349396321398049,19
3,tv_l_vca,11718,0.04053592763270183,0.19721248997885046,19
3,tv_l_yug,11767,0.02218067476842016,0.147270813249733,19
3,tv_l_ova,11769,0.005438015124479565,0.07354211797320971,19
3,tv_l_sup,11766,0.008244093149753527,0.09042194466992906,19
3,tv_l_pul,11772,0.005011892626571526,0.07061709112439597,19
3,tv_l_ove,9423,0.03417170752414305,0.18167003585904717,19
3,fr_antfa,10080,0.1310515873015873,0.33745676577499784,19
3,fr_tvs_a,7860,0.0450381679389313,0.20738787661682617,19
3,fr_viaje,247,0.016194331983805668,0.12622232605765096,19
3,fr_estro,182,0.07692307692307693,0.26646935501059654,19
3,fr_varic,514,0.20233463035019456,0.40174037351409514,19
3,fr_antec,59,0.01694915254237288,0.1290809000993883,19
3,ana_dime,899,1.6051167964404893,0.5648357698218758,19
3,ana_crea,447,0.930648769574944,0.2540504620416714,19
3,ana_trop,9388,0.881976991904559,0.32263536330592224,19
3,peso,11,85.54545454545455,9.708137508518178,19
3,tension_,646,129.08823529411765,21.331671339793584,19
3,ana_hemo,35,13.405714285714286,1.7859679819786975,19
3,ana_plaq,29,233.0,93.21868985311387,19
3,ana_leuc,77,8.80909090909091,3.5809083161062523,19
3,ana_neu,11897,6.26272253509288,3.275328066818307,19
3,protcrea,13713,15.922921461387006,30.728032155911887,19
3,splanchnic,8871,0.013978130988614586,0.11739992692791475,19
4,raza,8524,2.9117785077428437,0.614586636425079,19
4,ant_inf,3468,0.04267589388696655,0.20212536201059705,19
4,ant_isq,3469,0.03949264917843759,0.19476390794833223,19
4,ant_clau,3481,0.023843723068083883,0.15256211829394742,19
4,fum_act,3587,0.18009478672985782,0.3842663848459618,19
4,diabetes,3459,0.1023417172593235,0.3030971629160131,19
4,hip_art,3359,0.33492110747246207,0.4719628790931354,19
4,insf_car,103,0.019417475728155338,0.13798709129662035,19
4,fibr_aur,7383,0.02289042394690505,0.14955417894006173,19
4,trat_est,3519,0.1861324239840864,0.38921349504596403,19
4,var171,620,0.03387096774193549,0.1808970018716735,19
4,tv_l_esu,7911,0.018581721653394008,0.13504236843964862,19
4,tvp_orig,13294,0.2472544004814202,0.4314158804726521,19
4,tv_l_ein,3568,0.8175448430493274,0.38621920285348066,19
4,tvp_prox,5391,0.834910035243925,0.3712617247884743,19
4,tv_l_svc,8947,0.007712082262210797,0.08747917494690774,19
4,tv_l_vre,9439,0.007839813539569869,0.08819495939811213,19
4,tv_l_vrn,9401,0.0038293798532071056,0.061763384809666616,19
4,tv_l_vca,11718,0.039853217272572114,0.19561425905489938,19
4,tv_l_yug,11767,0.018781337639160362,0.13575197602850655,19
4,tv_l_ova,11769,0.006117767015039511,0.07797653455873249,19
4,tv_l_sup,11766,0.004844467108618052,0.06943340872412623,19
4,tv_l_pul,11772,0.004672103295956507,0.06819292299607356,19
4,tv_l_ove,9423,0.029396158335986418,0.1689142510597375,19
4,fr_antfa,10080,0.14117063492063492,0.3481974824101113,19
4,fr_tvs_a,7860,0.04872773536895674,0.21529826561022192,19
4,fr_viaje,247,0.032388663967611336,0.17703004946619796,19
4,fr_estro,182,0.06043956043956044,0.23829943343078502,19
4,fr_varic,514,0.2237354085603113,0.41674677625227274,19
4,fr_antec,59,0.01694915254237288,0.1290809000993883,19
4,ana_dime,899,1.575083426028921,0.5597570869378421,19
4,ana_crea,447,0.9463087248322147,0.22540745803686799,19
4,ana_trop,9388,0.8895398380911802,0.3134624611335416,19
4,peso,11,82.69090909090909,17.10425011220388,19
4,tension_,646,130.6625386996904,21.838856551443083,19
4,ana_hemo,35,14.183142857142856,1.9317065311400123,19
4,ana_plaq,29,240.72413793103448,59.82554900635689,19
4,ana_leuc,77,8.591558441558442,3.007912537126066,19
4,ana_neu,11897,6.474874590232831,3.297809484244925,19
4,protcrea,13713,8.959683657842923,19.391810865383064,19
4,splanchnic,8871,0.012399954909254876,0.11066253217554403,19
5,raza,8524,2.9324260910370716,0.6224975644847613,19
5,ant_inf,3468,0.04209919261822376,0.2008154640437769,19
5,ant_isq,3469,0.03343903142115884,0.17978003948929813,19
5,ant_clau,3481,0.027865555874748635,0.1645875653582004,19
5,fum_act,3587,0.18873710621689435,0.39129964343680035,19
5,diabetes,3459,0.09771610291991906,0.29693040624035594,19
5,hip_art,3359,0.3417683834474546,0.47430238827478854,19
5,insf_car,103,0.02912621359223301,0.1681602725795026,19
5,fibr_aur,7383,0.025734796153325207,0.15834303401246297,19
5,trat_est,3519,0.18130150610969026,0.38526778997477606,19
5,var171,620,0.03064516129032258,0.17235438891949548,19
5,tv_l_esu,7911,0.01908734673239793,0.13683208661390478,19
5,tvp_orig,13294,0.24507296524748007,0.43013045341185446,19
5,tv_l_ein,3568,0.8136210762331838,0.38941214739956365,19
5,tvp_prox,5391,0.8404748655166018,0.3661650801912328,19
5,tv_l_svc,8947,0.008382698111098692,0.0911725204405191,19
5,tv_l_vre,9439,0.008263587244411483,0.09052789829806877,19
5,tv_l_vrn,9401,0.0054249547920434,0.07345423512329079,19
5,tv_l_vca,11718,0.037378392217101895,0.18968723734707715,19
5,tv_l_yug,11767,0.017931503356845416,0.13270254158910766,19
5,tv_l_ova,11769,0.006712549919279463,0.08165470955713847,19
5,tv_l_sup,11766,0.005184429712731599,0.07181609430542253,19
5,tv_l_pul,11772,0.0052667346245327895,0.07238090998963427,19
5,tv_l_ove,9423,0.03236761116417277,0.17697443010700073,19
5,fr_antfa,10080,0.1326388888888889,0.3391840415515003,19
5,fr_tvs_a,7860,0.047073791348600506,0.2117967174360097,19
5,fr_viaje,247,0.044534412955465584,0.20627917737420237,19
5,fr_estro,182,0.054945054945054944,0.2278729819047003,19
5,fr_varic,514,0.21011673151750973,0.4073913237342058,19
5,fr_antec,59,0.03389830508474576,0.1809674280005307,19
5,ana_dime,899,1.5528364849833147,0.5912226608177299,19
5,ana_crea,447,0.9239373601789709,0.265098311281844,19
5,ana_trop,9388,0.8847464848743076,0.31932764110997996,19
5,peso,11,77.9090909090909,13.500535648999909,19
5,tension_,646,129.63467492260062,22.439315594220986,19
5,ana_hemo,35,13.448571428571428,1.6280349993730705,19
5,ana_plaq,29,244.40344827586208,151.35315742980544,19
5,ana_leuc,77,8.335194805194806,2.927202294638901,19
5,ana_neu,11897,6.590233252080357,3.350751383967896,19
5,protcrea,13713,15.999165171734852,30.479341796811653,19
5,splanchnic,8871,0.013527223537368955,0.11551726174359832,19
1,raza,8524,2.926794931956828,0.6192137160770708,20
1,ant_inf,3468,0.029988465974625143,0.17055543932432618,20
1,ant_isq,3469,0.02450273854136639,0.15460386264689452,20
1,ant_clau,3481,0.016374604998563632,0.12691129701371998,20
1,fum_act,3587,0.2051853916922219,0.4038370299122301,20
1,diabetes,3459,0.0890430760335357,0.28480591047943804,20
1,hip_art,3359,0.34861565942244715,0.47653203609820344,20
1,insf_car,103,0.019417475728155338,0.13798709129662035,20
1,fibr_aur,7383,0.029391846133008263,0.1689022365568373,20
1,trat_est,3519,0.17050298380221654,0.37607408354838495,20
1,var171,620,0.02258064516129032,0.14856230889896072,20
1,tv_l_esu,7911,0.03905953735305271,0.193736650881598,20
1,tvp_orig,13294,0.3523394012336392,0.47769901357649863,20
1,tv_l_ein,3568,0.8295964125560538,0.3759869742825934,20
1,tvp_prox,5391,0.8482656278983491,0.35876322613189976,20
1,tv_l_svc,8947,0.0063708505644350065,0.07956294883625573,20
1,tv_l_vre,9439,0.00900519122788431,0.09446744285114075,20
1,tv_l_vrn,9401,0.005318583129454314,0.072734419657748,20
1,tv_l_vca,11718,0.03464755077658303,0.18288547783180367,20
1,tv_l_yug,11767,0.022435625053114642,0.1480954684708168,20
1,tv_l_ova,11769,0.005607953097119552,0.07467599319178862,20
1,tv_l_sup,11766,0.009178990311065782,0.09536632764207262,20
1,tv_l_pul,11772,0.004757050628610262,0.06880712970272122,20
1,tv_l_ove,9423,0.02334712936432134,0.15100344669830218,20
1,fr_antfa,10080,0.14117063492063492,0.3481974824101113,20
1,fr_tvs_a,7860,0.04529262086513995,0.20794518354678626,20
1,fr_viaje,247,0.032388663967611336,0.17703004946619794,20
1,fr_estro,182,0.054945054945054944,0.2278729819047003,20
1,fr_varic,514,0.19844357976653695,0.39882793961303553,20
1,fr_antec,59,0.0,0.0,20
1,ana_dime,899,1.6117908787541713,0.5713935277983074,20
1,ana_crea,447,0.930648769574944,0.2540504620416714,20
1,ana_trop,9388,0.8766510438858117,0.32883733233884554,20
1,peso,11,88.86363636363636,9.899703643615043,20
1,tension_,646,129.58823529411765,19.986546194236713,20
1,ana_hemo,35,13.51714285714286,1.741671728013998,20
1,ana_plaq,29,225.3448275862069,57.17382802626714,20
1,ana_leuc,77,7.987909090909092,2.5546805639733767,20
1,ana_neu,11897,6.436813146171304,3.275757917167262,20
1,protcrea,13713,28.912987675927955,48.58650322656129,20
1,splanchnic,8871,0.010032690790215308,0.09965960016838939,20
2,raza,8524,2.900868137024871,0.6285139206491696,20
2,ant_inf,3468,0.03575547866205306,0.18567989769412446,20
2,ant_isq,3469,0.03689824156817527,0.18851196603227036,20
2,ant_clau,3481,0.02815282964665326,0.16540933416690784,20
2,fum_act,3587,0.19096738221354892,0.393063406009836,20
2,diabetes,3459,0.10291991905174906,0.30385425669904725,20
2,hip_art,3359,0.33283715391485563,0.47122880099662234,20
2,insf_car,103,0.02912621359223301,0.1681602725795026,20
2,fibr_aur,7383,0.023973994311255586,0.152968107486559,20
2,trat_est,3519,0.18584825234441602,0.3889841634886211,20
2,var171,620,0.03225806451612903,0.17668469596940845,20
2,tv_l_esu,7911,0.022500316015674378,0.14830391699098566,20
2,tvp_orig,13294,0.35045885361817364,0.4771136610272328,20
2,tv_l_ein,3568,0.8158632286995515,0.38759569238511254,20
2,tvp_prox,5391,0.837877944722686,0.36856274156508767,20
2,tv_l_svc,8947,0.005476696099251146,0.07380177436273191,20
2,tv_l_vre,9439,0.010912172899671575,0.10388983291101804,20
2,tv_l_vrn,9401,0.006807786405701521,0.08222797851069834,20
2,tv_l_vca,11718,0.0326847584912101,0.17781019389669808,20
2,tv_l_yug,11767,0.018866321067391858,0.1360528683886303,20
2,tv_l_ova,11769,0.0072223638371994225,0.08467704114931353,20
2,tv_l_sup,11766,0.008074111847696753,0.08949257268381346,20
2,tv_l_pul,11772,0.004926945293917771,0.07001907243022085,20
2,tv_l_ove,9423,0.026743075453677174,0.16133159445364723,20
2,fr_antfa,10080,0.13214285714285715,0.3386460134845523,20
2,fr_tvs_a,7860,0.047582697201017814,0.21288161998654104,20
2,fr_viaje,247,0.06477732793522267,0.24613253689992978,20
2,fr_estro,182,0.054945054945054944,0.2278729819047003,20
2,fr_varic,514,0.19455252918287938,0.39585583559096893,20
2,fr_antec,59,0.06779661016949153,0.2513965588845988,20
2,ana_dime,899,1.5873192436040044,0.5619521822601324,20
2,ana_crea,447,0.9507829977628636,0.21632080095988498,20
2,ana_trop,9388,0.8812313591819344,0.3235160749890103,20
2,peso,11,94.9090909090909,41.76439228349812,20
2,tension_,646,128.9984520123839,20.792093283615536,20
2,ana_hemo,35,13.214285714285714,1.8297763887024723,20
2,ana_plaq,29,233.17241379310346,66.68405639230583,20
2,ana_leuc,77,7.927142857142855,3.0095186037546076,20
2,ana_neu,11897,6.756248634109439,3.293262829029776,20
2,protcrea,13713,9.195358419018449,19.61726828061205,20
2,splanchnic,8871,0.006650884905873069,0.08128130557417186,20
3,raza,8524,2.929962458939465,0.5935666744310818,20
3,ant_inf,3468,0.03748558246828143,0.1899484497838693,20
3,ant_isq,3469,0.03488036898241568,0.1834767801169026,20
3,ant_clau,3481,0.02298190175237001,0.1498457004528806,20
3,fum_act,3587,0.19654307220518538,0.39738381065832645,20
3,diabetes,3459,0.11072564324949408,0.31379208909161466,20
3,hip_art,3359,0.32866924679964277,0.46972946789380615,20
3,insf_car,103,0.019417475728155338,0.13798709129662035,20
3,fibr_aur,7383,0.02817282947311391,0.16546637468861386,20
3,trat_est,3519,0.19153168513782323,0.39350641510156986,20
3,var171,620,0.035483870967741936,0.18499936721212476,20
3,tv_l_esu,7911,0.018581721653394008,0.1350423684396486,20
3,tvp_orig,13294,0.31608244320746204,0.4649455154138639,20
3,tv_l_ein,3568,0.8172645739910314,0.3864494664122198,20
3,tvp_prox,5391,0.8391764051196439,0.36736816167179653,20
3,tv_l_svc,8947,0.0045825416340672855,0.06753918822609084,20
3,tv_l_vre,9439,0.008793304375463502,0.0933594246641653,20
3,tv_l_vrn,9401,0.0032975215402616742,0.05732929348904612,20
3,tv_l_vca,11718,0.026028332479945383,0.15921952891608118,20
3,tv_l_yug,11767,0.017761536500382424,0.13208355053347107,20
3,tv_l_ova,11769,0.00450335627495964,0.06695577687713304,20
3,tv_l_sup,11766,0.009603943566207716,0.09752798487708444,20
3,tv_l_pul,11772,0.005011892626571526,0.07061709112439597,20
3,tv_l_ove,9423,0.028547171813647458,0.16652996966038744,20
3,fr_antfa,10080,0.13303571428571428,0.3396133286698331,20
3,fr_tvs_a,7860,0.04389312977099236,0.20485732334944529,20
3,fr_viaje,247,0.04048582995951417,0.19709573189697302,20
3,fr_estro,182,0.027472527472527472,0.16345576682025847,20
3,fr_varic,514,0.20428015564202334,0.4031746193064416,20
3,fr_antec,59,0.01694915254237288,0.12908090009938827,20
3,ana_dime,899,1.5372636262513903,0.6072436939193937,20
3,ana_crea,447,0.9172259507829977,0.2755403890416494,20
3,ana_trop,9388,0.8894333191308053,0.3135947862301992,20
3,peso,11,86.45454545454545,18.956234936695807,20
3,tension_,646,128.88235294117646,19.69681414196024,20
3,ana_hemo,35,14.002857142857144,1.9734647869435427,20
3,ana_plaq,29,225.93103448275863,87.92156811789219,20
3,ana_leuc,77,7.7402207792207784,3.316750219143974,20
3,ana_neu,11897,6.38995923342019,3.323068989385343,20
3,protcrea,13713,6.867576022752133,18.559450874414082,20
3,splanchnic,8871,0.009807237064592493,0.09854468613655112,20
4,raza,8524,2.90415297982168,0.6526390300050702,20
4,ant_inf,3468,0.037773933102652826,0.1906490573819056,20
4,ant_isq,3469,0.040933986739694436,0.1981373146817352,20
4,ant_clau,3481,0.02585463947141626,0.15870153461519942,20
4,fum_act,3587,0.20211876219682184,0.4015803383693559,20
4,diabetes,3459,0.1049436253252385,0.3064807674697296,20
4,hip_art,3359,0.3566537660017862,0.4790113330585503,20
4,insf_car,103,0.019417475728155338,0.13798709129662037,20
4,fibr_aur,7383,0.02519301097114994,0.1567109542098364,20
4,trat_est,3519,0.18272236430804206,0.38643874273902873,20
4,var171,620,0.035483870967741936,0.18499936721212476,20
4,tv_l_esu,7911,0.018834534192895967,0.13594040795375228,20
4,tvp_orig,13294,0.31209568226267487,0.4633486455960247,20
4,tv_l_ein,3568,0.8220291479820628,0.3824882061579765,20
4,tvp_prox,5391,0.8402893711741792,0.366337472647669,20
4,tv_l_svc,8947,0.005476696099251146,0.07380177436273193,20
4,tv_l_vre,9439,0.008369530670621888,0.09110149080544956,20
4,tv_l_vrn,9401,0.006063184767577917,0.0776300364424243,20
4,tv_l_vca,11718,0.03430619559651818,0.18201450640048342,20
4,tv_l_yug,11767,0.01172771309594629,0.10765766968258907,20
4,tv_l_ova,11769,0.005438015124479565,0.07354211797320971,20
4,tv_l_sup,11766,0.006629270780214177,0.08115000646418195,20
4,tv_l_pul,11772,0.0034828406388039417,0.05891273597354512,20
4,tv_l_ove,9423,0.028122678552477978,0.16532329994139353,20
4,fr_antfa,10080,0.13035714285714287,0.3366959431939526,20
4,fr_tvs_a,7860,0.04834605597964377,0.2144964215339195,20
4,fr_viaje,247,0.032388663967611336,0.17703004946619796,20
4,fr_estro,182,0.06043956043956044,0.23829943343078502,20
4,fr_varic,514,0.19066147859922178,0.39282270705444244,20
4,fr_antec,59,0.0,0.0,20
4,ana_dime,899,1.546162402669633,0.5765478371766478,20
4,ana_crea,447,0.9261744966442953,0.2614867079030625,20
4,ana_trop,9388,0.8867703451214316,0.3168733187484372,20
4,peso,11,94.27272727272727,16.80958010989788,20
4,tension_,646,128.86996904024767,19.83043745972949,20
4,ana_hemo,35,14.254285714285714,1.9683702986615756,20
4,ana_plaq,29,227.58620689655172,70.91642348634853,20
4,ana_leuc,77,7.872987012987013,3.3191268077711498,20
4,ana_neu,11897,6.790332184584349,3.3339124338280484,20
4,protcrea,13713,3.900747465908262,14.802768499741664,20
4,splanchnic,8871,0.010145417653026716,0.10021221559107636,20
5,raza,8524,2.910605349601126,0.6142261230362083,20
5,ant_inf,3468,0.036043829296424454,0.1863992265704841,20
5,ant_isq,3469,0.037474776592678005,0.1899221359189257,20
5,ant_clau,3481,0.025567365699511634,0.15784066494632829,20
5,fum_act,3587,0.20908837468636743,0.4066576278116281,20
5,diabetes,3459,0.1078346342873663,0.3101714460350537,20
5,hip_art,3359,0.34295921405180113,0.47469800036314874,20
5,insf_car,103,0.038834951456310676,0.1932014440983728,20
5,fibr_aur,7383,0.025599349857781388,0.15793676945106955,20
5,trat_est,3519,0.19295254333617504,0.39461609110156237,20
5,var171,620,0.03225806451612903,0.17668469596940845,20
5,tv_l_esu,7911,0.015674377449121476,0.12421228337287722,20
5,tvp_orig,13294,0.30525048894238,0.4605134394812143,20
5,tv_l_ein,3568,0.8158632286995515,0.38759569238511254,20
5,tvp_prox,5391,0.8391764051196439,0.36736816167179653,20
5,tv_l_svc,8947,0.0045825416340672855,0.06753918822609083,20
5,tv_l_vre,9439,0.007204152982307448,0.08457099480386263,20
5,tv_l_vrn,9401,0.0052122114668652275,0.07200725184653214,20
5,tv_l_vca,11718,0.03712237583205325,0.1890616435045381,20
5,tv_l_yug,11767,0.014617149655817115,0.12001453491871956,20
5,tv_l_ova,11769,0.00637267397399949,0.07957426091658405,20
5,tv_l_sup,11766,0.0071392146863844975,0.0841917234652327,20
5,tv_l_pul,11772,0.0045871559633027525,0.06757302689291851,20
5,tv_l_ove,9423,0.026000212246630586,0.15913579487268334,20
5,fr_antfa,10080,0.13253968253968254,0.33907656228639976,20
5,fr_tvs_a,7860,0.048473282442748095,0.21476411090304093,20
5,fr_viaje,247,0.06072874493927125,0.2388320842712976,20
5,fr_estro,182,0.038461538461538464,0.19230769230769232,20
5,fr_varic,514,0.20428015564202334,0.4031746193064416,20
5,fr_antec,59,0.0,0.0,20
5,ana_dime,899,1.5795328142380423,0.5611280983922629,20
5,ana_crea,447,0.9328859060402684,0.25021948835311747,20
5,ana_trop,9388,0.8688751597784405,0.3375368372465885,20
5,peso,11,85.63636363636364,21.43180613129903,20
5,tension_,646,128.93808049535605,21.377975530942354,20
5,ana_hemo,35,13.425714285714285,2.58695992095994,20
5,ana_plaq,29,228.58620689655172,109.30013005682999,20
5,ana_leuc,77,8.174675324675325,3.627422821116579,20
5,ana_neu,11897,6.51518828276036,3.2850850622736685,20
5,protcrea,13713,6.284713629402757,15.829951039149671,20
5,splanchnic,8871,0.01048359824146094,0.10185132502511972,20
