iteration,variable,missing_n,imputed_mean,imputed_sd,imputation
1,raza,429,2.885780885780886,0.5186571854301094,1
1,ant_inf,29,0.0,0.0,1
1,ant_isq,29,0.0,0.0,1
1,ant_clau,28,0.03571428571428571,0.1855768722395226,1
1,fum_act,36,0.1388888888888889,0.34583054438857597,1
1,diabetes,28,0.07142857142857142,0.25753937681885636,1
1,hip_art,28,0.21428571428571427,0.41032590332414487,1
1,insf_car,5,0.2,0.4,1
1,fibr_aur,195,0.0,0.0,1
1,trat_est,30,0.16666666666666666,0.37267799624996495,1
1,var171,21,0.047619047619047616,0.21295885499998,1
1,tv_l_esu,363,0.02203856749311295,0.1468089542090824,1
1,tvp_orig,1293,0.36117556071152357,0.4803413110031658,1
1,tv_l_ein,278,0.7158273381294964,0.45101946755759453,1
1,tvp_prox,555,0.8936936936936937,0.30822925809503565,1
1,tv_l_svc,474,0.010548523206751054,0.10216286930635657,1
1,tv_l_vre,496,0.016129032258064516,0.12597176896623638,1
1,tv_l_vrn,487,0.004106776180698152,0.06395240863407571,1
1,tv_l_vca,942,0.03927813163481953,0.19425591370688644,1
1,tv_l_yug,947,0.030623020063357972,0.17229408203869673,1
1,tv_l_ova,951,0.002103049421661409,0.04581076952847942,1
1,tv_l_sup,948,0.011603375527426161,0.10709219020916366,1
1,tv_l_pul,947,0.005279831045406547,0.07247036932111293,1
1,tv_l_ove,492,0.056910569105691054,0.2316716560776424,1
1,fr_antfa,713,0.16129032258064516,0.3677985242255284,1
1,fr_tvs_a,265,0.04150943396226415,0.19946528734192467,1
1,fr_viaje,10,0.0,0.0,1
1,fr_estro,12,0.0,0.0,1
1,fr_varic,32,0.125,0.33071891388307384,1
1,ana_dime,181,1.6298342541436464,0.494158669060727,1
1,ana_crea,48,0.7916666666666666,0.4061164310337068,1
1,ana_trop,857,0.8903150525087514,0.31249665563824935,1
1,tension_,64,132.03125,22.72386462372763,1
1,ana_hemo,5,14.14,1.819450466487065,1
1,ana_plaq,6,322.1666666666667,167.86146735395297,1
1,ana_leuc,13,8.452307692307693,3.4065889861722476,1
1,ana_neu,1065,6.877372769953052,3.068194093641051,1
1,protcrea,1323,53.50992139077854,55.55906035321051,1
1,splanchnic,463,0.023758099352051837,0.1522946225814617,1
2,raza,429,2.8997668997668997,0.745913461502893,1
2,ant_inf,29,0.10344827586206896,0.30454347814923605,1
2,ant_isq,29,0.034482758620689655,0.18246560765962697,1
2,ant_clau,28,0.0,0.0,1
2,fum_act,36,0.25,0.4330127018922193,1
2,diabetes,28,0.10714285714285714,0.30929478706587094,1
2,hip_art,28,0.2857142857142857,0.45175395145262565,1
2,insf_car,5,0.0,0.0,1
2,fibr_aur,195,0.02564102564102564,0.15806189751202507,1
2,trat_est,30,0.16666666666666666,0.37267799624996495,1
2,var171,21,0.047619047619047616,0.21295885499998,1
2,tv_l_esu,363,0.01928374655647383,0.13752048456582575,1
2,tvp_orig,1293,0.33410672853828305,0.4716772439748701,1
2,tv_l_ein,278,0.7302158273381295,0.443847578390398,1
2,tvp_prox,555,0.8846846846846846,0.3194020872960049,1
2,tv_l_svc,474,0.008438818565400843,0.09147461345434091,1
2,tv_l_vre,496,0.010080645161290322,0.09989507372449592,1
2,tv_l_vrn,487,0.006160164271047228,0.07824459500311148,1
2,tv_l_vca,942,0.044585987261146494,0.20639301587286177,1
2,tv_l_yug,947,0.021119324181626188,0.14378212102948534,1
2,tv_l_ova,951,0.002103049421661409,0.04581076952847942,1
2,tv_l_sup,948,0.011603375527426161,0.10709219020916366,1
2,tv_l_pul,947,0.006335797254487857,0.07934516322774743,1
2,tv_l_ove,492,0.054878048780487805,0.22774206581686704,1
2,fr_antfa,713,0.15007012622720897,0.35714014537903543,1
2,fr_tvs_a,265,0.045283018867924525,0.20792418587103262,1
2,fr_viaje,10,0.0,0.0,1
2,fr_estro,12,0.0,0.0,1
2,fr_varic,32,0.0625,0.24206145913796356,1
2,ana_dime,181,1.4640883977900552,0.5993392982241157,1
2,ana_crea,48,0.875,0.33071891388307384,1
2,ana_trop,857,0.8121353558926487,0.39060404452817615,1
2,tension_,64,130.96875,23.107066526011042,1
2,ana_hemo,5,12.764,2.5641341618565905,1
2,ana_plaq,6,338.6666666666667,316.27291309177195,1
2,ana_leuc,13,9.37307692307692,3.522290305196726,1
2,ana_neu,1065,6.644962441314554,3.030319337128403,1
2,protcrea,1323,51.88348450491308,54.68054173148527,1
2,splanchnic,463,0.02159827213822894,0.14536776389169626,1
3,raza,429,2.867132867132867,0.6284375367457613,1
3,ant_inf,29,0.0,0.0,1
3,ant_isq,29,0.06896551724137931,0.2533954906327426,1
3,ant_clau,28,0.0,0.0,1
3,fum_act,36,0.16666666666666666,0.372677996249965,1
3,diabetes,28,0.07142857142857142,0.25753937681885636,1
3,hip_art,28,0.42857142857142855,0.4948716593053935,1
3,insf_car,5,0.0,0.0,1
3,fibr_aur,195,0.015384615384615385,0.12307692307692308,1
3,trat_est,30,0.1,0.3,1
3,var171,21,0.047619047619047616,0.21295885499997996,1
3,tv_l_esu,363,0.01928374655647383,0.13752048456582575,1
3,tvp_orig,1293,0.30781129156999226,0.46158802015650874,1
3,tv_l_ein,278,0.7338129496402878,0.4419632389469833,1
3,tvp_prox,555,0.8594594594594595,0.3475469709335894,1
3,tv_l_svc,474,0.006329113924050633,0.07930357016545357,1
3,tv_l_vre,496,0.008064516129032258,0.08943981053555983,1
3,tv_l_vrn,487,0.006160164271047228,0.07824459500311148,1
3,tv_l_vca,942,0.024416135881104035,0.1543372547045576,1
3,tv_l_yug,947,0.021119324181626188,0.14378212102948534,1
3,tv_l_ova,951,0.0010515247108307045,0.0324101682595635,1
3,tv_l_sup,948,0.012658227848101266,0.11179444134592212,1
3,tv_l_pul,947,0.0031678986272439284,0.05619486671869091,1
3,tv_l_ove,492,0.04065040650406504,0.19747898864213204,1
3,fr_antfa,713,0.12201963534361851,0.3273084843602879,1
3,fr_tvs_a,265,0.052830188679245285,0.22369434468345556,1
3,fr_viaje,10,0.0,0.0,1
3,fr_estro,12,0.0,0.0,1
3,fr_varic,32,0.1875,0.3903123748998999,1
3,ana_dime,181,1.6022099447513811,0.5006024879590849,1
3,ana_crea,48,0.8541666666666666,0.35293904887702954,1
3,ana_trop,857,0.8786464410735122,0.32653770480966393,1
3,tension_,64,128.1875,18.204459446794896,1
3,ana_hemo,5,14.319999999999999,2.3574562562219477,1
3,ana_plaq,6,253.0,47.25462940284264,1
3,ana_leuc,13,9.22923076923077,3.985852792716648,1
3,ana_neu,1065,6.628943661971832,3.0530795992046373,1
3,protcrea,1323,52.6581814058957,55.450982429742666,1
3,splanchnic,463,0.017278617710583154,0.1303075864276316,1
4,raza,429,2.9184149184149186,0.595524336839492,1
4,ant_inf,29,0.0,0.0,1
4,ant_isq,29,0.10344827586206896,0.30454347814923605,1
4,ant_clau,28,0.0,0.0,1
4,fum_act,36,0.2777777777777778,0.44790320823880836,1
4,diabetes,28,0.10714285714285714,0.30929478706587094,1
4,hip_art,28,0.32142857142857145,0.4670248868079293,1
4,insf_car,5,0.0,0.0,1
4,fibr_aur,195,0.005128205128205128,0.0714276321906878,1
4,trat_est,30,0.26666666666666666,0.4422166387140533,1
4,var171,21,0.047619047619047616,0.21295885499997996,1
4,tv_l_esu,363,0.01652892561983471,0.12749792248381417,1
4,tvp_orig,1293,0.32327919566898683,0.46772829432973123,1
4,tv_l_ein,278,0.7769784172661871,0.4162726947191204,1
4,tvp_prox,555,0.8666666666666667,0.33993463423951903,1
4,tv_l_svc,474,0.006329113924050633,0.07930357016545357,1
4,tv_l_vre,496,0.010080645161290322,0.09989507372449592,1
4,tv_l_vrn,487,0.004106776180698152,0.06395240863407571,1
4,tv_l_vca,942,0.06050955414012739,0.23842849661458335,1
4,tv_l_yug,947,0.013727560718057022,0.1163577019143515,1
4,tv_l_ova,951,0.004206098843322818,0.06471790769055358,1
4,tv_l_sup,948,0.012658227848101266,0.11179444134592212,1
4,tv_l_pul,947,0.006335797254487857,0.07934516322774743,1
4,tv_l_ove,492,0.036585365853658534,0.18774151607732503,1
4,fr_antfa,713,0.1276297335203366,0.33367706640083084,1
4,fr_tvs_a,265,0.052830188679245285,0.22369434468345556,1
4,fr_viaje,10,0.1,0.30000000000000004,1
4,fr_estro,12,0.0,0.0,1
4,fr_varic,32,0.1875,0.3903123748998999,1
4,ana_dime,181,1.5303867403314917,0.5713359014716027,1
4,ana_crea,48,0.8125,0.3903123748998999,1
4,ana_trop,857,0.8856476079346558,0.3182387821970761,1
4,tension_,64,131.265625,18.035764978491347,1
4,ana_hemo,5,13.66,2.470303625063121,1
4,ana_plaq,6,277.6666666666667,73.96095065791287,1
4,ana_leuc,13,9.59153846153846,3.793755691728279,1
4,ana_neu,1065,6.014339906103286,3.007844789059796,1
4,protcrea,1323,54.56880876795164,55.77669967199374,1
4,splanchnic,463,0.019438444924406047,0.1380601020690876,1
5,raza,429,2.965034965034965,0.46428510972581344,1
5,ant_inf,29,0.034482758620689655,0.18246560765962697,1
5,ant_isq,29,0.0,0.0,1
5,ant_clau,28,0.0,0.0,1
5,fum_act,36,0.3055555555555556,0.4606423319938055,1
5,diabetes,28,0.21428571428571427,0.41032590332414487,1
5,hip_art,28,0.32142857142857145,0.4670248868079293,1
5,insf_car,5,0.0,0.0,1
5,fibr_aur,195,0.005128205128205128,0.0714276321906878,1
5,trat_est,30,0.16666666666666666,0.37267799624996495,1
5,var171,21,0.047619047619047616,0.21295885499998,1
5,tv_l_esu,363,0.011019283746556474,0.10439281168868549,1
5,tvp_orig,1293,0.39752513534416084,0.4893862504339159,1
5,tv_l_ein,278,0.7302158273381295,0.44384757839039807,1
5,tvp_prox,555,0.8756756756756757,0.3299511883682563,1
5,tv_l_svc,474,0.006329113924050633,0.07930357016545357,1
5,tv_l_vre,496,0.008064516129032258,0.08943981053555983,1
5,tv_l_vrn,487,0.012320328542094456,0.11031109666171084,1
5,tv_l_vca,942,0.05732484076433121,0.23246226230439054,1
5,tv_l_yug,947,0.008447729672650475,0.09152248650483824,1
5,tv_l_ova,951,0.006309148264984227,0.07917918232183682,1
5,tv_l_sup,948,0.010548523206751054,0.10216286930635657,1
5,tv_l_pul,947,0.004223864836325237,0.0648538649748008,1
5,tv_l_ove,492,0.0508130081300813,0.21961567870908855,1
5,fr_antfa,713,0.16830294530154277,0.3741350877749488,1
5,fr_tvs_a,265,0.08679245283018867,0.28153067854482244,1
5,fr_viaje,10,0.2,0.4000000000000001,1
5,fr_estro,12,0.08333333333333333,0.2763853991962833,1
5,fr_varic,32,0.125,0.33071891388307384,1
5,ana_dime,181,1.569060773480663,0.5379865282643023,1
5,ana_crea,48,0.9166666666666666,0.2763853991962833,1
5,ana_trop,857,0.8891481913652275,0.31394853902697534,1
5,tension_,64,131.40625,19.004702337513734,1
5,ana_hemo,5,12.919999999999998,1.2734205903785285,1
5,ana_plaq,6,193.5,65.19138491140272,1
5,ana_leuc,13,9.706923076923076,3.40274862792597,1
5,ana_neu,1065,6.894245070422535,3.112008657831684,1
5,protcrea,1323,52.56033560090704,54.72274558164267,1
5,splanchnic,463,0.028077753779697623,0.1651950166390751,1
1,raza,429,2.839160839160839,0.6927902064608451,2
1,ant_inf,29,0.06896551724137931,0.2533954906327426,2
1,ant_isq,29,0.06896551724137931,0.2533954906327426,2
1,ant_clau,28,0.0,0.0,2
1,fum_act,36,0.08333333333333333,0.27638539919628335,2
1,diabetes,28,0.03571428571428571,0.1855768722395226,2
1,hip_art,28,0.39285714285714285,0.48838551182776224,2
1,insf_car,5,0.0,0.0,2
1,fibr_aur,195,0.005128205128205128,0.07142763219068779,2
1,trat_est,30,0.13333333333333333,0.33993463423951903,2
1,var171,21,0.047619047619047616,0.21295885499998,2
1,tv_l_esu,363,0.008264462809917356,0.09053265413308531,2
1,tvp_orig,1293,0.21268368136117555,0.40920573437310664,2
1,tv_l_ein,278,0.7805755395683454,0.4138566981407114,2
1,tvp_prox,555,0.8522522522522522,0.35484975804305635,2
1,tv_l_svc,474,0.016877637130801686,0.1288129748731962,2
1,tv_l_vre,496,0.010080645161290322,0.09989507372449592,2
1,tv_l_vrn,487,0.006160164271047228,0.07824459500311148,2
1,tv_l_vca,942,0.05307855626326964,0.22419014948983945,2
1,tv_l_yug,947,0.028511087645195353,0.16642777871041642,2
1,tv_l_ova,951,0.002103049421661409,0.04581076952847943,2
1,tv_l_sup,948,0.007383966244725738,0.08561216786895712,2
1,tv_l_pul,947,0.010559662090813094,0.10221621998166894,2
1,tv_l_ove,492,0.046747967479674794,0.21109854337771744,2
1,fr_antfa,713,0.1388499298737728,0.3457898593767914,2
1,fr_tvs_a,265,0.052830188679245285,0.22369434468345556,2
1,fr_viaje,10,0.1,0.30000000000000004,2
1,fr_estro,12,0.0,0.0,2
1,fr_varic,32,0.25,0.4330127018922193,2
1,ana_dime,181,1.5027624309392265,0.5817131243409888,2
1,ana_crea,48,0.8125,0.3903123748998999,2
1,ana_trop,857,0.8646441073512252,0.342103310381569,2
1,tension_,64,134.125,23.102691942715246,2
1,ana_hemo,5,13.36,1.984540249024947,2
1,ana_plaq,6,275.6666666666667,197.41974459398824,2
1,ana_leuc,13,8.448461538461538,3.934466724013162,2
1,ana_neu,1065,6.741849765258216,3.076433923611835,2
1,protcrea,1323,72.85576719576719,56.591668615232656,2
1,splanchnic,463,0.02591792656587473,0.15889048948379714,2
2,raza,429,2.8997668997668997,0.687365119958195,2
2,ant_inf,29,0.0,0.0,2
2,ant_isq,29,0.0,0.0,2
2,ant_clau,28,0.0,0.0,2
2,fum_act,36,0.16666666666666666,0.37267799624996495,2
2,diabetes,28,0.10714285714285714,0.30929478706587094,2
2,hip_art,28,0.35714285714285715,0.47915742374995496,2
2,insf_car,5,0.0,0.0,2
2,fibr_aur,195,0.015384615384615385,0.12307692307692308,2
2,trat_est,30,0.03333333333333333,0.17950549357115012,2
2,var171,21,0.0,0.0,2
2,tv_l_esu,363,0.013774104683195593,0.11655204298240318,2
2,tvp_orig,1293,0.2188708430007734,0.41348083037174066,2
2,tv_l_ein,278,0.7805755395683454,0.41385669814071135,2
2,tvp_prox,555,0.8792792792792793,0.32580243754366,2
2,tv_l_svc,474,0.004219409282700422,0.06481979534066336,2
2,tv_l_vre,496,0.006048387096774193,0.07753582468963474,2
2,tv_l_vrn,487,0.012320328542094456,0.11031109666171082,2
2,tv_l_vca,942,0.02335456475583864,0.15102691502147553,2
2,tv_l_yug,947,0.008447729672650475,0.09152248650483825,2
2,tv_l_ova,951,0.012618296529968454,0.11162022721106706,2
2,tv_l_sup,948,0.012658227848101266,0.11179444134592212,2
2,tv_l_pul,947,0.010559662090813094,0.10221621998166895,2
2,tv_l_ove,492,0.044715447154471545,0.20667843607944983,2
2,fr_antfa,713,0.1570827489481066,0.36387876955246057,2
2,fr_tvs_a,265,0.03018867924528302,0.17110617432082467,2
2,fr_viaje,10,0.1,0.30000000000000004,2
2,fr_estro,12,0.0,0.0,2
2,fr_varic,32,0.09375,0.2914805954090255,2
2,ana_dime,181,1.5856353591160222,0.5458160899548494,2
2,ana_crea,48,0.9166666666666666,0.2763853991962833,2
2,ana_trop,857,0.8658109684947491,0.34085529969318895,2
2,tension_,64,128.3125,20.654051509328625,2
2,ana_hemo,5,14.2,2.7313000567495327,2
2,ana_plaq,6,284.6666666666667,112.45394118877688,2
2,ana_leuc,13,7.456153846153847,3.2877383820248003,2
2,ana_neu,1065,6.574725821596244,3.05617986374624,2
2,protcrea,1323,46.05880725623583,54.860629412694074,2
2,splanchnic,463,0.01511879049676026,0.12202545910864392,2
3,raza,429,2.9277389277389276,0.5520884417002317,2
3,ant_inf,29,0.034482758620689655,0.18246560765962697,2
3,ant_isq,29,0.034482758620689655,0.18246560765962697,2
3,ant_clau,28,0.07142857142857142,0.25753937681885636,2
3,fum_act,36,0.25,0.4330127018922193,2
3,diabetes,28,0.07142857142857142,0.25753937681885636,2
3,hip_art,28,0.21428571428571427,0.410325903324145,2
3,insf_car,5,0.0,0.0,2
3,fibr_aur,195,0.010256410256410256,0.10075324463788975,2
3,trat_est,30,0.23333333333333334,0.42295258468165065,2
3,var171,21,0.19047619047619047,0.39267672624930106,2
3,tv_l_esu,363,0.011019283746556474,0.10439281168868549,2
3,tvp_orig,1293,0.3062645011600928,0.46094094685680975,2
3,tv_l_ein,278,0.7697841726618705,0.4209709018223825,2
3,tvp_prox,555,0.8306306306306306,0.37507784003962635,2
3,tv_l_svc,474,0.006329113924050633,0.07930357016545357,2
3,tv_l_vre,496,0.012096774193548387,0.10931807832037062,2
3,tv_l_vrn,487,0.002053388090349076,0.045267777587368795,2
3,tv_l_vca,942,0.032908704883227176,0.17839765140308275,2
3,tv_l_yug,947,0.026399155227032733,0.16031918110548019,2
3,tv_l_ova,951,0.005257623554153523,0.07231860720946119,2
3,tv_l_sup,948,0.00949367088607595,0.0969718572534466,2
3,tv_l_pul,947,0.005279831045406547,0.07247036932111293,2
3,tv_l_ove,492,0.054878048780487805,0.227742065816867,2
3,fr_antfa,713,0.16269284712482468,0.36908519967514697,2
3,fr_tvs_a,265,0.04905660377358491,0.21598623428308206,2
3,fr_viaje,10,0.0,0.0,2
3,fr_estro,12,0.0,0.0,2
3,fr_varic,32,0.125,0.33071891388307384,2
3,ana_dime,181,1.5193370165745856,0.5521545966253696,2
3,ana_crea,48,0.9166666666666666,0.2763853991962833,2
3,ana_trop,857,0.9054842473745625,0.2925449113060842,2
3,tension_,64,132.109375,20.14875708596873,2
3,ana_hemo,5,13.9,0.9444575162494074,2
3,ana_plaq,6,254.76666666666665,79.9358423292636,2
3,ana_leuc,13,7.9253846153846155,3.0062975321932135,2
3,ana_neu,1065,6.638069483568075,3.019864343385151,2
3,protcrea,1323,73.26469387755103,58.610132016997724,2
3,splanchnic,463,0.012958963282937365,0.11309742947374554,2
4,raza,429,2.913752913752914,0.5284644991171823,2
4,ant_inf,29,0.0,0.0,2
4,ant_isq,29,0.034482758620689655,0.18246560765962697,2
4,ant_clau,28,0.03571428571428571,0.1855768722395226,2
4,fum_act,36,0.3055555555555556,0.4606423319938055,2
4,diabetes,28,0.14285714285714285,0.3499271061118826,2
4,hip_art,28,0.25,0.4330127018922193,2
4,insf_car,5,0.0,0.0,2
4,fibr_aur,195,0.010256410256410256,0.10075324463788973,2
4,trat_est,30,0.23333333333333334,0.4229525846816506,2
4,var171,21,0.0,0.0,2
4,tv_l_esu,363,0.008264462809917356,0.09053265413308531,2
4,tvp_orig,1293,0.2296983758700696,0.4206388379509456,2
4,tv_l_ein,278,0.8093525179856115,0.3928116846734093,2
4,tvp_prox,555,0.818018018018018,0.3858296777282582,2
4,tv_l_svc,474,0.010548523206751054,0.10216286930635657,2
4,tv_l_vre,496,0.004032258064516129,0.063371909860894,2
4,tv_l_vrn,487,0.01026694045174538,0.10080441649801705,2
4,tv_l_vca,942,0.03397027600849257,0.18115268796349504,2
4,tv_l_yug,947,0.010559662090813094,0.10221621998166894,2
4,tv_l_ova,951,0.002103049421661409,0.04581076952847943,2
4,tv_l_sup,948,0.0031645569620253164,0.05616531439651533,2
4,tv_l_pul,947,0.010559662090813094,0.10221621998166894,2
4,tv_l_ove,492,0.0508130081300813,0.21961567870908855,2
4,fr_antfa,713,0.14165497896213183,0.34869592182497605,2
4,fr_tvs_a,265,0.045283018867924525,0.20792418587103262,2
4,fr_viaje,10,0.0,0.0,2
4,fr_estro,12,0.0,0.0,2
4,fr_varic,32,0.1875,0.3903123748998999,2
4,ana_dime,181,1.6298342541436464,0.494158669060727,2
4,ana_crea,48,0.8958333333333334,0.30547663122114954,2
4,ana_trop,857,0.8716452742123687,0.3344843645906536,2
4,tension_,64,132.078125,23.708058155074088,2
4,ana_hemo,5,14.38,2.495916665275505,2
4,ana_plaq,6,276.3333333333333,106.34169246140272,2
4,ana_leuc,13,9.037692307692309,4.230404879416033,2
4,ana_neu,1065,6.6184657276995305,3.1008333241605346,2
4,protcrea,1323,40.007130763416484,55.29010230060596,2
4,splanchnic,463,0.017278617710583154,0.13030758642763157,2
5,raza,429,2.9627039627039626,0.5861717756684959,2
5,ant_inf,29,0.034482758620689655,0.18246560765962697,2
5,ant_isq,29,0.0,0.0,2
5,ant_clau,28,0.0,0.0,2
5,fum_act,36,0.2222222222222222,0.41573970964154905,2
5,diabetes,28,0.14285714285714285,0.3499271061118826,2
5,hip_art,28,0.5,0.5,2
5,insf_car,5,0.0,0.0,2
5,fibr_aur,195,0.010256410256410256,0.10075324463788975,2
5,trat_est,30,0.23333333333333334,0.4229525846816506,2
5,var171,21,0.0,0.0,2
5,tv_l_esu,363,0.013774104683195593,0.11655204298240315,2
5,tvp_orig,1293,0.22041763341067286,0.414528286480321,2
5,tv_l_ein,278,0.7553956834532374,0.4298523524112131,2
5,tvp_prox,555,0.8018018018018018,0.39864228630338,2
5,tv_l_svc,474,0.010548523206751054,0.10216286930635657,2
5,tv_l_vre,496,0.006048387096774193,0.07753582468963473,2
5,tv_l_vrn,487,0.006160164271047228,0.07824459500311148,2
5,tv_l_vca,942,0.040339702760084924,0.1967546978887999,2
5,tv_l_yug,947,0.01795142555438226,0.1327748917338957,2
5,tv_l_ova,951,0.004206098843322818,0.06471790769055359,2
5,tv_l_sup,948,0.010548523206751054,0.10216286930635657,2
5,tv_l_pul,947,0.0010559662090813093,0.032478472015268635,2
5,tv_l_ove,492,0.052845528455284556,0.2237250065986506,2
5,fr_antfa,713,0.09537166900420757,0.2937276183057348,2
5,fr_tvs_a,265,0.06792452830188679,0.2516163483497306,2
5,fr_viaje,10,0.0,0.0,2
5,fr_estro,12,0.0,0.0,2
5,fr_varic,32,0.15625,0.3630921887069453,2
5,ana_dime,181,1.5359116022099448,0.5612563579757036,2
5,ana_crea,48,0.9166666666666666,0.2763853991962833,2
5,ana_trop,857,0.8728121353558926,0.33318330049895895,2
5,tension_,64,132.21875,21.166356522498152,2
5,ana_hemo,5,14.760000000000002,1.7130090484291085,2
5,ana_plaq,6,260.3333333333333,85.0738241502964,2
5,ana_leuc,13,9.52,4.431787276205668,2
5,ana_neu,1065,6.677282629107981,3.106016500191766,2
5,protcrea,1323,93.98965532879818,48.337409214606964,2
5,splanchnic,463,0.01511879049676026,0.1220254591086439,2
1,raza,429,2.8461538461538463,0.7351421121452025,3
1,ant_inf,29,0.034482758620689655,0.18246560765962697,3
1,ant_isq,29,0.0,0.0,3
1,ant_clau,28,0.03571428571428571,0.1855768722395226,3
1,fum_act,36,0.25,0.4330127018922193,3
1,diabetes,28,0.07142857142857142,0.25753937681885636,3
1,hip_art,28,0.21428571428571427,0.410325903324145,3
1,insf_car,5,0.0,0.0,3
1,fibr_aur,195,0.010256410256410256,0.10075324463788975,3
1,trat_est,30,0.16666666666666666,0.37267799624996495,3
1,var171,21,0.0,0.0,3
1,tv_l_esu,363,0.008264462809917356,0.0905326541330853,3
1,tvp_orig,1293,0.18793503480278423,0.3906602840019197,3
1,tv_l_ein,278,0.762589928057554,0.4254956282768703,3
1,tvp_prox,555,0.8522522522522522,0.35484975804305635,3
1,tv_l_svc,474,0.008438818565400843,0.09147461345434091,3
1,tv_l_vre,496,0.024193548387096774,0.15364966841336816,3
1,tv_l_vrn,487,0.006160164271047228,0.07824459500311148,3
1,tv_l_vca,942,0.029723991507430998,0.1698248386906261,3
1,tv_l_yug,947,0.01900739176346357,0.13655076280202094,3
1,tv_l_ova,951,0.010515247108307046,0.10200331703703701,3
1,tv_l_sup,948,0.00949367088607595,0.0969718572534466,3
1,tv_l_pul,947,0.007391763463569166,0.08565702129112249,3
1,tv_l_ove,492,0.07113821138211382,0.25705557038015636,3
1,fr_antfa,713,0.13183730715287517,0.3383138063921626,3
1,fr_tvs_a,265,0.03773584905660377,0.19055669695022787,3
1,fr_viaje,10,0.2,0.4000000000000001,3
1,fr_estro,12,0.0,0.0,3
1,fr_varic,32,0.15625,0.3630921887069453,3
1,ana_dime,181,1.591160220994475,0.5449205748480863,3
1,ana_crea,48,0.875,0.33071891388307384,3
1,ana_trop,857,0.7631271878646441,0.42516359557991823,3
1,tension_,64,131.6875,21.49409439241393,3
1,ana_hemo,5,13.440000000000001,2.2312328430712918,3
1,ana_plaq,6,268.1666666666667,46.37318430108312,3
1,ana_leuc,13,8.803846153846154,3.7807437983337424,3
1,ana_neu,1065,6.3950638497652585,3.0232579531562087,3
1,protcrea,1323,68.24603023431594,51.33703651641594,3
1,splanchnic,463,0.02591792656587473,0.15889048948379714,3
2,raza,429,2.923076923076923,0.6869776692820257,3
2,ant_inf,29,0.0,0.0,3
2,ant_isq,29,0.0,0.0,3
2,ant_clau,28,0.0,0.0,3
2,fum_act,36,0.3055555555555556,0.4606423319938055,3
2,diabetes,28,0.10714285714285714,0.30929478706587094,3
2,hip_art,28,0.2857142857142857,0.45175395145262565,3
2,insf_car,5,0.0,0.0,3
2,fibr_aur,195,0.005128205128205128,0.07142763219068779,3
2,trat_est,30,0.03333333333333333,0.17950549357115012,3
2,var171,21,0.047619047619047616,0.21295885499998,3
2,tv_l_esu,363,0.005509641873278237,0.0740221974795835,3
2,tvp_orig,1293,0.24052590873936583,0.42740284973835646,3
2,tv_l_ein,278,0.7517985611510791,0.4319693097920803,3
2,tvp_prox,555,0.8684684684684685,0.3379807505531954,3
2,tv_l_svc,474,0.010548523206751054,0.10216286930635657,3
2,tv_l_vre,496,0.014112903225806451,0.11795647158314575,3
2,tv_l_vrn,487,0.004106776180698152,0.06395240863407571,3
2,tv_l_vca,942,0.044585987261146494,0.20639301587286177,3
2,tv_l_yug,947,0.02006335797254488,0.14021704475351918,3
2,tv_l_ova,951,0.004206098843322818,0.06471790769055359,3
2,tv_l_sup,948,0.0,0.0,3
2,tv_l_pul,947,0.005279831045406547,0.07247036932111293,3
2,tv_l_ove,492,0.03861788617886179,0.1926824980270348,3
2,fr_antfa,713,0.1570827489481066,0.36387876955246057,3
2,fr_tvs_a,265,0.07547169811320754,0.2641509433962264,3
2,fr_viaje,10,0.0,0.0,3
2,fr_estro,12,0.0,0.0,3
2,fr_varic,32,0.125,0.33071891388307384,3
2,ana_dime,181,1.6243093922651934,0.5383268466082558,3
2,ana_crea,48,0.875,0.33071891388307384,3
2,ana_trop,857,0.7234539089848308,0.44729000722059387,3
2,tension_,64,132.75,18.194264206062304,3
2,ana_hemo,5,13.2,0.9797958971132713,3
2,ana_plaq,6,384.3333333333333,353.0442213409281,3
2,ana_leuc,13,8.467692307692307,4.024009011012533,3
2,ana_neu,1065,6.615765258215963,3.0248221926270267,3
2,protcrea,1323,23.46037188208617,40.5875287451636,3
2,splanchnic,463,0.03455723542116631,0.1826555033422547,3
3,raza,429,2.9347319347319347,0.46852566998232587,3
3,ant_inf,29,0.0,0.0,3
3,ant_isq,29,0.034482758620689655,0.18246560765962697,3
3,ant_clau,28,0.0,0.0,3
3,fum_act,36,0.2222222222222222,0.41573970964154905,3
3,diabetes,28,0.10714285714285714,0.30929478706587094,3
3,hip_art,28,0.25,0.4330127018922193,3
3,insf_car,5,0.0,0.0,3
3,fibr_aur,195,0.005128205128205128,0.0714276321906878,3
3,trat_est,30,0.13333333333333333,0.33993463423951903,3
3,var171,21,0.0,0.0,3
3,tv_l_esu,363,0.01928374655647383,0.13752048456582575,3
3,tvp_orig,1293,0.15235885537509666,0.3593683828105737,3
3,tv_l_ein,278,0.7589928057553957,0.4276946651139664,3
3,tvp_prox,555,0.8468468468468469,0.3601350647082286,3
3,tv_l_svc,474,0.0189873417721519,0.13648011805599888,3
3,tv_l_vre,496,0.008064516129032258,0.08943981053555983,3
3,tv_l_vrn,487,0.006160164271047228,0.07824459500311148,3
3,tv_l_vca,942,0.06475583864118896,0.2460945346875165,3
3,tv_l_yug,947,0.013727560718057022,0.11635770191435152,3
3,tv_l_ova,951,0.002103049421661409,0.04581076952847943,3
3,tv_l_sup,948,0.016877637130801686,0.1288129748731962,3
3,tv_l_pul,947,0.0031678986272439284,0.05619486671869091,3
3,tv_l_ove,492,0.04065040650406504,0.197478988642132,3
3,fr_antfa,713,0.18653576437587657,0.38953841015307333,3
3,fr_tvs_a,265,0.07169811320754717,0.2579873907190522,3
3,fr_viaje,10,0.0,0.0,3
3,fr_estro,12,0.0,0.0,3
3,fr_varic,32,0.03125,0.17399263633843817,3
3,ana_dime,181,1.6243093922651934,0.506603022601001,3
3,ana_crea,48,0.875,0.33071891388307384,3
3,ana_trop,857,0.7187864644107351,0.4495914623195709,3
3,tension_,64,128.859375,24.247336959125533,3
3,ana_hemo,5,14.16,2.2321290285285933,3
3,ana_plaq,6,281.1666666666667,97.27181274940627,3
3,ana_leuc,13,8.727692307692308,3.7007757063083906,3
3,ana_neu,1065,6.829712676056338,3.183946742671422,3
3,protcrea,1323,53.007120181405895,51.946920501946934,3
3,splanchnic,463,0.03455723542116631,0.18265550334225467,3
4,raza,429,2.885780885780886,0.5821815403534819,3
4,ant_inf,29,0.06896551724137931,0.2533954906327425,3
4,ant_isq,29,0.06896551724137931,0.2533954906327426,3
4,ant_clau,28,0.0,0.0,3
4,fum_act,36,0.16666666666666666,0.372677996249965,3
4,diabetes,28,0.07142857142857142,0.25753937681885636,3
4,hip_art,28,0.39285714285714285,0.48838551182776224,3
4,insf_car,5,0.0,0.0,3
4,fibr_aur,195,0.005128205128205128,0.0714276321906878,3
4,trat_est,30,0.13333333333333333,0.33993463423951903,3
4,var171,21,0.09523809523809523,0.29354352395090366,3
4,tv_l_esu,363,0.01928374655647383,0.13752048456582575,3
4,tvp_orig,1293,0.2459396751740139,0.43064295111996714,3
4,tv_l_ein,278,0.7985611510791367,0.4010751040220534,3
4,tvp_prox,555,0.8828828828828829,0.32155978914549094,3
4,tv_l_svc,474,0.014767932489451477,0.12062272032846248,3
4,tv_l_vre,496,0.014112903225806451,0.11795647158314575,3
4,tv_l_vrn,487,0.01642710472279261,0.12711119129808757,3
4,tv_l_vca,942,0.01910828025477707,0.13690563860002977,3
4,tv_l_yug,947,0.028511087645195353,0.16642777871041642,3
4,tv_l_ova,951,0.0010515247108307045,0.0324101682595635,3
4,tv_l_sup,948,0.002109704641350211,0.045883044664412544,3
4,tv_l_pul,947,0.0031678986272439284,0.05619486671869091,3
4,tv_l_ove,492,0.06504065040650407,0.24659757541631055,3
4,fr_antfa,713,0.15427769985974754,0.3612147438653816,3
4,fr_tvs_a,265,0.06792452830188679,0.2516163483497306,3
4,fr_viaje,10,0.0,0.0,3
4,fr_estro,12,0.0,0.0,3
4,fr_varic,32,0.03125,0.17399263633843817,3
4,ana_dime,181,1.5414364640883977,0.5092472319028911,3
4,ana_crea,48,0.9166666666666666,0.2763853991962833,3
4,ana_trop,857,0.8028004667444574,0.39788425118285187,3
4,tension_,64,126.34375,21.80181955565865,3
4,ana_hemo,5,13.940000000000001,2.046069402537461,3
4,ana_plaq,6,204.5,71.03930836750406,3
4,ana_leuc,13,7.725384615384616,3.988689037351294,3
4,ana_neu,1065,6.853338028169015,3.0502162069615877,3
4,protcrea,1323,19.902715041572186,37.30218398546985,3
4,splanchnic,463,0.032397408207343416,0.17705314498418315,3
5,raza,429,2.895104895104895,0.6263069696502255,3
5,ant_inf,29,0.034482758620689655,0.18246560765962697,3
5,ant_isq,29,0.034482758620689655,0.18246560765962697,3
5,ant_clau,28,0.0,0.0,3
5,fum_act,36,0.25,0.4330127018922193,3
5,diabetes,28,0.03571428571428571,0.1855768722395226,3
5,hip_art,28,0.35714285714285715,0.47915742374995496,3
5,insf_car,5,0.0,0.0,3
5,fibr_aur,195,0.020512820512820513,0.14174640985728465,3
5,trat_est,30,0.2,0.4,3
5,var171,21,0.047619047619047616,0.21295885499997996,3
5,tv_l_esu,363,0.013774104683195593,0.11655204298240318,3
5,tvp_orig,1293,0.20494972931167826,0.40366488299918796,3
5,tv_l_ein,278,0.6942446043165468,0.46072663662296337,3
5,tvp_prox,555,0.9063063063063063,0.29140210269613015,3
5,tv_l_svc,474,0.002109704641350211,0.045883044664412544,3
5,tv_l_vre,496,0.018145161290322582,0.13347626909705995,3
5,tv_l_vrn,487,0.006160164271047228,0.07824459500311148,3
5,tv_l_vca,942,0.03184713375796178,0.1755929777336334,3
5,tv_l_yug,947,0.01689545934530095,0.12887979980901676,3
5,tv_l_ova,951,0.0031545741324921135,0.05607693638684913,3
5,tv_l_sup,948,0.007383966244725738,0.08561216786895712,3
5,tv_l_pul,947,0.004223864836325237,0.0648538649748008,3
5,tv_l_ove,492,0.054878048780487805,0.22774206581686704,3
5,fr_antfa,713,0.16269284712482468,0.36908519967514697,3
5,fr_tvs_a,265,0.06037735849056604,0.23818466170655853,3
5,fr_viaje,10,0.0,0.0,3
5,fr_estro,12,0.0,0.0,3
5,fr_varic,32,0.0625,0.24206145913796356,3
5,ana_dime,181,1.5027624309392265,0.6274063896830228,3
5,ana_crea,48,0.875,0.33071891388307384,3
5,ana_trop,857,0.7829638273045507,0.41222745230898966,3
5,tension_,64,133.84375,17.886987894486317,3
5,ana_hemo,5,13.98,1.6666133324799728,3
5,ana_plaq,6,306.1666666666667,54.97701539936688,3
5,ana_leuc,13,8.029230769230772,3.1250463665199293,3
5,ana_neu,1065,6.137372769953052,2.973430501845549,3
5,protcrea,1323,56.52213454270597,53.982205941774694,3
5,splanchnic,463,0.032397408207343416,0.17705314498418315,3
1,raza,429,2.9510489510489513,0.4528388259257365,4
1,ant_inf,29,0.0,0.0,4
1,ant_isq,29,0.034482758620689655,0.18246560765962697,4
1,ant_clau,28,0.0,0.0,4
1,fum_act,36,0.2222222222222222,0.41573970964154905,4
1,diabetes,28,0.07142857142857142,0.25753937681885636,4
1,hip_art,28,0.32142857142857145,0.46702488680792925,4
1,insf_car,5,0.0,0.0,4
1,fibr_aur,195,0.015384615384615385,0.12307692307692308,4
1,trat_est,30,0.26666666666666666,0.4422166387140533,4
1,var171,21,0.0,0.0,4
1,tv_l_esu,363,0.005509641873278237,0.0740221974795835,4
1,tvp_orig,1293,0.3681361175560712,0.4822985760986795,4
1,tv_l_ein,278,0.7769784172661871,0.4162726947191204,4
1,tvp_prox,555,0.8324324324324325,0.37348183070539887,4
1,tv_l_svc,474,0.004219409282700422,0.06481979534066336,4
1,tv_l_vre,496,0.008064516129032258,0.08943981053555984,4
1,tv_l_vrn,487,0.0,0.0,4
1,tv_l_vca,942,0.03821656050955414,0.1917186871756995,4
1,tv_l_yug,947,0.026399155227032733,0.16031918110548019,4
1,tv_l_ova,951,0.004206098843322818,0.06471790769055359,4
1,tv_l_sup,948,0.00949367088607595,0.0969718572534466,4
1,tv_l_pul,947,0.004223864836325237,0.0648538649748008,4
1,tv_l_ove,492,0.06910569105691057,0.25363378032205686,4
1,fr_antfa,713,0.15007012622720897,0.35714014537903543,4
1,fr_tvs_a,265,0.03773584905660377,0.19055669695022787,4
1,fr_viaje,10,0.1,0.30000000000000004,4
1,fr_estro,12,0.0,0.0,4
1,fr_varic,32,0.1875,0.3903123748998999,4
1,ana_dime,181,1.5524861878453038,0.598115739346933,4
1,ana_crea,48,0.8958333333333334,0.30547663122114954,4
1,ana_trop,857,0.8658109684947491,0.34085529969318895,4
1,tension_,64,134.265625,21.643591854389026,4
1,ana_hemo,5,13.280000000000001,1.5967466924969658,4
1,ana_plaq,6,183.83333333333334,54.201527243755365,4
1,ana_leuc,13,9.173076923076923,2.531142595792795,4
1,ana_neu,1065,6.685617840375587,3.1830170338833534,4
1,protcrea,1323,57.094875283446704,57.28128730901652,4
1,splanchnic,463,0.01511879049676026,0.12202545910864392,4
2,raza,429,2.8811188811188813,0.7012095160514288,4
2,ant_inf,29,0.0,0.0,4
2,ant_isq,29,0.034482758620689655,0.18246560765962697,4
2,ant_clau,28,0.0,0.0,4
2,fum_act,36,0.25,0.4330127018922193,4
2,diabetes,28,0.03571428571428571,0.1855768722395226,4
2,hip_art,28,0.42857142857142855,0.4948716593053935,4
2,insf_car,5,0.0,0.0,4
2,fibr_aur,195,0.0,0.0,4
2,trat_est,30,0.13333333333333333,0.33993463423951903,4
2,var171,21,0.0,0.0,4
2,tv_l_esu,363,0.013774104683195593,0.11655204298240318,4
2,tvp_orig,1293,0.44779582366589327,0.4972672560839669,4
2,tv_l_ein,278,0.7913669064748201,0.40633154666022847,4
2,tvp_prox,555,0.8342342342342343,0.37187024170516125,4
2,tv_l_svc,474,0.006329113924050633,0.0793035701654536,4
2,tv_l_vre,496,0.016129032258064516,0.1259717689662364,4
2,tv_l_vrn,487,0.008213552361396304,0.09025569189254995,4
2,tv_l_vca,942,0.044585987261146494,0.20639301587286177,4
2,tv_l_yug,947,0.011615628299894404,0.1071480540144948,4
2,tv_l_ova,951,0.0031545741324921135,0.05607693638684913,4
2,tv_l_sup,948,0.0010548523206751054,0.03246135559795173,4
2,tv_l_pul,947,0.0,0.0,4
2,tv_l_ove,492,0.06707317073170732,0.2501486767898294,4
2,fr_antfa,713,0.13604488078541374,0.34283621628628486,4
2,fr_tvs_a,265,0.011320754716981131,0.10579506240661271,4
2,fr_viaje,10,0.1,0.30000000000000004,4
2,fr_estro,12,0.0,0.0,4
2,fr_varic,32,0.1875,0.3903123748998999,4
2,ana_dime,181,1.5856353591160222,0.5355982452330237,4
2,ana_crea,48,0.7708333333333334,0.42029668753816696,4
2,ana_trop,857,0.852975495915986,0.3541303422228372,4
2,tension_,64,133.515625,19.587936488037094,4
2,ana_hemo,5,14.719999999999999,0.9325234581499814,4
2,ana_plaq,6,236.33333333333334,63.52077525415515,4
2,ana_leuc,13,8.87923076923077,3.0226973729243922,4
2,ana_neu,1065,6.689513615023475,3.0705080294203464,4
2,protcrea,1323,73.14568405139833,59.73612617767402,4
2,splanchnic,463,0.02159827213822894,0.14536776389169626,4
3,raza,429,2.808857808857809,0.7484659374360056,4
3,ant_inf,29,0.034482758620689655,0.18246560765962697,4
3,ant_isq,29,0.0,0.0,4
3,ant_clau,28,0.03571428571428571,0.1855768722395226,4
3,fum_act,36,0.2222222222222222,0.41573970964154905,4
3,diabetes,28,0.10714285714285714,0.30929478706587094,4
3,hip_art,28,0.32142857142857145,0.4670248868079293,4
3,insf_car,5,0.2,0.4,4
3,fibr_aur,195,0.010256410256410256,0.10075324463788975,4
3,trat_est,30,0.23333333333333334,0.42295258468165065,4
3,var171,21,0.09523809523809523,0.2935435239509036,4
3,tv_l_esu,363,0.01652892561983471,0.12749792248381417,4
3,tvp_orig,1293,0.31322505800464034,0.46380504637469183,4
3,tv_l_ein,278,0.7805755395683454,0.4138566981407114,4
3,tvp_prox,555,0.8324324324324325,0.3734818307053989,4
3,tv_l_svc,474,0.006329113924050633,0.07930357016545359,4
3,tv_l_vre,496,0.012096774193548387,0.1093180783203706,4
3,tv_l_vrn,487,0.002053388090349076,0.045267777587368795,4
3,tv_l_vca,942,0.032908704883227176,0.17839765140308275,4
3,tv_l_yug,947,0.025343189017951427,0.15716523721342393,4
3,tv_l_ova,951,0.010515247108307046,0.10200331703703701,4
3,tv_l_sup,948,0.005274261603375527,0.07243233924094047,4
3,tv_l_pul,947,0.0,0.0,4
3,tv_l_ove,492,0.042682926829268296,0.20214127383232652,4
3,fr_antfa,713,0.13744740532959326,0.3443190614789657,4
3,fr_tvs_a,265,0.06792452830188679,0.2516163483497306,4
3,fr_viaje,10,0.0,0.0,4
3,fr_estro,12,0.0,0.0,4
3,fr_varic,32,0.21875,0.41339864235384227,4
3,ana_dime,181,1.5138121546961325,0.5719766522166727,4
3,ana_crea,48,0.8958333333333334,0.30547663122114954,4
3,ana_trop,857,0.8541423570595099,0.3529634413594906,4
3,tension_,64,129.453125,18.777421354764744,4
3,ana_hemo,5,12.8,0.8648699324175863,4
3,ana_plaq,6,303.6666666666667,134.37716406526155,4
3,ana_leuc,13,8.863846153846156,3.9478670744934945,4
3,ana_neu,1065,6.724772769953051,3.0090032637609836,4
3,protcrea,1323,47.30239455782313,54.17118582842244,4
3,splanchnic,463,0.004319654427645789,0.06558197170923964,4
4,raza,429,2.906759906759907,0.6300005481005427,4
4,ant_inf,29,0.034482758620689655,0.18246560765962697,4
4,ant_isq,29,0.06896551724137931,0.2533954906327426,4
4,ant_clau,28,0.0,0.0,4
4,fum_act,36,0.1388888888888889,0.34583054438857597,4
4,diabetes,28,0.07142857142857142,0.25753937681885636,4
4,hip_art,28,0.21428571428571427,0.410325903324145,4
4,insf_car,5,0.0,0.0,4
4,fibr_aur,195,0.020512820512820513,0.14174640985728465,4
4,trat_est,30,0.3,0.45825756949558394,4
4,var171,21,0.047619047619047616,0.21295885499998,4
4,tv_l_esu,363,0.013774104683195593,0.11655204298240318,4
4,tvp_orig,1293,0.28074245939675174,0.4493619152627589,4
4,tv_l_ein,278,0.7733812949640287,0.41864384333678034,4
4,tvp_prox,555,0.7873873873873873,0.4091558255367406,4
4,tv_l_svc,474,0.008438818565400843,0.09147461345434091,4
4,tv_l_vre,496,0.008064516129032258,0.08943981053555983,4
4,tv_l_vrn,487,0.01026694045174538,0.10080441649801705,4
4,tv_l_vca,942,0.03184713375796178,0.1755929777336334,4
4,tv_l_yug,947,0.010559662090813094,0.10221621998166895,4
4,tv_l_ova,951,0.008412197686645636,0.09133144374598724,4
4,tv_l_sup,948,0.007383966244725738,0.08561216786895712,4
4,tv_l_pul,947,0.011615628299894404,0.1071480540144948,4
4,tv_l_ove,492,0.03861788617886179,0.1926824980270348,4
4,fr_antfa,713,0.17812061711079943,0.3826142481284086,4
4,fr_tvs_a,265,0.06792452830188679,0.2516163483497306,4
4,fr_viaje,10,0.0,0.0,4
4,fr_estro,12,0.08333333333333333,0.2763853991962833,4
4,fr_varic,32,0.21875,0.41339864235384227,4
4,ana_dime,181,1.5856353591160222,0.565698375079346,4
4,ana_crea,48,0.9375,0.24206145913796356,4
4,ana_trop,857,0.8716452742123687,0.3344843645906536,4
4,tension_,64,129.609375,19.38154501347545,4
4,ana_hemo,5,11.84,0.7282856582413246,4
4,ana_plaq,6,293.0,63.64484791926733,4
4,ana_leuc,13,8.646923076923077,4.199365125304217,4
4,ana_neu,1065,6.6590779342723,2.961371589739761,4
4,protcrea,1323,25.20627815570673,39.99222845782864,4
4,splanchnic,463,0.01511879049676026,0.12202545910864389,4
5,raza,429,2.93006993006993,0.46284339082868475,4
5,ant_inf,29,0.0,0.0,4
5,ant_isq,29,0.0,0.0,4
5,ant_clau,28,0.0,0.0,4
5,fum_act,36,0.19444444444444445,0.39577241246597245,4
5,diabetes,28,0.10714285714285714,0.30929478706587094,4
5,hip_art,28,0.17857142857142858,0.3829930462415574,4
5,insf_car,5,0.0,0.0,4
5,fibr_aur,195,0.005128205128205128,0.0714276321906878,4
5,trat_est,30,0.1,0.3,4
5,var171,21,0.0,0.0,4
5,tv_l_esu,363,0.013774104683195593,0.11655204298240318,4
5,tvp_orig,1293,0.30781129156999226,0.46158802015650874,4
5,tv_l_ein,278,0.7805755395683454,0.4138566981407114,4
5,tvp_prox,555,0.809009009009009,0.3930819664539066,4
5,tv_l_svc,474,0.016877637130801686,0.1288129748731962,4
5,tv_l_vre,496,0.008064516129032258,0.08943981053555983,4
5,tv_l_vrn,487,0.0,0.0,4
5,tv_l_vca,942,0.045647558386411886,0.20871956975753617,4
5,tv_l_yug,947,0.025343189017951427,0.15716523721342393,4
5,tv_l_ova,951,0.005257623554153523,0.07231860720946119,4
5,tv_l_sup,948,0.0031645569620253164,0.05616531439651533,4
5,tv_l_pul,947,0.010559662090813094,0.10221621998166895,4
5,tv_l_ove,492,0.0508130081300813,0.21961567870908855,4
5,fr_antfa,713,0.13043478260869565,0.3367811605397754,4
5,fr_tvs_a,265,0.045283018867924525,0.20792418587103262,4
5,fr_viaje,10,0.0,0.0,4
5,fr_estro,12,0.0,0.0,4
5,fr_varic,32,0.25,0.4330127018922193,4
5,ana_dime,181,1.5303867403314917,0.5516568360825023,4
5,ana_crea,48,0.8541666666666666,0.35293904887702954,4
5,ana_trop,857,0.8879813302217037,0.3153894218254591,4
5,tension_,64,129.53125,21.999267565932733,4
5,ana_hemo,5,12.719999999999999,2.060485379710325,4
5,ana_plaq,6,349.0,94.1311142325781,4
5,ana_leuc,13,7.962307692307691,3.8422172161519796,4
5,ana_neu,1065,6.624594366197184,3.0844428146386136,4
5,protcrea,1323,65.17681027966742,58.74667870150262,4
5,splanchnic,463,0.017278617710583154,0.1303075864276316,4
1,raza,429,2.9347319347319347,0.7131343439189256,5
1,ant_inf,29,0.0,0.0,5
1,ant_isq,29,0.0,0.0,5
1,ant_clau,28,0.03571428571428571,0.1855768722395226,5
1,fum_act,36,0.2222222222222222,0.41573970964154905,5
1,diabetes,28,0.07142857142857142,0.25753937681885636,5
1,hip_art,28,0.32142857142857145,0.4670248868079293,5
1,insf_car,5,0.0,0.0,5
1,fibr_aur,195,0.005128205128205128,0.0714276321906878,5
1,trat_est,30,0.16666666666666666,0.37267799624996495,5
1,var171,21,0.0,0.0,5
1,tv_l_esu,363,0.02203856749311295,0.1468089542090824,5
1,tvp_orig,1293,0.40448569218870845,0.49079223404953126,5
1,tv_l_ein,278,0.737410071942446,0.4400414273000698,5
1,tvp_prox,555,0.9027027027027027,0.29636216566211454,5
1,tv_l_svc,474,0.008438818565400843,0.09147461345434091,5
1,tv_l_vre,496,0.008064516129032258,0.08943981053555983,5
1,tv_l_vrn,487,0.006160164271047228,0.07824459500311148,5
1,tv_l_vca,942,0.03184713375796178,0.1755929777336334,5
1,tv_l_yug,947,0.009503695881731784,0.09702255225626327,5
1,tv_l_ova,951,0.006309148264984227,0.07917918232183682,5
1,tv_l_sup,948,0.004219409282700422,0.06481979534066336,5
1,tv_l_pul,947,0.009503695881731784,0.09702255225626327,5
1,tv_l_ove,492,0.042682926829268296,0.20214127383232655,5
1,fr_antfa,713,0.13744740532959326,0.3443190614789657,5
1,fr_tvs_a,265,0.052830188679245285,0.2236943446834556,5
1,fr_viaje,10,0.1,0.30000000000000004,5
1,fr_estro,12,0.0,0.0,5
1,fr_varic,32,0.09375,0.2914805954090255,5
1,ana_dime,181,1.6298342541436464,0.5370211217778063,5
1,ana_crea,48,0.8333333333333334,0.3726779962499649,5
1,ana_trop,857,0.8599766627771295,0.3470112422614587,5
1,tension_,64,132.5,24.944939366532843,5
1,ana_hemo,5,13.12,1.9446336415890784,5
1,ana_plaq,6,242.0,73.47335117805184,5
1,ana_leuc,13,8.76,3.6537862343265024,5
1,ana_neu,1065,6.555539906103286,3.17588899454696,5
1,protcrea,1323,45.06946031746031,43.72181684307573,5
1,splanchnic,463,0.028077753779697623,0.1651950166390751,5
2,raza,429,2.9044289044289044,0.6051095280878627,5
2,ant_inf,29,0.06896551724137931,0.2533954906327425,5
2,ant_isq,29,0.0,0.0,5
2,ant_clau,28,0.03571428571428571,0.1855768722395226,5
2,fum_act,36,0.1111111111111111,0.3142696805273545,5
2,diabetes,28,0.14285714285714285,0.3499271061118826,5
2,hip_art,28,0.35714285714285715,0.47915742374995496,5
2,insf_car,5,0.0,0.0,5
2,fibr_aur,195,0.0,0.0,5
2,trat_est,30,0.16666666666666666,0.3726779962499649,5
2,var171,21,0.047619047619047616,0.21295885499998,5
2,tv_l_esu,363,0.011019283746556474,0.10439281168868549,5
2,tvp_orig,1293,0.34493426140757927,0.4753468383346912,5
2,tv_l_ein,278,0.8129496402877698,0.3899519491472706,5
2,tvp_prox,555,0.8918918918918919,0.31051689981286645,5
2,tv_l_svc,474,0.006329113924050633,0.07930357016545357,5
2,tv_l_vre,496,0.0020161290322580645,0.0448560392364657,5
2,tv_l_vrn,487,0.008213552361396304,0.09025569189254995,5
2,tv_l_vca,942,0.036093418259023353,0.18652260832779108,5
2,tv_l_yug,947,0.011615628299894404,0.1071480540144948,5
2,tv_l_ova,951,0.004206098843322818,0.06471790769055358,5
2,tv_l_sup,948,0.007383966244725738,0.08561216786895712,5
2,tv_l_pul,947,0.0010559662090813093,0.032478472015268635,5
2,tv_l_ove,492,0.042682926829268296,0.20214127383232655,5
2,fr_antfa,713,0.12903225806451613,0.3352356401746214,5
2,fr_tvs_a,265,0.03018867924528302,0.17110617432082467,5
2,fr_viaje,10,0.0,0.0,5
2,fr_estro,12,0.0,0.0,5
2,fr_varic,32,0.21875,0.41339864235384227,5
2,ana_dime,181,1.5248618784530388,0.561854277852561,5
2,ana_crea,48,0.8333333333333334,0.37267799624996495,5
2,ana_trop,857,0.8763127187864644,0.32922444878766116,5
2,tension_,64,129.265625,18.812597331558845,5
2,ana_hemo,5,12.744,2.3287215376682546,5
2,ana_plaq,6,243.0,69.56292115775473,5
2,ana_leuc,13,8.837692307692306,3.210432882017755,5
2,ana_neu,1065,6.594043192488264,3.1338773829962676,5
2,protcrea,1323,53.71710657596373,44.026562114879106,5
2,splanchnic,463,0.01511879049676026,0.1220254591086439,5
3,raza,429,2.913752913752914,0.6365130420512217,5
3,ant_inf,29,0.034482758620689655,0.18246560765962697,5
3,ant_isq,29,0.0,0.0,5
3,ant_clau,28,0.0,0.0,5
3,fum_act,36,0.3333333333333333,0.47140452079103173,5
3,diabetes,28,0.07142857142857142,0.25753937681885636,5
3,hip_art,28,0.35714285714285715,0.47915742374995496,5
3,insf_car,5,0.0,0.0,5
3,fibr_aur,195,0.0,0.0,5
3,trat_est,30,0.2,0.4000000000000001,5
3,var171,21,0.047619047619047616,0.21295885499997996,5
3,tv_l_esu,363,0.01652892561983471,0.12749792248381414,5
3,tvp_orig,1293,0.2954369682907966,0.45623893527179316,5
3,tv_l_ein,278,0.7913669064748201,0.4063315466602284,5
3,tvp_prox,555,0.8936936936936937,0.30822925809503565,5
3,tv_l_svc,474,0.012658227848101266,0.11179444134592212,5
3,tv_l_vre,496,0.004032258064516129,0.06337190986089399,5
3,tv_l_vrn,487,0.008213552361396304,0.09025569189254995,5
3,tv_l_vca,942,0.04670912951167728,0.21101513389313722,5
3,tv_l_yug,947,0.01583949313621964,0.12485432949404394,5
3,tv_l_ova,951,0.0,0.0,5
3,tv_l_sup,948,0.005274261603375527,0.07243233924094046,5
3,tv_l_pul,947,0.006335797254487857,0.07934516322774743,5
3,tv_l_ove,492,0.0508130081300813,0.21961567870908855,5
3,fr_antfa,713,0.13604488078541374,0.3428362162862849,5
3,fr_tvs_a,265,0.06037735849056604,0.23818466170655853,5
3,fr_viaje,10,0.1,0.30000000000000004,5
3,fr_estro,12,0.0,0.0,5
3,fr_varic,32,0.09375,0.2914805954090255,5
3,ana_dime,181,1.6132596685082874,0.5608211067601998,5
3,ana_crea,48,0.8958333333333334,0.30547663122114954,5
3,ana_trop,857,0.8541423570595099,0.3529634413594906,5
3,tension_,64,133.515625,19.712775194258544,5
3,ana_hemo,5,14.080000000000002,0.8726969691708575,5
3,ana_plaq,6,219.33333333333334,92.02656621263715,5
3,ana_leuc,13,8.871538461538462,3.0952341682355824,5
3,ana_neu,1065,6.586116431924882,3.083462583495136,5
3,protcrea,1323,52.486379440665154,55.81386093173424,5
3,splanchnic,463,0.019438444924406047,0.1380601020690876,5
4,raza,429,2.9347319347319347,0.4927741133038652,5
4,ant_inf,29,0.06896551724137931,0.2533954906327426,5
4,ant_isq,29,0.0,0.0,5
4,ant_clau,28,0.0,0.0,5
4,fum_act,36,0.25,0.4330127018922193,5
4,diabetes,28,0.17857142857142858,0.3829930462415574,5
4,hip_art,28,0.39285714285714285,0.48838551182776224,5
4,insf_car,5,0.0,0.0,5
4,fibr_aur,195,0.015384615384615385,0.12307692307692308,5
4,trat_est,30,0.23333333333333334,0.4229525846816506,5
4,var171,21,0.047619047619047616,0.21295885499998,5
4,tv_l_esu,363,0.01928374655647383,0.13752048456582575,5
4,tvp_orig,1293,0.39211136890951276,0.4882213056406088,5
4,tv_l_ein,278,0.7877697841726619,0.40888696643109035,5
4,tvp_prox,555,0.8864864864864865,0.3172194756999181,5
4,tv_l_svc,474,0.012658227848101266,0.11179444134592212,5
4,tv_l_vre,496,0.004032258064516129,0.06337190986089399,5
4,tv_l_vrn,487,0.002053388090349076,0.045267777587368795,5
4,tv_l_vca,942,0.041401273885350316,0.19921648628068045,5
4,tv_l_yug,947,0.028511087645195353,0.16642777871041642,5
4,tv_l_ova,951,0.004206098843322818,0.06471790769055358,5
4,tv_l_sup,948,0.0031645569620253164,0.056165314396515335,5
4,tv_l_pul,947,0.005279831045406547,0.07247036932111293,5
4,tv_l_ove,492,0.04878048780487805,0.21540880161775236,5
4,fr_antfa,713,0.14305750350631136,0.3501314812993157,5
4,fr_tvs_a,265,0.04150943396226415,0.19946528734192467,5
4,fr_viaje,10,0.0,0.0,5
4,fr_estro,12,0.0,0.0,5
4,fr_varic,32,0.15625,0.3630921887069453,5
4,ana_dime,181,1.5856353591160222,0.5558461368135127,5
4,ana_crea,48,0.9375,0.24206145913796356,5
4,ana_trop,857,0.8693115519253208,0.3370593087492333,5
4,tension_,64,131.28125,19.498772998255557,5
4,ana_hemo,5,13.86,1.0613199329137282,5
4,ana_plaq,6,268.5,95.76838378783123,5
4,ana_leuc,13,8.676923076923076,3.113984300675273,5
4,ana_neu,1065,6.683091079812207,3.072196266924135,5
4,protcrea,1323,62.62268631897204,62.08285518088752,5
4,splanchnic,463,0.01511879049676026,0.1220254591086439,5
5,raza,429,2.9510489510489513,0.5833190700328034,5
5,ant_inf,29,0.06896551724137931,0.2533954906327426,5
5,ant_isq,29,0.034482758620689655,0.18246560765962697,5
5,ant_clau,28,0.03571428571428571,0.1855768722395226,5
5,fum_act,36,0.3055555555555556,0.4606423319938055,5
5,diabetes,28,0.03571428571428571,0.1855768722395226,5
5,hip_art,28,0.2857142857142857,0.45175395145262565,5
5,insf_car,5,0.0,0.0,5
5,fibr_aur,195,0.010256410256410256,0.10075324463788975,5
5,trat_est,30,0.2,0.4000000000000001,5
5,var171,21,0.0,0.0,5
5,tv_l_esu,363,0.027548209366391185,0.16367438873292506,5
5,tvp_orig,1293,0.3348801237432328,0.47194854217907045,5
5,tv_l_ein,278,0.7338129496402878,0.4419632389469833,5
5,tvp_prox,555,0.8756756756756757,0.3299511883682563,5
5,tv_l_svc,474,0.0,0.0,5
5,tv_l_vre,496,0.008064516129032258,0.08943981053555984,5
5,tv_l_vrn,487,0.008213552361396304,0.09025569189254995,5
5,tv_l_vca,942,0.037154989384288746,0.18914147125403816,5
5,tv_l_yug,947,0.010559662090813094,0.10221621998166895,5
5,tv_l_ova,951,0.005257623554153523,0.0723186072094612,5
5,tv_l_sup,948,0.011603375527426161,0.10709219020916366,5
5,tv_l_pul,947,0.0031678986272439284,0.05619486671869091,5
5,tv_l_ove,492,0.04878048780487805,0.2154088016177524,5
5,fr_antfa,713,0.11781206171107994,0.3223854522562466,5
5,fr_tvs_a,265,0.06037735849056604,0.23818466170655853,5
5,fr_viaje,10,0.0,0.0,5
5,fr_estro,12,0.08333333333333333,0.2763853991962833,5
5,fr_varic,32,0.25,0.4330127018922193,5
5,ana_dime,181,1.5966850828729282,0.5125928620880974,5
5,ana_crea,48,0.9375,0.24206145913796356,5
5,ana_trop,857,0.8774795799299884,0.327885905058268,5
5,tension_,64,130.0625,23.20282512432484,5
5,ana_hemo,5,13.040000000000001,1.763632614803888,5
5,ana_plaq,6,267.3333333333333,78.9845273174155,5
5,ana_leuc,13,8.115384615384615,3.4073486543162863,5
5,ana_neu,1065,6.594801877934272,3.1238699225707225,5
5,protcrea,1323,42.22725321239607,45.11657548704396,5
5,splanchnic,463,0.01079913606911447,0.10335625152488466,5
1,raza,429,2.895104895104895,0.5510737987369384,6
1,ant_inf,29,0.034482758620689655,0.18246560765962697,6
1,ant_isq,29,0.034482758620689655,0.18246560765962697,6
1,ant_clau,28,0.03571428571428571,0.1855768722395226,6
1,fum_act,36,0.2222222222222222,0.41573970964154905,6
1,diabetes,28,0.07142857142857142,0.25753937681885636,6
1,hip_art,28,0.35714285714285715,0.47915742374995496,6
1,insf_car,5,0.0,0.0,6
1,fibr_aur,195,0.010256410256410256,0.10075324463788975,6
1,trat_est,30,0.13333333333333333,0.33993463423951903,6
1,var171,21,0.0,0.0,6
1,tv_l_esu,363,0.013774104683195593,0.11655204298240318,6
1,tvp_orig,1293,0.2962103634957463,0.4565849143954104,6
1,tv_l_ein,278,0.7266187050359713,0.44569492091319535,6
1,tvp_prox,555,0.8234234234234235,0.3813099647020426,6
1,tv_l_svc,474,0.014767932489451477,0.12062272032846248,6
1,tv_l_vre,496,0.008064516129032258,0.08943981053555984,6
1,tv_l_vrn,487,0.004106776180698152,0.06395240863407571,6
1,tv_l_vca,942,0.0435244161358811,0.20403441213656032,6
1,tv_l_yug,947,0.01795142555438226,0.13277489173389573,6
1,tv_l_ova,951,0.012618296529968454,0.11162022721106706,6
1,tv_l_sup,948,0.0,0.0,6
1,tv_l_pul,947,0.007391763463569166,0.08565702129112249,6
1,tv_l_ove,492,0.044715447154471545,0.20667843607944983,6
1,fr_antfa,713,0.16549789621318373,0.3716293079968183,6
1,fr_tvs_a,265,0.04905660377358491,0.21598623428308206,6
1,fr_viaje,10,0.0,0.0,6
1,fr_estro,12,0.0,0.0,6
1,fr_varic,32,0.09375,0.2914805954090255,6
1,ana_dime,181,1.6187845303867403,0.5395728441325897,6
1,ana_crea,48,0.8125,0.3903123748998999,6
1,ana_trop,857,0.8844807467911319,0.3196475486327614,6
1,tension_,64,131.3125,22.77050929931081,6
1,ana_hemo,5,14.220000000000002,0.7547184905645286,6
1,ana_plaq,6,258.5,30.94484340456958,6
1,ana_leuc,13,7.873846153846153,1.5980446631937826,6
1,ana_neu,1065,7.481223474178403,3.185471875453952,6
1,protcrea,1323,43.094282690854115,53.249756064028254,6
1,splanchnic,463,0.008639308855291577,0.0925455087932119,6
2,raza,429,2.909090909090909,0.617262445372689,6
2,ant_inf,29,0.034482758620689655,0.18246560765962697,6
2,ant_isq,29,0.0,0.0,6
2,ant_clau,28,0.0,0.0,6
2,fum_act,36,0.3055555555555556,0.4606423319938055,6
2,diabetes,28,0.17857142857142858,0.3829930462415574,6
2,hip_art,28,0.39285714285714285,0.48838551182776235,6
2,insf_car,5,0.0,0.0,6
2,fibr_aur,195,0.0,0.0,6
2,trat_est,30,0.26666666666666666,0.44221663871405326,6
2,var171,21,0.047619047619047616,0.21295885499997996,6
2,tv_l_esu,363,0.024793388429752067,0.15549493985311388,6
2,tvp_orig,1293,0.36349574632637277,0.48100580945452825,6
2,tv_l_ein,278,0.7553956834532374,0.4298523524112131,6
2,tvp_prox,555,0.8684684684684685,0.3379807505531954,6
2,tv_l_svc,474,0.02109704641350211,0.1437079018221637,6
2,tv_l_vre,496,0.004032258064516129,0.063371909860894,6
2,tv_l_vrn,487,0.006160164271047228,0.07824459500311148,6
2,tv_l_vca,942,0.04777070063694268,0.21328070892042317,6
2,tv_l_yug,947,0.021119324181626188,0.14378212102948534,6
2,tv_l_ova,951,0.00946372239747634,0.09682024765440254,6
2,tv_l_sup,948,0.002109704641350211,0.045883044664412544,6
2,tv_l_pul,947,0.0021119324181626186,0.04590721250112809,6
2,tv_l_ove,492,0.04878048780487805,0.2154088016177524,6
2,fr_antfa,713,0.15568022440392706,0.36255191646641444,6
2,fr_tvs_a,265,0.05660377358490566,0.231083937998413,6
2,fr_viaje,10,0.0,0.0,6
2,fr_estro,12,0.16666666666666666,0.3726779962499649,6
2,fr_varic,32,0.25,0.4330127018922193,6
2,ana_dime,181,1.4861878453038675,0.6183897714755014,6
2,ana_crea,48,0.9166666666666666,0.2763853991962833,6
2,ana_trop,857,0.8879813302217037,0.3153894218254591,6
2,tension_,64,131.375,19.753559805766656,6
2,ana_hemo,5,13.88,1.1214276615100944,6
2,ana_plaq,6,246.33333333333334,99.28354456918942,6
2,ana_leuc,13,8.254615384615384,2.161753616447733,6
2,ana_neu,1065,6.332406572769952,2.9757336279260524,6
2,protcrea,1323,50.586182917611495,53.075598101671346,6
2,splanchnic,463,0.01511879049676026,0.12202545910864392,6
3,raza,429,2.8904428904428903,0.6255083077057368,6
3,ant_inf,29,0.0,0.0,6
3,ant_isq,29,0.034482758620689655,0.18246560765962697,6
3,ant_clau,28,0.0,0.0,6
3,fum_act,36,0.2777777777777778,0.44790320823880836,6
3,diabetes,28,0.17857142857142858,0.3829930462415574,6
3,hip_art,28,0.2857142857142857,0.45175395145262565,6
3,insf_car,5,0.0,0.0,6
3,fibr_aur,195,0.020512820512820513,0.14174640985728468,6
3,trat_est,30,0.16666666666666666,0.37267799624996495,6
3,var171,21,0.09523809523809523,0.2935435239509036,6
3,tv_l_esu,363,0.011019283746556474,0.10439281168868549,6
3,tvp_orig,1293,0.33101314771848417,0.4705777765215705,6
3,tv_l_ein,278,0.7877697841726619,0.40888696643109035,6
3,tvp_prox,555,0.8612612612612612,0.3456736916687799,6
3,tv_l_svc,474,0.012658227848101266,0.11179444134592212,6
3,tv_l_vre,496,0.024193548387096774,0.15364966841336816,6
3,tv_l_vrn,487,0.006160164271047228,0.07824459500311148,6
3,tv_l_vca,942,0.03927813163481953,0.19425591370688644,6
3,tv_l_yug,947,0.044350580781414996,0.20587279267976663,6
3,tv_l_ova,951,0.0,0.0,6
3,tv_l_sup,948,0.002109704641350211,0.045883044664412544,6
3,tv_l_pul,947,0.009503695881731784,0.09702255225626327,6
3,tv_l_ove,492,0.042682926829268296,0.20214127383232652,6
3,fr_antfa,713,0.11360448807854137,0.3173302827764062,6
3,fr_tvs_a,265,0.04905660377358491,0.21598623428308206,6
3,fr_viaje,10,0.0,0.0,6
3,fr_estro,12,0.0,0.0,6
3,fr_varic,32,0.125,0.33071891388307384,6
3,ana_dime,181,1.5359116022099448,0.5309044434711703,6
3,ana_crea,48,0.8958333333333334,0.30547663122114954,6
3,ana_trop,857,0.8879813302217037,0.31538942182545915,6
3,tension_,64,135.9375,24.524143078811132,6
3,ana_hemo,5,14.2,1.4477568856683087,6
3,ana_plaq,6,221.66666666666666,52.51243239039261,6
3,ana_leuc,13,8.206153846153846,2.084353943299157,6
3,ana_neu,1065,6.261207511737089,3.0460028842769318,6
3,protcrea,1323,45.35333786848073,54.00556859888215,6
3,splanchnic,463,0.02159827213822894,0.14536776389169626,6
4,raza,429,2.958041958041958,0.4405039370076536,6
4,ant_inf,29,0.034482758620689655,0.18246560765962697,6
4,ant_isq,29,0.034482758620689655,0.18246560765962697,6
4,ant_clau,28,0.0,0.0,6
4,fum_act,36,0.2222222222222222,0.41573970964154905,6
4,diabetes,28,0.07142857142857142,0.25753937681885636,6
4,hip_art,28,0.35714285714285715,0.47915742374995496,6
4,insf_car,5,0.0,0.0,6
4,fibr_aur,195,0.010256410256410256,0.10075324463788973,6
4,trat_est,30,0.13333333333333333,0.33993463423951903,6
4,var171,21,0.047619047619047616,0.21295885499997996,6
4,tv_l_esu,363,0.005509641873278237,0.07402219747958348,6
4,tvp_orig,1293,0.382830626450116,0.48607750194997484,6
4,tv_l_ein,278,0.737410071942446,0.4400414273000698,6
4,tvp_prox,555,0.8846846846846846,0.3194020872960049,6
4,tv_l_svc,474,0.016877637130801686,0.1288129748731962,6
4,tv_l_vre,496,0.010080645161290322,0.09989507372449592,6
4,tv_l_vrn,487,0.012320328542094456,0.11031109666171084,6
4,tv_l_vca,942,0.037154989384288746,0.18914147125403816,6
4,tv_l_yug,947,0.010559662090813094,0.10221621998166895,6
4,tv_l_ova,951,0.0,0.0,6
4,tv_l_sup,948,0.007383966244725738,0.08561216786895712,6
4,tv_l_pul,947,0.010559662090813094,0.10221621998166894,6
4,tv_l_ove,492,0.046747967479674794,0.21109854337771747,6
4,fr_antfa,713,0.14866760168302945,0.3557605176138093,6
4,fr_tvs_a,265,0.06037735849056604,0.23818466170655853,6
4,fr_viaje,10,0.0,0.0,6
4,fr_estro,12,0.08333333333333333,0.2763853991962833,6
4,fr_varic,32,0.34375,0.47495887979908324,6
4,ana_dime,181,1.5414364640883977,0.5608755316336125,6
4,ana_crea,48,0.8333333333333334,0.37267799624996495,6
4,ana_trop,857,0.8074679113185531,0.394288578974089,6
4,tension_,64,131.453125,17.78423607396098,6
4,ana_hemo,5,12.88,1.9661129163911213,6
4,ana_plaq,6,240.0,119.24624382623826,6
4,ana_leuc,13,7.609230769230768,2.334696361540771,6
4,ana_neu,1065,5.94037558685446,2.948453091636766,6
4,protcrea,1323,65.46366742252457,61.43161049244837,6
4,splanchnic,463,0.03023758099352052,0.17124038568392916,6
5,raza,429,2.8997668997668997,0.6120201877659314,6
5,ant_inf,29,0.034482758620689655,0.18246560765962697,6
5,ant_isq,29,0.06896551724137931,0.2533954906327426,6
5,ant_clau,28,0.03571428571428571,0.1855768722395226,6
5,fum_act,36,0.3055555555555556,0.4606423319938055,6
5,diabetes,28,0.07142857142857142,0.25753937681885636,6
5,hip_art,28,0.21428571428571427,0.41032590332414487,6
5,insf_car,5,0.0,0.0,6
5,fibr_aur,195,0.005128205128205128,0.0714276321906878,6
5,trat_est,30,0.2,0.40000000000000013,6
5,var171,21,0.0,0.0,6
5,tv_l_esu,363,0.01652892561983471,0.12749792248381414,6
5,tvp_orig,1293,0.4037122969837587,0.4906410890333749,6
5,tv_l_ein,278,0.6834532374100719,0.4651289172732263,6
5,tvp_prox,555,0.872072072072072,0.33400954055834214,6
5,tv_l_svc,474,0.016877637130801686,0.1288129748731962,6
5,tv_l_vre,496,0.008064516129032258,0.08943981053555984,6
5,tv_l_vrn,487,0.002053388090349076,0.045267777587368795,6
5,tv_l_vca,942,0.044585987261146494,0.20639301587286177,6
5,tv_l_yug,947,0.04118268215417107,0.19871252815250373,6
5,tv_l_ova,951,0.0,0.0,6
5,tv_l_sup,948,0.006329113924050633,0.07930357016545359,6
5,tv_l_pul,947,0.005279831045406547,0.07247036932111295,6
5,tv_l_ove,492,0.052845528455284556,0.2237250065986506,6
5,fr_antfa,713,0.14726507713884993,0.35436996796305764,6
5,fr_tvs_a,265,0.03018867924528302,0.17110617432082467,6
5,fr_viaje,10,0.0,0.0,6
5,fr_estro,12,0.0,0.0,6
5,fr_varic,32,0.125,0.33071891388307384,6
5,ana_dime,181,1.6408839779005524,0.5131285180553063,6
5,ana_crea,48,0.9166666666666666,0.2763853991962833,6
5,ana_trop,857,0.8868144690781797,0.3168194541245313,6
5,tension_,64,126.5,19.398775734566343,6
5,ana_hemo,5,15.3,2.2217110523198107,6
5,ana_plaq,6,236.5,114.27999241628723,6
5,ana_leuc,13,8.166153846153845,2.6458749853063397,6
5,ana_neu,1065,6.173692957746479,3.005302000025764,6
5,protcrea,1323,65.88426303854875,58.998340763763395,6
5,splanchnic,463,0.01511879049676026,0.12202545910864392,6
1,raza,429,2.906759906759907,0.7198005361342165,7
1,ant_inf,29,0.034482758620689655,0.18246560765962697,7
1,ant_isq,29,0.0,0.0,7
1,ant_clau,28,0.0,0.0,7
1,fum_act,36,0.2222222222222222,0.41573970964154905,7
1,diabetes,28,0.14285714285714285,0.3499271061118826,7
1,hip_art,28,0.32142857142857145,0.4670248868079293,7
1,insf_car,5,0.2,0.4,7
1,fibr_aur,195,0.010256410256410256,0.10075324463788975,7
1,trat_est,30,0.16666666666666666,0.37267799624996495,7
1,var171,21,0.047619047619047616,0.21295885499997996,7
1,tv_l_esu,363,0.008264462809917356,0.09053265413308531,7
1,tvp_orig,1293,0.2374323279195669,0.42550936250364946,7
1,tv_l_ein,278,0.7805755395683454,0.4138566981407114,7
1,tvp_prox,555,0.8882882882882883,0.31501143658310427,7
1,tv_l_svc,474,0.004219409282700422,0.06481979534066336,7
1,tv_l_vre,496,0.004032258064516129,0.06337190986089399,7
1,tv_l_vrn,487,0.01642710472279261,0.12711119129808757,7
1,tv_l_vca,942,0.04777070063694268,0.21328070892042317,7
1,tv_l_yug,947,0.01583949313621964,0.12485432949404394,7
1,tv_l_ova,951,0.0,0.0,7
1,tv_l_sup,948,0.006329113924050633,0.07930357016545357,7
1,tv_l_pul,947,0.0031678986272439284,0.05619486671869091,7
1,tv_l_ove,492,0.06707317073170732,0.2501486767898294,7
1,fr_antfa,713,0.16690042075736325,0.37288694038324594,7
1,fr_tvs_a,265,0.05660377358490566,0.231083937998413,7
1,fr_viaje,10,0.0,0.0,7
1,fr_estro,12,0.0,0.0,7
1,fr_varic,32,0.21875,0.41339864235384227,7
1,ana_dime,181,1.6187845303867403,0.5395728441325898,7
1,ana_crea,48,0.8958333333333334,0.3054766312211496,7
1,ana_trop,857,0.8623103850641773,0.344573917867629,7
1,tension_,64,134.953125,20.942204462147124,7
1,ana_hemo,5,12.620000000000001,2.5253910588263357,7
1,ana_plaq,6,189.21666666666667,34.97143675757244,7
1,ana_leuc,13,7.982307692307692,3.5405348440946773,7
1,ana_neu,1065,5.88204882629108,3.0839207487337372,7
1,protcrea,1323,50.946275132275126,55.099520297702455,7
1,splanchnic,463,0.01079913606911447,0.10335625152488467,7
2,raza,429,2.902097902097902,0.6255777970474727,7
2,ant_inf,29,0.06896551724137931,0.2533954906327426,7
2,ant_isq,29,0.0,0.0,7
2,ant_clau,28,0.0,0.0,7
2,fum_act,36,0.2222222222222222,0.41573970964154905,7
2,diabetes,28,0.14285714285714285,0.3499271061118826,7
2,hip_art,28,0.2857142857142857,0.45175395145262565,7
2,insf_car,5,0.0,0.0,7
2,fibr_aur,195,0.015384615384615385,0.12307692307692308,7
2,trat_est,30,0.16666666666666666,0.37267799624996495,7
2,var171,21,0.047619047619047616,0.21295885499998,7
2,tv_l_esu,363,0.008264462809917356,0.09053265413308531,7
2,tvp_orig,1293,0.2768754833720031,0.4474544111745047,7
2,tv_l_ein,278,0.7661870503597122,0.42325459740066146,7
2,tvp_prox,555,0.8900900900900901,0.3127774314324891,7
2,tv_l_svc,474,0.008438818565400843,0.09147461345434091,7
2,tv_l_vre,496,0.008064516129032258,0.08943981053555983,7
2,tv_l_vrn,487,0.01026694045174538,0.10080441649801705,7
2,tv_l_vca,942,0.058386411889596604,0.23447268240939065,7
2,tv_l_yug,947,0.014783526927138331,0.1206854351557507,7
2,tv_l_ova,951,0.008412197686645636,0.09133144374598724,7
2,tv_l_sup,948,0.007383966244725738,0.0856121678689571,7
2,tv_l_pul,947,0.004223864836325237,0.0648538649748008,7
2,tv_l_ove,492,0.0508130081300813,0.21961567870908855,7
2,fr_antfa,713,0.1458625525946704,0.3529683673436437,7
2,fr_tvs_a,265,0.04905660377358491,0.21598623428308206,7
2,fr_viaje,10,0.0,0.0,7
2,fr_estro,12,0.0,0.0,7
2,fr_varic,32,0.1875,0.3903123748998999,7
2,ana_dime,181,1.5248618784530388,0.6090392830727369,7
2,ana_crea,48,0.8958333333333334,0.30547663122114954,7
2,ana_trop,857,0.8774795799299884,0.32788590505826803,7
2,tension_,64,132.59375,22.778634966509735,7
2,ana_hemo,5,14.7,1.17983049630021,7
2,ana_plaq,6,207.5,62.999338620867015,7
2,ana_leuc,13,7.961538461538462,3.5000502109669718,7
2,ana_neu,1065,6.513409389671361,3.009699378481516,7
2,protcrea,1323,49.185121693121694,52.00105362371878,7
2,splanchnic,463,0.02159827213822894,0.14536776389169623,7
3,raza,429,2.8694638694638694,0.6043547806620185,7
3,ant_inf,29,0.0,0.0,7
3,ant_isq,29,0.06896551724137931,0.2533954906327426,7
3,ant_clau,28,0.07142857142857142,0.25753937681885636,7
3,fum_act,36,0.25,0.4330127018922193,7
3,diabetes,28,0.07142857142857142,0.25753937681885636,7
3,hip_art,28,0.39285714285714285,0.48838551182776224,7
3,insf_car,5,0.0,0.0,7
3,fibr_aur,195,0.020512820512820513,0.14174640985728465,7
3,trat_est,30,0.1,0.30000000000000004,7
3,var171,21,0.047619047619047616,0.21295885499998,7
3,tv_l_esu,363,0.008264462809917356,0.09053265413308531,7
3,tvp_orig,1293,0.382830626450116,0.48607750194997484,7
3,tv_l_ein,278,0.7949640287769785,0.4037279055597394,7
3,tvp_prox,555,0.9045045045045045,0.2938981215243903,7
3,tv_l_svc,474,0.006329113924050633,0.07930357016545357,7
3,tv_l_vre,496,0.012096774193548387,0.1093180783203706,7
3,tv_l_vrn,487,0.01026694045174538,0.10080441649801705,7
3,tv_l_vca,942,0.045647558386411886,0.20871956975753617,7
3,tv_l_yug,947,0.008447729672650475,0.09152248650483824,7
3,tv_l_ova,951,0.006309148264984227,0.07917918232183682,7
3,tv_l_sup,948,0.008438818565400843,0.09147461345434091,7
3,tv_l_pul,947,0.009503695881731784,0.09702255225626327,7
3,tv_l_ove,492,0.04878048780487805,0.2154088016177524,7
3,fr_antfa,713,0.13604488078541374,0.34283621628628486,7
3,fr_tvs_a,265,0.0830188679245283,0.27591073827065526,7
3,fr_viaje,10,0.1,0.30000000000000004,7
3,fr_estro,12,0.0,0.0,7
3,fr_varic,32,0.125,0.33071891388307384,7
3,ana_dime,181,1.5469613259668509,0.550493644511874,7
3,ana_crea,48,0.8541666666666666,0.35293904887702954,7
3,ana_trop,857,0.8634772462077013,0.3433428191898967,7
3,tension_,64,130.71875,22.732458037737583,7
3,ana_hemo,5,14.24,2.7470711676256228,7
3,ana_plaq,6,212.0,46.151923036857305,7
3,ana_leuc,13,8.20076923076923,2.9353664730934272,7
3,ana_neu,1065,6.587109859154929,2.9835311004525473,7
3,protcrea,1323,45.26829024943311,46.99829953740687,7
3,splanchnic,463,0.0064794816414686825,0.08023401996115208,7
4,raza,429,2.8904428904428903,0.5241283492225719,7
4,ant_inf,29,0.034482758620689655,0.18246560765962697,7
4,ant_isq,29,0.034482758620689655,0.18246560765962697,7
4,ant_clau,28,0.0,0.0,7
4,fum_act,36,0.3611111111111111,0.480322679605294,7
4,diabetes,28,0.14285714285714285,0.3499271061118826,7
4,hip_art,28,0.39285714285714285,0.48838551182776235,7
4,insf_car,5,0.0,0.0,7
4,fibr_aur,195,0.005128205128205128,0.07142763219068779,7
4,trat_est,30,0.16666666666666666,0.3726779962499649,7
4,var171,21,0.0,0.0,7
4,tv_l_esu,363,0.0027548209366391185,0.05241404294887176,7
4,tvp_orig,1293,0.20804331013147717,0.4059079837118447,7
4,tv_l_ein,278,0.7733812949640287,0.41864384333678034,7
4,tvp_prox,555,0.9081081081081082,0.28887328034351106,7
4,tv_l_svc,474,0.010548523206751054,0.10216286930635657,7
4,tv_l_vre,496,0.006048387096774193,0.07753582468963474,7
4,tv_l_vrn,487,0.004106776180698152,0.06395240863407571,7
4,tv_l_vca,942,0.03821656050955414,0.1917186871756995,7
4,tv_l_yug,947,0.013727560718057022,0.1163577019143515,7
4,tv_l_ova,951,0.004206098843322818,0.06471790769055358,7
4,tv_l_sup,948,0.013713080168776372,0.11629716935962407,7
4,tv_l_pul,947,0.004223864836325237,0.0648538649748008,7
4,tv_l_ove,492,0.03861788617886179,0.1926824980270348,7
4,fr_antfa,713,0.16269284712482468,0.36908519967514697,7
4,fr_tvs_a,265,0.03773584905660377,0.19055669695022787,7
4,fr_viaje,10,0.0,0.0,7
4,fr_estro,12,0.0,0.0,7
4,fr_varic,32,0.0625,0.24206145913796356,7
4,ana_dime,181,1.591160220994475,0.5449205748480863,7
4,ana_crea,48,0.875,0.33071891388307384,7
4,ana_trop,857,0.8588098016336057,0.34821764207410943,7
4,tension_,64,134.21875,19.868685121001338,7
4,ana_hemo,5,12.7,2.281227739617419,7
4,ana_plaq,6,320.6666666666667,122.30244841739224,7
4,ana_leuc,13,8.148461538461538,2.9188007182978586,7
4,ana_neu,1065,6.705317370892019,3.093943508309266,7
4,protcrea,1323,54.94054724111868,52.66495336599977,7
4,splanchnic,463,0.01079913606911447,0.10335625152488466,7
5,raza,429,2.9160839160839163,0.5609246050393141,7
5,ant_inf,29,0.0,0.0,7
5,ant_isq,29,0.034482758620689655,0.18246560765962697,7
5,ant_clau,28,0.0,0.0,7
5,fum_act,36,0.2777777777777778,0.44790320823880836,7
5,diabetes,28,0.03571428571428571,0.1855768722395226,7
5,hip_art,28,0.25,0.4330127018922193,7
5,insf_car,5,0.0,0.0,7
5,fibr_aur,195,0.005128205128205128,0.0714276321906878,7
5,trat_est,30,0.13333333333333333,0.33993463423951903,7
5,var171,21,0.0,0.0,7
5,tv_l_esu,363,0.0027548209366391185,0.05241404294887175,7
5,tvp_orig,1293,0.3402938901778809,0.4738079341732103,7
5,tv_l_ein,278,0.7769784172661871,0.4162726947191204,7
5,tvp_prox,555,0.8756756756756757,0.3299511883682563,7
5,tv_l_svc,474,0.006329113924050633,0.07930357016545357,7
5,tv_l_vre,496,0.008064516129032258,0.08943981053555983,7
5,tv_l_vrn,487,0.002053388090349076,0.045267777587368795,7
5,tv_l_vca,942,0.05626326963906582,0.2304294124641809,7
5,tv_l_yug,947,0.013727560718057022,0.1163577019143515,7
5,tv_l_ova,951,0.008412197686645636,0.09133144374598724,7
5,tv_l_sup,948,0.0010548523206751054,0.03246135559795172,7
5,tv_l_pul,947,0.010559662090813094,0.10221621998166895,7
5,tv_l_ove,492,0.042682926829268296,0.20214127383232655,7
5,fr_antfa,713,0.1332398316970547,0.33983375192348864,7
5,fr_tvs_a,265,0.06792452830188679,0.2516163483497306,7
5,fr_viaje,10,0.0,0.0,7
5,fr_estro,12,0.08333333333333333,0.2763853991962833,7
5,fr_varic,32,0.0625,0.24206145913796356,7
5,ana_dime,181,1.574585635359116,0.5474354772780143,7
5,ana_crea,48,0.8125,0.3903123748998999,7
5,ana_trop,857,0.868144690781797,0.33833339570485066,7
5,tension_,64,132.203125,20.495563306100543,7
5,ana_hemo,5,13.919999999999998,1.1651609330903603,7
5,ana_plaq,6,236.16666666666666,71.48989827629885,7
5,ana_leuc,13,7.679230769230768,2.16347107690205,7
5,ana_neu,1065,6.678866666666667,3.0317209378722545,7
5,protcrea,1323,35.10175661375661,50.95868087702875,7
5,splanchnic,463,0.01511879049676026,0.1220254591086439,7
1,raza,429,2.902097902097902,0.5871350215569859,8
1,ant_inf,29,0.034482758620689655,0.18246560765962697,8
1,ant_isq,29,0.06896551724137931,0.2533954906327426,8
1,ant_clau,28,0.0,0.0,8
1,fum_act,36,0.25,0.4330127018922193,8
1,diabetes,28,0.10714285714285714,0.30929478706587094,8
1,hip_art,28,0.2857142857142857,0.45175395145262565,8
1,insf_car,5,0.0,0.0,8
1,fibr_aur,195,0.005128205128205128,0.07142763219068779,8
1,trat_est,30,0.2,0.4,8
1,var171,21,0.0,0.0,8
1,tv_l_esu,363,0.005509641873278237,0.07402219747958348,8
1,tvp_orig,1293,0.2815158546017015,0.44973845533773865,8
1,tv_l_ein,278,0.7338129496402878,0.4419632389469833,8
1,tvp_prox,555,0.8684684684684685,0.3379807505531954,8
1,tv_l_svc,474,0.010548523206751054,0.10216286930635657,8
1,tv_l_vre,496,0.016129032258064516,0.12597176896623638,8
1,tv_l_vrn,487,0.022587268993839837,0.14858359355339257,8
1,tv_l_vca,942,0.04246284501061571,0.20164263389526568,8
1,tv_l_yug,947,0.029567053854276663,0.16938961945956124,8
1,tv_l_ova,951,0.0031545741324921135,0.05607693638684912,8
1,tv_l_sup,948,0.010548523206751054,0.10216286930635657,8
1,tv_l_pul,947,0.0010559662090813093,0.032478472015268635,8
1,tv_l_ove,492,0.056910569105691054,0.2316716560776424,8
1,fr_antfa,713,0.13043478260869565,0.3367811605397754,8
1,fr_tvs_a,265,0.04905660377358491,0.21598623428308206,8
1,fr_viaje,10,0.0,0.0,8
1,fr_estro,12,0.0,0.0,8
1,fr_varic,32,0.09375,0.2914805954090255,8
1,ana_dime,181,1.5193370165745856,0.5813982024785103,8
1,ana_crea,48,0.7708333333333334,0.42029668753816696,8
1,ana_trop,857,0.8436406067677946,0.36319572324059923,8
1,tension_,64,128.9375,17.952084663069076,8
1,ana_hemo,5,13.660000000000002,2.342306555513176,8
1,ana_plaq,6,211.66666666666666,91.1860125725919,8
1,ana_leuc,13,8.838461538461539,2.7805639885955795,8
1,ana_neu,1065,6.3744262910798115,3.0272351783184415,8
1,protcrea,1323,77.6931247165533,68.07207679285413,8
1,splanchnic,463,0.02591792656587473,0.15889048948379716,8
2,raza,429,2.9463869463869465,0.5584003538390698,8
2,ant_inf,29,0.0,0.0,8
2,ant_isq,29,0.0,0.0,8
2,ant_clau,28,0.0,0.0,8
2,fum_act,36,0.2777777777777778,0.44790320823880836,8
2,diabetes,28,0.10714285714285714,0.30929478706587094,8
2,hip_art,28,0.32142857142857145,0.4670248868079293,8
2,insf_car,5,0.0,0.0,8
2,fibr_aur,195,0.02564102564102564,0.15806189751202504,8
2,trat_est,30,0.13333333333333333,0.33993463423951903,8
2,var171,21,0.047619047619047616,0.21295885499998,8
2,tv_l_esu,363,0.03305785123966942,0.17878766655193337,8
2,tvp_orig,1293,0.40448569218870845,0.49079223404953126,8
2,tv_l_ein,278,0.7446043165467626,0.436083396068563,8
2,tvp_prox,555,0.8342342342342343,0.3718702417051612,8
2,tv_l_svc,474,0.010548523206751054,0.10216286930635657,8
2,tv_l_vre,496,0.008064516129032258,0.08943981053555983,8
2,tv_l_vrn,487,0.01026694045174538,0.10080441649801705,8
2,tv_l_vca,942,0.029723991507430998,0.16982483869062612,8
2,tv_l_yug,947,0.024287222808870117,0.15393944789137845,8
2,tv_l_ova,951,0.007360672975814932,0.08547802916046929,8
2,tv_l_sup,948,0.012658227848101266,0.11179444134592213,8
2,tv_l_pul,947,0.005279831045406547,0.07247036932111293,8
2,tv_l_ove,492,0.06504065040650407,0.24659757541631055,8
2,fr_antfa,713,0.15007012622720897,0.35714014537903543,8
2,fr_tvs_a,265,0.045283018867924525,0.20792418587103262,8
2,fr_viaje,10,0.0,0.0,8
2,fr_estro,12,0.0,0.0,8
2,fr_varic,32,0.1875,0.3903123748998999,8
2,ana_dime,181,1.5966850828729282,0.5232601322674729,8
2,ana_crea,48,0.7708333333333334,0.42029668753816696,8
2,ana_trop,857,0.8658109684947491,0.34085529969318895,8
2,tension_,64,130.796875,21.548042027858934,8
2,ana_hemo,5,13.460000000000003,2.645448922205832,8
2,ana_plaq,6,253.16666666666666,90.50122773875624,8
2,ana_leuc,13,9.456923076923077,2.913761472248503,8
2,ana_neu,1065,7.067602816901409,3.1510111570302564,8
2,protcrea,1323,62.01691912320483,57.53314676212741,8
2,splanchnic,463,0.02591792656587473,0.15889048948379716,8
3,raza,429,2.885780885780886,0.6609367926136741,8
3,ant_inf,29,0.0,0.0,8
3,ant_isq,29,0.034482758620689655,0.18246560765962697,8
3,ant_clau,28,0.0,0.0,8
3,fum_act,36,0.1388888888888889,0.34583054438857597,8
3,diabetes,28,0.0,0.0,8
3,hip_art,28,0.32142857142857145,0.4670248868079293,8
3,insf_car,5,0.0,0.0,8
3,fibr_aur,195,0.015384615384615385,0.12307692307692308,8
3,trat_est,30,0.16666666666666666,0.37267799624996495,8
3,var171,21,0.0,0.0,8
3,tv_l_esu,363,0.005509641873278237,0.0740221974795835,8
3,tvp_orig,1293,0.20959010054137664,0.40701608112755483,8
3,tv_l_ein,278,0.7841726618705036,0.41139506346750493,8
3,tvp_prox,555,0.8648648648648649,0.34186785515333834,8
3,tv_l_svc,474,0.0189873417721519,0.1364801180559989,8
3,tv_l_vre,496,0.010080645161290322,0.09989507372449592,8
3,tv_l_vrn,487,0.004106776180698152,0.06395240863407571,8
3,tv_l_vca,942,0.036093418259023353,0.18652260832779108,8
3,tv_l_yug,947,0.023231256599788808,0.15063719765245093,8
3,tv_l_ova,951,0.0031545741324921135,0.05607693638684913,8
3,tv_l_sup,948,0.002109704641350211,0.045883044664412544,8
3,tv_l_pul,947,0.0010559662090813093,0.032478472015268635,8
3,tv_l_ove,492,0.046747967479674794,0.2110985433777175,8
3,fr_antfa,713,0.11781206171107994,0.32238545225624654,8
3,fr_tvs_a,265,0.05660377358490566,0.231083937998413,8
3,fr_viaje,10,0.0,0.0,8
3,fr_estro,12,0.0,0.0,8
3,fr_varic,32,0.15625,0.3630921887069453,8
3,ana_dime,181,1.5414364640883977,0.5989826850693697,8
3,ana_crea,48,0.8958333333333334,0.30547663122114954,8
3,ana_trop,857,0.9008168028004667,0.29890782959436135,8
3,tension_,64,127.390625,18.102673479609994,8
3,ana_hemo,5,12.14,1.4947909552843837,8
3,ana_plaq,6,236.16666666666666,104.74797797040709,8
3,ana_leuc,13,8.649999999999999,3.401092584630822,8
3,ana_neu,1065,6.61119530516432,3.1704412218488796,8
3,protcrea,1323,79.74399546485262,68.84235400818115,8
3,splanchnic,463,0.01079913606911447,0.10335625152488466,8
4,raza,429,2.8927738927738926,0.556938850869157,8
4,ant_inf,29,0.0,0.0,8
4,ant_isq,29,0.0,0.0,8
4,ant_clau,28,0.0,0.0,8
4,fum_act,36,0.25,0.4330127018922193,8
4,diabetes,28,0.14285714285714285,0.3499271061118826,8
4,hip_art,28,0.39285714285714285,0.48838551182776224,8
4,insf_car,5,0.2,0.4,8
4,fibr_aur,195,0.0,0.0,8
4,trat_est,30,0.16666666666666666,0.37267799624996495,8
4,var171,21,0.047619047619047616,0.21295885499998,8
4,tv_l_esu,363,0.01928374655647383,0.13752048456582575,8
4,tvp_orig,1293,0.4880123743232792,0.4998562761740967,8
4,tv_l_ein,278,0.7266187050359713,0.44569492091319535,8
4,tvp_prox,555,0.8990990990990991,0.3011974586517746,8
4,tv_l_svc,474,0.010548523206751054,0.10216286930635657,8
4,tv_l_vre,496,0.008064516129032258,0.08943981053555984,8
4,tv_l_vrn,487,0.004106776180698152,0.06395240863407571,8
4,tv_l_vca,942,0.040339702760084924,0.19675469788879987,8
4,tv_l_yug,947,0.01583949313621964,0.12485432949404394,8
4,tv_l_ova,951,0.0,0.0,8
4,tv_l_sup,948,0.0,0.0,8
4,tv_l_pul,947,0.0021119324181626186,0.04590721250112809,8
4,tv_l_ove,492,0.0508130081300813,0.21961567870908852,8
4,fr_antfa,713,0.16269284712482468,0.36908519967514697,8
4,fr_tvs_a,265,0.07547169811320754,0.2641509433962264,8
4,fr_viaje,10,0.0,0.0,8
4,fr_estro,12,0.0,0.0,8
4,fr_varic,32,0.1875,0.3903123748998999,8
4,ana_dime,181,1.5248618784530388,0.5618542778525609,8
4,ana_crea,48,0.8333333333333334,0.37267799624996495,8
4,ana_trop,857,0.8716452742123687,0.33448436459065356,8
4,tension_,64,132.640625,19.4079294261231,8
4,ana_hemo,5,13.26,1.179152237838694,8
4,ana_plaq,6,236.0,99.99166631941551,8
4,ana_leuc,13,8.473076923076924,3.6214157550612605,8
4,ana_neu,1065,6.65483661971831,3.0890847980815948,8
4,protcrea,1323,65.67187906273621,56.584867859572654,8
4,splanchnic,463,0.02159827213822894,0.14536776389169626,8
5,raza,429,2.8811188811188813,0.6086728712444459,8
5,ant_inf,29,0.10344827586206896,0.30454347814923605,8
5,ant_isq,29,0.034482758620689655,0.18246560765962697,8
5,ant_clau,28,0.0,0.0,8
5,fum_act,36,0.2777777777777778,0.44790320823880836,8
5,diabetes,28,0.14285714285714285,0.3499271061118826,8
5,hip_art,28,0.32142857142857145,0.46702488680792925,8
5,insf_car,5,0.0,0.0,8
5,fibr_aur,195,0.005128205128205128,0.0714276321906878,8
5,trat_est,30,0.23333333333333334,0.4229525846816506,8
5,var171,21,0.0,0.0,8
5,tv_l_esu,363,0.02203856749311295,0.1468089542090824,8
5,tvp_orig,1293,0.19412219644238204,0.3955234118111939,8
5,tv_l_ein,278,0.7661870503597122,0.42325459740066146,8
5,tvp_prox,555,0.8684684684684685,0.3379807505531954,8
5,tv_l_svc,474,0.006329113924050633,0.07930357016545359,8
5,tv_l_vre,496,0.018145161290322582,0.13347626909705995,8
5,tv_l_vrn,487,0.006160164271047228,0.07824459500311148,8
5,tv_l_vca,942,0.03397027600849257,0.18115268796349504,8
5,tv_l_yug,947,0.01583949313621964,0.12485432949404394,8
5,tv_l_ova,951,0.0,0.0,8
5,tv_l_sup,948,0.005274261603375527,0.07243233924094047,8
5,tv_l_pul,947,0.004223864836325237,0.0648538649748008,8
5,tv_l_ove,492,0.03861788617886179,0.1926824980270348,8
5,fr_antfa,713,0.1402524544179523,0.34724876306142916,8
5,fr_tvs_a,265,0.022641509433962263,0.14875776109001526,8
5,fr_viaje,10,0.0,0.0,8
5,fr_estro,12,0.0,0.0,8
5,fr_varic,32,0.21875,0.41339864235384227,8
5,ana_dime,181,1.5359116022099448,0.5612563579757036,8
5,ana_crea,48,0.8958333333333334,0.30547663122114954,8
5,ana_trop,857,0.8961493582263711,0.3050666910313781,8
5,tension_,64,133.859375,18.622791133698918,8
5,ana_hemo,5,13.34,2.2650386310171404,8
5,ana_plaq,6,263.1666666666667,57.63221514242033,8
5,ana_leuc,13,8.389999999999999,2.6676725666912198,8
5,ana_neu,1065,6.076837558685447,3.0134172218522184,8
5,protcrea,1323,62.4821753590325,53.31253753735792,8
5,splanchnic,463,0.02159827213822894,0.14536776389169626,8
1,raza,429,2.878787878787879,0.6754036515549269,9
1,ant_inf,29,0.06896551724137931,0.2533954906327425,9
1,ant_isq,29,0.06896551724137931,0.2533954906327426,9
1,ant_clau,28,0.0,0.0,9
1,fum_act,36,0.3055555555555556,0.46064233199380555,9
1,diabetes,28,0.03571428571428571,0.1855768722395226,9
1,hip_art,28,0.21428571428571427,0.410325903324145,9
1,insf_car,5,0.0,0.0,9
1,fibr_aur,195,0.020512820512820513,0.14174640985728468,9
1,trat_est,30,0.26666666666666666,0.4422166387140533,9
1,var171,21,0.0,0.0,9
1,tv_l_esu,363,0.005509641873278237,0.0740221974795835,9
1,tvp_orig,1293,0.24361948955916474,0.42926569146170623,9
1,tv_l_ein,278,0.7517985611510791,0.43196930979208037,9
1,tvp_prox,555,0.8504504504504504,0.3566293338735281,9
1,tv_l_svc,474,0.008438818565400843,0.09147461345434091,9
1,tv_l_vre,496,0.008064516129032258,0.08943981053555984,9
1,tv_l_vrn,487,0.01026694045174538,0.10080441649801705,9
1,tv_l_vca,942,0.04777070063694268,0.21328070892042317,9
1,tv_l_yug,947,0.014783526927138331,0.1206854351557507,9
1,tv_l_ova,951,0.002103049421661409,0.04581076952847942,9
1,tv_l_sup,948,0.011603375527426161,0.10709219020916366,9
1,tv_l_pul,947,0.0021119324181626186,0.04590721250112809,9
1,tv_l_ove,492,0.03048780487804878,0.17192527048624004,9
1,fr_antfa,713,0.17391304347826086,0.37903469074266727,9
1,fr_tvs_a,265,0.06792452830188679,0.2516163483497306,9
1,fr_viaje,10,0.0,0.0,9
1,fr_estro,12,0.0,0.0,9
1,fr_varic,32,0.15625,0.3630921887069453,9
1,ana_dime,181,1.6574585635359116,0.5082872928176796,9
1,ana_crea,48,0.8125,0.3903123748998999,9
1,ana_trop,857,0.8623103850641773,0.34457391786762903,9
1,tension_,64,132.53125,15.750961032187845,9
1,ana_hemo,5,13.1,1.77313282074412,9
1,ana_plaq,6,233.66666666666666,76.98845512297427,9
1,ana_leuc,13,7.642307692307693,2.372367055029003,9
1,ana_neu,1065,6.507931455399061,3.130267121751369,9
1,protcrea,1323,48.26734542705971,58.62471108523277,9
1,splanchnic,463,0.019438444924406047,0.1380601020690876,9
2,raza,429,2.9184149184149186,0.5756207192745006,9
2,ant_inf,29,0.034482758620689655,0.18246560765962697,9
2,ant_isq,29,0.034482758620689655,0.18246560765962697,9
2,ant_clau,28,0.0,0.0,9
2,fum_act,36,0.2777777777777778,0.44790320823880836,9
2,diabetes,28,0.07142857142857142,0.25753937681885636,9
2,hip_art,28,0.39285714285714285,0.48838551182776224,9
2,insf_car,5,0.0,0.0,9
2,fibr_aur,195,0.005128205128205128,0.07142763219068779,9
2,trat_est,30,0.13333333333333333,0.33993463423951903,9
2,var171,21,0.047619047619047616,0.21295885499998,9
2,tv_l_esu,363,0.011019283746556474,0.10439281168868549,9
2,tvp_orig,1293,0.2923433874709977,0.4548392367342331,9
2,tv_l_ein,278,0.8057553956834532,0.3956180456076984,9
2,tvp_prox,555,0.872072072072072,0.33400954055834214,9
2,tv_l_svc,474,0.016877637130801686,0.1288129748731962,9
2,tv_l_vre,496,0.008064516129032258,0.08943981053555984,9
2,tv_l_vrn,487,0.014373716632443531,0.11902568169354777,9
2,tv_l_vca,942,0.045647558386411886,0.20871956975753617,9
2,tv_l_yug,947,0.010559662090813094,0.10221621998166895,9
2,tv_l_ova,951,0.0,0.0,9
2,tv_l_sup,948,0.0010548523206751054,0.03246135559795172,9
2,tv_l_pul,947,0.012671594508975714,0.11185269420794393,9
2,tv_l_ove,492,0.0508130081300813,0.21961567870908855,9
2,fr_antfa,713,0.17251051893408134,0.3778235564270382,9
2,fr_tvs_a,265,0.033962264150943396,0.18113207547169813,9
2,fr_viaje,10,0.0,0.0,9
2,fr_estro,12,0.0,0.0,9
2,fr_varic,32,0.25,0.4330127018922193,9
2,ana_dime,181,1.5027624309392265,0.6004078668241837,9
2,ana_crea,48,0.8958333333333334,0.30547663122114954,9
2,ana_trop,857,0.8553092182030338,0.3517887995089509,9
2,tension_,64,132.65625,20.825329191575822,9
2,ana_hemo,5,12.992,1.222888384113612,9
2,ana_plaq,6,198.0,43.912792365475156,9
2,ana_leuc,13,7.844615384615385,1.954004233459769,9
2,ana_neu,1065,6.598019718309859,3.0725612329337917,9
2,protcrea,1323,50.877416477702205,59.48474209853094,9
2,splanchnic,463,0.01079913606911447,0.10335625152488466,9
3,raza,429,2.885780885780886,0.620931069079652,9
3,ant_inf,29,0.0,0.0,9
3,ant_isq,29,0.034482758620689655,0.18246560765962697,9
3,ant_clau,28,0.0,0.0,9
3,fum_act,36,0.19444444444444445,0.39577241246597245,9
3,diabetes,28,0.03571428571428571,0.1855768722395226,9
3,hip_art,28,0.39285714285714285,0.48838551182776235,9
3,insf_car,5,0.0,0.0,9
3,fibr_aur,195,0.010256410256410256,0.10075324463788975,9
3,trat_est,30,0.2,0.4000000000000001,9
3,var171,21,0.0,0.0,9
3,tv_l_esu,363,0.013774104683195593,0.11655204298240318,9
3,tvp_orig,1293,0.21191028615622584,0.40866161647188287,9
3,tv_l_ein,278,0.7697841726618705,0.4209709018223825,9
3,tvp_prox,555,0.8864864864864865,0.3172194756999181,9
3,tv_l_svc,474,0.010548523206751054,0.10216286930635657,9
3,tv_l_vre,496,0.010080645161290322,0.09989507372449591,9
3,tv_l_vrn,487,0.012320328542094456,0.11031109666171084,9
3,tv_l_vca,942,0.024416135881104035,0.1543372547045576,9
3,tv_l_yug,947,0.008447729672650475,0.09152248650483825,9
3,tv_l_ova,951,0.005257623554153523,0.0723186072094612,9
3,tv_l_sup,948,0.016877637130801686,0.1288129748731962,9
3,tv_l_pul,947,0.0,0.0,9
3,tv_l_ove,492,0.034552845528455285,0.18264431662206734,9
3,fr_antfa,713,0.19635343618513323,0.39723892594183674,9
3,fr_tvs_a,265,0.045283018867924525,0.20792418587103262,9
3,fr_viaje,10,0.1,0.30000000000000004,9
3,fr_estro,12,0.08333333333333333,0.2763853991962833,9
3,fr_varic,32,0.09375,0.2914805954090255,9
3,ana_dime,181,1.6077348066298343,0.49944262452992366,9
3,ana_crea,48,0.7916666666666666,0.4061164310337068,9
3,ana_trop,857,0.8809801633605601,0.3238118514288212,9
3,tension_,64,133.421875,23.88632237252891,9
3,ana_hemo,5,13.680000000000001,1.9883661634618512,9
3,ana_plaq,6,269.3333333333333,83.50981312928972,9
3,ana_leuc,13,8.713076923076924,2.5704096788566146,9
3,ana_neu,1065,6.504432863849765,3.1352711773229274,9
3,protcrea,1323,58.753919879062735,58.97016168235564,9
3,splanchnic,463,0.012958963282937365,0.11309742947374553,9
4,raza,429,2.888111888111888,0.6973632835564346,9
4,ant_inf,29,0.0,0.0,9
4,ant_isq,29,0.06896551724137931,0.2533954906327425,9
4,ant_clau,28,0.0,0.0,9
4,fum_act,36,0.2222222222222222,0.41573970964154905,9
4,diabetes,28,0.14285714285714285,0.3499271061118826,9
4,hip_art,28,0.35714285714285715,0.47915742374995496,9
4,insf_car,5,0.4,0.48989794855663565,9
4,fibr_aur,195,0.015384615384615385,0.12307692307692308,9
4,trat_est,30,0.13333333333333333,0.33993463423951903,9
4,var171,21,0.047619047619047616,0.21295885499998,9
4,tv_l_esu,363,0.01652892561983471,0.12749792248381414,9
4,tvp_orig,1293,0.30781129156999226,0.46158802015650874,9
4,tv_l_ein,278,0.7841726618705036,0.41139506346750493,9
4,tvp_prox,555,0.872072072072072,0.3340095405583421,9
4,tv_l_svc,474,0.008438818565400843,0.09147461345434091,9
4,tv_l_vre,496,0.010080645161290322,0.09989507372449592,9
4,tv_l_vrn,487,0.006160164271047228,0.07824459500311148,9
4,tv_l_vca,942,0.05732484076433121,0.23246226230439054,9
4,tv_l_yug,947,0.011615628299894404,0.1071480540144948,9
4,tv_l_ova,951,0.004206098843322818,0.06471790769055358,9
4,tv_l_sup,948,0.005274261603375527,0.07243233924094047,9
4,tv_l_pul,947,0.005279831045406547,0.07247036932111295,9
4,tv_l_ove,492,0.046747967479674794,0.21109854337771744,9
4,fr_antfa,713,0.1332398316970547,0.33983375192348864,9
4,fr_tvs_a,265,0.04150943396226415,0.1994652873419247,9
4,fr_viaje,10,0.0,0.0,9
4,fr_estro,12,0.0,0.0,9
4,fr_varic,32,0.125,0.33071891388307384,9
4,ana_dime,181,1.558011049723757,0.5691948562735702,9
4,ana_crea,48,0.8958333333333334,0.30547663122114954,9
4,ana_trop,857,0.8343057176196033,0.3718059805420592,9
4,tension_,64,131.4375,19.675393102807373,9
4,ana_hemo,5,12.76,1.697763234376337,9
4,ana_plaq,6,247.33333333333334,46.46025780767424,9
4,ana_leuc,13,8.79846153846154,2.832891553909718,9
4,ana_neu,1065,6.355023474178404,3.0490616157333004,9
4,protcrea,1323,54.92179440665155,59.803967081826364,9
4,splanchnic,463,0.004319654427645789,0.06558197170923964,9
5,raza,429,2.93006993006993,0.5107289408814045,9
5,ant_inf,29,0.034482758620689655,0.18246560765962697,9
5,ant_isq,29,0.0,0.0,9
5,ant_clau,28,0.0,0.0,9
5,fum_act,36,0.16666666666666666,0.372677996249965,9
5,diabetes,28,0.03571428571428571,0.18557687223952257,9
5,hip_art,28,0.4642857142857143,0.49872285870603356,9
5,insf_car,5,0.0,0.0,9
5,fibr_aur,195,0.010256410256410256,0.10075324463788973,9
5,trat_est,30,0.16666666666666666,0.37267799624996495,9
5,var171,21,0.0,0.0,9
5,tv_l_esu,363,0.008264462809917356,0.0905326541330853,9
5,tvp_orig,1293,0.2776488785769528,0.4478392332097684,9
5,tv_l_ein,278,0.762589928057554,0.4254956282768703,9
5,tvp_prox,555,0.8702702702702703,0.33600584363070385,9
5,tv_l_svc,474,0.016877637130801686,0.1288129748731962,9
5,tv_l_vre,496,0.012096774193548387,0.10931807832037062,9
5,tv_l_vrn,487,0.008213552361396304,0.09025569189254995,9
5,tv_l_vca,942,0.049893842887473464,0.217725623961429,9
5,tv_l_yug,947,0.01583949313621964,0.12485432949404394,9
5,tv_l_ova,951,0.0031545741324921135,0.05607693638684913,9
5,tv_l_sup,948,0.010548523206751054,0.10216286930635657,9
5,tv_l_pul,947,0.007391763463569166,0.08565702129112249,9
5,tv_l_ove,492,0.056910569105691054,0.2316716560776424,9
5,fr_antfa,713,0.14305750350631136,0.3501314812993157,9
5,fr_tvs_a,265,0.052830188679245285,0.22369434468345556,9
5,fr_viaje,10,0.0,0.0,9
5,fr_estro,12,0.08333333333333333,0.2763853991962833,9
5,fr_varic,32,0.28125,0.4496092053105675,9
5,ana_dime,181,1.574585635359116,0.516271663479499,9
5,ana_crea,48,0.875,0.33071891388307384,9
5,ana_trop,857,0.8868144690781797,0.3168194541245313,9
5,tension_,64,130.59375,17.82354372557545,9
5,ana_hemo,5,13.5,1.2976902558006673,9
5,ana_plaq,6,225.0,61.11737341651172,9
5,ana_leuc,13,7.925384615384615,2.6684412487864244,9
5,ana_neu,1065,6.975250704225352,3.0494838322658278,9
5,protcrea,1323,54.95675585789871,59.195442695902074,9
5,splanchnic,463,0.02159827213822894,0.14536776389169626,9
1,raza,429,2.9510489510489513,0.5461713060074583,10
1,ant_inf,29,0.0,0.0,10
1,ant_isq,29,0.0,0.0,10
1,ant_clau,28,0.0,0.0,10
1,fum_act,36,0.19444444444444445,0.39577241246597245,10
1,diabetes,28,0.07142857142857142,0.25753937681885636,10
1,hip_art,28,0.32142857142857145,0.4670248868079293,10
1,insf_car,5,0.2,0.4000000000000001,10
1,fibr_aur,195,0.0,0.0,10
1,trat_est,30,0.03333333333333333,0.17950549357115012,10
1,var171,21,0.0,0.0,10
1,tv_l_esu,363,0.008264462809917356,0.0905326541330853,10
1,tvp_orig,1293,0.337200309358082,0.47275391138191103,10
1,tv_l_ein,278,0.7410071942446043,0.43808165029175045,10
1,tvp_prox,555,0.863063063063063,0.34378076188068796,10
1,tv_l_svc,474,0.016877637130801686,0.1288129748731962,10
1,tv_l_vre,496,0.006048387096774193,0.07753582468963473,10
1,tv_l_vrn,487,0.008213552361396304,0.09025569189254995,10
1,tv_l_vca,942,0.0435244161358811,0.20403441213656032,10
1,tv_l_yug,947,0.01795142555438226,0.13277489173389573,10
1,tv_l_ova,951,0.0031545741324921135,0.05607693638684914,10
1,tv_l_sup,948,0.005274261603375527,0.07243233924094047,10
1,tv_l_pul,947,0.005279831045406547,0.07247036932111293,10
1,tv_l_ove,492,0.06300813008130081,0.24297758255641339,10
1,fr_antfa,713,0.12622720897615708,0.33210525543906505,10
1,fr_tvs_a,265,0.045283018867924525,0.20792418587103262,10
1,fr_viaje,10,0.0,0.0,10
1,fr_estro,12,0.0,0.0,10
1,fr_varic,32,0.15625,0.3630921887069453,10
1,ana_dime,181,1.5856353591160222,0.565698375079346,10
1,ana_crea,48,0.9791666666666666,0.1428261375083551,10
1,ana_trop,857,0.8833138856476079,0.3210458924666886,10
1,tension_,64,134.4375,20.87827444378486,10
1,ana_hemo,5,12.059999999999999,1.9774731350893244,10
1,ana_plaq,6,295.6666666666667,172.77506250099353,10
1,ana_leuc,13,7.788461538461538,2.6638718095568112,10
1,ana_neu,1065,6.5050826291079815,3.102425486195887,10
1,protcrea,1323,46.345442176870755,47.78972381258748,10
1,splanchnic,463,0.01511879049676026,0.12202545910864392,10
2,raza,429,2.874125874125874,0.6091814929738195,10
2,ant_inf,29,0.0,0.0,10
2,ant_isq,29,0.06896551724137931,0.2533954906327426,10
2,ant_clau,28,0.0,0.0,10
2,fum_act,36,0.2777777777777778,0.44790320823880836,10
2,diabetes,28,0.03571428571428571,0.1855768722395226,10
2,hip_art,28,0.25,0.4330127018922193,10
2,insf_car,5,0.4,0.48989794855663565,10
2,fibr_aur,195,0.020512820512820513,0.14174640985728468,10
2,trat_est,30,0.16666666666666666,0.3726779962499649,10
2,var171,21,0.047619047619047616,0.21295885499998,10
2,tv_l_esu,363,0.008264462809917356,0.0905326541330853,10
2,tvp_orig,1293,0.337200309358082,0.47275391138191103,10
2,tv_l_ein,278,0.7733812949640287,0.41864384333678034,10
2,tvp_prox,555,0.8108108108108109,0.3916588309780929,10
2,tv_l_svc,474,0.03164556962025317,0.17505464159416873,10
2,tv_l_vre,496,0.012096774193548387,0.1093180783203706,10
2,tv_l_vrn,487,0.006160164271047228,0.07824459500311148,10
2,tv_l_vca,942,0.03397027600849257,0.18115268796349507,10
2,tv_l_yug,947,0.01689545934530095,0.12887979980901676,10
2,tv_l_ova,951,0.0010515247108307045,0.03241016825956349,10
2,tv_l_sup,948,0.008438818565400843,0.09147461345434091,10
2,tv_l_pul,947,0.01795142555438226,0.1327748917338957,10
2,tv_l_ove,492,0.036585365853658534,0.18774151607732503,10
2,fr_antfa,713,0.14446002805049088,0.3515555835798121,10
2,fr_tvs_a,265,0.026415094339622643,0.16036625932736434,10
2,fr_viaje,10,0.0,0.0,10
2,fr_estro,12,0.0,0.0,10
2,fr_varic,32,0.0625,0.24206145913796356,10
2,ana_dime,181,1.5856353591160222,0.5558461368135127,10
2,ana_crea,48,0.9583333333333334,0.19982631347136334,10
2,ana_trop,857,0.8763127187864644,0.32922444878766116,10
2,tension_,64,132.25,22.260531215584233,10
2,ana_hemo,5,13.84,1.772681584492827,10
2,ana_plaq,6,288.5,73.21145174538384,10
2,ana_leuc,13,7.526923076923077,2.961100067452543,10
2,ana_neu,1065,7.164700469483569,3.2422708490559944,10
2,protcrea,1323,28.550391534391537,41.03964606544519,10
2,splanchnic,463,0.017278617710583154,0.1303075864276316,10
3,raza,429,2.93006993006993,0.5871627840470861,10
3,ant_inf,29,0.034482758620689655,0.18246560765962697,10
3,ant_isq,29,0.0,0.0,10
3,ant_clau,28,0.0,0.0,10
3,fum_act,36,0.2777777777777778,0.44790320823880836,10
3,diabetes,28,0.10714285714285714,0.30929478706587094,10
3,hip_art,28,0.2857142857142857,0.45175395145262565,10
3,insf_car,5,0.0,0.0,10
3,fibr_aur,195,0.010256410256410256,0.10075324463788975,10
3,trat_est,30,0.16666666666666666,0.37267799624996495,10
3,var171,21,0.047619047619047616,0.21295885499998,10
3,tv_l_esu,363,0.011019283746556474,0.10439281168868549,10
3,tvp_orig,1293,0.3139984532095901,0.46411574482188706,10
3,tv_l_ein,278,0.7877697841726619,0.40888696643109035,10
3,tvp_prox,555,0.8396396396396396,0.3669399340293391,10
3,tv_l_svc,474,0.008438818565400843,0.09147461345434091,10
3,tv_l_vre,496,0.006048387096774193,0.07753582468963473,10
3,tv_l_vrn,487,0.01026694045174538,0.10080441649801705,10
3,tv_l_vca,942,0.02653927813163482,0.16073252579327732,10
3,tv_l_yug,947,0.026399155227032733,0.16031918110548019,10
3,tv_l_ova,951,0.002103049421661409,0.04581076952847942,10
3,tv_l_sup,948,0.0031645569620253164,0.056165314396515335,10
3,tv_l_pul,947,0.009503695881731784,0.09702255225626327,10
3,tv_l_ove,492,0.06097560975609756,0.23928557158961683,10
3,fr_antfa,713,0.15427769985974754,0.3612147438653816,10
3,fr_tvs_a,265,0.06037735849056604,0.2381846617065585,10
3,fr_viaje,10,0.0,0.0,10
3,fr_estro,12,0.08333333333333333,0.2763853991962833,10
3,fr_varic,32,0.25,0.4330127018922193,10
3,ana_dime,181,1.580110497237569,0.556669247196022,10
3,ana_crea,48,0.8541666666666666,0.3529390488770295,10
3,ana_trop,857,0.8798133022170361,0.3251797279336311,10
3,tension_,64,135.15625,25.25755997592602,10
3,ana_hemo,5,14.620000000000001,0.9410632284814876,10
3,ana_plaq,6,199.0,27.952340390982172,10
3,ana_leuc,13,7.760769230769232,3.5904948481285794,10
3,ana_neu,1065,6.605455399061033,3.100210019257359,10
3,protcrea,1323,33.77980045351474,43.74963527048331,10
3,splanchnic,463,0.019438444924406047,0.1380601020690876,10
4,raza,429,2.913752913752914,0.4871516035785292,10
4,ant_inf,29,0.034482758620689655,0.18246560765962697,10
4,ant_isq,29,0.034482758620689655,0.18246560765962697,10
4,ant_clau,28,0.03571428571428571,0.18557687223952257,10
4,fum_act,36,0.2222222222222222,0.41573970964154905,10
4,diabetes,28,0.14285714285714285,0.3499271061118826,10
4,hip_art,28,0.25,0.4330127018922193,10
4,insf_car,5,0.0,0.0,10
4,fibr_aur,195,0.005128205128205128,0.07142763219068779,10
4,trat_est,30,0.16666666666666666,0.37267799624996495,10
4,var171,21,0.09523809523809523,0.29354352395090366,10
4,tv_l_esu,363,0.013774104683195593,0.11655204298240317,10
4,tvp_orig,1293,0.3225058004640371,0.4674353528896673,10
4,tv_l_ein,278,0.762589928057554,0.4254956282768704,10
4,tvp_prox,555,0.836036036036036,0.37024286959398406,10
4,tv_l_svc,474,0.010548523206751054,0.10216286930635657,10
4,tv_l_vre,496,0.012096774193548387,0.1093180783203706,10
4,tv_l_vrn,487,0.002053388090349076,0.045267777587368795,10
4,tv_l_vca,942,0.06157112526539278,0.2403749608402383,10
4,tv_l_yug,947,0.008447729672650475,0.09152248650483824,10
4,tv_l_ova,951,0.007360672975814932,0.08547802916046929,10
4,tv_l_sup,948,0.00949367088607595,0.09697185725344659,10
4,tv_l_pul,947,0.009503695881731784,0.09702255225626327,10
4,tv_l_ove,492,0.032520325203252036,0.17737743275830428,10
4,fr_antfa,713,0.18934081346423562,0.3917791084539056,10
4,fr_tvs_a,265,0.06415094339622641,0.24502163140751587,10
4,fr_viaje,10,0.0,0.0,10
4,fr_estro,12,0.0,0.0,10
4,fr_varic,32,0.09375,0.2914805954090255,10
4,ana_dime,181,1.6243093922651934,0.5173938019201394,10
4,ana_crea,48,0.9166666666666666,0.2763853991962833,10
4,ana_trop,857,0.8483080513418904,0.3587220391478827,10
4,tension_,64,133.125,20.44848710785226,10
4,ana_hemo,5,13.48,1.6400000000000001,10
4,ana_plaq,6,245.66666666666666,75.67841318514958,10
4,ana_leuc,13,8.215384615384615,3.377679256495991,10
4,ana_neu,1065,6.39724131455399,3.014071091027431,10
4,protcrea,1323,22.262956916099775,35.73667650165067,10
4,splanchnic,463,0.008639308855291577,0.09254550879321188,10
5,raza,429,2.8694638694638694,0.6307762943731074,10
5,ant_inf,29,0.034482758620689655,0.18246560765962697,10
5,ant_isq,29,0.06896551724137931,0.2533954906327426,10
5,ant_clau,28,0.03571428571428571,0.1855768722395226,10
5,fum_act,36,0.3333333333333333,0.4714045207910317,10
5,diabetes,28,0.10714285714285714,0.30929478706587094,10
5,hip_art,28,0.35714285714285715,0.47915742374995496,10
5,insf_car,5,0.0,0.0,10
5,fibr_aur,195,0.015384615384615385,0.12307692307692308,10
5,trat_est,30,0.1,0.3,10
5,var171,21,0.0,0.0,10
5,tv_l_esu,363,0.01652892561983471,0.12749792248381417,10
5,tvp_orig,1293,0.534416086620263,0.49881412668623026,10
5,tv_l_ein,278,0.7985611510791367,0.4010751040220533,10
5,tvp_prox,555,0.8594594594594595,0.3475469709335894,10
5,tv_l_svc,474,0.02109704641350211,0.14370790182216372,10
5,tv_l_vre,496,0.012096774193548387,0.10931807832037062,10
5,tv_l_vrn,487,0.008213552361396304,0.09025569189254994,10
5,tv_l_vca,942,0.041401273885350316,0.19921648628068045,10
5,tv_l_yug,947,0.014783526927138331,0.1206854351557507,10
5,tv_l_ova,951,0.0031545741324921135,0.05607693638684913,10
5,tv_l_sup,948,0.0031645569620253164,0.056165314396515335,10
5,tv_l_pul,947,0.006335797254487857,0.07934516322774743,10
5,tv_l_ove,492,0.06504065040650407,0.24659757541631055,10
5,fr_antfa,713,0.14726507713884993,0.35436996796305764,10
5,fr_tvs_a,265,0.0830188679245283,0.27591073827065526,10
5,fr_viaje,10,0.1,0.30000000000000004,10
5,fr_estro,12,0.0,0.0,10
5,fr_varic,32,0.21875,0.41339864235384227,10
5,ana_dime,181,1.5303867403314917,0.590359348045054,10
5,ana_crea,48,0.8125,0.3903123748998999,10
5,ana_trop,857,0.8844807467911319,0.3196475486327614,10
5,tension_,64,129.78125,19.34430532320817,10
5,ana_hemo,5,12.8,2.393324048264255,10
5,ana_plaq,6,253.5,82.93521568067452,10
5,ana_leuc,13,7.711538461538462,3.1706244135182007,10
5,ana_neu,1065,6.766237558685446,3.0984793736624874,10
5,protcrea,1323,32.44895842781557,52.91389935236054,10
5,splanchnic,463,0.019438444924406047,0.1380601020690876,10
1,raza,429,2.9114219114219115,0.5684683396867263,11
1,ant_inf,29,0.0,0.0,11
1,ant_isq,29,0.06896551724137931,0.2533954906327426,11
1,ant_clau,28,0.0,0.0,11
1,fum_act,36,0.19444444444444445,0.39577241246597245,11
1,diabetes,28,0.10714285714285714,0.30929478706587094,11
1,hip_art,28,0.5,0.5,11
1,insf_car,5,0.2,0.4,11
1,fibr_aur,195,0.005128205128205128,0.0714276321906878,11
1,trat_est,30,0.16666666666666666,0.37267799624996495,11
1,var171,21,0.0,0.0,11
1,tv_l_esu,363,0.01652892561983471,0.12749792248381417,11
1,tvp_orig,1293,0.2768754833720031,0.4474544111745047,11
1,tv_l_ein,278,0.762589928057554,0.4254956282768704,11
1,tvp_prox,555,0.8972972972972973,0.30357018555889664,11
1,tv_l_svc,474,0.014767932489451477,0.12062272032846248,11
1,tv_l_vre,496,0.008064516129032258,0.08943981053555983,11
1,tv_l_vrn,487,0.006160164271047228,0.07824459500311147,11
1,tv_l_vca,942,0.07112526539278131,0.2570339705478398,11
1,tv_l_yug,947,0.023231256599788808,0.15063719765245093,11
1,tv_l_ova,951,0.007360672975814932,0.08547802916046929,11
1,tv_l_sup,948,0.005274261603375527,0.07243233924094046,11
1,tv_l_pul,947,0.005279831045406547,0.07247036932111293,11
1,tv_l_ove,492,0.06300813008130081,0.24297758255641339,11
1,fr_antfa,713,0.1332398316970547,0.33983375192348864,11
1,fr_tvs_a,265,0.05660377358490566,0.231083937998413,11
1,fr_viaje,10,0.1,0.30000000000000004,11
1,fr_estro,12,0.0,0.0,11
1,fr_varic,32,0.1875,0.3903123748998999,11
1,ana_dime,181,1.4475138121546962,0.5888061768507716,11
1,ana_crea,48,0.8958333333333334,0.30547663122114954,11
1,ana_trop,857,0.8459743290548425,0.3609733558519958,11
1,tension_,64,130.59375,21.254939683224226,11
1,ana_hemo,5,14.080000000000002,1.4851262572589579,11
1,ana_plaq,6,257.6666666666667,135.75672686422905,11
1,ana_leuc,13,10.850000000000001,4.893571921801717,11
1,ana_neu,1065,6.842695774647888,3.1198674284810086,11
1,protcrea,1323,61.91067573696146,59.96689968334674,11
1,splanchnic,463,0.03455723542116631,0.18265550334225467,11
2,raza,429,2.953379953379953,0.4183093931641052,11
2,ant_inf,29,0.034482758620689655,0.18246560765962697,11
2,ant_isq,29,0.034482758620689655,0.18246560765962697,11
2,ant_clau,28,0.0,0.0,11
2,fum_act,36,0.25,0.4330127018922193,11
2,diabetes,28,0.03571428571428571,0.1855768722395226,11
2,hip_art,28,0.35714285714285715,0.47915742374995496,11
2,insf_car,5,0.0,0.0,11
2,fibr_aur,195,0.010256410256410256,0.10075324463788975,11
2,trat_est,30,0.16666666666666666,0.37267799624996495,11
2,var171,21,0.0,0.0,11
2,tv_l_esu,363,0.01652892561983471,0.12749792248381414,11
2,tvp_orig,1293,0.3696829079659706,0.48271881621063234,11
2,tv_l_ein,278,0.7589928057553957,0.4276946651139664,11
2,tvp_prox,555,0.8684684684684685,0.3379807505531954,11
2,tv_l_svc,474,0.006329113924050633,0.07930357016545357,11
2,tv_l_vre,496,0.008064516129032258,0.08943981053555983,11
2,tv_l_vrn,487,0.004106776180698152,0.06395240863407571,11
2,tv_l_vca,942,0.029723991507430998,0.1698248386906261,11
2,tv_l_yug,947,0.05279831045406547,0.22363060807336188,11
2,tv_l_ova,951,0.0,0.0,11
2,tv_l_sup,948,0.004219409282700422,0.06481979534066336,11
2,tv_l_pul,947,0.007391763463569166,0.08565702129112249,11
2,tv_l_ove,492,0.0508130081300813,0.21961567870908852,11
2,fr_antfa,713,0.12622720897615708,0.332105255439065,11
2,fr_tvs_a,265,0.04905660377358491,0.21598623428308206,11
2,fr_viaje,10,0.1,0.30000000000000004,11
2,fr_estro,12,0.0,0.0,11
2,fr_varic,32,0.1875,0.3903123748998999,11
2,ana_dime,181,1.6740331491712708,0.5450325947022552,11
2,ana_crea,48,0.8333333333333334,0.37267799624996495,11
2,ana_trop,857,0.8669778296382731,0.3395986933926316,11
2,tension_,64,130.359375,23.0579210816885,11
2,ana_hemo,5,12.24,1.185917366429887,11
2,ana_plaq,6,191.83333333333334,58.65553871734725,11
2,ana_leuc,13,10.058461538461538,4.019234228927476,11
2,ana_neu,1065,6.465438497652582,3.119985193509708,11
2,protcrea,1323,93.99519879062737,61.434233025468814,11
2,splanchnic,463,0.032397408207343416,0.17705314498418315,11
3,raza,429,2.93006993006993,0.5871627840470861,11
3,ant_inf,29,0.0,0.0,11
3,ant_isq,29,0.034482758620689655,0.18246560765962697,11
3,ant_clau,28,0.0,0.0,11
3,fum_act,36,0.2222222222222222,0.41573970964154905,11
3,diabetes,28,0.03571428571428571,0.1855768722395226,11
3,hip_art,28,0.32142857142857145,0.4670248868079293,11
3,insf_car,5,0.2,0.4000000000000001,11
3,fibr_aur,195,0.005128205128205128,0.0714276321906878,11
3,trat_est,30,0.1,0.3,11
3,var171,21,0.047619047619047616,0.21295885499997996,11
3,tv_l_esu,363,0.011019283746556474,0.10439281168868549,11
3,tvp_orig,1293,0.32869296210363497,0.4697381172176401,11
3,tv_l_ein,278,0.7877697841726619,0.40888696643109035,11
3,tvp_prox,555,0.9153153153153153,0.278411905033783,11
3,tv_l_svc,474,0.010548523206751054,0.10216286930635658,11
3,tv_l_vre,496,0.004032258064516129,0.063371909860894,11
3,tv_l_vrn,487,0.0,0.0,11
3,tv_l_vca,942,0.03821656050955414,0.19171868717569956,11
3,tv_l_yug,947,0.013727560718057022,0.1163577019143515,11
3,tv_l_ova,951,0.005257623554153523,0.0723186072094612,11
3,tv_l_sup,948,0.0031645569620253164,0.056165314396515335,11
3,tv_l_pul,947,0.008447729672650475,0.09152248650483824,11
3,tv_l_ove,492,0.04878048780487805,0.21540880161775236,11
3,fr_antfa,713,0.18373071528751753,0.3872644310383472,11
3,fr_tvs_a,265,0.06792452830188679,0.2516163483497306,11
3,fr_viaje,10,0.0,0.0,11
3,fr_estro,12,0.08333333333333333,0.2763853991962833,11
3,fr_varic,32,0.03125,0.17399263633843817,11
3,ana_dime,181,1.5359116022099448,0.5710152564731149,11
3,ana_crea,48,0.8541666666666666,0.35293904887702954,11
3,ana_trop,857,0.8716452742123687,0.3344843645906536,11
3,tension_,64,130.4375,20.452593814721887,11
3,ana_hemo,5,14.459999999999999,1.1341957503006261,11
3,ana_plaq,6,253.66666666666666,123.44724469271165,11
3,ana_leuc,13,8.708461538461538,3.7317243820927244,11
3,ana_neu,1065,6.52830234741784,3.111187831165552,11
3,protcrea,1323,61.13681330309903,59.015526084754875,11
3,splanchnic,463,0.0064794816414686825,0.08023401996115209,11
4,raza,429,2.8531468531468533,0.5986547696399888,11
4,ant_inf,29,0.0,0.0,11
4,ant_isq,29,0.0,0.0,11
4,ant_clau,28,0.0,0.0,11
4,fum_act,36,0.1388888888888889,0.345830544388576,11
4,diabetes,28,0.03571428571428571,0.18557687223952257,11
4,hip_art,28,0.35714285714285715,0.47915742374995496,11
4,insf_car,5,0.2,0.4,11
4,fibr_aur,195,0.005128205128205128,0.07142763219068779,11
4,trat_est,30,0.2,0.4000000000000001,11
4,var171,21,0.0,0.0,11
4,tv_l_esu,363,0.013774104683195593,0.11655204298240317,11
4,tvp_orig,1293,0.4191802010827533,0.49342492853824876,11
4,tv_l_ein,278,0.7302158273381295,0.443847578390398,11
4,tvp_prox,555,0.8792792792792793,0.32580243754366,11
4,tv_l_svc,474,0.014767932489451477,0.12062272032846248,11
4,tv_l_vre,496,0.010080645161290322,0.09989507372449591,11
4,tv_l_vrn,487,0.01642710472279261,0.12711119129808754,11
4,tv_l_vca,942,0.055201698513800426,0.22837353391974274,11
4,tv_l_yug,947,0.03801478352692714,0.19123195277026275,11
4,tv_l_ova,951,0.011566771819137749,0.10692512150482573,11
4,tv_l_sup,948,0.007383966244725738,0.0856121678689571,11
4,tv_l_pul,947,0.005279831045406547,0.07247036932111295,11
4,tv_l_ove,492,0.07113821138211382,0.25705557038015636,11
4,fr_antfa,713,0.1584852734922861,0.36519541560425073,11
4,fr_tvs_a,265,0.05660377358490566,0.231083937998413,11
4,fr_viaje,10,0.0,0.0,11
4,fr_estro,12,0.0,0.0,11
4,fr_varic,32,0.1875,0.3903123748998999,11
4,ana_dime,181,1.574585635359116,0.5474354772780143,11
4,ana_crea,48,0.8125,0.3903123748998999,11
4,ana_trop,857,0.8716452742123687,0.3344843645906536,11
4,tension_,64,134.828125,19.674344563018483,11
4,ana_hemo,5,14.24,2.3363218956299665,11
4,ana_plaq,6,239.66666666666666,54.64023751371836,11
4,ana_leuc,13,8.592307692307692,3.1730382282022913,11
4,ana_neu,1065,6.452434741784037,3.0758554288929587,11
4,protcrea,1323,83.01787301587302,62.27455645704668,11
4,splanchnic,463,0.02159827213822894,0.14536776389169626,11
5,raza,429,2.948717948717949,0.634794893497664,11
5,ant_inf,29,0.0,0.0,11
5,ant_isq,29,0.0,0.0,11
5,ant_clau,28,0.03571428571428571,0.1855768722395226,11
5,fum_act,36,0.25,0.4330127018922193,11
5,diabetes,28,0.21428571428571427,0.410325903324145,11
5,hip_art,28,0.42857142857142855,0.4948716593053935,11
5,insf_car,5,0.0,0.0,11
5,fibr_aur,195,0.005128205128205128,0.0714276321906878,11
5,trat_est,30,0.23333333333333334,0.4229525846816506,11
5,var171,21,0.0,0.0,11
5,tv_l_esu,363,0.013774104683195593,0.11655204298240315,11
5,tvp_orig,1293,0.5042536736272235,0.49998190593327785,11
5,tv_l_ein,278,0.7446043165467626,0.43608339606856295,11
5,tvp_prox,555,0.8828828828828829,0.32155978914549094,11
5,tv_l_svc,474,0.012658227848101266,0.1117944413459221,11
5,tv_l_vre,496,0.004032258064516129,0.06337190986089399,11
5,tv_l_vrn,487,0.002053388090349076,0.045267777587368795,11
5,tv_l_vca,942,0.027600849256900213,0.1638262566782202,11
5,tv_l_yug,947,0.03590285110876452,0.18604794110934528,11
5,tv_l_ova,951,0.002103049421661409,0.04581076952847942,11
5,tv_l_sup,948,0.005274261603375527,0.07243233924094047,11
5,tv_l_pul,947,0.011615628299894404,0.1071480540144948,11
5,tv_l_ove,492,0.032520325203252036,0.17737743275830428,11
5,fr_antfa,713,0.1697054698457223,0.3753738447869869,11
5,fr_tvs_a,265,0.07169811320754717,0.2579873907190522,11
5,fr_viaje,10,0.0,0.0,11
5,fr_estro,12,0.0,0.0,11
5,fr_varic,32,0.25,0.4330127018922193,11
5,ana_dime,181,1.5966850828729282,0.5439674747026567,11
5,ana_crea,48,0.8541666666666666,0.35293904887702954,11
5,ana_trop,857,0.8693115519253208,0.3370593087492333,11
5,tension_,64,133.15625,20.141855325105976,11
5,ana_hemo,5,14.559999999999999,2.0125605580950854,11
5,ana_plaq,6,264.0,83.15046602394962,11
5,ana_leuc,13,8.07,3.3875291653584103,11
5,ana_neu,1065,6.394047887323944,3.0171315529879443,11
5,protcrea,1323,69.78723960695389,61.19269460781957,11
5,splanchnic,463,0.0367170626349892,0.188066264775072,11
1,raza,429,2.9603729603729603,0.39320078065481157,12
1,ant_inf,29,0.034482758620689655,0.18246560765962697,12
1,ant_isq,29,0.034482758620689655,0.18246560765962697,12
1,ant_clau,28,0.0,0.0,12
1,fum_act,36,0.19444444444444445,0.39577241246597245,12
1,diabetes,28,0.10714285714285714,0.30929478706587094,12
1,hip_art,28,0.2857142857142857,0.45175395145262565,12
1,insf_car,5,0.0,0.0,12
1,fibr_aur,195,0.010256410256410256,0.10075324463788973,12
1,trat_est,30,0.1,0.30000000000000004,12
1,var171,21,0.09523809523809523,0.29354352395090366,12
1,tv_l_esu,363,0.013774104683195593,0.1165520429824032,12
1,tvp_orig,1293,0.19644238205723125,0.39730689974994404,12
1,tv_l_ein,278,0.7086330935251799,0.45439215693727986,12
1,tvp_prox,555,0.8594594594594595,0.3475469709335894,12
1,tv_l_svc,474,0.008438818565400843,0.09147461345434091,12
1,tv_l_vre,496,0.012096774193548387,0.10931807832037062,12
1,tv_l_vrn,487,0.02053388090349076,0.14181763162079677,12
1,tv_l_vca,942,0.054140127388535034,0.22629399902535693,12
1,tv_l_yug,947,0.011615628299894404,0.1071480540144948,12
1,tv_l_ova,951,0.0,0.0,12
1,tv_l_sup,948,0.008438818565400843,0.09147461345434091,12
1,tv_l_pul,947,0.0010559662090813093,0.03247847201526864,12
1,tv_l_ove,492,0.04065040650406504,0.19747898864213206,12
1,fr_antfa,713,0.1570827489481066,0.36387876955246057,12
1,fr_tvs_a,265,0.033962264150943396,0.18113207547169813,12
1,fr_viaje,10,0.1,0.30000000000000004,12
1,fr_estro,12,0.0,0.0,12
1,fr_varic,32,0.15625,0.3630921887069453,12
1,ana_dime,181,1.5138121546961325,0.5815556847266637,12
1,ana_crea,48,0.875,0.33071891388307384,12
1,ana_trop,857,0.8751458576429405,0.3305534533072414,12
1,tension_,64,128.046875,18.164551404710632,12
1,ana_hemo,5,15.420000000000002,0.9826494797230604,12
1,ana_plaq,6,250.16666666666666,80.9782206659434,12
1,ana_leuc,13,7.502307692307691,1.780415482391913,12
1,ana_neu,1065,6.736466666666666,3.123207345513149,12
1,protcrea,1323,67.62303854875283,61.72114156036008,12
1,splanchnic,463,0.012958963282937365,0.11309742947374553,12
2,raza,429,2.965034965034965,0.4791102974254724,12
2,ant_inf,29,0.034482758620689655,0.18246560765962697,12
2,ant_isq,29,0.034482758620689655,0.18246560765962697,12
2,ant_clau,28,0.0,0.0,12
2,fum_act,36,0.2222222222222222,0.41573970964154905,12
2,diabetes,28,0.10714285714285714,0.30929478706587094,12
2,hip_art,28,0.2857142857142857,0.45175395145262565,12
2,insf_car,5,0.2,0.4,12
2,fibr_aur,195,0.015384615384615385,0.12307692307692308,12
2,trat_est,30,0.13333333333333333,0.33993463423951903,12
2,var171,21,0.0,0.0,12
2,tv_l_esu,363,0.008264462809917356,0.0905326541330853,12
2,tvp_orig,1293,0.30549110595514306,0.46061512148153216,12
2,tv_l_ein,278,0.7733812949640287,0.41864384333678034,12
2,tvp_prox,555,0.8378378378378378,0.36859950532394203,12
2,tv_l_svc,474,0.004219409282700422,0.06481979534066336,12
2,tv_l_vre,496,0.008064516129032258,0.08943981053555983,12
2,tv_l_vrn,487,0.008213552361396304,0.09025569189254995,12
2,tv_l_vca,942,0.040339702760084924,0.19675469788879987,12
2,tv_l_yug,947,0.01689545934530095,0.12887979980901676,12
2,tv_l_ova,951,0.006309148264984227,0.07917918232183681,12
2,tv_l_sup,948,0.006329113924050633,0.07930357016545357,12
2,tv_l_pul,947,0.0031678986272439284,0.0561948667186909,12
2,tv_l_ove,492,0.0508130081300813,0.21961567870908855,12
2,fr_antfa,713,0.10378681626928471,0.3049837914348407,12
2,fr_tvs_a,265,0.07547169811320754,0.2641509433962264,12
2,fr_viaje,10,0.1,0.30000000000000004,12
2,fr_estro,12,0.0,0.0,12
2,fr_varic,32,0.15625,0.3630921887069453,12
2,ana_dime,181,1.5966850828729282,0.5831805111301386,12
2,ana_crea,48,0.8958333333333334,0.30547663122114954,12
2,ana_trop,857,0.8506417736289381,0.35644122458878474,12
2,tension_,64,129.125,19.32008346255264,12
2,ana_hemo,5,13.280000000000001,1.940515395455548,12
2,ana_plaq,6,341.6666666666667,120.50403404957953,12
2,ana_leuc,13,7.257692307692308,1.928993973935453,12
2,ana_neu,1065,6.719475117370892,3.2189954382602783,12
2,protcrea,1323,65.60269538926681,60.78120130012403,12
2,splanchnic,463,0.01511879049676026,0.1220254591086439,12
3,raza,429,2.895104895104895,0.6225740241693704,12
3,ant_inf,29,0.0,0.0,12
3,ant_isq,29,0.10344827586206896,0.30454347814923605,12
3,ant_clau,28,0.0,0.0,12
3,fum_act,36,0.16666666666666666,0.372677996249965,12
3,diabetes,28,0.10714285714285714,0.30929478706587094,12
3,hip_art,28,0.35714285714285715,0.47915742374995496,12
3,insf_car,5,0.2,0.4,12
3,fibr_aur,195,0.0,0.0,12
3,trat_est,30,0.2,0.4000000000000001,12
3,var171,21,0.0,0.0,12
3,tv_l_esu,363,0.008264462809917356,0.0905326541330853,12
3,tvp_orig,1293,0.21345707656612528,0.40974766995062784,12
3,tv_l_ein,278,0.7985611510791367,0.4010751040220534,12
3,tvp_prox,555,0.8792792792792793,0.32580243754366,12
3,tv_l_svc,474,0.0,0.0,12
3,tv_l_vre,496,0.0020161290322580645,0.044856039236465695,12
3,tv_l_vrn,487,0.006160164271047228,0.07824459500311147,12
3,tv_l_vca,942,0.03184713375796178,0.1755929777336334,12
3,tv_l_yug,947,0.024287222808870117,0.15393944789137845,12
3,tv_l_ova,951,0.006309148264984227,0.07917918232183682,12
3,tv_l_sup,948,0.0,0.0,12
3,tv_l_pul,947,0.004223864836325237,0.06485386497480079,12
3,tv_l_ove,492,0.046747967479674794,0.21109854337771747,12
3,fr_antfa,713,0.1570827489481066,0.3638787695524605,12
3,fr_tvs_a,265,0.045283018867924525,0.20792418587103262,12
3,fr_viaje,10,0.0,0.0,12
3,fr_estro,12,0.0,0.0,12
3,fr_varic,32,0.125,0.33071891388307384,12
3,ana_dime,181,1.5635359116022098,0.5686046554814854,12
3,ana_crea,48,0.875,0.33071891388307384,12
3,ana_trop,857,0.8786464410735122,0.32653770480966393,12
3,tension_,64,133.59375,17.159835690865457,12
3,ana_hemo,5,13.3,2.0851858430365384,12
3,ana_plaq,6,225.33333333333334,50.45019546267608,12
3,ana_leuc,13,7.318461538461539,1.555010987613153,12
3,ana_neu,1065,6.7051981220657275,3.14159734036852,12
3,protcrea,1323,68.08715041572185,61.091225218006876,12
3,splanchnic,463,0.0064794816414686825,0.08023401996115208,12
4,raza,429,2.9277389277389276,0.4548621214795669,12
4,ant_inf,29,0.10344827586206896,0.3045434781492361,12
4,ant_isq,29,0.10344827586206896,0.3045434781492361,12
4,ant_clau,28,0.07142857142857142,0.25753937681885636,12
4,fum_act,36,0.2222222222222222,0.41573970964154905,12
4,diabetes,28,0.10714285714285714,0.30929478706587094,12
4,hip_art,28,0.21428571428571427,0.41032590332414487,12
4,insf_car,5,0.2,0.4,12
4,fibr_aur,195,0.010256410256410256,0.10075324463788975,12
4,trat_est,30,0.1,0.29999999999999993,12
4,var171,21,0.14285714285714285,0.3499271061118826,12
4,tv_l_esu,363,0.01652892561983471,0.12749792248381417,12
4,tvp_orig,1293,0.21500386697602475,0.4108250286452623,12
4,tv_l_ein,278,0.7553956834532374,0.4298523524112131,12
4,tvp_prox,555,0.8990990990990991,0.3011974586517746,12
4,tv_l_svc,474,0.006329113924050633,0.07930357016545357,12
4,tv_l_vre,496,0.016129032258064516,0.1259717689662364,12
4,tv_l_vrn,487,0.012320328542094456,0.11031109666171082,12
4,tv_l_vca,942,0.049893842887473464,0.21772562396142897,12
4,tv_l_yug,947,0.025343189017951427,0.15716523721342393,12
4,tv_l_ova,951,0.007360672975814932,0.0854780291604693,12
4,tv_l_sup,948,0.006329113924050633,0.07930357016545357,12
4,tv_l_pul,947,0.004223864836325237,0.0648538649748008,12
4,tv_l_ove,492,0.044715447154471545,0.20667843607944983,12
4,fr_antfa,713,0.19074333800841514,0.39288715557246545,12
4,fr_tvs_a,265,0.052830188679245285,0.2236943446834556,12
4,fr_viaje,10,0.0,0.0,12
4,fr_estro,12,0.0,0.0,12
4,fr_varic,32,0.125,0.33071891388307384,12
4,ana_dime,181,1.580110497237569,0.5466543030260348,12
4,ana_crea,48,0.9166666666666666,0.2763853991962833,12
4,ana_trop,857,0.8704784130688448,0.33577633247444705,12
4,tension_,64,129.046875,20.76161548951273,12
4,ana_hemo,5,12.52,2.623280389131135,12
4,ana_plaq,6,226.66666666666666,91.02502708352004,12
4,ana_leuc,13,6.880769230769231,1.7870063558858238,12
4,ana_neu,1065,6.593651643192488,3.1531901228673167,12
4,protcrea,1323,87.97101436130008,57.65939436610225,12
4,splanchnic,463,0.019438444924406047,0.1380601020690876,12
5,raza,429,2.9044289044289044,0.6277973948295292,12
5,ant_inf,29,0.10344827586206896,0.3045434781492361,12
5,ant_isq,29,0.0,0.0,12
5,ant_clau,28,0.03571428571428571,0.1855768722395226,12
5,fum_act,36,0.2777777777777778,0.44790320823880836,12
5,diabetes,28,0.07142857142857142,0.25753937681885636,12
5,hip_art,28,0.42857142857142855,0.4948716593053935,12
5,insf_car,5,0.0,0.0,12
5,fibr_aur,195,0.005128205128205128,0.0714276321906878,12
5,trat_est,30,0.13333333333333333,0.33993463423951903,12
5,var171,21,0.047619047619047616,0.21295885499998,12
5,tv_l_esu,363,0.005509641873278237,0.0740221974795835,12
5,tvp_orig,1293,0.3194122196442382,0.46624891805362845,12
5,tv_l_ein,278,0.737410071942446,0.4400414273000698,12
5,tvp_prox,555,0.8900900900900901,0.3127774314324891,12
5,tv_l_svc,474,0.006329113924050633,0.07930357016545357,12
5,tv_l_vre,496,0.014112903225806451,0.11795647158314575,12
5,tv_l_vrn,487,0.01026694045174538,0.10080441649801705,12
5,tv_l_vca,942,0.05626326963906582,0.2304294124641809,12
5,tv_l_yug,947,0.024287222808870117,0.15393944789137842,12
5,tv_l_ova,951,0.011566771819137749,0.10692512150482575,12
5,tv_l_sup,948,0.00949367088607595,0.09697185725344662,12
5,tv_l_pul,947,0.006335797254487857,0.07934516322774741,12
5,tv_l_ove,492,0.036585365853658534,0.18774151607732503,12
5,fr_antfa,713,0.12903225806451613,0.3352356401746214,12
5,fr_tvs_a,265,0.052830188679245285,0.2236943446834556,12
5,fr_viaje,10,0.0,0.0,12
5,fr_estro,12,0.08333333333333333,0.2763853991962833,12
5,fr_varic,32,0.1875,0.3903123748998999,12
5,ana_dime,181,1.6077348066298343,0.5619086026559611,12
5,ana_crea,48,0.875,0.33071891388307384,12
5,ana_trop,857,0.8786464410735122,0.32653770480966393,12
5,tension_,64,127.484375,18.68320785784323,12
5,ana_hemo,5,14.64,0.98508882848198,12
5,ana_plaq,6,306.6666666666667,81.94849330863597,12
5,ana_leuc,13,7.071538461538462,1.9064943509119483,12
5,ana_neu,1065,6.510642253521127,3.088221446713681,12
5,protcrea,1323,19.950273620559333,35.56193067028912,12
5,splanchnic,463,0.032397408207343416,0.17705314498418315,12
1,raza,429,2.8904428904428903,0.5106119000500913,13
1,ant_inf,29,0.0,0.0,13
1,ant_isq,29,0.034482758620689655,0.18246560765962697,13
1,ant_clau,28,0.03571428571428571,0.1855768722395226,13
1,fum_act,36,0.2222222222222222,0.41573970964154905,13
1,diabetes,28,0.10714285714285714,0.30929478706587094,13
1,hip_art,28,0.21428571428571427,0.410325903324145,13
1,insf_car,5,0.0,0.0,13
1,fibr_aur,195,0.0,0.0,13
1,trat_est,30,0.13333333333333333,0.33993463423951903,13
1,var171,21,0.0,0.0,13
1,tv_l_esu,363,0.008264462809917356,0.0905326541330853,13
1,tvp_orig,1293,0.3696829079659706,0.4827188162106324,13
1,tv_l_ein,278,0.7661870503597122,0.42325459740066146,13
1,tvp_prox,555,0.8738738738738738,0.3319914553637528,13
1,tv_l_svc,474,0.002109704641350211,0.045883044664412544,13
1,tv_l_vre,496,0.018145161290322582,0.13347626909705995,13
1,tv_l_vrn,487,0.01026694045174538,0.10080441649801705,13
1,tv_l_vca,942,0.041401273885350316,0.19921648628068042,13
1,tv_l_yug,947,0.01900739176346357,0.13655076280202094,13
1,tv_l_ova,951,0.008412197686645636,0.09133144374598724,13
1,tv_l_sup,948,0.02109704641350211,0.1437079018221637,13
1,tv_l_pul,947,0.004223864836325237,0.0648538649748008,13
1,tv_l_ove,492,0.07520325203252033,0.2637190226666509,13
1,fr_antfa,713,0.15287517531556802,0.35986713671548604,13
1,fr_tvs_a,265,0.052830188679245285,0.22369434468345556,13
1,fr_viaje,10,0.0,0.0,13
1,fr_estro,12,0.0,0.0,13
1,fr_varic,32,0.1875,0.3903123748998999,13
1,ana_dime,181,1.5469613259668509,0.550493644511874,13
1,ana_crea,48,0.9166666666666666,0.2763853991962833,13
1,ana_trop,857,0.8774795799299884,0.32788590505826803,13
1,tension_,64,135.3125,22.33822046963455,13
1,ana_hemo,5,13.88,1.0303397497913007,13
1,ana_plaq,6,177.33333333333334,73.5700724177675,13
1,ana_leuc,13,6.790000000000001,1.949658747260461,13
1,ana_neu,1065,6.7026713615023485,3.0241540321727327,13
1,protcrea,1323,34.24283446712018,47.73952609557139,13
1,splanchnic,463,0.02591792656587473,0.15889048948379716,13
2,raza,429,2.8531468531468533,0.7506768534735256,13
2,ant_inf,29,0.0,0.0,13
2,ant_isq,29,0.0,0.0,13
2,ant_clau,28,0.0,0.0,13
2,fum_act,36,0.2222222222222222,0.41573970964154905,13
2,diabetes,28,0.07142857142857142,0.25753937681885636,13
2,hip_art,28,0.21428571428571427,0.41032590332414487,13
2,insf_car,5,0.0,0.0,13
2,fibr_aur,195,0.020512820512820513,0.14174640985728465,13
2,trat_est,30,0.1,0.3,13
2,var171,21,0.09523809523809523,0.2935435239509036,13
2,tv_l_esu,363,0.005509641873278237,0.07402219747958348,13
2,tvp_orig,1293,0.23511214230471772,0.4240688892687176,13
2,tv_l_ein,278,0.7805755395683454,0.4138566981407114,13
2,tvp_prox,555,0.8990990990990991,0.3011974586517746,13
2,tv_l_svc,474,0.02109704641350211,0.1437079018221637,13
2,tv_l_vre,496,0.012096774193548387,0.10931807832037062,13
2,tv_l_vrn,487,0.004106776180698152,0.06395240863407572,13
2,tv_l_vca,942,0.04246284501061571,0.20164263389526568,13
2,tv_l_yug,947,0.02006335797254488,0.1402170447535192,13
2,tv_l_ova,951,0.004206098843322818,0.06471790769055358,13
2,tv_l_sup,948,0.006329113924050633,0.07930357016545357,13
2,tv_l_pul,947,0.012671594508975714,0.11185269420794393,13
2,tv_l_ove,492,0.03861788617886179,0.1926824980270348,13
2,fr_antfa,713,0.11781206171107994,0.3223854522562466,13
2,fr_tvs_a,265,0.052830188679245285,0.22369434468345556,13
2,fr_viaje,10,0.0,0.0,13
2,fr_estro,12,0.0,0.0,13
2,fr_varic,32,0.09375,0.2914805954090255,13
2,ana_dime,181,1.6132596685082874,0.5091872887290148,13
2,ana_crea,48,0.7708333333333334,0.42029668753816696,13
2,ana_trop,857,0.868144690781797,0.3383333957048507,13
2,tension_,64,131.15625,19.319047231618335,13
2,ana_hemo,5,13.039999999999997,2.5016794358990118,13
2,ana_plaq,6,199.5,53.531143583276204,13
2,ana_leuc,13,6.495384615384614,1.99477245814236,13
2,ana_neu,1065,6.48820938967136,3.0354773480959882,13
2,protcrea,1323,89.62154950869237,54.71268938450377,13
2,splanchnic,463,0.01511879049676026,0.1220254591086439,13
3,raza,429,2.8694638694638694,0.7825157813074978,13
3,ant_inf,29,0.034482758620689655,0.18246560765962697,13
3,ant_isq,29,0.06896551724137931,0.2533954906327426,13
3,ant_clau,28,0.03571428571428571,0.1855768722395226,13
3,fum_act,36,0.3888888888888889,0.4874980215217846,13
3,diabetes,28,0.14285714285714285,0.3499271061118826,13
3,hip_art,28,0.32142857142857145,0.4670248868079293,13
3,insf_car,5,0.0,0.0,13
3,fibr_aur,195,0.015384615384615385,0.12307692307692308,13
3,trat_est,30,0.2,0.40000000000000013,13
3,var171,21,0.047619047619047616,0.21295885499997996,13
3,tv_l_esu,363,0.01652892561983471,0.12749792248381417,13
3,tvp_orig,1293,0.19798917246713071,0.3984839520644608,13
3,tv_l_ein,278,0.762589928057554,0.4254956282768704,13
3,tvp_prox,555,0.8756756756756757,0.3299511883682563,13
3,tv_l_svc,474,0.012658227848101266,0.11179444134592212,13
3,tv_l_vre,496,0.010080645161290322,0.09989507372449591,13
3,tv_l_vrn,487,0.002053388090349076,0.045267777587368795,13
3,tv_l_vca,942,0.04670912951167728,0.2110151338931372,13
3,tv_l_yug,947,0.026399155227032733,0.1603191811054802,13
3,tv_l_ova,951,0.007360672975814932,0.08547802916046929,13
3,tv_l_sup,948,0.020042194092827006,0.14014458444325437,13
3,tv_l_pul,947,0.008447729672650475,0.09152248650483825,13
3,tv_l_ove,492,0.056910569105691054,0.23167165607764237,13
3,fr_antfa,713,0.15427769985974754,0.3612147438653816,13
3,fr_tvs_a,265,0.06415094339622641,0.2450216314075159,13
3,fr_viaje,10,0.0,0.0,13
3,fr_estro,12,0.08333333333333333,0.2763853991962833,13
3,fr_varic,32,0.1875,0.3903123748998999,13
3,ana_dime,181,1.6022099447513811,0.5429564862661187,13
3,ana_crea,48,0.7916666666666666,0.4061164310337068,13
3,ana_trop,857,0.8856476079346558,0.3182387821970761,13
3,tension_,64,130.203125,19.696271607448324,13
3,ana_hemo,5,12.920000000000002,1.0833282051160673,13
3,ana_plaq,6,183.66666666666666,39.02847962990901,13
3,ana_leuc,13,6.579999999999999,2.4098164628484438,13
3,ana_neu,1065,6.671150234741783,3.1060959140365867,13
3,protcrea,1323,85.49761904761905,55.72768560199499,13
3,splanchnic,463,0.02159827213822894,0.14536776389169626,13
4,raza,429,2.9324009324009324,0.5692993015374825,13
4,ant_inf,29,0.0,0.0,13
4,ant_isq,29,0.034482758620689655,0.18246560765962697,13
4,ant_clau,28,0.0,0.0,13
4,fum_act,36,0.2777777777777778,0.44790320823880836,13
4,diabetes,28,0.03571428571428571,0.18557687223952257,13
4,hip_art,28,0.17857142857142858,0.3829930462415574,13
4,insf_car,5,0.0,0.0,13
4,fibr_aur,195,0.005128205128205128,0.0714276321906878,13
4,trat_est,30,0.23333333333333334,0.4229525846816506,13
4,var171,21,0.0,0.0,13
4,tv_l_esu,363,0.013774104683195593,0.11655204298240317,13
4,tvp_orig,1293,0.3642691415313225,0.48122461913264153,13
4,tv_l_ein,278,0.762589928057554,0.4254956282768704,13
4,tvp_prox,555,0.8846846846846846,0.3194020872960049,13
4,tv_l_svc,474,0.008438818565400843,0.09147461345434091,13
4,tv_l_vre,496,0.006048387096774193,0.07753582468963473,13
4,tv_l_vrn,487,0.002053388090349076,0.045267777587368795,13
4,tv_l_vca,942,0.045647558386411886,0.20871956975753617,13
4,tv_l_yug,947,0.02006335797254488,0.14021704475351918,13
4,tv_l_ova,951,0.0010515247108307045,0.0324101682595635,13
4,tv_l_sup,948,0.00949367088607595,0.0969718572534466,13
4,tv_l_pul,947,0.011615628299894404,0.1071480540144948,13
4,tv_l_ove,492,0.07520325203252033,0.2637190226666509,13
4,fr_antfa,713,0.1332398316970547,0.33983375192348864,13
4,fr_tvs_a,265,0.06037735849056604,0.2381846617065585,13
4,fr_viaje,10,0.0,0.0,13
4,fr_estro,12,0.08333333333333333,0.2763853991962833,13
4,fr_varic,32,0.1875,0.3903123748998999,13
4,ana_dime,181,1.5359116022099448,0.6084877304865576,13
4,ana_crea,48,0.7916666666666666,0.4061164310337068,13
4,ana_trop,857,0.8751458576429405,0.3305534533072414,13
4,tension_,64,132.265625,22.79065199504777,13
4,ana_hemo,5,13.424000000000001,2.616238521236166,13
4,ana_plaq,6,216.66666666666666,60.48323918427503,13
4,ana_leuc,13,6.544615384615383,1.8246332208234468,13
4,ana_neu,1065,6.390026291079812,3.09751660747462,13
4,protcrea,1323,70.70803779289493,58.823328627273575,13
4,splanchnic,463,0.02159827213822894,0.14536776389169626,13
5,raza,429,2.8811188811188813,0.6422154670723835,13
5,ant_inf,29,0.10344827586206896,0.30454347814923605,13
5,ant_isq,29,0.06896551724137931,0.2533954906327426,13
5,ant_clau,28,0.03571428571428571,0.1855768722395226,13
5,fum_act,36,0.2777777777777778,0.44790320823880836,13
5,diabetes,28,0.10714285714285714,0.30929478706587094,13
5,hip_art,28,0.2857142857142857,0.45175395145262565,13
5,insf_car,5,0.0,0.0,13
5,fibr_aur,195,0.0,0.0,13
5,trat_est,30,0.3,0.45825756949558394,13
5,var171,21,0.0,0.0,13
5,tv_l_esu,363,0.01928374655647383,0.13752048456582575,13
5,tvp_orig,1293,0.37122969837587005,0.483133738647624,13
5,tv_l_ein,278,0.7841726618705036,0.41139506346750493,13
5,tvp_prox,555,0.8684684684684685,0.3379807505531953,13
5,tv_l_svc,474,0.002109704641350211,0.045883044664412544,13
5,tv_l_vre,496,0.012096774193548387,0.1093180783203706,13
5,tv_l_vrn,487,0.006160164271047228,0.07824459500311148,13
5,tv_l_vca,942,0.03078556263269639,0.17273624913747757,13
5,tv_l_yug,947,0.013727560718057022,0.1163577019143515,13
5,tv_l_ova,951,0.004206098843322818,0.06471790769055358,13
5,tv_l_sup,948,0.00949367088607595,0.0969718572534466,13
5,tv_l_pul,947,0.0021119324181626186,0.04590721250112809,13
5,tv_l_ove,492,0.07113821138211382,0.25705557038015636,13
5,fr_antfa,713,0.1458625525946704,0.3529683673436437,13
5,fr_tvs_a,265,0.05660377358490566,0.231083937998413,13
5,fr_viaje,10,0.0,0.0,13
5,fr_estro,12,0.0,0.0,13
5,fr_varic,32,0.0625,0.24206145913796356,13
5,ana_dime,181,1.5469613259668509,0.5403642557488971,13
5,ana_crea,48,0.8333333333333334,0.37267799624996495,13
5,ana_trop,857,0.8751458576429405,0.3305534533072414,13
5,tension_,64,133.609375,21.1649896553099,13
5,ana_hemo,5,14.2,1.9068298298484845,13
5,ana_plaq,6,210.66666666666666,81.66326523528734,13
5,ana_leuc,13,6.3707692307692305,1.8415898713985885,13
5,ana_neu,1065,6.652547417840375,3.1129944299646577,13
5,protcrea,1323,94.16049130763417,52.711901445776114,13
5,splanchnic,463,0.023758099352051837,0.1522946225814617,13
1,raza,429,2.9160839160839163,0.5773079171348069,14
1,ant_inf,29,0.034482758620689655,0.18246560765962697,14
1,ant_isq,29,0.13793103448275862,0.3448275862068966,14
1,ant_clau,28,0.0,0.0,14
1,fum_act,36,0.3055555555555556,0.4606423319938055,14
1,diabetes,28,0.10714285714285714,0.30929478706587094,14
1,hip_art,28,0.35714285714285715,0.47915742374995496,14
1,insf_car,5,0.0,0.0,14
1,fibr_aur,195,0.005128205128205128,0.07142763219068779,14
1,trat_est,30,0.23333333333333334,0.4229525846816506,14
1,var171,21,0.09523809523809523,0.2935435239509036,14
1,tv_l_esu,363,0.0027548209366391185,0.05241404294887176,14
1,tvp_orig,1293,0.34880123743232794,0.47659095060439904,14
1,tv_l_ein,278,0.7517985611510791,0.4319693097920803,14
1,tvp_prox,555,0.8450450450450451,0.3618617372559067,14
1,tv_l_svc,474,0.006329113924050633,0.07930357016545357,14
1,tv_l_vre,496,0.004032258064516129,0.06337190986089399,14
1,tv_l_vrn,487,0.008213552361396304,0.09025569189254995,14
1,tv_l_vca,942,0.02335456475583864,0.15102691502147553,14
1,tv_l_yug,947,0.023231256599788808,0.15063719765245093,14
1,tv_l_ova,951,0.004206098843322818,0.06471790769055359,14
1,tv_l_sup,948,0.0031645569620253164,0.056165314396515335,14
1,tv_l_pul,947,0.006335797254487857,0.07934516322774741,14
1,tv_l_ove,492,0.03048780487804878,0.17192527048624004,14
1,fr_antfa,713,0.14726507713884993,0.35436996796305764,14
1,fr_tvs_a,265,0.07169811320754717,0.2579873907190522,14
1,fr_viaje,10,0.0,0.0,14
1,fr_estro,12,0.0,0.0,14
1,fr_varic,32,0.125,0.33071891388307384,14
1,ana_dime,181,1.6022099447513811,0.5222090562836285,14
1,ana_crea,48,0.9375,0.24206145913796356,14
1,ana_trop,857,0.8786464410735122,0.32653770480966393,14
1,tension_,64,128.875,19.737733532500634,14
1,ana_hemo,5,13.88,1.020588065773846,14
1,ana_plaq,6,307.6666666666667,51.683868104295584,14
1,ana_leuc,13,9.207692307692309,3.3878655723175726,14
1,ana_neu,1065,6.701100469483569,3.039957229166901,14
1,protcrea,1323,90.42489493575208,60.31544275248351,14
1,splanchnic,463,0.023758099352051837,0.15229462258146173,14
2,raza,429,2.8624708624708624,0.616187580962072,14
2,ant_inf,29,0.0,0.0,14
2,ant_isq,29,0.034482758620689655,0.18246560765962697,14
2,ant_clau,28,0.0,0.0,14
2,fum_act,36,0.19444444444444445,0.39577241246597245,14
2,diabetes,28,0.07142857142857142,0.25753937681885636,14
2,hip_art,28,0.25,0.4330127018922193,14
2,insf_car,5,0.0,0.0,14
2,fibr_aur,195,0.005128205128205128,0.0714276321906878,14
2,trat_est,30,0.13333333333333333,0.33993463423951903,14
2,var171,21,0.09523809523809523,0.29354352395090366,14
2,tv_l_esu,363,0.013774104683195593,0.11655204298240318,14
2,tvp_orig,1293,0.14153132250580047,0.34856879845384836,14
2,tv_l_ein,278,0.7553956834532374,0.4298523524112131,14
2,tvp_prox,555,0.8774774774774775,0.3278883254970212,14
2,tv_l_svc,474,0.010548523206751054,0.10216286930635658,14
2,tv_l_vre,496,0.012096774193548387,0.1093180783203706,14
2,tv_l_vrn,487,0.008213552361396304,0.09025569189254995,14
2,tv_l_vca,942,0.044585987261146494,0.20639301587286177,14
2,tv_l_yug,947,0.01689545934530095,0.12887979980901676,14
2,tv_l_ova,951,0.0,0.0,14
2,tv_l_sup,948,0.008438818565400843,0.09147461345434091,14
2,tv_l_pul,947,0.0031678986272439284,0.05619486671869091,14
2,tv_l_ove,492,0.04878048780487805,0.2154088016177524,14
2,fr_antfa,713,0.1276297335203366,0.33367706640083084,14
2,fr_tvs_a,265,0.04905660377358491,0.21598623428308208,14
2,fr_viaje,10,0.0,0.0,14
2,fr_estro,12,0.0,0.0,14
2,fr_varic,32,0.15625,0.3630921887069453,14
2,ana_dime,181,1.6243093922651934,0.5383268466082558,14
2,ana_crea,48,0.9166666666666666,0.2763853991962833,14
2,ana_trop,857,0.8331388564760793,0.3728518503451608,14
2,tension_,64,130.484375,22.09708138780719,14
2,ana_hemo,5,12.559999999999999,2.2312328430712918,14
2,ana_plaq,6,190.83333333333334,79.64591780011216,14
2,ana_leuc,13,9.697692307692307,3.199031473253101,14
2,ana_neu,1065,6.479307981220657,3.1651908356802645,14
2,protcrea,1323,32.66126530612245,43.32380507781102,14
2,splanchnic,463,0.02591792656587473,0.15889048948379716,14
3,raza,429,2.906759906759907,0.6112206371654683,14
3,ant_inf,29,0.034482758620689655,0.18246560765962697,14
3,ant_isq,29,0.10344827586206896,0.30454347814923605,14
3,ant_clau,28,0.0,0.0,14
3,fum_act,36,0.19444444444444445,0.39577241246597245,14
3,diabetes,28,0.07142857142857142,0.25753937681885636,14
3,hip_art,28,0.2857142857142857,0.45175395145262565,14
3,insf_car,5,0.0,0.0,14
3,fibr_aur,195,0.010256410256410256,0.10075324463788975,14
3,trat_est,30,0.2,0.4000000000000001,14
3,var171,21,0.0,0.0,14
3,tv_l_esu,363,0.011019283746556474,0.10439281168868549,14
3,tvp_orig,1293,0.3186388244392885,0.46594862806884274,14
3,tv_l_ein,278,0.7913669064748201,0.4063315466602284,14
3,tvp_prox,555,0.8684684684684685,0.3379807505531954,14
3,tv_l_svc,474,0.004219409282700422,0.06481979534066336,14
3,tv_l_vre,496,0.006048387096774193,0.07753582468963473,14
3,tv_l_vrn,487,0.018480492813141684,0.13468097192448938,14
3,tv_l_vca,942,0.028662420382165606,0.16685588404369092,14
3,tv_l_yug,947,0.012671594508975714,0.11185269420794393,14
3,tv_l_ova,951,0.0,0.0,14
3,tv_l_sup,948,0.004219409282700422,0.06481979534066336,14
3,tv_l_pul,947,0.006335797254487857,0.07934516322774743,14
3,tv_l_ove,492,0.03861788617886179,0.1926824980270348,14
3,fr_antfa,713,0.16549789621318373,0.3716293079968183,14
3,fr_tvs_a,265,0.05660377358490566,0.231083937998413,14
3,fr_viaje,10,0.0,0.0,14
3,fr_estro,12,0.0,0.0,14
3,fr_varic,32,0.09375,0.2914805954090255,14
3,ana_dime,181,1.5082872928176796,0.5524309364638121,14
3,ana_crea,48,0.9375,0.24206145913796356,14
3,ana_trop,857,0.8144690781796966,0.38872766671387293,14
3,tension_,64,131.359375,21.634295103131393,14
3,ana_hemo,5,13.820000000000002,2.340427311411316,14
3,ana_plaq,6,295.0,138.4401194259333,14
3,ana_leuc,13,9.78923076923077,3.124334911473681,14
3,ana_neu,1065,6.676095774647886,2.964612775580831,14
3,protcrea,1323,67.35820559334846,61.419293297399534,14
3,splanchnic,463,0.023758099352051837,0.1522946225814617,14
4,raza,429,2.902097902097902,0.6687986513913026,14
4,ant_inf,29,0.034482758620689655,0.18246560765962697,14
4,ant_isq,29,0.0,0.0,14
4,ant_clau,28,0.0,0.0,14
4,fum_act,36,0.3888888888888889,0.48749802152178456,14
4,diabetes,28,0.07142857142857142,0.25753937681885636,14
4,hip_art,28,0.35714285714285715,0.47915742374995496,14
4,insf_car,5,0.0,0.0,14
4,fibr_aur,195,0.0,0.0,14
4,trat_est,30,0.16666666666666666,0.37267799624996495,14
4,var171,21,0.0,0.0,14
4,tv_l_esu,363,0.013774104683195593,0.11655204298240318,14
4,tvp_orig,1293,0.37973704563031707,0.4853213593138835,14
4,tv_l_ein,278,0.7733812949640287,0.41864384333678034,14
4,tvp_prox,555,0.8666666666666667,0.33993463423951903,14
4,tv_l_svc,474,0.008438818565400843,0.09147461345434091,14
4,tv_l_vre,496,0.008064516129032258,0.08943981053555984,14
4,tv_l_vrn,487,0.004106776180698152,0.06395240863407571,14
4,tv_l_vca,942,0.029723991507430998,0.1698248386906261,14
4,tv_l_yug,947,0.022175290390707498,0.14725334253182606,14
4,tv_l_ova,951,0.007360672975814932,0.08547802916046929,14
4,tv_l_sup,948,0.0,0.0,14
4,tv_l_pul,947,0.007391763463569166,0.08565702129112249,14
4,tv_l_ove,492,0.042682926829268296,0.20214127383232655,14
4,fr_antfa,713,0.12622720897615708,0.33210525543906505,14
4,fr_tvs_a,265,0.06415094339622641,0.2450216314075159,14
4,fr_viaje,10,0.0,0.0,14
4,fr_estro,12,0.0,0.0,14
4,fr_varic,32,0.15625,0.3630921887069453,14
4,ana_dime,181,1.5856353591160222,0.5458160899548494,14
4,ana_crea,48,0.8958333333333334,0.30547663122114954,14
4,ana_trop,857,0.8366394399066511,0.36969431629298316,14
4,tension_,64,129.3125,21.3635751631135,14
4,ana_hemo,5,13.16,1.2721635115031398,14
4,ana_plaq,6,220.83333333333334,58.24493301757864,14
4,ana_leuc,13,8.751538461538463,2.6703294125627335,14
4,ana_neu,1065,7.065647887323943,3.2125350341280687,14
4,protcrea,1323,91.22276190476191,59.94788815320121,14
4,splanchnic,463,0.012958963282937365,0.11309742947374554,14
5,raza,429,2.9673659673659674,0.6469276926322294,14
5,ant_inf,29,0.0,0.0,14
5,ant_isq,29,0.034482758620689655,0.18246560765962697,14
5,ant_clau,28,0.0,0.0,14
5,fum_act,36,0.1388888888888889,0.34583054438857597,14
5,diabetes,28,0.10714285714285714,0.30929478706587094,14
5,hip_art,28,0.32142857142857145,0.4670248868079293,14
5,insf_car,5,0.0,0.0,14
5,fibr_aur,195,0.015384615384615385,0.12307692307692308,14
5,trat_est,30,0.16666666666666666,0.37267799624996495,14
5,var171,21,0.047619047619047616,0.21295885499997996,14
5,tv_l_esu,363,0.03305785123966942,0.17878766655193337,14
5,tvp_orig,1293,0.2815158546017015,0.44973845533773865,14
5,tv_l_ein,278,0.7697841726618705,0.4209709018223825,14
5,tvp_prox,555,0.8540540540540541,0.3530520171417931,14
5,tv_l_svc,474,0.012658227848101266,0.11179444134592212,14
5,tv_l_vre,496,0.012096774193548387,0.1093180783203706,14
5,tv_l_vrn,487,0.01642710472279261,0.12711119129808757,14
5,tv_l_vca,942,0.020169851380042462,0.14058103881871642,14
5,tv_l_yug,947,0.022175290390707498,0.14725334253182606,14
5,tv_l_ova,951,0.0,0.0,14
5,tv_l_sup,948,0.015822784810126583,0.12478951995652125,14
5,tv_l_pul,947,0.01583949313621964,0.12485432949404394,14
5,tv_l_ove,492,0.056910569105691054,0.23167165607764242,14
5,fr_antfa,713,0.15568022440392706,0.36255191646641444,14
5,fr_tvs_a,265,0.04150943396226415,0.1994652873419247,14
5,fr_viaje,10,0.1,0.30000000000000004,14
5,fr_estro,12,0.08333333333333333,0.2763853991962833,14
5,fr_varic,32,0.125,0.33071891388307384,14
5,ana_dime,181,1.5856353591160222,0.5753819386497273,14
5,ana_crea,48,0.8333333333333334,0.3726779962499649,14
5,ana_trop,857,0.8459743290548425,0.3609733558519958,14
5,tension_,64,122.125,22.677425449111283,14
5,ana_hemo,5,13.780000000000001,1.5929846201391902,14
5,ana_plaq,6,221.83333333333334,65.58815103016364,14
5,ana_leuc,13,8.086923076923076,2.3175298010377827,14
5,ana_neu,1065,7.094461971830986,3.0451619411149373,14
5,protcrea,1323,36.61039606953893,45.94158432968367,14
5,splanchnic,463,0.03023758099352052,0.17124038568392913,14
1,raza,429,2.874125874125874,0.628022383909869,15
1,ant_inf,29,0.0,0.0,15
1,ant_isq,29,0.034482758620689655,0.18246560765962697,15
1,ant_clau,28,0.0,0.0,15
1,fum_act,36,0.3333333333333333,0.4714045207910317,15
1,diabetes,28,0.03571428571428571,0.1855768722395226,15
1,hip_art,28,0.2857142857142857,0.45175395145262565,15
1,insf_car,5,0.2,0.4,15
1,fibr_aur,195,0.03076923076923077,0.1726918793895665,15
1,trat_est,30,0.06666666666666667,0.24944382578492943,15
1,var171,21,0.0,0.0,15
1,tv_l_esu,363,0.01652892561983471,0.12749792248381417,15
1,tvp_orig,1293,0.34261407579273007,0.47458368162150655,15
1,tv_l_ein,278,0.762589928057554,0.4254956282768704,15
1,tvp_prox,555,0.8774774774774775,0.3278883254970211,15
1,tv_l_svc,474,0.014767932489451477,0.1206227203284625,15
1,tv_l_vre,496,0.006048387096774193,0.07753582468963474,15
1,tv_l_vrn,487,0.0,0.0,15
1,tv_l_vca,942,0.0435244161358811,0.20403441213656034,15
1,tv_l_yug,947,0.027455121436114043,0.16340543975964286,15
1,tv_l_ova,951,0.0031545741324921135,0.05607693638684912,15
1,tv_l_sup,948,0.012658227848101266,0.11179444134592212,15
1,tv_l_pul,947,0.0,0.0,15
1,tv_l_ove,492,0.046747967479674794,0.21109854337771747,15
1,fr_antfa,713,0.16549789621318373,0.3716293079968183,15
1,fr_tvs_a,265,0.07169811320754717,0.2579873907190522,15
1,fr_viaje,10,0.2,0.4000000000000001,15
1,fr_estro,12,0.0,0.0,15
1,fr_varic,32,0.0625,0.24206145913796356,15
1,ana_dime,181,1.569060773480663,0.5481598565662967,15
1,ana_crea,48,0.8333333333333334,0.37267799624996495,15
1,ana_trop,857,0.8564760793465578,0.3506063388669787,15
1,tension_,64,125.453125,17.74465561047537,15
1,ana_hemo,5,13.76,1.6451139778143034,15
1,ana_plaq,6,225.83333333333334,45.00894972731041,15
1,ana_leuc,13,9.452307692307693,2.814517731187991,15
1,ana_neu,1065,6.659542723004694,3.0323344917358623,15
1,protcrea,1323,49.04132275132275,42.143955960790905,15
1,splanchnic,463,0.023758099352051837,0.1522946225814617,15
2,raza,429,2.8904428904428903,0.7158720306179144,15
2,ant_inf,29,0.034482758620689655,0.18246560765962697,15
2,ant_isq,29,0.06896551724137931,0.2533954906327426,15
2,ant_clau,28,0.0,0.0,15
2,fum_act,36,0.2777777777777778,0.44790320823880836,15
2,diabetes,28,0.07142857142857142,0.25753937681885636,15
2,hip_art,28,0.2857142857142857,0.45175395145262565,15
2,insf_car,5,0.0,0.0,15
2,fibr_aur,195,0.0,0.0,15
2,trat_est,30,0.1,0.3,15
2,var171,21,0.047619047619047616,0.21295885499998,15
2,tv_l_esu,363,0.011019283746556474,0.10439281168868549,15
2,tvp_orig,1293,0.22041763341067286,0.414528286480321,15
2,tv_l_ein,278,0.7230215827338129,0.44750572469512057,15
2,tvp_prox,555,0.8954954954954955,0.30591389808698216,15
2,tv_l_svc,474,0.012658227848101266,0.11179444134592212,15
2,tv_l_vre,496,0.012096774193548387,0.1093180783203706,15
2,tv_l_vrn,487,0.004106776180698152,0.0639524086340757,15
2,tv_l_vca,942,0.044585987261146494,0.20639301587286177,15
2,tv_l_yug,947,0.026399155227032733,0.16031918110548019,15
2,tv_l_ova,951,0.005257623554153523,0.0723186072094612,15
2,tv_l_sup,948,0.0031645569620253164,0.056165314396515335,15
2,tv_l_pul,947,0.007391763463569166,0.08565702129112249,15
2,tv_l_ove,492,0.044715447154471545,0.20667843607944983,15
2,fr_antfa,713,0.1332398316970547,0.33983375192348864,15
2,fr_tvs_a,265,0.033962264150943396,0.18113207547169813,15
2,fr_viaje,10,0.0,0.0,15
2,fr_estro,12,0.0,0.0,15
2,fr_varic,32,0.09375,0.2914805954090255,15
2,ana_dime,181,1.6022099447513811,0.5530383980659536,15
2,ana_crea,48,0.8958333333333334,0.30547663122114954,15
2,ana_trop,857,0.851808634772462,0.3552895783716944,15
2,tension_,64,123.21875,19.491559671752796,15
2,ana_hemo,5,13.65,1.4477568856683083,15
2,ana_plaq,6,264.1666666666667,73.99643384800528,15
2,ana_leuc,13,9.45076923076923,3.0869289233014086,15
2,ana_neu,1065,6.741845070422536,3.0155857082481097,15
2,protcrea,1323,47.54465608465608,41.85617629234618,15
2,splanchnic,463,0.023758099352051837,0.1522946225814617,15
3,raza,429,2.944055944055944,0.4746667157519651,15
3,ant_inf,29,0.0,0.0,15
3,ant_isq,29,0.034482758620689655,0.18246560765962697,15
3,ant_clau,28,0.0,0.0,15
3,fum_act,36,0.2777777777777778,0.4479032082388083,15
3,diabetes,28,0.07142857142857142,0.25753937681885636,15
3,hip_art,28,0.35714285714285715,0.47915742374995496,15
3,insf_car,5,0.0,0.0,15
3,fibr_aur,195,0.005128205128205128,0.07142763219068779,15
3,trat_est,30,0.13333333333333333,0.33993463423951903,15
3,var171,21,0.047619047619047616,0.21295885499998,15
3,tv_l_esu,363,0.01652892561983471,0.12749792248381417,15
3,tvp_orig,1293,0.2637277648878577,0.44065341359748084,15
3,tv_l_ein,278,0.762589928057554,0.4254956282768704,15
3,tvp_prox,555,0.8936936936936937,0.30822925809503565,15
3,tv_l_svc,474,0.010548523206751054,0.10216286930635657,15
3,tv_l_vre,496,0.018145161290322582,0.13347626909705995,15
3,tv_l_vrn,487,0.006160164271047228,0.07824459500311148,15
3,tv_l_vca,942,0.03821656050955414,0.19171868717569956,15
3,tv_l_yug,947,0.01583949313621964,0.12485432949404396,15
3,tv_l_ova,951,0.00946372239747634,0.09682024765440256,15
3,tv_l_sup,948,0.007383966244725738,0.0856121678689571,15
3,tv_l_pul,947,0.007391763463569166,0.08565702129112249,15
3,tv_l_ove,492,0.052845528455284556,0.22372500659865063,15
3,fr_antfa,713,0.1514726507713885,0.35850897734879317,15
3,fr_tvs_a,265,0.045283018867924525,0.20792418587103262,15
3,fr_viaje,10,0.1,0.30000000000000004,15
3,fr_estro,12,0.0,0.0,15
3,fr_varic,32,0.09375,0.2914805954090255,15
3,ana_dime,181,1.5469613259668509,0.5702128551354991,15
3,ana_crea,48,0.875,0.33071891388307384,15
3,ana_trop,857,0.8611435239206534,0.345796696239528,15
3,tension_,64,129.21875,24.564626975337934,15
3,ana_hemo,5,15.24,1.048045800525912,15
3,ana_plaq,6,238.83333333333334,103.68448399940188,15
3,ana_leuc,13,9.899230769230769,3.8689343822864024,15
3,ana_neu,1065,6.736996244131455,3.1184755563080913,15
3,protcrea,1323,53.02879818594105,48.636350968355906,15
3,splanchnic,463,0.017278617710583154,0.13030758642763163,15
4,raza,429,2.874125874125874,0.6280223839098691,15
4,ant_inf,29,0.034482758620689655,0.18246560765962697,15
4,ant_isq,29,0.0,0.0,15
4,ant_clau,28,0.0,0.0,15
4,fum_act,36,0.2777777777777778,0.44790320823880836,15
4,diabetes,28,0.03571428571428571,0.1855768722395226,15
4,hip_art,28,0.35714285714285715,0.47915742374995496,15
4,insf_car,5,0.0,0.0,15
4,fibr_aur,195,0.005128205128205128,0.0714276321906878,15
4,trat_est,30,0.13333333333333333,0.33993463423951903,15
4,var171,21,0.09523809523809523,0.2935435239509036,15
4,tv_l_esu,363,0.011019283746556474,0.10439281168868549,15
4,tvp_orig,1293,0.3990719257540603,0.48970759012803355,15
4,tv_l_ein,278,0.8093525179856115,0.39281168467340927,15
4,tvp_prox,555,0.8576576576576577,0.34940091573840754,15
4,tv_l_svc,474,0.006329113924050633,0.07930357016545357,15
4,tv_l_vre,496,0.018145161290322582,0.13347626909705995,15
4,tv_l_vrn,487,0.0,0.0,15
4,tv_l_vca,942,0.050955414012738856,0.21990670702716014,15
4,tv_l_yug,947,0.01900739176346357,0.13655076280202094,15
4,tv_l_ova,951,0.0,0.0,15
4,tv_l_sup,948,0.0031645569620253164,0.056165314396515335,15
4,tv_l_pul,947,0.004223864836325237,0.0648538649748008,15
4,tv_l_ove,492,0.044715447154471545,0.20667843607944983,15
4,fr_antfa,713,0.14305750350631136,0.3501314812993157,15
4,fr_tvs_a,265,0.04150943396226415,0.1994652873419247,15
4,fr_viaje,10,0.0,0.0,15
4,fr_estro,12,0.0,0.0,15
4,fr_varic,32,0.09375,0.2914805954090255,15
4,ana_dime,181,1.569060773480663,0.5581477869773283,15
4,ana_crea,48,0.8125,0.3903123748998999,15
4,ana_trop,857,0.8459743290548425,0.3609733558519958,15
4,tension_,64,131.984375,19.915832416933394,15
4,ana_hemo,5,12.080000000000002,2.362541004935152,15
4,ana_plaq,6,303.5,91.23915460663439,15
4,ana_leuc,13,9.89846153846154,4.636402528077871,15
4,ana_neu,1065,6.652357746478873,3.1031105098492233,15
4,protcrea,1323,65.50064247921391,58.29898342030664,15
4,splanchnic,463,0.01511879049676026,0.1220254591086439,15
5,raza,429,2.93006993006993,0.5061442940425552,15
5,ant_inf,29,0.034482758620689655,0.18246560765962697,15
5,ant_isq,29,0.0,0.0,15
5,ant_clau,28,0.03571428571428571,0.1855768722395226,15
5,fum_act,36,0.19444444444444445,0.39577241246597245,15
5,diabetes,28,0.10714285714285714,0.30929478706587094,15
5,hip_art,28,0.2857142857142857,0.45175395145262565,15
5,insf_car,5,0.2,0.4,15
5,fibr_aur,195,0.010256410256410256,0.10075324463788973,15
5,trat_est,30,0.16666666666666666,0.37267799624996495,15
5,var171,21,0.047619047619047616,0.21295885499997996,15
5,tv_l_esu,363,0.013774104683195593,0.11655204298240317,15
5,tvp_orig,1293,0.21655065738592422,0.41189376078261775,15
5,tv_l_ein,278,0.802158273381295,0.3983721599550283,15
5,tvp_prox,555,0.8864864864864865,0.3172194756999181,15
5,tv_l_svc,474,0.0,0.0,15
5,tv_l_vre,496,0.012096774193548387,0.10931807832037062,15
5,tv_l_vrn,487,0.018480492813141684,0.13468097192448938,15
5,tv_l_vca,942,0.0435244161358811,0.20403441213656032,15
5,tv_l_yug,947,0.03907074973600845,0.19376332535099267,15
5,tv_l_ova,951,0.002103049421661409,0.04581076952847943,15
5,tv_l_sup,948,0.010548523206751054,0.10216286930635657,15
5,tv_l_pul,947,0.006335797254487857,0.07934516322774741,15
5,tv_l_ove,492,0.042682926829268296,0.20214127383232652,15
5,fr_antfa,713,0.1332398316970547,0.33983375192348864,15
5,fr_tvs_a,265,0.06792452830188679,0.2516163483497306,15
5,fr_viaje,10,0.1,0.30000000000000004,15
5,fr_estro,12,0.0,0.0,15
5,fr_varic,32,0.1875,0.3903123748998999,15
5,ana_dime,181,1.4806629834254144,0.5521545966253696,15
5,ana_crea,48,0.8125,0.3903123748998999,15
5,ana_trop,857,0.8949824970828472,0.30657597263679787,15
5,tension_,64,126.25,19.480759738778158,15
5,ana_hemo,5,13.9,1.0256705123966467,15
5,ana_plaq,6,202.66666666666666,41.124472303267574,15
5,ana_leuc,13,9.143846153846152,3.8721223329004917,15
5,ana_neu,1065,6.638029107981221,3.116253062475425,15
5,protcrea,1323,36.096946334089196,45.38730501400983,15
5,splanchnic,463,0.02159827213822894,0.14536776389169626,15
1,raza,429,2.888111888111888,0.7582174080240447,16
1,ant_inf,29,0.0,0.0,16
1,ant_isq,29,0.034482758620689655,0.18246560765962697,16
1,ant_clau,28,0.0,0.0,16
1,fum_act,36,0.2222222222222222,0.41573970964154905,16
1,diabetes,28,0.07142857142857142,0.25753937681885636,16
1,hip_art,28,0.32142857142857145,0.46702488680792925,16
1,insf_car,5,0.0,0.0,16
1,fibr_aur,195,0.015384615384615385,0.12307692307692308,16
1,trat_est,30,0.2,0.4000000000000001,16
1,var171,21,0.0,0.0,16
1,tv_l_esu,363,0.005509641873278237,0.0740221974795835,16
1,tvp_orig,1293,0.2397525135344161,0.4269323667612303,16
1,tv_l_ein,278,0.7841726618705036,0.41139506346750493,16
1,tvp_prox,555,0.8882882882882883,0.31501143658310427,16
1,tv_l_svc,474,0.002109704641350211,0.045883044664412544,16
1,tv_l_vre,496,0.010080645161290322,0.09989507372449591,16
1,tv_l_vrn,487,0.004106776180698152,0.06395240863407571,16
1,tv_l_vca,942,0.044585987261146494,0.20639301587286177,16
1,tv_l_yug,947,0.023231256599788808,0.15063719765245095,16
1,tv_l_ova,951,0.0031545741324921135,0.05607693638684914,16
1,tv_l_sup,948,0.004219409282700422,0.06481979534066336,16
1,tv_l_pul,947,0.0031678986272439284,0.05619486671869091,16
1,tv_l_ove,492,0.04065040650406504,0.197478988642132,16
1,fr_antfa,713,0.15568022440392706,0.36255191646641444,16
1,fr_tvs_a,265,0.04905660377358491,0.21598623428308206,16
1,fr_viaje,10,0.1,0.30000000000000004,16
1,fr_estro,12,0.08333333333333333,0.2763853991962833,16
1,fr_varic,32,0.21875,0.41339864235384227,16
1,ana_dime,181,1.5303867403314917,0.5713359014716027,16
1,ana_crea,48,0.7708333333333334,0.42029668753816696,16
1,ana_trop,857,0.868144690781797,0.3383333957048507,16
1,tension_,64,128.34375,21.696211326807727,16
1,ana_hemo,5,12.84,3.38088745745847,16
1,ana_plaq,6,326.6666666666667,85.31835806098371,16
1,ana_leuc,13,8.75923076923077,2.441615044119085,16
1,ana_neu,1065,6.688944600938967,3.0123856625653924,16
1,protcrea,1323,77.06352229780802,65.07848041349594,16
1,splanchnic,463,0.012958963282937365,0.11309742947374554,16
2,raza,429,2.895104895104895,0.5957888744651171,16
2,ant_inf,29,0.06896551724137931,0.2533954906327425,16
2,ant_isq,29,0.034482758620689655,0.18246560765962697,16
2,ant_clau,28,0.03571428571428571,0.1855768722395226,16
2,fum_act,36,0.3333333333333333,0.4714045207910317,16
2,diabetes,28,0.17857142857142858,0.3829930462415574,16
2,hip_art,28,0.21428571428571427,0.41032590332414487,16
2,insf_car,5,0.0,0.0,16
2,fibr_aur,195,0.0,0.0,16
2,trat_est,30,0.16666666666666666,0.37267799624996495,16
2,var171,21,0.047619047619047616,0.21295885499998,16
2,tv_l_esu,363,0.01652892561983471,0.12749792248381417,16
2,tvp_orig,1293,0.18638824439288476,0.38941965377343635,16
2,tv_l_ein,278,0.8057553956834532,0.3956180456076984,16
2,tvp_prox,555,0.8756756756756757,0.3299511883682563,16
2,tv_l_svc,474,0.004219409282700422,0.06481979534066336,16
2,tv_l_vre,496,0.0020161290322580645,0.04485603923646569,16
2,tv_l_vrn,487,0.004106776180698152,0.06395240863407571,16
2,tv_l_vca,942,0.045647558386411886,0.20871956975753617,16
2,tv_l_yug,947,0.014783526927138331,0.1206854351557507,16
2,tv_l_ova,951,0.005257623554153523,0.0723186072094612,16
2,tv_l_sup,948,0.005274261603375527,0.07243233924094047,16
2,tv_l_pul,947,0.004223864836325237,0.0648538649748008,16
2,tv_l_ove,492,0.042682926829268296,0.20214127383232655,16
2,fr_antfa,713,0.13744740532959326,0.3443190614789657,16
2,fr_tvs_a,265,0.06415094339622641,0.24502163140751587,16
2,fr_viaje,10,0.0,0.0,16
2,fr_estro,12,0.0,0.0,16
2,fr_varic,32,0.0625,0.24206145913796356,16
2,ana_dime,181,1.574585635359116,0.5474354772780144,16
2,ana_crea,48,0.8333333333333334,0.37267799624996495,16
2,ana_trop,857,0.8401400233372228,0.3664761445498922,16
2,tension_,64,127.0625,16.393477170814005,16
2,ana_hemo,5,14.440000000000001,2.1564786110694443,16
2,ana_plaq,6,278.5,68.8688366873339,16
2,ana_leuc,13,8.739230769230769,2.3690973988435133,16
2,ana_neu,1065,6.678840375586854,3.101235702960704,16
2,protcrea,1323,71.7083492063492,63.99551776586734,16
2,splanchnic,463,0.028077753779697623,0.1651950166390751,16
3,raza,429,2.8904428904428903,0.6687336532229784,16
3,ant_inf,29,0.034482758620689655,0.18246560765962697,16
3,ant_isq,29,0.0,0.0,16
3,ant_clau,28,0.03571428571428571,0.1855768722395226,16
3,fum_act,36,0.16666666666666666,0.37267799624996495,16
3,diabetes,28,0.07142857142857142,0.25753937681885636,16
3,hip_art,28,0.35714285714285715,0.47915742374995496,16
3,insf_car,5,0.0,0.0,16
3,fibr_aur,195,0.005128205128205128,0.07142763219068779,16
3,trat_est,30,0.16666666666666666,0.3726779962499649,16
3,var171,21,0.14285714285714285,0.34992710611188255,16
3,tv_l_esu,363,0.013774104683195593,0.11655204298240317,16
3,tvp_orig,1293,0.27300850734725446,0.4455051764719222,16
3,tv_l_ein,278,0.7985611510791367,0.4010751040220534,16
3,tvp_prox,555,0.8666666666666667,0.339934634239519,16
3,tv_l_svc,474,0.010548523206751054,0.10216286930635658,16
3,tv_l_vre,496,0.006048387096774193,0.07753582468963473,16
3,tv_l_vrn,487,0.004106776180698152,0.06395240863407571,16
3,tv_l_vca,942,0.050955414012738856,0.21990670702716014,16
3,tv_l_yug,947,0.021119324181626188,0.14378212102948534,16
3,tv_l_ova,951,0.005257623554153523,0.0723186072094612,16
3,tv_l_sup,948,0.014767932489451477,0.12062272032846248,16
3,tv_l_pul,947,0.006335797254487857,0.07934516322774741,16
3,tv_l_ove,492,0.052845528455284556,0.2237250065986506,16
3,fr_antfa,713,0.17251051893408134,0.37782355642703824,16
3,fr_tvs_a,265,0.06792452830188679,0.2516163483497306,16
3,fr_viaje,10,0.0,0.0,16
3,fr_estro,12,0.0,0.0,16
3,fr_varic,32,0.28125,0.4496092053105675,16
3,ana_dime,181,1.574585635359116,0.5574363869891464,16
3,ana_crea,48,0.8958333333333334,0.30547663122114954,16
3,ana_trop,857,0.8471411901983664,0.35985134995948204,16
3,tension_,64,131.5,16.405982140670517,16
3,ana_hemo,5,12.940000000000001,1.6728418933061189,16
3,ana_plaq,6,233.33333333333334,77.80888266915431,16
3,ana_leuc,13,9.096923076923076,2.8039351046352547,16
3,ana_neu,1065,6.648145539906103,3.006851681602564,16
3,protcrea,1323,68.37683295540438,61.70273602824424,16
3,splanchnic,463,0.017278617710583154,0.1303075864276316,16
4,raza,429,2.913752913752914,0.6328403021610552,16
4,ant_inf,29,0.034482758620689655,0.18246560765962697,16
4,ant_isq,29,0.0,0.0,16
4,ant_clau,28,0.0,0.0,16
4,fum_act,36,0.19444444444444445,0.39577241246597245,16
4,diabetes,28,0.17857142857142858,0.3829930462415574,16
4,hip_art,28,0.35714285714285715,0.47915742374995496,16
4,insf_car,5,0.0,0.0,16
4,fibr_aur,195,0.005128205128205128,0.07142763219068779,16
4,trat_est,30,0.13333333333333333,0.33993463423951903,16
4,var171,21,0.0,0.0,16
4,tv_l_esu,363,0.01652892561983471,0.12749792248381417,16
4,tvp_orig,1293,0.31245166279969067,0.46349284915023126,16
4,tv_l_ein,278,0.737410071942446,0.4400414273000698,16
4,tvp_prox,555,0.8774774774774775,0.3278883254970212,16
4,tv_l_svc,474,0.0189873417721519,0.1364801180559989,16
4,tv_l_vre,496,0.010080645161290322,0.09989507372449591,16
4,tv_l_vrn,487,0.004106776180698152,0.06395240863407571,16
4,tv_l_vca,942,0.04777070063694268,0.21328070892042317,16
4,tv_l_yug,947,0.030623020063357972,0.17229408203869673,16
4,tv_l_ova,951,0.002103049421661409,0.04581076952847942,16
4,tv_l_sup,948,0.0031645569620253164,0.05616531439651534,16
4,tv_l_pul,947,0.010559662090813094,0.10221621998166894,16
4,tv_l_ove,492,0.05894308943089431,0.23551815564672696,16
4,fr_antfa,713,0.1276297335203366,0.33367706640083084,16
4,fr_tvs_a,265,0.052830188679245285,0.22369434468345556,16
4,fr_viaje,10,0.0,0.0,16
4,fr_estro,12,0.0,0.0,16
4,fr_varic,32,0.09375,0.2914805954090255,16
4,ana_dime,181,1.5966850828729282,0.5439674747026566,16
4,ana_crea,48,0.8333333333333334,0.37267799624996495,16
4,ana_trop,857,0.8494749124854143,0.357585354206953,16
4,tension_,64,132.125,22.32606380444166,16
4,ana_hemo,5,13.940000000000001,1.6620469307453385,16
4,ana_plaq,6,242.66666666666666,70.59666344020012,16
4,ana_leuc,13,9.646153846153846,3.7231552757171693,16
4,ana_neu,1065,6.503757746478874,3.1040714144503934,16
4,protcrea,1323,67.38915041572184,58.57396824854672,16
4,splanchnic,463,0.01511879049676026,0.12202545910864392,16
5,raza,429,2.836829836829837,0.6523725546537612,16
5,ant_inf,29,0.06896551724137931,0.2533954906327426,16
5,ant_isq,29,0.034482758620689655,0.18246560765962697,16
5,ant_clau,28,0.0,0.0,16
5,fum_act,36,0.3055555555555556,0.4606423319938055,16
5,diabetes,28,0.14285714285714285,0.3499271061118826,16
5,hip_art,28,0.5714285714285714,0.49487165930539356,16
5,insf_car,5,0.0,0.0,16
5,fibr_aur,195,0.005128205128205128,0.0714276321906878,16
5,trat_est,30,0.2,0.4000000000000001,16
5,var171,21,0.09523809523809523,0.29354352395090366,16
5,tv_l_esu,363,0.008264462809917356,0.0905326541330853,16
5,tvp_orig,1293,0.20417633410672853,0.4030984478976148,16
5,tv_l_ein,278,0.7877697841726619,0.4088869664310903,16
5,tvp_prox,555,0.8810810810810811,0.3236930793855107,16
5,tv_l_svc,474,0.014767932489451477,0.12062272032846248,16
5,tv_l_vre,496,0.006048387096774193,0.07753582468963471,16
5,tv_l_vrn,487,0.0,0.0,16
5,tv_l_vca,942,0.036093418259023353,0.18652260832779108,16
5,tv_l_yug,947,0.012671594508975714,0.11185269420794393,16
5,tv_l_ova,951,0.0010515247108307045,0.0324101682595635,16
5,tv_l_sup,948,0.0189873417721519,0.1364801180559989,16
5,tv_l_pul,947,0.021119324181626188,0.14378212102948534,16
5,tv_l_ove,492,0.0508130081300813,0.21961567870908855,16
5,fr_antfa,713,0.12903225806451613,0.3352356401746214,16
5,fr_tvs_a,265,0.09433962264150944,0.29230062990244654,16
5,fr_viaje,10,0.0,0.0,16
5,fr_estro,12,0.0,0.0,16
5,fr_varic,32,0.09375,0.2914805954090255,16
5,ana_dime,181,1.6077348066298343,0.5210972871846009,16
5,ana_crea,48,0.8958333333333334,0.30547663122114954,16
5,ana_trop,857,0.8378063010501751,0.3686284077099844,16
5,tension_,64,133.71875,22.45027056490634,16
5,ana_hemo,5,14.419999999999998,1.3905394636614954,16
5,ana_plaq,6,227.5,58.804053148287885,16
5,ana_leuc,13,8.44,3.4147755867248883,16
5,ana_neu,1065,6.6634422535211275,3.1711944975830515,16
5,protcrea,1323,58.29651549508693,57.499996190189705,16
5,splanchnic,463,0.01511879049676026,0.1220254591086439,16
1,raza,429,2.9510489510489513,0.6331407411231686,17
1,ant_inf,29,0.0,0.0,17
1,ant_isq,29,0.06896551724137931,0.2533954906327425,17
1,ant_clau,28,0.03571428571428571,0.1855768722395226,17
1,fum_act,36,0.3333333333333333,0.4714045207910317,17
1,diabetes,28,0.03571428571428571,0.18557687223952257,17
1,hip_art,28,0.2857142857142857,0.45175395145262565,17
1,insf_car,5,0.0,0.0,17
1,fibr_aur,195,0.015384615384615385,0.12307692307692308,17
1,trat_est,30,0.13333333333333333,0.33993463423951903,17
1,var171,21,0.047619047619047616,0.21295885499998,17
1,tv_l_esu,363,0.02203856749311295,0.1468089542090824,17
1,tvp_orig,1293,0.3696829079659706,0.4827188162106324,17
1,tv_l_ein,278,0.7913669064748201,0.40633154666022847,17
1,tvp_prox,555,0.8972972972972973,0.30357018555889664,17
1,tv_l_svc,474,0.010548523206751054,0.1021628693063566,17
1,tv_l_vre,496,0.006048387096774193,0.07753582468963474,17
1,tv_l_vrn,487,0.008213552361396304,0.09025569189254994,17
1,tv_l_vca,942,0.021231422505307854,0.14415494859250919,17
1,tv_l_yug,947,0.027455121436114043,0.16340543975964286,17
1,tv_l_ova,951,0.002103049421661409,0.04581076952847942,17
1,tv_l_sup,948,0.006329113924050633,0.07930357016545357,17
1,tv_l_pul,947,0.007391763463569166,0.08565702129112249,17
1,tv_l_ove,492,0.056910569105691054,0.23167165607764237,17
1,fr_antfa,713,0.13464235624123422,0.341341166792174,17
1,fr_tvs_a,265,0.06037735849056604,0.2381846617065585,17
1,fr_viaje,10,0.1,0.30000000000000004,17
1,fr_estro,12,0.08333333333333333,0.2763853991962833,17
1,fr_varic,32,0.25,0.4330127018922193,17
1,ana_dime,181,1.5469613259668509,0.570212855135499,17
1,ana_crea,48,0.875,0.33071891388307384,17
1,ana_trop,857,0.8763127187864644,0.32922444878766116,17
1,tension_,64,130.890625,22.01073402023147,17
1,ana_hemo,5,12.9,2.0794229968912052,17
1,ana_plaq,6,257.3333333333333,100.35215770254048,17
1,ana_leuc,13,9.026153846153845,2.5775675428337124,17
1,ana_neu,1065,6.822117370892019,3.0484511468407653,17
1,protcrea,1323,73.96172789115647,62.26253401629296,17
1,splanchnic,463,0.02159827213822894,0.14536776389169626,17
2,raza,429,2.909090909090909,0.7152265773890135,17
2,ant_inf,29,0.034482758620689655,0.18246560765962697,17
2,ant_isq,29,0.0,0.0,17
2,ant_clau,28,0.03571428571428571,0.1855768722395226,17
2,fum_act,36,0.3333333333333333,0.4714045207910317,17
2,diabetes,28,0.03571428571428571,0.1855768722395226,17
2,hip_art,28,0.32142857142857145,0.4670248868079293,17
2,insf_car,5,0.0,0.0,17
2,fibr_aur,195,0.015384615384615385,0.12307692307692308,17
2,trat_est,30,0.23333333333333334,0.42295258468165065,17
2,var171,21,0.047619047619047616,0.21295885499998,17
2,tv_l_esu,363,0.008264462809917356,0.0905326541330853,17
2,tvp_orig,1293,0.2977571539056458,0.45727216316287533,17
2,tv_l_ein,278,0.7230215827338129,0.44750572469512057,17
2,tvp_prox,555,0.8756756756756757,0.3299511883682563,17
2,tv_l_svc,474,0.016877637130801686,0.1288129748731962,17
2,tv_l_vre,496,0.006048387096774193,0.07753582468963473,17
2,tv_l_vrn,487,0.014373716632443531,0.11902568169354776,17
2,tv_l_vca,942,0.03078556263269639,0.17273624913747757,17
2,tv_l_yug,947,0.01795142555438226,0.1327748917338957,17
2,tv_l_ova,951,0.002103049421661409,0.04581076952847942,17
2,tv_l_sup,948,0.011603375527426161,0.10709219020916366,17
2,tv_l_pul,947,0.008447729672650475,0.09152248650483825,17
2,tv_l_ove,492,0.054878048780487805,0.227742065816867,17
2,fr_antfa,713,0.13604488078541374,0.34283621628628486,17
2,fr_tvs_a,265,0.06037735849056604,0.23818466170655853,17
2,fr_viaje,10,0.0,0.0,17
2,fr_estro,12,0.0,0.0,17
2,fr_varic,32,0.125,0.33071891388307384,17
2,ana_dime,181,1.6408839779005524,0.5930418755002749,17
2,ana_crea,48,0.8541666666666666,0.35293904887702954,17
2,ana_trop,857,0.8494749124854143,0.357585354206953,17
2,tension_,64,135.171875,21.67267482302023,17
2,ana_hemo,5,12.5,2.7371518043396867,17
2,ana_plaq,6,226.5,62.84571054044447,17
2,ana_leuc,13,9.244615384615384,2.3761430136466477,17
2,ana_neu,1065,6.597723004694836,3.10181294606583,17
2,protcrea,1323,22.53768405139834,37.729162041098355,17
2,splanchnic,463,0.028077753779697623,0.16519501663907507,17
3,raza,429,2.902097902097902,0.5502449378055926,17
3,ant_inf,29,0.0,0.0,17
3,ant_isq,29,0.0,0.0,17
3,ant_clau,28,0.03571428571428571,0.1855768722395226,17
3,fum_act,36,0.2222222222222222,0.41573970964154905,17
3,diabetes,28,0.17857142857142858,0.3829930462415574,17
3,hip_art,28,0.35714285714285715,0.47915742374995496,17
3,insf_car,5,0.0,0.0,17
3,fibr_aur,195,0.010256410256410256,0.10075324463788975,17
3,trat_est,30,0.13333333333333333,0.33993463423951903,17
3,var171,21,0.0,0.0,17
3,tv_l_esu,363,0.011019283746556474,0.10439281168868549,17
3,tvp_orig,1293,0.37819025522041766,0.48493544526744276,17
3,tv_l_ein,278,0.7482014388489209,0.4340461332085858,17
3,tvp_prox,555,0.8792792792792793,0.32580243754366,17
3,tv_l_svc,474,0.006329113924050633,0.0793035701654536,17
3,tv_l_vre,496,0.014112903225806451,0.11795647158314575,17
3,tv_l_vrn,487,0.008213552361396304,0.09025569189254994,17
3,tv_l_vca,942,0.020169851380042462,0.14058103881871645,17
3,tv_l_yug,947,0.022175290390707498,0.14725334253182606,17
3,tv_l_ova,951,0.0,0.0,17
3,tv_l_sup,948,0.007383966244725738,0.08561216786895712,17
3,tv_l_pul,947,0.0,0.0,17
3,tv_l_ove,492,0.046747967479674794,0.21109854337771744,17
3,fr_antfa,713,0.13604488078541374,0.34283621628628486,17
3,fr_tvs_a,265,0.045283018867924525,0.20792418587103262,17
3,fr_viaje,10,0.0,0.0,17
3,fr_estro,12,0.0,0.0,17
3,fr_varic,32,0.125,0.33071891388307384,17
3,ana_dime,181,1.558011049723757,0.5289460174542068,17
3,ana_crea,48,0.8958333333333334,0.30547663122114954,17
3,ana_trop,857,0.8879813302217037,0.3153894218254591,17
3,tension_,64,131.1875,25.045505460062092,17
3,ana_hemo,5,14.959999999999999,2.59584283037321,17
3,ana_plaq,6,255.16666666666666,67.38549959416756,17
3,ana_leuc,13,9.293076923076923,2.5513266070068923,17
3,ana_neu,1065,6.2188488262910795,3.0575210451386523,17
3,protcrea,1323,66.07345880574452,59.01852576374775,17
3,splanchnic,463,0.01079913606911447,0.10335625152488467,17
4,raza,429,2.93006993006993,0.6582843029785942,17
4,ant_inf,29,0.0,0.0,17
4,ant_isq,29,0.0,0.0,17
4,ant_clau,28,0.0,0.0,17
4,fum_act,36,0.19444444444444445,0.39577241246597245,17
4,diabetes,28,0.14285714285714285,0.3499271061118826,17
4,hip_art,28,0.39285714285714285,0.48838551182776235,17
4,insf_car,5,0.0,0.0,17
4,fibr_aur,195,0.005128205128205128,0.07142763219068779,17
4,trat_est,30,0.26666666666666666,0.44221663871405326,17
4,var171,21,0.0,0.0,17
4,tv_l_esu,363,0.005509641873278237,0.0740221974795835,17
4,tvp_orig,1293,0.2529002320185615,0.4346742512083264,17
4,tv_l_ein,278,0.7482014388489209,0.4340461332085858,17
4,tvp_prox,555,0.8882882882882883,0.31501143658310427,17
4,tv_l_svc,474,0.006329113924050633,0.07930357016545357,17
4,tv_l_vre,496,0.008064516129032258,0.08943981053555984,17
4,tv_l_vrn,487,0.008213552361396304,0.09025569189254995,17
4,tv_l_vca,942,0.02653927813163482,0.16073252579327732,17
4,tv_l_yug,947,0.01900739176346357,0.13655076280202094,17
4,tv_l_ova,951,0.002103049421661409,0.04581076952847943,17
4,tv_l_sup,948,0.006329113924050633,0.07930357016545357,17
4,tv_l_pul,947,0.006335797254487857,0.07934516322774743,17
4,tv_l_ove,492,0.042682926829268296,0.20214127383232652,17
4,fr_antfa,713,0.1584852734922861,0.36519541560425073,17
4,fr_tvs_a,265,0.05660377358490566,0.231083937998413,17
4,fr_viaje,10,0.0,0.0,17
4,fr_estro,12,0.08333333333333333,0.2763853991962833,17
4,fr_varic,32,0.0625,0.24206145913796356,17
4,ana_dime,181,1.4972375690607735,0.5623972897487527,17
4,ana_crea,48,0.7708333333333334,0.42029668753816696,17
4,ana_trop,857,0.8506417736289381,0.35644122458878474,17
4,tension_,64,129.609375,20.332868393548782,17
4,ana_hemo,5,12.780000000000001,1.4918444959177217,17
4,ana_plaq,6,437.1666666666667,299.7262176646474,17
4,ana_leuc,13,9.667692307692308,2.618261765858451,17
4,ana_neu,1065,6.511344600938967,3.0698132524949875,17
4,protcrea,1323,14.378495842781557,23.684988767149974,17
4,splanchnic,463,0.02591792656587473,0.15889048948379716,17
5,raza,429,2.8181818181818183,0.8275813354039884,17
5,ant_inf,29,0.06896551724137931,0.2533954906327426,17
5,ant_isq,29,0.0,0.0,17
5,ant_clau,28,0.0,0.0,17
5,fum_act,36,0.2222222222222222,0.41573970964154905,17
5,diabetes,28,0.07142857142857142,0.25753937681885636,17
5,hip_art,28,0.2857142857142857,0.45175395145262565,17
5,insf_car,5,0.2,0.4,17
5,fibr_aur,195,0.005128205128205128,0.0714276321906878,17
5,trat_est,30,0.26666666666666666,0.44221663871405326,17
5,var171,21,0.0,0.0,17
5,tv_l_esu,363,0.01928374655647383,0.13752048456582575,17
5,tvp_orig,1293,0.41221964423820573,0.4922343030938954,17
5,tv_l_ein,278,0.7589928057553957,0.4276946651139664,17
5,tvp_prox,555,0.8738738738738738,0.3319914553637528,17
5,tv_l_svc,474,0.002109704641350211,0.045883044664412544,17
5,tv_l_vre,496,0.010080645161290322,0.09989507372449592,17
5,tv_l_vrn,487,0.006160164271047228,0.07824459500311148,17
5,tv_l_vca,942,0.03397027600849257,0.18115268796349504,17
5,tv_l_yug,947,0.023231256599788808,0.15063719765245095,17
5,tv_l_ova,951,0.0010515247108307045,0.03241016825956349,17
5,tv_l_sup,948,0.0010548523206751054,0.03246135559795172,17
5,tv_l_pul,947,0.014783526927138331,0.1206854351557507,17
5,tv_l_ove,492,0.046747967479674794,0.21109854337771744,17
5,fr_antfa,713,0.12482468443197756,0.3305200184382707,17
5,fr_tvs_a,265,0.052830188679245285,0.22369434468345556,17
5,fr_viaje,10,0.0,0.0,17
5,fr_estro,12,0.0,0.0,17
5,fr_varic,32,0.1875,0.3903123748998999,17
5,ana_dime,181,1.5359116022099448,0.5993392982241157,17
5,ana_crea,48,0.875,0.33071891388307384,17
5,ana_trop,857,0.8833138856476079,0.3210458924666886,17
5,tension_,64,129.546875,22.495784110236634,17
5,ana_hemo,5,13.34,1.9774731350893238,17
5,ana_plaq,6,242.66666666666666,140.96886969193667,17
5,ana_leuc,13,9.227692307692307,2.2932917350935798,17
5,ana_neu,1065,6.536050704225352,3.11231436511292,17
5,protcrea,1323,40.33259561602419,53.19247908507287,17
5,splanchnic,463,0.01511879049676026,0.12202545910864392,17
1,raza,429,2.8484848484848486,0.7681775653551423,18
1,ant_inf,29,0.0,0.0,18
1,ant_isq,29,0.034482758620689655,0.18246560765962697,18
1,ant_clau,28,0.0,0.0,18
1,fum_act,36,0.2222222222222222,0.41573970964154905,18
1,diabetes,28,0.17857142857142858,0.3829930462415574,18
1,hip_art,28,0.39285714285714285,0.48838551182776235,18
1,insf_car,5,0.0,0.0,18
1,fibr_aur,195,0.005128205128205128,0.07142763219068779,18
1,trat_est,30,0.16666666666666666,0.37267799624996495,18
1,var171,21,0.0,0.0,18
1,tv_l_esu,363,0.013774104683195593,0.11655204298240318,18
1,tvp_orig,1293,0.25676720804331016,0.4368498699976385,18
1,tv_l_ein,278,0.7841726618705036,0.41139506346750493,18
1,tvp_prox,555,0.8144144144144144,0.38877188171013716,18
1,tv_l_svc,474,0.008438818565400843,0.09147461345434091,18
1,tv_l_vre,496,0.010080645161290322,0.09989507372449591,18
1,tv_l_vrn,487,0.008213552361396304,0.09025569189254995,18
1,tv_l_vca,942,0.059447983014861996,0.23646124488026926,18
1,tv_l_yug,947,0.04118268215417107,0.19871252815250373,18
1,tv_l_ova,951,0.005257623554153523,0.0723186072094612,18
1,tv_l_sup,948,0.008438818565400843,0.09147461345434091,18
1,tv_l_pul,947,0.007391763463569166,0.08565702129112249,18
1,tv_l_ove,492,0.056910569105691054,0.23167165607764237,18
1,fr_antfa,713,0.12622720897615708,0.33210525543906505,18
1,fr_tvs_a,265,0.0830188679245283,0.27591073827065526,18
1,fr_viaje,10,0.0,0.0,18
1,fr_estro,12,0.0,0.0,18
1,fr_varic,32,0.1875,0.3903123748998999,18
1,ana_dime,181,1.558011049723757,0.5594042014960061,18
1,ana_crea,48,0.8958333333333334,0.30547663122114954,18
1,ana_trop,857,0.8786464410735122,0.32653770480966393,18
1,tension_,64,134.21875,24.26898016888019,18
1,ana_hemo,5,14.62,0.9195651146058121,18
1,ana_plaq,6,217.78333333333333,75.0568765818444,18
1,ana_leuc,13,8.988461538461538,2.544009089708743,18
1,ana_neu,1065,6.764725821596243,3.0622404142838215,18
1,protcrea,1323,41.96115948601663,45.62068162889745,18
1,splanchnic,463,0.02591792656587473,0.15889048948379716,18
2,raza,429,2.9114219114219115,0.5169257173735191,18
2,ant_inf,29,0.0,0.0,18
2,ant_isq,29,0.0,0.0,18
2,ant_clau,28,0.0,0.0,18
2,fum_act,36,0.16666666666666666,0.37267799624996495,18
2,diabetes,28,0.07142857142857142,0.25753937681885636,18
2,hip_art,28,0.17857142857142858,0.3829930462415574,18
2,insf_car,5,0.0,0.0,18
2,fibr_aur,195,0.010256410256410256,0.10075324463788975,18
2,trat_est,30,0.23333333333333334,0.42295258468165065,18
2,var171,21,0.0,0.0,18
2,tv_l_esu,363,0.005509641873278237,0.0740221974795835,18
2,tvp_orig,1293,0.3433874709976798,0.4748394631446478,18
2,tv_l_ein,278,0.7410071942446043,0.43808165029175045,18
2,tvp_prox,555,0.8216216216216217,0.38283094507298976,18
2,tv_l_svc,474,0.008438818565400843,0.09147461345434091,18
2,tv_l_vre,496,0.004032258064516129,0.06337190986089399,18
2,tv_l_vrn,487,0.008213552361396304,0.09025569189254994,18
2,tv_l_vca,942,0.05626326963906582,0.23042941246418086,18
2,tv_l_yug,947,0.026399155227032733,0.16031918110548019,18
2,tv_l_ova,951,0.0010515247108307045,0.0324101682595635,18
2,tv_l_sup,948,0.0,0.0,18
2,tv_l_pul,947,0.009503695881731784,0.09702255225626327,18
2,tv_l_ove,492,0.04878048780487805,0.2154088016177524,18
2,fr_antfa,713,0.12482468443197756,0.3305200184382707,18
2,fr_tvs_a,265,0.05660377358490566,0.231083937998413,18
2,fr_viaje,10,0.1,0.30000000000000004,18
2,fr_estro,12,0.0,0.0,18
2,fr_varic,32,0.15625,0.3630921887069453,18
2,ana_dime,181,1.5414364640883977,0.5802420266570661,18
2,ana_crea,48,0.7708333333333334,0.42029668753816696,18
2,ana_trop,857,0.8588098016336057,0.34821764207410943,18
2,tension_,64,130.46875,18.83146365627218,18
2,ana_hemo,5,13.0,1.9697715603592205,18
2,ana_plaq,6,266.6666666666667,41.1568814281268,18
2,ana_leuc,13,8.705384615384617,3.3916222925243207,18
2,ana_neu,1065,6.1076544600938965,3.0001449014835844,18
2,protcrea,1323,40.68687074829932,46.713666318603686,18
2,splanchnic,463,0.01511879049676026,0.12202545910864392,18
3,raza,429,2.9207459207459205,0.5819855117697805,18
3,ant_inf,29,0.0,0.0,18
3,ant_isq,29,0.0,0.0,18
3,ant_clau,28,0.0,0.0,18
3,fum_act,36,0.3611111111111111,0.48032267960529396,18
3,diabetes,28,0.07142857142857142,0.25753937681885636,18
3,hip_art,28,0.39285714285714285,0.48838551182776235,18
3,insf_car,5,0.2,0.4,18
3,fibr_aur,195,0.0,0.0,18
3,trat_est,30,0.16666666666666666,0.37267799624996495,18
3,var171,21,0.047619047619047616,0.21295885499997996,18
3,tv_l_esu,363,0.013774104683195593,0.11655204298240318,18
3,tvp_orig,1293,0.2397525135344161,0.4269323667612303,18
3,tv_l_ein,278,0.7266187050359713,0.44569492091319535,18
3,tvp_prox,555,0.781981981981982,0.4128996994882816,18
3,tv_l_svc,474,0.002109704641350211,0.045883044664412544,18
3,tv_l_vre,496,0.004032258064516129,0.063371909860894,18
3,tv_l_vrn,487,0.006160164271047228,0.07824459500311148,18
3,tv_l_vca,942,0.03397027600849257,0.18115268796349504,18
3,tv_l_yug,947,0.022175290390707498,0.14725334253182606,18
3,tv_l_ova,951,0.005257623554153523,0.07231860720946119,18
3,tv_l_sup,948,0.002109704641350211,0.045883044664412544,18
3,tv_l_pul,947,0.004223864836325237,0.0648538649748008,18
3,tv_l_ove,492,0.04065040650406504,0.19747898864213204,18
3,fr_antfa,713,0.1388499298737728,0.3457898593767914,18
3,fr_tvs_a,265,0.07547169811320754,0.2641509433962264,18
3,fr_viaje,10,0.0,0.0,18
3,fr_estro,12,0.0,0.0,18
3,fr_varic,32,0.15625,0.3630921887069453,18
3,ana_dime,181,1.6132596685082874,0.5304442878540753,18
3,ana_crea,48,0.8125,0.3903123748998999,18
3,ana_trop,857,0.882147024504084,0.3224339493022951,18
3,tension_,64,131.09375,23.87710641885863,18
3,ana_hemo,5,13.02,1.3775340286178053,18
3,ana_plaq,6,320.5,195.43519812630134,18
3,ana_leuc,13,8.15076923076923,3.1132754493729973,18
3,ana_neu,1065,6.8239286384976525,2.9941906015295383,18
3,protcrea,1323,37.69573544973545,45.377096584171476,18
3,splanchnic,463,0.017278617710583154,0.1303075864276316,18
4,raza,429,2.8904428904428903,0.583076831752766,18
4,ant_inf,29,0.0,0.0,18
4,ant_isq,29,0.034482758620689655,0.18246560765962697,18
4,ant_clau,28,0.0,0.0,18
4,fum_act,36,0.2777777777777778,0.44790320823880836,18
4,diabetes,28,0.14285714285714285,0.3499271061118826,18
4,hip_art,28,0.42857142857142855,0.4948716593053935,18
4,insf_car,5,0.0,0.0,18
4,fibr_aur,195,0.020512820512820513,0.14174640985728468,18
4,trat_est,30,0.26666666666666666,0.44221663871405326,18
4,var171,21,0.047619047619047616,0.21295885499997996,18
4,tv_l_esu,363,0.024793388429752067,0.15549493985311386,18
4,tvp_orig,1293,0.3039443155452436,0.4599588770672624,18
4,tv_l_ein,278,0.7697841726618705,0.4209709018223825,18
4,tvp_prox,555,0.8234234234234235,0.3813099647020426,18
4,tv_l_svc,474,0.008438818565400843,0.09147461345434091,18
4,tv_l_vre,496,0.008064516129032258,0.08943981053555983,18
4,tv_l_vrn,487,0.0,0.0,18
4,tv_l_vca,942,0.03078556263269639,0.17273624913747757,18
4,tv_l_yug,947,0.011615628299894404,0.1071480540144948,18
4,tv_l_ova,951,0.002103049421661409,0.04581076952847942,18
4,tv_l_sup,948,0.00949367088607595,0.09697185725344662,18
4,tv_l_pul,947,0.008447729672650475,0.09152248650483824,18
4,tv_l_ove,492,0.05894308943089431,0.23551815564672696,18
4,fr_antfa,713,0.14165497896213183,0.34869592182497605,18
4,fr_tvs_a,265,0.052830188679245285,0.22369434468345556,18
4,fr_viaje,10,0.0,0.0,18
4,fr_estro,12,0.08333333333333333,0.2763853991962833,18
4,fr_varic,32,0.1875,0.3903123748998999,18
4,ana_dime,181,1.4640883977900552,0.5900490408761541,18
4,ana_crea,48,0.8541666666666666,0.35293904887702954,18
4,ana_trop,857,0.8576429404900817,0.3494159800547306,18
4,tension_,64,134.1875,21.84524762391125,18
4,ana_hemo,5,14.559999999999999,2.5842600488340954,18
4,ana_plaq,6,183.83333333333334,68.69598888500614,18
4,ana_leuc,13,8.275384615384617,3.012166650269218,18
4,ana_neu,1065,6.232219718309859,3.0101669344606306,18
4,protcrea,1323,34.44612547241119,42.961027645414774,18
4,splanchnic,463,0.01511879049676026,0.1220254591086439,18
5,raza,429,2.906759906759907,0.5677223053702485,18
5,ant_inf,29,0.0,0.0,18
5,ant_isq,29,0.10344827586206896,0.30454347814923605,18
5,ant_clau,28,0.0,0.0,18
5,fum_act,36,0.1388888888888889,0.34583054438857597,18
5,diabetes,28,0.14285714285714285,0.3499271061118826,18
5,hip_art,28,0.32142857142857145,0.4670248868079293,18
5,insf_car,5,0.2,0.4,18
5,fibr_aur,195,0.010256410256410256,0.10075324463788973,18
5,trat_est,30,0.06666666666666667,0.24944382578492943,18
5,var171,21,0.047619047619047616,0.21295885499998,18
5,tv_l_esu,363,0.027548209366391185,0.16367438873292506,18
5,tvp_orig,1293,0.23511214230471772,0.4240688892687176,18
5,tv_l_ein,278,0.7589928057553957,0.4276946651139664,18
5,tvp_prox,555,0.8396396396396396,0.3669399340293391,18
5,tv_l_svc,474,0.008438818565400843,0.09147461345434091,18
5,tv_l_vre,496,0.014112903225806451,0.11795647158314575,18
5,tv_l_vrn,487,0.022587268993839837,0.14858359355339257,18
5,tv_l_vca,942,0.037154989384288746,0.18914147125403816,18
5,tv_l_yug,947,0.03273495248152059,0.17794205620806225,18
5,tv_l_ova,951,0.0,0.0,18
5,tv_l_sup,948,0.007383966244725738,0.0856121678689571,18
5,tv_l_pul,947,0.0031678986272439284,0.05619486671869091,18
5,tv_l_ove,492,0.03861788617886179,0.1926824980270348,18
5,fr_antfa,713,0.17110799438990182,0.3766033040823821,18
5,fr_tvs_a,265,0.04905660377358491,0.21598623428308208,18
5,fr_viaje,10,0.0,0.0,18
5,fr_estro,12,0.0,0.0,18
5,fr_varic,32,0.21875,0.41339864235384227,18
5,ana_dime,181,1.591160220994475,0.5242508801890148,18
5,ana_crea,48,0.8125,0.3903123748998999,18
5,ana_trop,857,0.8914819136522754,0.31103361760933884,18
5,tension_,64,131.796875,18.06168223711111,18
5,ana_hemo,5,14.0,1.2696456198483101,18
5,ana_plaq,6,356.0,305.5279583496956,18
5,ana_leuc,13,7.993076923076923,3.0035962665685245,18
5,ana_neu,1065,7.011923943661971,2.9089025352310536,18
5,protcrea,1323,41.105145880574455,46.712163280674844,18
5,splanchnic,463,0.01079913606911447,0.10335625152488467,18
1,raza,429,2.874125874125874,0.7115477683050849,19
1,ant_inf,29,0.0,0.0,19
1,ant_isq,29,0.06896551724137931,0.2533954906327426,19
1,ant_clau,28,0.0,0.0,19
1,fum_act,36,0.25,0.4330127018922193,19
1,diabetes,28,0.03571428571428571,0.1855768722395226,19
1,hip_art,28,0.35714285714285715,0.47915742374995496,19
1,insf_car,5,0.0,0.0,19
1,fibr_aur,195,0.03076923076923077,0.1726918793895665,19
1,trat_est,30,0.13333333333333333,0.33993463423951903,19
1,var171,21,0.047619047619047616,0.21295885499998,19
1,tv_l_esu,363,0.005509641873278237,0.0740221974795835,19
1,tvp_orig,1293,0.4439288476411446,0.4968460786532887,19
1,tv_l_ein,278,0.7589928057553957,0.42769466511396637,19
1,tvp_prox,555,0.9117117117117117,0.28371370506095117,19
1,tv_l_svc,474,0.006329113924050633,0.0793035701654536,19
1,tv_l_vre,496,0.010080645161290322,0.09989507372449592,19
1,tv_l_vrn,487,0.012320328542094456,0.11031109666171084,19
1,tv_l_vca,942,0.027600849256900213,0.1638262566782202,19
1,tv_l_yug,947,0.027455121436114043,0.16340543975964286,19
1,tv_l_ova,951,0.004206098843322818,0.06471790769055359,19
1,tv_l_sup,948,0.0,0.0,19
1,tv_l_pul,947,0.014783526927138331,0.1206854351557507,19
1,tv_l_ove,492,0.036585365853658534,0.18774151607732503,19
1,fr_antfa,713,0.1514726507713885,0.35850897734879317,19
1,fr_tvs_a,265,0.06792452830188679,0.2516163483497306,19
1,fr_viaje,10,0.0,0.0,19
1,fr_estro,12,0.0,0.0,19
1,fr_varic,32,0.21875,0.41339864235384227,19
1,ana_dime,181,1.5248618784530388,0.581188159768448,19
1,ana_crea,48,0.8958333333333334,0.30547663122114954,19
1,ana_trop,857,0.8623103850641773,0.34457391786762903,19
1,tension_,64,129.6875,20.9171542937848,19
1,ana_hemo,5,12.8,1.332666499916615,19
1,ana_plaq,6,206.0,77.68311699891211,19
1,ana_leuc,13,11.380000000000003,7.74469148216029,19
1,ana_neu,1065,6.984154929577465,3.2619961657528815,19
1,protcrea,1323,50.807649281935,59.40940888748807,19
1,splanchnic,463,0.008639308855291577,0.09254550879321188,19
2,raza,429,2.8974358974358974,0.6173240611490952,19
2,ant_inf,29,0.034482758620689655,0.18246560765962697,19
2,ant_isq,29,0.0,0.0,19
2,ant_clau,28,0.0,0.0,19
2,fum_act,36,0.19444444444444445,0.39577241246597245,19
2,diabetes,28,0.14285714285714285,0.3499271061118826,19
2,hip_art,28,0.35714285714285715,0.47915742374995496,19
2,insf_car,5,0.2,0.4,19
2,fibr_aur,195,0.010256410256410256,0.10075324463788973,19
2,trat_est,30,0.2,0.4000000000000001,19
2,var171,21,0.047619047619047616,0.21295885499998,19
2,tv_l_esu,363,0.011019283746556474,0.10439281168868549,19
2,tvp_orig,1293,0.39211136890951276,0.4882213056406088,19
2,tv_l_ein,278,0.7410071942446043,0.43808165029175045,19
2,tvp_prox,555,0.8648648648648649,0.34186785515333834,19
2,tv_l_svc,474,0.02109704641350211,0.1437079018221637,19
2,tv_l_vre,496,0.012096774193548387,0.1093180783203706,19
2,tv_l_vrn,487,0.012320328542094456,0.11031109666171082,19
2,tv_l_vca,942,0.041401273885350316,0.19921648628068045,19
2,tv_l_yug,947,0.022175290390707498,0.14725334253182606,19
2,tv_l_ova,951,0.0031545741324921135,0.05607693638684913,19
2,tv_l_sup,948,0.006329113924050633,0.07930357016545357,19
2,tv_l_pul,947,0.008447729672650475,0.09152248650483824,19
2,tv_l_ove,492,0.06097560975609756,0.23928557158961683,19
2,fr_antfa,713,0.16549789621318373,0.3716293079968183,19
2,fr_tvs_a,265,0.05660377358490566,0.231083937998413,19
2,fr_viaje,10,0.0,0.0,19
2,fr_estro,12,0.08333333333333333,0.2763853991962833,19
2,fr_varic,32,0.1875,0.3903123748998999,19
2,ana_dime,181,1.558011049723757,0.5594042014960061,19
2,ana_crea,48,0.7916666666666666,0.4061164310337068,19
2,ana_trop,857,0.882147024504084,0.3224339493022951,19
2,tension_,64,131.421875,23.6073377678292,19
2,ana_hemo,5,14.98,1.3600000000000005,19
2,ana_plaq,6,209.5,60.326196631314325,19
2,ana_leuc,13,11.645384615384616,6.94148578130583,19
2,ana_neu,1065,6.706524882629108,3.069377564952757,19
2,protcrea,1323,46.7034739229025,54.148798419550054,19
2,splanchnic,463,0.028077753779697623,0.16519501663907507,19
3,raza,429,2.941724941724942,0.5234436884444361,19
3,ant_inf,29,0.10344827586206896,0.30454347814923605,19
3,ant_isq,29,0.0,0.0,19
3,ant_clau,28,0.0,0.0,19
3,fum_act,36,0.25,0.4330127018922193,19
3,diabetes,28,0.17857142857142858,0.3829930462415574,19
3,hip_art,28,0.2857142857142857,0.45175395145262565,19
3,insf_car,5,0.4,0.48989794855663565,19
3,fibr_aur,195,0.010256410256410256,0.10075324463788973,19
3,trat_est,30,0.2,0.4000000000000001,19
3,var171,21,0.047619047619047616,0.21295885499997996,19
3,tv_l_esu,363,0.008264462809917356,0.0905326541330853,19
3,tvp_orig,1293,0.374323279195669,0.48394768503203955,19
3,tv_l_ein,278,0.7266187050359713,0.44569492091319535,19
3,tvp_prox,555,0.8756756756756757,0.3299511883682563,19
3,tv_l_svc,474,0.006329113924050633,0.07930357016545357,19
3,tv_l_vre,496,0.024193548387096774,0.15364966841336816,19
3,tv_l_vrn,487,0.01026694045174538,0.10080441649801705,19
3,tv_l_vca,942,0.041401273885350316,0.19921648628068045,19
3,tv_l_yug,947,0.01795142555438226,0.1327748917338957,19
3,tv_l_ova,951,0.005257623554153523,0.0723186072094612,19
3,tv_l_sup,948,0.007383966244725738,0.0856121678689571,19
3,tv_l_pul,947,0.005279831045406547,0.07247036932111293,19
3,tv_l_ove,492,0.056910569105691054,0.2316716560776424,19
3,fr_antfa,713,0.14866760168302945,0.3557605176138093,19
3,fr_tvs_a,265,0.03773584905660377,0.19055669695022787,19
3,fr_viaje,10,0.0,0.0,19
3,fr_estro,12,0.0,0.0,19
3,fr_varic,32,0.28125,0.4496092053105675,19
3,ana_dime,181,1.6077348066298343,0.5418872855354355,19
3,ana_crea,48,0.7916666666666666,0.4061164310337068,19
3,ana_trop,857,0.8611435239206534,0.34579669623952797,19
3,tension_,64,130.796875,21.463034856104926,19
3,ana_hemo,5,13.080000000000002,0.4261455150532505,19
3,ana_plaq,6,187.5,49.40900727600181,19
3,ana_leuc,13,10.946153846153846,5.266973351368285,19
3,ana_neu,1065,6.758537089201878,3.249425940313479,19
3,protcrea,1323,45.102139077853366,54.671442297115874,19
3,splanchnic,463,0.019438444924406047,0.1380601020690876,19
4,raza,429,2.9184149184149186,0.5020808034609711,19
4,ant_inf,29,0.06896551724137931,0.2533954906327426,19
4,ant_isq,29,0.034482758620689655,0.18246560765962697,19
4,ant_clau,28,0.07142857142857142,0.25753937681885636,19
4,fum_act,36,0.19444444444444445,0.39577241246597245,19
4,diabetes,28,0.03571428571428571,0.18557687223952257,19
4,hip_art,28,0.2857142857142857,0.45175395145262565,19
4,insf_car,5,0.0,0.0,19
4,fibr_aur,195,0.005128205128205128,0.07142763219068779,19
4,trat_est,30,0.16666666666666666,0.37267799624996495,19
4,var171,21,0.047619047619047616,0.21295885499997996,19
4,tv_l_esu,363,0.011019283746556474,0.10439281168868549,19
4,tvp_orig,1293,0.41531322505800466,0.4927759634457872,19
4,tv_l_ein,278,0.7697841726618705,0.4209709018223825,19
4,tvp_prox,555,0.9081081081081082,0.28887328034351106,19
4,tv_l_svc,474,0.012658227848101266,0.11179444134592212,19
4,tv_l_vre,496,0.012096774193548387,0.1093180783203706,19
4,tv_l_vrn,487,0.008213552361396304,0.09025569189254995,19
4,tv_l_vca,942,0.04883227176220807,0.215517240602115,19
4,tv_l_yug,947,0.012671594508975714,0.11185269420794393,19
4,tv_l_ova,951,0.0010515247108307045,0.0324101682595635,19
4,tv_l_sup,948,0.015822784810126583,0.12478951995652124,19
4,tv_l_pul,947,0.0021119324181626186,0.04590721250112809,19
4,tv_l_ove,492,0.042682926829268296,0.20214127383232655,19
4,fr_antfa,713,0.17110799438990182,0.3766033040823821,19
4,fr_tvs_a,265,0.06415094339622641,0.24502163140751587,19
4,fr_viaje,10,0.1,0.30000000000000004,19
4,fr_estro,12,0.0,0.0,19
4,fr_varic,32,0.21875,0.41339864235384227,19
4,ana_dime,181,1.591160220994475,0.5840696259183431,19
4,ana_crea,48,0.8125,0.3903123748998999,19
4,ana_trop,857,0.8751458576429405,0.3305534533072414,19
4,tension_,64,135.265625,21.8204621481621,19
4,ana_hemo,5,12.219999999999999,1.7948816116947657,19
4,ana_plaq,6,267.1666666666667,79.8799446391618,19
4,ana_leuc,13,10.36076923076923,4.735597536073841,19
4,ana_neu,1065,6.607617840375586,3.107866840770919,19
4,protcrea,1323,56.309291005291016,61.62109388012633,19
4,splanchnic,463,0.032397408207343416,0.17705314498418315,19
5,raza,429,2.8554778554778553,0.6673183767462025,19
5,ant_inf,29,0.06896551724137931,0.2533954906327426,19
5,ant_isq,29,0.06896551724137931,0.2533954906327426,19
5,ant_clau,28,0.07142857142857142,0.25753937681885636,19
5,fum_act,36,0.3333333333333333,0.4714045207910317,19
5,diabetes,28,0.17857142857142858,0.3829930462415574,19
5,hip_art,28,0.2857142857142857,0.45175395145262565,19
5,insf_car,5,0.0,0.0,19
5,fibr_aur,195,0.010256410256410256,0.10075324463788973,19
5,trat_est,30,0.2,0.4000000000000001,19
5,var171,21,0.0,0.0,19
5,tv_l_esu,363,0.027548209366391185,0.16367438873292506,19
5,tvp_orig,1293,0.2923433874709977,0.4548392367342331,19
5,tv_l_ein,278,0.7589928057553957,0.42769466511396637,19
5,tvp_prox,555,0.8738738738738738,0.3319914553637528,19
5,tv_l_svc,474,0.008438818565400843,0.09147461345434091,19
5,tv_l_vre,496,0.014112903225806451,0.11795647158314575,19
5,tv_l_vrn,487,0.01642710472279261,0.12711119129808757,19
5,tv_l_vca,942,0.03503184713375796,0.1838603187753001,19
5,tv_l_yug,947,0.011615628299894404,0.1071480540144948,19
5,tv_l_ova,951,0.0010515247108307045,0.0324101682595635,19
5,tv_l_sup,948,0.008438818565400843,0.09147461345434091,19
5,tv_l_pul,947,0.006335797254487857,0.07934516322774743,19
5,tv_l_ove,492,0.06300813008130081,0.24297758255641339,19
5,fr_antfa,713,0.13604488078541374,0.34283621628628486,19
5,fr_tvs_a,265,0.04150943396226415,0.19946528734192467,19
5,fr_viaje,10,0.0,0.0,19
5,fr_estro,12,0.0,0.0,19
5,fr_varic,32,0.125,0.33071891388307384,19
5,ana_dime,181,1.5966850828729282,0.5639149413237758,19
5,ana_crea,48,0.8333333333333334,0.3726779962499649,19
5,ana_trop,857,0.8728121353558926,0.33318330049895895,19
5,tension_,64,127.046875,21.355934251031375,19
5,ana_hemo,5,15.26,1.4249210504445502,19
5,ana_plaq,6,232.33333333333334,72.0894506074841,19
5,ana_leuc,13,11.217692307692307,7.006482881365222,19
5,ana_neu,1065,6.5812816901408455,3.0586401985707043,19
5,protcrea,1323,35.722515495086924,55.37639528325422,19
5,splanchnic,463,0.012958963282937365,0.11309742947374553,19
1,raza,429,2.937062937062937,0.5139106869623595,20
1,ant_inf,29,0.0,0.0,20
1,ant_isq,29,0.034482758620689655,0.18246560765962697,20
1,ant_clau,28,0.0,0.0,20
1,fum_act,36,0.2222222222222222,0.41573970964154905,20
1,diabetes,28,0.07142857142857142,0.25753937681885636,20
1,hip_art,28,0.32142857142857145,0.46702488680792925,20
1,insf_car,5,0.0,0.0,20
1,fibr_aur,195,0.015384615384615385,0.12307692307692308,20
1,trat_est,30,0.13333333333333333,0.33993463423951903,20
1,var171,21,0.0,0.0,20
1,tv_l_esu,363,0.013774104683195593,0.11655204298240318,20
1,tvp_orig,1293,0.2791956689868523,0.4486038869713863,20
1,tv_l_ein,278,0.7553956834532374,0.4298523524112131,20
1,tvp_prox,555,0.8972972972972973,0.30357018555889664,20
1,tv_l_svc,474,0.02531645569620253,0.1570844765315298,20
1,tv_l_vre,496,0.006048387096774193,0.07753582468963473,20
1,tv_l_vrn,487,0.0,0.0,20
1,tv_l_vca,942,0.04246284501061571,0.20164263389526565,20
1,tv_l_yug,947,0.01689545934530095,0.12887979980901676,20
1,tv_l_ova,951,0.0031545741324921135,0.05607693638684913,20
1,tv_l_sup,948,0.007383966244725738,0.0856121678689571,20
1,tv_l_pul,947,0.0021119324181626186,0.04590721250112809,20
1,tv_l_ove,492,0.0508130081300813,0.21961567870908855,20
1,fr_antfa,713,0.12622720897615708,0.33210525543906505,20
1,fr_tvs_a,265,0.03773584905660377,0.19055669695022787,20
1,fr_viaje,10,0.0,0.0,20
1,fr_estro,12,0.08333333333333333,0.2763853991962833,20
1,fr_varic,32,0.125,0.33071891388307384,20
1,ana_dime,181,1.569060773480663,0.517039705515993,20
1,ana_crea,48,0.875,0.33071891388307384,20
1,ana_trop,857,0.8553092182030338,0.3517887995089509,20
1,tension_,64,129.078125,16.595655199008412,20
1,ana_hemo,5,14.34,0.9604165762834375,20
1,ana_plaq,6,237.33333333333334,56.75874871379351,20
1,ana_leuc,13,9.136923076923077,2.9345144654489252,20
1,ana_neu,1065,6.626604694835681,3.1268576325222206,20
1,protcrea,1323,25.385207860922144,40.800240193684054,20
1,splanchnic,463,0.01511879049676026,0.1220254591086439,20
2,raza,429,2.9184149184149186,0.7228287512269312,20
2,ant_inf,29,0.0,0.0,20
2,ant_isq,29,0.0,0.0,20
2,ant_clau,28,0.0,0.0,20
2,fum_act,36,0.16666666666666666,0.37267799624996495,20
2,diabetes,28,0.07142857142857142,0.25753937681885636,20
2,hip_art,28,0.25,0.4330127018922193,20
2,insf_car,5,0.0,0.0,20
2,fibr_aur,195,0.010256410256410256,0.10075324463788975,20
2,trat_est,30,0.1,0.3,20
2,var171,21,0.0,0.0,20
2,tv_l_esu,363,0.005509641873278237,0.0740221974795835,20
2,tvp_orig,1293,0.2722351121423047,0.4451102738189397,20
2,tv_l_ein,278,0.7050359712230215,0.4560265896903735,20
2,tvp_prox,555,0.8846846846846846,0.31940208729600483,20
2,tv_l_svc,474,0.02531645569620253,0.1570844765315298,20
2,tv_l_vre,496,0.006048387096774193,0.07753582468963473,20
2,tv_l_vrn,487,0.0,0.0,20
2,tv_l_vca,942,0.008492569002123142,0.09176298422494399,20
2,tv_l_yug,947,0.011615628299894404,0.1071480540144948,20
2,tv_l_ova,951,0.011566771819137749,0.10692512150482575,20
2,tv_l_sup,948,0.00949367088607595,0.09697185725344662,20
2,tv_l_pul,947,0.007391763463569166,0.08565702129112249,20
2,tv_l_ove,492,0.03861788617886179,0.19268249802703477,20
2,fr_antfa,713,0.091164095371669,0.28784232330693527,20
2,fr_tvs_a,265,0.07924528301886792,0.27012121008563444,20
2,fr_viaje,10,0.0,0.0,20
2,fr_estro,12,0.0,0.0,20
2,fr_varic,32,0.125,0.33071891388307384,20
2,ana_dime,181,1.580110497237569,0.5566692471960221,20
2,ana_crea,48,0.9375,0.24206145913796356,20
2,ana_trop,857,0.8331388564760793,0.3728518503451608,20
2,tension_,64,135.390625,20.087011652044588,20
2,ana_hemo,5,13.9,0.7127411872482184,20
2,ana_plaq,6,249.33333333333334,59.08092378725603,20
2,ana_leuc,13,8.853076923076923,3.21964972919388,20
2,ana_neu,1065,6.62730234741784,3.165530620531889,20
2,protcrea,1323,38.748978080120935,48.16142235793293,20
2,splanchnic,463,0.01511879049676026,0.1220254591086439,20
3,raza,429,2.9207459207459205,0.536120401241999,20
3,ant_inf,29,0.0,0.0,20
3,ant_isq,29,0.0,0.0,20
3,ant_clau,28,0.0,0.0,20
3,fum_act,36,0.19444444444444445,0.39577241246597245,20
3,diabetes,28,0.21428571428571427,0.41032590332414487,20
3,hip_art,28,0.32142857142857145,0.4670248868079293,20
3,insf_car,5,0.0,0.0,20
3,fibr_aur,195,0.015384615384615385,0.12307692307692308,20
3,trat_est,30,0.23333333333333334,0.4229525846816506,20
3,var171,21,0.09523809523809523,0.29354352395090366,20
3,tv_l_esu,363,0.02203856749311295,0.1468089542090824,20
3,tvp_orig,1293,0.46326372776488783,0.49864862007456484,20
3,tv_l_ein,278,0.7805755395683454,0.4138566981407114,20
3,tvp_prox,555,0.8612612612612612,0.3456736916687799,20
3,tv_l_svc,474,0.016877637130801686,0.1288129748731962,20
3,tv_l_vre,496,0.0,0.0,20
3,tv_l_vrn,487,0.012320328542094456,0.11031109666171082,20
3,tv_l_vca,942,0.025477707006369428,0.1575709156287004,20
3,tv_l_yug,947,0.004223864836325237,0.0648538649748008,20
3,tv_l_ova,951,0.008412197686645636,0.09133144374598724,20
3,tv_l_sup,948,0.002109704641350211,0.045883044664412544,20
3,tv_l_pul,947,0.005279831045406547,0.07247036932111293,20
3,tv_l_ove,492,0.056910569105691054,0.23167165607764237,20
3,fr_antfa,713,0.14305750350631136,0.3501314812993157,20
3,fr_tvs_a,265,0.07547169811320754,0.2641509433962264,20
3,fr_viaje,10,0.0,0.0,20
3,fr_estro,12,0.0,0.0,20
3,fr_varic,32,0.1875,0.3903123748998999,20
3,ana_dime,181,1.5856353591160222,0.5145542078176818,20
3,ana_crea,48,0.875,0.33071891388307384,20
3,ana_trop,857,0.8786464410735122,0.32653770480966393,20
3,tension_,64,133.359375,21.12786015216342,20
3,ana_hemo,5,14.080000000000002,1.3166624472506228,20
3,ana_plaq,6,258.6666666666667,71.03442045155917,20
3,ana_leuc,13,8.333076923076923,2.7479485624325553,20
3,ana_neu,1065,6.395852582159625,3.1396397693930376,20
3,protcrea,1323,28.711398337112623,44.332979178789984,20
3,splanchnic,463,0.012958963282937365,0.11309742947374553,20
4,raza,429,2.902097902097902,0.629292924496036,20
4,ant_inf,29,0.0,0.0,20
4,ant_isq,29,0.034482758620689655,0.18246560765962697,20
4,ant_clau,28,0.0,0.0,20
4,fum_act,36,0.19444444444444445,0.39577241246597245,20
4,diabetes,28,0.03571428571428571,0.1855768722395226,20
4,hip_art,28,0.2857142857142857,0.45175395145262565,20
4,insf_car,5,0.0,0.0,20
4,fibr_aur,195,0.0,0.0,20
4,trat_est,30,0.2,0.4000000000000001,20
4,var171,21,0.047619047619047616,0.21295885499997996,20
4,tv_l_esu,363,0.011019283746556474,0.10439281168868549,20
4,tvp_orig,1293,0.39443155452436196,0.48872825099420764,20
4,tv_l_ein,278,0.7446043165467626,0.43608339606856295,20
4,tvp_prox,555,0.9045045045045045,0.2938981215243903,20
4,tv_l_svc,474,0.016877637130801686,0.1288129748731962,20
4,tv_l_vre,496,0.006048387096774193,0.07753582468963474,20
4,tv_l_vrn,487,0.0,0.0,20
4,tv_l_vca,942,0.027600849256900213,0.1638262566782202,20
4,tv_l_yug,947,0.0021119324181626186,0.04590721250112808,20
4,tv_l_ova,951,0.005257623554153523,0.07231860720946119,20
4,tv_l_sup,948,0.012658227848101266,0.11179444134592212,20
4,tv_l_pul,947,0.008447729672650475,0.09152248650483824,20
4,tv_l_ove,492,0.0508130081300813,0.21961567870908855,20
4,fr_antfa,713,0.14165497896213183,0.34869592182497605,20
4,fr_tvs_a,265,0.03773584905660377,0.19055669695022787,20
4,fr_viaje,10,0.1,0.30000000000000004,20
4,fr_estro,12,0.0,0.0,20
4,fr_varic,32,0.125,0.33071891388307384,20
4,ana_dime,181,1.558011049723757,0.5594042014960061,20
4,ana_crea,48,0.8958333333333334,0.30547663122114954,20
4,ana_trop,857,0.8319719953325554,0.37389115303109516,20
4,tension_,64,129.90625,22.83755045834601,20
4,ana_hemo,5,14.12,1.0419213022104887,20
4,ana_plaq,6,228.0,64.73793323855806,20
4,ana_leuc,13,7.6753846153846155,2.6627967234718732,20
4,ana_neu,1065,6.49638779342723,3.0941965011363495,20
4,protcrea,1323,50.16261526832957,53.8361812339036,20
4,splanchnic,463,0.01511879049676026,0.1220254591086439,20
5,raza,429,2.8694638694638694,0.6307762943731076,20
5,ant_inf,29,0.06896551724137931,0.2533954906327426,20
5,ant_isq,29,0.0,0.0,20
5,ant_clau,28,0.03571428571428571,0.1855768722395226,20
5,fum_act,36,0.3333333333333333,0.4714045207910317,20
5,diabetes,28,0.07142857142857142,0.25753937681885636,20
5,hip_art,28,0.35714285714285715,0.47915742374995496,20
5,insf_car,5,0.0,0.0,20
5,fibr_aur,195,0.010256410256410256,0.10075324463788975,20
5,trat_est,30,0.13333333333333333,0.33993463423951903,20
5,var171,21,0.047619047619047616,0.21295885499997996,20
5,tv_l_esu,363,0.01928374655647383,0.13752048456582575,20
5,tvp_orig,1293,0.4323279195668987,0.4953993233037928,20
5,tv_l_ein,278,0.7661870503597122,0.42325459740066146,20
5,tvp_prox,555,0.8810810810810811,0.3236930793855107,20
5,tv_l_svc,474,0.006329113924050633,0.07930357016545359,20
5,tv_l_vre,496,0.010080645161290322,0.09989507372449591,20
5,tv_l_vrn,487,0.0,0.0,20
5,tv_l_vca,942,0.0435244161358811,0.20403441213656032,20
5,tv_l_yug,947,0.026399155227032733,0.16031918110548019,20
5,tv_l_ova,951,0.002103049421661409,0.04581076952847943,20
5,tv_l_sup,948,0.002109704641350211,0.045883044664412544,20
5,tv_l_pul,947,0.004223864836325237,0.0648538649748008,20
5,tv_l_ove,492,0.046747967479674794,0.2110985433777175,20
5,fr_antfa,713,0.12622720897615708,0.33210525543906505,20
5,fr_tvs_a,265,0.045283018867924525,0.20792418587103262,20
5,fr_viaje,10,0.0,0.0,20
5,fr_estro,12,0.0,0.0,20
5,fr_varic,32,0.15625,0.3630921887069453,20
5,ana_dime,181,1.6132596685082874,0.5508816479343175,20
5,ana_crea,48,0.8333333333333334,0.3726779962499649,20
5,ana_trop,857,0.8611435239206534,0.345796696239528,20
5,tension_,64,132.65625,23.59105944923839,20
5,ana_hemo,5,14.9,1.1207140580897519,20
5,ana_plaq,6,258.0,96.40193635676275,20
5,ana_leuc,13,7.9530769230769245,2.9255989120320027,20
5,ana_neu,1065,6.724987793427229,3.021025906467955,20
5,protcrea,1323,13.614243386243386,26.400848965792942,20
5,splanchnic,463,0.012958963282937365,0.11309742947374554,20
