iteration,variable,missing_n,imputed_mean,imputed_sd,imputation
1,raza,433,2.951501154734411,0.5562608677598813,1
1,ant_inf,29,0.0,0.0,1
1,ant_isq,31,0.0,0.0,1
1,ant_clau,31,0.0,0.0,1
1,fum_act,38,0.13157894736842105,0.3380324362806613,1
1,diabetes,29,0.13793103448275862,0.3448275862068965,1
1,hip_art,30,0.3,0.458257569495584,1
1,insf_car,5,0.0,0.0,1
1,fibr_aur,191,0.005235602094240838,0.07216779451356137,1
1,trat_est,33,0.21212121212121213,0.40881022918884974,1
1,var171,19,0.0,0.0,1
1,tv_l_esu,344,0.011627906976744186,0.10720400531735916,1
1,tvp_orig,1290,0.17286821705426356,0.3781333053127476,1
1,tv_l_ein,256,0.734375,0.4416654382844553,1
1,tvp_prox,542,0.9040590405904059,0.2945102574056814,1
1,tv_l_svc,443,0.002257336343115124,0.04745777887500821,1
1,tv_l_vre,460,0.004347826086956522,0.06579454761052851,1
1,tv_l_vrn,453,0.008830022075055188,0.093552406624358,1
1,tv_l_vca,924,0.05952380952380952,0.23660246326609274,1
1,tv_l_yug,933,0.02465166130760986,0.1550611392399293,1
1,tv_l_ova,935,0.0010695187165775401,0.03268600382874039,1
1,tv_l_sup,936,0.004273504273504274,0.0652322116345032,1
1,tv_l_pul,937,0.004268943436499467,0.06519754257972793,1
1,tv_l_ove,453,0.039735099337748346,0.19533617488414076,1
1,fr_antfa,697,0.13916786226685796,0.3461216092342846,1
1,fr_tvs_a,255,0.06274509803921569,0.24250391896063225,1
1,fr_viaje,10,0.1,0.30000000000000004,1
1,fr_estro,14,0.0,0.0,1
1,fr_varic,28,0.17857142857142858,0.3829930462415574,1
1,fr_antec,1,0.0,0.0,1
1,ana_dime,188,1.4946808510638299,0.6315915427452784,1
1,ana_crea,47,0.9148936170212766,0.2790399372043405,1
1,ana_trop,848,0.8349056603773585,0.37126567124796955,1
1,tension_,67,131.65671641791045,18.97488696901105,1
1,ana_hemo,3,15.366666666666667,0.38586123009300777,1
1,ana_plaq,2,288.0,68.0,1
1,ana_leuc,14,9.705714285714285,2.3502118879725176,1
1,ana_neu,1044,6.56928735632184,3.26074358275003,1
1,protcrea,1317,23.95851936218679,35.15199310127694,1
1,splanchnic,432,0.018518518518518517,0.13481684980149108,1
2,raza,433,2.8337182448036953,0.7063350970635691,1
2,ant_inf,29,0.034482758620689655,0.18246560765962697,1
2,ant_isq,31,0.0,0.0,1
2,ant_clau,31,0.03225806451612903,0.17668469596940845,1
2,fum_act,38,0.3157894736842105,0.46482951928041294,1
2,diabetes,29,0.13793103448275862,0.3448275862068966,1
2,hip_art,30,0.36666666666666664,0.48189440982669857,1
2,insf_car,5,0.0,0.0,1
2,fibr_aur,191,0.020942408376963352,0.1431915636772497,1
2,trat_est,33,0.18181818181818182,0.385694607919935,1
2,var171,19,0.05263157894736842,0.22329687826943606,1
2,tv_l_esu,344,0.014534883720930232,0.11968133052464479,1
2,tvp_orig,1290,0.3015503875968992,0.4589310965025785,1
2,tv_l_ein,256,0.734375,0.4416654382844553,1
2,tvp_prox,542,0.8763837638376384,0.3291432246293593,1
2,tv_l_svc,443,0.01580135440180587,0.12470634146215022,1
2,tv_l_vre,460,0.008695652173913044,0.09284415871331574,1
2,tv_l_vrn,453,0.002207505518763797,0.04693221109375121,1
2,tv_l_vca,924,0.08766233766233766,0.2828032040446359,1
2,tv_l_yug,933,0.01607717041800643,0.1257723936695045,1
2,tv_l_ova,935,0.0,0.0,1
2,tv_l_sup,936,0.00641025641025641,0.07980704870505599,1
2,tv_l_pul,937,0.0064034151547491995,0.07976472546875046,1
2,tv_l_ove,453,0.033112582781456956,0.17893054418683832,1
2,fr_antfa,697,0.11908177905308465,0.323884715524887,1
2,fr_tvs_a,255,0.043137254901960784,0.20316602112923324,1
2,fr_viaje,10,0.0,0.0,1
2,fr_estro,14,0.07142857142857142,0.2575393768188564,1
2,fr_varic,28,0.17857142857142858,0.3829930462415574,1
2,fr_antec,1,0.0,0.0,1
2,ana_dime,188,1.5851063829787233,0.599815121660019,1
2,ana_crea,47,0.8085106382978723,0.3934732342320624,1
2,ana_trop,848,0.9044811320754716,0.29393028730456616,1
2,tension_,67,134.62686567164178,22.16346046375034,1
2,ana_hemo,3,13.866666666666667,0.4189935029992177,1
2,ana_plaq,2,226.0,19.0,1
2,ana_leuc,14,8.902142857142858,2.3535115968982803,1
2,ana_neu,1044,6.827100574712644,3.2665836704269573,1
2,protcrea,1317,43.87534548215642,47.05540375237489,1
2,splanchnic,432,0.013888888888888888,0.11702985796078279,1
3,raza,433,2.8983833718244805,0.721700692792757,1
3,ant_inf,29,0.034482758620689655,0.18246560765962697,1
3,ant_isq,31,0.0967741935483871,0.29565004483586066,1
3,ant_clau,31,0.06451612903225806,0.24567010018915833,1
3,fum_act,38,0.21052631578947367,0.4076824574955175,1
3,diabetes,29,0.06896551724137931,0.2533954906327426,1
3,hip_art,30,0.3,0.45825756949558394,1
3,insf_car,5,0.0,0.0,1
3,fibr_aur,191,0.005235602094240838,0.07216779451356137,1
3,trat_est,33,0.21212121212121213,0.40881022918884974,1
3,var171,19,0.0,0.0,1
3,tv_l_esu,344,0.00872093023255814,0.09297782320767138,1
3,tvp_orig,1290,0.24573643410852714,0.4305229831961967,1
3,tv_l_ein,256,0.7265625,0.44572349454987226,1
3,tvp_prox,542,0.8985239852398524,0.3019579990471289,1
3,tv_l_svc,443,0.002257336343115124,0.04745777887500822,1
3,tv_l_vre,460,0.017391304347826087,0.13072431633367748,1
3,tv_l_vrn,453,0.017660044150110375,0.13171244053135803,1
3,tv_l_vca,924,0.10930735930735931,0.3120244549848796,1
3,tv_l_yug,933,0.01929260450160772,0.1375514446058356,1
3,tv_l_ova,935,0.0021390374331550803,0.046200237575305184,1
3,tv_l_sup,936,0.002136752136752137,0.0461756042413981,1
3,tv_l_pul,937,0.0,0.0,1
3,tv_l_ove,453,0.04415011037527594,0.20542852316347623,1
3,fr_antfa,697,0.14203730272596843,0.34908839476599623,1
3,fr_tvs_a,255,0.10588235294117647,0.3076869842499299,1
3,fr_viaje,10,0.0,0.0,1
3,fr_estro,14,0.07142857142857142,0.2575393768188564,1
3,fr_varic,28,0.17857142857142858,0.3829930462415574,1
3,fr_antec,1,0.0,0.0,1
3,ana_dime,188,1.6914893617021276,0.4843639335247749,1
3,ana_crea,47,0.9148936170212766,0.2790399372043405,1
3,ana_trop,848,0.8219339622641509,0.3825683258463829,1
3,tension_,67,128.80597014925374,18.202213089958136,1
3,ana_hemo,3,14.166666666666666,0.97410927974683,1
3,ana_plaq,2,209.0,47.0,1
3,ana_leuc,14,8.802857142857144,2.663347594318711,1
3,ana_neu,1044,6.487501915708812,3.196923039800946,1
3,protcrea,1317,41.137775246772975,48.31745190119563,1
3,splanchnic,432,0.02546296296296296,0.15752650723008413,1
4,raza,433,2.960739030023095,0.6559948521005564,1
4,ant_inf,29,0.0,0.0,1
4,ant_isq,31,0.06451612903225806,0.24567010018915833,1
4,ant_clau,31,0.0,0.0,1
4,fum_act,38,0.3157894736842105,0.46482951928041294,1
4,diabetes,29,0.10344827586206896,0.30454347814923605,1
4,hip_art,30,0.36666666666666664,0.48189440982669857,1
4,insf_car,5,0.0,0.0,1
4,fibr_aur,191,0.005235602094240838,0.07216779451356137,1
4,trat_est,33,0.2727272727272727,0.4453617714151233,1
4,var171,19,0.0,0.0,1
4,tv_l_esu,344,0.023255813953488372,0.1507148999629735,1
4,tvp_orig,1290,0.23410852713178296,0.4234403436801578,1
4,tv_l_ein,256,0.7734375,0.41860713514433795,1
4,tvp_prox,542,0.8874538745387454,0.31603717361239986,1
4,tv_l_svc,443,0.011286681715575621,0.10563755265731457,1
4,tv_l_vre,460,0.013043478260869565,0.11346076826695553,1
4,tv_l_vrn,453,0.0,0.0,1
4,tv_l_vca,924,0.0670995670995671,0.25019435484162666,1
4,tv_l_yug,933,0.01822079314040729,0.13374900312803,1
4,tv_l_ova,935,0.0042780748663101605,0.06526693605301544,1
4,tv_l_sup,936,0.007478632478632479,0.0861551074219168,1
4,tv_l_pul,937,0.0096051227321238,0.09753391384244064,1
4,tv_l_ove,453,0.05518763796909492,0.22834614641917444,1
4,fr_antfa,697,0.10043041606886657,0.30057303205228,1
4,fr_tvs_a,255,0.043137254901960784,0.20316602112923324,1
4,fr_viaje,10,0.1,0.30000000000000004,1
4,fr_estro,14,0.07142857142857142,0.25753937681885636,1
4,fr_varic,28,0.07142857142857142,0.25753937681885636,1
4,fr_antec,1,0.0,0.0,1
4,ana_dime,188,1.627659574468085,0.5551316223680745,1
4,ana_crea,47,0.9361702127659575,0.2444494743207672,1
4,ana_trop,848,0.8455188679245284,0.3614093412021227,1
4,tension_,67,128.62686567164178,21.3603313609042,1
4,ana_hemo,3,13.1,2.8083209693100724,1
4,ana_plaq,2,255.0,24.0,1
4,ana_leuc,14,9.515,2.939017693039632,1
4,ana_neu,1044,6.6835478927203065,3.2388532250201663,1
4,protcrea,1317,36.40247532270312,45.912574891076,1
4,splanchnic,432,0.02546296296296296,0.15752650723008413,1
5,raza,433,2.9422632794457275,0.62944783527724,1
5,ant_inf,29,0.06896551724137931,0.2533954906327426,1
5,ant_isq,31,0.0967741935483871,0.2956500448358606,1
5,ant_clau,31,0.03225806451612903,0.17668469596940847,1
5,fum_act,38,0.34210526315789475,0.4744146415084196,1
5,diabetes,29,0.10344827586206896,0.30454347814923605,1
5,hip_art,30,0.23333333333333334,0.42295258468165065,1
5,insf_car,5,0.0,0.0,1
5,fibr_aur,191,0.010471204188481676,0.10179173871844809,1
5,trat_est,33,0.24242424242424243,0.42854956435548336,1
5,var171,19,0.0,0.0,1
5,tv_l_esu,344,0.020348837209302327,0.1411905167974522,1
5,tvp_orig,1290,0.30077519379844964,0.458595111829547,1
5,tv_l_ein,256,0.69140625,0.461913030191764,1
5,tvp_prox,542,0.8985239852398524,0.3019579990471289,1
5,tv_l_svc,443,0.013544018058690745,0.11558796491640731,1
5,tv_l_vre,460,0.008695652173913044,0.09284415871331575,1
5,tv_l_vrn,453,0.006622516556291391,0.0811089318802377,1
5,tv_l_vca,924,0.06168831168831169,0.24058857805256964,1
5,tv_l_yug,933,0.031082529474812434,0.17354079012226445,1
5,tv_l_ova,935,0.0,0.0,1
5,tv_l_sup,936,0.002136752136752137,0.04617560424139809,1
5,tv_l_pul,937,0.007470651013874066,0.08610946746614433,1
5,tv_l_ove,453,0.0728476821192053,0.2598863161635574,1
5,fr_antfa,697,0.15208034433285508,0.3590987513212144,1
5,fr_tvs_a,255,0.00392156862745098,0.06249951941376169,1
5,fr_viaje,10,0.0,0.0,1
5,fr_estro,14,0.07142857142857142,0.25753937681885636,1
5,fr_varic,28,0.17857142857142858,0.3829930462415574,1
5,fr_antec,1,1.0,0.0,1
5,ana_dime,188,1.6329787234042554,0.5538815254439866,1
5,ana_crea,47,0.8297872340425532,0.3758196113330999,1
5,ana_trop,848,0.8573113207547169,0.34975508582509524,1
5,tension_,67,130.9402985074627,21.73166106049436,1
5,ana_hemo,3,15.466666666666667,1.2657891697365016,1
5,ana_plaq,2,261.0,67.0,1
5,ana_leuc,14,9.914285714285715,3.686897097029104,1
5,ana_neu,1044,6.91105938697318,3.303518621396556,1
5,protcrea,1317,59.980956719817776,56.062122705742716,1
5,splanchnic,432,0.037037037037037035,0.18885257457751053,1
1,raza,433,2.8752886836027716,0.6215260755754396,2
1,ant_inf,29,0.034482758620689655,0.18246560765962697,2
1,ant_isq,31,0.03225806451612903,0.17668469596940847,2
1,ant_clau,31,0.03225806451612903,0.17668469596940847,2
1,fum_act,38,0.23684210526315788,0.4251445900369345,2
1,diabetes,29,0.06896551724137931,0.2533954906327426,2
1,hip_art,30,0.4,0.48989794855663565,2
1,insf_car,5,0.0,0.0,2
1,fibr_aur,191,0.03664921465968586,0.18789904130812946,2
1,trat_est,33,0.21212121212121213,0.40881022918884974,2
1,var171,19,0.10526315789473684,0.3068922049918579,2
1,tv_l_esu,344,0.014534883720930232,0.11968133052464479,2
1,tvp_orig,1290,0.23488372093023255,0.4239261239558152,2
1,tv_l_ein,256,0.734375,0.4416654382844553,2
1,tvp_prox,542,0.9206642066420664,0.27026214172577123,2
1,tv_l_svc,443,0.009029345372460496,0.0945928976964197,2
1,tv_l_vre,460,0.010869565217391304,0.10368904363227668,2
1,tv_l_vrn,453,0.004415011037527594,0.06629870824583313,2
1,tv_l_vca,924,0.06277056277056277,0.24254982832405717,2
1,tv_l_yug,933,0.012861736334405145,0.11267791297707544,2
1,tv_l_ova,935,0.006417112299465241,0.07984943937938006,2
1,tv_l_sup,936,0.004273504273504274,0.06523221163450321,2
1,tv_l_pul,937,0.005336179295624333,0.07285399430470017,2
1,tv_l_ove,453,0.03090507726269316,0.17306054854321976,2
1,fr_antfa,697,0.1563845050215208,0.3632194813204473,2
1,fr_tvs_a,255,0.0392156862745098,0.19410774385513066,2
1,fr_viaje,10,0.0,0.0,2
1,fr_estro,14,0.07142857142857142,0.25753937681885636,2
1,fr_varic,28,0.17857142857142858,0.3829930462415574,2
1,fr_antec,1,0.0,0.0,2
1,ana_dime,188,1.5425531914893618,0.604326486669097,2
1,ana_crea,47,0.9787234042553191,0.14430489325798443,2
1,ana_trop,848,0.8525943396226415,0.3545098470650333,2
1,tension_,67,128.01492537313433,20.170536024158938,2
1,ana_hemo,3,14.433333333333332,1.0338708279513884,2
1,ana_plaq,2,231.0,11.0,2
1,ana_leuc,14,9.433571428571428,3.5323800295932757,2
1,ana_neu,1044,6.779798850574712,3.186155872073446,2
1,protcrea,1317,65.96113895216402,59.02822881625524,2
1,splanchnic,432,0.037037037037037035,0.18885257457751053,2
2,raza,433,2.9145496535796767,0.6225892762390554,2
2,ant_inf,29,0.06896551724137931,0.2533954906327426,2
2,ant_isq,31,0.0,0.0,2
2,ant_clau,31,0.0,0.0,2
2,fum_act,38,0.18421052631578946,0.3876557858593746,2
2,diabetes,29,0.13793103448275862,0.3448275862068966,2
2,hip_art,30,0.36666666666666664,0.48189440982669857,2
2,insf_car,5,0.0,0.0,2
2,fibr_aur,191,0.015706806282722512,0.12433866059725565,2
2,trat_est,33,0.30303030303030304,0.459568208730397,2
2,var171,19,0.0,0.0,2
2,tv_l_esu,344,0.011627906976744186,0.10720400531735916,2
2,tvp_orig,1290,0.28449612403100777,0.4511741121145375,2
2,tv_l_ein,256,0.69921875,0.45859774274241416,2
2,tvp_prox,542,0.8892988929889298,0.31376164825802677,2
2,tv_l_svc,443,0.004514672686230248,0.06703946909669299,2
2,tv_l_vre,460,0.006521739130434782,0.08049351557205921,2
2,tv_l_vrn,453,0.008830022075055188,0.093552406624358,2
2,tv_l_vca,924,0.08874458874458875,0.28437472938561636,2
2,tv_l_yug,933,0.011789924973204717,0.10793943969805903,2
2,tv_l_ova,935,0.0,0.0,2
2,tv_l_sup,936,0.0,0.0,2
2,tv_l_pul,937,0.011739594450373533,0.10771154242937149,2
2,tv_l_ove,453,0.06622516556291391,0.24867527623203425,2
2,fr_antfa,697,0.09469153515064563,0.29278840195858113,2
2,fr_tvs_a,255,0.07450980392156863,0.2625987300828739,2
2,fr_viaje,10,0.0,0.0,2
2,fr_estro,14,0.0,0.0,2
2,fr_varic,28,0.14285714285714285,0.3499271061118826,2
2,fr_antec,1,0.0,0.0,2
2,ana_dime,188,1.6436170212765957,0.541483091549201,2
2,ana_crea,47,0.851063829787234,0.3560255432059895,2
2,ana_trop,848,0.8596698113207547,0.3473292772348635,2
2,tension_,67,135.70149253731344,24.71510199107114,2
2,ana_hemo,3,12.4,2.760434748368452,2
2,ana_plaq,2,175.5,59.5,2
2,ana_leuc,14,9.265,2.81439856554012,2
2,ana_neu,1044,6.630690613026819,3.10783339683435,2
2,protcrea,1317,65.11448747152619,59.01311859340466,2
2,splanchnic,432,0.016203703703703703,0.12625824206754296,2
3,raza,433,2.863741339491917,0.7111139149737807,2
3,ant_inf,29,0.06896551724137931,0.2533954906327426,2
3,ant_isq,31,0.03225806451612903,0.17668469596940847,2
3,ant_clau,31,0.03225806451612903,0.17668469596940847,2
3,fum_act,38,0.18421052631578946,0.3876557858593746,2
3,diabetes,29,0.13793103448275862,0.3448275862068966,2
3,hip_art,30,0.3,0.45825756949558394,2
3,insf_car,5,0.0,0.0,2
3,fibr_aur,191,0.015706806282722512,0.12433866059725565,2
3,trat_est,33,0.21212121212121213,0.40881022918884974,2
3,var171,19,0.0,0.0,2
3,tv_l_esu,344,0.011627906976744186,0.10720400531735916,2
3,tvp_orig,1290,0.29767441860465116,0.45723556195142356,2
3,tv_l_ein,256,0.78125,0.41339864235384227,2
3,tvp_prox,542,0.8874538745387454,0.31603717361239986,2
3,tv_l_svc,443,0.009029345372460496,0.0945928976964197,2
3,tv_l_vre,460,0.006521739130434782,0.08049351557205921,2
3,tv_l_vrn,453,0.004415011037527594,0.06629870824583313,2
3,tv_l_vca,924,0.05519480519480519,0.22836010744942445,2
3,tv_l_yug,933,0.028938906752411574,0.16763486042105563,2
3,tv_l_ova,935,0.0053475935828877,0.07293145292505805,2
3,tv_l_sup,936,0.008547008547008548,0.09205409926725647,2
3,tv_l_pul,937,0.0032017075773745998,0.056492978731551964,2
3,tv_l_ove,453,0.05739514348785872,0.23259608980347635,2
3,fr_antfa,697,0.11047345767575323,0.3134789830673131,2
3,fr_tvs_a,255,0.07058823529411765,0.2561357771420852,2
3,fr_viaje,10,0.0,0.0,2
3,fr_estro,14,0.07142857142857142,0.2575393768188564,2
3,fr_varic,28,0.14285714285714285,0.3499271061118826,2
3,fr_antec,1,0.0,0.0,2
3,ana_dime,188,1.5585106382978724,0.6288979849059316,2
3,ana_crea,47,0.9148936170212766,0.2790399372043405,2
3,ana_trop,848,0.8808962264150944,0.32391058133803097,2
3,tension_,67,136.34328358208955,19.445716436417335,2
3,ana_hemo,3,14.5,1.9612920911140865,2
3,ana_plaq,2,199.5,103.5,2
3,ana_leuc,14,9.027857142857142,2.9834069177258895,2
3,ana_neu,1044,6.364491379310345,3.126721862629857,2
3,protcrea,1317,26.624927866362945,42.32544105804327,2
3,splanchnic,432,0.020833333333333332,0.1428261375083551,2
4,raza,433,2.8729792147806004,0.6411844135846283,2
4,ant_inf,29,0.10344827586206896,0.3045434781492361,2
4,ant_isq,31,0.03225806451612903,0.17668469596940847,2
4,ant_clau,31,0.0,0.0,2
4,fum_act,38,0.23684210526315788,0.42514459003693444,2
4,diabetes,29,0.06896551724137931,0.2533954906327426,2
4,hip_art,30,0.4,0.4898979485566357,2
4,insf_car,5,0.0,0.0,2
4,fibr_aur,191,0.010471204188481676,0.10179173871844809,2
4,trat_est,33,0.12121212121212122,0.3263736246748184,2
4,var171,19,0.0,0.0,2
4,tv_l_esu,344,0.00872093023255814,0.0929778232076714,2
4,tvp_orig,1290,0.24108527131782945,0.42774193536691957,2
4,tv_l_ein,256,0.76171875,0.4260320362348793,2
4,tvp_prox,542,0.9022140221402214,0.29702505011157815,2
4,tv_l_svc,443,0.009029345372460496,0.09459289769641971,2
4,tv_l_vre,460,0.002173913043478261,0.04657453322962728,2
4,tv_l_vrn,453,0.002207505518763797,0.04693221109375121,2
4,tv_l_vca,924,0.06168831168831169,0.24058857805256964,2
4,tv_l_yug,933,0.03215434083601286,0.17640986140636916,2
4,tv_l_ova,935,0.0042780748663101605,0.06526693605301544,2
4,tv_l_sup,936,0.003205128205128205,0.05652305156586025,2
4,tv_l_pul,937,0.0064034151547491995,0.07976472546875046,2
4,tv_l_ove,453,0.037527593818984545,0.19005071302455526,2
4,fr_antfa,697,0.1133428981348637,0.3170114912384938,2
4,fr_tvs_a,255,0.0196078431372549,0.1386483884679505,2
4,fr_viaje,10,0.0,0.0,2
4,fr_estro,14,0.0,0.0,2
4,fr_varic,28,0.14285714285714285,0.3499271061118826,2
4,fr_antec,1,0.0,0.0,2
4,ana_dime,188,1.5797872340425532,0.5916223254807438,2
4,ana_crea,47,0.9574468085106383,0.2018475102235136,2
4,ana_trop,848,0.8773584905660378,0.32802525756063605,2
4,tension_,67,135.32835820895522,23.26254311613189,2
4,ana_hemo,3,13.533333333333333,0.8259674462242573,2
4,ana_plaq,2,160.5,4.5,2
4,ana_leuc,14,9.435714285714285,3.058570427703846,2
4,ana_neu,1044,6.79700478927203,3.2583832781215003,2
4,protcrea,1317,27.73067577828398,43.5941827907757,2
4,splanchnic,432,0.013888888888888888,0.11702985796078279,2
5,raza,433,2.8660508083140877,0.6158622016815821,2
5,ant_inf,29,0.0,0.0,2
5,ant_isq,31,0.06451612903225806,0.24567010018915833,2
5,ant_clau,31,0.0,0.0,2
5,fum_act,38,0.34210526315789475,0.4744146415084196,2
5,diabetes,29,0.034482758620689655,0.18246560765962697,2
5,hip_art,30,0.3333333333333333,0.4714045207910317,2
5,insf_car,5,0.0,0.0,2
5,fibr_aur,191,0.015706806282722512,0.1243386605972557,2
5,trat_est,33,0.12121212121212122,0.3263736246748184,2
5,var171,19,0.0,0.0,2
5,tv_l_esu,344,0.00872093023255814,0.0929778232076714,2
5,tvp_orig,1290,0.26434108527131783,0.4409817183386401,2
5,tv_l_ein,256,0.7578125,0.42840718346422485,2
5,tvp_prox,542,0.915129151291513,0.2786894109003573,2
5,tv_l_svc,443,0.009029345372460496,0.09459289769641971,2
5,tv_l_vre,460,0.002173913043478261,0.04657453322962726,2
5,tv_l_vrn,453,0.006622516556291391,0.0811089318802377,2
5,tv_l_vca,924,0.08982683982683982,0.28593352142336004,2
5,tv_l_yug,933,0.012861736334405145,0.11267791297707545,2
5,tv_l_ova,935,0.0,0.0,2
5,tv_l_sup,936,0.004273504273504274,0.06523221163450321,2
5,tv_l_pul,937,0.005336179295624333,0.07285399430470017,2
5,tv_l_ove,453,0.033112582781456956,0.17893054418683835,2
5,fr_antfa,697,0.14777618364418937,0.35487798352637806,2
5,fr_tvs_a,255,0.0784313725490196,0.26884920001572726,2
5,fr_viaje,10,0.1,0.30000000000000004,2
5,fr_estro,14,0.07142857142857142,0.2575393768188564,2
5,fr_varic,28,0.17857142857142858,0.3829930462415574,2
5,fr_antec,1,0.0,0.0,2
5,ana_dime,188,1.5425531914893618,0.5680293223069146,2
5,ana_crea,47,0.8297872340425532,0.3758196113330999,2
5,ana_trop,848,0.8797169811320755,0.3252921982463506,2
5,tension_,67,132.55223880597015,21.810776182298397,2
5,ana_hemo,3,14.533333333333331,2.023747898221406,2
5,ana_plaq,2,227.5,22.5,2
5,ana_leuc,14,9.062142857142856,3.5686215397373746,2
5,ana_neu,1044,6.384532567049808,3.084114466740582,2
5,protcrea,1317,54.50016704631739,56.24423797882515,2
5,splanchnic,432,0.020833333333333332,0.1428261375083551,2
1,raza,433,2.9168591224018474,0.47817717880890226,3
1,ant_inf,29,0.06896551724137931,0.2533954906327426,3
1,ant_isq,31,0.03225806451612903,0.17668469596940847,3
1,ant_clau,31,0.03225806451612903,0.17668469596940845,3
1,fum_act,38,0.13157894736842105,0.33803243628066126,3
1,diabetes,29,0.06896551724137931,0.2533954906327426,3
1,hip_art,30,0.16666666666666666,0.37267799624996495,3
1,insf_car,5,0.0,0.0,3
1,fibr_aur,191,0.015706806282722512,0.1243386605972557,3
1,trat_est,33,0.09090909090909091,0.28747978728803447,3
1,var171,19,0.10526315789473684,0.3068922049918579,3
1,tv_l_esu,344,0.011627906976744186,0.10720400531735916,3
1,tvp_orig,1290,0.18914728682170542,0.3916255746369137,3
1,tv_l_ein,256,0.734375,0.4416654382844553,3
1,tvp_prox,542,0.8782287822878229,0.3270213880605834,3
1,tv_l_svc,443,0.006772009029345372,0.08201310214259569,3
1,tv_l_vre,460,0.008695652173913044,0.09284415871331575,3
1,tv_l_vrn,453,0.008830022075055188,0.093552406624358,3
1,tv_l_vca,924,0.06818181818181818,0.25205764787294127,3
1,tv_l_yug,933,0.022508038585209004,0.14832877935267905,3
1,tv_l_ova,935,0.0032085561497326204,0.05655317247658732,3
1,tv_l_sup,936,0.0010683760683760685,0.03266855737483046,3
1,tv_l_pul,937,0.0032017075773745998,0.05649297873155197,3
1,tv_l_ove,453,0.039735099337748346,0.19533617488414076,3
1,fr_antfa,697,0.12482065997130559,0.3305154501920195,3
1,fr_tvs_a,255,0.043137254901960784,0.2031660211292332,3
1,fr_viaje,10,0.0,0.0,3
1,fr_estro,14,0.0,0.0,3
1,fr_varic,28,0.10714285714285714,0.30929478706587094,3
1,fr_antec,1,0.0,0.0,3
1,ana_dime,188,1.5372340425531914,0.6305155004342979,3
1,ana_crea,47,0.8723404255319149,0.33371036470974724,3
1,ana_trop,848,0.8596698113207547,0.3473292772348635,3
1,tension_,67,128.16417910447763,20.285718095608267,3
1,ana_hemo,3,13.700000000000001,1.6309506430300091,3
1,ana_plaq,2,214.0,19.0,3
1,ana_leuc,14,11.229285714285712,4.69278391984623,3
1,ana_neu,1044,7.356115900383141,3.4140438566248537,3
1,protcrea,1317,25.9988914198937,38.432642638561184,3
1,splanchnic,432,0.03009259259259259,0.17084211560282445,3
2,raza,433,2.930715935334873,0.4296232789334074,3
2,ant_inf,29,0.034482758620689655,0.18246560765962697,3
2,ant_isq,31,0.0,0.0,3
2,ant_clau,31,0.0,0.0,3
2,fum_act,38,0.2631578947368421,0.44034738238635557,3
2,diabetes,29,0.10344827586206896,0.30454347814923605,3
2,hip_art,30,0.3,0.45825756949558394,3
2,insf_car,5,0.0,0.0,3
2,fibr_aur,191,0.015706806282722512,0.12433866059725568,3
2,trat_est,33,0.12121212121212122,0.3263736246748184,3
2,var171,19,0.0,0.0,3
2,tv_l_esu,344,0.020348837209302327,0.1411905167974522,3
2,tvp_orig,1290,0.3054263565891473,0.46058777370858023,3
2,tv_l_ein,256,0.73828125,0.43957029687916527,3
2,tvp_prox,542,0.8634686346863468,0.3433519354820108,3
2,tv_l_svc,443,0.004514672686230248,0.06703946909669298,3
2,tv_l_vre,460,0.002173913043478261,0.04657453322962726,3
2,tv_l_vrn,453,0.006622516556291391,0.0811089318802377,3
2,tv_l_vca,924,0.044372294372294376,0.20592084368619132,3
2,tv_l_yug,933,0.00964630225080386,0.09774073410656377,3
2,tv_l_ova,935,0.0,0.0,3
2,tv_l_sup,936,0.005341880341880342,0.07289269274963969,3
2,tv_l_pul,937,0.0021344717182497333,0.046151010267747386,3
2,tv_l_ove,453,0.039735099337748346,0.19533617488414073,3
2,fr_antfa,697,0.13629842180774748,0.3431051763242065,3
2,fr_tvs_a,255,0.0392156862745098,0.19410774385513066,3
2,fr_viaje,10,0.0,0.0,3
2,fr_estro,14,0.07142857142857142,0.2575393768188564,3
2,fr_varic,28,0.10714285714285714,0.30929478706587094,3
2,fr_antec,1,0.0,0.0,3
2,ana_dime,188,1.4893617021276595,0.614448045880581,3
2,ana_crea,47,0.8723404255319149,0.33371036470974724,3
2,ana_trop,848,0.9068396226415094,0.29065705126302066,3
2,tension_,67,131.26865671641792,22.233215765386166,3
2,ana_hemo,3,13.799999999999999,1.7682382946499788,3
2,ana_plaq,2,214.0,6.0,3
2,ana_leuc,14,10.88357142857143,4.158718221387206,3
2,ana_neu,1044,6.466390804597701,3.2782365281115617,3
2,protcrea,1317,32.86842065299925,44.49092162108143,3
2,splanchnic,432,0.013888888888888888,0.11702985796078276,3
3,raza,433,2.903002309468822,0.5435451522718023,3
3,ant_inf,29,0.034482758620689655,0.18246560765962697,3
3,ant_isq,31,0.06451612903225806,0.2456701001891583,3
3,ant_clau,31,0.0,0.0,3
3,fum_act,38,0.21052631578947367,0.4076824574955175,3
3,diabetes,29,0.06896551724137931,0.2533954906327425,3
3,hip_art,30,0.4,0.4898979485566357,3
3,insf_car,5,0.0,0.0,3
3,fibr_aur,191,0.015706806282722512,0.12433866059725567,3
3,trat_est,33,0.24242424242424243,0.4285495643554833,3
3,var171,19,0.0,0.0,3
3,tv_l_esu,344,0.014534883720930232,0.11968133052464479,3
3,tvp_orig,1290,0.39689922480620154,0.489254770190785,3
3,tv_l_ein,256,0.71484375,0.4514888294143472,3
3,tvp_prox,542,0.8856088560885609,0.31828573657339965,3
3,tv_l_svc,443,0.006772009029345372,0.0820131021425957,3
3,tv_l_vre,460,0.002173913043478261,0.04657453322962727,3
3,tv_l_vrn,453,0.006622516556291391,0.0811089318802377,3
3,tv_l_vca,924,0.06277056277056277,0.2425498283240572,3
3,tv_l_yug,933,0.01607717041800643,0.1257723936695045,3
3,tv_l_ova,935,0.0042780748663101605,0.06526693605301544,3
3,tv_l_sup,936,0.002136752136752137,0.0461756042413981,3
3,tv_l_pul,937,0.005336179295624333,0.07285399430470016,3
3,tv_l_ove,453,0.024282560706401765,0.15392504004203367,3
3,fr_antfa,697,0.13486370157819225,0.3415779319201118,3
3,fr_tvs_a,255,0.03137254901960784,0.17432243741876757,3
3,fr_viaje,10,0.0,0.0,3
3,fr_estro,14,0.0,0.0,3
3,fr_varic,28,0.07142857142857142,0.25753937681885636,3
3,fr_antec,1,0.0,0.0,3
3,ana_dime,188,1.6117021276595744,0.5489557558768892,3
3,ana_crea,47,0.8936170212765957,0.30832716481254124,3
3,ana_trop,848,0.8290094339622641,0.3765007202700023,3
3,tension_,67,131.955223880597,20.43660224981251,3
3,ana_hemo,3,13.533333333333333,0.41096093353126506,3
3,ana_plaq,2,254.0,83.0,3
3,ana_leuc,14,11.452857142857143,4.167888174691674,3
3,ana_neu,1044,6.455297892720306,3.220037929971529,3
3,protcrea,1317,27.25089597570236,36.28899047327282,3
3,splanchnic,432,0.027777777777777776,0.16433554953054486,3
4,raza,433,2.879907621247113,0.633468395862205,3
4,ant_inf,29,0.06896551724137931,0.2533954906327426,3
4,ant_isq,31,0.03225806451612903,0.17668469596940847,3
4,ant_clau,31,0.0,0.0,3
4,fum_act,38,0.18421052631578946,0.38765578585937455,3
4,diabetes,29,0.20689655172413793,0.40508069394726653,3
4,hip_art,30,0.3333333333333333,0.4714045207910317,3
4,insf_car,5,0.0,0.0,3
4,fibr_aur,191,0.015706806282722512,0.1243386605972557,3
4,trat_est,33,0.12121212121212122,0.3263736246748184,3
4,var171,19,0.0,0.0,3
4,tv_l_esu,344,0.00872093023255814,0.09297782320767138,3
4,tvp_orig,1290,0.3124031007751938,0.4634731959900571,3
4,tv_l_ein,256,0.73046875,0.4437163004369318,3
4,tvp_prox,542,0.8985239852398524,0.3019579990471289,3
4,tv_l_svc,443,0.006772009029345372,0.0820131021425957,3
4,tv_l_vre,460,0.006521739130434782,0.08049351557205921,3
4,tv_l_vrn,453,0.002207505518763797,0.04693221109375121,3
4,tv_l_vca,924,0.06926406926406926,0.253902654521475,3
4,tv_l_yug,933,0.01929260450160772,0.1375514446058356,3
4,tv_l_ova,935,0.006417112299465241,0.07984943937938006,3
4,tv_l_sup,936,0.0,0.0,3
4,tv_l_pul,937,0.005336179295624333,0.07285399430470016,3
4,tv_l_ove,453,0.033112582781456956,0.17893054418683832,3
4,fr_antfa,697,0.11764705882352941,0.32218973970892123,3
4,fr_tvs_a,255,0.03137254901960784,0.1743224374187676,3
4,fr_viaje,10,0.0,0.0,3
4,fr_estro,14,0.0,0.0,3
4,fr_varic,28,0.14285714285714285,0.3499271061118826,3
4,fr_antec,1,0.0,0.0,3
4,ana_dime,188,1.6542553191489362,0.5285799711263773,3
4,ana_crea,47,0.8723404255319149,0.3337103647097472,3
4,ana_trop,848,0.875,0.33071891388307384,3
4,tension_,67,136.98507462686567,21.124713218799453,3
4,ana_hemo,3,15.133333333333335,0.4714045207910317,3
4,ana_plaq,2,164.5,113.5,3
4,ana_leuc,14,10.840714285714284,3.9213799762796957,3
4,ana_neu,1044,6.273223180076628,3.222855320467512,3
4,protcrea,1317,69.54545937737281,34.985234929292176,3
4,splanchnic,432,0.018518518518518517,0.13481684980149108,3
5,raza,433,2.9214780600461894,0.5380021507241076,3
5,ant_inf,29,0.0,0.0,3
5,ant_isq,31,0.0,0.0,3
5,ant_clau,31,0.0,0.0,3
5,fum_act,38,0.21052631578947367,0.4076824574955175,3
5,diabetes,29,0.10344827586206896,0.30454347814923605,3
5,hip_art,30,0.3333333333333333,0.4714045207910317,3
5,insf_car,5,0.0,0.0,3
5,fibr_aur,191,0.020942408376963352,0.1431915636772497,3
5,trat_est,33,0.21212121212121213,0.40881022918884974,3
5,var171,19,0.0,0.0,3
5,tv_l_esu,344,0.011627906976744186,0.10720400531735916,3
5,tvp_orig,1290,0.4131782945736434,0.49240429675913566,3
5,tv_l_ein,256,0.75390625,0.4307338113161509,3
5,tvp_prox,542,0.8376383763837638,0.3687822213623317,3
5,tv_l_svc,443,0.009029345372460496,0.09459289769641971,3
5,tv_l_vre,460,0.002173913043478261,0.04657453322962728,3
5,tv_l_vrn,453,0.002207505518763797,0.0469322110937512,3
5,tv_l_vca,924,0.05627705627705628,0.23045595938019336,3
5,tv_l_yug,933,0.013933547695605574,0.11721520355406058,3
5,tv_l_ova,935,0.0,0.0,3
5,tv_l_sup,936,0.00641025641025641,0.07980704870505599,3
5,tv_l_pul,937,0.004268943436499467,0.06519754257972793,3
5,tv_l_ove,453,0.024282560706401765,0.1539250400420337,3
5,fr_antfa,697,0.12625538020086083,0.33213695845418484,3
5,fr_tvs_a,255,0.058823529411764705,0.23529411764705885,3
5,fr_viaje,10,0.1,0.30000000000000004,3
5,fr_estro,14,0.07142857142857142,0.25753937681885636,3
5,fr_varic,28,0.21428571428571427,0.41032590332414487,3
5,fr_antec,1,0.0,0.0,3
5,ana_dime,188,1.5425531914893618,0.5864587852058604,3
5,ana_crea,47,0.7446808510638298,0.4360404581259404,3
5,ana_trop,848,0.8584905660377359,0.3485462868285125,3
5,tension_,67,132.1492537313433,16.32528825952289,3
5,ana_hemo,3,13.633333333333335,1.5584892970081285,3
5,ana_plaq,2,205.5,82.5,3
5,ana_leuc,14,9.81642857142857,3.6612636521578508,3
5,ana_neu,1044,6.927023946360153,3.2084232165945465,3
5,protcrea,1317,60.42446469248292,46.37199068327612,3
5,splanchnic,432,0.020833333333333332,0.1428261375083551,3
1,raza,433,2.928406466512702,0.5861775824019623,4
1,ant_inf,29,0.034482758620689655,0.18246560765962697,4
1,ant_isq,31,0.0,0.0,4
1,ant_clau,31,0.03225806451612903,0.17668469596940847,4
1,fum_act,38,0.2631578947368421,0.44034738238635557,4
1,diabetes,29,0.10344827586206896,0.3045434781492361,4
1,hip_art,30,0.23333333333333334,0.4229525846816506,4
1,insf_car,5,0.0,0.0,4
1,fibr_aur,191,0.005235602094240838,0.07216779451356137,4
1,trat_est,33,0.15151515151515152,0.35855028988482524,4
1,var171,19,0.0,0.0,4
1,tv_l_esu,344,0.0,0.0,4
1,tvp_orig,1290,0.2589147286821705,0.4380386877361503,4
1,tv_l_ein,256,0.73828125,0.43957029687916527,4
1,tvp_prox,542,0.8542435424354243,0.3528618889066964,4
1,tv_l_svc,443,0.009029345372460496,0.0945928976964197,4
1,tv_l_vre,460,0.010869565217391304,0.10368904363227668,4
1,tv_l_vrn,453,0.002207505518763797,0.04693221109375121,4
1,tv_l_vca,924,0.07034632034632035,0.25572977057834545,4
1,tv_l_yug,933,0.012861736334405145,0.11267791297707545,4
1,tv_l_ova,935,0.008556149732620321,0.09210288830635717,4
1,tv_l_sup,936,0.007478632478632479,0.0861551074219168,4
1,tv_l_pul,937,0.004268943436499467,0.06519754257972793,4
1,tv_l_ove,453,0.04194260485651214,0.20045803240170404,4
1,fr_antfa,697,0.1449067431850789,0.3520067882364948,4
1,fr_tvs_a,255,0.03529411764705882,0.18452220166303673,4
1,fr_viaje,10,0.0,0.0,4
1,fr_estro,14,0.0,0.0,4
1,fr_varic,28,0.21428571428571427,0.410325903324145,4
1,fr_antec,1,1.0,0.0,4
1,ana_dime,188,1.4946808510638299,0.6145171121479693,4
1,ana_crea,47,0.8297872340425532,0.37581961133309993,4
1,ana_trop,848,0.8808962264150944,0.32391058133803097,4
1,tension_,67,127.19402985074628,21.383658711261408,4
1,ana_hemo,3,13.666666666666666,1.3888444437333107,4
1,ana_plaq,2,237.5,68.5,4
1,ana_leuc,14,9.132857142857143,2.476920405236622,4
1,ana_neu,1044,6.629340038314177,3.2126755816600334,4
1,protcrea,1317,50.548883826879276,53.363031799544515,4
1,splanchnic,432,0.023148148148148147,0.15037390526770109,4
2,raza,433,2.9376443418013856,0.6103729924435339,4
2,ant_inf,29,0.06896551724137931,0.2533954906327426,4
2,ant_isq,31,0.0967741935483871,0.29565004483586066,4
2,ant_clau,31,0.0,0.0,4
2,fum_act,38,0.23684210526315788,0.42514459003693444,4
2,diabetes,29,0.10344827586206896,0.30454347814923605,4
2,hip_art,30,0.36666666666666664,0.48189440982669857,4
2,insf_car,5,0.2,0.4,4
2,fibr_aur,191,0.015706806282722512,0.12433866059725565,4
2,trat_est,33,0.24242424242424243,0.4285495643554833,4
2,var171,19,0.0,0.0,4
2,tv_l_esu,344,0.01744186046511628,0.13091081685113606,4
2,tvp_orig,1290,0.24728682170542635,0.43143487285597926,4
2,tv_l_ein,256,0.765625,0.4236075534914362,4
2,tvp_prox,542,0.8505535055350554,0.3565280350226107,4
2,tv_l_svc,443,0.011286681715575621,0.10563755265731456,4
2,tv_l_vre,460,0.013043478260869565,0.11346076826695553,4
2,tv_l_vrn,453,0.0,0.0,4
2,tv_l_vca,924,0.05952380952380952,0.23660246326609272,4
2,tv_l_yug,933,0.020364415862808145,0.14124342968568396,4
2,tv_l_ova,935,0.0032085561497326204,0.05655317247658732,4
2,tv_l_sup,936,0.004273504273504274,0.06523221163450321,4
2,tv_l_pul,937,0.0021344717182497333,0.046151010267747386,4
2,tv_l_ove,453,0.05077262693156733,0.2195330664980454,4
2,fr_antfa,697,0.133428981348637,0.3400377747911283,4
2,fr_tvs_a,255,0.0392156862745098,0.1941077438551307,4
2,fr_viaje,10,0.1,0.30000000000000004,4
2,fr_estro,14,0.07142857142857142,0.25753937681885636,4
2,fr_varic,28,0.17857142857142858,0.3829930462415574,4
2,fr_antec,1,0.0,0.0,4
2,ana_dime,188,1.5851063829787233,0.572593474076506,4
2,ana_crea,47,0.851063829787234,0.3560255432059895,4
2,ana_trop,848,0.8679245283018868,0.3385728008476672,4
2,tension_,67,133.53731343283582,21.827224106270176,4
2,ana_hemo,3,15.200000000000001,0.4966554808583779,4
2,ana_plaq,2,304.5,93.5,4
2,ana_leuc,14,9.152857142857144,1.937920198015788,4
2,ana_neu,1044,6.536404214559388,3.143870906882044,4
2,protcrea,1317,62.762467729688694,55.05645257362951,4
2,splanchnic,432,0.016203703703703703,0.12625824206754296,4
3,raza,433,2.9214780600461894,0.46426642337594975,4
3,ant_inf,29,0.0,0.0,4
3,ant_isq,31,0.03225806451612903,0.17668469596940845,4
3,ant_clau,31,0.0,0.0,4
3,fum_act,38,0.21052631578947367,0.4076824574955175,4
3,diabetes,29,0.20689655172413793,0.40508069394726653,4
3,hip_art,30,0.3333333333333333,0.4714045207910317,4
3,insf_car,5,0.0,0.0,4
3,fibr_aur,191,0.020942408376963352,0.1431915636772497,4
3,trat_est,33,0.21212121212121213,0.40881022918884974,4
3,var171,19,0.05263157894736842,0.22329687826943606,4
3,tv_l_esu,344,0.014534883720930232,0.11968133052464479,4
3,tvp_orig,1290,0.2069767441860465,0.4051387065588653,4
3,tv_l_ein,256,0.74609375,0.4352446050336954,4
3,tvp_prox,542,0.8763837638376384,0.3291432246293593,4
3,tv_l_svc,443,0.011286681715575621,0.10563755265731456,4
3,tv_l_vre,460,0.015217391304347827,0.1224165932634877,4
3,tv_l_vrn,453,0.008830022075055188,0.093552406624358,4
3,tv_l_vca,924,0.046536796536796536,0.21064454207239583,4
3,tv_l_yug,933,0.013933547695605574,0.11721520355406059,4
3,tv_l_ova,935,0.006417112299465241,0.07984943937938005,4
3,tv_l_sup,936,0.010683760683760684,0.102808647211277,4
3,tv_l_pul,937,0.0021344717182497333,0.046151010267747386,4
3,tv_l_ove,453,0.04415011037527594,0.20542852316347623,4
3,fr_antfa,697,0.1406025824964132,0.3476111279745695,4
3,fr_tvs_a,255,0.06274509803921569,0.24250391896063225,4
3,fr_viaje,10,0.0,0.0,4
3,fr_estro,14,0.0,0.0,4
3,fr_varic,28,0.07142857142857142,0.25753937681885636,4
3,fr_antec,1,0.0,0.0,4
3,ana_dime,188,1.601063829787234,0.5212494565232257,4
3,ana_crea,47,0.9574468085106383,0.20184751022351363,4
3,ana_trop,848,0.8490566037735849,0.3579936973775524,4
3,tension_,67,129.52238805970148,21.206418493983065,4
3,ana_hemo,3,13.533333333333333,1.2256517540566825,4
3,ana_plaq,2,165.5,23.5,4
3,ana_leuc,14,8.767857142857144,2.4791449521715245,4
3,ana_neu,1044,6.466152298850575,3.2728243463254865,4
3,protcrea,1317,25.166476841305997,41.03934898314263,4
3,splanchnic,432,0.018518518518518517,0.13481684980149108,4
4,raza,433,2.933025404157044,0.6211397865686555,4
4,ant_inf,29,0.0,0.0,4
4,ant_isq,31,0.06451612903225806,0.2456701001891583,4
4,ant_clau,31,0.03225806451612903,0.17668469596940847,4
4,fum_act,38,0.34210526315789475,0.47441464150841967,4
4,diabetes,29,0.034482758620689655,0.18246560765962697,4
4,hip_art,30,0.36666666666666664,0.48189440982669857,4
4,insf_car,5,0.0,0.0,4
4,fibr_aur,191,0.005235602094240838,0.07216779451356137,4
4,trat_est,33,0.15151515151515152,0.35855028988482524,4
4,var171,19,0.05263157894736842,0.22329687826943606,4
4,tv_l_esu,344,0.0029069767441860465,0.05383796272515156,4
4,tvp_orig,1290,0.23875968992248062,0.4263255802677122,4
4,tv_l_ein,256,0.7578125,0.42840718346422485,4
4,tvp_prox,542,0.8542435424354243,0.3528618889066964,4
4,tv_l_svc,443,0.006772009029345372,0.0820131021425957,4
4,tv_l_vre,460,0.008695652173913044,0.09284415871331575,4
4,tv_l_vrn,453,0.0,0.0,4
4,tv_l_vca,924,0.049783549783549784,0.2174974665473108,4
4,tv_l_yug,933,0.01607717041800643,0.1257723936695045,4
4,tv_l_ova,935,0.0,0.0,4
4,tv_l_sup,936,0.004273504273504274,0.06523221163450321,4
4,tv_l_pul,937,0.0021344717182497333,0.046151010267747386,4
4,tv_l_ove,453,0.039735099337748346,0.19533617488414073,4
4,fr_antfa,697,0.1678622668579627,0.37374393135309747,4
4,fr_tvs_a,255,0.047058823529411764,0.2117647058823529,4
4,fr_viaje,10,0.0,0.0,4
4,fr_estro,14,0.0,0.0,4
4,fr_varic,28,0.14285714285714285,0.3499271061118826,4
4,fr_antec,1,0.0,0.0,4
4,ana_dime,188,1.574468085106383,0.5552335468382932,4
4,ana_crea,47,0.8297872340425532,0.3758196113330999,4
4,ana_trop,848,0.8419811320754716,0.3647586946247872,4
4,tension_,67,133.1492537313433,19.114934171958502,4
4,ana_hemo,3,15.666666666666666,0.8055363982396386,4
4,ana_plaq,2,266.0,35.0,4
4,ana_leuc,14,8.804285714285715,2.784707510380102,4
4,ana_neu,1044,6.6297442528735635,3.238078786665746,4
4,protcrea,1317,41.76411541381929,52.13581899465398,4
4,splanchnic,432,0.027777777777777776,0.16433554953054486,4
5,raza,433,2.9006928406466512,0.5700974191451398,4
5,ant_inf,29,0.0,0.0,4
5,ant_isq,31,0.03225806451612903,0.17668469596940847,4
5,ant_clau,31,0.0,0.0,4
5,fum_act,38,0.2894736842105263,0.45351810367405493,4
5,diabetes,29,0.10344827586206896,0.30454347814923605,4
5,hip_art,30,0.3,0.45825756949558394,4
5,insf_car,5,0.0,0.0,4
5,fibr_aur,191,0.010471204188481676,0.10179173871844809,4
5,trat_est,33,0.18181818181818182,0.385694607919935,4
5,var171,19,0.0,0.0,4
5,tv_l_esu,344,0.020348837209302327,0.1411905167974522,4
5,tvp_orig,1290,0.22635658914728682,0.41847256026756785,4
5,tv_l_ein,256,0.74609375,0.4352446050336954,4
5,tvp_prox,542,0.8726937269372693,0.33331574505505746,4
5,tv_l_svc,443,0.006772009029345372,0.08201310214259572,4
5,tv_l_vre,460,0.0,0.0,4
5,tv_l_vrn,453,0.002207505518763797,0.04693221109375121,4
5,tv_l_vca,924,0.07142857142857142,0.25753937681885636,4
5,tv_l_yug,933,0.013933547695605574,0.11721520355406058,4
5,tv_l_ova,935,0.013903743315508022,0.11709154212548611,4
5,tv_l_sup,936,0.0,0.0,4
5,tv_l_pul,937,0.0064034151547491995,0.07976472546875046,4
5,tv_l_ove,453,0.01545253863134658,0.12334406220484764,4
5,fr_antfa,697,0.11621233859397417,0.3204793767974683,4
5,fr_tvs_a,255,0.058823529411764705,0.23529411764705882,4
5,fr_viaje,10,0.0,0.0,4
5,fr_estro,14,0.0,0.0,4
5,fr_varic,28,0.17857142857142858,0.3829930462415574,4
5,fr_antec,1,0.0,0.0,4
5,ana_dime,188,1.5957446808510638,0.5119663581070624,4
5,ana_crea,47,0.851063829787234,0.3560255432059895,4
5,ana_trop,848,0.8797169811320755,0.3252921982463506,4
5,tension_,67,134.82089552238807,21.182874928649692,4
5,ana_hemo,3,15.066666666666668,0.9809292646374775,4
5,ana_plaq,2,216.0,14.0,4
5,ana_leuc,14,9.883571428571427,3.7390002619929934,4
5,ana_neu,1044,6.5408084291187745,3.203948605749075,4
5,protcrea,1317,50.97981017463933,54.79848486959698,4
5,splanchnic,432,0.03009259259259259,0.17084211560282445,4
1,raza,433,2.953810623556582,0.6322294809335491,5
1,ant_inf,29,0.034482758620689655,0.18246560765962697,5
1,ant_isq,31,0.0,0.0,5
1,ant_clau,31,0.06451612903225806,0.2456701001891583,5
1,fum_act,38,0.15789473684210525,0.3646422752776584,5
1,diabetes,29,0.20689655172413793,0.40508069394726653,5
1,hip_art,30,0.5333333333333333,0.49888765156985887,5
1,insf_car,5,0.0,0.0,5
1,fibr_aur,191,0.02617801047120419,0.1596644050468786,5
1,trat_est,33,0.12121212121212122,0.3263736246748184,5
1,var171,19,0.0,0.0,5
1,tv_l_esu,344,0.005813953488372093,0.07602730715477918,5
1,tvp_orig,1290,0.31007751937984496,0.4625250818659317,5
1,tv_l_ein,256,0.7109375,0.45332700238762524,5
1,tvp_prox,542,0.8062730627306273,0.39521742249754277,5
1,tv_l_svc,443,0.01580135440180587,0.12470634146215022,5
1,tv_l_vre,460,0.006521739130434782,0.08049351557205921,5
1,tv_l_vrn,453,0.004415011037527594,0.06629870824583313,5
1,tv_l_vca,924,0.049783549783549784,0.2174974665473108,5
1,tv_l_yug,933,0.01822079314040729,0.13374900312803,5
1,tv_l_ova,935,0.0,0.0,5
1,tv_l_sup,936,0.007478632478632479,0.0861551074219168,5
1,tv_l_pul,937,0.007470651013874066,0.08610946746614433,5
1,tv_l_ove,453,0.04194260485651214,0.20045803240170404,5
1,fr_antfa,697,0.15494978479196556,0.36185680729383707,5
1,fr_tvs_a,255,0.06666666666666667,0.24944382578492946,5
1,fr_viaje,10,0.1,0.30000000000000004,5
1,fr_estro,14,0.0,0.0,5
1,fr_varic,28,0.14285714285714285,0.3499271061118826,5
1,fr_antec,1,0.0,0.0,5
1,ana_dime,188,1.6063829787234043,0.5303167481112561,5
1,ana_crea,47,0.9148936170212766,0.2790399372043405,5
1,ana_trop,848,0.8891509433962265,0.31394512777526423,5
1,tension_,67,128.88059701492537,18.843045661273205,5
1,ana_hemo,3,13.700000000000001,2.336664289109584,5
1,ana_plaq,2,207.5,0.5,5
1,ana_leuc,14,9.010714285714286,3.076694572068524,5
1,ana_neu,1044,6.5560277777777785,3.191080335416644,5
1,protcrea,1317,41.194312832194385,50.15287859345317,5
1,splanchnic,432,0.016203703703703703,0.12625824206754296,5
2,raza,433,2.9815242494226326,0.4605754859741515,5
2,ant_inf,29,0.034482758620689655,0.18246560765962697,5
2,ant_isq,31,0.06451612903225806,0.24567010018915833,5
2,ant_clau,31,0.03225806451612903,0.17668469596940847,5
2,fum_act,38,0.23684210526315788,0.4251445900369345,5
2,diabetes,29,0.0,0.0,5
2,hip_art,30,0.13333333333333333,0.33993463423951903,5
2,insf_car,5,0.0,0.0,5
2,fibr_aur,191,0.015706806282722512,0.12433866059725565,5
2,trat_est,33,0.09090909090909091,0.28747978728803447,5
2,var171,19,0.05263157894736842,0.22329687826943606,5
2,tv_l_esu,344,0.014534883720930232,0.11968133052464479,5
2,tvp_orig,1290,0.30465116279069765,0.4602595265727517,5
2,tv_l_ein,256,0.75390625,0.4307338113161509,5
2,tvp_prox,542,0.8745387453874539,0.3312411933977898,5
2,tv_l_svc,443,0.020316027088036117,0.14107900669977194,5
2,tv_l_vre,460,0.008695652173913044,0.09284415871331575,5
2,tv_l_vrn,453,0.006622516556291391,0.0811089318802377,5
2,tv_l_vca,924,0.05627705627705628,0.23045595938019336,5
2,tv_l_yug,933,0.021436227224008574,0.14483340563008676,5
2,tv_l_ova,935,0.008556149732620321,0.09210288830635717,5
2,tv_l_sup,936,0.0010683760683760685,0.03266855737483046,5
2,tv_l_pul,937,0.004268943436499467,0.06519754257972793,5
2,tv_l_ove,453,0.037527593818984545,0.19005071302455526,5
2,fr_antfa,697,0.17216642754662842,0.3775250306568559,5
2,fr_tvs_a,255,0.03137254901960784,0.1743224374187676,5
2,fr_viaje,10,0.1,0.30000000000000004,5
2,fr_estro,14,0.07142857142857142,0.25753937681885636,5
2,fr_varic,28,0.07142857142857142,0.25753937681885636,5
2,fr_antec,1,0.0,0.0,5
2,ana_dime,188,1.5372340425531914,0.5868205065658587,5
2,ana_crea,47,0.9574468085106383,0.2018475102235136,5
2,ana_trop,848,0.8891509433962265,0.31394512777526423,5
2,tension_,67,131.3582089552239,22.325744120263984,5
2,ana_hemo,3,14.366666666666667,0.5792715732327591,5
2,ana_plaq,2,387.5,179.5,5
2,ana_leuc,14,8.692142857142857,3.232202209399805,5
2,ana_neu,1044,6.589407088122606,3.2527445196248905,5
2,protcrea,1317,38.42326499620349,46.32031896255791,5
2,splanchnic,432,0.011574074074074073,0.10695847270507335,5
3,raza,433,2.861431870669746,0.6405935329502644,5
3,ant_inf,29,0.0,0.0,5
3,ant_isq,31,0.03225806451612903,0.17668469596940847,5
3,ant_clau,31,0.0,0.0,5
3,fum_act,38,0.23684210526315788,0.4251445900369345,5
3,diabetes,29,0.10344827586206896,0.30454347814923605,5
3,hip_art,30,0.3,0.45825756949558394,5
3,insf_car,5,0.0,0.0,5
3,fibr_aur,191,0.010471204188481676,0.10179173871844809,5
3,trat_est,33,0.12121212121212122,0.3263736246748184,5
3,var171,19,0.05263157894736842,0.22329687826943606,5
3,tv_l_esu,344,0.0029069767441860465,0.05383796272515156,5
3,tvp_orig,1290,0.27596899224806204,0.4470012388860361,5
3,tv_l_ein,256,0.75390625,0.4307338113161509,5
3,tvp_prox,542,0.8819188191881919,0.3227042230121837,5
3,tv_l_svc,443,0.009029345372460496,0.09459289769641971,5
3,tv_l_vre,460,0.008695652173913044,0.09284415871331575,5
3,tv_l_vrn,453,0.011037527593818985,0.10447823016511464,5
3,tv_l_vca,924,0.08441558441558442,0.27801006011178764,5
3,tv_l_yug,933,0.01929260450160772,0.1375514446058356,5
3,tv_l_ova,935,0.0032085561497326204,0.05655317247658732,5
3,tv_l_sup,936,0.005341880341880342,0.07289269274963968,5
3,tv_l_pul,937,0.005336179295624333,0.07285399430470017,5
3,tv_l_ove,453,0.04194260485651214,0.20045803240170404,5
3,fr_antfa,697,0.12482065997130559,0.3305154501920195,5
3,fr_tvs_a,255,0.03137254901960784,0.1743224374187676,5
3,fr_viaje,10,0.0,0.0,5
3,fr_estro,14,0.0,0.0,5
3,fr_varic,28,0.14285714285714285,0.3499271061118826,5
3,fr_antec,1,0.0,0.0,5
3,ana_dime,188,1.5638297872340425,0.5845258241623895,5
3,ana_crea,47,0.8936170212765957,0.30832716481254124,5
3,ana_trop,848,0.8195754716981132,0.3845406583040712,5
3,tension_,67,135.44776119402985,24.31281437326707,5
3,ana_hemo,3,12.366666666666667,1.562761089297472,5
3,ana_plaq,2,222.5,33.5,5
3,ana_leuc,14,8.208785714285712,3.1285727959879592,5
3,ana_neu,1044,6.359849616858238,3.2631101005254473,5
3,protcrea,1317,55.29013667425967,55.97519673605118,5
3,splanchnic,432,0.016203703703703703,0.12625824206754296,5
4,raza,433,2.960739030023095,0.619790181867229,5
4,ant_inf,29,0.0,0.0,5
4,ant_isq,31,0.0,0.0,5
4,ant_clau,31,0.0,0.0,5
4,fum_act,38,0.18421052631578946,0.3876557858593746,5
4,diabetes,29,0.06896551724137931,0.2533954906327426,5
4,hip_art,30,0.26666666666666666,0.4422166387140533,5
4,insf_car,5,0.0,0.0,5
4,fibr_aur,191,0.0,0.0,5
4,trat_est,33,0.09090909090909091,0.28747978728803447,5
4,var171,19,0.0,0.0,5
4,tv_l_esu,344,0.005813953488372093,0.07602730715477918,5
4,tvp_orig,1290,0.31085271317829455,0.4628426340431351,5
4,tv_l_ein,256,0.81640625,0.3871525344885882,5
4,tvp_prox,542,0.9040590405904059,0.2945102574056814,5
4,tv_l_svc,443,0.011286681715575621,0.10563755265731456,5
4,tv_l_vre,460,0.004347826086956522,0.06579454761052851,5
4,tv_l_vrn,453,0.008830022075055188,0.093552406624358,5
4,tv_l_vca,924,0.04004329004329004,0.19606076855352525,5
4,tv_l_yug,933,0.02465166130760986,0.15506113923992929,5
4,tv_l_ova,935,0.0053475935828877,0.07293145292505807,5
4,tv_l_sup,936,0.004273504273504274,0.0652322116345032,5
4,tv_l_pul,937,0.008537886872998933,0.09200538767236842,5
4,tv_l_ove,453,0.037527593818984545,0.19005071302455526,5
4,fr_antfa,697,0.15351506456241032,0.3604832721705812,5
4,fr_tvs_a,255,0.047058823529411764,0.2117647058823529,5
4,fr_viaje,10,0.1,0.30000000000000004,5
4,fr_estro,14,0.0,0.0,5
4,fr_varic,28,0.07142857142857142,0.25753937681885636,5
4,fr_antec,1,0.0,0.0,5
4,ana_dime,188,1.5319148936170213,0.5687262299839855,5
4,ana_crea,47,0.8936170212765957,0.3083271648125412,5
4,ana_trop,848,0.8655660377358491,0.3411179738068808,5
4,tension_,67,132.91044776119404,20.049737664032534,5
4,ana_hemo,3,16.166666666666668,1.517307556898806,5
4,ana_plaq,2,183.5,44.5,5
4,ana_leuc,14,9.211428571428572,3.5683646857646494,5
4,ana_neu,1044,6.579187739463602,3.3165839146961633,5
4,protcrea,1317,30.7069324221716,42.07701298658432,5
4,splanchnic,432,0.011574074074074073,0.10695847270507335,5
5,raza,433,2.9099307159353347,0.5953772998266815,5
5,ant_inf,29,0.0,0.0,5
5,ant_isq,31,0.06451612903225806,0.2456701001891583,5
5,ant_clau,31,0.06451612903225806,0.2456701001891583,5
5,fum_act,38,0.34210526315789475,0.4744146415084196,5
5,diabetes,29,0.0,0.0,5
5,hip_art,30,0.23333333333333334,0.4229525846816506,5
5,insf_car,5,0.0,0.0,5
5,fibr_aur,191,0.005235602094240838,0.07216779451356137,5
5,trat_est,33,0.06060606060606061,0.2386062992124791,5
5,var171,19,0.0,0.0,5
5,tv_l_esu,344,0.014534883720930232,0.11968133052464479,5
5,tvp_orig,1290,0.3062015503875969,0.4609144833131509,5
5,tv_l_ein,256,0.80078125,0.39941286865652875,5
5,tvp_prox,542,0.8597785977859779,0.34721659029366025,5
5,tv_l_svc,443,0.024830699774266364,0.15560892044798272,5
5,tv_l_vre,460,0.006521739130434782,0.08049351557205921,5
5,tv_l_vrn,453,0.002207505518763797,0.04693221109375121,5
5,tv_l_vca,924,0.048701298701298704,0.21524284472684704,5
5,tv_l_yug,933,0.01607717041800643,0.1257723936695045,5
5,tv_l_ova,935,0.0,0.0,5
5,tv_l_sup,936,0.0,0.0,5
5,tv_l_pul,937,0.010672358591248666,0.10275436415719025,5
5,tv_l_ove,453,0.026490066225165563,0.1605874920924787,5
5,fr_antfa,697,0.12195121951219512,0.32722946012192045,5
5,fr_tvs_a,255,0.058823529411764705,0.23529411764705885,5
5,fr_viaje,10,0.1,0.30000000000000004,5
5,fr_estro,14,0.0,0.0,5
5,fr_varic,28,0.14285714285714285,0.3499271061118826,5
5,fr_antec,1,0.0,0.0,5
5,ana_dime,188,1.622340425531915,0.516669830643992,5
5,ana_crea,47,0.9574468085106383,0.20184751022351363,5
5,ana_trop,848,0.8702830188679245,0.33599179445048394,5
5,tension_,67,131.97014925373134,20.536803620885067,5
5,ana_hemo,3,13.933333333333332,0.9533566430716724,5
5,ana_plaq,2,218.0,7.0,5
5,ana_leuc,14,8.452142857142857,3.695205732860251,5
5,ana_neu,1044,6.6668611111111105,3.1611925851190708,5
5,protcrea,1317,43.60261199696279,48.92029771459889,5
5,splanchnic,432,0.03009259259259259,0.17084211560282445,5
1,raza,433,2.868360277136259,0.7590813333644022,6
1,ant_inf,29,0.06896551724137931,0.2533954906327426,6
1,ant_isq,31,0.03225806451612903,0.17668469596940847,6
1,ant_clau,31,0.03225806451612903,0.17668469596940847,6
1,fum_act,38,0.07894736842105263,0.2696565991042,6
1,diabetes,29,0.06896551724137931,0.2533954906327425,6
1,hip_art,30,0.23333333333333334,0.4229525846816506,6
1,insf_car,5,0.0,0.0,6
1,fibr_aur,191,0.03664921465968586,0.18789904130812943,6
1,trat_est,33,0.15151515151515152,0.35855028988482524,6
1,var171,19,0.05263157894736842,0.22329687826943606,6
1,tv_l_esu,344,0.005813953488372093,0.07602730715477918,6
1,tvp_orig,1290,0.19069767441860466,0.3928512076982079,6
1,tv_l_ein,256,0.76171875,0.4260320362348793,6
1,tvp_prox,542,0.8708487084870848,0.33536731416979376,6
1,tv_l_svc,443,0.006772009029345372,0.08201310214259569,6
1,tv_l_vre,460,0.01956521739130435,0.13850061248866502,6
1,tv_l_vrn,453,0.008830022075055188,0.093552406624358,6
1,tv_l_vca,924,0.05519480519480519,0.22836010744942445,6
1,tv_l_yug,933,0.0,0.0,6
1,tv_l_ova,935,0.0,0.0,6
1,tv_l_sup,936,0.00641025641025641,0.07980704870505599,6
1,tv_l_pul,937,0.005336179295624333,0.07285399430470017,6
1,tv_l_ove,453,0.05077262693156733,0.2195330664980454,6
1,fr_antfa,697,0.17073170731707318,0.37627435659857345,6
1,fr_tvs_a,255,0.043137254901960784,0.20316602112923324,6
1,fr_viaje,10,0.0,0.0,6
1,fr_estro,14,0.07142857142857142,0.2575393768188564,6
1,fr_varic,28,0.10714285714285714,0.30929478706587094,6
1,fr_antec,1,0.0,0.0,6
1,ana_dime,188,1.547872340425532,0.5287940361229533,6
1,ana_crea,47,0.9574468085106383,0.20184751022351363,6
1,ana_trop,848,0.8903301886792453,0.3124777492968496,6
1,tension_,67,128.28358208955223,21.111506355574683,6
1,ana_hemo,3,14.333333333333334,0.880656320908194,6
1,ana_plaq,2,205.5,41.5,6
1,ana_leuc,14,7.688571428571428,2.2581119077129683,6
1,ana_neu,1044,5.678085249042146,3.153506066417478,6
1,protcrea,1317,45.821419893697794,54.740532963799495,6
1,splanchnic,432,0.023148148148148147,0.15037390526770106,6
2,raza,433,2.8822170900692843,0.5982906204327192,6
2,ant_inf,29,0.034482758620689655,0.18246560765962697,6
2,ant_isq,31,0.03225806451612903,0.17668469596940845,6
2,ant_clau,31,0.06451612903225806,0.24567010018915833,6
2,fum_act,38,0.2894736842105263,0.45351810367405493,6
2,diabetes,29,0.06896551724137931,0.2533954906327426,6
2,hip_art,30,0.2,0.4000000000000001,6
2,insf_car,5,0.0,0.0,6
2,fibr_aur,191,0.015706806282722512,0.12433866059725565,6
2,trat_est,33,0.18181818181818182,0.385694607919935,6
2,var171,19,0.05263157894736842,0.22329687826943606,6
2,tv_l_esu,344,0.00872093023255814,0.09297782320767138,6
2,tvp_orig,1290,0.1496124031007752,0.35669108755222123,6
2,tv_l_ein,256,0.7421875,0.43743023997404434,6
2,tvp_prox,542,0.8948339483394834,0.30676726233197404,6
2,tv_l_svc,443,0.011286681715575621,0.10563755265731457,6
2,tv_l_vre,460,0.010869565217391304,0.10368904363227667,6
2,tv_l_vrn,453,0.008830022075055188,0.093552406624358,6
2,tv_l_vca,924,0.07142857142857142,0.25753937681885636,6
2,tv_l_yug,933,0.012861736334405145,0.11267791297707545,6
2,tv_l_ova,935,0.0106951871657754,0.10286301637257403,6
2,tv_l_sup,936,0.003205128205128205,0.05652305156586025,6
2,tv_l_pul,937,0.0096051227321238,0.09753391384244064,6
2,tv_l_ove,453,0.04856512141280353,0.21495708965968807,6
2,fr_antfa,697,0.14777618364418937,0.35487798352637806,6
2,fr_tvs_a,255,0.03529411764705882,0.1845222016630367,6
2,fr_viaje,10,0.1,0.30000000000000004,6
2,fr_estro,14,0.0,0.0,6
2,fr_varic,28,0.21428571428571427,0.41032590332414487,6
2,fr_antec,1,0.0,0.0,6
2,ana_dime,188,1.5372340425531914,0.5868205065658587,6
2,ana_crea,47,0.8936170212765957,0.3083271648125413,6
2,ana_trop,848,0.8419811320754716,0.3647586946247872,6
2,tension_,67,127.08955223880596,17.419950257210527,6
2,ana_hemo,3,15.4,0.8164965809277254,6
2,ana_plaq,2,235.5,43.5,6
2,ana_leuc,14,7.132857142857143,1.9313038843945687,6
2,ana_neu,1044,6.4544980842911865,3.233478830562755,6
2,protcrea,1317,50.95176917236142,56.56829164177951,6
2,splanchnic,432,0.013888888888888888,0.11702985796078277,6
3,raza,433,2.8960739030023093,0.6801767968020234,6
3,ant_inf,29,0.0,0.0,6
3,ant_isq,31,0.03225806451612903,0.17668469596940847,6
3,ant_clau,31,0.0,0.0,6
3,fum_act,38,0.18421052631578946,0.3876557858593746,6
3,diabetes,29,0.06896551724137931,0.2533954906327426,6
3,hip_art,30,0.36666666666666664,0.48189440982669857,6
3,insf_car,5,0.0,0.0,6
3,fibr_aur,191,0.005235602094240838,0.07216779451356137,6
3,trat_est,33,0.06060606060606061,0.2386062992124791,6
3,var171,19,0.0,0.0,6
3,tv_l_esu,344,0.00872093023255814,0.09297782320767138,6
3,tvp_orig,1290,0.22790697674418606,0.4194822841259343,6
3,tv_l_ein,256,0.734375,0.4416654382844553,6
3,tvp_prox,542,0.8837638376383764,0.320507904615574,6
3,tv_l_svc,443,0.002257336343115124,0.04745777887500821,6
3,tv_l_vre,460,0.015217391304347827,0.12241659326348771,6
3,tv_l_vrn,453,0.006622516556291391,0.0811089318802377,6
3,tv_l_vca,924,0.06926406926406926,0.25390265452147504,6
3,tv_l_yug,933,0.01929260450160772,0.13755144460583563,6
3,tv_l_ova,935,0.0021390374331550803,0.04620023757530518,6
3,tv_l_sup,936,0.0,0.0,6
3,tv_l_pul,937,0.005336179295624333,0.07285399430470017,6
3,tv_l_ove,453,0.05739514348785872,0.23259608980347635,6
3,fr_antfa,697,0.13199426111908177,0.338484528672596,6
3,fr_tvs_a,255,0.0392156862745098,0.1941077438551307,6
3,fr_viaje,10,0.0,0.0,6
3,fr_estro,14,0.07142857142857142,0.25753937681885636,6
3,fr_varic,28,0.21428571428571427,0.410325903324145,6
3,fr_antec,1,0.0,0.0,6
3,ana_dime,188,1.5904255319148937,0.5431525683816755,6
3,ana_crea,47,0.8723404255319149,0.33371036470974724,6
3,ana_trop,848,0.8525943396226415,0.35450984706503336,6
3,tension_,67,131.7910447761194,21.229757567412996,6
3,ana_hemo,3,15.266666666666666,0.8013876853447536,6
3,ana_plaq,2,148.0,5.0,6
3,ana_leuc,14,7.93,2.1074392043425596,6
3,ana_neu,1044,7.148555555555556,3.1830664815301586,6
3,protcrea,1317,40.48721336370539,52.6505622519504,6
3,splanchnic,432,0.016203703703703703,0.12625824206754296,6
4,raza,433,2.930715935334873,0.5174137990038967,6
4,ant_inf,29,0.0,0.0,6
4,ant_isq,31,0.03225806451612903,0.17668469596940847,6
4,ant_clau,31,0.0,0.0,6
4,fum_act,38,0.21052631578947367,0.4076824574955175,6
4,diabetes,29,0.06896551724137931,0.2533954906327426,6
4,hip_art,30,0.36666666666666664,0.48189440982669857,6
4,insf_car,5,0.0,0.0,6
4,fibr_aur,191,0.015706806282722512,0.12433866059725567,6
4,trat_est,33,0.21212121212121213,0.40881022918884974,6
4,var171,19,0.0,0.0,6
4,tv_l_esu,344,0.01744186046511628,0.13091081685113606,6
4,tvp_orig,1290,0.25736434108527134,0.43718181231956055,6
4,tv_l_ein,256,0.73046875,0.4437163004369318,6
4,tvp_prox,542,0.9059040590405905,0.291962146269637,6
4,tv_l_svc,443,0.006772009029345372,0.08201310214259569,6
4,tv_l_vre,460,0.010869565217391304,0.10368904363227668,6
4,tv_l_vrn,453,0.006622516556291391,0.08110893188023768,6
4,tv_l_vca,924,0.07251082251082251,0.25933183979146585,6
4,tv_l_yug,933,0.022508038585209004,0.14832877935267905,6
4,tv_l_ova,935,0.0042780748663101605,0.06526693605301544,6
4,tv_l_sup,936,0.0010683760683760685,0.03266855737483046,6
4,tv_l_pul,937,0.0,0.0,6
4,tv_l_ove,453,0.052980132450331126,0.2239938347720233,6
4,fr_antfa,697,0.11190817790530846,0.3152534498197003,6
4,fr_tvs_a,255,0.08627450980392157,0.28076897756343133,6
4,fr_viaje,10,0.0,0.0,6
4,fr_estro,14,0.07142857142857142,0.25753937681885636,6
4,fr_varic,28,0.14285714285714285,0.3499271061118826,6
4,fr_antec,1,0.0,0.0,6
4,ana_dime,188,1.6063829787234043,0.5402537840678563,6
4,ana_crea,47,0.8936170212765957,0.3083271648125412,6
4,ana_trop,848,0.8242924528301887,0.38057115633923155,6
4,tension_,67,130.13432835820896,17.718272482744414,6
4,ana_hemo,3,14.833333333333334,0.8013876853447544,6
4,ana_plaq,2,182.0,8.0,6
4,ana_leuc,14,8.156428571428572,2.704555963403914,6
4,ana_neu,1044,6.29501245210728,3.2047218355027938,6
4,protcrea,1317,27.960151860288533,45.14985139420143,6
4,splanchnic,432,0.016203703703703703,0.12625824206754296,6
5,raza,433,2.9491916859122402,0.4921607566331097,6
5,ant_inf,29,0.0,0.0,6
5,ant_isq,31,0.0,0.0,6
5,ant_clau,31,0.03225806451612903,0.17668469596940847,6
5,fum_act,38,0.3684210526315789,0.4823763889427199,6
5,diabetes,29,0.10344827586206896,0.30454347814923605,6
5,hip_art,30,0.3333333333333333,0.4714045207910317,6
5,insf_car,5,0.0,0.0,6
5,fibr_aur,191,0.02617801047120419,0.1596644050468786,6
5,trat_est,33,0.12121212121212122,0.3263736246748184,6
5,var171,19,0.0,0.0,6
5,tv_l_esu,344,0.005813953488372093,0.07602730715477918,6
5,tvp_orig,1290,0.1,0.30000000000000004,6
5,tv_l_ein,256,0.7890625,0.4079741059108409,6
5,tvp_prox,542,0.9169741697416974,0.2759212600874063,6
5,tv_l_svc,443,0.011286681715575621,0.10563755265731456,6
5,tv_l_vre,460,0.008695652173913044,0.09284415871331575,6
5,tv_l_vrn,453,0.004415011037527594,0.06629870824583313,6
5,tv_l_vca,924,0.06168831168831169,0.24058857805256964,6
5,tv_l_yug,933,0.011789924973204717,0.10793943969805903,6
5,tv_l_ova,935,0.008556149732620321,0.09210288830635717,6
5,tv_l_sup,936,0.004273504273504274,0.0652322116345032,6
5,tv_l_pul,937,0.010672358591248666,0.10275436415719025,6
5,tv_l_ove,453,0.05077262693156733,0.2195330664980454,6
5,fr_antfa,697,0.1606886657101865,0.36724354102212126,6
5,fr_tvs_a,255,0.047058823529411764,0.21176470588235288,6
5,fr_viaje,10,0.0,0.0,6
5,fr_estro,14,0.0,0.0,6
5,fr_varic,28,0.17857142857142858,0.3829930462415574,6
5,fr_antec,1,0.0,0.0,6
5,ana_dime,188,1.5265957446808511,0.5595734568391477,6
5,ana_crea,47,0.851063829787234,0.3560255432059895,6
5,ana_trop,848,0.8926886792452831,0.30950864477845397,6
5,tension_,67,127.3731343283582,20.527982955123395,6
5,ana_hemo,3,12.766666666666666,1.6027753706895078,6
5,ana_plaq,2,160.5,40.5,6
5,ana_leuc,14,8.995000000000001,4.247743518622564,6
5,ana_neu,1044,6.592973180076628,3.1150982800386653,6
5,protcrea,1317,46.728253606681854,54.66825755724895,6
5,splanchnic,432,0.013888888888888888,0.11702985796078279,6
1,raza,433,2.8960739030023093,0.7293315703937326,7
1,ant_inf,29,0.06896551724137931,0.2533954906327425,7
1,ant_isq,31,0.0,0.0,7
1,ant_clau,31,0.0,0.0,7
1,fum_act,38,0.2894736842105263,0.4535181036740549,7
1,diabetes,29,0.034482758620689655,0.18246560765962697,7
1,hip_art,30,0.26666666666666666,0.44221663871405326,7
1,insf_car,5,0.0,0.0,7
1,fibr_aur,191,0.015706806282722512,0.1243386605972557,7
1,trat_est,33,0.30303030303030304,0.459568208730397,7
1,var171,19,0.0,0.0,7
1,tv_l_esu,344,0.011627906976744186,0.10720400531735916,7
1,tvp_orig,1290,0.3054263565891473,0.46058777370858023,7
1,tv_l_ein,256,0.75,0.4330127018922193,7
1,tvp_prox,542,0.9077490774907749,0.2893798365564229,7
1,tv_l_svc,443,0.009029345372460496,0.09459289769641971,7
1,tv_l_vre,460,0.004347826086956522,0.06579454761052851,7
1,tv_l_vrn,453,0.004415011037527594,0.06629870824583313,7
1,tv_l_vca,924,0.046536796536796536,0.21064454207239583,7
1,tv_l_yug,933,0.00857449088960343,0.092200699539578,7
1,tv_l_ova,935,0.0021390374331550803,0.04620023757530518,7
1,tv_l_sup,936,0.003205128205128205,0.05652305156586025,7
1,tv_l_pul,937,0.008537886872998933,0.09200538767236842,7
1,tv_l_ove,453,0.02869757174392936,0.16695514703036676,7
1,fr_antfa,697,0.1133428981348637,0.3170114912384938,7
1,fr_tvs_a,255,0.050980392156862744,0.21995770450792404,7
1,fr_viaje,10,0.0,0.0,7
1,fr_estro,14,0.0,0.0,7
1,fr_varic,28,0.17857142857142858,0.3829930462415574,7
1,fr_antec,1,0.0,0.0,7
1,ana_dime,188,1.5585106382978724,0.5666079688041447,7
1,ana_crea,47,0.7872340425531915,0.4092634906738585,7
1,ana_trop,848,0.7417452830188679,0.43767478581491015,7
1,tension_,67,129.61194029850745,15.990627127687462,7
1,ana_hemo,3,13.766666666666666,1.8372685039360892,7
1,ana_plaq,2,203.5,121.5,7
1,ana_leuc,14,9.617142857142856,3.522467537255724,7
1,ana_neu,1044,6.401123563218391,3.1476011885871067,7
1,protcrea,1317,52.5813363705391,47.93032907555302,7
1,splanchnic,432,0.03009259259259259,0.17084211560282445,7
2,raza,433,2.9907621247113165,0.5725899356506527,7
2,ant_inf,29,0.0,0.0,7
2,ant_isq,31,0.0,0.0,7
2,ant_clau,31,0.03225806451612903,0.17668469596940847,7
2,fum_act,38,0.23684210526315788,0.4251445900369345,7
2,diabetes,29,0.034482758620689655,0.18246560765962697,7
2,hip_art,30,0.3,0.45825756949558394,7
2,insf_car,5,0.0,0.0,7
2,fibr_aur,191,0.020942408376963352,0.1431915636772497,7
2,trat_est,33,0.21212121212121213,0.40881022918884974,7
2,var171,19,0.05263157894736842,0.22329687826943606,7
2,tv_l_esu,344,0.00872093023255814,0.0929778232076714,7
2,tvp_orig,1290,0.3705426356589147,0.4829500914358123,7
2,tv_l_ein,256,0.80859375,0.39340805464674655,7
2,tvp_prox,542,0.8837638376383764,0.320507904615574,7
2,tv_l_svc,443,0.006772009029345372,0.08201310214259569,7
2,tv_l_vre,460,0.006521739130434782,0.08049351557205921,7
2,tv_l_vrn,453,0.002207505518763797,0.04693221109375121,7
2,tv_l_vca,924,0.04329004329004329,0.2035092514899248,7
2,tv_l_yug,933,0.02572347266881029,0.1583091141490826,7
2,tv_l_ova,935,0.0,0.0,7
2,tv_l_sup,936,0.002136752136752137,0.04617560424139809,7
2,tv_l_pul,937,0.0064034151547491995,0.07976472546875046,7
2,tv_l_ove,453,0.02869757174392936,0.16695514703036676,7
2,fr_antfa,697,0.11764705882352941,0.32218973970892123,7
2,fr_tvs_a,255,0.050980392156862744,0.21995770450792404,7
2,fr_viaje,10,0.0,0.0,7
2,fr_estro,14,0.07142857142857142,0.2575393768188564,7
2,fr_varic,28,0.10714285714285714,0.30929478706587094,7
2,fr_antec,1,1.0,0.0,7
2,ana_dime,188,1.622340425531915,0.5843079658913389,7
2,ana_crea,47,0.9148936170212766,0.2790399372043405,7
2,ana_trop,848,0.7558962264150944,0.42955456150123084,7
2,tension_,67,129.5820895522388,20.450996584651158,7
2,ana_hemo,3,14.200000000000001,1.8384776310850237,7
2,ana_plaq,2,237.5,16.5,7
2,ana_leuc,14,9.39,3.4500828147410356,7
2,ana_neu,1044,6.544591954022988,3.172620273010445,7
2,protcrea,1317,31.72946848899013,41.204912470656446,7
2,splanchnic,432,0.020833333333333332,0.1428261375083551,7
3,raza,433,2.8960739030023093,0.6308528734079571,7
3,ant_inf,29,0.06896551724137931,0.2533954906327426,7
3,ant_isq,31,0.03225806451612903,0.17668469596940847,7
3,ant_clau,31,0.03225806451612903,0.17668469596940847,7
3,fum_act,38,0.13157894736842105,0.3380324362806612,7
3,diabetes,29,0.1724137931034483,0.3777396948311491,7
3,hip_art,30,0.26666666666666666,0.4422166387140533,7
3,insf_car,5,0.0,0.0,7
3,fibr_aur,191,0.020942408376963352,0.1431915636772497,7
3,trat_est,33,0.15151515151515152,0.3585502898848252,7
3,var171,19,0.05263157894736842,0.22329687826943606,7
3,tv_l_esu,344,0.011627906976744186,0.10720400531735916,7
3,tvp_orig,1290,0.375968992248062,0.4843720771432212,7
3,tv_l_ein,256,0.76171875,0.4260320362348793,7
3,tvp_prox,542,0.8911439114391144,0.31145856954675405,7
3,tv_l_svc,443,0.01580135440180587,0.12470634146215022,7
3,tv_l_vre,460,0.017391304347826087,0.13072431633367745,7
3,tv_l_vrn,453,0.011037527593818985,0.10447823016511464,7
3,tv_l_vca,924,0.06277056277056277,0.24254982832405717,7
3,tv_l_yug,933,0.03965702036441586,0.19515209735032868,7
3,tv_l_ova,935,0.0106951871657754,0.10286301637257403,7
3,tv_l_sup,936,0.003205128205128205,0.056523051565860245,7
3,tv_l_pul,937,0.005336179295624333,0.07285399430470016,7
3,tv_l_ove,453,0.033112582781456956,0.17893054418683832,7
3,fr_antfa,697,0.17216642754662842,0.3775250306568559,7
3,fr_tvs_a,255,0.0392156862745098,0.19410774385513066,7
3,fr_viaje,10,0.0,0.0,7
3,fr_estro,14,0.0,0.0,7
3,fr_varic,28,0.17857142857142858,0.3829930462415574,7
3,fr_antec,1,0.0,0.0,7
3,ana_dime,188,1.5904255319148937,0.5810059414747601,7
3,ana_crea,47,0.8936170212765957,0.3083271648125412,7
3,ana_trop,848,0.7700471698113207,0.4208022410549826,7
3,tension_,67,133.01492537313433,21.901742953413912,7
3,ana_hemo,3,15.233333333333334,0.8379870059984363,7
3,ana_plaq,2,225.0,10.0,7
3,ana_leuc,14,9.876428571428573,3.4208094429386096,7
3,ana_neu,1044,6.678087164750958,3.2960815675976094,7
3,protcrea,1317,66.24225512528474,49.830440856896075,7
3,splanchnic,432,0.032407407407407406,0.17707955091578959,7
4,raza,433,2.960739030023095,0.4955519551053743,7
4,ant_inf,29,0.06896551724137931,0.2533954906327426,7
4,ant_isq,31,0.03225806451612903,0.17668469596940847,7
4,ant_clau,31,0.0,0.0,7
4,fum_act,38,0.2894736842105263,0.45351810367405493,7
4,diabetes,29,0.06896551724137931,0.2533954906327426,7
4,hip_art,30,0.26666666666666666,0.44221663871405326,7
4,insf_car,5,0.0,0.0,7
4,fibr_aur,191,0.005235602094240838,0.07216779451356138,7
4,trat_est,33,0.15151515151515152,0.35855028988482524,7
4,var171,19,0.15789473684210525,0.36464227527765836,7
4,tv_l_esu,344,0.0029069767441860465,0.05383796272515156,7
4,tvp_orig,1290,0.3,0.458257569495584,7
4,tv_l_ein,256,0.7578125,0.42840718346422485,7
4,tvp_prox,542,0.8985239852398524,0.3019579990471289,7
4,tv_l_svc,443,0.002257336343115124,0.04745777887500821,7
4,tv_l_vre,460,0.006521739130434782,0.08049351557205921,7
4,tv_l_vrn,453,0.002207505518763797,0.04693221109375121,7
4,tv_l_vca,924,0.050865800865800864,0.2197236245106146,7
4,tv_l_yug,933,0.0021436227224008574,0.046249622744676144,7
4,tv_l_ova,935,0.0,0.0,7
4,tv_l_sup,936,0.007478632478632479,0.0861551074219168,7
4,tv_l_pul,937,0.0096051227321238,0.09753391384244066,7
4,tv_l_ove,453,0.05518763796909492,0.22834614641917442,7
4,fr_antfa,697,0.1836441893830703,0.3871937513557073,7
4,fr_tvs_a,255,0.03529411764705882,0.1845222016630367,7
4,fr_viaje,10,0.0,0.0,7
4,fr_estro,14,0.07142857142857142,0.2575393768188564,7
4,fr_varic,28,0.14285714285714285,0.3499271061118826,7
4,fr_antec,1,0.0,0.0,7
4,ana_dime,188,1.601063829787234,0.5412740448889445,7
4,ana_crea,47,0.8723404255319149,0.3337103647097473,7
4,ana_trop,848,0.7665094339622641,0.42305167723236076,7
4,tension_,67,133.73134328358208,21.690208320842824,7
4,ana_hemo,3,15.266666666666666,0.7408703590297626,7
4,ana_plaq,2,280.5,80.5,7
4,ana_leuc,14,9.810714285714285,4.011318743409016,7
4,ana_neu,1044,6.796102490421456,3.3185919096032612,7
4,protcrea,1317,43.75214882308276,46.461578857816995,7
4,splanchnic,432,0.011574074074074073,0.10695847270507335,7
5,raza,433,2.956120092378753,0.548283657800904,7
5,ant_inf,29,0.0,0.0,7
5,ant_isq,31,0.0,0.0,7
5,ant_clau,31,0.0,0.0,7
5,fum_act,38,0.21052631578947367,0.4076824574955175,7
5,diabetes,29,0.06896551724137931,0.2533954906327426,7
5,hip_art,30,0.26666666666666666,0.44221663871405337,7
5,insf_car,5,0.0,0.0,7
5,fibr_aur,191,0.020942408376963352,0.14319156367724967,7
5,trat_est,33,0.12121212121212122,0.3263736246748184,7
5,var171,19,0.05263157894736842,0.22329687826943606,7
5,tv_l_esu,344,0.011627906976744186,0.10720400531735916,7
5,tvp_orig,1290,0.32558139534883723,0.46859166696767174,7
5,tv_l_ein,256,0.83203125,0.37383853335823675,7
5,tvp_prox,542,0.8726937269372693,0.3333157450550575,7
5,tv_l_svc,443,0.004514672686230248,0.06703946909669299,7
5,tv_l_vre,460,0.013043478260869565,0.1134607682669555,7
5,tv_l_vrn,453,0.0,0.0,7
5,tv_l_vca,924,0.05735930735930736,0.23252788481936496,7
5,tv_l_yug,933,0.030010718113612004,0.1706167486266144,7
5,tv_l_ova,935,0.0032085561497326204,0.05655317247658732,7
5,tv_l_sup,936,0.011752136752136752,0.10776838142004282,7
5,tv_l_pul,937,0.005336179295624333,0.07285399430470016,7
5,tv_l_ove,453,0.05077262693156733,0.2195330664980454,7
5,fr_antfa,697,0.13199426111908177,0.338484528672596,7
5,fr_tvs_a,255,0.0392156862745098,0.19410774385513066,7
5,fr_viaje,10,0.0,0.0,7
5,fr_estro,14,0.14285714285714285,0.34992710611188266,7
5,fr_varic,28,0.14285714285714285,0.3499271061118826,7
5,fr_antec,1,0.0,0.0,7
5,ana_dime,188,1.627659574468085,0.5454656912040113,7
5,ana_crea,47,0.9148936170212766,0.2790399372043405,7
5,ana_trop,848,0.7488207547169812,0.433691401830924,7
5,tension_,67,132.29850746268656,19.912506326931666,7
5,ana_hemo,3,14.366666666666667,0.5249338582674539,7
5,ana_plaq,2,191.0,38.0,7
5,ana_leuc,14,10.43142857142857,4.265378658693835,7
5,ana_neu,1044,6.552146551724139,3.3095960864344933,7
5,protcrea,1317,68.04856492027334,50.77393618818904,7
5,splanchnic,432,0.03009259259259259,0.17084211560282445,7
1,raza,433,3.039260969976905,0.6381493224635766,8
1,ant_inf,29,0.06896551724137931,0.2533954906327426,8
1,ant_isq,31,0.0,0.0,8
1,ant_clau,31,0.03225806451612903,0.17668469596940847,8
1,fum_act,38,0.10526315789473684,0.3068922049918579,8
1,diabetes,29,0.1724137931034483,0.37773969483114894,8
1,hip_art,30,0.36666666666666664,0.48189440982669857,8
1,insf_car,5,0.2,0.4000000000000001,8
1,fibr_aur,191,0.020942408376963352,0.1431915636772497,8
1,trat_est,33,0.21212121212121213,0.40881022918884974,8
1,var171,19,0.05263157894736842,0.22329687826943606,8
1,tv_l_esu,344,0.020348837209302327,0.1411905167974522,8
1,tvp_orig,1290,0.26046511627906976,0.43888841347294694,8
1,tv_l_ein,256,0.69140625,0.461913030191764,8
1,tvp_prox,542,0.8413284132841329,0.36536955850882846,8
1,tv_l_svc,443,0.002257336343115124,0.04745777887500821,8
1,tv_l_vre,460,0.02608695652173913,0.1593939372158553,8
1,tv_l_vrn,453,0.004415011037527594,0.06629870824583313,8
1,tv_l_vca,924,0.05952380952380952,0.23660246326609274,8
1,tv_l_yug,933,0.006430868167202572,0.07993442375984598,8
1,tv_l_ova,935,0.0053475935828877,0.07293145292505805,8
1,tv_l_sup,936,0.00641025641025641,0.07980704870505599,8
1,tv_l_pul,937,0.004268943436499467,0.06519754257972792,8
1,tv_l_ove,453,0.04194260485651214,0.20045803240170404,8
1,fr_antfa,697,0.1406025824964132,0.3476111279745695,8
1,fr_tvs_a,255,0.043137254901960784,0.2031660211292332,8
1,fr_viaje,10,0.0,0.0,8
1,fr_estro,14,0.07142857142857142,0.25753937681885636,8
1,fr_varic,28,0.10714285714285714,0.30929478706587094,8
1,fr_antec,1,0.0,0.0,8
1,ana_dime,188,1.5053191489361701,0.6315915427452784,8
1,ana_crea,47,0.8936170212765957,0.30832716481254124,8
1,ana_trop,848,0.8702830188679245,0.3359917944504839,8
1,tension_,67,136.70149253731344,21.612610280701098,8
1,ana_hemo,3,15.633333333333333,1.2119772641798556,8
1,ana_plaq,2,206.5,67.5,8
1,ana_leuc,14,7.329999999999999,2.363420644501766,8
1,ana_neu,1044,6.382130268199234,3.2672682571616694,8
1,protcrea,1317,13.677251328777524,23.908124641633567,8
1,splanchnic,432,0.020833333333333332,0.1428261375083551,8
2,raza,433,2.8660508083140877,0.669753922067809,8
2,ant_inf,29,0.10344827586206896,0.30454347814923605,8
2,ant_isq,31,0.03225806451612903,0.17668469596940847,8
2,ant_clau,31,0.0,0.0,8
2,fum_act,38,0.3157894736842105,0.46482951928041294,8
2,diabetes,29,0.06896551724137931,0.2533954906327426,8
2,hip_art,30,0.4,0.4898979485566357,8
2,insf_car,5,0.0,0.0,8
2,fibr_aur,191,0.02617801047120419,0.1596644050468786,8
2,trat_est,33,0.15151515151515152,0.35855028988482524,8
2,var171,19,0.05263157894736842,0.22329687826943606,8
2,tv_l_esu,344,0.020348837209302327,0.1411905167974522,8
2,tvp_orig,1290,0.19534883720930232,0.396469001323276,8
2,tv_l_ein,256,0.79296875,0.405178123204397,8
2,tvp_prox,542,0.8837638376383764,0.320507904615574,8
2,tv_l_svc,443,0.011286681715575621,0.10563755265731457,8
2,tv_l_vre,460,0.010869565217391304,0.10368904363227668,8
2,tv_l_vrn,453,0.01545253863134658,0.12334406220484764,8
2,tv_l_vca,924,0.06493506493506493,0.2464112462468867,8
2,tv_l_yug,933,0.01714898177920686,0.12982640025489148,8
2,tv_l_ova,935,0.0,0.0,8
2,tv_l_sup,936,0.0010683760683760685,0.03266855737483046,8
2,tv_l_pul,937,0.0096051227321238,0.09753391384244064,8
2,tv_l_ove,453,0.01545253863134658,0.12334406220484764,8
2,fr_antfa,697,0.14777618364418937,0.354877983526378,8
2,fr_tvs_a,255,0.043137254901960784,0.2031660211292332,8
2,fr_viaje,10,0.0,0.0,8
2,fr_estro,14,0.0,0.0,8
2,fr_varic,28,0.14285714285714285,0.3499271061118826,8
2,fr_antec,1,0.0,0.0,8
2,ana_dime,188,1.4787234042553192,0.6054490755375402,8
2,ana_crea,47,0.851063829787234,0.35602554320598956,8
2,ana_trop,848,0.875,0.33071891388307384,8
2,tension_,67,132.26865671641792,23.519811965915185,8
2,ana_hemo,3,13.300000000000002,1.314026889628468,8
2,ana_plaq,2,157.5,1.5,8
2,ana_leuc,14,7.027142857142857,1.8080551057161178,8
2,ana_neu,1044,6.704295019157088,3.2104585773606193,8
2,protcrea,1317,30.018033409263477,51.61523022663875,8
2,splanchnic,432,0.016203703703703703,0.12625824206754296,8
3,raza,433,2.8729792147806004,0.6624432640535447,8
3,ant_inf,29,0.0,0.0,8
3,ant_isq,31,0.03225806451612903,0.17668469596940847,8
3,ant_clau,31,0.0,0.0,8
3,fum_act,38,0.23684210526315788,0.42514459003693444,8
3,diabetes,29,0.1724137931034483,0.37773969483114905,8
3,hip_art,30,0.2,0.4,8
3,insf_car,5,0.0,0.0,8
3,fibr_aur,191,0.010471204188481676,0.10179173871844804,8
3,trat_est,33,0.2727272727272727,0.4453617714151233,8
3,var171,19,0.05263157894736842,0.22329687826943606,8
3,tv_l_esu,344,0.014534883720930232,0.11968133052464479,8
3,tvp_orig,1290,0.34186046511627904,0.4743330976294617,8
3,tv_l_ein,256,0.78515625,0.4107139066137614,8
3,tvp_prox,542,0.9040590405904059,0.2945102574056814,8
3,tv_l_svc,443,0.006772009029345372,0.08201310214259569,8
3,tv_l_vre,460,0.004347826086956522,0.06579454761052851,8
3,tv_l_vrn,453,0.002207505518763797,0.04693221109375121,8
3,tv_l_vca,924,0.07142857142857142,0.25753937681885636,8
3,tv_l_yug,933,0.020364415862808145,0.14124342968568396,8
3,tv_l_ova,935,0.0021390374331550803,0.04620023757530518,8
3,tv_l_sup,936,0.002136752136752137,0.04617560424139809,8
3,tv_l_pul,937,0.005336179295624333,0.07285399430470016,8
3,tv_l_ove,453,0.03090507726269316,0.17306054854321976,8
3,fr_antfa,697,0.19368723098995697,0.3951866489918403,8
3,fr_tvs_a,255,0.054901960784313725,0.2277887957875703,8
3,fr_viaje,10,0.0,0.0,8
3,fr_estro,14,0.21428571428571427,0.410325903324145,8
3,fr_varic,28,0.14285714285714285,0.3499271061118826,8
3,fr_antec,1,0.0,0.0,8
3,ana_dime,188,1.574468085106383,0.5923153577478746,8
3,ana_crea,47,0.9148936170212766,0.2790399372043405,8
3,ana_trop,848,0.8596698113207547,0.3473292772348635,8
3,tension_,67,129.16417910447763,20.30263347003703,8
3,ana_hemo,3,14.333333333333334,1.4383632673594278,8
3,ana_plaq,2,205.5,21.5,8
3,ana_leuc,14,6.730714285714286,2.015059248635187,8
3,ana_neu,1044,6.365663793103448,3.1852485081106092,8
3,protcrea,1317,19.14248291571754,39.71004322222986,8
3,splanchnic,432,0.037037037037037035,0.18885257457751053,8
4,raza,433,2.903002309468822,0.615290346223902,8
4,ant_inf,29,0.10344827586206896,0.30454347814923605,8
4,ant_isq,31,0.03225806451612903,0.17668469596940845,8
4,ant_clau,31,0.03225806451612903,0.17668469596940847,8
4,fum_act,38,0.18421052631578946,0.3876557858593746,8
4,diabetes,29,0.06896551724137931,0.2533954906327426,8
4,hip_art,30,0.3333333333333333,0.4714045207910317,8
4,insf_car,5,0.0,0.0,8
4,fibr_aur,191,0.020942408376963352,0.14319156367724972,8
4,trat_est,33,0.2727272727272727,0.4453617714151233,8
4,var171,19,0.05263157894736842,0.22329687826943606,8
4,tv_l_esu,344,0.01744186046511628,0.13091081685113604,8
4,tvp_orig,1290,0.14728682170542637,0.3543916108732546,8
4,tv_l_ein,256,0.74609375,0.4352446050336954,8
4,tvp_prox,542,0.9022140221402214,0.29702505011157815,8
4,tv_l_svc,443,0.01580135440180587,0.12470634146215022,8
4,tv_l_vre,460,0.013043478260869565,0.11346076826695553,8
4,tv_l_vrn,453,0.006622516556291391,0.0811089318802377,8
4,tv_l_vca,924,0.09848484848484848,0.2979690975651081,8
4,tv_l_yug,933,0.011789924973204717,0.10793943969805903,8
4,tv_l_ova,935,0.0042780748663101605,0.06526693605301544,8
4,tv_l_sup,936,0.0,0.0,8
4,tv_l_pul,937,0.004268943436499467,0.06519754257972792,8
4,tv_l_ove,453,0.052980132450331126,0.2239938347720233,8
4,fr_antfa,697,0.1291248206599713,0.3353380404151929,8
4,fr_tvs_a,255,0.06274509803921569,0.24250391896063225,8
4,fr_viaje,10,0.0,0.0,8
4,fr_estro,14,0.07142857142857142,0.25753937681885636,8
4,fr_varic,28,0.2857142857142857,0.45175395145262565,8
4,fr_antec,1,0.0,0.0,8
4,ana_dime,188,1.5585106382978724,0.5850822045294484,8
4,ana_crea,47,0.8936170212765957,0.3083271648125413,8
4,ana_trop,848,0.8207547169811321,0.38355757264634194,8
4,tension_,67,133.9402985074627,17.950080527832444,8
4,ana_hemo,3,11.666666666666666,2.701028610651053,8
4,ana_plaq,2,232.0,82.0,8
4,ana_leuc,14,6.807142857142857,2.145611563072831,8
4,ana_neu,1044,6.179200191570881,3.048714467032657,8
4,protcrea,1317,27.482771450265755,48.89788999539424,8
4,splanchnic,432,0.018518518518518517,0.13481684980149108,8
5,raza,433,2.8498845265588915,0.6575946339510529,8
5,ant_inf,29,0.034482758620689655,0.18246560765962697,8
5,ant_isq,31,0.0,0.0,8
5,ant_clau,31,0.03225806451612903,0.17668469596940847,8
5,fum_act,38,0.2894736842105263,0.45351810367405493,8
5,diabetes,29,0.10344827586206896,0.30454347814923605,8
5,hip_art,30,0.3333333333333333,0.4714045207910317,8
5,insf_car,5,0.0,0.0,8
5,fibr_aur,191,0.005235602094240838,0.07216779451356137,8
5,trat_est,33,0.12121212121212122,0.3263736246748184,8
5,var171,19,0.15789473684210525,0.36464227527765836,8
5,tv_l_esu,344,0.011627906976744186,0.10720400531735916,8
5,tvp_orig,1290,0.2589147286821705,0.43803868773615023,8
5,tv_l_ein,256,0.76171875,0.4260320362348793,8
5,tvp_prox,542,0.8745387453874539,0.3312411933977898,8
5,tv_l_svc,443,0.01805869074492099,0.1331637129007009,8
5,tv_l_vre,460,0.015217391304347827,0.1224165932634877,8
5,tv_l_vrn,453,0.002207505518763797,0.04693221109375121,8
5,tv_l_vca,924,0.06385281385281386,0.24449055608732978,8
5,tv_l_yug,933,0.01929260450160772,0.1375514446058356,8
5,tv_l_ova,935,0.006417112299465241,0.07984943937938005,8
5,tv_l_sup,936,0.0010683760683760685,0.03266855737483046,8
5,tv_l_pul,937,0.005336179295624333,0.07285399430470016,8
5,tv_l_ove,453,0.06181015452538632,0.24081042195663827,8
5,fr_antfa,697,0.13199426111908177,0.338484528672596,8
5,fr_tvs_a,255,0.054901960784313725,0.2277887957875703,8
5,fr_viaje,10,0.0,0.0,8
5,fr_estro,14,0.0,0.0,8
5,fr_varic,28,0.21428571428571427,0.410325903324145,8
5,fr_antec,1,0.0,0.0,8
5,ana_dime,188,1.5265957446808511,0.5402275981974937,8
5,ana_crea,47,0.8936170212765957,0.3083271648125413,8
5,ana_trop,848,0.8785377358490566,0.3266637147561232,8
5,tension_,67,131.5820895522388,18.44649321827002,8
5,ana_hemo,3,12.5,1.6309506430300096,8
5,ana_plaq,2,226.0,32.0,8
5,ana_leuc,14,6.657142857142857,2.1716038463094782,8
5,ana_neu,1044,6.713621647509578,3.170230331073773,8
5,protcrea,1317,9.741283219438117,15.891548154830486,8
5,splanchnic,432,0.027777777777777776,0.16433554953054486,8
1,raza,433,2.912240184757506,0.620409473330039,9
1,ant_inf,29,0.0,0.0,9
1,ant_isq,31,0.03225806451612903,0.17668469596940847,9
1,ant_clau,31,0.0,0.0,9
1,fum_act,38,0.2631578947368421,0.44034738238635557,9
1,diabetes,29,0.06896551724137931,0.2533954906327426,9
1,hip_art,30,0.36666666666666664,0.48189440982669857,9
1,insf_car,5,0.0,0.0,9
1,fibr_aur,191,0.03664921465968586,0.1878990413081294,9
1,trat_est,33,0.18181818181818182,0.385694607919935,9
1,var171,19,0.05263157894736842,0.22329687826943606,9
1,tv_l_esu,344,0.014534883720930232,0.11968133052464479,9
1,tvp_orig,1290,0.413953488372093,0.492540351480636,9
1,tv_l_ein,256,0.7578125,0.42840718346422485,9
1,tvp_prox,542,0.8966789667896679,0.30437772143618125,9
1,tv_l_svc,443,0.013544018058690745,0.1155879649164073,9
1,tv_l_vre,460,0.015217391304347827,0.1224165932634877,9
1,tv_l_vrn,453,0.013245033112582781,0.11432236093796073,9
1,tv_l_vca,924,0.06926406926406926,0.25390265452147504,9
1,tv_l_yug,933,0.02465166130760986,0.1550611392399293,9
1,tv_l_ova,935,0.017112299465240642,0.12968989425646305,9
1,tv_l_sup,936,0.007478632478632479,0.0861551074219168,9
1,tv_l_pul,937,0.014941302027748132,0.12131800988090656,9
1,tv_l_ove,453,0.0728476821192053,0.25988631616355734,9
1,fr_antfa,697,0.13055954088952654,0.336918012537535,9
1,fr_tvs_a,255,0.058823529411764705,0.23529411764705885,9
1,fr_viaje,10,0.0,0.0,9
1,fr_estro,14,0.07142857142857142,0.25753937681885636,9
1,fr_varic,28,0.17857142857142858,0.3829930462415574,9
1,fr_antec,1,0.0,0.0,9
1,ana_dime,188,1.5957446808510638,0.5222526684524926,9
1,ana_crea,47,0.8723404255319149,0.33371036470974724,9
1,ana_trop,848,0.8608490566037735,0.34610397043109253,9
1,tension_,67,131.2089552238806,20.153542937615054,9
1,ana_hemo,3,13.066666666666668,3.2601976763516793,9
1,ana_plaq,2,441.0,305.0,9
1,ana_leuc,14,11.12142857142857,2.4837496341012226,9
1,ana_neu,1044,6.838845785440613,3.2291949333833583,9
1,protcrea,1317,39.409521640091114,45.87608757551829,9
1,splanchnic,432,0.016203703703703703,0.12625824206754296,9
2,raza,433,2.903002309468822,0.5684672008341621,9
2,ant_inf,29,0.034482758620689655,0.18246560765962697,9
2,ant_isq,31,0.03225806451612903,0.17668469596940847,9
2,ant_clau,31,0.0,0.0,9
2,fum_act,38,0.2894736842105263,0.45351810367405493,9
2,diabetes,29,0.1724137931034483,0.3777396948311491,9
2,hip_art,30,0.26666666666666666,0.4422166387140533,9
2,insf_car,5,0.0,0.0,9
2,fibr_aur,191,0.020942408376963352,0.14319156367724972,9
2,trat_est,33,0.12121212121212122,0.3263736246748184,9
2,var171,19,0.15789473684210525,0.36464227527765836,9
2,tv_l_esu,344,0.011627906976744186,0.10720400531735916,9
2,tvp_orig,1290,0.3085271317829457,0.46188541948922207,9
2,tv_l_ein,256,0.74609375,0.4352446050336954,9
2,tvp_prox,542,0.8892988929889298,0.31376164825802677,9
2,tv_l_svc,443,0.011286681715575621,0.10563755265731456,9
2,tv_l_vre,460,0.004347826086956522,0.06579454761052851,9
2,tv_l_vrn,453,0.017660044150110375,0.13171244053135803,9
2,tv_l_vca,924,0.05844155844155844,0.2345765177686811,9
2,tv_l_yug,933,0.015005359056806002,0.12157383870052936,9
2,tv_l_ova,935,0.0,0.0,9
2,tv_l_sup,936,0.005341880341880342,0.07289269274963968,9
2,tv_l_pul,937,0.0,0.0,9
2,tv_l_ove,453,0.0706401766004415,0.2562228367072302,9
2,fr_antfa,697,0.133428981348637,0.3400377747911283,9
2,fr_tvs_a,255,0.0392156862745098,0.1941077438551307,9
2,fr_viaje,10,0.1,0.30000000000000004,9
2,fr_estro,14,0.07142857142857142,0.2575393768188564,9
2,fr_varic,28,0.21428571428571427,0.41032590332414487,9
2,fr_antec,1,0.0,0.0,9
2,ana_dime,188,1.5957446808510638,0.5014690957188372,9
2,ana_crea,47,0.8723404255319149,0.3337103647097472,9
2,ana_trop,848,0.8525943396226415,0.35450984706503336,9
2,tension_,67,131.34328358208955,17.432644141248396,9
2,ana_hemo,3,13.566666666666668,0.8055363982396377,9
2,ana_plaq,2,178.5,30.5,9
2,ana_leuc,14,11.155714285714286,2.9488925628002756,9
2,ana_neu,1044,7.186534482758621,3.440614829634242,9
2,protcrea,1317,56.233333333333334,57.79248246669611,9
2,splanchnic,432,0.018518518518518517,0.13481684980149108,9
3,raza,433,2.8983833718244805,0.5384282754095063,9
3,ant_inf,29,0.0,0.0,9
3,ant_isq,31,0.03225806451612903,0.17668469596940847,9
3,ant_clau,31,0.0,0.0,9
3,fum_act,38,0.2631578947368421,0.44034738238635557,9
3,diabetes,29,0.06896551724137931,0.2533954906327426,9
3,hip_art,30,0.26666666666666666,0.4422166387140533,9
3,insf_car,5,0.0,0.0,9
3,fibr_aur,191,0.020942408376963352,0.1431915636772497,9
3,trat_est,33,0.15151515151515152,0.35855028988482524,9
3,var171,19,0.10526315789473684,0.3068922049918579,9
3,tv_l_esu,344,0.014534883720930232,0.11968133052464479,9
3,tvp_orig,1290,0.32170542635658916,0.4671306508989903,9
3,tv_l_ein,256,0.7734375,0.41860713514433795,9
3,tvp_prox,542,0.8948339483394834,0.30676726233197404,9
3,tv_l_svc,443,0.01580135440180587,0.12470634146215022,9
3,tv_l_vre,460,0.008695652173913044,0.09284415871331575,9
3,tv_l_vrn,453,0.01545253863134658,0.12334406220484763,9
3,tv_l_vca,924,0.049783549783549784,0.2174974665473108,9
3,tv_l_yug,933,0.00857449088960343,0.092200699539578,9
3,tv_l_ova,935,0.0042780748663101605,0.06526693605301544,9
3,tv_l_sup,936,0.002136752136752137,0.04617560424139809,9
3,tv_l_pul,937,0.014941302027748132,0.12131800988090656,9
3,tv_l_ove,453,0.037527593818984545,0.19005071302455526,9
3,fr_antfa,697,0.13199426111908177,0.338484528672596,9
3,fr_tvs_a,255,0.058823529411764705,0.23529411764705885,9
3,fr_viaje,10,0.0,0.0,9
3,fr_estro,14,0.0,0.0,9
3,fr_varic,28,0.14285714285714285,0.3499271061118826,9
3,fr_antec,1,1.0,0.0,9
3,ana_dime,188,1.5691489361702127,0.5462690856969942,9
3,ana_crea,47,0.8723404255319149,0.33371036470974724,9
3,ana_trop,848,0.8891509433962265,0.31394512777526423,9
3,tension_,67,133.19402985074626,20.36109753219425,9
3,ana_hemo,3,15.533333333333333,1.2814921857827393,9
3,ana_plaq,2,243.5,36.5,9
3,ana_leuc,14,11.342142857142857,3.3416680577465003,9
3,ana_neu,1044,6.978710727969348,3.3522214868896425,9
3,protcrea,1317,43.05832953682612,51.20812747906982,9
3,splanchnic,432,0.013888888888888888,0.11702985796078277,9
4,raza,433,2.8729792147806004,0.6931100323101598,9
4,ant_inf,29,0.0,0.0,9
4,ant_isq,31,0.06451612903225806,0.2456701001891583,9
4,ant_clau,31,0.03225806451612903,0.17668469596940847,9
4,fum_act,38,0.2894736842105263,0.45351810367405493,9
4,diabetes,29,0.10344827586206896,0.30454347814923605,9
4,hip_art,30,0.3,0.45825756949558394,9
4,insf_car,5,0.0,0.0,9
4,fibr_aur,191,0.031413612565445025,0.17443278794720082,9
4,trat_est,33,0.12121212121212122,0.3263736246748184,9
4,var171,19,0.05263157894736842,0.22329687826943606,9
4,tv_l_esu,344,0.00872093023255814,0.09297782320767138,9
4,tvp_orig,1290,0.4015503875968992,0.49021186625547863,9
4,tv_l_ein,256,0.71484375,0.4514888294143472,9
4,tvp_prox,542,0.9003690036900369,0.2995073636561332,9
4,tv_l_svc,443,0.002257336343115124,0.04745777887500821,9
4,tv_l_vre,460,0.015217391304347827,0.12241659326348771,9
4,tv_l_vrn,453,0.011037527593818985,0.10447823016511461,9
4,tv_l_vca,924,0.06493506493506493,0.2464112462468867,9
4,tv_l_yug,933,0.023579849946409433,0.15173608872945898,9
4,tv_l_ova,935,0.0053475935828877,0.07293145292505805,9
4,tv_l_sup,936,0.003205128205128205,0.05652305156586025,9
4,tv_l_pul,937,0.0032017075773745998,0.05649297873155197,9
4,tv_l_ove,453,0.06181015452538632,0.24081042195663827,9
4,fr_antfa,697,0.11047345767575323,0.3134789830673131,9
4,fr_tvs_a,255,0.058823529411764705,0.23529411764705885,9
4,fr_viaje,10,0.0,0.0,9
4,fr_estro,14,0.0,0.0,9
4,fr_varic,28,0.14285714285714285,0.3499271061118826,9
4,fr_antec,1,0.0,0.0,9
4,ana_dime,188,1.5159574468085106,0.5693974402802813,9
4,ana_crea,47,0.9361702127659575,0.24444947432076722,9
4,ana_trop,848,0.8761792452830188,0.32937695034458364,9
4,tension_,67,134.49253731343285,22.05716665904139,9
4,ana_hemo,3,14.833333333333334,1.6739839372652952,9
4,ana_plaq,2,196.5,37.5,9
4,ana_leuc,14,10.493571428571428,2.8807826494668753,9
4,ana_neu,1044,6.6017739463601535,3.1434394151861316,9
4,protcrea,1317,47.45874715261959,53.190772410042314,9
4,splanchnic,432,0.034722222222222224,0.18307536564533425,9
5,raza,433,2.912240184757506,0.6091396405296826,9
5,ant_inf,29,0.034482758620689655,0.18246560765962697,9
5,ant_isq,31,0.0,0.0,9
5,ant_clau,31,0.0,0.0,9
5,fum_act,38,0.23684210526315788,0.4251445900369345,9
5,diabetes,29,0.034482758620689655,0.18246560765962697,9
5,hip_art,30,0.2,0.4,9
5,insf_car,5,0.2,0.4000000000000001,9
5,fibr_aur,191,0.020942408376963352,0.14319156367724967,9
5,trat_est,33,0.030303030303030304,0.17141982574219336,9
5,var171,19,0.05263157894736842,0.22329687826943606,9
5,tv_l_esu,344,0.0029069767441860465,0.05383796272515156,9
5,tvp_orig,1290,0.44651162790697674,0.49713076152139124,9
5,tv_l_ein,256,0.78515625,0.4107139066137614,9
5,tvp_prox,542,0.9059040590405905,0.29196214626963696,9
5,tv_l_svc,443,0.009029345372460496,0.09459289769641971,9
5,tv_l_vre,460,0.017391304347826087,0.13072431633367745,9
5,tv_l_vrn,453,0.0,0.0,9
5,tv_l_vca,924,0.07900432900432901,0.26974551896723836,9
5,tv_l_yug,933,0.01607717041800643,0.1257723936695045,9
5,tv_l_ova,935,0.006417112299465241,0.07984943937938006,9
5,tv_l_sup,936,0.002136752136752137,0.04617560424139809,9
5,tv_l_pul,937,0.0096051227321238,0.09753391384244064,9
5,tv_l_ove,453,0.04415011037527594,0.20542852316347623,9
5,fr_antfa,697,0.12051649928263988,0.32556454457341844,9
5,fr_tvs_a,255,0.047058823529411764,0.2117647058823529,9
5,fr_viaje,10,0.0,0.0,9
5,fr_estro,14,0.0,0.0,9
5,fr_varic,28,0.17857142857142858,0.3829930462415574,9
5,fr_antec,1,0.0,0.0,9
5,ana_dime,188,1.622340425531915,0.516669830643992,9
5,ana_crea,47,0.8936170212765957,0.3083271648125413,9
5,ana_trop,848,0.8761792452830188,0.32937695034458364,9
5,tension_,67,130.22388059701493,21.15530411985735,9
5,ana_hemo,3,14.933333333333332,2.368309289110882,9
5,ana_plaq,2,280.5,76.5,9
5,ana_leuc,14,11.167857142857143,3.340633341516093,9
5,ana_neu,1044,6.142119731800766,3.1729156026418432,9
5,protcrea,1317,56.43403948367502,50.22609284084982,9
5,splanchnic,432,0.032407407407407406,0.17707955091578959,9
1,raza,433,2.886836027713626,0.6292613899649478,10
1,ant_inf,29,0.034482758620689655,0.18246560765962697,10
1,ant_isq,31,0.0,0.0,10
1,ant_clau,31,0.0,0.0,10
1,fum_act,38,0.3157894736842105,0.464829519280413,10
1,diabetes,29,0.06896551724137931,0.2533954906327425,10
1,hip_art,30,0.3333333333333333,0.4714045207910317,10
1,insf_car,5,0.0,0.0,10
1,fibr_aur,191,0.010471204188481676,0.10179173871844807,10
1,trat_est,33,0.24242424242424243,0.4285495643554833,10
1,var171,19,0.10526315789473684,0.3068922049918579,10
1,tv_l_esu,344,0.00872093023255814,0.09297782320767138,10
1,tvp_orig,1290,0.1937984496124031,0.3952728305110686,10
1,tv_l_ein,256,0.796875,0.40232478717449166,10
1,tvp_prox,542,0.9095940959409594,0.2867624043878628,10
1,tv_l_svc,443,0.006772009029345372,0.0820131021425957,10
1,tv_l_vre,460,0.008695652173913044,0.09284415871331575,10
1,tv_l_vrn,453,0.013245033112582781,0.11432236093796073,10
1,tv_l_vca,924,0.06060606060606061,0.23860629921247914,10
1,tv_l_yug,933,0.011789924973204717,0.10793943969805903,10
1,tv_l_ova,935,0.011764705882352941,0.1078253104695492,10
1,tv_l_sup,936,0.00641025641025641,0.07980704870505599,10
1,tv_l_pul,937,0.005336179295624333,0.07285399430470017,10
1,tv_l_ove,453,0.0684326710816777,0.25248691176040117,10
1,fr_antfa,697,0.17647058823529413,0.38122004108281526,10
1,fr_tvs_a,255,0.058823529411764705,0.23529411764705885,10
1,fr_viaje,10,0.0,0.0,10
1,fr_estro,14,0.07142857142857142,0.25753937681885636,10
1,fr_varic,28,0.17857142857142858,0.3829930462415574,10
1,fr_antec,1,0.0,0.0,10
1,ana_dime,188,1.5425531914893618,0.548981525423007,10
1,ana_crea,47,0.9148936170212766,0.2790399372043405,10
1,ana_trop,848,0.8466981132075472,0.360278251214706,10
1,tension_,67,134.01492537313433,21.238160907333153,10
1,ana_hemo,3,13.5,1.6512621435334454,10
1,ana_plaq,2,255.0,18.0,10
1,ana_leuc,14,10.132142857142856,3.9908326710303537,10
1,ana_neu,1044,6.689756704980843,3.264874095341512,10
1,protcrea,1317,13.081518602885346,30.625827336541942,10
1,splanchnic,432,0.018518518518518517,0.13481684980149108,10
2,raza,433,2.8891454965357966,0.569994497428402,10
2,ant_inf,29,0.0,0.0,10
2,ant_isq,31,0.0,0.0,10
2,ant_clau,31,0.0,0.0,10
2,fum_act,38,0.23684210526315788,0.4251445900369345,10
2,diabetes,29,0.10344827586206896,0.30454347814923605,10
2,hip_art,30,0.3,0.458257569495584,10
2,insf_car,5,0.2,0.4000000000000001,10
2,fibr_aur,191,0.015706806282722512,0.12433866059725565,10
2,trat_est,33,0.21212121212121213,0.40881022918884974,10
2,var171,19,0.15789473684210525,0.36464227527765836,10
2,tv_l_esu,344,0.011627906976744186,0.10720400531735916,10
2,tvp_orig,1290,0.1821705426356589,0.3859850204755212,10
2,tv_l_ein,256,0.73828125,0.43957029687916527,10
2,tvp_prox,542,0.8966789667896679,0.3043777214361813,10
2,tv_l_svc,443,0.009029345372460496,0.09459289769641971,10
2,tv_l_vre,460,0.004347826086956522,0.0657945476105285,10
2,tv_l_vrn,453,0.006622516556291391,0.0811089318802377,10
2,tv_l_vca,924,0.05411255411255411,0.2262396640732346,10
2,tv_l_yug,933,0.00964630225080386,0.09774073410656377,10
2,tv_l_ova,935,0.0,0.0,10
2,tv_l_sup,936,0.0,0.0,10
2,tv_l_pul,937,0.010672358591248666,0.10275436415719025,10
2,tv_l_ove,453,0.046357615894039736,0.21025838233625882,10
2,fr_antfa,697,0.14777618364418937,0.354877983526378,10
2,fr_tvs_a,255,0.047058823529411764,0.21176470588235288,10
2,fr_viaje,10,0.0,0.0,10
2,fr_estro,14,0.07142857142857142,0.25753937681885636,10
2,fr_varic,28,0.03571428571428571,0.1855768722395226,10
2,fr_antec,1,0.0,0.0,10
2,ana_dime,188,1.5904255319148937,0.5900899947476764,10
2,ana_crea,47,0.8936170212765957,0.3083271648125412,10
2,ana_trop,848,0.8667452830188679,0.3398498159237554,10
2,tension_,67,131.5820895522388,19.71979023663931,10
2,ana_hemo,3,14.0,0.816496580927726,10
2,ana_plaq,2,281.5,116.5,10
2,ana_leuc,14,10.415714285714287,4.189205029061028,10
2,ana_neu,1044,6.3509722222222225,3.2905488452918283,10
2,protcrea,1317,33.169567198177674,44.86437008025442,10
2,splanchnic,432,0.018518518518518517,0.13481684980149108,10
3,raza,433,2.951501154734411,0.607842366389033,10
3,ant_inf,29,0.0,0.0,10
3,ant_isq,31,0.0,0.0,10
3,ant_clau,31,0.0,0.0,10
3,fum_act,38,0.21052631578947367,0.4076824574955175,10
3,diabetes,29,0.10344827586206896,0.3045434781492361,10
3,hip_art,30,0.36666666666666664,0.48189440982669857,10
3,insf_car,5,0.0,0.0,10
3,fibr_aur,191,0.015706806282722512,0.12433866059725565,10
3,trat_est,33,0.2727272727272727,0.4453617714151233,10
3,var171,19,0.0,0.0,10
3,tv_l_esu,344,0.01744186046511628,0.13091081685113606,10
3,tvp_orig,1290,0.24108527131782945,0.42774193536691957,10
3,tv_l_ein,256,0.78515625,0.4107139066137614,10
3,tvp_prox,542,0.9077490774907749,0.2893798365564229,10
3,tv_l_svc,443,0.011286681715575621,0.10563755265731456,10
3,tv_l_vre,460,0.008695652173913044,0.09284415871331575,10
3,tv_l_vrn,453,0.004415011037527594,0.06629870824583314,10
3,tv_l_vca,924,0.05735930735930736,0.23252788481936496,10
3,tv_l_yug,933,0.03215434083601286,0.17640986140636916,10
3,tv_l_ova,935,0.0032085561497326204,0.05655317247658732,10
3,tv_l_sup,936,0.0010683760683760685,0.03266855737483046,10
3,tv_l_pul,937,0.008537886872998933,0.09200538767236842,10
3,tv_l_ove,453,0.037527593818984545,0.19005071302455526,10
3,fr_antfa,697,0.1492109038737446,0.3562962391591087,10
3,fr_tvs_a,255,0.07058823529411765,0.2561357771420852,10
3,fr_viaje,10,0.0,0.0,10
3,fr_estro,14,0.07142857142857142,0.2575393768188564,10
3,fr_varic,28,0.10714285714285714,0.30929478706587094,10
3,fr_antec,1,0.0,0.0,10
3,ana_dime,188,1.547872340425532,0.5769008771018687,10
3,ana_crea,47,0.7872340425531915,0.4092634906738585,10
3,ana_trop,848,0.8950471698113207,0.3064926322508675,10
3,tension_,67,135.8955223880597,20.26034604201113,10
3,ana_hemo,3,12.466666666666667,1.9686430746977872,10
3,ana_plaq,2,249.0,18.0,10
3,ana_leuc,14,9.745000000000001,3.881911808080432,10
3,ana_neu,1044,6.680225095785441,3.357955221306175,10
3,protcrea,1317,31.5424145785877,46.10817385475079,10
3,splanchnic,432,0.013888888888888888,0.11702985796078279,10
4,raza,433,2.8891454965357966,0.7008391272574337,10
4,ant_inf,29,0.034482758620689655,0.18246560765962697,10
4,ant_isq,31,0.0,0.0,10
4,ant_clau,31,0.0,0.0,10
4,fum_act,38,0.23684210526315788,0.42514459003693444,10
4,diabetes,29,0.13793103448275862,0.3448275862068966,10
4,hip_art,30,0.3333333333333333,0.4714045207910317,10
4,insf_car,5,0.0,0.0,10
4,fibr_aur,191,0.015706806282722512,0.12433866059725568,10
4,trat_est,33,0.15151515151515152,0.35855028988482524,10
4,var171,19,0.0,0.0,10
4,tv_l_esu,344,0.01744186046511628,0.13091081685113606,10
4,tvp_orig,1290,0.3209302325581395,0.466834037306962,10
4,tv_l_ein,256,0.8203125,0.38392694922830045,10
4,tvp_prox,542,0.8468634686346863,0.36011905548958933,10
4,tv_l_svc,443,0.006772009029345372,0.08201310214259569,10
4,tv_l_vre,460,0.002173913043478261,0.04657453322962727,10
4,tv_l_vrn,453,0.0,0.0,10
4,tv_l_vca,924,0.06926406926406926,0.25390265452147504,10
4,tv_l_yug,933,0.027867095391211148,0.16459198153515342,10
4,tv_l_ova,935,0.0032085561497326204,0.05655317247658732,10
4,tv_l_sup,936,0.002136752136752137,0.04617560424139809,10
4,tv_l_pul,937,0.0010672358591248667,0.032651138827701924,10
4,tv_l_ove,453,0.037527593818984545,0.19005071302455528,10
4,fr_antfa,697,0.1406025824964132,0.3476111279745695,10
4,fr_tvs_a,255,0.050980392156862744,0.21995770450792404,10
4,fr_viaje,10,0.0,0.0,10
4,fr_estro,14,0.0,0.0,10
4,fr_varic,28,0.25,0.4330127018922193,10
4,fr_antec,1,0.0,0.0,10
4,ana_dime,188,1.5425531914893618,0.5773175979240482,10
4,ana_crea,47,0.8723404255319149,0.3337103647097472,10
4,ana_trop,848,0.8525943396226415,0.35450984706503336,10
4,tension_,67,130.17910447761193,18.659498300061014,10
4,ana_hemo,3,14.700000000000001,1.2569805089976536,10
4,ana_plaq,2,161.5,38.5,10
4,ana_leuc,14,9.411428571428571,3.895194580034036,10
4,ana_neu,1044,7.316909003831418,3.3723566870752952,10
4,protcrea,1317,95.57485193621868,40.91364109760244,10
4,splanchnic,432,0.018518518518518517,0.13481684980149108,10
5,raza,433,2.9006928406466512,0.545249888995769,10
5,ant_inf,29,0.0,0.0,10
5,ant_isq,31,0.0,0.0,10
5,ant_clau,31,0.0967741935483871,0.29565004483586066,10
5,fum_act,38,0.3157894736842105,0.46482951928041294,10
5,diabetes,29,0.1724137931034483,0.37773969483114894,10
5,hip_art,30,0.26666666666666666,0.44221663871405326,10
5,insf_car,5,0.0,0.0,10
5,fibr_aur,191,0.010471204188481676,0.10179173871844809,10
5,trat_est,33,0.12121212121212122,0.3263736246748184,10
5,var171,19,0.0,0.0,10
5,tv_l_esu,344,0.005813953488372093,0.07602730715477916,10
5,tvp_orig,1290,0.30465116279069765,0.4602595265727517,10
5,tv_l_ein,256,0.78515625,0.4107139066137614,10
5,tvp_prox,542,0.8856088560885609,0.31828573657339965,10
5,tv_l_svc,443,0.004514672686230248,0.06703946909669298,10
5,tv_l_vre,460,0.013043478260869565,0.11346076826695553,10
5,tv_l_vrn,453,0.006622516556291391,0.0811089318802377,10
5,tv_l_vca,924,0.06277056277056277,0.24254982832405717,10
5,tv_l_yug,933,0.00964630225080386,0.09774073410656377,10
5,tv_l_ova,935,0.0021390374331550803,0.046200237575305184,10
5,tv_l_sup,936,0.0010683760683760685,0.03266855737483046,10
5,tv_l_pul,937,0.0032017075773745998,0.056492978731551964,10
5,tv_l_ove,453,0.039735099337748346,0.19533617488414073,10
5,fr_antfa,697,0.133428981348637,0.3400377747911283,10
5,fr_tvs_a,255,0.0784313725490196,0.2688492000157272,10
5,fr_viaje,10,0.0,0.0,10
5,fr_estro,14,0.14285714285714285,0.34992710611188266,10
5,fr_varic,28,0.17857142857142858,0.3829930462415574,10
5,fr_antec,1,0.0,0.0,10
5,ana_dime,188,1.5797872340425532,0.5448169294777292,10
5,ana_crea,47,0.8297872340425532,0.3758196113330999,10
5,ana_trop,848,0.8549528301886793,0.35214838966129985,10
5,tension_,67,130.86567164179104,18.27721485231961,10
5,ana_hemo,3,14.166666666666666,0.5436502143433366,10
5,ana_plaq,2,252.5,83.5,10
5,ana_leuc,14,9.76142857142857,3.8727285640246265,10
5,ana_neu,1044,6.4975344827586206,3.2017226834207935,10
5,protcrea,1317,66.13372817008351,47.67069439255529,10
5,splanchnic,432,0.020833333333333332,0.14282613750835507,10
1,raza,433,2.9006928406466512,0.5536563164442196,11
1,ant_inf,29,0.034482758620689655,0.18246560765962697,11
1,ant_isq,31,0.06451612903225806,0.24567010018915833,11
1,ant_clau,31,0.03225806451612903,0.17668469596940847,11
1,fum_act,38,0.21052631578947367,0.4076824574955175,11
1,diabetes,29,0.034482758620689655,0.18246560765962697,11
1,hip_art,30,0.26666666666666666,0.4422166387140533,11
1,insf_car,5,0.0,0.0,11
1,fibr_aur,191,0.015706806282722512,0.12433866059725565,11
1,trat_est,33,0.21212121212121213,0.40881022918884974,11
1,var171,19,0.05263157894736842,0.22329687826943606,11
1,tv_l_esu,344,0.011627906976744186,0.10720400531735916,11
1,tvp_orig,1290,0.4007751937984496,0.49005554566218795,11
1,tv_l_ein,256,0.74609375,0.4352446050336954,11
1,tvp_prox,542,0.9040590405904059,0.2945102574056814,11
1,tv_l_svc,443,0.011286681715575621,0.10563755265731456,11
1,tv_l_vre,460,0.008695652173913044,0.09284415871331575,11
1,tv_l_vrn,453,0.0,0.0,11
1,tv_l_vca,924,0.046536796536796536,0.21064454207239583,11
1,tv_l_yug,933,0.02465166130760986,0.1550611392399293,11
1,tv_l_ova,935,0.0032085561497326204,0.05655317247658732,11
1,tv_l_sup,936,0.0010683760683760685,0.03266855737483046,11
1,tv_l_pul,937,0.008537886872998933,0.09200538767236842,11
1,tv_l_ove,453,0.039735099337748346,0.19533617488414073,11
1,fr_antfa,697,0.13916786226685796,0.3461216092342846,11
1,fr_tvs_a,255,0.03137254901960784,0.1743224374187676,11
1,fr_viaje,10,0.0,0.0,11
1,fr_estro,14,0.0,0.0,11
1,fr_varic,28,0.14285714285714285,0.3499271061118826,11
1,fr_antec,1,0.0,0.0,11
1,ana_dime,188,1.5851063829787233,0.524091401563983,11
1,ana_crea,47,0.9361702127659575,0.24444947432076716,11
1,ana_trop,848,0.8254716981132075,0.3795631353639406,11
1,tension_,67,130.8955223880597,20.957052265346952,11
1,ana_hemo,3,14.0,0.816496580927726,11
1,ana_plaq,2,215.5,31.5,11
1,ana_leuc,14,7.840714285714285,3.5473883034579408,11
1,ana_neu,1044,6.409105363984674,3.2704397296536287,11
1,protcrea,1317,74.3500303720577,51.70422869548758,11
1,splanchnic,432,0.018518518518518517,0.13481684980149108,11
2,raza,433,2.9260969976905313,0.6368860153874216,11
2,ant_inf,29,0.034482758620689655,0.18246560765962697,11
2,ant_isq,31,0.06451612903225806,0.24567010018915833,11
2,ant_clau,31,0.03225806451612903,0.17668469596940847,11
2,fum_act,38,0.2894736842105263,0.45351810367405493,11
2,diabetes,29,0.10344827586206896,0.30454347814923605,11
2,hip_art,30,0.3,0.45825756949558394,11
2,insf_car,5,0.0,0.0,11
2,fibr_aur,191,0.010471204188481676,0.10179173871844806,11
2,trat_est,33,0.15151515151515152,0.35855028988482524,11
2,var171,19,0.0,0.0,11
2,tv_l_esu,344,0.020348837209302327,0.14119051679745218,11
2,tvp_orig,1290,0.2875968992248062,0.45264215753847203,11
2,tv_l_ein,256,0.73046875,0.4437163004369318,11
2,tvp_prox,542,0.8911439114391144,0.31145856954675405,11
2,tv_l_svc,443,0.009029345372460496,0.09459289769641971,11
2,tv_l_vre,460,0.010869565217391304,0.10368904363227668,11
2,tv_l_vrn,453,0.004415011037527594,0.06629870824583313,11
2,tv_l_vca,924,0.06818181818181818,0.25205764787294127,11
2,tv_l_yug,933,0.006430868167202572,0.079934423759846,11
2,tv_l_ova,935,0.0,0.0,11
2,tv_l_sup,936,0.005341880341880342,0.07289269274963968,11
2,tv_l_pul,937,0.0064034151547491995,0.07976472546875046,11
2,tv_l_ove,453,0.03532008830022075,0.18458759346902318,11
2,fr_antfa,697,0.11764705882352941,0.32218973970892123,11
2,fr_tvs_a,255,0.0392156862745098,0.19410774385513066,11
2,fr_viaje,10,0.2,0.4000000000000001,11
2,fr_estro,14,0.07142857142857142,0.25753937681885636,11
2,fr_varic,28,0.10714285714285714,0.30929478706587094,11
2,fr_antec,1,0.0,0.0,11
2,ana_dime,188,1.4893617021276595,0.5879043353041745,11
2,ana_crea,47,0.8936170212765957,0.3083271648125413,11
2,ana_trop,848,0.8643867924528302,0.34237737291757186,11
2,tension_,67,132.08955223880596,17.273680560263276,11
2,ana_hemo,3,14.933333333333332,0.23570226039551584,11
2,ana_plaq,2,226.0,50.0,11
2,ana_leuc,14,8.459285714285715,3.539159432661365,11
2,ana_neu,1044,6.727396551724138,3.2305840375964197,11
2,protcrea,1317,76.26779802581625,51.056154679046166,11
2,splanchnic,432,0.027777777777777776,0.16433554953054486,11
3,raza,433,2.92378752886836,0.6125798028846589,11
3,ant_inf,29,0.034482758620689655,0.18246560765962697,11
3,ant_isq,31,0.0,0.0,11
3,ant_clau,31,0.0,0.0,11
3,fum_act,38,0.3157894736842105,0.464829519280413,11
3,diabetes,29,0.10344827586206896,0.30454347814923605,11
3,hip_art,30,0.3333333333333333,0.4714045207910316,11
3,insf_car,5,0.0,0.0,11
3,fibr_aur,191,0.031413612565445025,0.17443278794720082,11
3,trat_est,33,0.2727272727272727,0.4453617714151233,11
3,var171,19,0.10526315789473684,0.3068922049918579,11
3,tv_l_esu,344,0.01744186046511628,0.13091081685113606,11
3,tvp_orig,1290,0.3573643410852713,0.4792234017720348,11
3,tv_l_ein,256,0.734375,0.4416654382844553,11
3,tvp_prox,542,0.8911439114391144,0.31145856954675405,11
3,tv_l_svc,443,0.013544018058690745,0.1155879649164073,11
3,tv_l_vre,460,0.006521739130434782,0.08049351557205921,11
3,tv_l_vrn,453,0.004415011037527594,0.06629870824583313,11
3,tv_l_vca,924,0.06060606060606061,0.23860629921247914,11
3,tv_l_yug,933,0.01929260450160772,0.1375514446058356,11
3,tv_l_ova,935,0.006417112299465241,0.07984943937938005,11
3,tv_l_sup,936,0.004273504273504274,0.06523221163450321,11
3,tv_l_pul,937,0.0064034151547491995,0.07976472546875046,11
3,tv_l_ove,453,0.037527593818984545,0.19005071302455526,11
3,fr_antfa,697,0.13055954088952654,0.336918012537535,11
3,fr_tvs_a,255,0.07058823529411765,0.2561357771420852,11
3,fr_viaje,10,0.0,0.0,11
3,fr_estro,14,0.0,0.0,11
3,fr_varic,28,0.07142857142857142,0.25753937681885636,11
3,fr_antec,1,0.0,0.0,11
3,ana_dime,188,1.5851063829787233,0.599815121660019,11
3,ana_crea,47,0.8936170212765957,0.30832716481254124,11
3,ana_trop,848,0.8797169811320755,0.3252921982463506,11
3,tension_,67,127.85074626865672,17.0296087468253,11
3,ana_hemo,3,14.633333333333333,0.49216076867444636,11
3,ana_plaq,2,225.5,30.5,11
3,ana_leuc,14,8.76,2.452281736319405,11
3,ana_neu,1044,6.476476053639846,3.3075783174484203,11
3,protcrea,1317,31.03432801822324,44.45634116868512,11
3,splanchnic,432,0.013888888888888888,0.11702985796078279,11
4,raza,433,2.9260969976905313,0.614743987957602,11
4,ant_inf,29,0.034482758620689655,0.18246560765962697,11
4,ant_isq,31,0.0,0.0,11
4,ant_clau,31,0.0,0.0,11
4,fum_act,38,0.3684210526315789,0.4823763889427199,11
4,diabetes,29,0.034482758620689655,0.18246560765962697,11
4,hip_art,30,0.36666666666666664,0.48189440982669857,11
4,insf_car,5,0.0,0.0,11
4,fibr_aur,191,0.010471204188481676,0.10179173871844809,11
4,trat_est,33,0.18181818181818182,0.38569460791993504,11
4,var171,19,0.05263157894736842,0.22329687826943606,11
4,tv_l_esu,344,0.00872093023255814,0.0929778232076714,11
4,tvp_orig,1290,0.30077519379844964,0.458595111829547,11
4,tv_l_ein,256,0.73828125,0.43957029687916527,11
4,tvp_prox,542,0.9169741697416974,0.27592126008740625,11
4,tv_l_svc,443,0.013544018058690745,0.1155879649164073,11
4,tv_l_vre,460,0.013043478260869565,0.1134607682669555,11
4,tv_l_vrn,453,0.01545253863134658,0.12334406220484763,11
4,tv_l_vca,924,0.05519480519480519,0.22836010744942445,11
4,tv_l_yug,933,0.03322615219721329,0.17922660239869778,11
4,tv_l_ova,935,0.0021390374331550803,0.046200237575305184,11
4,tv_l_sup,936,0.005341880341880342,0.07289269274963966,11
4,tv_l_pul,937,0.008537886872998933,0.09200538767236842,11
4,tv_l_ove,453,0.04856512141280353,0.21495708965968807,11
4,fr_antfa,697,0.11621233859397417,0.3204793767974683,11
4,fr_tvs_a,255,0.06274509803921569,0.24250391896063225,11
4,fr_viaje,10,0.0,0.0,11
4,fr_estro,14,0.0,0.0,11
4,fr_varic,28,0.14285714285714285,0.3499271061118826,11
4,fr_antec,1,0.0,0.0,11
4,ana_dime,188,1.5904255319148937,0.5431525683816755,11
4,ana_crea,47,0.8085106382978723,0.3934732342320624,11
4,ana_trop,848,0.8596698113207547,0.3473292772348635,11
4,tension_,67,132.4179104477612,18.068814772296562,11
4,ana_hemo,3,14.833333333333334,0.23570226039551584,11
4,ana_plaq,2,217.0,73.0,11
4,ana_leuc,14,8.177857142857142,2.61382636479666,11
4,ana_neu,1044,6.74372030651341,3.2952091245693524,11
4,protcrea,1317,30.00930903568717,46.837448846844836,11
4,splanchnic,432,0.02546296296296296,0.15752650723008413,11
5,raza,433,2.8706697459584296,0.6976660294315606,11
5,ant_inf,29,0.06896551724137931,0.2533954906327426,11
5,ant_isq,31,0.0,0.0,11
5,ant_clau,31,0.0,0.0,11
5,fum_act,38,0.23684210526315788,0.42514459003693444,11
5,diabetes,29,0.06896551724137931,0.2533954906327426,11
5,hip_art,30,0.26666666666666666,0.4422166387140533,11
5,insf_car,5,0.0,0.0,11
5,fibr_aur,191,0.010471204188481676,0.10179173871844809,11
5,trat_est,33,0.2727272727272727,0.4453617714151233,11
5,var171,19,0.10526315789473684,0.3068922049918579,11
5,tv_l_esu,344,0.011627906976744186,0.10720400531735916,11
5,tvp_orig,1290,0.4248062015503876,0.49431355704119534,11
5,tv_l_ein,256,0.734375,0.4416654382844553,11
5,tvp_prox,542,0.8856088560885609,0.31828573657339965,11
5,tv_l_svc,443,0.013544018058690745,0.1155879649164073,11
5,tv_l_vre,460,0.010869565217391304,0.10368904363227667,11
5,tv_l_vrn,453,0.006622516556291391,0.0811089318802377,11
5,tv_l_vca,924,0.05844155844155844,0.23457651776868113,11
5,tv_l_yug,933,0.00964630225080386,0.09774073410656377,11
5,tv_l_ova,935,0.0021390374331550803,0.046200237575305184,11
5,tv_l_sup,936,0.00641025641025641,0.07980704870505599,11
5,tv_l_pul,937,0.0032017075773745998,0.056492978731551964,11
5,tv_l_ove,453,0.059602649006622516,0.23674917790356925,11
5,fr_antfa,697,0.12625538020086083,0.33213695845418484,11
5,fr_tvs_a,255,0.047058823529411764,0.2117647058823529,11
5,fr_viaje,10,0.0,0.0,11
5,fr_estro,14,0.0,0.0,11
5,fr_varic,28,0.07142857142857142,0.25753937681885636,11
5,fr_antec,1,0.0,0.0,11
5,ana_dime,188,1.6329787234042554,0.5343296253095805,11
5,ana_crea,47,0.9148936170212766,0.2790399372043405,11
5,ana_trop,848,0.8679245283018868,0.3385728008476672,11
5,tension_,67,128.28358208955223,17.69543829415835,11
5,ana_hemo,3,14.333333333333334,1.381625451737513,11
5,ana_plaq,2,205.5,50.5,11
5,ana_leuc,14,8.001428571428571,3.032864881222885,11
5,ana_neu,1044,6.592378352490422,3.118851548005596,11
5,protcrea,1317,63.625072133637055,58.941060361999966,11
5,splanchnic,432,0.016203703703703703,0.12625824206754296,11
1,raza,433,2.879907621247113,0.5431819609821131,12
1,ant_inf,29,0.034482758620689655,0.18246560765962697,12
1,ant_isq,31,0.0967741935483871,0.29565004483586066,12
1,ant_clau,31,0.06451612903225806,0.2456701001891583,12
1,fum_act,38,0.2894736842105263,0.45351810367405493,12
1,diabetes,29,0.034482758620689655,0.18246560765962697,12
1,hip_art,30,0.3333333333333333,0.4714045207910317,12
1,insf_car,5,0.0,0.0,12
1,fibr_aur,191,0.015706806282722512,0.12433866059725565,12
1,trat_est,33,0.21212121212121213,0.40881022918884974,12
1,var171,19,0.05263157894736842,0.22329687826943606,12
1,tv_l_esu,344,0.0029069767441860465,0.05383796272515155,12
1,tvp_orig,1290,0.23875968992248062,0.42632558026771217,12
1,tv_l_ein,256,0.77734375,0.4160293791740404,12
1,tvp_prox,542,0.8782287822878229,0.3270213880605834,12
1,tv_l_svc,443,0.004514672686230248,0.06703946909669298,12
1,tv_l_vre,460,0.015217391304347827,0.12241659326348768,12
1,tv_l_vrn,453,0.006622516556291391,0.0811089318802377,12
1,tv_l_vca,924,0.06385281385281386,0.24449055608732978,12
1,tv_l_yug,933,0.01929260450160772,0.1375514446058356,12
1,tv_l_ova,935,0.0042780748663101605,0.06526693605301544,12
1,tv_l_sup,936,0.00641025641025641,0.07980704870505598,12
1,tv_l_pul,937,0.007470651013874066,0.08610946746614434,12
1,tv_l_ove,453,0.033112582781456956,0.17893054418683832,12
1,fr_antfa,697,0.13199426111908177,0.338484528672596,12
1,fr_tvs_a,255,0.06274509803921569,0.24250391896063223,12
1,fr_viaje,10,0.0,0.0,12
1,fr_estro,14,0.0,0.0,12
1,fr_varic,28,0.10714285714285714,0.30929478706587094,12
1,fr_antec,1,0.0,0.0,12
1,ana_dime,188,1.622340425531915,0.5466832789785256,12
1,ana_crea,47,0.851063829787234,0.35602554320598956,12
1,ana_trop,848,0.8667452830188679,0.3398498159237554,12
1,tension_,67,132.3582089552239,21.215807604579815,12
1,ana_hemo,3,15.533333333333333,1.5107025591499543,12
1,ana_plaq,2,194.0,25.0,12
1,ana_leuc,14,8.457857142857144,3.00819637127686,12
1,ana_neu,1044,6.901582375478927,3.351115804328295,12
1,protcrea,1317,28.325831435079724,36.645950877670096,12
1,splanchnic,432,0.020833333333333332,0.1428261375083551,12
2,raza,433,2.886836027713626,0.5208249038817073,12
2,ant_inf,29,0.0,0.0,12
2,ant_isq,31,0.0,0.0,12
2,ant_clau,31,0.0,0.0,12
2,fum_act,38,0.2631578947368421,0.44034738238635557,12
2,diabetes,29,0.034482758620689655,0.18246560765962697,12
2,hip_art,30,0.3333333333333333,0.4714045207910317,12
2,insf_car,5,0.2,0.4000000000000001,12
2,fibr_aur,191,0.020942408376963352,0.14319156367724967,12
2,trat_est,33,0.21212121212121213,0.40881022918884974,12
2,var171,19,0.0,0.0,12
2,tv_l_esu,344,0.00872093023255814,0.0929778232076714,12
2,tvp_orig,1290,0.27829457364341087,0.44815923947191255,12
2,tv_l_ein,256,0.78515625,0.4107139066137614,12
2,tvp_prox,542,0.8856088560885609,0.31828573657339965,12
2,tv_l_svc,443,0.004514672686230248,0.06703946909669298,12
2,tv_l_vre,460,0.006521739130434782,0.08049351557205921,12
2,tv_l_vrn,453,0.002207505518763797,0.04693221109375121,12
2,tv_l_vca,924,0.02813852813852814,0.16536853199059792,12
2,tv_l_yug,933,0.007502679528403001,0.08629246391369923,12
2,tv_l_ova,935,0.012834224598930482,0.11255890581324382,12
2,tv_l_sup,936,0.003205128205128205,0.05652305156586025,12
2,tv_l_pul,937,0.016008537886873,0.12550802604454248,12
2,tv_l_ove,453,0.039735099337748346,0.19533617488414073,12
2,fr_antfa,697,0.10329985652797705,0.30435012102720843,12
2,fr_tvs_a,255,0.027450980392156862,0.16339346396862475,12
2,fr_viaje,10,0.1,0.30000000000000004,12
2,fr_estro,14,0.0,0.0,12
2,fr_varic,28,0.17857142857142858,0.3829930462415574,12
2,fr_antec,1,0.0,0.0,12
2,ana_dime,188,1.4946808510638299,0.5879765195189844,12
2,ana_crea,47,0.8085106382978723,0.3934732342320624,12
2,ana_trop,848,0.8537735849056604,0.35333305905759443,12
2,tension_,67,129.83582089552237,17.96646711916511,12
2,ana_hemo,3,14.066666666666668,1.4522013940527978,12
2,ana_plaq,2,289.0,119.0,12
2,ana_leuc,14,8.082857142857142,3.2672518565114554,12
2,ana_neu,1044,7.098883141762452,3.353820958373734,12
2,protcrea,1317,18.027752467729687,24.448386868280846,12
2,splanchnic,432,0.018518518518518517,0.13481684980149108,12
3,raza,433,2.9376443418013856,0.4931784016589777,12
3,ant_inf,29,0.034482758620689655,0.18246560765962697,12
3,ant_isq,31,0.06451612903225806,0.2456701001891583,12
3,ant_clau,31,0.0,0.0,12
3,fum_act,38,0.21052631578947367,0.4076824574955175,12
3,diabetes,29,0.13793103448275862,0.3448275862068966,12
3,hip_art,30,0.26666666666666666,0.4422166387140533,12
3,insf_car,5,0.0,0.0,12
3,fibr_aur,191,0.010471204188481676,0.10179173871844809,12
3,trat_est,33,0.18181818181818182,0.385694607919935,12
3,var171,19,0.05263157894736842,0.22329687826943606,12
3,tv_l_esu,344,0.00872093023255814,0.0929778232076714,12
3,tvp_orig,1290,0.34651162790697676,0.4758585079960573,12
3,tv_l_ein,256,0.78125,0.41339864235384227,12
3,tvp_prox,542,0.9040590405904059,0.2945102574056814,12
3,tv_l_svc,443,0.013544018058690745,0.1155879649164073,12
3,tv_l_vre,460,0.006521739130434782,0.08049351557205921,12
3,tv_l_vrn,453,0.006622516556291391,0.0811089318802377,12
3,tv_l_vca,924,0.07034632034632035,0.25572977057834545,12
3,tv_l_yug,933,0.00964630225080386,0.09774073410656377,12
3,tv_l_ova,935,0.0042780748663101605,0.06526693605301544,12
3,tv_l_sup,936,0.0,0.0,12
3,tv_l_pul,937,0.0,0.0,12
3,tv_l_ove,453,0.037527593818984545,0.19005071302455526,12
3,fr_antfa,697,0.13629842180774748,0.3431051763242065,12
3,fr_tvs_a,255,0.043137254901960784,0.20316602112923324,12
3,fr_viaje,10,0.0,0.0,12
3,fr_estro,14,0.0,0.0,12
3,fr_varic,28,0.07142857142857142,0.25753937681885636,12
3,fr_antec,1,1.0,0.0,12
3,ana_dime,188,1.4840425531914894,0.5967648939195048,12
3,ana_crea,47,0.8297872340425532,0.3758196113330999,12
3,ana_trop,848,0.8066037735849056,0.39496091708357156,12
3,tension_,67,130.46268656716418,19.716898092608208,12
3,ana_hemo,3,14.966666666666667,0.4496912521077346,12
3,ana_plaq,2,220.0,7.0,12
3,ana_leuc,14,8.132142857142858,2.3483434239341343,12
3,ana_neu,1044,6.700280651340996,3.283638905899714,12
3,protcrea,1317,58.454176157934704,45.85329745663909,12
3,splanchnic,432,0.016203703703703703,0.12625824206754296,12
4,raza,433,2.9214780600461894,0.598941047891103,12
4,ant_inf,29,0.034482758620689655,0.18246560765962697,12
4,ant_isq,31,0.03225806451612903,0.17668469596940847,12
4,ant_clau,31,0.0,0.0,12
4,fum_act,38,0.39473684210526316,0.48879409528965023,12
4,diabetes,29,0.034482758620689655,0.18246560765962697,12
4,hip_art,30,0.2,0.4,12
4,insf_car,5,0.2,0.4,12
4,fibr_aur,191,0.010471204188481676,0.10179173871844806,12
4,trat_est,33,0.18181818181818182,0.385694607919935,12
4,var171,19,0.05263157894736842,0.22329687826943606,12
4,tv_l_esu,344,0.00872093023255814,0.0929778232076714,12
4,tvp_orig,1290,0.3697674418604651,0.4827416294462626,12
4,tv_l_ein,256,0.8125,0.3903123748998999,12
4,tvp_prox,542,0.9022140221402214,0.29702505011157815,12
4,tv_l_svc,443,0.013544018058690745,0.1155879649164073,12
4,tv_l_vre,460,0.008695652173913044,0.09284415871331575,12
4,tv_l_vrn,453,0.008830022075055188,0.093552406624358,12
4,tv_l_vca,924,0.07683982683982683,0.2663371319419286,12
4,tv_l_yug,933,0.020364415862808145,0.14124342968568396,12
4,tv_l_ova,935,0.0,0.0,12
4,tv_l_sup,936,0.0010683760683760685,0.03266855737483046,12
4,tv_l_pul,937,0.0096051227321238,0.09753391384244064,12
4,tv_l_ove,453,0.03532008830022075,0.18458759346902318,12
4,fr_antfa,697,0.133428981348637,0.3400377747911283,12
4,fr_tvs_a,255,0.054901960784313725,0.2277887957875703,12
4,fr_viaje,10,0.0,0.0,12
4,fr_estro,14,0.0,0.0,12
4,fr_varic,28,0.17857142857142858,0.3829930462415574,12
4,fr_antec,1,0.0,0.0,12
4,ana_dime,188,1.553191489361702,0.6034831746248015,12
4,ana_crea,47,0.8936170212765957,0.3083271648125412,12
4,ana_trop,848,0.8985849056603774,0.3018775794584754,12
4,tension_,67,128.91044776119404,18.139370345078902,12
4,ana_hemo,3,13.366666666666667,0.5312459150169745,12
4,ana_plaq,2,226.0,106.0,12
4,ana_leuc,14,8.314285714285715,2.410579996259686,12
4,ana_neu,1044,6.190068007662836,3.192403164652214,12
4,protcrea,1317,28.708504176157938,38.49492432450807,12
4,splanchnic,432,0.018518518518518517,0.13481684980149108,12
5,raza,433,2.912240184757506,0.7008162957705235,12
5,ant_inf,29,0.06896551724137931,0.2533954906327426,12
5,ant_isq,31,0.03225806451612903,0.17668469596940847,12
5,ant_clau,31,0.0,0.0,12
5,fum_act,38,0.2894736842105263,0.45351810367405493,12
5,diabetes,29,0.13793103448275862,0.3448275862068965,12
5,hip_art,30,0.43333333333333335,0.4955356249106168,12
5,insf_car,5,0.2,0.4,12
5,fibr_aur,191,0.015706806282722512,0.12433866059725568,12
5,trat_est,33,0.24242424242424243,0.42854956435548336,12
5,var171,19,0.05263157894736842,0.22329687826943606,12
5,tv_l_esu,344,0.00872093023255814,0.09297782320767138,12
5,tvp_orig,1290,0.42868217054263563,0.49488763088350707,12
5,tv_l_ein,256,0.76171875,0.4260320362348793,12
5,tvp_prox,542,0.8819188191881919,0.32270422301218366,12
5,tv_l_svc,443,0.01805869074492099,0.1331637129007009,12
5,tv_l_vre,460,0.0,0.0,12
5,tv_l_vrn,453,0.008830022075055188,0.093552406624358,12
5,tv_l_vca,924,0.06601731601731602,0.24831236377431118,12
5,tv_l_yug,933,0.012861736334405145,0.11267791297707545,12
5,tv_l_ova,935,0.0106951871657754,0.10286301637257403,12
5,tv_l_sup,936,0.0,0.0,12
5,tv_l_pul,937,0.008537886872998933,0.09200538767236842,12
5,tv_l_ove,453,0.0706401766004415,0.2562228367072302,12
5,fr_antfa,697,0.1291248206599713,0.3353380404151929,12
5,fr_tvs_a,255,0.0392156862745098,0.19410774385513066,12
5,fr_viaje,10,0.1,0.30000000000000004,12
5,fr_estro,14,0.0,0.0,12
5,fr_varic,28,0.14285714285714285,0.3499271061118826,12
5,fr_antec,1,0.0,0.0,12
5,ana_dime,188,1.5691489361702127,0.5747389038556998,12
5,ana_crea,47,0.8723404255319149,0.3337103647097472,12
5,ana_trop,848,0.8561320754716981,0.35095575906404597,12
5,tension_,67,133.02985074626866,22.98407634971145,12
5,ana_hemo,3,14.666666666666666,1.8116904322268261,12
5,ana_plaq,2,343.0,53.0,12
5,ana_leuc,14,8.316428571428572,2.882304651149982,12
5,ana_neu,1044,6.814918582375479,3.4542467543478845,12
5,protcrea,1317,31.285945330296126,36.69798266628965,12
5,splanchnic,432,0.023148148148148147,0.15037390526770109,12
1,raza,433,2.8498845265588915,0.6177559295656007,13
1,ant_inf,29,0.034482758620689655,0.18246560765962697,13
1,ant_isq,31,0.06451612903225806,0.24567010018915833,13
1,ant_clau,31,0.0,0.0,13
1,fum_act,38,0.18421052631578946,0.3876557858593746,13
1,diabetes,29,0.13793103448275862,0.3448275862068966,13
1,hip_art,30,0.3,0.458257569495584,13
1,insf_car,5,0.2,0.4,13
1,fibr_aur,191,0.031413612565445025,0.17443278794720085,13
1,trat_est,33,0.18181818181818182,0.385694607919935,13
1,var171,19,0.0,0.0,13
1,tv_l_esu,344,0.005813953488372093,0.07602730715477918,13
1,tvp_orig,1290,0.27829457364341087,0.44815923947191255,13
1,tv_l_ein,256,0.75,0.4330127018922193,13
1,tvp_prox,542,0.8819188191881919,0.32270422301218366,13
1,tv_l_svc,443,0.01580135440180587,0.12470634146215022,13
1,tv_l_vre,460,0.008695652173913044,0.09284415871331575,13
1,tv_l_vrn,453,0.013245033112582781,0.11432236093796072,13
1,tv_l_vca,924,0.08225108225108226,0.27474686844367846,13
1,tv_l_yug,933,0.012861736334405145,0.11267791297707545,13
1,tv_l_ova,935,0.0042780748663101605,0.06526693605301544,13
1,tv_l_sup,936,0.0,0.0,13
1,tv_l_pul,937,0.010672358591248666,0.10275436415719026,13
1,tv_l_ove,453,0.07947019867549669,0.27047122988956473,13
1,fr_antfa,697,0.12195121951219512,0.3272294601219205,13
1,fr_tvs_a,255,0.050980392156862744,0.21995770450792404,13
1,fr_viaje,10,0.1,0.30000000000000004,13
1,fr_estro,14,0.07142857142857142,0.2575393768188564,13
1,fr_varic,28,0.2857142857142857,0.45175395145262565,13
1,fr_antec,1,0.0,0.0,13
1,ana_dime,188,1.5904255319148937,0.5431525683816755,13
1,ana_crea,47,0.851063829787234,0.35602554320598956,13
1,ana_trop,848,0.875,0.33071891388307384,13
1,tension_,67,136.49253731343285,18.604583879335614,13
1,ana_hemo,3,14.266666666666666,1.2918548250050732,13
1,ana_plaq,2,254.0,23.0,13
1,ana_leuc,14,10.720000000000002,4.105875580885797,13
1,ana_neu,1044,6.483836206896552,3.233844200812068,13
1,protcrea,1317,54.499726651480636,55.74287307208651,13
1,splanchnic,432,0.020833333333333332,0.1428261375083551,13
2,raza,433,2.884526558891455,0.6800121041317994,13
2,ant_inf,29,0.10344827586206896,0.30454347814923605,13
2,ant_isq,31,0.03225806451612903,0.17668469596940845,13
2,ant_clau,31,0.06451612903225806,0.24567010018915833,13
2,fum_act,38,0.23684210526315788,0.4251445900369345,13
2,diabetes,29,0.06896551724137931,0.2533954906327425,13
2,hip_art,30,0.3333333333333333,0.4714045207910317,13
2,insf_car,5,0.0,0.0,13
2,fibr_aur,191,0.010471204188481676,0.10179173871844807,13
2,trat_est,33,0.15151515151515152,0.3585502898848252,13
2,var171,19,0.10526315789473684,0.30689220499185793,13
2,tv_l_esu,344,0.00872093023255814,0.09297782320767138,13
2,tvp_orig,1290,0.22868217054263565,0.41998408948261906,13
2,tv_l_ein,256,0.75,0.4330127018922193,13
2,tvp_prox,542,0.8892988929889298,0.3137616482580267,13
2,tv_l_svc,443,0.01805869074492099,0.1331637129007009,13
2,tv_l_vre,460,0.004347826086956522,0.06579454761052851,13
2,tv_l_vrn,453,0.008830022075055188,0.093552406624358,13
2,tv_l_vca,924,0.08225108225108226,0.27474686844367846,13
2,tv_l_yug,933,0.0053590568060021436,0.07300915912508639,13
2,tv_l_ova,935,0.0,0.0,13
2,tv_l_sup,936,0.009615384615384616,0.09758549581819442,13
2,tv_l_pul,937,0.013874066168623266,0.11696827115321456,13
2,tv_l_ove,453,0.03090507726269316,0.17306054854321973,13
2,fr_antfa,697,0.11621233859397417,0.3204793767974683,13
2,fr_tvs_a,255,0.043137254901960784,0.20316602112923324,13
2,fr_viaje,10,0.0,0.0,13
2,fr_estro,14,0.0,0.0,13
2,fr_varic,28,0.14285714285714285,0.3499271061118826,13
2,fr_antec,1,0.0,0.0,13
2,ana_dime,188,1.5265957446808511,0.5963854836330905,13
2,ana_crea,47,0.9148936170212766,0.2790399372043405,13
2,ana_trop,848,0.8785377358490566,0.3266637147561232,13
2,tension_,67,133.37313432835822,18.477768668107768,13
2,ana_hemo,3,12.200000000000001,2.9405214956987926,13
2,ana_plaq,2,348.0,40.0,13
2,ana_leuc,14,10.34,3.690046457314983,13
2,ana_neu,1044,6.485316091954023,3.1221303752666234,13
2,protcrea,1317,49.36385725132878,54.34108863512947,13
2,splanchnic,432,0.011574074074074073,0.10695847270507335,13
3,raza,433,2.9260969976905313,0.5300117736417167,13
3,ant_inf,29,0.0,0.0,13
3,ant_isq,31,0.0,0.0,13
3,ant_clau,31,0.03225806451612903,0.17668469596940847,13
3,fum_act,38,0.3684210526315789,0.4823763889427199,13
3,diabetes,29,0.034482758620689655,0.18246560765962697,13
3,hip_art,30,0.26666666666666666,0.4422166387140533,13
3,insf_car,5,0.2,0.4,13
3,fibr_aur,191,0.020942408376963352,0.1431915636772497,13
3,trat_est,33,0.24242424242424243,0.4285495643554833,13
3,var171,19,0.0,0.0,13
3,tv_l_esu,344,0.011627906976744186,0.10720400531735916,13
3,tvp_orig,1290,0.2496124031007752,0.4327886913021542,13
3,tv_l_ein,256,0.7734375,0.41860713514433795,13
3,tvp_prox,542,0.9022140221402214,0.29702505011157815,13
3,tv_l_svc,443,0.01580135440180587,0.12470634146215022,13
3,tv_l_vre,460,0.013043478260869565,0.11346076826695552,13
3,tv_l_vrn,453,0.006622516556291391,0.0811089318802377,13
3,tv_l_vca,924,0.07034632034632035,0.25572977057834545,13
3,tv_l_yug,933,0.007502679528403001,0.08629246391369923,13
3,tv_l_ova,935,0.0042780748663101605,0.06526693605301544,13
3,tv_l_sup,936,0.007478632478632479,0.0861551074219168,13
3,tv_l_pul,937,0.0010672358591248667,0.03265113882770193,13
3,tv_l_ove,453,0.05077262693156733,0.2195330664980454,13
3,fr_antfa,697,0.1291248206599713,0.33533804041519283,13
3,fr_tvs_a,255,0.03137254901960784,0.17432243741876757,13
3,fr_viaje,10,0.0,0.0,13
3,fr_estro,14,0.0,0.0,13
3,fr_varic,28,0.21428571428571427,0.41032590332414487,13
3,fr_antec,1,0.0,0.0,13
3,ana_dime,188,1.5638297872340425,0.5565568663629078,13
3,ana_crea,47,0.9148936170212766,0.2790399372043405,13
3,ana_trop,848,0.8643867924528302,0.3423773729175718,13
3,tension_,67,133.83582089552237,18.750997597282517,13
3,ana_hemo,3,13.933333333333332,1.5542057635833024,13
3,ana_plaq,2,232.0,68.0,13
3,ana_leuc,14,9.680714285714286,3.505013683049946,13
3,ana_neu,1044,6.592532567049807,3.209129587397415,13
3,protcrea,1317,37.85881548974943,46.4053825373467,13
3,splanchnic,432,0.016203703703703703,0.12625824206754296,13
4,raza,433,2.903002309468822,0.6622902683361523,13
4,ant_inf,29,0.06896551724137931,0.2533954906327426,13
4,ant_isq,31,0.06451612903225806,0.24567010018915833,13
4,ant_clau,31,0.0,0.0,13
4,fum_act,38,0.2894736842105263,0.45351810367405493,13
4,diabetes,29,0.10344827586206896,0.30454347814923605,13
4,hip_art,30,0.26666666666666666,0.4422166387140533,13
4,insf_car,5,0.0,0.0,13
4,fibr_aur,191,0.010471204188481676,0.1017917387184481,13
4,trat_est,33,0.15151515151515152,0.35855028988482524,13
4,var171,19,0.05263157894736842,0.22329687826943606,13
4,tv_l_esu,344,0.020348837209302327,0.1411905167974522,13
4,tvp_orig,1290,0.2813953488372093,0.44967989335748,13
4,tv_l_ein,256,0.76171875,0.4260320362348793,13
4,tvp_prox,542,0.8579335793357934,0.3491182504308065,13
4,tv_l_svc,443,0.009029345372460496,0.0945928976964197,13
4,tv_l_vre,460,0.006521739130434782,0.08049351557205921,13
4,tv_l_vrn,453,0.011037527593818985,0.10447823016511464,13
4,tv_l_vca,924,0.06926406926406926,0.25390265452147504,13
4,tv_l_yug,933,0.0021436227224008574,0.046249622744676144,13
4,tv_l_ova,935,0.006417112299465241,0.07984943937938006,13
4,tv_l_sup,936,0.0,0.0,13
4,tv_l_pul,937,0.005336179295624333,0.07285399430470016,13
4,tv_l_ove,453,0.033112582781456956,0.17893054418683832,13
4,fr_antfa,697,0.14347202295552366,0.350553564501309,13
4,fr_tvs_a,255,0.050980392156862744,0.21995770450792404,13
4,fr_viaje,10,0.0,0.0,13
4,fr_estro,14,0.07142857142857142,0.25753937681885636,13
4,fr_varic,28,0.17857142857142858,0.3829930462415574,13
4,fr_antec,1,0.0,0.0,13
4,ana_dime,188,1.6170212765957446,0.5762384069766315,13
4,ana_crea,47,0.9361702127659575,0.2444494743207672,13
4,ana_trop,848,0.8266509433962265,0.37854875667257876,13
4,tension_,67,137.37313432835822,21.22363918665316,13
4,ana_hemo,3,14.266666666666666,0.5249338582674539,13
4,ana_plaq,2,229.0,40.0,13
4,ana_leuc,14,9.385000000000002,3.2133599460466837,13
4,ana_neu,1044,6.532830459770115,3.073620090499103,13
4,protcrea,1317,51.46589977220957,54.464633902507984,13
4,splanchnic,432,0.023148148148148147,0.15037390526770109,13
5,raza,433,2.976905311778291,0.5841814966748222,13
5,ant_inf,29,0.034482758620689655,0.18246560765962697,13
5,ant_isq,31,0.03225806451612903,0.17668469596940847,13
5,ant_clau,31,0.0,0.0,13
5,fum_act,38,0.2894736842105263,0.45351810367405493,13
5,diabetes,29,0.06896551724137931,0.2533954906327426,13
5,hip_art,30,0.26666666666666666,0.44221663871405337,13
5,insf_car,5,0.0,0.0,13
5,fibr_aur,191,0.010471204188481676,0.10179173871844806,13
5,trat_est,33,0.18181818181818182,0.38569460791993504,13
5,var171,19,0.05263157894736842,0.22329687826943606,13
5,tv_l_esu,344,0.0029069767441860465,0.05383796272515156,13
5,tvp_orig,1290,0.24263565891472869,0.42867656331754844,13
5,tv_l_ein,256,0.80859375,0.39340805464674655,13
5,tvp_prox,542,0.8782287822878229,0.3270213880605834,13
5,tv_l_svc,443,0.020316027088036117,0.14107900669977194,13
5,tv_l_vre,460,0.017391304347826087,0.13072431633367745,13
5,tv_l_vrn,453,0.002207505518763797,0.04693221109375121,13
5,tv_l_vca,924,0.07142857142857142,0.25753937681885636,13
5,tv_l_yug,933,0.003215434083601286,0.05661355904070421,13
5,tv_l_ova,935,0.0021390374331550803,0.046200237575305184,13
5,tv_l_sup,936,0.0,0.0,13
5,tv_l_pul,937,0.0021344717182497333,0.046151010267747386,13
5,tv_l_ove,453,0.039735099337748346,0.19533617488414076,13
5,fr_antfa,697,0.14777618364418937,0.35487798352637806,13
5,fr_tvs_a,255,0.050980392156862744,0.21995770450792404,13
5,fr_viaje,10,0.0,0.0,13
5,fr_estro,14,0.07142857142857142,0.25753937681885636,13
5,fr_varic,28,0.17857142857142858,0.3829930462415574,13
5,fr_antec,1,0.0,0.0,13
5,ana_dime,188,1.5265957446808511,0.5499855959264508,13
5,ana_crea,47,0.851063829787234,0.3560255432059895,13
5,ana_trop,848,0.8408018867924528,0.365860730276842,13
5,tension_,67,128.07462686567163,21.26191566384816,13
5,ana_hemo,3,15.133333333333333,1.4079141387961918,13
5,ana_plaq,2,215.0,95.0,13
5,ana_leuc,14,9.44,3.0102135662251133,13
5,ana_neu,1044,6.597366858237548,3.2281840414470406,13
5,protcrea,1317,47.52167805618831,52.79052809152272,13
5,splanchnic,432,0.018518518518518517,0.13481684980149108,13
1,raza,433,2.8891454965357966,0.582022800267895,14
1,ant_inf,29,0.034482758620689655,0.18246560765962697,14
1,ant_isq,31,0.03225806451612903,0.17668469596940847,14
1,ant_clau,31,0.03225806451612903,0.17668469596940847,14
1,fum_act,38,0.2894736842105263,0.45351810367405493,14
1,diabetes,29,0.10344827586206896,0.3045434781492361,14
1,hip_art,30,0.3333333333333333,0.4714045207910316,14
1,insf_car,5,0.0,0.0,14
1,fibr_aur,191,0.010471204188481676,0.10179173871844806,14
1,trat_est,33,0.15151515151515152,0.35855028988482524,14
1,var171,19,0.15789473684210525,0.36464227527765836,14
1,tv_l_esu,344,0.00872093023255814,0.0929778232076714,14
1,tvp_orig,1290,0.08914728682170543,0.28495622132888065,14
1,tv_l_ein,256,0.70703125,0.4551242264738689,14
1,tvp_prox,542,0.9022140221402214,0.29702505011157815,14
1,tv_l_svc,443,0.020316027088036117,0.14107900669977194,14
1,tv_l_vre,460,0.008695652173913044,0.09284415871331575,14
1,tv_l_vrn,453,0.002207505518763797,0.0469322110937512,14
1,tv_l_vca,924,0.08982683982683982,0.28593352142336004,14
1,tv_l_yug,933,0.013933547695605574,0.11721520355406058,14
1,tv_l_ova,935,0.0032085561497326204,0.05655317247658732,14
1,tv_l_sup,936,0.00641025641025641,0.079807048705056,14
1,tv_l_pul,937,0.0064034151547491995,0.07976472546875046,14
1,tv_l_ove,453,0.05077262693156733,0.2195330664980454,14
1,fr_antfa,697,0.13916786226685796,0.3461216092342846,14
1,fr_tvs_a,255,0.0392156862745098,0.1941077438551307,14
1,fr_viaje,10,0.1,0.30000000000000004,14
1,fr_estro,14,0.14285714285714285,0.3499271061118826,14
1,fr_varic,28,0.14285714285714285,0.3499271061118826,14
1,fr_antec,1,0.0,0.0,14
1,ana_dime,188,1.574468085106383,0.5647323165951914,14
1,ana_crea,47,0.8936170212765957,0.3083271648125413,14
1,ana_trop,848,0.7735849056603774,0.41851081156261954,14
1,tension_,67,129.44776119402985,19.787138580317848,14
1,ana_hemo,3,14.5,1.17756811551038,14
1,ana_plaq,2,281.0,2.0,14
1,ana_leuc,14,7.807357142857143,3.362387238834568,14
1,ana_neu,1044,6.652143678160919,3.278281291835515,14
1,protcrea,1317,68.81495064540623,50.838181054595736,14
1,splanchnic,432,0.02546296296296296,0.15752650723008413,14
2,raza,433,2.9699769053117784,0.6128148429984368,14
2,ant_inf,29,0.0,0.0,14
2,ant_isq,31,0.0,0.0,14
2,ant_clau,31,0.06451612903225806,0.2456701001891583,14
2,fum_act,38,0.23684210526315788,0.4251445900369345,14
2,diabetes,29,0.034482758620689655,0.18246560765962697,14
2,hip_art,30,0.2,0.4000000000000001,14
2,insf_car,5,0.0,0.0,14
2,fibr_aur,191,0.005235602094240838,0.07216779451356137,14
2,trat_est,33,0.12121212121212122,0.3263736246748184,14
2,var171,19,0.05263157894736842,0.22329687826943606,14
2,tv_l_esu,344,0.005813953488372093,0.07602730715477916,14
2,tvp_orig,1290,0.2992248062015504,0.4579184660561256,14
2,tv_l_ein,256,0.82421875,0.3806339477088683,14
2,tvp_prox,542,0.9040590405904059,0.2945102574056814,14
2,tv_l_svc,443,0.020316027088036117,0.14107900669977194,14
2,tv_l_vre,460,0.004347826086956522,0.06579454761052851,14
2,tv_l_vrn,453,0.004415011037527594,0.06629870824583313,14
2,tv_l_vca,924,0.06601731601731602,0.24831236377431118,14
2,tv_l_yug,933,0.03322615219721329,0.17922660239869778,14
2,tv_l_ova,935,0.0053475935828877,0.07293145292505805,14
2,tv_l_sup,936,0.010683760683760684,0.10280864721127701,14
2,tv_l_pul,937,0.014941302027748132,0.12131800988090656,14
2,tv_l_ove,453,0.046357615894039736,0.21025838233625885,14
2,fr_antfa,697,0.1750358680057389,0.37999778014774827,14
2,fr_tvs_a,255,0.03529411764705882,0.1845222016630367,14
2,fr_viaje,10,0.0,0.0,14
2,fr_estro,14,0.14285714285714285,0.3499271061118826,14
2,fr_varic,28,0.17857142857142858,0.3829930462415574,14
2,fr_antec,1,0.0,0.0,14
2,ana_dime,188,1.5638297872340425,0.6024508567986285,14
2,ana_crea,47,0.8723404255319149,0.3337103647097472,14
2,ana_trop,848,0.7759433962264151,0.4169595209118407,14
2,tension_,67,136.6417910447761,19.825885004083517,14
2,ana_hemo,3,14.533333333333331,1.4704496666741858,14
2,ana_plaq,2,266.5,46.5,14
2,ana_leuc,14,7.441428571428572,2.5820336866864606,14
2,ana_neu,1044,6.476353448275862,3.2424883573699503,14
2,protcrea,1317,44.930136674259685,50.1796712036594,14
2,splanchnic,432,0.027777777777777776,0.16433554953054486,14
3,raza,433,2.935334872979215,0.615784252663021,14
3,ant_inf,29,0.034482758620689655,0.18246560765962697,14
3,ant_isq,31,0.06451612903225806,0.24567010018915833,14
3,ant_clau,31,0.0,0.0,14
3,fum_act,38,0.3157894736842105,0.46482951928041294,14
3,diabetes,29,0.10344827586206896,0.30454347814923605,14
3,hip_art,30,0.16666666666666666,0.37267799624996495,14
3,insf_car,5,0.0,0.0,14
3,fibr_aur,191,0.020942408376963352,0.14319156367724972,14
3,trat_est,33,0.15151515151515152,0.35855028988482524,14
3,var171,19,0.0,0.0,14
3,tv_l_esu,344,0.011627906976744186,0.10720400531735916,14
3,tvp_orig,1290,0.3271317829457364,0.4691658337224483,14
3,tv_l_ein,256,0.8046875,0.3964410767614148,14
3,tvp_prox,542,0.8782287822878229,0.3270213880605834,14
3,tv_l_svc,443,0.009029345372460496,0.0945928976964197,14
3,tv_l_vre,460,0.008695652173913044,0.09284415871331575,14
3,tv_l_vrn,453,0.002207505518763797,0.04693221109375121,14
3,tv_l_vca,924,0.08225108225108226,0.27474686844367846,14
3,tv_l_yug,933,0.02465166130760986,0.15506113923992929,14
3,tv_l_ova,935,0.0053475935828877,0.07293145292505805,14
3,tv_l_sup,936,0.004273504273504274,0.06523221163450321,14
3,tv_l_pul,937,0.010672358591248666,0.10275436415719025,14
3,tv_l_ove,453,0.04194260485651214,0.20045803240170404,14
3,fr_antfa,697,0.13916786226685796,0.3461216092342846,14
3,fr_tvs_a,255,0.050980392156862744,0.219957704507924,14
3,fr_viaje,10,0.0,0.0,14
3,fr_estro,14,0.07142857142857142,0.25753937681885636,14
3,fr_varic,28,0.10714285714285714,0.30929478706587094,14
3,fr_antec,1,0.0,0.0,14
3,ana_dime,188,1.601063829787234,0.5412740448889445,14
3,ana_crea,47,0.9361702127659575,0.2444494743207672,14
3,ana_trop,848,0.777122641509434,0.4161766951221966,14
3,tension_,67,135.43283582089552,21.52833875546509,14
3,ana_hemo,3,15.0,1.0198039027185573,14
3,ana_plaq,2,258.0,29.0,14
3,ana_leuc,14,8.224285714285713,3.184107217967102,14
3,ana_neu,1044,6.583939655172413,3.212609045095077,14
3,protcrea,1317,65.28132118451025,51.321354627244126,14
3,splanchnic,432,0.023148148148148147,0.15037390526770109,14
4,raza,433,2.9376443418013856,0.5753127419981224,14
4,ant_inf,29,0.0,0.0,14
4,ant_isq,31,0.06451612903225806,0.24567010018915833,14
4,ant_clau,31,0.0,0.0,14
4,fum_act,38,0.21052631578947367,0.4076824574955175,14
4,diabetes,29,0.034482758620689655,0.18246560765962697,14
4,hip_art,30,0.4,0.4898979485566357,14
4,insf_car,5,0.0,0.0,14
4,fibr_aur,191,0.010471204188481676,0.10179173871844809,14
4,trat_est,33,0.18181818181818182,0.385694607919935,14
4,var171,19,0.0,0.0,14
4,tv_l_esu,344,0.00872093023255814,0.09297782320767137,14
4,tvp_orig,1290,0.36589147286821705,0.48167925318674865,14
4,tv_l_ein,256,0.79296875,0.405178123204397,14
4,tvp_prox,542,0.8634686346863468,0.3433519354820108,14
4,tv_l_svc,443,0.01580135440180587,0.1247063414621502,14
4,tv_l_vre,460,0.006521739130434782,0.08049351557205921,14
4,tv_l_vrn,453,0.002207505518763797,0.04693221109375121,14
4,tv_l_vca,924,0.05627705627705628,0.23045595938019336,14
4,tv_l_yug,933,0.02465166130760986,0.1550611392399293,14
4,tv_l_ova,935,0.0053475935828877,0.07293145292505805,14
4,tv_l_sup,936,0.002136752136752137,0.0461756042413981,14
4,tv_l_pul,937,0.0096051227321238,0.09753391384244064,14
4,tv_l_ove,453,0.04856512141280353,0.21495708965968807,14
4,fr_antfa,697,0.14634146341463414,0.3534482133216936,14
4,fr_tvs_a,255,0.07450980392156863,0.2625987300828739,14
4,fr_viaje,10,0.0,0.0,14
4,fr_estro,14,0.0,0.0,14
4,fr_varic,28,0.21428571428571427,0.410325903324145,14
4,fr_antec,1,0.0,0.0,14
4,ana_dime,188,1.5053191489361701,0.5788593003773183,14
4,ana_crea,47,0.8297872340425532,0.3758196113330999,14
4,ana_trop,848,0.7582547169811321,0.428140749236738,14
4,tension_,67,138.29850746268656,22.60300793968772,14
4,ana_hemo,3,13.233333333333334,1.763204154058426,14
4,ana_plaq,2,120.5,69.5,14
4,ana_leuc,14,8.132857142857144,2.502168855131851,14
4,ana_neu,1044,6.560913793103448,3.08541902620714,14
4,protcrea,1317,21.554578587699314,24.031184025927967,14
4,splanchnic,432,0.009259259259259259,0.09577852252582036,14
5,raza,433,3.0069284064665127,0.639318370382147,14
5,ant_inf,29,0.034482758620689655,0.18246560765962697,14
5,ant_isq,31,0.03225806451612903,0.17668469596940847,14
5,ant_clau,31,0.0,0.0,14
5,fum_act,38,0.23684210526315788,0.42514459003693444,14
5,diabetes,29,0.13793103448275862,0.3448275862068965,14
5,hip_art,30,0.43333333333333335,0.49553562491061676,14
5,insf_car,5,0.0,0.0,14
5,fibr_aur,191,0.041884816753926704,0.20032593161998946,14
5,trat_est,33,0.2727272727272727,0.4453617714151233,14
5,var171,19,0.10526315789473684,0.30689220499185793,14
5,tv_l_esu,344,0.011627906976744186,0.10720400531735916,14
5,tvp_orig,1290,0.362015503875969,0.4805832694022934,14
5,tv_l_ein,256,0.76953125,0.4211328831538063,14
5,tvp_prox,542,0.8745387453874539,0.3312411933977898,14
5,tv_l_svc,443,0.022573363431151242,0.14853890633284061,14
5,tv_l_vre,460,0.004347826086956522,0.06579454761052851,14
5,tv_l_vrn,453,0.004415011037527594,0.06629870824583313,14
5,tv_l_vca,924,0.0735930735930736,0.2611075125541164,14
5,tv_l_yug,933,0.022508038585209004,0.14832877935267905,14
5,tv_l_ova,935,0.0021390374331550803,0.046200237575305184,14
5,tv_l_sup,936,0.002136752136752137,0.0461756042413981,14
5,tv_l_pul,937,0.0010672358591248667,0.03265113882770193,14
5,tv_l_ove,453,0.03090507726269316,0.17306054854321976,14
5,fr_antfa,697,0.15925394548063126,0.3659127304829437,14
5,fr_tvs_a,255,0.047058823529411764,0.21176470588235288,14
5,fr_viaje,10,0.0,0.0,14
5,fr_estro,14,0.14285714285714285,0.34992710611188266,14
5,fr_varic,28,0.14285714285714285,0.3499271061118826,14
5,fr_antec,1,0.0,0.0,14
5,ana_dime,188,1.553191489361702,0.5855897423201228,14
5,ana_crea,47,0.9148936170212766,0.2790399372043405,14
5,ana_trop,848,0.7995283018867925,0.40035333940010365,14
5,tension_,67,134.07462686567163,26.048928377898584,14
5,ana_hemo,3,14.566666666666668,0.5792715732327584,14
5,ana_plaq,2,338.5,107.5,14
5,ana_leuc,14,7.828571428571428,2.642041573001717,14
5,ana_neu,1044,6.528973180076629,3.3081905477813875,14
5,protcrea,1317,35.278716780561886,43.48984579843055,14
5,splanchnic,432,0.020833333333333332,0.1428261375083551,14
1,raza,433,2.8337182448036953,0.6339649665499063,15
1,ant_inf,29,0.0,0.0,15
1,ant_isq,31,0.0,0.0,15
1,ant_clau,31,0.0,0.0,15
1,fum_act,38,0.21052631578947367,0.4076824574955175,15
1,diabetes,29,0.06896551724137931,0.2533954906327426,15
1,hip_art,30,0.3333333333333333,0.4714045207910317,15
1,insf_car,5,0.0,0.0,15
1,fibr_aur,191,0.020942408376963352,0.1431915636772497,15
1,trat_est,33,0.30303030303030304,0.459568208730397,15
1,var171,19,0.0,0.0,15
1,tv_l_esu,344,0.005813953488372093,0.07602730715477918,15
1,tvp_orig,1290,0.3147286821705426,0.4644077290374658,15
1,tv_l_ein,256,0.73046875,0.4437163004369318,15
1,tvp_prox,542,0.9114391143911439,0.2841088790394119,15
1,tv_l_svc,443,0.009029345372460496,0.0945928976964197,15
1,tv_l_vre,460,0.02826086956521739,0.16571720736433848,15
1,tv_l_vrn,453,0.004415011037527594,0.06629870824583313,15
1,tv_l_vca,924,0.07034632034632035,0.25572977057834545,15
1,tv_l_yug,933,0.020364415862808145,0.14124342968568396,15
1,tv_l_ova,935,0.0,0.0,15
1,tv_l_sup,936,0.003205128205128205,0.05652305156586025,15
1,tv_l_pul,937,0.0032017075773745998,0.05649297873155197,15
1,tv_l_ove,453,0.02207505518763797,0.14692769353018753,15
1,fr_antfa,697,0.12051649928263988,0.32556454457341844,15
1,fr_tvs_a,255,0.07058823529411765,0.2561357771420852,15
1,fr_viaje,10,0.1,0.30000000000000004,15
1,fr_estro,14,0.0,0.0,15
1,fr_varic,28,0.14285714285714285,0.3499271061118826,15
1,fr_antec,1,1.0,0.0,15
1,ana_dime,188,1.648936170212766,0.5301032980128082,15
1,ana_crea,47,0.8723404255319149,0.33371036470974724,15
1,ana_trop,848,0.8832547169811321,0.32111652388457423,15
1,tension_,67,127.49253731343283,18.921971067635333,15
1,ana_hemo,3,15.833333333333334,0.9463379711052257,15
1,ana_plaq,2,438.0,30.0,15
1,ana_leuc,14,8.931428571428572,3.9566758362885106,15
1,ana_neu,1044,6.646241379310345,3.262823049165423,15
1,protcrea,1317,59.26177676537586,58.42125726100253,15
1,splanchnic,432,0.037037037037037035,0.18885257457751053,15
2,raza,433,2.8013856812933025,0.7939132892414861,15
2,ant_inf,29,0.034482758620689655,0.18246560765962697,15
2,ant_isq,31,0.0,0.0,15
2,ant_clau,31,0.0,0.0,15
2,fum_act,38,0.15789473684210525,0.3646422752776584,15
2,diabetes,29,0.13793103448275862,0.3448275862068965,15
2,hip_art,30,0.43333333333333335,0.49553562491061676,15
2,insf_car,5,0.0,0.0,15
2,fibr_aur,191,0.020942408376963352,0.14319156367724967,15
2,trat_est,33,0.21212121212121213,0.40881022918884974,15
2,var171,19,0.10526315789473684,0.3068922049918579,15
2,tv_l_esu,344,0.01744186046511628,0.13091081685113606,15
2,tvp_orig,1290,0.45813953488372094,0.4982446201016614,15
2,tv_l_ein,256,0.69921875,0.45859774274241416,15
2,tvp_prox,542,0.8966789667896679,0.30437772143618125,15
2,tv_l_svc,443,0.004514672686230248,0.06703946909669298,15
2,tv_l_vre,460,0.021739130434782608,0.1458305202717254,15
2,tv_l_vrn,453,0.008830022075055188,0.093552406624358,15
2,tv_l_vca,924,0.06168831168831169,0.24058857805256964,15
2,tv_l_yug,933,0.02572347266881029,0.1583091141490826,15
2,tv_l_ova,935,0.0032085561497326204,0.05655317247658732,15
2,tv_l_sup,936,0.002136752136752137,0.0461756042413981,15
2,tv_l_pul,937,0.017075773745997867,0.12955381776301828,15
2,tv_l_ove,453,0.04194260485651214,0.20045803240170404,15
2,fr_antfa,697,0.13055954088952654,0.336918012537535,15
2,fr_tvs_a,255,0.07450980392156863,0.2625987300828739,15
2,fr_viaje,10,0.0,0.0,15
2,fr_estro,14,0.07142857142857142,0.25753937681885636,15
2,fr_varic,28,0.21428571428571427,0.41032590332414487,15
2,fr_antec,1,1.0,0.0,15
2,ana_dime,188,1.5265957446808511,0.6394271924542914,15
2,ana_crea,47,0.8936170212765957,0.30832716481254124,15
2,ana_trop,848,0.875,0.33071891388307384,15
2,tension_,67,138.46268656716418,19.95691505353467,15
2,ana_hemo,3,13.199999999999998,2.434474618201362,15
2,ana_plaq,2,284.5,1.5,15
2,ana_leuc,14,8.14642857142857,3.6176918591492977,15
2,ana_neu,1044,6.552713601532567,3.2531406686649,15
2,protcrea,1317,30.04542900531511,42.642653074854806,15
2,splanchnic,432,0.023148148148148147,0.15037390526770109,15
3,raza,433,2.861431870669746,0.7283216687773255,15
3,ant_inf,29,0.034482758620689655,0.18246560765962697,15
3,ant_isq,31,0.0,0.0,15
3,ant_clau,31,0.0,0.0,15
3,fum_act,38,0.15789473684210525,0.3646422752776584,15
3,diabetes,29,0.06896551724137931,0.2533954906327426,15
3,hip_art,30,0.4,0.4898979485566357,15
3,insf_car,5,0.0,0.0,15
3,fibr_aur,191,0.0,0.0,15
3,trat_est,33,0.21212121212121213,0.40881022918884974,15
3,var171,19,0.05263157894736842,0.22329687826943606,15
3,tv_l_esu,344,0.005813953488372093,0.07602730715477918,15
3,tvp_orig,1290,0.37209302325581395,0.4833630160657332,15
3,tv_l_ein,256,0.7734375,0.41860713514433795,15
3,tvp_prox,542,0.8690036900369004,0.33739631998460085,15
3,tv_l_svc,443,0.004514672686230248,0.06703946909669299,15
3,tv_l_vre,460,0.010869565217391304,0.1036890436322767,15
3,tv_l_vrn,453,0.002207505518763797,0.04693221109375121,15
3,tv_l_vca,924,0.05411255411255411,0.2262396640732346,15
3,tv_l_yug,933,0.011789924973204717,0.10793943969805903,15
3,tv_l_ova,935,0.0042780748663101605,0.06526693605301544,15
3,tv_l_sup,936,0.0,0.0,15
3,tv_l_pul,937,0.007470651013874066,0.08610946746614433,15
3,tv_l_ove,453,0.046357615894039736,0.21025838233625885,15
3,fr_antfa,697,0.133428981348637,0.3400377747911283,15
3,fr_tvs_a,255,0.058823529411764705,0.23529411764705885,15
3,fr_viaje,10,0.3,0.45825756949558405,15
3,fr_estro,14,0.14285714285714285,0.34992710611188266,15
3,fr_varic,28,0.03571428571428571,0.1855768722395226,15
3,fr_antec,1,0.0,0.0,15
3,ana_dime,188,1.601063829787234,0.5510135112161766,15
3,ana_crea,47,0.9361702127659575,0.24444947432076716,15
3,ana_trop,848,0.8608490566037735,0.3461039704310926,15
3,tension_,67,127.88059701492537,20.93167448290983,15
3,ana_hemo,3,12.166666666666666,2.764456948882044,15
3,ana_plaq,2,219.0,8.0,15
3,ana_leuc,14,8.402142857142858,3.973528799750793,15
3,ana_neu,1044,6.497862068965517,3.3127786655196507,15
3,protcrea,1317,27.012156416097188,39.65616928927841,15
3,splanchnic,432,0.02546296296296296,0.15752650723008413,15
4,raza,433,2.884526558891455,0.6343266291031092,15
4,ant_inf,29,0.06896551724137931,0.2533954906327426,15
4,ant_isq,31,0.03225806451612903,0.17668469596940845,15
4,ant_clau,31,0.03225806451612903,0.17668469596940847,15
4,fum_act,38,0.15789473684210525,0.3646422752776584,15
4,diabetes,29,0.13793103448275862,0.3448275862068966,15
4,hip_art,30,0.4,0.4898979485566357,15
4,insf_car,5,0.0,0.0,15
4,fibr_aur,191,0.010471204188481676,0.10179173871844809,15
4,trat_est,33,0.18181818181818182,0.385694607919935,15
4,var171,19,0.10526315789473684,0.3068922049918579,15
4,tv_l_esu,344,0.0029069767441860465,0.05383796272515156,15
4,tvp_orig,1290,0.2302325581395349,0.42098162348499324,15
4,tv_l_ein,256,0.78515625,0.4107139066137614,15
4,tvp_prox,542,0.8782287822878229,0.3270213880605834,15
4,tv_l_svc,443,0.002257336343115124,0.04745777887500821,15
4,tv_l_vre,460,0.013043478260869565,0.11346076826695553,15
4,tv_l_vrn,453,0.008830022075055188,0.093552406624358,15
4,tv_l_vca,924,0.08008658008658008,0.27142719056243403,15
4,tv_l_yug,933,0.03322615219721329,0.1792266023986978,15
4,tv_l_ova,935,0.006417112299465241,0.07984943937938006,15
4,tv_l_sup,936,0.002136752136752137,0.04617560424139809,15
4,tv_l_pul,937,0.012806830309498399,0.1124402748436792,15
4,tv_l_ove,453,0.06181015452538632,0.24081042195663827,15
4,fr_antfa,697,0.1291248206599713,0.33533804041519283,15
4,fr_tvs_a,255,0.0392156862745098,0.1941077438551307,15
4,fr_viaje,10,0.1,0.30000000000000004,15
4,fr_estro,14,0.0,0.0,15
4,fr_varic,28,0.14285714285714285,0.3499271061118826,15
4,fr_antec,1,0.0,0.0,15
4,ana_dime,188,1.6063829787234043,0.5303167481112561,15
4,ana_crea,47,0.9361702127659575,0.24444947432076716,15
4,ana_trop,848,0.8419811320754716,0.3647586946247872,15
4,tension_,67,126.77611940298507,18.507619161591776,15
4,ana_hemo,3,13.566666666666668,2.4526629518862872,15
4,ana_plaq,2,183.0,37.0,15
4,ana_leuc,14,7.924999999999999,3.0784080997443186,15
4,ana_neu,1044,6.593604406130268,3.1387074937681794,15
4,protcrea,1317,58.10034168564921,56.35817510305202,15
4,splanchnic,432,0.018518518518518517,0.13481684980149108,15
5,raza,433,2.8729792147806004,0.5767109434283809,15
5,ant_inf,29,0.0,0.0,15
5,ant_isq,31,0.03225806451612903,0.17668469596940845,15
5,ant_clau,31,0.03225806451612903,0.17668469596940847,15
5,fum_act,38,0.2894736842105263,0.45351810367405493,15
5,diabetes,29,0.20689655172413793,0.4050806939472666,15
5,hip_art,30,0.36666666666666664,0.48189440982669857,15
5,insf_car,5,0.0,0.0,15
5,fibr_aur,191,0.005235602094240838,0.07216779451356137,15
5,trat_est,33,0.18181818181818182,0.385694607919935,15
5,var171,19,0.0,0.0,15
5,tv_l_esu,344,0.0029069767441860465,0.05383796272515156,15
5,tvp_orig,1290,0.32868217054263565,0.46973418154315466,15
5,tv_l_ein,256,0.765625,0.4236075534914362,15
5,tvp_prox,542,0.9022140221402214,0.29702505011157815,15
5,tv_l_svc,443,0.009029345372460496,0.0945928976964197,15
5,tv_l_vre,460,0.01956521739130435,0.13850061248866502,15
5,tv_l_vrn,453,0.008830022075055188,0.093552406624358,15
5,tv_l_vca,924,0.07142857142857142,0.25753937681885636,15
5,tv_l_yug,933,0.013933547695605574,0.11721520355406057,15
5,tv_l_ova,935,0.0032085561497326204,0.05655317247658732,15
5,tv_l_sup,936,0.009615384615384616,0.09758549581819442,15
5,tv_l_pul,937,0.008537886872998933,0.09200538767236842,15
5,tv_l_ove,453,0.024282560706401765,0.15392504004203367,15
5,fr_antfa,697,0.14634146341463414,0.3534482133216936,15
5,fr_tvs_a,255,0.0392156862745098,0.1941077438551307,15
5,fr_viaje,10,0.0,0.0,15
5,fr_estro,14,0.0,0.0,15
5,fr_varic,28,0.10714285714285714,0.30929478706587094,15
5,fr_antec,1,0.0,0.0,15
5,ana_dime,188,1.5585106382978724,0.5941039336087414,15
5,ana_crea,47,0.851063829787234,0.3560255432059895,15
5,ana_trop,848,0.8301886792452831,0.3754669573987245,15
5,tension_,67,131.46268656716418,18.78100688589482,15
5,ana_hemo,3,14.966666666666667,0.047140452079103,15
5,ana_plaq,2,168.0,15.0,15
5,ana_leuc,14,8.710714285714285,2.8742414261001468,15
5,ana_neu,1044,6.520206896551724,3.18867244102009,15
5,protcrea,1317,30.292923310554293,40.207894103645906,15
5,splanchnic,432,0.006944444444444444,0.08304347738264861,15
1,raza,433,2.9630484988452657,0.43889630623276754,16
1,ant_inf,29,0.0,0.0,16
1,ant_isq,31,0.0,0.0,16
1,ant_clau,31,0.06451612903225806,0.24567010018915833,16
1,fum_act,38,0.2631578947368421,0.44034738238635557,16
1,diabetes,29,0.0,0.0,16
1,hip_art,30,0.4,0.4898979485566357,16
1,insf_car,5,0.2,0.4000000000000001,16
1,fibr_aur,191,0.005235602094240838,0.07216779451356137,16
1,trat_est,33,0.12121212121212122,0.3263736246748184,16
1,var171,19,0.05263157894736842,0.22329687826943606,16
1,tv_l_esu,344,0.005813953488372093,0.07602730715477918,16
1,tvp_orig,1290,0.3953488372093023,0.4889254893402009,16
1,tv_l_ein,256,0.75390625,0.4307338113161509,16
1,tvp_prox,542,0.8966789667896679,0.30437772143618125,16
1,tv_l_svc,443,0.002257336343115124,0.04745777887500821,16
1,tv_l_vre,460,0.013043478260869565,0.11346076826695553,16
1,tv_l_vrn,453,0.008830022075055188,0.093552406624358,16
1,tv_l_vca,924,0.07467532467532467,0.2628667353621594,16
1,tv_l_yug,933,0.020364415862808145,0.14124342968568396,16
1,tv_l_ova,935,0.0032085561497326204,0.056553172476587324,16
1,tv_l_sup,936,0.003205128205128205,0.05652305156586025,16
1,tv_l_pul,937,0.0064034151547491995,0.07976472546875046,16
1,tv_l_ove,453,0.05518763796909492,0.22834614641917442,16
1,fr_antfa,697,0.1133428981348637,0.3170114912384938,16
1,fr_tvs_a,255,0.054901960784313725,0.2277887957875703,16
1,fr_viaje,10,0.0,0.0,16
1,fr_estro,14,0.14285714285714285,0.3499271061118826,16
1,fr_varic,28,0.10714285714285714,0.30929478706587094,16
1,fr_antec,1,0.0,0.0,16
1,ana_dime,188,1.5638297872340425,0.6367889967224334,16
1,ana_crea,47,0.8085106382978723,0.3934732342320624,16
1,ana_trop,848,0.8655660377358491,0.3411179738068808,16
1,tension_,67,135.1044776119403,20.124340596119,16
1,ana_hemo,3,13.466666666666667,1.0498677165349082,16
1,ana_plaq,2,171.0,27.0,16
1,ana_leuc,14,9.28357142857143,4.446505220222888,16
1,ana_neu,1044,6.714167624521073,3.1835202851262103,16
1,protcrea,1317,56.37757023538345,63.26054948906852,16
1,splanchnic,432,0.013888888888888888,0.11702985796078279,16
2,raza,433,2.9214780600461894,0.5422778363792008,16
2,ant_inf,29,0.0,0.0,16
2,ant_isq,31,0.0,0.0,16
2,ant_clau,31,0.0,0.0,16
2,fum_act,38,0.3684210526315789,0.48237638894271995,16
2,diabetes,29,0.06896551724137931,0.2533954906327426,16
2,hip_art,30,0.4,0.48989794855663565,16
2,insf_car,5,0.0,0.0,16
2,fibr_aur,191,0.010471204188481676,0.10179173871844809,16
2,trat_est,33,0.18181818181818182,0.385694607919935,16
2,var171,19,0.05263157894736842,0.22329687826943606,16
2,tv_l_esu,344,0.00872093023255814,0.09297782320767137,16
2,tvp_orig,1290,0.32325581395348835,0.46771945939714343,16
2,tv_l_ein,256,0.76171875,0.4260320362348793,16
2,tvp_prox,542,0.9114391143911439,0.28410887903941195,16
2,tv_l_svc,443,0.013544018058690745,0.1155879649164073,16
2,tv_l_vre,460,0.017391304347826087,0.13072431633367745,16
2,tv_l_vrn,453,0.01545253863134658,0.12334406220484763,16
2,tv_l_vca,924,0.0735930735930736,0.2611075125541164,16
2,tv_l_yug,933,0.006430868167202572,0.079934423759846,16
2,tv_l_ova,935,0.0032085561497326204,0.05655317247658732,16
2,tv_l_sup,936,0.0010683760683760685,0.03266855737483046,16
2,tv_l_pul,937,0.0021344717182497333,0.046151010267747386,16
2,tv_l_ove,453,0.046357615894039736,0.21025838233625885,16
2,fr_antfa,697,0.1133428981348637,0.3170114912384938,16
2,fr_tvs_a,255,0.07058823529411765,0.25613577714208524,16
2,fr_viaje,10,0.2,0.4000000000000001,16
2,fr_estro,14,0.0,0.0,16
2,fr_varic,28,0.21428571428571427,0.41032590332414487,16
2,fr_antec,1,0.0,0.0,16
2,ana_dime,188,1.6648936170212767,0.5151342412954145,16
2,ana_crea,47,0.8085106382978723,0.3934732342320624,16
2,ana_trop,848,0.8408018867924528,0.365860730276842,16
2,tension_,67,135.67164179104478,18.730124239335414,16
2,ana_hemo,3,15.533333333333333,0.3399346342395192,16
2,ana_plaq,2,164.5,58.5,16
2,ana_leuc,14,10.209285714285715,4.67684030132328,16
2,ana_neu,1044,6.366363026819924,3.219144679096425,16
2,protcrea,1317,64.07867881548975,57.33635288198929,16
2,splanchnic,432,0.032407407407407406,0.17707955091578959,16
3,raza,433,2.9376443418013856,0.48847312947444926,16
3,ant_inf,29,0.10344827586206896,0.3045434781492361,16
3,ant_isq,31,0.03225806451612903,0.17668469596940845,16
3,ant_clau,31,0.03225806451612903,0.17668469596940847,16
3,fum_act,38,0.23684210526315788,0.4251445900369345,16
3,diabetes,29,0.06896551724137931,0.2533954906327426,16
3,hip_art,30,0.4,0.4898979485566357,16
3,insf_car,5,0.2,0.4,16
3,fibr_aur,191,0.010471204188481676,0.10179173871844809,16
3,trat_est,33,0.24242424242424243,0.4285495643554833,16
3,var171,19,0.0,0.0,16
3,tv_l_esu,344,0.020348837209302327,0.1411905167974522,16
3,tvp_orig,1290,0.32170542635658916,0.4671306508989903,16
3,tv_l_ein,256,0.75,0.4330127018922193,16
3,tvp_prox,542,0.9095940959409594,0.2867624043878628,16
3,tv_l_svc,443,0.004514672686230248,0.06703946909669298,16
3,tv_l_vre,460,0.010869565217391304,0.10368904363227668,16
3,tv_l_vrn,453,0.008830022075055188,0.093552406624358,16
3,tv_l_vca,924,0.08333333333333333,0.2763853991962833,16
3,tv_l_yug,933,0.013933547695605574,0.11721520355406058,16
3,tv_l_ova,935,0.0,0.0,16
3,tv_l_sup,936,0.0,0.0,16
3,tv_l_pul,937,0.0032017075773745998,0.056492978731551964,16
3,tv_l_ove,453,0.06622516556291391,0.24867527623203425,16
3,fr_antfa,697,0.12195121951219512,0.32722946012192045,16
3,fr_tvs_a,255,0.058823529411764705,0.23529411764705882,16
3,fr_viaje,10,0.0,0.0,16
3,fr_estro,14,0.0,0.0,16
3,fr_varic,28,0.10714285714285714,0.30929478706587094,16
3,fr_antec,1,0.0,0.0,16
3,ana_dime,188,1.6063829787234043,0.5690246434177163,16
3,ana_crea,47,0.9787234042553191,0.14430489325798443,16
3,ana_trop,848,0.8466981132075472,0.360278251214706,16
3,tension_,67,131.55223880597015,21.560247819367103,16
3,ana_hemo,3,13.799999999999999,1.840289832245635,16
3,ana_plaq,2,253.0,31.0,16
3,ana_leuc,14,9.912857142857144,4.584625593953632,16
3,ana_neu,1044,6.664454980842913,3.275058740206761,16
3,protcrea,1317,40.79145785876993,48.4845334002914,16
3,splanchnic,432,0.03009259259259259,0.17084211560282445,16
4,raza,433,2.8822170900692843,0.578668279998186,16
4,ant_inf,29,0.06896551724137931,0.2533954906327426,16
4,ant_isq,31,0.06451612903225806,0.24567010018915833,16
4,ant_clau,31,0.03225806451612903,0.17668469596940847,16
4,fum_act,38,0.2631578947368421,0.44034738238635557,16
4,diabetes,29,0.1724137931034483,0.37773969483114894,16
4,hip_art,30,0.4,0.4898979485566357,16
4,insf_car,5,0.0,0.0,16
4,fibr_aur,191,0.031413612565445025,0.17443278794720082,16
4,trat_est,33,0.15151515151515152,0.35855028988482524,16
4,var171,19,0.05263157894736842,0.22329687826943606,16
4,tv_l_esu,344,0.020348837209302327,0.1411905167974522,16
4,tvp_orig,1290,0.2937984496124031,0.455500736133051,16
4,tv_l_ein,256,0.78125,0.41339864235384227,16
4,tvp_prox,542,0.9059040590405905,0.291962146269637,16
4,tv_l_svc,443,0.006772009029345372,0.0820131021425957,16
4,tv_l_vre,460,0.010869565217391304,0.10368904363227668,16
4,tv_l_vrn,453,0.006622516556291391,0.0811089318802377,16
4,tv_l_vca,924,0.05519480519480519,0.22836010744942448,16
4,tv_l_yug,933,0.022508038585209004,0.14832877935267905,16
4,tv_l_ova,935,0.0021390374331550803,0.04620023757530518,16
4,tv_l_sup,936,0.007478632478632479,0.0861551074219168,16
4,tv_l_pul,937,0.004268943436499467,0.06519754257972792,16
4,tv_l_ove,453,0.033112582781456956,0.17893054418683832,16
4,fr_antfa,697,0.13629842180774748,0.3431051763242065,16
4,fr_tvs_a,255,0.07450980392156863,0.2625987300828739,16
4,fr_viaje,10,0.0,0.0,16
4,fr_estro,14,0.14285714285714285,0.3499271061118826,16
4,fr_varic,28,0.10714285714285714,0.30929478706587094,16
4,fr_antec,1,0.0,0.0,16
4,ana_dime,188,1.5585106382978724,0.557141178194556,16
4,ana_crea,47,0.8936170212765957,0.3083271648125412,16
4,ana_trop,848,0.8667452830188679,0.3398498159237554,16
4,tension_,67,126.29850746268657,16.839908998737645,16
4,ana_hemo,3,13.466666666666667,1.2036980056845188,16
4,ana_plaq,2,287.5,45.5,16
4,ana_leuc,14,10.727142857142857,3.923874594929697,16
4,ana_neu,1044,7.248375478927203,3.4140775063212656,16
4,protcrea,1317,68.01836750189825,58.00438510764612,16
4,splanchnic,432,0.013888888888888888,0.11702985796078277,16
5,raza,433,2.8775981524249423,0.6633122535261049,16
5,ant_inf,29,0.034482758620689655,0.18246560765962697,16
5,ant_isq,31,0.06451612903225806,0.24567010018915833,16
5,ant_clau,31,0.06451612903225806,0.24567010018915833,16
5,fum_act,38,0.23684210526315788,0.42514459003693444,16
5,diabetes,29,0.10344827586206896,0.30454347814923605,16
5,hip_art,30,0.26666666666666666,0.4422166387140533,16
5,insf_car,5,0.0,0.0,16
5,fibr_aur,191,0.010471204188481676,0.10179173871844806,16
5,trat_est,33,0.09090909090909091,0.28747978728803447,16
5,var171,19,0.05263157894736842,0.22329687826943606,16
5,tv_l_esu,344,0.005813953488372093,0.07602730715477916,16
5,tvp_orig,1290,0.1697674418604651,0.3754283653969406,16
5,tv_l_ein,256,0.7265625,0.44572349454987226,16
5,tvp_prox,542,0.9059040590405905,0.29196214626963696,16
5,tv_l_svc,443,0.01580135440180587,0.12470634146215022,16
5,tv_l_vre,460,0.010869565217391304,0.10368904363227668,16
5,tv_l_vrn,453,0.006622516556291391,0.0811089318802377,16
5,tv_l_vca,924,0.05303030303030303,0.22409393117801577,16
5,tv_l_yug,933,0.012861736334405145,0.11267791297707544,16
5,tv_l_ova,935,0.014973262032085561,0.12144572226391535,16
5,tv_l_sup,936,0.013888888888888888,0.11702985796078279,16
5,tv_l_pul,937,0.007470651013874066,0.08610946746614433,16
5,tv_l_ove,453,0.05518763796909492,0.22834614641917444,16
5,fr_antfa,697,0.14634146341463414,0.3534482133216936,16
5,fr_tvs_a,255,0.03529411764705882,0.18452220166303673,16
5,fr_viaje,10,0.1,0.30000000000000004,16
5,fr_estro,14,0.0,0.0,16
5,fr_varic,28,0.17857142857142858,0.3829930462415574,16
5,fr_antec,1,0.0,0.0,16
5,ana_dime,188,1.5212765957446808,0.6054490755375402,16
5,ana_crea,47,0.9361702127659575,0.24444947432076716,16
5,ana_trop,848,0.8702830188679245,0.33599179445048394,16
5,tension_,67,130.955223880597,22.276708159923786,16
5,ana_hemo,3,13.5,1.0677078252031311,16
5,ana_plaq,2,337.5,12.5,16
5,ana_leuc,14,10.533571428571431,4.39258076947101,16
5,ana_neu,1044,6.163890804597701,3.111302901483773,16
5,protcrea,1317,46.08687167805619,57.1685289617744,16
5,splanchnic,432,0.03009259259259259,0.17084211560282445,16
1,raza,433,2.9006928406466512,0.5280356909078506,17
1,ant_inf,29,0.0,0.0,17
1,ant_isq,31,0.03225806451612903,0.17668469596940845,17
1,ant_clau,31,0.0,0.0,17
1,fum_act,38,0.21052631578947367,0.4076824574955175,17
1,diabetes,29,0.10344827586206896,0.30454347814923605,17
1,hip_art,30,0.4,0.4898979485566357,17
1,insf_car,5,0.2,0.4000000000000001,17
1,fibr_aur,191,0.005235602094240838,0.07216779451356138,17
1,trat_est,33,0.24242424242424243,0.4285495643554833,17
1,var171,19,0.05263157894736842,0.22329687826943606,17
1,tv_l_esu,344,0.00872093023255814,0.09297782320767138,17
1,tvp_orig,1290,0.3643410852713178,0.4812449052765505,17
1,tv_l_ein,256,0.76171875,0.4260320362348793,17
1,tvp_prox,542,0.8671586715867159,0.33940316716064706,17
1,tv_l_svc,443,0.009029345372460496,0.0945928976964197,17
1,tv_l_vre,460,0.006521739130434782,0.08049351557205921,17
1,tv_l_vrn,453,0.002207505518763797,0.04693221109375121,17
1,tv_l_vca,924,0.049783549783549784,0.2174974665473108,17
1,tv_l_yug,933,0.011789924973204717,0.10793943969805904,17
1,tv_l_ova,935,0.0032085561497326204,0.05655317247658732,17
1,tv_l_sup,936,0.002136752136752137,0.04617560424139809,17
1,tv_l_pul,937,0.011739594450373533,0.10771154242937149,17
1,tv_l_ove,453,0.059602649006622516,0.23674917790356925,17
1,fr_antfa,697,0.13916786226685796,0.34612160923428464,17
1,fr_tvs_a,255,0.047058823529411764,0.21176470588235288,17
1,fr_viaje,10,0.1,0.30000000000000004,17
1,fr_estro,14,0.0,0.0,17
1,fr_varic,28,0.14285714285714285,0.3499271061118826,17
1,fr_antec,1,0.0,0.0,17
1,ana_dime,188,1.5585106382978724,0.5277228428095536,17
1,ana_crea,47,0.8297872340425532,0.3758196113330999,17
1,ana_trop,848,0.8643867924528302,0.34237737291757186,17
1,tension_,67,128.2089552238806,16.81376240973832,17
1,ana_hemo,3,15.866666666666667,0.9843215373488936,17
1,ana_plaq,2,306.5,95.5,17
1,ana_leuc,14,9.362857142857141,4.415518782934683,17
1,ana_neu,1044,6.782177203065134,3.205220064981378,17
1,protcrea,1317,44.41361427486712,52.84941968862561,17
1,splanchnic,432,0.013888888888888888,0.11702985796078279,17
2,raza,433,2.886836027713626,0.603023493232416,17
2,ant_inf,29,0.0,0.0,17
2,ant_isq,31,0.03225806451612903,0.17668469596940847,17
2,ant_clau,31,0.03225806451612903,0.17668469596940847,17
2,fum_act,38,0.2894736842105263,0.45351810367405493,17
2,diabetes,29,0.06896551724137931,0.2533954906327426,17
2,hip_art,30,0.36666666666666664,0.48189440982669857,17
2,insf_car,5,0.0,0.0,17
2,fibr_aur,191,0.015706806282722512,0.12433866059725565,17
2,trat_est,33,0.18181818181818182,0.385694607919935,17
2,var171,19,0.05263157894736842,0.22329687826943606,17
2,tv_l_esu,344,0.005813953488372093,0.07602730715477916,17
2,tvp_orig,1290,0.3387596899224806,0.47328803323780055,17
2,tv_l_ein,256,0.8046875,0.3964410767614148,17
2,tvp_prox,542,0.8911439114391144,0.31145856954675405,17
2,tv_l_svc,443,0.0,0.0,17
2,tv_l_vre,460,0.004347826086956522,0.06579454761052851,17
2,tv_l_vrn,453,0.0,0.0,17
2,tv_l_vca,924,0.05194805194805195,0.22192217520305274,17
2,tv_l_yug,933,0.004287245444801715,0.06533655157182496,17
2,tv_l_ova,935,0.0053475935828877,0.07293145292505805,17
2,tv_l_sup,936,0.0010683760683760685,0.032668557374830466,17
2,tv_l_pul,937,0.010672358591248666,0.10275436415719025,17
2,tv_l_ove,453,0.02207505518763797,0.14692769353018753,17
2,fr_antfa,697,0.13916786226685796,0.3461216092342846,17
2,fr_tvs_a,255,0.07058823529411765,0.2561357771420852,17
2,fr_viaje,10,0.2,0.4000000000000001,17
2,fr_estro,14,0.0,0.0,17
2,fr_varic,28,0.21428571428571427,0.410325903324145,17
2,fr_antec,1,0.0,0.0,17
2,ana_dime,188,1.5372340425531914,0.5589663794086275,17
2,ana_crea,47,0.8723404255319149,0.33371036470974724,17
2,ana_trop,848,0.8691037735849056,0.33728682797491916,17
2,tension_,67,134.5820895522388,19.86983707745279,17
2,ana_hemo,3,16.066666666666666,0.4027681991198188,17
2,ana_plaq,2,203.0,50.0,17
2,ana_leuc,14,8.450000000000001,3.467296188262961,17
2,ana_neu,1044,6.237972222222221,3.2122283462515724,17
2,protcrea,1317,44.58769172361428,51.16512994892208,17
2,splanchnic,432,0.023148148148148147,0.15037390526770106,17
3,raza,433,2.8452655889145495,0.697459584295612,17
3,ant_inf,29,0.0,0.0,17
3,ant_isq,31,0.0,0.0,17
3,ant_clau,31,0.0,0.0,17
3,fum_act,38,0.18421052631578946,0.38765578585937455,17
3,diabetes,29,0.13793103448275862,0.3448275862068966,17
3,hip_art,30,0.3333333333333333,0.4714045207910317,17
3,insf_car,5,0.0,0.0,17
3,fibr_aur,191,0.020942408376963352,0.1431915636772497,17
3,trat_est,33,0.2727272727272727,0.4453617714151233,17
3,var171,19,0.05263157894736842,0.22329687826943606,17
3,tv_l_esu,344,0.011627906976744186,0.10720400531735916,17
3,tvp_orig,1290,0.28837209302325584,0.4530051092301747,17
3,tv_l_ein,256,0.75390625,0.4307338113161509,17
3,tvp_prox,542,0.8616236162361623,0.34529459911831917,17
3,tv_l_svc,443,0.006772009029345372,0.0820131021425957,17
3,tv_l_vre,460,0.004347826086956522,0.0657945476105285,17
3,tv_l_vrn,453,0.011037527593818985,0.10447823016511464,17
3,tv_l_vca,924,0.045454545454545456,0.20829889522526548,17
3,tv_l_yug,933,0.015005359056806002,0.12157383870052936,17
3,tv_l_ova,935,0.0053475935828877,0.07293145292505805,17
3,tv_l_sup,936,0.003205128205128205,0.05652305156586025,17
3,tv_l_pul,937,0.0021344717182497333,0.046151010267747386,17
3,tv_l_ove,453,0.037527593818984545,0.19005071302455526,17
3,fr_antfa,697,0.1133428981348637,0.3170114912384938,17
3,fr_tvs_a,255,0.050980392156862744,0.21995770450792404,17
3,fr_viaje,10,0.1,0.30000000000000004,17
3,fr_estro,14,0.07142857142857142,0.2575393768188564,17
3,fr_varic,28,0.17857142857142858,0.3829930462415574,17
3,fr_antec,1,0.0,0.0,17
3,ana_dime,188,1.5425531914893618,0.5773175979240482,17
3,ana_crea,47,0.8297872340425532,0.3758196113330999,17
3,ana_trop,848,0.8573113207547169,0.3497550858250953,17
3,tension_,67,127.26865671641791,17.71632360497477,17
3,ana_hemo,3,13.700000000000001,0.9416297927883693,17
3,ana_plaq,2,196.0,33.0,17
3,ana_leuc,14,8.702142857142858,4.196396717204329,17
3,ana_neu,1044,6.345307471264368,3.0124483163245404,17
3,protcrea,1317,45.97940774487472,52.171638891112984,17
3,splanchnic,432,0.020833333333333332,0.1428261375083551,17
4,raza,433,2.92378752886836,0.7005194187249577,17
4,ant_inf,29,0.034482758620689655,0.18246560765962697,17
4,ant_isq,31,0.0,0.0,17
4,ant_clau,31,0.0,0.0,17
4,fum_act,38,0.23684210526315788,0.42514459003693444,17
4,diabetes,29,0.10344827586206896,0.30454347814923605,17
4,hip_art,30,0.3333333333333333,0.4714045207910317,17
4,insf_car,5,0.0,0.0,17
4,fibr_aur,191,0.015706806282722512,0.12433866059725567,17
4,trat_est,33,0.24242424242424243,0.4285495643554833,17
4,var171,19,0.05263157894736842,0.22329687826943606,17
4,tv_l_esu,344,0.011627906976744186,0.10720400531735916,17
4,tvp_orig,1290,0.3806201550387597,0.48553934198685716,17
4,tv_l_ein,256,0.75390625,0.4307338113161509,17
4,tvp_prox,542,0.8911439114391144,0.31145856954675405,17
4,tv_l_svc,443,0.004514672686230248,0.06703946909669298,17
4,tv_l_vre,460,0.010869565217391304,0.1036890436322767,17
4,tv_l_vrn,453,0.008830022075055188,0.093552406624358,17
4,tv_l_vca,924,0.047619047619047616,0.21295885499997996,17
4,tv_l_yug,933,0.020364415862808145,0.14124342968568396,17
4,tv_l_ova,935,0.006417112299465241,0.07984943937938005,17
4,tv_l_sup,936,0.00641025641025641,0.07980704870505599,17
4,tv_l_pul,937,0.004268943436499467,0.06519754257972792,17
4,tv_l_ove,453,0.024282560706401765,0.15392504004203367,17
4,fr_antfa,697,0.09325681492109039,0.2907919899032019,17
4,fr_tvs_a,255,0.050980392156862744,0.21995770450792404,17
4,fr_viaje,10,0.0,0.0,17
4,fr_estro,14,0.0,0.0,17
4,fr_varic,28,0.17857142857142858,0.3829930462415574,17
4,fr_antec,1,0.0,0.0,17
4,ana_dime,188,1.5319148936170213,0.5497025822452686,17
4,ana_crea,47,0.8723404255319149,0.3337103647097472,17
4,ana_trop,848,0.8761792452830188,0.32937695034458364,17
4,tension_,67,129.71641791044777,20.288814630454212,17
4,ana_hemo,3,13.033333333333331,2.3697163449568297,17
4,ana_plaq,2,228.5,14.5,17
4,ana_leuc,14,9.179285714285713,3.9247392348058607,17
4,ana_neu,1044,6.241484674329502,3.152082538308473,17
4,protcrea,1317,22.753819286256643,40.10750864332045,17
4,splanchnic,432,0.023148148148148147,0.15037390526770106,17
5,raza,433,2.8545034642032334,0.637246020130967,17
5,ant_inf,29,0.06896551724137931,0.2533954906327426,17
5,ant_isq,31,0.03225806451612903,0.17668469596940847,17
5,ant_clau,31,0.0,0.0,17
5,fum_act,38,0.23684210526315788,0.4251445900369345,17
5,diabetes,29,0.034482758620689655,0.18246560765962697,17
5,hip_art,30,0.3,0.458257569495584,17
5,insf_car,5,0.2,0.4,17
5,fibr_aur,191,0.020942408376963352,0.14319156367724964,17
5,trat_est,33,0.18181818181818182,0.385694607919935,17
5,var171,19,0.05263157894736842,0.22329687826943606,17
5,tv_l_esu,344,0.005813953488372093,0.07602730715477916,17
5,tvp_orig,1290,0.21627906976744185,0.4117067326969185,17
5,tv_l_ein,256,0.828125,0.37727176461405115,17
5,tvp_prox,542,0.8856088560885609,0.31828573657339965,17
5,tv_l_svc,443,0.009029345372460496,0.0945928976964197,17
5,tv_l_vre,460,0.013043478260869565,0.11346076826695552,17
5,tv_l_vrn,453,0.004415011037527594,0.06629870824583313,17
5,tv_l_vca,924,0.03354978354978355,0.18006719738349408,17
5,tv_l_yug,933,0.015005359056806002,0.12157383870052936,17
5,tv_l_ova,935,0.0,0.0,17
5,tv_l_sup,936,0.003205128205128205,0.05652305156586025,17
5,tv_l_pul,937,0.0096051227321238,0.09753391384244064,17
5,tv_l_ove,453,0.04856512141280353,0.21495708965968807,17
5,fr_antfa,697,0.11908177905308465,0.323884715524887,17
5,fr_tvs_a,255,0.043137254901960784,0.20316602112923324,17
5,fr_viaje,10,0.0,0.0,17
5,fr_estro,14,0.0,0.0,17
5,fr_varic,28,0.21428571428571427,0.41032590332414487,17
5,fr_antec,1,0.0,0.0,17
5,ana_dime,188,1.547872340425532,0.508278011421429,17
5,ana_crea,47,0.9361702127659575,0.24444947432076722,17
5,ana_trop,848,0.847877358490566,0.3591397269164555,17
5,tension_,67,130.77611940298507,16.80335866881699,17
5,ana_hemo,3,15.866666666666665,0.8653836657164778,17
5,ana_plaq,2,182.5,0.5,17
5,ana_leuc,14,9.111428571428572,2.99339238309709,17
5,ana_neu,1044,6.2979703065134105,3.2267057949916156,17
5,protcrea,1317,40.88463933181474,49.80822386800301,17
5,splanchnic,432,0.03009259259259259,0.17084211560282442,17
1,raza,433,2.8752886836027716,0.6177990975842108,18
1,ant_inf,29,0.034482758620689655,0.18246560765962697,18
1,ant_isq,31,0.03225806451612903,0.17668469596940847,18
1,ant_clau,31,0.0,0.0,18
1,fum_act,38,0.15789473684210525,0.3646422752776584,18
1,diabetes,29,0.10344827586206896,0.3045434781492361,18
1,hip_art,30,0.43333333333333335,0.4955356249106168,18
1,insf_car,5,0.0,0.0,18
1,fibr_aur,191,0.010471204188481676,0.10179173871844809,18
1,trat_est,33,0.12121212121212122,0.3263736246748184,18
1,var171,19,0.05263157894736842,0.22329687826943606,18
1,tv_l_esu,344,0.00872093023255814,0.09297782320767138,18
1,tvp_orig,1290,0.3682170542635659,0.482320697475267,18
1,tv_l_ein,256,0.78125,0.41339864235384227,18
1,tvp_prox,542,0.8929889298892989,0.30912732164023243,18
1,tv_l_svc,443,0.002257336343115124,0.04745777887500821,18
1,tv_l_vre,460,0.015217391304347827,0.1224165932634877,18
1,tv_l_vrn,453,0.01545253863134658,0.12334406220484764,18
1,tv_l_vca,924,0.04112554112554113,0.1985805403172037,18
1,tv_l_yug,933,0.013933547695605574,0.11721520355406057,18
1,tv_l_ova,935,0.0021390374331550803,0.046200237575305184,18
1,tv_l_sup,936,0.0010683760683760685,0.03266855737483046,18
1,tv_l_pul,937,0.007470651013874066,0.08610946746614433,18
1,tv_l_ove,453,0.03532008830022075,0.18458759346902318,18
1,fr_antfa,697,0.16212338593974174,0.3685639614384121,18
1,fr_tvs_a,255,0.03529411764705882,0.18452220166303673,18
1,fr_viaje,10,0.0,0.0,18
1,fr_estro,14,0.07142857142857142,0.25753937681885636,18
1,fr_varic,28,0.42857142857142855,0.4948716593053935,18
1,fr_antec,1,0.0,0.0,18
1,ana_dime,188,1.6063829787234043,0.5500113172217261,18
1,ana_crea,47,0.8936170212765957,0.3083271648125413,18
1,ana_trop,848,0.8714622641509434,0.33468759509706175,18
1,tension_,67,126.26865671641791,20.493597172318502,18
1,ana_hemo,3,15.0,0.8602325267042633,18
1,ana_plaq,2,214.0,59.0,18
1,ana_leuc,14,8.297142857142857,3.234983834297053,18
1,ana_neu,1044,7.6055660919540236,3.408555619938485,18
1,protcrea,1317,38.93082763857252,30.934828111359007,18
1,splanchnic,432,0.016203703703703703,0.12625824206754296,18
2,raza,433,2.9099307159353347,0.5992437457272725,18
2,ant_inf,29,0.0,0.0,18
2,ant_isq,31,0.03225806451612903,0.17668469596940847,18
2,ant_clau,31,0.0,0.0,18
2,fum_act,38,0.2631578947368421,0.44034738238635557,18
2,diabetes,29,0.13793103448275862,0.3448275862068965,18
2,hip_art,30,0.4,0.4898979485566357,18
2,insf_car,5,0.0,0.0,18
2,fibr_aur,191,0.015706806282722512,0.12433866059725567,18
2,trat_est,33,0.18181818181818182,0.385694607919935,18
2,var171,19,0.05263157894736842,0.22329687826943606,18
2,tv_l_esu,344,0.005813953488372093,0.07602730715477918,18
2,tvp_orig,1290,0.33798449612403103,0.4730232304060932,18
2,tv_l_ein,256,0.79296875,0.405178123204397,18
2,tvp_prox,542,0.915129151291513,0.2786894109003573,18
2,tv_l_svc,443,0.009029345372460496,0.0945928976964197,18
2,tv_l_vre,460,0.013043478260869565,0.11346076826695554,18
2,tv_l_vrn,453,0.004415011037527594,0.06629870824583313,18
2,tv_l_vca,924,0.07575757575757576,0.2646098363117118,18
2,tv_l_yug,933,0.007502679528403001,0.08629246391369921,18
2,tv_l_ova,935,0.0021390374331550803,0.04620023757530518,18
2,tv_l_sup,936,0.0010683760683760685,0.03266855737483046,18
2,tv_l_pul,937,0.0064034151547491995,0.07976472546875046,18
2,tv_l_ove,453,0.04856512141280353,0.21495708965968807,18
2,fr_antfa,697,0.14203730272596843,0.34908839476599623,18
2,fr_tvs_a,255,0.07058823529411765,0.2561357771420852,18
2,fr_viaje,10,0.0,0.0,18
2,fr_estro,14,0.0,0.0,18
2,fr_varic,28,0.10714285714285714,0.30929478706587094,18
2,fr_antec,1,0.0,0.0,18
2,ana_dime,188,1.5904255319148937,0.5623978203054235,18
2,ana_crea,47,0.9148936170212766,0.2790399372043405,18
2,ana_trop,848,0.8514150943396226,0.35567883191198507,18
2,tension_,67,134.2089552238806,23.60656202309506,18
2,ana_hemo,3,14.4,1.7281975195754293,18
2,ana_plaq,2,293.5,138.5,18
2,ana_leuc,14,7.979285714285714,3.212425572869275,18
2,ana_neu,1044,6.12925478927203,3.138062422644865,18
2,protcrea,1317,55.701093394077446,48.664556082411636,18
2,splanchnic,432,0.011574074074074073,0.10695847270507335,18
3,raza,433,2.92378752886836,0.5776535086910937,18
3,ant_inf,29,0.034482758620689655,0.18246560765962697,18
3,ant_isq,31,0.03225806451612903,0.17668469596940845,18
3,ant_clau,31,0.0,0.0,18
3,fum_act,38,0.2894736842105263,0.45351810367405493,18
3,diabetes,29,0.034482758620689655,0.18246560765962697,18
3,hip_art,30,0.3,0.458257569495584,18
3,insf_car,5,0.0,0.0,18
3,fibr_aur,191,0.020942408376963352,0.1431915636772497,18
3,trat_est,33,0.15151515151515152,0.35855028988482524,18
3,var171,19,0.05263157894736842,0.22329687826943606,18
3,tv_l_esu,344,0.005813953488372093,0.07602730715477918,18
3,tvp_orig,1290,0.465891472868217,0.49883525173838755,18
3,tv_l_ein,256,0.7578125,0.42840718346422485,18
3,tvp_prox,542,0.8819188191881919,0.3227042230121837,18
3,tv_l_svc,443,0.011286681715575621,0.10563755265731456,18
3,tv_l_vre,460,0.010869565217391304,0.10368904363227667,18
3,tv_l_vrn,453,0.013245033112582781,0.11432236093796073,18
3,tv_l_vca,924,0.06385281385281386,0.24449055608732978,18
3,tv_l_yug,933,0.022508038585209004,0.14832877935267905,18
3,tv_l_ova,935,0.0053475935828877,0.07293145292505805,18
3,tv_l_sup,936,0.002136752136752137,0.04617560424139809,18
3,tv_l_pul,937,0.022411953041622197,0.14801911161225875,18
3,tv_l_ove,453,0.0640176600441501,0.24478439338859362,18
3,fr_antfa,697,0.11621233859397417,0.32047937679746835,18
3,fr_tvs_a,255,0.0392156862745098,0.19410774385513066,18
3,fr_viaje,10,0.0,0.0,18
3,fr_estro,14,0.0,0.0,18
3,fr_varic,28,0.14285714285714285,0.3499271061118826,18
3,fr_antec,1,0.0,0.0,18
3,ana_dime,188,1.5106382978723405,0.5787859790951253,18
3,ana_crea,47,0.8723404255319149,0.3337103647097473,18
3,ana_trop,848,0.8714622641509434,0.33468759509706175,18
3,tension_,67,136.07462686567163,22.732916126336264,18
3,ana_hemo,3,14.833333333333334,1.2283683848458846,18
3,ana_plaq,2,219.5,69.5,18
3,ana_leuc,14,7.893571428571428,2.6104887532054692,18
3,ana_neu,1044,5.969094827586208,3.133468105076036,18
3,protcrea,1317,52.456256643887635,44.168910911981236,18
3,splanchnic,432,0.018518518518518517,0.13481684980149108,18
4,raza,433,2.8822170900692843,0.7176319017472601,18
4,ant_inf,29,0.0,0.0,18
4,ant_isq,31,0.0,0.0,18
4,ant_clau,31,0.03225806451612903,0.17668469596940847,18
4,fum_act,38,0.23684210526315788,0.42514459003693444,18
4,diabetes,29,0.10344827586206896,0.30454347814923605,18
4,hip_art,30,0.36666666666666664,0.48189440982669857,18
4,insf_car,5,0.0,0.0,18
4,fibr_aur,191,0.015706806282722512,0.12433866059725565,18
4,trat_est,33,0.12121212121212122,0.3263736246748184,18
4,var171,19,0.0,0.0,18
4,tv_l_esu,344,0.00872093023255814,0.09297782320767138,18
4,tvp_orig,1290,0.4108527131782946,0.49198857837588933,18
4,tv_l_ein,256,0.7578125,0.42840718346422485,18
4,tvp_prox,542,0.8948339483394834,0.30676726233197404,18
4,tv_l_svc,443,0.011286681715575621,0.10563755265731456,18
4,tv_l_vre,460,0.015217391304347827,0.1224165932634877,18
4,tv_l_vrn,453,0.002207505518763797,0.04693221109375121,18
4,tv_l_vca,924,0.06601731601731602,0.24831236377431118,18
4,tv_l_yug,933,0.020364415862808145,0.14124342968568396,18
4,tv_l_ova,935,0.0042780748663101605,0.06526693605301544,18
4,tv_l_sup,936,0.00641025641025641,0.07980704870505599,18
4,tv_l_pul,937,0.0010672358591248667,0.032651138827701924,18
4,tv_l_ove,453,0.03532008830022075,0.18458759346902318,18
4,fr_antfa,697,0.14634146341463414,0.3534482133216936,18
4,fr_tvs_a,255,0.050980392156862744,0.219957704507924,18
4,fr_viaje,10,0.1,0.30000000000000004,18
4,fr_estro,14,0.0,0.0,18
4,fr_varic,28,0.07142857142857142,0.25753937681885636,18
4,fr_antec,1,0.0,0.0,18
4,ana_dime,188,1.622340425531915,0.5368652620931736,18
4,ana_crea,47,0.8936170212765957,0.30832716481254124,18
4,ana_trop,848,0.8089622641509434,0.3931187089553519,18
4,tension_,67,128.88059701492537,22.165269584712387,18
4,ana_hemo,3,14.333333333333334,1.6418147141366337,18
4,ana_plaq,2,175.5,15.5,18
4,ana_leuc,14,7.42857142857143,2.4802645513932498,18
4,ana_neu,1044,5.991882183908046,3.2901461214491956,18
4,protcrea,1317,51.155208807896734,41.47251997633164,18
4,splanchnic,432,0.02546296296296296,0.15752650723008413,18
5,raza,433,2.8937644341801385,0.65030311634119,18
5,ant_inf,29,0.0,0.0,18
5,ant_isq,31,0.06451612903225806,0.24567010018915833,18
5,ant_clau,31,0.06451612903225806,0.24567010018915833,18
5,fum_act,38,0.3157894736842105,0.464829519280413,18
5,diabetes,29,0.10344827586206896,0.3045434781492361,18
5,hip_art,30,0.16666666666666666,0.37267799624996495,18
5,insf_car,5,0.0,0.0,18
5,fibr_aur,191,0.010471204188481676,0.10179173871844809,18
5,trat_est,33,0.18181818181818182,0.385694607919935,18
5,var171,19,0.05263157894736842,0.22329687826943606,18
5,tv_l_esu,344,0.01744186046511628,0.13091081685113606,18
5,tvp_orig,1290,0.4449612403100775,0.49696150246452175,18
5,tv_l_ein,256,0.75,0.4330127018922193,18
5,tvp_prox,542,0.8874538745387454,0.31603717361239986,18
5,tv_l_svc,443,0.004514672686230248,0.06703946909669298,18
5,tv_l_vre,460,0.006521739130434782,0.08049351557205921,18
5,tv_l_vrn,453,0.004415011037527594,0.06629870824583313,18
5,tv_l_vca,924,0.05952380952380952,0.23660246326609274,18
5,tv_l_yug,933,0.020364415862808145,0.14124342968568396,18
5,tv_l_ova,935,0.008556149732620321,0.09210288830635717,18
5,tv_l_sup,936,0.0,0.0,18
5,tv_l_pul,937,0.010672358591248666,0.10275436415719025,18
5,tv_l_ove,453,0.03532008830022075,0.18458759346902318,18
5,fr_antfa,697,0.11908177905308465,0.323884715524887,18
5,fr_tvs_a,255,0.06666666666666667,0.24944382578492946,18
5,fr_viaje,10,0.0,0.0,18
5,fr_estro,14,0.0,0.0,18
5,fr_varic,28,0.14285714285714285,0.3499271061118826,18
5,fr_antec,1,0.0,0.0,18
5,ana_dime,188,1.6117021276595744,0.5391791205508855,18
5,ana_crea,47,0.8936170212765957,0.30832716481254135,18
5,ana_trop,848,0.8408018867924528,0.365860730276842,18
5,tension_,67,135.11940298507463,22.677836104660464,18
5,ana_hemo,3,14.6,0.3265986323710907,18
5,ana_plaq,2,209.5,25.5,18
5,ana_leuc,14,7.782857142857141,2.2805651823660744,18
5,ana_neu,1044,7.1139568965517235,3.3115889703703405,18
5,protcrea,1317,23.51845102505695,24.029061224396795,18
5,splanchnic,432,0.04398148148148148,0.20505392161130592,18
1,raza,433,2.9214780600461894,0.5380021507241076,19
1,ant_inf,29,0.034482758620689655,0.18246560765962697,19
1,ant_isq,31,0.0,0.0,19
1,ant_clau,31,0.0,0.0,19
1,fum_act,38,0.3157894736842105,0.46482951928041294,19
1,diabetes,29,0.10344827586206896,0.30454347814923605,19
1,hip_art,30,0.3,0.45825756949558394,19
1,insf_car,5,0.0,0.0,19
1,fibr_aur,191,0.02617801047120419,0.1596644050468786,19
1,trat_est,33,0.12121212121212122,0.3263736246748184,19
1,var171,19,0.0,0.0,19
1,tv_l_esu,344,0.011627906976744186,0.10720400531735916,19
1,tvp_orig,1290,0.27286821705426356,0.44543366865998224,19
1,tv_l_ein,256,0.703125,0.4568809849129202,19
1,tvp_prox,542,0.9169741697416974,0.2759212600874063,19
1,tv_l_svc,443,0.01580135440180587,0.12470634146215023,19
1,tv_l_vre,460,0.004347826086956522,0.06579454761052851,19
1,tv_l_vrn,453,0.004415011037527594,0.06629870824583313,19
1,tv_l_vca,924,0.05627705627705628,0.23045595938019336,19
1,tv_l_yug,933,0.013933547695605574,0.11721520355406058,19
1,tv_l_ova,935,0.0021390374331550803,0.046200237575305184,19
1,tv_l_sup,936,0.0,0.0,19
1,tv_l_pul,937,0.010672358591248666,0.10275436415719025,19
1,tv_l_ove,453,0.03090507726269316,0.17306054854321976,19
1,fr_antfa,697,0.1291248206599713,0.3353380404151929,19
1,fr_tvs_a,255,0.047058823529411764,0.2117647058823529,19
1,fr_viaje,10,0.0,0.0,19
1,fr_estro,14,0.0,0.0,19
1,fr_varic,28,0.10714285714285714,0.30929478706587094,19
1,fr_antec,1,0.0,0.0,19
1,ana_dime,188,1.5585106382978724,0.5666079688041447,19
1,ana_crea,47,0.8936170212765957,0.30832716481254124,19
1,ana_trop,848,0.8643867924528302,0.3423773729175718,19
1,tension_,67,133.28358208955223,19.37902079234467,19
1,ana_hemo,3,16.0,0.408248290463863,19
1,ana_plaq,2,181.0,19.0,19
1,ana_leuc,14,10.117142857142856,4.452754249693471,19
1,ana_neu,1044,6.38903448275862,3.184870034212741,19
1,protcrea,1317,41.621055429005324,47.31227680418224,19
1,splanchnic,432,0.027777777777777776,0.16433554953054486,19
2,raza,433,2.9399538106235568,0.6491045512248501,19
2,ant_inf,29,0.0,0.0,19
2,ant_isq,31,0.03225806451612903,0.17668469596940847,19
2,ant_clau,31,0.0,0.0,19
2,fum_act,38,0.3157894736842105,0.464829519280413,19
2,diabetes,29,0.06896551724137931,0.2533954906327426,19
2,hip_art,30,0.16666666666666666,0.37267799624996495,19
2,insf_car,5,0.0,0.0,19
2,fibr_aur,191,0.020942408376963352,0.14319156367724972,19
2,trat_est,33,0.18181818181818182,0.38569460791993504,19
2,var171,19,0.0,0.0,19
2,tv_l_esu,344,0.01744186046511628,0.13091081685113606,19
2,tvp_orig,1290,0.3387596899224806,0.47328803323780055,19
2,tv_l_ein,256,0.77734375,0.4160293791740404,19
2,tvp_prox,542,0.8726937269372693,0.33331574505505746,19
2,tv_l_svc,443,0.006772009029345372,0.0820131021425957,19
2,tv_l_vre,460,0.006521739130434782,0.08049351557205921,19
2,tv_l_vrn,453,0.006622516556291391,0.0811089318802377,19
2,tv_l_vca,924,0.08116883116883117,0.2730942182022844,19
2,tv_l_yug,933,0.02679528403001072,0.16148466423707786,19
2,tv_l_ova,935,0.017112299465240642,0.12968989425646305,19
2,tv_l_sup,936,0.003205128205128205,0.05652305156586025,19
2,tv_l_pul,937,0.005336179295624333,0.07285399430470017,19
2,tv_l_ove,453,0.04856512141280353,0.21495708965968807,19
2,fr_antfa,697,0.13773314203730272,0.3446196796786784,19
2,fr_tvs_a,255,0.027450980392156862,0.1633934639686248,19
2,fr_viaje,10,0.0,0.0,19
2,fr_estro,14,0.0,0.0,19
2,fr_varic,28,0.07142857142857142,0.25753937681885636,19
2,fr_antec,1,0.0,0.0,19
2,ana_dime,188,1.574468085106383,0.6100115398651681,19
2,ana_crea,47,0.8723404255319149,0.33371036470974724,19
2,ana_trop,848,0.8891509433962265,0.31394512777526423,19
2,tension_,67,129.49253731343285,22.91149299963859,19
2,ana_hemo,3,15.133333333333335,1.1671427600007727,19
2,ana_plaq,2,239.5,60.5,19
2,ana_leuc,14,10.545,4.897727971796136,19
2,ana_neu,1044,7.298067049808429,3.2515864888909296,19
2,protcrea,1317,35.03101746393319,43.10629775188784,19
2,splanchnic,432,0.009259259259259259,0.09577852252582036,19
3,raza,433,2.9214780600461894,0.5549072578018174,19
3,ant_inf,29,0.0,0.0,19
3,ant_isq,31,0.0,0.0,19
3,ant_clau,31,0.0,0.0,19
3,fum_act,38,0.23684210526315788,0.42514459003693444,19
3,diabetes,29,0.034482758620689655,0.18246560765962697,19
3,hip_art,30,0.26666666666666666,0.4422166387140533,19
3,insf_car,5,0.0,0.0,19
3,fibr_aur,191,0.015706806282722512,0.12433866059725565,19
3,trat_est,33,0.12121212121212122,0.3263736246748184,19
3,var171,19,0.10526315789473684,0.3068922049918579,19
3,tv_l_esu,344,0.00872093023255814,0.09297782320767138,19
3,tvp_orig,1290,0.2565891472868217,0.4367506803445685,19
3,tv_l_ein,256,0.75,0.4330127018922193,19
3,tvp_prox,542,0.8745387453874539,0.3312411933977898,19
3,tv_l_svc,443,0.002257336343115124,0.04745777887500821,19
3,tv_l_vre,460,0.002173913043478261,0.04657453322962728,19
3,tv_l_vrn,453,0.0,0.0,19
3,tv_l_vca,924,0.027056277056277056,0.16224744968143887,19
3,tv_l_yug,933,0.013933547695605574,0.11721520355406058,19
3,tv_l_ova,935,0.0021390374331550803,0.046200237575305184,19
3,tv_l_sup,936,0.008547008547008548,0.09205409926725647,19
3,tv_l_pul,937,0.0,0.0,19
3,tv_l_ove,453,0.04856512141280353,0.21495708965968807,19
3,fr_antfa,697,0.1291248206599713,0.3353380404151929,19
3,fr_tvs_a,255,0.050980392156862744,0.219957704507924,19
3,fr_viaje,10,0.0,0.0,19
3,fr_estro,14,0.07142857142857142,0.25753937681885636,19
3,fr_varic,28,0.21428571428571427,0.41032590332414487,19
3,fr_antec,1,0.0,0.0,19
3,ana_dime,188,1.5159574468085106,0.5967648939195047,19
3,ana_crea,47,0.9574468085106383,0.20184751022351363,19
3,ana_trop,848,0.8502358490566038,0.3568400902863912,19
3,tension_,67,128.98507462686567,21.827336371030988,19
3,ana_hemo,3,15.533333333333333,3.3885427874268044,19
3,ana_plaq,2,298.0,48.0,19
3,ana_leuc,14,11.440714285714284,5.36672081879976,19
3,ana_neu,1044,6.571170498084291,3.3996714022599592,19
3,protcrea,1317,33.81077448747153,43.00099521380163,19
3,splanchnic,432,0.023148148148148147,0.15037390526770109,19
4,raza,433,2.905311778290993,0.6916155450448218,19
4,ant_inf,29,0.06896551724137931,0.2533954906327425,19
4,ant_isq,31,0.06451612903225806,0.2456701001891583,19
4,ant_clau,31,0.06451612903225806,0.24567010018915833,19
4,fum_act,38,0.23684210526315788,0.42514459003693444,19
4,diabetes,29,0.13793103448275862,0.3448275862068966,19
4,hip_art,30,0.3,0.458257569495584,19
4,insf_car,5,0.0,0.0,19
4,fibr_aur,191,0.015706806282722512,0.12433866059725565,19
4,trat_est,33,0.24242424242424243,0.4285495643554833,19
4,var171,19,0.05263157894736842,0.22329687826943606,19
4,tv_l_esu,344,0.01744186046511628,0.13091081685113606,19
4,tvp_orig,1290,0.29844961240310075,0.45757779804044213,19
4,tv_l_ein,256,0.765625,0.4236075534914362,19
4,tvp_prox,542,0.9114391143911439,0.28410887903941195,19
4,tv_l_svc,443,0.004514672686230248,0.06703946909669298,19
4,tv_l_vre,460,0.021739130434782608,0.14583052027172538,19
4,tv_l_vrn,453,0.002207505518763797,0.0469322110937512,19
4,tv_l_vca,924,0.05735930735930736,0.23252788481936496,19
4,tv_l_yug,933,0.00964630225080386,0.09774073410656377,19
4,tv_l_ova,935,0.0032085561497326204,0.056553172476587324,19
4,tv_l_sup,936,0.0010683760683760685,0.03266855737483046,19
4,tv_l_pul,937,0.020277481323372464,0.14094788070259426,19
4,tv_l_ove,453,0.059602649006622516,0.23674917790356922,19
4,fr_antfa,697,0.1406025824964132,0.3476111279745695,19
4,fr_tvs_a,255,0.058823529411764705,0.23529411764705885,19
4,fr_viaje,10,0.1,0.30000000000000004,19
4,fr_estro,14,0.0,0.0,19
4,fr_varic,28,0.14285714285714285,0.3499271061118826,19
4,fr_antec,1,0.0,0.0,19
4,ana_dime,188,1.5904255319148937,0.5332695516033803,19
4,ana_crea,47,0.8723404255319149,0.33371036470974724,19
4,ana_trop,848,0.8643867924528302,0.3423773729175718,19
4,tension_,67,128.7462686567164,20.064331821673296,19
4,ana_hemo,3,11.933333333333332,1.7556258776351592,19
4,ana_plaq,2,274.0,112.0,19
4,ana_leuc,14,11.058571428571428,4.474781490503767,19
4,ana_neu,1044,6.720346743295019,3.2837080474196587,19
4,protcrea,1317,58.30406226271831,55.238565893855274,19
4,splanchnic,432,0.023148148148148147,0.15037390526770109,19
5,raza,433,2.933025404157044,0.5827737622912831,19
5,ant_inf,29,0.10344827586206896,0.30454347814923605,19
5,ant_isq,31,0.06451612903225806,0.2456701001891583,19
5,ant_clau,31,0.06451612903225806,0.2456701001891583,19
5,fum_act,38,0.18421052631578946,0.3876557858593745,19
5,diabetes,29,0.1724137931034483,0.377739694831149,19
5,hip_art,30,0.43333333333333335,0.4955356249106168,19
5,insf_car,5,0.0,0.0,19
5,fibr_aur,191,0.005235602094240838,0.07216779451356137,19
5,trat_est,33,0.21212121212121213,0.40881022918884974,19
5,var171,19,0.15789473684210525,0.36464227527765836,19
5,tv_l_esu,344,0.005813953488372093,0.07602730715477918,19
5,tvp_orig,1290,0.24031007751937986,0.4272717451014161,19
5,tv_l_ein,256,0.75,0.4330127018922193,19
5,tvp_prox,542,0.8874538745387454,0.31603717361239986,19
5,tv_l_svc,443,0.006772009029345372,0.0820131021425957,19
5,tv_l_vre,460,0.004347826086956522,0.0657945476105285,19
5,tv_l_vrn,453,0.002207505518763797,0.04693221109375121,19
5,tv_l_vca,924,0.03787878787878788,0.19090307830839628,19
5,tv_l_yug,933,0.013933547695605574,0.11721520355406059,19
5,tv_l_ova,935,0.0,0.0,19
5,tv_l_sup,936,0.0,0.0,19
5,tv_l_pul,937,0.004268943436499467,0.06519754257972793,19
5,tv_l_ove,453,0.046357615894039736,0.21025838233625885,19
5,fr_antfa,697,0.12769010043041606,0.3337444212005443,19
5,fr_tvs_a,255,0.043137254901960784,0.20316602112923324,19
5,fr_viaje,10,0.2,0.4000000000000001,19
5,fr_estro,14,0.0,0.0,19
5,fr_varic,28,0.17857142857142858,0.3829930462415574,19
5,fr_antec,1,0.0,0.0,19
5,ana_dime,188,1.5212765957446808,0.5598009411456539,19
5,ana_crea,47,0.8723404255319149,0.33371036470974724,19
5,ana_trop,848,0.8561320754716981,0.35095575906404597,19
5,tension_,67,134.91044776119404,23.89387690457229,19
5,ana_hemo,3,15.299999999999997,1.267543556122102,19
5,ana_plaq,2,445.0,122.0,19
5,ana_leuc,14,10.227857142857141,4.408411081705758,19
5,ana_neu,1044,6.527954980842912,3.216023480881704,19
5,protcrea,1317,53.80867881548975,54.60983521285382,19
5,splanchnic,432,0.011574074074074073,0.10695847270507335,19
1,raza,433,2.995381062355658,0.6191530423856506,20
1,ant_inf,29,0.0,0.0,20
1,ant_isq,31,0.03225806451612903,0.17668469596940847,20
1,ant_clau,31,0.0,0.0,20
1,fum_act,38,0.23684210526315788,0.42514459003693444,20
1,diabetes,29,0.06896551724137931,0.2533954906327426,20
1,hip_art,30,0.4,0.4898979485566357,20
1,insf_car,5,0.0,0.0,20
1,fibr_aur,191,0.03664921465968586,0.18789904130812943,20
1,trat_est,33,0.18181818181818182,0.385694607919935,20
1,var171,19,0.05263157894736842,0.22329687826943606,20
1,tv_l_esu,344,0.011627906976744186,0.10720400531735916,20
1,tvp_orig,1290,0.26046511627906976,0.43888841347294694,20
1,tv_l_ein,256,0.7578125,0.42840718346422485,20
1,tvp_prox,542,0.8265682656826568,0.37862008378983497,20
1,tv_l_svc,443,0.009029345372460496,0.0945928976964197,20
1,tv_l_vre,460,0.004347826086956522,0.06579454761052851,20
1,tv_l_vrn,453,0.002207505518763797,0.04693221109375121,20
1,tv_l_vca,924,0.07575757575757576,0.2646098363117118,20
1,tv_l_yug,933,0.020364415862808145,0.14124342968568396,20
1,tv_l_ova,935,0.0010695187165775401,0.03268600382874039,20
1,tv_l_sup,936,0.004273504273504274,0.06523221163450321,20
1,tv_l_pul,937,0.008537886872998933,0.09200538767236842,20
1,tv_l_ove,453,0.02869757174392936,0.16695514703036676,20
1,fr_antfa,697,0.13055954088952654,0.336918012537535,20
1,fr_tvs_a,255,0.0392156862745098,0.19410774385513066,20
1,fr_viaje,10,0.0,0.0,20
1,fr_estro,14,0.0,0.0,20
1,fr_varic,28,0.10714285714285714,0.30929478706587094,20
1,fr_antec,1,0.0,0.0,20
1,ana_dime,188,1.4840425531914894,0.6143329181799057,20
1,ana_crea,47,0.851063829787234,0.3560255432059895,20
1,ana_trop,848,0.8561320754716981,0.35095575906404597,20
1,tension_,67,134.77611940298507,25.467462938484,20
1,ana_hemo,3,14.966666666666667,0.9177266598624134,20
1,ana_plaq,2,196.0,33.0,20
1,ana_leuc,14,8.904285714285715,2.6422763840665717,20
1,ana_neu,1044,6.737132183908047,3.312152860399112,20
1,protcrea,1317,42.26679574791193,47.66444386243592,20
1,splanchnic,432,0.02546296296296296,0.15752650723008413,20
2,raza,433,2.8914549653579678,0.6409764191542734,20
2,ant_inf,29,0.034482758620689655,0.18246560765962697,20
2,ant_isq,31,0.0,0.0,20
2,ant_clau,31,0.06451612903225806,0.2456701001891583,20
2,fum_act,38,0.18421052631578946,0.3876557858593746,20
2,diabetes,29,0.034482758620689655,0.18246560765962697,20
2,hip_art,30,0.36666666666666664,0.48189440982669857,20
2,insf_car,5,0.0,0.0,20
2,fibr_aur,191,0.020942408376963352,0.14319156367724972,20
2,trat_est,33,0.15151515151515152,0.35855028988482524,20
2,var171,19,0.0,0.0,20
2,tv_l_esu,344,0.00872093023255814,0.0929778232076714,20
2,tvp_orig,1290,0.4170542635658915,0.4930720077305174,20
2,tv_l_ein,256,0.7578125,0.42840718346422485,20
2,tvp_prox,542,0.8118081180811808,0.3908653188742542,20
2,tv_l_svc,443,0.009029345372460496,0.0945928976964197,20
2,tv_l_vre,460,0.008695652173913044,0.09284415871331575,20
2,tv_l_vrn,453,0.006622516556291391,0.0811089318802377,20
2,tv_l_vca,924,0.06385281385281386,0.24449055608732978,20
2,tv_l_yug,933,0.007502679528403001,0.08629246391369923,20
2,tv_l_ova,935,0.0021390374331550803,0.046200237575305184,20
2,tv_l_sup,936,0.003205128205128205,0.05652305156586025,20
2,tv_l_pul,937,0.0032017075773745998,0.056492978731551964,20
2,tv_l_ove,453,0.03090507726269316,0.17306054854321976,20
2,fr_antfa,697,0.15925394548063126,0.3659127304829437,20
2,fr_tvs_a,255,0.03529411764705882,0.1845222016630367,20
2,fr_viaje,10,0.0,0.0,20
2,fr_estro,14,0.0,0.0,20
2,fr_varic,28,0.17857142857142858,0.3829930462415574,20
2,fr_antec,1,0.0,0.0,20
2,ana_dime,188,1.5265957446808511,0.6052387487269926,20
2,ana_crea,47,0.851063829787234,0.3560255432059895,20
2,ana_trop,848,0.8148584905660378,0.3884123207603955,20
2,tension_,67,132.6865671641791,19.842821894905768,20
2,ana_hemo,3,15.4,0.3265986323710907,20
2,ana_plaq,2,190.5,25.5,20
2,ana_leuc,14,8.664999999999997,3.0859514624458098,20
2,ana_neu,1044,6.590060344827585,3.294309475839165,20
2,protcrea,1317,55.35147304479879,52.1943705566009,20
2,splanchnic,432,0.027777777777777776,0.16433554953054486,20
3,raza,433,2.905311778290993,0.5544649396553396,20
3,ant_inf,29,0.034482758620689655,0.18246560765962697,20
3,ant_isq,31,0.0,0.0,20
3,ant_clau,31,0.03225806451612903,0.17668469596940847,20
3,fum_act,38,0.23684210526315788,0.4251445900369345,20
3,diabetes,29,0.13793103448275862,0.3448275862068966,20
3,hip_art,30,0.3,0.45825756949558394,20
3,insf_car,5,0.0,0.0,20
3,fibr_aur,191,0.010471204188481676,0.10179173871844806,20
3,trat_est,33,0.18181818181818182,0.385694607919935,20
3,var171,19,0.0,0.0,20
3,tv_l_esu,344,0.01744186046511628,0.13091081685113604,20
3,tvp_orig,1290,0.2837209302325581,0.4508030212637556,20
3,tv_l_ein,256,0.77734375,0.4160293791740404,20
3,tvp_prox,542,0.8468634686346863,0.36011905548958933,20
3,tv_l_svc,443,0.009029345372460496,0.0945928976964197,20
3,tv_l_vre,460,0.010869565217391304,0.10368904363227668,20
3,tv_l_vrn,453,0.002207505518763797,0.04693221109375121,20
3,tv_l_vca,924,0.05735930735930736,0.23252788481936496,20
3,tv_l_yug,933,0.01714898177920686,0.12982640025489148,20
3,tv_l_ova,935,0.0042780748663101605,0.06526693605301544,20
3,tv_l_sup,936,0.007478632478632479,0.0861551074219168,20
3,tv_l_pul,937,0.004268943436499467,0.06519754257972793,20
3,tv_l_ove,453,0.033112582781456956,0.17893054418683835,20
3,fr_antfa,697,0.1649928263988522,0.37117407457387214,20
3,fr_tvs_a,255,0.03529411764705882,0.1845222016630367,20
3,fr_viaje,10,0.0,0.0,20
3,fr_estro,14,0.0,0.0,20
3,fr_varic,28,0.07142857142857142,0.25753937681885636,20
3,fr_antec,1,0.0,0.0,20
3,ana_dime,188,1.4787234042553192,0.559800941145654,20
3,ana_crea,47,0.9574468085106383,0.20184751022351363,20
3,ana_trop,848,0.8502358490566038,0.3568400902863912,20
3,tension_,67,129.3134328358209,23.187238484005498,20
3,ana_hemo,3,14.566666666666668,1.6438437341250602,20
3,ana_plaq,2,182.5,7.5,20
3,ana_leuc,14,8.332857142857142,2.994865674477449,20
3,ana_neu,1044,6.6057969348659,3.1250601923628585,20
3,protcrea,1317,48.37685649202733,48.53030649275614,20
3,splanchnic,432,0.006944444444444444,0.08304347738264861,20
4,raza,433,2.8660508083140877,0.6593280694708723,20
4,ant_inf,29,0.034482758620689655,0.18246560765962697,20
4,ant_isq,31,0.0,0.0,20
4,ant_clau,31,0.0,0.0,20
4,fum_act,38,0.3157894736842105,0.46482951928041294,20
4,diabetes,29,0.06896551724137931,0.2533954906327426,20
4,hip_art,30,0.4,0.4898979485566357,20
4,insf_car,5,0.0,0.0,20
4,fibr_aur,191,0.02617801047120419,0.1596644050468786,20
4,trat_est,33,0.24242424242424243,0.42854956435548336,20
4,var171,19,0.05263157894736842,0.22329687826943606,20
4,tv_l_esu,344,0.00872093023255814,0.09297782320767137,20
4,tvp_orig,1290,0.44263565891472867,0.49669843202073083,20
4,tv_l_ein,256,0.77734375,0.4160293791740404,20
4,tvp_prox,542,0.9059040590405905,0.29196214626963696,20
4,tv_l_svc,443,0.002257336343115124,0.04745777887500821,20
4,tv_l_vre,460,0.008695652173913044,0.09284415871331575,20
4,tv_l_vrn,453,0.006622516556291391,0.0811089318802377,20
4,tv_l_vca,924,0.08225108225108226,0.27474686844367846,20
4,tv_l_yug,933,0.011789924973204717,0.10793943969805904,20
4,tv_l_ova,935,0.014973262032085561,0.12144572226391537,20
4,tv_l_sup,936,0.003205128205128205,0.05652305156586025,20
4,tv_l_pul,937,0.0021344717182497333,0.046151010267747386,20
4,tv_l_ove,453,0.03090507726269316,0.17306054854321976,20
4,fr_antfa,697,0.12482065997130559,0.3305154501920195,20
4,fr_tvs_a,255,0.06666666666666667,0.24944382578492943,20
4,fr_viaje,10,0.1,0.30000000000000004,20
4,fr_estro,14,0.07142857142857142,0.25753937681885636,20
4,fr_varic,28,0.21428571428571427,0.410325903324145,20
4,fr_antec,1,0.0,0.0,20
4,ana_dime,188,1.5425531914893618,0.5864587852058604,20
4,ana_crea,47,0.8936170212765957,0.3083271648125413,20
4,ana_trop,848,0.8290094339622641,0.3765007202700023,20
4,tension_,67,136.91044776119404,19.837196587628664,20
4,ana_hemo,3,12.5,1.6753109164172082,20
4,ana_plaq,2,213.5,77.5,20
4,ana_leuc,14,7.312142857142858,2.6840911698679806,20
4,ana_neu,1044,6.640798850574712,3.2261322818149902,20
4,protcrea,1317,34.21876993166287,45.73840971896388,20
4,splanchnic,432,0.032407407407407406,0.17707955091578959,20
5,raza,433,2.8960739030023093,0.7133231044563741,20
5,ant_inf,29,0.0,0.0,20
5,ant_isq,31,0.06451612903225806,0.2456701001891583,20
5,ant_clau,31,0.0,0.0,20
5,fum_act,38,0.34210526315789475,0.4744146415084196,20
5,diabetes,29,0.10344827586206896,0.30454347814923605,20
5,hip_art,30,0.36666666666666664,0.48189440982669857,20
5,insf_car,5,0.0,0.0,20
5,fibr_aur,191,0.020942408376963352,0.1431915636772497,20
5,trat_est,33,0.12121212121212122,0.3263736246748184,20
5,var171,19,0.0,0.0,20
5,tv_l_esu,344,0.014534883720930232,0.11968133052464479,20
5,tvp_orig,1290,0.26356589147286824,0.4405665810351263,20
5,tv_l_ein,256,0.75,0.4330127018922193,20
5,tvp_prox,542,0.8339483394833949,0.3721270032613641,20
5,tv_l_svc,443,0.002257336343115124,0.04745777887500821,20
5,tv_l_vre,460,0.006521739130434782,0.08049351557205921,20
5,tv_l_vrn,453,0.006622516556291391,0.0811089318802377,20
5,tv_l_vca,924,0.07034632034632035,0.2557297705783455,20
5,tv_l_yug,933,0.030010718113612004,0.1706167486266144,20
5,tv_l_ova,935,0.0074866310160427805,0.08620082001972142,20
5,tv_l_sup,936,0.0,0.0,20
5,tv_l_pul,937,0.0,0.0,20
5,tv_l_ove,453,0.037527593818984545,0.19005071302455528,20
5,fr_antfa,697,0.1291248206599713,0.3353380404151929,20
5,fr_tvs_a,255,0.01568627450980392,0.12425866288435185,20
5,fr_viaje,10,0.0,0.0,20
5,fr_estro,14,0.07142857142857142,0.25753937681885636,20
5,fr_varic,28,0.14285714285714285,0.3499271061118826,20
5,fr_antec,1,1.0,0.0,20
5,ana_dime,188,1.6329787234042554,0.49290461246991285,20
5,ana_crea,47,0.8936170212765957,0.30832716481254124,20
5,ana_trop,848,0.8726415094339622,0.3333741223412192,20
5,tension_,67,132.044776119403,17.526468542656936,20
5,ana_hemo,3,14.033333333333331,1.3888444437333107,20
5,ana_plaq,2,349.5,187.5,20
5,ana_leuc,14,8.359285714285717,3.850718790574253,20
5,ana_neu,1044,6.6074090038314175,3.3655459606677796,20
5,protcrea,1317,46.94309035687168,49.64816747757904,20
5,splanchnic,432,0.027777777777777776,0.16433554953054488,20
