iteration,variable,missing_n,imputed_mean,imputed_sd,imputation
1,raza,438,2.901826484018265,0.6870932400898262,1
1,ant_inf,21,0.09523809523809523,0.29354352395090366,1
1,ant_isq,23,0.043478260869565216,0.20393111999232305,1
1,ant_clau,23,0.0,0.0,1
1,fum_act,32,0.21875,0.41339864235384227,1
1,diabetes,21,0.0,0.0,1
1,hip_art,21,0.19047619047619047,0.392676726249301,1
1,insf_car,4,0.0,0.0,1
1,fibr_aur,181,0.016574585635359115,0.1276709393181364,1
1,trat_est,25,0.28,0.448998886412873,1
1,var171,24,0.041666666666666664,0.19982631347136334,1
1,tv_l_esu,361,0.008310249307479225,0.0907809950591354,1
1,tvp_orig,1294,0.2534775888717156,0.4350019549513509,1
1,tv_l_ein,286,0.47202797202797203,0.4992169524877256,1
1,tvp_prox,556,0.9010791366906474,0.29855573367712246,1
1,tv_l_svc,476,0.0063025210084033615,0.07913784958755195,1
1,tv_l_vre,492,0.006097560975609756,0.07784844716343724,1
1,tv_l_vrn,486,0.0,0.0,1
1,tv_l_vca,935,0.06417112299465241,0.24505752379442997,1
1,tv_l_yug,948,0.022151898734177215,0.147177417142196,1
1,tv_l_ova,952,0.004201680672268907,0.06468405175773384,1
1,tv_l_sup,949,0.0136986301369863,0.11623673115395303,1
1,tv_l_pul,948,0.0,0.0,1
1,tv_l_ove,490,0.03877551020408163,0.1930594986331799,1
1,fr_antfa,701,0.14978601997146934,0.3568615532564077,1
1,fr_tvs_a,255,0.023529411764705882,0.15157763207911915,1
1,fr_viaje,7,0.0,0.0,1
1,fr_estro,10,0.0,0.0,1
1,fr_varic,32,0.3125,0.46351240544347894,1
1,ana_dime,193,1.5544041450777202,0.5273786797927242,1
1,ana_crea,51,0.9215686274509803,0.2688492000157272,1
1,ana_trop,844,0.8234597156398105,0.38127917902530817,1
1,tension_,68,131.80882352941177,21.489571583705693,1
1,ana_hemo,4,13.975,2.9345996319770777,1
1,ana_plaq,5,217.6,41.591345253550045,1
1,ana_leuc,8,9.245000000000001,3.882421924520827,1
1,ana_neu,1034,6.6049129593810445,3.057740414603717,1
1,protcrea,1323,18.398367346938777,24.562463106486238,1
1,splanchnic,466,0.01072961373390558,0.10302664278247042,1
2,raza,438,2.906392694063927,0.5345635792126096,1
2,ant_inf,21,0.0,0.0,1
2,ant_isq,23,0.043478260869565216,0.20393111999232305,1
2,ant_clau,23,0.0,0.0,1
2,fum_act,32,0.3125,0.46351240544347894,1
2,diabetes,21,0.047619047619047616,0.21295885499998,1
2,hip_art,21,0.23809523809523808,0.4259177099999599,1
2,insf_car,4,0.0,0.0,1
2,fibr_aur,181,0.0,0.0,1
2,trat_est,25,0.2,0.4,1
2,var171,24,0.0,0.0,1
2,tv_l_esu,361,0.002770083102493075,0.0525586314709426,1
2,tvp_orig,1294,0.2604327666151468,0.43887075624644584,1
2,tv_l_ein,286,0.48951048951048953,0.499889958060462,1
2,tvp_prox,556,0.8794964028776978,0.3255495049956121,1
2,tv_l_svc,476,0.014705882352941176,0.12037283488047723,1
2,tv_l_vre,492,0.006097560975609756,0.07784844716343724,1
2,tv_l_vrn,486,0.00823045267489712,0.09034773004156439,1
2,tv_l_vca,935,0.07058823529411765,0.2561357771420852,1
2,tv_l_yug,948,0.0189873417721519,0.13648011805599888,1
2,tv_l_ova,952,0.004201680672268907,0.06468405175773384,1
2,tv_l_sup,949,0.02107481559536354,0.1436337973562802,1
2,tv_l_pul,948,0.013713080168776372,0.11629716935962407,1
2,tv_l_ove,490,0.05918367346938776,0.2359681467148832,1
2,fr_antfa,701,0.15834522111269614,0.3650643944066136,1
2,fr_tvs_a,255,0.054901960784313725,0.22778879578757033,1
2,fr_viaje,7,0.0,0.0,1
2,fr_estro,10,0.0,0.0,1
2,fr_varic,32,0.125,0.33071891388307384,1
2,ana_dime,193,1.549222797927461,0.556554832848751,1
2,ana_crea,51,0.9019607843137255,0.29736766447260987,1
2,ana_trop,844,0.8210900473933649,0.3832768992059484,1
2,tension_,68,133.63235294117646,22.967306950996996,1
2,ana_hemo,4,11.724999999999998,3.817312536327095,1
2,ana_plaq,5,200.6,92.26396913205069,1
2,ana_leuc,8,9.48375,3.3043680844451937,1
2,ana_neu,1034,6.629990328820116,3.1142036092441194,1
2,protcrea,1323,14.188647014361301,19.544548367331483,1
2,splanchnic,466,0.023605150214592276,0.15181550348346773,1
3,raza,438,2.8698630136986303,0.7144659719471389,1
3,ant_inf,21,0.09523809523809523,0.2935435239509036,1
3,ant_isq,23,0.0,0.0,1
3,ant_clau,23,0.043478260869565216,0.20393111999232305,1
3,fum_act,32,0.21875,0.41339864235384227,1
3,diabetes,21,0.0,0.0,1
3,hip_art,21,0.19047619047619047,0.39267672624930106,1
3,insf_car,4,0.0,0.0,1
3,fibr_aur,181,0.011049723756906077,0.10453529242223483,1
3,trat_est,25,0.08,0.2712931993250107,1
3,var171,24,0.0,0.0,1
3,tv_l_esu,361,0.01662049861495845,0.1278446621519593,1
3,tvp_orig,1294,0.17465224111282843,0.3796693769414316,1
3,tv_l_ein,286,0.4125874125874126,0.49229974564470047,1
3,tvp_prox,556,0.8201438848920863,0.384067563022709,1
3,tv_l_svc,476,0.0021008403361344537,0.04578675360862052,1
3,tv_l_vre,492,0.008130081300813009,0.08979968306656308,1
3,tv_l_vrn,486,0.02263374485596708,0.14873284253910454,1
3,tv_l_vca,935,0.057754010695187166,0.2332776991994892,1
3,tv_l_yug,948,0.022151898734177215,0.147177417142196,1
3,tv_l_ova,952,0.0063025210084033615,0.07913784958755195,1
3,tv_l_sup,949,0.003161222339304531,0.05613580864854458,1
3,tv_l_pul,948,0.006329113924050633,0.07930357016545357,1
3,tv_l_ove,490,0.03469387755102041,0.1830033125697325,1
3,fr_antfa,701,0.14407988587731813,0.3511707168356968,1
3,fr_tvs_a,255,0.0392156862745098,0.19410774385513066,1
3,fr_viaje,7,0.14285714285714285,0.34992710611188266,1
3,fr_estro,10,0.0,0.0,1
3,fr_varic,32,0.09375,0.2914805954090255,1
3,ana_dime,193,1.4974093264248705,0.5858818456950944,1
3,ana_crea,51,0.9411764705882353,0.23529411764705882,1
3,ana_trop,844,0.8601895734597157,0.3467902408818739,1
3,tension_,68,134.3235294117647,19.385744593014874,1
3,ana_hemo,4,13.325,1.6857861667483218,1
3,ana_plaq,5,197.0,56.16048432839589,1
3,ana_leuc,8,8.9775,3.287920125246354,1
3,ana_neu,1034,6.540222437137331,3.1479577133174876,1
3,protcrea,1323,12.426500377928951,20.255568212482807,1
3,splanchnic,466,0.027896995708154508,0.16467772569055514,1
4,raza,438,2.9954337899543377,0.5101500978423493,1
4,ant_inf,21,0.0,0.0,1
4,ant_isq,23,0.0,0.0,1
4,ant_clau,23,0.08695652173913043,0.2817713347133852,1
4,fum_act,32,0.25,0.4330127018922193,1
4,diabetes,21,0.047619047619047616,0.21295885499997996,1
4,hip_art,21,0.23809523809523808,0.4259177099999599,1
4,insf_car,4,0.0,0.0,1
4,fibr_aur,181,0.011049723756906077,0.10453529242223483,1
4,trat_est,25,0.08,0.2712931993250107,1
4,var171,24,0.08333333333333333,0.2763853991962833,1
4,tv_l_esu,361,0.002770083102493075,0.0525586314709426,1
4,tvp_orig,1294,0.3624420401854714,0.4807055311640012,1
4,tv_l_ein,286,0.4195804195804196,0.4934903150874783,1
4,tvp_prox,556,0.85431654676259,0.3527885835599466,1
4,tv_l_svc,476,0.02100840336134454,0.14341216946114294,1
4,tv_l_vre,492,0.012195121951219513,0.10975609756097561,1
4,tv_l_vrn,486,0.0102880658436214,0.10090699452871792,1
4,tv_l_vca,935,0.07058823529411765,0.2561357771420852,1
4,tv_l_yug,948,0.004219409282700422,0.06481979534066336,1
4,tv_l_ova,952,0.0031512605042016808,0.05604756963005924,1
4,tv_l_sup,949,0.005268703898840885,0.07239436896656552,1
4,tv_l_pul,948,0.002109704641350211,0.045883044664412544,1
4,tv_l_ove,490,0.036734693877551024,0.18810969178453738,1
4,fr_antfa,701,0.19258202567760344,0.39432751497139323,1
4,fr_tvs_a,255,0.050980392156862744,0.219957704507924,1
4,fr_viaje,7,0.0,0.0,1
4,fr_estro,10,0.0,0.0,1
4,fr_varic,32,0.25,0.4330127018922193,1
4,ana_dime,193,1.5077720207253886,0.5946146135935658,1
4,ana_crea,51,0.8627450980392157,0.34411625048596556,1
4,ana_trop,844,0.8045023696682464,0.3965832912093279,1
4,tension_,68,133.02941176470588,24.481067467736402,1
4,ana_hemo,4,15.775,1.2173228823939848,1
4,ana_plaq,5,237.4,134.24246720021202,1
4,ana_leuc,8,8.75125,2.7747857462333916,1
4,ana_neu,1034,6.413423597678917,3.112509495291959,1
4,protcrea,1323,38.0351776266062,32.607793881123655,1
4,splanchnic,466,0.02145922746781116,0.14490938211273935,1
5,raza,438,2.942922374429224,0.5959778798274958,1
5,ant_inf,21,0.0,0.0,1
5,ant_isq,23,0.0,0.0,1
5,ant_clau,23,0.043478260869565216,0.20393111999232305,1
5,fum_act,32,0.25,0.4330127018922193,1
5,diabetes,21,0.14285714285714285,0.3499271061118826,1
5,hip_art,21,0.3333333333333333,0.4714045207910317,1
5,insf_car,4,0.0,0.0,1
5,fibr_aur,181,0.011049723756906077,0.10453529242223483,1
5,trat_est,25,0.24,0.4270831300812524,1
5,var171,24,0.0,0.0,1
5,tv_l_esu,361,0.0110803324099723,0.10467835804815061,1
5,tvp_orig,1294,0.22797527047913446,0.41952657428236884,1
5,tv_l_ein,286,0.5104895104895105,0.499889958060462,1
5,tvp_prox,556,0.8902877697841727,0.31253072930017084,1
5,tv_l_svc,476,0.014705882352941176,0.12037283488047723,1
5,tv_l_vre,492,0.01016260162601626,0.10029617716646609,1
5,tv_l_vrn,486,0.00205761316872428,0.0453142295175828,1
5,tv_l_vca,935,0.08021390374331551,0.2716240662930544,1
5,tv_l_yug,948,0.002109704641350211,0.045883044664412544,1
5,tv_l_ova,952,0.0031512605042016808,0.05604756963005924,1
5,tv_l_sup,949,0.0136986301369863,0.11623673115395303,1
5,tv_l_pul,948,0.008438818565400843,0.09147461345434091,1
5,tv_l_ove,490,0.03877551020408163,0.1930594986331799,1
5,fr_antfa,701,0.1398002853067047,0.3467797075015617,1
5,fr_tvs_a,255,0.047058823529411764,0.21176470588235288,1
5,fr_viaje,7,0.0,0.0,1
5,fr_estro,10,0.0,0.0,1
5,fr_varic,32,0.0625,0.24206145913796356,1
5,ana_dime,193,1.3989637305699483,0.5947951828700005,1
5,ana_crea,51,0.9019607843137255,0.29736766447260987,1
5,ana_trop,844,0.8317535545023697,0.3740849891068115,1
5,tension_,68,132.13235294117646,23.161139113867073,1
5,ana_hemo,4,12.875,0.6179603547154138,1
5,ana_plaq,5,196.8,49.933555851751635,1
5,ana_leuc,8,9.0125,3.808030166634713,1
5,ana_neu,1034,6.452475822050291,3.11748340296956,1
5,protcrea,1323,19.22231292517007,22.87851238369182,1
5,splanchnic,466,0.01072961373390558,0.10302664278247042,1
1,raza,438,2.9680365296803655,0.6715900022228397,2
1,ant_inf,21,0.14285714285714285,0.3499271061118826,2
1,ant_isq,23,0.043478260869565216,0.20393111999232305,2
1,ant_clau,23,0.0,0.0,2
1,fum_act,32,0.3125,0.46351240544347894,2
1,diabetes,21,0.14285714285714285,0.3499271061118826,2
1,hip_art,21,0.38095238095238093,0.4856209060564557,2
1,insf_car,4,0.0,0.0,2
1,fibr_aur,181,0.016574585635359115,0.1276709393181364,2
1,trat_est,25,0.24,0.4270831300812524,2
1,var171,24,0.0,0.0,2
1,tv_l_esu,361,0.01662049861495845,0.1278446621519593,2
1,tvp_orig,1294,0.3384853168469861,0.47319447072634047,2
1,tv_l_ein,286,0.4230769230769231,0.4940474068717357,2
1,tvp_prox,556,0.8776978417266187,0.3276344614887971,2
1,tv_l_svc,476,0.012605042016806723,0.11156233653236769,2
1,tv_l_vre,492,0.012195121951219513,0.1097560975609756,2
1,tv_l_vrn,486,0.006172839506172839,0.0783245527188242,2
1,tv_l_vca,935,0.06737967914438503,0.25067839552459387,2
1,tv_l_yug,948,0.013713080168776372,0.11629716935962406,2
1,tv_l_ova,952,0.004201680672268907,0.06468405175773384,2
1,tv_l_sup,949,0.005268703898840885,0.07239436896656552,2
1,tv_l_pul,948,0.0031645569620253164,0.05616531439651533,2
1,tv_l_ove,490,0.07551020408163266,0.26421281793505563,2
1,fr_antfa,701,0.14550641940085593,0.3526106937034073,2
1,fr_tvs_a,255,0.07450980392156863,0.2625987300828739,2
1,fr_viaje,7,0.0,0.0,2
1,fr_estro,10,0.0,0.0,2
1,fr_varic,32,0.15625,0.3630921887069453,2
1,ana_dime,193,1.5699481865284974,0.5636010213839232,2
1,ana_crea,51,0.9019607843137255,0.29736766447260987,2
1,ana_trop,844,0.8021327014218009,0.39839155454347286,2
1,tension_,68,137.13235294117646,20.58547775650757,2
1,ana_hemo,4,13.95,1.8993419913222584,2
1,ana_plaq,5,256.6,79.42442949118363,2
1,ana_leuc,8,10.73875,4.082249494763886,2
1,ana_neu,1034,6.397872340425532,3.06247989282452,2
1,protcrea,1323,39.7505865457294,54.587421993291194,2
1,splanchnic,466,0.015021459227467811,0.1216380491053081,2
2,raza,438,2.9885844748858448,0.62472445501235,2
2,ant_inf,21,0.0,0.0,2
2,ant_isq,23,0.08695652173913043,0.2817713347133853,2
2,ant_clau,23,0.0,0.0,2
2,fum_act,32,0.1875,0.3903123748998999,2
2,diabetes,21,0.047619047619047616,0.21295885499998,2
2,hip_art,21,0.2857142857142857,0.45175395145262565,2
2,insf_car,4,0.0,0.0,2
2,fibr_aur,181,0.011049723756906077,0.10453529242223483,2
2,trat_est,25,0.2,0.4,2
2,var171,24,0.0,0.0,2
2,tv_l_esu,361,0.0110803324099723,0.10467835804815064,2
2,tvp_orig,1294,0.2704791344667697,0.4442073528037068,2
2,tv_l_ein,286,0.458041958041958,0.4982364124740856,2
2,tvp_prox,556,0.8974820143884892,0.3033282845988301,2
2,tv_l_svc,476,0.01050420168067227,0.10195029881135236,2
2,tv_l_vre,492,0.01016260162601626,0.1002961771664661,2
2,tv_l_vrn,486,0.0102880658436214,0.10090699452871792,2
2,tv_l_vca,935,0.0481283422459893,0.21403739140309624,2
2,tv_l_yug,948,0.012658227848101266,0.11179444134592212,2
2,tv_l_ova,952,0.0,0.0,2
2,tv_l_sup,949,0.006322444678609062,0.07926204244084928,2
2,tv_l_pul,948,0.002109704641350211,0.045883044664412544,2
2,tv_l_ove,490,0.05714285714285714,0.2321153829895989,2
2,fr_antfa,701,0.14550641940085593,0.3526106937034073,2
2,fr_tvs_a,255,0.047058823529411764,0.21176470588235288,2
2,fr_viaje,7,0.14285714285714285,0.34992710611188266,2
2,fr_estro,10,0.0,0.0,2
2,fr_varic,32,0.125,0.33071891388307384,2
2,ana_dime,193,1.4818652849740932,0.6030429250199596,2
2,ana_crea,51,0.9411764705882353,0.23529411764705882,2
2,ana_trop,844,0.8447867298578199,0.3621078719303831,2
2,tension_,68,133.2058823529412,20.557350784580116,2
2,ana_hemo,4,14.350000000000001,0.6344288770224764,2
2,ana_plaq,5,258.2,77.22797420624214,2
2,ana_leuc,8,10.9025,3.6181651081729256,2
2,ana_neu,1034,7.116218568665377,3.2728639164016324,2
2,protcrea,1323,43.41453363567649,55.90179843914778,2
2,splanchnic,466,0.008583690987124463,0.09224972214680119,2
3,raza,438,2.8926940639269407,0.5652748573870827,2
3,ant_inf,21,0.0,0.0,2
3,ant_isq,23,0.043478260869565216,0.20393111999232305,2
3,ant_clau,23,0.0,0.0,2
3,fum_act,32,0.21875,0.41339864235384227,2
3,diabetes,21,0.0,0.0,2
3,hip_art,21,0.3333333333333333,0.4714045207910316,2
3,insf_car,4,0.0,0.0,2
3,fibr_aur,181,0.011049723756906077,0.10453529242223483,2
3,trat_est,25,0.24,0.4270831300812524,2
3,var171,24,0.041666666666666664,0.19982631347136331,2
3,tv_l_esu,361,0.0110803324099723,0.10467835804815061,2
3,tvp_orig,1294,0.1437403400309119,0.35082624570962434,2
3,tv_l_ein,286,0.46153846153846156,0.49851851526214314,2
3,tvp_prox,556,0.85431654676259,0.3527885835599466,2
3,tv_l_svc,476,0.014705882352941176,0.12037283488047722,2
3,tv_l_vre,492,0.012195121951219513,0.1097560975609756,2
3,tv_l_vrn,486,0.012345679012345678,0.11042310999998962,2
3,tv_l_vca,935,0.05561497326203209,0.2291766742299389,2
3,tv_l_yug,948,0.012658227848101266,0.1117944413459221,2
3,tv_l_ova,952,0.0031512605042016808,0.05604756963005924,2
3,tv_l_sup,949,0.009483667017913594,0.09692124162332491,2
3,tv_l_pul,948,0.006329113924050633,0.07930357016545359,2
3,tv_l_ove,490,0.044897959183673466,0.20708001459536035,2
3,fr_antfa,701,0.17261055634807418,0.3779102435569622,2
3,fr_tvs_a,255,0.06274509803921569,0.24250391896063225,2
3,fr_viaje,7,0.0,0.0,2
3,fr_estro,10,0.0,0.0,2
3,fr_varic,32,0.15625,0.3630921887069453,2
3,ana_dime,193,1.5129533678756477,0.5857443631528529,2
3,ana_crea,51,0.9019607843137255,0.29736766447260987,2
3,ana_trop,844,0.8732227488151659,0.3327232780657999,2
3,tension_,68,134.13235294117646,23.458915533184385,2
3,ana_hemo,4,14.075,1.485555451674558,2
3,ana_plaq,5,221.6,48.12733111237315,2
3,ana_leuc,8,10.55125,3.8104213595742924,2
3,ana_neu,1034,6.144013539651837,3.0046957195898414,2
3,protcrea,1323,67.09339682539682,64.03945136276576,2
3,splanchnic,466,0.004291845493562232,0.06537144296878893,2
4,raza,438,2.915525114155251,0.5274960867299376,2
4,ant_inf,21,0.047619047619047616,0.21295885499997996,2
4,ant_isq,23,0.08695652173913043,0.2817713347133852,2
4,ant_clau,23,0.0,0.0,2
4,fum_act,32,0.25,0.4330127018922193,2
4,diabetes,21,0.047619047619047616,0.21295885499998,2
4,hip_art,21,0.38095238095238093,0.4856209060564557,2
4,insf_car,4,0.0,0.0,2
4,fibr_aur,181,0.016574585635359115,0.1276709393181364,2
4,trat_est,25,0.24,0.4270831300812524,2
4,var171,24,0.041666666666666664,0.19982631347136331,2
4,tv_l_esu,361,0.013850415512465374,0.11686993412592234,2
4,tvp_orig,1294,0.26275115919629055,0.4401283762009627,2
4,tv_l_ein,286,0.4825174825174825,0.4996942681104852,2
4,tvp_prox,556,0.8579136690647482,0.34913866227705276,2
4,tv_l_svc,476,0.025210084033613446,0.15676267316115658,2
4,tv_l_vre,492,0.0040650406504065045,0.06362795057926232,2
4,tv_l_vrn,486,0.00411522633744856,0.06401789788520183,2
4,tv_l_vca,935,0.0748663101604278,0.26317550372971726,2
4,tv_l_yug,948,0.014767932489451477,0.12062272032846247,2
4,tv_l_ova,952,0.005252100840336135,0.07228081541528897,2
4,tv_l_sup,949,0.001053740779768177,0.032444266213573554,2
4,tv_l_pul,948,0.0031645569620253164,0.056165314396515335,2
4,tv_l_ove,490,0.04693877551020408,0.21150774658108093,2
4,fr_antfa,701,0.14550641940085593,0.35261069370340736,2
4,fr_tvs_a,255,0.054901960784313725,0.22778879578757028,2
4,fr_viaje,7,0.0,0.0,2
4,fr_estro,10,0.0,0.0,2
4,fr_varic,32,0.1875,0.3903123748998999,2
4,ana_dime,193,1.4974093264248705,0.54936942025655,2
4,ana_crea,51,0.9215686274509803,0.2688492000157272,2
4,ana_trop,844,0.8625592417061612,0.3443120623118705,2
4,tension_,68,130.77941176470588,19.908500688248203,2
4,ana_hemo,4,14.925,3.4686993239541533,2
4,ana_plaq,5,225.6,58.82720459107333,2
4,ana_leuc,8,9.84,3.819057475346502,2
4,ana_neu,1034,7.318152804642166,3.238811446493154,2
4,protcrea,1323,52.95925170068027,58.57912041608327,2
4,splanchnic,466,0.017167381974248927,0.12989481502507774,2
5,raza,438,2.91324200913242,0.5420727940362987,2
5,ant_inf,21,0.0,0.0,2
5,ant_isq,23,0.0,0.0,2
5,ant_clau,23,0.0,0.0,2
5,fum_act,32,0.28125,0.4496092053105675,2
5,diabetes,21,0.047619047619047616,0.21295885499998,2
5,hip_art,21,0.2857142857142857,0.45175395145262565,2
5,insf_car,4,0.0,0.0,2
5,fibr_aur,181,0.022099447513812154,0.147007013211603,2
5,trat_est,25,0.2,0.4,2
5,var171,24,0.041666666666666664,0.19982631347136331,2
5,tv_l_esu,361,0.008310249307479225,0.0907809950591354,2
5,tvp_orig,1294,0.4134466769706337,0.49245154307055855,2
5,tv_l_ein,286,0.4370629370629371,0.49602311045843034,2
5,tvp_prox,556,0.8687050359712231,0.33772266203122814,2
5,tv_l_svc,476,0.01680672268907563,0.12854671042670884,2
5,tv_l_vre,492,0.014227642276422764,0.11842810676387978,2
5,tv_l_vrn,486,0.00823045267489712,0.09034773004156439,2
5,tv_l_vca,935,0.0855614973262032,0.279715440227209,2
5,tv_l_yug,948,0.012658227848101266,0.11179444134592212,2
5,tv_l_ova,952,0.004201680672268907,0.06468405175773384,2
5,tv_l_sup,949,0.009483667017913594,0.09692124162332491,2
5,tv_l_pul,948,0.0,0.0,2
5,tv_l_ove,490,0.05714285714285714,0.2321153829895989,2
5,fr_antfa,701,0.16262482168330955,0.3690230196827582,2
5,fr_tvs_a,255,0.054901960784313725,0.2277887957875703,2
5,fr_viaje,7,0.0,0.0,2
5,fr_estro,10,0.0,0.0,2
5,fr_varic,32,0.15625,0.3630921887069453,2
5,ana_dime,193,1.4974093264248705,0.5679191390629956,2
5,ana_crea,51,0.9215686274509803,0.2688492000157272,2
5,ana_trop,844,0.8447867298578199,0.36210787193038313,2
5,tension_,68,128.7941176470588,22.656357907510596,2
5,ana_hemo,4,13.5,0.7874007874011808,2
5,ana_plaq,5,250.2,73.96593810667177,2
5,ana_leuc,8,11.21125,3.7068431228607444,2
5,ana_neu,1034,5.945870406189556,3.068256529400268,2
5,protcrea,1323,40.5401148904006,51.62485170935118,2
5,splanchnic,466,0.032188841201716736,0.1765013306006711,2
1,raza,438,2.8972602739726026,0.6345758881554164,3
1,ant_inf,21,0.0,0.0,3
1,ant_isq,23,0.0,0.0,3
1,ant_clau,23,0.0,0.0,3
1,fum_act,32,0.1875,0.3903123748998999,3
1,diabetes,21,0.09523809523809523,0.2935435239509036,3
1,hip_art,21,0.19047619047619047,0.392676726249301,3
1,insf_car,4,0.0,0.0,3
1,fibr_aur,181,0.016574585635359115,0.1276709393181364,3
1,trat_est,25,0.24,0.4270831300812524,3
1,var171,24,0.041666666666666664,0.19982631347136334,3
1,tv_l_esu,361,0.002770083102493075,0.052558631470942606,3
1,tvp_orig,1294,0.42040185471406494,0.493623475198495,3
1,tv_l_ein,286,0.7342657342657343,0.4417234041217834,3
1,tvp_prox,556,0.8093525179856115,0.3928116846734093,3
1,tv_l_svc,476,0.014705882352941176,0.12037283488047722,3
1,tv_l_vre,492,0.01016260162601626,0.1002961771664661,3
1,tv_l_vrn,486,0.006172839506172839,0.0783245527188242,3
1,tv_l_vca,935,0.06951871657754011,0.2543341593709971,3
1,tv_l_yug,948,0.02531645569620253,0.1570844765315298,3
1,tv_l_ova,952,0.0063025210084033615,0.07913784958755195,3
1,tv_l_sup,949,0.008429926238145416,0.09142681544144934,3
1,tv_l_pul,948,0.012658227848101266,0.11179444134592212,3
1,tv_l_ove,490,0.036734693877551024,0.18810969178453738,3
1,fr_antfa,701,0.10984308131241084,0.3126940658218604,3
1,fr_tvs_a,255,0.027450980392156862,0.16339346396862475,3
1,fr_viaje,7,0.0,0.0,3
1,fr_estro,10,0.0,0.0,3
1,fr_varic,32,0.1875,0.3903123748998999,3
1,ana_dime,193,1.5958549222797926,0.5597773610806012,3
1,ana_crea,51,0.8823529411764706,0.32218973970892123,3
1,ana_trop,844,0.7322274881516587,0.44279836691972024,3
1,tension_,68,129.01470588235293,19.65323850506639,3
1,ana_hemo,4,13.975000000000001,1.4956186011146027,3
1,ana_plaq,5,233.8,58.056524181180535,3
1,ana_leuc,8,8.635,2.0690698393239413,3
1,ana_neu,1034,6.865802707930367,3.151523377263681,3
1,protcrea,1323,46.02467271352985,53.21953897516981,3
1,splanchnic,466,0.023605150214592276,0.15181550348346773,3
2,raza,438,2.865296803652968,0.7104126259591699,3
2,ant_inf,21,0.047619047619047616,0.21295885499997996,3
2,ant_isq,23,0.043478260869565216,0.20393111999232305,3
2,ant_clau,23,0.0,0.0,3
2,fum_act,32,0.21875,0.41339864235384227,3
2,diabetes,21,0.047619047619047616,0.21295885499997996,3
2,hip_art,21,0.2857142857142857,0.45175395145262565,3
2,insf_car,4,0.0,0.0,3
2,fibr_aur,181,0.0,0.0,3
2,trat_est,25,0.2,0.4,3
2,var171,24,0.041666666666666664,0.19982631347136331,3
2,tv_l_esu,361,0.00554016620498615,0.07422582275332003,3
2,tvp_orig,1294,0.25193199381761977,0.43412240705669475,3
2,tv_l_ein,286,0.7552447552447552,0.429941990180123,3
2,tvp_prox,556,0.7949640287769785,0.4037279055597394,3
2,tv_l_svc,476,0.004201680672268907,0.06468405175773384,3
2,tv_l_vre,492,0.0040650406504065045,0.06362795057926232,3
2,tv_l_vrn,486,0.00411522633744856,0.06401789788520183,3
2,tv_l_vca,935,0.07272727272727272,0.25968830649246727,3
2,tv_l_yug,948,0.06434599156118144,0.24536826390385083,3
2,tv_l_ova,952,0.004201680672268907,0.06468405175773384,3
2,tv_l_sup,949,0.01053740779768177,0.10210960206849858,3
2,tv_l_pul,948,0.0010548523206751054,0.03246135559795172,3
2,tv_l_ove,490,0.05714285714285714,0.2321153829895989,3
2,fr_antfa,701,0.16405135520684735,0.37032216793171346,3
2,fr_tvs_a,255,0.043137254901960784,0.20316602112923324,3
2,fr_viaje,7,0.0,0.0,3
2,fr_estro,10,0.0,0.0,3
2,fr_varic,32,0.09375,0.2914805954090255,3
2,ana_dime,193,1.4663212435233162,0.5849187892920242,3
2,ana_crea,51,0.9215686274509803,0.2688492000157272,3
2,ana_trop,844,0.759478672985782,0.42740006816276666,3
2,tension_,68,129.63235294117646,18.51859511550223,3
2,ana_hemo,4,12.75,1.9551214796017153,3
2,ana_plaq,5,343.6,132.0721015203438,3
2,ana_leuc,8,8.622499999999999,2.13390340690482,3
2,ana_neu,1034,6.345512572533849,3.0146023051727022,3
2,protcrea,1323,70.28059410430839,60.9482518326164,3
2,splanchnic,466,0.017167381974248927,0.12989481502507774,3
3,raza,438,2.9657534246575343,0.6311660249670815,3
3,ant_inf,21,0.047619047619047616,0.21295885499998,3
3,ant_isq,23,0.0,0.0,3
3,ant_clau,23,0.043478260869565216,0.20393111999232302,3
3,fum_act,32,0.28125,0.4496092053105675,3
3,diabetes,21,0.047619047619047616,0.21295885499997996,3
3,hip_art,21,0.23809523809523808,0.4259177099999599,3
3,insf_car,4,0.0,0.0,3
3,fibr_aur,181,0.011049723756906077,0.10453529242223483,3
3,trat_est,25,0.2,0.4,3
3,var171,24,0.08333333333333333,0.2763853991962833,3
3,tv_l_esu,361,0.024930747922437674,0.1559140972794492,3
3,tvp_orig,1294,0.34775888717156106,0.47625900890666467,3
3,tv_l_ein,286,0.7692307692307693,0.4213250442347432,3
3,tvp_prox,556,0.8129496402877698,0.3899519491472706,3
3,tv_l_svc,476,0.01050420168067227,0.10195029881135236,3
3,tv_l_vre,492,0.008130081300813009,0.08979968306656308,3
3,tv_l_vrn,486,0.006172839506172839,0.0783245527188242,3
3,tv_l_vca,935,0.03208556149732621,0.17622734816346608,3
3,tv_l_yug,948,0.0379746835443038,0.19113504899419623,3
3,tv_l_ova,952,0.0,0.0,3
3,tv_l_sup,949,0.002107481559536354,0.04585891495677332,3
3,tv_l_pul,948,0.002109704641350211,0.045883044664412544,3
3,tv_l_ove,490,0.036734693877551024,0.18810969178453735,3
3,fr_antfa,701,0.12410841654778887,0.32970519785073066,3
3,fr_tvs_a,255,0.03137254901960784,0.1743224374187676,3
3,fr_viaje,7,0.0,0.0,3
3,fr_estro,10,0.0,0.0,3
3,fr_varic,32,0.1875,0.3903123748998999,3
3,ana_dime,193,1.4870466321243523,0.6031764646986632,3
3,ana_crea,51,0.9607843137254902,0.1941077438551307,3
3,ana_trop,844,0.7156398104265402,0.4511091576982292,3
3,tension_,68,134.5441176470588,24.158443794549235,3
3,ana_hemo,4,13.924999999999999,1.0108783309577862,3
3,ana_plaq,5,250.2,45.63945661376787,3
3,ana_leuc,8,8.642499999999998,2.501833077965035,3
3,ana_neu,1034,6.546382978723404,3.1600573031096415,3
3,protcrea,1323,33.531534391534386,46.755033194284316,3
3,splanchnic,466,0.015021459227467811,0.12163804910530808,3
4,raza,438,2.853881278538813,0.656280514535588,3
4,ant_inf,21,0.0,0.0,3
4,ant_isq,23,0.0,0.0,3
4,ant_clau,23,0.0,0.0,3
4,fum_act,32,0.34375,0.47495887979908324,3
4,diabetes,21,0.0,0.0,3
4,hip_art,21,0.19047619047619047,0.39267672624930106,3
4,insf_car,4,0.0,0.0,3
4,fibr_aur,181,0.0055248618784530384,0.07412380035910907,3
4,trat_est,25,0.16,0.36660605559646714,3
4,var171,24,0.041666666666666664,0.19982631347136331,3
4,tv_l_esu,361,0.00554016620498615,0.07422582275332001,3
4,tvp_orig,1294,0.3910355486862442,0.4879823238088569,3
4,tv_l_ein,286,0.7797202797202797,0.41443523633157503,3
4,tvp_prox,556,0.7859712230215827,0.41014687564766383,3
4,tv_l_svc,476,0.0063025210084033615,0.07913784958755195,3
4,tv_l_vre,492,0.006097560975609756,0.07784844716343724,3
4,tv_l_vrn,486,0.00205761316872428,0.0453142295175828,3
4,tv_l_vca,935,0.040641711229946524,0.19745876161428785,3
4,tv_l_yug,948,0.011603375527426161,0.10709219020916366,3
4,tv_l_ova,952,0.0021008403361344537,0.04578675360862052,3
4,tv_l_sup,949,0.005268703898840885,0.07239436896656551,3
4,tv_l_pul,948,0.007383966244725738,0.0856121678689571,3
4,tv_l_ove,490,0.036734693877551024,0.18810969178453738,3
4,fr_antfa,701,0.16547788873038516,0.37161129836392137,3
4,fr_tvs_a,255,0.058823529411764705,0.23529411764705885,3
4,fr_viaje,7,0.0,0.0,3
4,fr_estro,10,0.0,0.0,3
4,fr_varic,32,0.1875,0.3903123748998999,3
4,ana_dime,193,1.5181347150259068,0.5584328947277711,3
4,ana_crea,51,0.9411764705882353,0.23529411764705882,3
4,ana_trop,844,0.7677725118483413,0.42225333852845964,3
4,tension_,68,136.44117647058823,20.279214476709587,3
4,ana_hemo,4,12.874999999999998,0.7495832175282471,3
4,ana_plaq,5,234.2,43.577058184324464,3
4,ana_leuc,8,8.41375,2.472270906980058,3
4,ana_neu,1034,6.859081237911026,3.1225181134209903,3
4,protcrea,1323,26.256161753590327,42.49460664996366,3
4,splanchnic,466,0.012875536480686695,0.11273755825376562,3
5,raza,438,2.8835616438356166,0.7387847046381938,3
5,ant_inf,21,0.047619047619047616,0.21295885499998,3
5,ant_isq,23,0.043478260869565216,0.20393111999232305,3
5,ant_clau,23,0.08695652173913043,0.2817713347133852,3
5,fum_act,32,0.25,0.4330127018922193,3
5,diabetes,21,0.047619047619047616,0.21295885499998,3
5,hip_art,21,0.19047619047619047,0.392676726249301,3
5,insf_car,4,0.0,0.0,3
5,fibr_aur,181,0.0,0.0,3
5,trat_est,25,0.16,0.36660605559646714,3
5,var171,24,0.0,0.0,3
5,tv_l_esu,361,0.0110803324099723,0.10467835804815062,3
5,tvp_orig,1294,0.3230293663060278,0.46763382556221694,3
5,tv_l_ein,286,0.8181818181818182,0.38569460791993504,3
5,tvp_prox,556,0.7877697841726619,0.4088869664310903,3
5,tv_l_svc,476,0.0063025210084033615,0.07913784958755195,3
5,tv_l_vre,492,0.006097560975609756,0.07784844716343724,3
5,tv_l_vrn,486,0.012345679012345678,0.11042310999998964,3
5,tv_l_vca,935,0.05561497326203209,0.2291766742299389,3
5,tv_l_yug,948,0.043248945147679324,0.20341699508962457,3
5,tv_l_ova,952,0.0021008403361344537,0.04578675360862052,3
5,tv_l_sup,949,0.0,0.0,3
5,tv_l_pul,948,0.010548523206751054,0.10216286930635657,3
5,tv_l_ove,490,0.05510204081632653,0.2281793284112354,3
5,fr_antfa,701,0.14407988587731813,0.3511707168356968,3
5,fr_tvs_a,255,0.06274509803921569,0.24250391896063225,3
5,fr_viaje,7,0.0,0.0,3
5,fr_estro,10,0.0,0.0,3
5,fr_varic,32,0.21875,0.41339864235384227,3
5,ana_dime,193,1.5025906735751295,0.5679191390629956,3
5,ana_crea,51,0.9607843137254902,0.1941077438551307,3
5,ana_trop,844,0.7618483412322274,0.42595239897661213,3
5,tension_,68,131.41176470588235,19.03729721155572,3
5,ana_hemo,4,12.7,1.6155494421403511,3
5,ana_plaq,5,200.8,45.78820808898291,3
5,ana_leuc,8,8.149999999999999,1.739906606688991,3
5,ana_neu,1034,6.28247582205029,2.960240570935074,3
5,protcrea,1323,13.487622071050643,30.53261339756452,3
5,splanchnic,466,0.015021459227467811,0.12163804910530807,3
1,raza,438,2.853881278538813,0.5980340734678105,4
1,ant_inf,21,0.09523809523809523,0.2935435239509036,4
1,ant_isq,23,0.08695652173913043,0.2817713347133852,4
1,ant_clau,23,0.0,0.0,4
1,fum_act,32,0.0625,0.24206145913796356,4
1,diabetes,21,0.047619047619047616,0.21295885499997996,4
1,hip_art,21,0.2857142857142857,0.45175395145262565,4
1,insf_car,4,0.0,0.0,4
1,fibr_aur,181,0.022099447513812154,0.147007013211603,4
1,trat_est,25,0.16,0.36660605559646714,4
1,var171,24,0.0,0.0,4
1,tv_l_esu,361,0.002770083102493075,0.052558631470942606,4
1,tvp_orig,1294,0.14142194744976816,0.34845628166139175,4
1,tv_l_ein,286,0.3706293706293706,0.48297333286243377,4
1,tvp_prox,556,0.8920863309352518,0.3102713475229903,4
1,tv_l_svc,476,0.014705882352941176,0.12037283488047724,4
1,tv_l_vre,492,0.012195121951219513,0.10975609756097561,4
1,tv_l_vrn,486,0.02880658436213992,0.1672625632337578,4
1,tv_l_vca,935,0.044919786096256686,0.2071279771381047,4
1,tv_l_yug,948,0.015822784810126583,0.12478951995652125,4
1,tv_l_ova,952,0.0,0.0,4
1,tv_l_sup,949,0.005268703898840885,0.07239436896656551,4
1,tv_l_pul,948,0.011603375527426161,0.10709219020916366,4
1,tv_l_ove,490,0.05918367346938776,0.23596814671488317,4
1,fr_antfa,701,0.11982881597717546,0.32476125205862183,4
1,fr_tvs_a,255,0.08627450980392157,0.2807689775634314,4
1,fr_viaje,7,0.0,0.0,4
1,fr_estro,10,0.0,0.0,4
1,fr_varic,32,0.1875,0.3903123748998999,4
1,ana_dime,193,1.5544041450777202,0.5560722568169277,4
1,ana_crea,51,0.8235294117647058,0.3812200410828154,4
1,ana_trop,844,0.8246445497630331,0.3802708459889575,4
1,tension_,68,132.83823529411765,20.392191624216224,4
1,ana_hemo,4,13.45,1.9032866310674286,4
1,ana_plaq,5,308.4,75.56612997897933,4
1,ana_leuc,8,10.17625,3.058598279849775,4
1,ana_neu,1034,6.594613152804642,3.0431897038721565,4
1,protcrea,1323,57.52679365079366,67.43599540716593,4
1,splanchnic,466,0.004291845493562232,0.06537144296878893,4
2,raza,438,2.8858447488584473,0.6862848122150101,4
2,ant_inf,21,0.0,0.0,4
2,ant_isq,23,0.043478260869565216,0.20393111999232305,4
2,ant_clau,23,0.043478260869565216,0.20393111999232305,4
2,fum_act,32,0.34375,0.47495887979908324,4
2,diabetes,21,0.19047619047619047,0.392676726249301,4
2,hip_art,21,0.23809523809523808,0.4259177099999599,4
2,insf_car,4,0.0,0.0,4
2,fibr_aur,181,0.011049723756906077,0.1045352924222348,4
2,trat_est,25,0.04,0.19595917942265428,4
2,var171,24,0.041666666666666664,0.19982631347136331,4
2,tv_l_esu,361,0.013850415512465374,0.11686993412592234,4
2,tvp_orig,1294,0.20556414219474498,0.40411325842947005,4
2,tv_l_ein,286,0.5,0.5,4
2,tvp_prox,556,0.8687050359712231,0.33772266203122814,4
2,tv_l_svc,476,0.01050420168067227,0.10195029881135236,4
2,tv_l_vre,492,0.0020325203252032522,0.04503764188243971,4
2,tv_l_vrn,486,0.00411522633744856,0.06401789788520185,4
2,tv_l_vca,935,0.047058823529411764,0.2117647058823529,4
2,tv_l_yug,948,0.015822784810126583,0.12478951995652125,4
2,tv_l_ova,952,0.0031512605042016808,0.05604756963005924,4
2,tv_l_sup,949,0.011591148577449948,0.1070364136735972,4
2,tv_l_pul,948,0.0031645569620253164,0.056165314396515335,4
2,tv_l_ove,490,0.04897959183673469,0.21582537251269035,4
2,fr_antfa,701,0.14978601997146934,0.3568615532564077,4
2,fr_tvs_a,255,0.0392156862745098,0.1941077438551307,4
2,fr_viaje,7,0.14285714285714285,0.3499271061118826,4
2,fr_estro,10,0.0,0.0,4
2,fr_varic,32,0.125,0.33071891388307384,4
2,ana_dime,193,1.4818652849740932,0.5943888248580306,4
2,ana_crea,51,0.8823529411764706,0.32218973970892123,4
2,ana_trop,844,0.8388625592417062,0.3676576749425492,4
2,tension_,68,131.60294117647058,24.554944216331016,4
2,ana_hemo,4,14.675,2.5173150378925557,4
2,ana_plaq,5,253.4,30.486718419665962,4
2,ana_leuc,8,9.6675,3.015720270515818,4
2,ana_neu,1034,6.036499032882011,3.0297370675921385,4
2,protcrea,1323,62.8467120181406,67.74287707727609,4
2,splanchnic,466,0.034334763948497854,0.18208758313816678,4
3,raza,438,2.9360730593607305,0.6555175822191217,4
3,ant_inf,21,0.0,0.0,4
3,ant_isq,23,0.0,0.0,4
3,ant_clau,23,0.043478260869565216,0.20393111999232305,4
3,fum_act,32,0.25,0.4330127018922193,4
3,diabetes,21,0.09523809523809523,0.29354352395090366,4
3,hip_art,21,0.23809523809523808,0.4259177099999599,4
3,insf_car,4,0.0,0.0,4
3,fibr_aur,181,0.016574585635359115,0.1276709393181364,4
3,trat_est,25,0.12,0.32496153618543844,4
3,var171,24,0.08333333333333333,0.2763853991962833,4
3,tv_l_esu,361,0.008310249307479225,0.0907809950591354,4
3,tvp_orig,1294,0.1947449768160742,0.39600425606422585,4
3,tv_l_ein,286,0.45104895104895104,0.497598025324249,4
3,tvp_prox,556,0.8938848920863309,0.3079848888925225,4
3,tv_l_svc,476,0.008403361344537815,0.09128386967395141,4
3,tv_l_vre,492,0.01016260162601626,0.10029617716646609,4
3,tv_l_vrn,486,0.012345679012345678,0.11042310999998962,4
3,tv_l_vca,935,0.07272727272727272,0.25968830649246727,4
3,tv_l_yug,948,0.004219409282700422,0.06481979534066336,4
3,tv_l_ova,952,0.0021008403361344537,0.04578675360862051,4
3,tv_l_sup,949,0.008429926238145416,0.09142681544144934,4
3,tv_l_pul,948,0.005274261603375527,0.07243233924094047,4
3,tv_l_ove,490,0.061224489795918366,0.23974163519328023,4
3,fr_antfa,701,0.12981455064194009,0.3360992905133411,4
3,fr_tvs_a,255,0.054901960784313725,0.22778879578757033,4
3,fr_viaje,7,0.0,0.0,4
3,fr_estro,10,0.0,0.0,4
3,fr_varic,32,0.125,0.33071891388307384,4
3,ana_dime,193,1.5595854922279793,0.5268184241439395,4
3,ana_crea,51,0.9019607843137255,0.29736766447260987,4
3,ana_trop,844,0.7725118483412322,0.4192103201421039,4
3,tension_,68,128.88235294117646,18.429938408952577,4
3,ana_hemo,4,14.375,2.1194043974664205,4
3,ana_plaq,5,178.4,68.31280992610391,4
3,ana_leuc,8,9.415,2.4877499874384483,4
3,ana_neu,1034,6.598742746615087,2.9911943245152406,4
3,protcrea,1323,19.21466364323507,40.30932903997912,4
3,splanchnic,466,0.032188841201716736,0.1765013306006711,4
4,raza,438,2.9452054794520546,0.594274300369421,4
4,ant_inf,21,0.09523809523809523,0.29354352395090366,4
4,ant_isq,23,0.0,0.0,4
4,ant_clau,23,0.0,0.0,4
4,fum_act,32,0.3125,0.46351240544347894,4
4,diabetes,21,0.047619047619047616,0.21295885499997996,4
4,hip_art,21,0.19047619047619047,0.392676726249301,4
4,insf_car,4,0.0,0.0,4
4,fibr_aur,181,0.0055248618784530384,0.07412380035910907,4
4,trat_est,25,0.32,0.46647615158762407,4
4,var171,24,0.0,0.0,4
4,tv_l_esu,361,0.0221606648199446,0.1472058754081598,4
4,tvp_orig,1294,0.19706336939721794,0.3977805900732634,4
4,tv_l_ein,286,0.46503496503496505,0.4987759480266605,4
4,tvp_prox,556,0.9154676258992805,0.2781845643266633,4
4,tv_l_svc,476,0.008403361344537815,0.0912838696739514,4
4,tv_l_vre,492,0.014227642276422764,0.1184281067638798,4
4,tv_l_vrn,486,0.00411522633744856,0.06401789788520183,4
4,tv_l_vca,935,0.025668449197860963,0.15814417445368578,4
4,tv_l_yug,948,0.039029535864978905,0.19366525551875127,4
4,tv_l_ova,952,0.008403361344537815,0.09128386967395141,4
4,tv_l_sup,949,0.004214963119072708,0.06478577934221033,4
4,tv_l_pul,948,0.007383966244725738,0.0856121678689571,4
4,tv_l_ove,490,0.04897959183673469,0.21582537251269035,4
4,fr_antfa,701,0.12268188302425106,0.3280716973496419,4
4,fr_tvs_a,255,0.058823529411764705,0.23529411764705885,4
4,fr_viaje,7,0.0,0.0,4
4,fr_estro,10,0.0,0.0,4
4,fr_varic,32,0.1875,0.3903123748998999,4
4,ana_dime,193,1.461139896373057,0.5573742532170033,4
4,ana_crea,51,0.8431372549019608,0.3636713135488512,4
4,ana_trop,844,0.8601895734597157,0.3467902408818739,4
4,tension_,68,135.1764705882353,21.957138177709258,4
4,ana_hemo,4,13.125,3.1331892697377857,4
4,ana_plaq,5,261.4,100.22494699424888,4
4,ana_leuc,8,8.872499999999999,2.526790206962185,4
4,ana_neu,1034,6.06605415860735,3.0923837776707903,4
4,protcrea,1323,9.384399092970522,30.754884893628148,4
4,splanchnic,466,0.01072961373390558,0.10302664278247042,4
5,raza,438,2.9200913242009134,0.6342636696349513,4
5,ant_inf,21,0.09523809523809523,0.2935435239509036,4
5,ant_isq,23,0.043478260869565216,0.20393111999232305,4
5,ant_clau,23,0.0,0.0,4
5,fum_act,32,0.1875,0.3903123748998999,4
5,diabetes,21,0.047619047619047616,0.21295885499998,4
5,hip_art,21,0.38095238095238093,0.4856209060564557,4
5,insf_car,4,0.0,0.0,4
5,fibr_aur,181,0.03314917127071823,0.1790259861438635,4
5,trat_est,25,0.04,0.19595917942265426,4
5,var171,24,0.041666666666666664,0.19982631347136334,4
5,tv_l_esu,361,0.0110803324099723,0.10467835804815062,4
5,tvp_orig,1294,0.30139103554868624,0.45886215712300443,4
5,tv_l_ein,286,0.47202797202797203,0.4992169524877256,4
5,tvp_prox,556,0.8687050359712231,0.33772266203122814,4
5,tv_l_svc,476,0.01050420168067227,0.10195029881135236,4
5,tv_l_vre,492,0.016260162601626018,0.12647438362686214,4
5,tv_l_vrn,486,0.01646090534979424,0.12723971056576386,4
5,tv_l_vca,935,0.06524064171122995,0.24694999570831513,4
5,tv_l_yug,948,0.014767932489451477,0.12062272032846248,4
5,tv_l_ova,952,0.012605042016806723,0.11156233653236769,4
5,tv_l_sup,949,0.006322444678609062,0.07926204244084928,4
5,tv_l_pul,948,0.005274261603375527,0.07243233924094047,4
5,tv_l_ove,490,0.0653061224489796,0.24706524000688257,4
5,fr_antfa,701,0.16119828815977175,0.367713747436958,4
5,fr_tvs_a,255,0.043137254901960784,0.20316602112923324,4
5,fr_viaje,7,0.0,0.0,4
5,fr_estro,10,0.1,0.30000000000000004,4
5,fr_varic,32,0.25,0.4330127018922193,4
5,ana_dime,193,1.5647668393782384,0.535962716724798,4
5,ana_crea,51,0.9215686274509803,0.2688492000157272,4
5,ana_trop,844,0.8127962085308057,0.3900750337162746,4
5,tension_,68,131.5,19.661473225874115,4
5,ana_hemo,4,15.475,1.1098986440211551,4
5,ana_plaq,5,206.2,55.155779388927144,4
5,ana_leuc,8,9.411249999999999,2.351182880488032,4
5,ana_neu,1034,6.560493230174081,3.0317452328833374,4
5,protcrea,1323,13.991291005291005,40.38539591285153,4
5,splanchnic,466,0.030042918454935622,0.17070542318756515,4
1,raza,438,2.970319634703196,0.5290945035851984,5
1,ant_inf,21,0.0,0.0,5
1,ant_isq,23,0.0,0.0,5
1,ant_clau,23,0.0,0.0,5
1,fum_act,32,0.34375,0.47495887979908324,5
1,diabetes,21,0.0,0.0,5
1,hip_art,21,0.23809523809523808,0.4259177099999599,5
1,insf_car,4,0.0,0.0,5
1,fibr_aur,181,0.0055248618784530384,0.07412380035910907,5
1,trat_est,25,0.16,0.36660605559646714,5
1,var171,24,0.041666666666666664,0.19982631347136331,5
1,tv_l_esu,361,0.013850415512465374,0.11686993412592234,5
1,tvp_orig,1294,0.3083462132921175,0.4618103788791775,5
1,tv_l_ein,286,0.36363636363636365,0.48104569292083466,5
1,tvp_prox,556,0.8651079136690647,0.34160827182055,5
1,tv_l_svc,476,0.012605042016806723,0.11156233653236769,5
1,tv_l_vre,492,0.01016260162601626,0.1002961771664661,5
1,tv_l_vrn,486,0.012345679012345678,0.11042310999998962,5
1,tv_l_vca,935,0.06417112299465241,0.24505752379442994,5
1,tv_l_yug,948,0.013713080168776372,0.11629716935962404,5
1,tv_l_ova,952,0.0021008403361344537,0.04578675360862052,5
1,tv_l_sup,949,0.0136986301369863,0.11623673115395303,5
1,tv_l_pul,948,0.007383966244725738,0.08561216786895712,5
1,tv_l_ove,490,0.03469387755102041,0.1830033125697325,5
1,fr_antfa,701,0.14693295292439373,0.35403906602140905,5
1,fr_tvs_a,255,0.058823529411764705,0.23529411764705888,5
1,fr_viaje,7,0.0,0.0,5
1,fr_estro,10,0.1,0.30000000000000004,5
1,fr_varic,32,0.21875,0.41339864235384227,5
1,ana_dime,193,1.538860103626943,0.6190354741473537,5
1,ana_crea,51,0.9803921568627451,0.1386483884679505,5
1,ana_trop,844,0.8779620853080569,0.3273295924134956,5
1,tension_,68,138.6764705882353,23.383277821146027,5
1,ana_hemo,4,12.25,1.3009611831257688,5
1,ana_plaq,5,243.6,49.870231601627836,5
1,ana_leuc,8,6.6425,1.9414475913606322,5
1,ana_neu,1034,6.440918762088975,3.131544231194952,5
1,protcrea,1323,27.893575207860927,50.61993979405539,5
1,splanchnic,466,0.027896995708154508,0.16467772569055514,5
2,raza,438,2.9315068493150687,0.5772419178197705,5
2,ant_inf,21,0.0,0.0,5
2,ant_isq,23,0.043478260869565216,0.20393111999232305,5
2,ant_clau,23,0.0,0.0,5
2,fum_act,32,0.15625,0.3630921887069453,5
2,diabetes,21,0.09523809523809523,0.2935435239509036,5
2,hip_art,21,0.38095238095238093,0.4856209060564557,5
2,insf_car,4,0.0,0.0,5
2,fibr_aur,181,0.027624309392265192,0.16389388921758372,5
2,trat_est,25,0.2,0.4,5
2,var171,24,0.0,0.0,5
2,tv_l_esu,361,0.008310249307479225,0.0907809950591354,5
2,tvp_orig,1294,0.3083462132921175,0.4618103788791775,5
2,tv_l_ein,286,0.4405594405594406,0.49645424753283485,5
2,tvp_prox,556,0.8974820143884892,0.3033282845988301,5
2,tv_l_svc,476,0.01050420168067227,0.10195029881135236,5
2,tv_l_vre,492,0.018292682926829267,0.13400768887704825,5
2,tv_l_vrn,486,0.006172839506172839,0.0783245527188242,5
2,tv_l_vca,935,0.038502673796791446,0.19240638738692983,5
2,tv_l_yug,948,0.015822784810126583,0.12478951995652125,5
2,tv_l_ova,952,0.008403361344537815,0.0912838696739514,5
2,tv_l_sup,949,0.0136986301369863,0.11623673115395301,5
2,tv_l_pul,948,0.0,0.0,5
2,tv_l_ove,490,0.04897959183673469,0.21582537251269035,5
2,fr_antfa,701,0.1312410841654779,0.3376638298552983,5
2,fr_tvs_a,255,0.058823529411764705,0.23529411764705882,5
2,fr_viaje,7,0.0,0.0,5
2,fr_estro,10,0.0,0.0,5
2,fr_varic,32,0.21875,0.41339864235384227,5
2,ana_dime,193,1.538860103626943,0.5287513359299035,5
2,ana_crea,51,0.9215686274509803,0.2688492000157272,5
2,ana_trop,844,0.8388625592417062,0.36765767494254925,5
2,tension_,68,135.02941176470588,21.364463752191046,5
2,ana_hemo,4,13.55,3.3018933962198114,5
2,ana_plaq,5,197.6,51.902215752316394,5
2,ana_leuc,8,7.022499999999999,1.2714828941043606,5
2,ana_neu,1034,6.735764023210832,3.1837995448824774,5
2,protcrea,1323,34.552418745275894,56.54611626447591,5
2,splanchnic,466,0.015021459227467811,0.12163804910530808,5
3,raza,438,2.942922374429224,0.5181038914890499,5
3,ant_inf,21,0.047619047619047616,0.21295885499997996,5
3,ant_isq,23,0.0,0.0,5
3,ant_clau,23,0.08695652173913043,0.2817713347133853,5
3,fum_act,32,0.3125,0.46351240544347894,5
3,diabetes,21,0.14285714285714285,0.3499271061118826,5
3,hip_art,21,0.19047619047619047,0.392676726249301,5
3,insf_car,4,0.0,0.0,5
3,fibr_aur,181,0.016574585635359115,0.1276709393181364,5
3,trat_est,25,0.16,0.36660605559646714,5
3,var171,24,0.041666666666666664,0.19982631347136331,5
3,tv_l_esu,361,0.008310249307479225,0.0907809950591354,5
3,tvp_orig,1294,0.28516228748068007,0.45149170233733643,5
3,tv_l_ein,286,0.486013986013986,0.49980435313508725,5
3,tvp_prox,556,0.8866906474820144,0.316970571425709,5
3,tv_l_svc,476,0.02100840336134454,0.14341216946114294,5
3,tv_l_vre,492,0.008130081300813009,0.0897996830665631,5
3,tv_l_vrn,486,0.00411522633744856,0.06401789788520183,5
3,tv_l_vca,935,0.0427807486631016,0.20236243773716045,5
3,tv_l_yug,948,0.015822784810126583,0.12478951995652124,5
3,tv_l_ova,952,0.0021008403361344537,0.04578675360862052,5
3,tv_l_sup,949,0.014752370916754479,0.12056010313984046,5
3,tv_l_pul,948,0.005274261603375527,0.07243233924094046,5
3,tv_l_ove,490,0.04081632653061224,0.19786448397617667,5
3,fr_antfa,701,0.12268188302425106,0.3280716973496419,5
3,fr_tvs_a,255,0.03529411764705882,0.18452220166303673,5
3,fr_viaje,7,0.0,0.0,5
3,fr_estro,10,0.0,0.0,5
3,fr_varic,32,0.125,0.33071891388307384,5
3,ana_dime,193,1.5129533678756477,0.5397063900518045,5
3,ana_crea,51,0.9411764705882353,0.23529411764705882,5
3,ana_trop,844,0.8471563981042654,0.3598366785852615,5
3,tension_,68,129.16176470588235,20.020291393335125,5
3,ana_hemo,4,13.275,1.3179055353097202,5
3,ana_plaq,5,250.6,43.26476626540354,5
3,ana_leuc,8,7.21875,2.1141809140894257,5
3,ana_neu,1034,6.622969052224371,3.1136503583684476,5
3,protcrea,1323,25.31392290249433,31.709996258135337,5
3,splanchnic,466,0.02575107296137339,0.1583917775729265,5
4,raza,438,2.970319634703196,0.5864025361160513,5
4,ant_inf,21,0.0,0.0,5
4,ant_isq,23,0.0,0.0,5
4,ant_clau,23,0.0,0.0,5
4,fum_act,32,0.3125,0.46351240544347894,5
4,diabetes,21,0.047619047619047616,0.21295885499998,5
4,hip_art,21,0.23809523809523808,0.4259177099999599,5
4,insf_car,4,0.25,0.4330127018922193,5
4,fibr_aur,181,0.016574585635359115,0.1276709393181364,5
4,trat_est,25,0.12,0.32496153618543844,5
4,var171,24,0.041666666666666664,0.19982631347136334,5
4,tv_l_esu,361,0.01662049861495845,0.1278446621519593,5
4,tvp_orig,1294,0.33539412673879443,0.47212806153406717,5
4,tv_l_ein,286,0.5594405594405595,0.49645424753283485,5
4,tvp_prox,556,0.8561151079136691,0.3509729760474955,5
4,tv_l_svc,476,0.018907563025210083,0.13619863099773724,5
4,tv_l_vre,492,0.008130081300813009,0.08979968306656308,5
4,tv_l_vrn,486,0.0102880658436214,0.10090699452871792,5
4,tv_l_vca,935,0.026737967914438502,0.16131661100533,5
4,tv_l_yug,948,0.00949367088607595,0.0969718572534466,5
4,tv_l_ova,952,0.01365546218487395,0.11605598018797408,5
4,tv_l_sup,949,0.020021074815595362,0.14007223628836551,5
4,tv_l_pul,948,0.005274261603375527,0.07243233924094047,5
4,tv_l_ove,490,0.0673469387755102,0.25062188374736527,5
4,fr_antfa,701,0.12696148359486448,0.33292982034995816,5
4,fr_tvs_a,255,0.050980392156862744,0.21995770450792404,5
4,fr_viaje,7,0.0,0.0,5
4,fr_estro,10,0.0,0.0,5
4,fr_varic,32,0.25,0.4330127018922193,5
4,ana_dime,193,1.5233160621761659,0.5674462277152118,5
4,ana_crea,51,0.9019607843137255,0.29736766447260987,5
4,ana_trop,844,0.8412322274881516,0.3654593916202925,5
4,tension_,68,136.01470588235293,24.1426475514979,5
4,ana_hemo,4,14.4,1.5684387141358116,5
4,ana_plaq,5,184.6,52.29378548164208,5
4,ana_leuc,8,7.37625,1.9569679193844745,5
4,ana_neu,1034,6.427205029013539,3.0957205787781072,5
4,protcrea,1323,13.148834467120182,21.555327891708913,5
4,splanchnic,466,0.015021459227467811,0.1216380491053081,5
5,raza,438,2.9360730593607305,0.5016184893099346,5
5,ant_inf,21,0.047619047619047616,0.21295885499997996,5
5,ant_isq,23,0.0,0.0,5
5,ant_clau,23,0.08695652173913043,0.2817713347133853,5
5,fum_act,32,0.15625,0.3630921887069453,5
5,diabetes,21,0.14285714285714285,0.34992710611188255,5
5,hip_art,21,0.3333333333333333,0.4714045207910317,5
5,insf_car,4,0.0,0.0,5
5,fibr_aur,181,0.016574585635359115,0.1276709393181364,5
5,trat_est,25,0.08,0.2712931993250107,5
5,var171,24,0.08333333333333333,0.2763853991962833,5
5,tv_l_esu,361,0.036011080332409975,0.18631769219723257,5
5,tvp_orig,1294,0.4319938176197836,0.4953535698448823,5
5,tv_l_ein,286,0.4825174825174825,0.4996942681104852,5
5,tvp_prox,556,0.8525179856115108,0.3545857721629601,5
5,tv_l_svc,476,0.012605042016806723,0.11156233653236769,5
5,tv_l_vre,492,0.008130081300813009,0.08979968306656308,5
5,tv_l_vrn,486,0.006172839506172839,0.0783245527188242,5
5,tv_l_vca,935,0.04919786096256684,0.21628090863336683,5
5,tv_l_yug,948,0.012658227848101266,0.11179444134592212,5
5,tv_l_ova,952,0.0063025210084033615,0.07913784958755195,5
5,tv_l_sup,949,0.005268703898840885,0.07239436896656552,5
5,tv_l_pul,948,0.011603375527426161,0.10709219020916366,5
5,tv_l_ove,490,0.05102040816326531,0.22003937400865128,5
5,fr_antfa,701,0.14693295292439373,0.35403906602140905,5
5,fr_tvs_a,255,0.08235294117647059,0.2749016810717158,5
5,fr_viaje,7,0.0,0.0,5
5,fr_estro,10,0.0,0.0,5
5,fr_varic,32,0.1875,0.3903123748998999,5
5,ana_dime,193,1.5233160621761659,0.5296644637373282,5
5,ana_crea,51,0.9215686274509803,0.2688492000157272,5
5,ana_trop,844,0.8341232227488151,0.37196998806348025,5
5,tension_,68,126.86764705882354,18.896704047940013,5
5,ana_hemo,4,13.4,3.0356218473321075,5
5,ana_plaq,5,309.4,183.67209913321074,5
5,ana_leuc,8,6.93,2.1464913230665528,5
5,ana_neu,1034,6.4878916827853,3.192740920882954,5
5,protcrea,1323,22.758027210884354,27.396004210012023,5
5,splanchnic,466,0.017167381974248927,0.12989481502507774,5
1,raza,438,2.9315068493150687,0.510047910453178,6
1,ant_inf,21,0.047619047619047616,0.21295885499998,6
1,ant_isq,23,0.08695652173913043,0.2817713347133853,6
1,ant_clau,23,0.0,0.0,6
1,fum_act,32,0.28125,0.4496092053105675,6
1,diabetes,21,0.09523809523809523,0.2935435239509036,6
1,hip_art,21,0.23809523809523808,0.4259177099999599,6
1,insf_car,4,0.25,0.4330127018922193,6
1,fibr_aur,181,0.0055248618784530384,0.07412380035910907,6
1,trat_est,25,0.08,0.2712931993250107,6
1,var171,24,0.041666666666666664,0.19982631347136331,6
1,tv_l_esu,361,0.008310249307479225,0.0907809950591354,6
1,tvp_orig,1294,0.26275115919629055,0.4401283762009627,6
1,tv_l_ein,286,0.4160839160839161,0.49290779143790053,6
1,tvp_prox,556,0.8435251798561151,0.363304900606672,6
1,tv_l_svc,476,0.012605042016806723,0.11156233653236769,6
1,tv_l_vre,492,0.018292682926829267,0.13400768887704825,6
1,tv_l_vrn,486,0.0205761316872428,0.14196039761860363,6
1,tv_l_vca,935,0.020320855614973262,0.141095423178956,6
1,tv_l_yug,948,0.022151898734177215,0.147177417142196,6
1,tv_l_ova,952,0.0,0.0,6
1,tv_l_sup,949,0.002107481559536354,0.04585891495677332,6
1,tv_l_pul,948,0.002109704641350211,0.045883044664412544,6
1,tv_l_ove,490,0.036734693877551024,0.18810969178453738,6
1,fr_antfa,701,0.1312410841654779,0.3376638298552983,6
1,fr_tvs_a,255,0.03137254901960784,0.1743224374187676,6
1,fr_viaje,7,0.0,0.0,6
1,fr_estro,10,0.0,0.0,6
1,fr_varic,32,0.125,0.33071891388307384,6
1,ana_dime,193,1.5077720207253886,0.5202547301994288,6
1,ana_crea,51,0.8823529411764706,0.32218973970892123,6
1,ana_trop,844,0.8424170616113744,0.3643494969358846,6
1,tension_,68,130.7941176470588,19.33722318979748,6
1,ana_hemo,4,14.899999999999999,0.6519202405202652,6
1,ana_plaq,5,306.0,59.54158210864068,6
1,ana_leuc,8,10.51625,1.8999469564964175,6
1,ana_neu,1034,6.111392649903289,3.0698113580901554,6
1,protcrea,1323,21.08014965986394,45.80133339688929,6
1,splanchnic,466,0.023605150214592276,0.1518155034834677,6
2,raza,438,2.874429223744292,0.5969741190973022,6
2,ant_inf,21,0.0,0.0,6
2,ant_isq,23,0.043478260869565216,0.20393111999232305,6
2,ant_clau,23,0.043478260869565216,0.20393111999232305,6
2,fum_act,32,0.21875,0.41339864235384227,6
2,diabetes,21,0.09523809523809523,0.2935435239509036,6
2,hip_art,21,0.23809523809523808,0.4259177099999599,6
2,insf_car,4,0.0,0.0,6
2,fibr_aur,181,0.0,0.0,6
2,trat_est,25,0.28,0.448998886412873,6
2,var171,24,0.125,0.33071891388307384,6
2,tv_l_esu,361,0.0221606648199446,0.1472058754081598,6
2,tvp_orig,1294,0.23183925811437403,0.4220068915448546,6
2,tv_l_ein,286,0.46153846153846156,0.4985185152621431,6
2,tvp_prox,556,0.8938848920863309,0.3079848888925225,6
2,tv_l_svc,476,0.01680672268907563,0.12854671042670884,6
2,tv_l_vre,492,0.02032520325203252,0.1411102029082096,6
2,tv_l_vrn,486,0.00411522633744856,0.06401789788520183,6
2,tv_l_vca,935,0.05668449197860963,0.2312387518296546,6
2,tv_l_yug,948,0.015822784810126583,0.12478951995652125,6
2,tv_l_ova,952,0.0,0.0,6
2,tv_l_sup,949,0.005268703898840885,0.07239436896656552,6
2,tv_l_pul,948,0.0,0.0,6
2,tv_l_ove,490,0.05102040816326531,0.22003937400865128,6
2,fr_antfa,701,0.1398002853067047,0.3467797075015617,6
2,fr_tvs_a,255,0.0392156862745098,0.1941077438551307,6
2,fr_viaje,7,0.0,0.0,6
2,fr_estro,10,0.0,0.0,6
2,fr_varic,32,0.15625,0.3630921887069453,6
2,ana_dime,193,1.455958549222798,0.5930322871637098,6
2,ana_crea,51,0.9215686274509803,0.2688492000157272,6
2,ana_trop,844,0.8447867298578199,0.3621078719303831,6
2,tension_,68,134.9558823529412,18.596674136181868,6
2,ana_hemo,4,13.45,1.9805302320338354,6
2,ana_plaq,5,239.2,46.49042912256242,6
2,ana_leuc,8,9.993749999999999,2.843716483318968,6
2,ana_neu,1034,6.262514506769826,3.119720524835158,6
2,protcrea,1323,31.507709750566892,51.66113546108091,6
2,splanchnic,466,0.030042918454935622,0.17070542318756515,6
3,raza,438,2.9269406392694064,0.5183000410470396,6
3,ant_inf,21,0.047619047619047616,0.21295885499998,6
3,ant_isq,23,0.0,0.0,6
3,ant_clau,23,0.043478260869565216,0.20393111999232302,6
3,fum_act,32,0.1875,0.3903123748998999,6
3,diabetes,21,0.09523809523809523,0.2935435239509036,6
3,hip_art,21,0.2857142857142857,0.45175395145262565,6
3,insf_car,4,0.0,0.0,6
3,fibr_aur,181,0.011049723756906077,0.10453529242223483,6
3,trat_est,25,0.24,0.4270831300812524,6
3,var171,24,0.0,0.0,6
3,tv_l_esu,361,0.0110803324099723,0.10467835804815062,6
3,tvp_orig,1294,0.2921174652241113,0.4547360242329075,6
3,tv_l_ein,286,0.4020979020979021,0.49032150597987034,6
3,tvp_prox,556,0.8651079136690647,0.34160827182055004,6
3,tv_l_svc,476,0.008403361344537815,0.09128386967395141,6
3,tv_l_vre,492,0.012195121951219513,0.1097560975609756,6
3,tv_l_vrn,486,0.012345679012345678,0.11042310999998962,6
3,tv_l_vca,935,0.05454545454545454,0.22709083630539628,6
3,tv_l_yug,948,0.028481012658227847,0.16634255191077754,6
3,tv_l_ova,952,0.0,0.0,6
3,tv_l_sup,949,0.009483667017913594,0.09692124162332491,6
3,tv_l_pul,948,0.0031645569620253164,0.05616531439651533,6
3,tv_l_ove,490,0.04897959183673469,0.21582537251269038,6
3,fr_antfa,701,0.12981455064194009,0.3360992905133411,6
3,fr_tvs_a,255,0.0392156862745098,0.1941077438551307,6
3,fr_viaje,7,0.0,0.0,6
3,fr_estro,10,0.0,0.0,6
3,fr_varic,32,0.09375,0.2914805954090255,6
3,ana_dime,193,1.544041450777202,0.5283449947855982,6
3,ana_crea,51,0.9019607843137255,0.29736766447260987,6
3,ana_trop,844,0.8483412322274881,0.35868981854833176,6
3,tension_,68,129.1764705882353,18.7866826865943,6
3,ana_hemo,4,13.4,1.9659603251337503,6
3,ana_plaq,5,300.0,119.17214439624723,6
3,ana_leuc,8,9.08625,2.2943405234402325,6
3,ana_neu,1034,7.058965183752417,3.0630011440512077,6
3,protcrea,1323,75.68789871504157,64.93146548435435,6
3,splanchnic,466,0.04721030042918455,0.21208839657692427,6
4,raza,438,2.8881278538812785,0.7332891199418375,6
4,ant_inf,21,0.047619047619047616,0.21295885499997996,6
4,ant_isq,23,0.0,0.0,6
4,ant_clau,23,0.0,0.0,6
4,fum_act,32,0.375,0.4841229182759271,6
4,diabetes,21,0.0,0.0,6
4,hip_art,21,0.19047619047619047,0.392676726249301,6
4,insf_car,4,0.0,0.0,6
4,fibr_aur,181,0.027624309392265192,0.16389388921758372,6
4,trat_est,25,0.2,0.4,6
4,var171,24,0.08333333333333333,0.2763853991962833,6
4,tv_l_esu,361,0.0110803324099723,0.10467835804815061,6
4,tvp_orig,1294,0.28979907264296756,0.4536690094531955,6
4,tv_l_ein,286,0.4195804195804196,0.4934903150874783,6
4,tvp_prox,556,0.8597122302158273,0.34728534583704457,6
4,tv_l_svc,476,0.025210084033613446,0.15676267316115658,6
4,tv_l_vre,492,0.022357723577235773,0.14784402515380757,6
4,tv_l_vrn,486,0.00411522633744856,0.06401789788520183,6
4,tv_l_vca,935,0.08342245989304813,0.2765197155329813,6
4,tv_l_yug,948,0.010548523206751054,0.10216286930635657,6
4,tv_l_ova,952,0.01050420168067227,0.10195029881135236,6
4,tv_l_sup,949,0.01791359325605901,0.13263746240303112,6
4,tv_l_pul,948,0.004219409282700422,0.06481979534066336,6
4,tv_l_ove,490,0.03877551020408163,0.1930594986331799,6
4,fr_antfa,701,0.14265335235378032,0.3497189920722187,6
4,fr_tvs_a,255,0.054901960784313725,0.22778879578757033,6
4,fr_viaje,7,0.0,0.0,6
4,fr_estro,10,0.0,0.0,6
4,fr_varic,32,0.0625,0.24206145913796356,6
4,ana_dime,193,1.5647668393782384,0.5733295831553598,6
4,ana_crea,51,0.9019607843137255,0.29736766447260987,6
4,ana_trop,844,0.8483412322274881,0.35868981854833176,6
4,tension_,68,134.61764705882354,20.74993225486086,6
4,ana_hemo,4,13.0,1.7131841699011814,6
4,ana_plaq,5,198.4,64.21090250105507,6
4,ana_leuc,8,9.93125,2.3606960705478373,6
4,ana_neu,1034,6.395783365570599,2.982997955770897,6
4,protcrea,1323,32.054361300075584,48.44406651719145,6
4,splanchnic,466,0.027896995708154508,0.16467772569055514,6
5,raza,438,2.856164383561644,0.6117912098041045,6
5,ant_inf,21,0.0,0.0,6
5,ant_isq,23,0.0,0.0,6
5,ant_clau,23,0.0,0.0,6
5,fum_act,32,0.15625,0.3630921887069453,6
5,diabetes,21,0.047619047619047616,0.21295885499998,6
5,hip_art,21,0.42857142857142855,0.4948716593053935,6
5,insf_car,4,0.0,0.0,6
5,fibr_aur,181,0.0055248618784530384,0.07412380035910908,6
5,trat_est,25,0.2,0.4,6
5,var171,24,0.08333333333333333,0.2763853991962833,6
5,tv_l_esu,361,0.01662049861495845,0.1278446621519593,6
5,tvp_orig,1294,0.22024729520865532,0.41441334940120683,6
5,tv_l_ein,286,0.48951048951048953,0.49988995806046205,6
5,tvp_prox,556,0.8902877697841727,0.31253072930017084,6
5,tv_l_svc,476,0.01050420168067227,0.10195029881135236,6
5,tv_l_vre,492,0.016260162601626018,0.12647438362686217,6
5,tv_l_vrn,486,0.0,0.0,6
5,tv_l_vca,935,0.058823529411764705,0.23529411764705885,6
5,tv_l_yug,948,0.012658227848101266,0.11179444134592212,6
5,tv_l_ova,952,0.01050420168067227,0.10195029881135236,6
5,tv_l_sup,949,0.01791359325605901,0.13263746240303112,6
5,tv_l_pul,948,0.0031645569620253164,0.05616531439651533,6
5,tv_l_ove,490,0.053061224489795916,0.22415559539177113,6
5,fr_antfa,701,0.14978601997146934,0.3568615532564077,6
5,fr_tvs_a,255,0.058823529411764705,0.23529411764705885,6
5,fr_viaje,7,0.0,0.0,6
5,fr_estro,10,0.0,0.0,6
5,fr_varic,32,0.21875,0.41339864235384227,6
5,ana_dime,193,1.544041450777202,0.5662148096942239,6
5,ana_crea,51,0.9019607843137255,0.29736766447260987,6
5,ana_trop,844,0.8886255924170616,0.31459521439222166,6
5,tension_,68,131.10294117647058,23.331460523786557,6
5,ana_hemo,4,13.3,3.045488466568212,6
5,ana_plaq,5,161.2,64.77777396607574,6
5,ana_leuc,8,9.6425,2.958262792586216,6
5,ana_neu,1034,7.301905222437138,3.2531025433209924,6
5,protcrea,1323,61.68829931972789,58.69158526447161,6
5,splanchnic,466,0.02575107296137339,0.1583917775729265,6
1,raza,438,2.958904109589041,0.7010433743519991,7
1,ant_inf,21,0.047619047619047616,0.21295885499998,7
1,ant_isq,23,0.08695652173913043,0.2817713347133853,7
1,ant_clau,23,0.0,0.0,7
1,fum_act,32,0.28125,0.4496092053105675,7
1,diabetes,21,0.0,0.0,7
1,hip_art,21,0.3333333333333333,0.4714045207910316,7
1,insf_car,4,0.0,0.0,7
1,fibr_aur,181,0.011049723756906077,0.10453529242223483,7
1,trat_est,25,0.12,0.32496153618543844,7
1,var171,24,0.0,0.0,7
1,tv_l_esu,361,0.01662049861495845,0.1278446621519593,7
1,tvp_orig,1294,0.42272024729520863,0.4939917406413657,7
1,tv_l_ein,286,0.43356643356643354,0.49556692913361056,7
1,tvp_prox,556,0.8938848920863309,0.3079848888925225,7
1,tv_l_svc,476,0.0063025210084033615,0.07913784958755195,7
1,tv_l_vre,492,0.0020325203252032522,0.045037641882439694,7
1,tv_l_vrn,486,0.0102880658436214,0.10090699452871792,7
1,tv_l_vca,935,0.0748663101604278,0.26317550372971726,7
1,tv_l_yug,948,0.015822784810126583,0.12478951995652125,7
1,tv_l_ova,952,0.0031512605042016808,0.05604756963005924,7
1,tv_l_sup,949,0.012644889357218124,0.11173627938302688,7
1,tv_l_pul,948,0.0031645569620253164,0.05616531439651533,7
1,tv_l_ove,490,0.06326530612244897,0.2434395349233189,7
1,fr_antfa,701,0.1312410841654779,0.3376638298552983,7
1,fr_tvs_a,255,0.043137254901960784,0.2031660211292332,7
1,fr_viaje,7,0.14285714285714285,0.34992710611188266,7
1,fr_estro,10,0.0,0.0,7
1,fr_varic,32,0.1875,0.3903123748998999,7
1,ana_dime,193,1.5544041450777202,0.5921715393393571,7
1,ana_crea,51,0.9607843137254902,0.1941077438551307,7
1,ana_trop,844,0.8483412322274881,0.35868981854833176,7
1,tension_,68,131.8235294117647,20.967019744232065,7
1,ana_hemo,4,13.375,2.1579793789561568,7
1,ana_plaq,5,244.0,57.9551550770076,7
1,ana_leuc,8,8.372499999999999,3.7429659028636637,7
1,ana_neu,1034,6.419990328820116,2.993434126926279,7
1,protcrea,1323,46.555795918367345,59.67499668692874,7
1,splanchnic,466,0.019313304721030045,0.13762376604999105,7
2,raza,438,2.9680365296803655,0.5764648036944313,7
2,ant_inf,21,0.0,0.0,7
2,ant_isq,23,0.0,0.0,7
2,ant_clau,23,0.0,0.0,7
2,fum_act,32,0.28125,0.4496092053105675,7
2,diabetes,21,0.047619047619047616,0.21295885499998,7
2,hip_art,21,0.3333333333333333,0.4714045207910317,7
2,insf_car,4,0.0,0.0,7
2,fibr_aur,181,0.0,0.0,7
2,trat_est,25,0.12,0.32496153618543844,7
2,var171,24,0.0,0.0,7
2,tv_l_esu,361,0.019390581717451522,0.13789339019006802,7
2,tvp_orig,1294,0.42581143740340033,0.4944654256668007,7
2,tv_l_ein,286,0.44755244755244755,0.4972416457239491,7
2,tvp_prox,556,0.8884892086330936,0.3147636172997647,7
2,tv_l_svc,476,0.008403361344537815,0.0912838696739514,7
2,tv_l_vre,492,0.01016260162601626,0.10029617716646609,7
2,tv_l_vrn,486,0.018518518518518517,0.13481684980149108,7
2,tv_l_vca,935,0.05668449197860963,0.23123875182965456,7
2,tv_l_yug,948,0.020042194092827006,0.14014458444325434,7
2,tv_l_ova,952,0.005252100840336135,0.07228081541528895,7
2,tv_l_sup,949,0.029504741833508957,0.16921646504654017,7
2,tv_l_pul,948,0.002109704641350211,0.04588304466441255,7
2,tv_l_ove,490,0.0326530612244898,0.1777268657720591,7
2,fr_antfa,701,0.1340941512125535,0.3407534443305575,7
2,fr_tvs_a,255,0.043137254901960784,0.20316602112923324,7
2,fr_viaje,7,0.0,0.0,7
2,fr_estro,10,0.0,0.0,7
2,fr_varic,32,0.15625,0.3630921887069453,7
2,ana_dime,193,1.4404145077720207,0.5461346359814035,7
2,ana_crea,51,0.9019607843137255,0.29736766447260987,7
2,ana_trop,844,0.8388625592417062,0.36765767494254925,7
2,tension_,68,131.60294117647058,21.68771657351254,7
2,ana_hemo,4,14.0,2.5758493744782522,7
2,ana_plaq,5,262.6,109.14687352370657,7
2,ana_leuc,8,8.355,3.9635716216564068,7
2,ana_neu,1034,6.603955512572534,3.084081943338076,7
2,protcrea,1323,25.867362055933487,49.76066635881041,7
2,splanchnic,466,0.03648068669527897,0.18748292240500167,7
3,raza,438,2.8835616438356166,0.6429484804268087,7
3,ant_inf,21,0.0,0.0,7
3,ant_isq,23,0.0,0.0,7
3,ant_clau,23,0.0,0.0,7
3,fum_act,32,0.21875,0.41339864235384227,7
3,diabetes,21,0.09523809523809523,0.29354352395090366,7
3,hip_art,21,0.19047619047619047,0.392676726249301,7
3,insf_car,4,0.0,0.0,7
3,fibr_aur,181,0.027624309392265192,0.16389388921758372,7
3,trat_est,25,0.2,0.4,7
3,var171,24,0.041666666666666664,0.19982631347136331,7
3,tv_l_esu,361,0.013850415512465374,0.11686993412592234,7
3,tvp_orig,1294,0.482225656877898,0.49968397285342037,7
3,tv_l_ein,286,0.4965034965034965,0.4999877743138315,7
3,tvp_prox,556,0.8489208633093526,0.3581259989828386,7
3,tv_l_svc,476,0.01050420168067227,0.10195029881135236,7
3,tv_l_vre,492,0.01016260162601626,0.10029617716646609,7
3,tv_l_vrn,486,0.0205761316872428,0.14196039761860363,7
3,tv_l_vca,935,0.053475935828877004,0.22498057719746126,7
3,tv_l_yug,948,0.007383966244725738,0.0856121678689571,7
3,tv_l_ova,952,0.0,0.0,7
3,tv_l_sup,949,0.01791359325605901,0.13263746240303112,7
3,tv_l_pul,948,0.015822784810126583,0.12478951995652125,7
3,tv_l_ove,490,0.024489795918367346,0.15456405084703256,7
3,fr_antfa,701,0.17261055634807418,0.3779102435569622,7
3,fr_tvs_a,255,0.06666666666666667,0.24944382578492943,7
3,fr_viaje,7,0.0,0.0,7
3,fr_estro,10,0.0,0.0,7
3,fr_varic,32,0.125,0.33071891388307384,7
3,ana_dime,193,1.6269430051813472,0.5247249285459964,7
3,ana_crea,51,0.9019607843137255,0.2973676644726098,7
3,ana_trop,844,0.8246445497630331,0.38027084598895755,7
3,tension_,68,129.30882352941177,23.544237057418467,7
3,ana_hemo,4,14.075,1.9536824204563037,7
3,ana_plaq,5,250.6,77.69066868035054,7
3,ana_leuc,8,8.4075,3.6072868959926105,7
3,ana_neu,1034,6.455899419729207,3.224179234249309,7
3,protcrea,1323,41.95648223733938,57.74550435104113,7
3,splanchnic,466,0.012875536480686695,0.11273755825376562,7
4,raza,438,2.910958904109589,0.6147490806020632,7
4,ant_inf,21,0.047619047619047616,0.21295885499998,7
4,ant_isq,23,0.043478260869565216,0.20393111999232305,7
4,ant_clau,23,0.043478260869565216,0.20393111999232305,7
4,fum_act,32,0.15625,0.3630921887069453,7
4,diabetes,21,0.09523809523809523,0.29354352395090366,7
4,hip_art,21,0.23809523809523808,0.4259177099999599,7
4,insf_car,4,0.0,0.0,7
4,fibr_aur,181,0.0055248618784530384,0.07412380035910908,7
4,trat_est,25,0.08,0.2712931993250107,7
4,var171,24,0.041666666666666664,0.19982631347136331,7
4,tv_l_esu,361,0.0110803324099723,0.10467835804815064,7
4,tvp_orig,1294,0.4891808346213292,0.499882931955582,7
4,tv_l_ein,286,0.46503496503496505,0.4987759480266605,7
4,tvp_prox,556,0.9046762589928058,0.2936615831319916,7
4,tv_l_svc,476,0.008403361344537815,0.09128386967395141,7
4,tv_l_vre,492,0.012195121951219513,0.1097560975609756,7
4,tv_l_vrn,486,0.00205761316872428,0.0453142295175828,7
4,tv_l_vca,935,0.044919786096256686,0.2071279771381047,7
4,tv_l_yug,948,0.02531645569620253,0.15708447653152982,7
4,tv_l_ova,952,0.0,0.0,7
4,tv_l_sup,949,0.008429926238145416,0.09142681544144936,7
4,tv_l_pul,948,0.0031645569620253164,0.056165314396515335,7
4,tv_l_ove,490,0.05510204081632653,0.2281793284112354,7
4,fr_antfa,701,0.12838801711840228,0.33452135085642454,7
4,fr_tvs_a,255,0.06666666666666667,0.24944382578492943,7
4,fr_viaje,7,0.0,0.0,7
4,fr_estro,10,0.0,0.0,7
4,fr_varic,32,0.125,0.33071891388307384,7
4,ana_dime,193,1.544041450777202,0.5569887937979975,7
4,ana_crea,51,0.9215686274509803,0.2688492000157272,7
4,ana_trop,844,0.8258293838862559,0.37925613059817886,7
4,tension_,68,134.13235294117646,20.228768398848608,7
4,ana_hemo,4,13.55,1.9563997546513852,7
4,ana_plaq,5,265.6,37.84494682252837,7
4,ana_leuc,8,8.54875,3.3447624635390776,7
4,ana_neu,1034,6.58416827852998,3.1085552900060662,7
4,protcrea,1323,61.401667422524554,63.19104073233584,7
4,splanchnic,466,0.019313304721030045,0.13762376604999108,7
5,raza,438,2.8835616438356166,0.5754919353572426,7
5,ant_inf,21,0.047619047619047616,0.21295885499997996,7
5,ant_isq,23,0.043478260869565216,0.20393111999232305,7
5,ant_clau,23,0.0,0.0,7
5,fum_act,32,0.34375,0.47495887979908324,7
5,diabetes,21,0.047619047619047616,0.21295885499998,7
5,hip_art,21,0.23809523809523808,0.4259177099999599,7
5,insf_car,4,0.0,0.0,7
5,fibr_aur,181,0.0055248618784530384,0.07412380035910905,7
5,trat_est,25,0.2,0.4,7
5,var171,24,0.0,0.0,7
5,tv_l_esu,361,0.002770083102493075,0.0525586314709426,7
5,tvp_orig,1294,0.490726429675425,0.4999139934963165,7
5,tv_l_ein,286,0.45454545454545453,0.49792959773196915,7
5,tvp_prox,556,0.8776978417266187,0.3276344614887971,7
5,tv_l_svc,476,0.01050420168067227,0.10195029881135236,7
5,tv_l_vre,492,0.008130081300813009,0.08979968306656308,7
5,tv_l_vrn,486,0.018518518518518517,0.1348168498014911,7
5,tv_l_vca,935,0.06096256684491978,0.2392616398184182,7
5,tv_l_yug,948,0.017932489451476793,0.13270612372286922,7
5,tv_l_ova,952,0.011554621848739496,0.10686960542021351,7
5,tv_l_sup,949,0.006322444678609062,0.07926204244084928,7
5,tv_l_pul,948,0.0,0.0,7
5,tv_l_ove,490,0.06938775510204082,0.25411236597997355,7
5,fr_antfa,701,0.12696148359486448,0.33292982034995816,7
5,fr_tvs_a,255,0.050980392156862744,0.21995770450792404,7
5,fr_viaje,7,0.0,0.0,7
5,fr_estro,10,0.0,0.0,7
5,fr_varic,32,0.21875,0.41339864235384227,7
5,ana_dime,193,1.4922279792746114,0.558673215302965,7
5,ana_crea,51,0.9607843137254902,0.1941077438551307,7
5,ana_trop,844,0.8293838862559242,0.37617317218927826,7
5,tension_,68,135.98529411764707,25.196575775208977,7
5,ana_hemo,4,14.075,2.0644309143199733,7
5,ana_plaq,5,216.2,22.03088740836374,7
5,ana_leuc,8,8.274999999999999,3.9977337330042375,7
5,ana_neu,1034,6.414574468085107,3.042080669472825,7
5,protcrea,1323,21.61654724111867,43.72969807878654,7
5,splanchnic,466,0.02145922746781116,0.14490938211273935,7
1,raza,438,2.9086757990867578,0.5897662875149795,8
1,ant_inf,21,0.0,0.0,8
1,ant_isq,23,0.043478260869565216,0.20393111999232305,8
1,ant_clau,23,0.0,0.0,8
1,fum_act,32,0.25,0.4330127018922193,8
1,diabetes,21,0.0,0.0,8
1,hip_art,21,0.2857142857142857,0.45175395145262565,8
1,insf_car,4,0.0,0.0,8
1,fibr_aur,181,0.03867403314917127,0.19281688802889665,8
1,trat_est,25,0.16,0.36660605559646714,8
1,var171,24,0.041666666666666664,0.19982631347136331,8
1,tv_l_esu,361,0.00554016620498615,0.07422582275332003,8
1,tvp_orig,1294,0.23183925811437403,0.4220068915448546,8
1,tv_l_ein,286,0.486013986013986,0.4998043531350872,8
1,tvp_prox,556,0.8884892086330936,0.3147636172997647,8
1,tv_l_svc,476,0.031512605042016806,0.17469848529819215,8
1,tv_l_vre,492,0.02032520325203252,0.1411102029082096,8
1,tv_l_vrn,486,0.00823045267489712,0.0903477300415644,8
1,tv_l_vca,935,0.0855614973262032,0.279715440227209,8
1,tv_l_yug,948,0.0189873417721519,0.1364801180559989,8
1,tv_l_ova,952,0.0031512605042016808,0.05604756963005924,8
1,tv_l_sup,949,0.007376185458377239,0.08556738482892219,8
1,tv_l_pul,948,0.002109704641350211,0.045883044664412544,8
1,tv_l_ove,490,0.02040816326530612,0.14139190265868387,8
1,fr_antfa,701,0.12553495007132667,0.33132450314143114,8
1,fr_tvs_a,255,0.06274509803921569,0.24250391896063225,8
1,fr_viaje,7,0.0,0.0,8
1,fr_estro,10,0.0,0.0,8
1,fr_varic,32,0.15625,0.3630921887069453,8
1,ana_dime,193,1.616580310880829,0.507084233353755,8
1,ana_crea,51,0.8823529411764706,0.32218973970892123,8
1,ana_trop,844,0.8471563981042654,0.3598366785852615,8
1,tension_,68,134.1764705882353,19.812311365938594,8
1,ana_hemo,4,14.25,1.3009611831257688,8
1,ana_plaq,5,311.8,131.44337183745705,8
1,ana_leuc,8,8.98875,5.619131244018065,8
1,ana_neu,1034,6.470618955512572,3.254839515941501,8
1,protcrea,1323,33.98962811791383,45.42509619465933,8
1,splanchnic,466,0.02145922746781116,0.14490938211273935,8
2,raza,438,2.91324200913242,0.6315581882016478,8
2,ant_inf,21,0.0,0.0,8
2,ant_isq,23,0.0,0.0,8
2,ant_clau,23,0.0,0.0,8
2,fum_act,32,0.28125,0.4496092053105675,8
2,diabetes,21,0.047619047619047616,0.21295885499997996,8
2,hip_art,21,0.14285714285714285,0.34992710611188255,8
2,insf_car,4,0.0,0.0,8
2,fibr_aur,181,0.022099447513812154,0.147007013211603,8
2,trat_est,25,0.08,0.2712931993250107,8
2,var171,24,0.041666666666666664,0.19982631347136334,8
2,tv_l_esu,361,0.002770083102493075,0.0525586314709426,8
2,tvp_orig,1294,0.18778979907264295,0.390544223407413,8
2,tv_l_ein,286,0.38461538461538464,0.48650425541051995,8
2,tvp_prox,556,0.8723021582733813,0.33375305683241635,8
2,tv_l_svc,476,0.01680672268907563,0.12854671042670884,8
2,tv_l_vre,492,0.032520325203252036,0.1773774327583043,8
2,tv_l_vrn,486,0.018518518518518517,0.13481684980149108,8
2,tv_l_vca,935,0.0374331550802139,0.189820741703731,8
2,tv_l_yug,948,0.013713080168776372,0.11629716935962406,8
2,tv_l_ova,952,0.008403361344537815,0.0912838696739514,8
2,tv_l_sup,949,0.004214963119072708,0.06478577934221033,8
2,tv_l_pul,948,0.0010548523206751054,0.03246135559795173,8
2,tv_l_ove,490,0.044897959183673466,0.20708001459536035,8
2,fr_antfa,701,0.1383737517831669,0.3452918426499784,8
2,fr_tvs_a,255,0.050980392156862744,0.219957704507924,8
2,fr_viaje,7,0.0,0.0,8
2,fr_estro,10,0.0,0.0,8
2,fr_varic,32,0.09375,0.2914805954090255,8
2,ana_dime,193,1.5595854922279793,0.5738912122694462,8
2,ana_crea,51,0.9215686274509803,0.2688492000157272,8
2,ana_trop,844,0.8353080568720379,0.3709022876671135,8
2,tension_,68,133.88235294117646,20.20449091878331,8
2,ana_hemo,4,12.625,2.8908260065247786,8
2,ana_plaq,5,232.0,71.69379331573968,8
2,ana_leuc,8,8.5075,5.386881635046384,8
2,ana_neu,1034,6.477137330754352,3.0619740738161827,8
2,protcrea,1323,56.35011337868482,56.40987666668187,8
2,splanchnic,466,0.02145922746781116,0.14490938211273935,8
3,raza,438,2.9337899543378994,0.5988571853819236,8
3,ant_inf,21,0.0,0.0,8
3,ant_isq,23,0.043478260869565216,0.20393111999232305,8
3,ant_clau,23,0.043478260869565216,0.20393111999232305,8
3,fum_act,32,0.3125,0.46351240544347894,8
3,diabetes,21,0.0,0.0,8
3,hip_art,21,0.3333333333333333,0.4714045207910316,8
3,insf_car,4,0.0,0.0,8
3,fibr_aur,181,0.016574585635359115,0.1276709393181364,8
3,trat_est,25,0.24,0.4270831300812524,8
3,var171,24,0.0,0.0,8
3,tv_l_esu,361,0.019390581717451522,0.13789339019006802,8
3,tvp_orig,1294,0.14528593508500773,0.35238889334296936,8
3,tv_l_ein,286,0.44755244755244755,0.4972416457239491,8
3,tvp_prox,556,0.8758992805755396,0.3296964222778157,8
3,tv_l_svc,476,0.004201680672268907,0.06468405175773384,8
3,tv_l_vre,492,0.02032520325203252,0.1411102029082096,8
3,tv_l_vrn,486,0.0,0.0,8
3,tv_l_vca,935,0.06524064171122995,0.24694999570831513,8
3,tv_l_yug,948,0.005274261603375527,0.07243233924094047,8
3,tv_l_ova,952,0.0063025210084033615,0.07913784958755195,8
3,tv_l_sup,949,0.004214963119072708,0.06478577934221033,8
3,tv_l_pul,948,0.008438818565400843,0.09147461345434091,8
3,tv_l_ove,490,0.036734693877551024,0.18810969178453735,8
3,fr_antfa,701,0.16405135520684735,0.37032216793171346,8
3,fr_tvs_a,255,0.050980392156862744,0.219957704507924,8
3,fr_viaje,7,0.0,0.0,8
3,fr_estro,10,0.0,0.0,8
3,fr_varic,32,0.21875,0.41339864235384227,8
3,ana_dime,193,1.5181347150259068,0.549076136445138,8
3,ana_crea,51,0.8823529411764706,0.32218973970892123,8
3,ana_trop,844,0.8566350710900474,0.35044461198397214,8
3,tension_,68,131.94117647058823,18.785071006881076,8
3,ana_hemo,4,14.3,1.6170961628796232,8
3,ana_plaq,5,216.4,82.41262039275296,8
3,ana_leuc,8,9.20875,5.451156843964408,8
3,ana_neu,1034,6.626073500967118,3.167305516435519,8
3,protcrea,1323,25.53634164777022,39.185327971885464,8
3,splanchnic,466,0.004291845493562232,0.06537144296878893,8
4,raza,438,2.904109589041096,0.5530583352927766,8
4,ant_inf,21,0.047619047619047616,0.21295885499998,8
4,ant_isq,23,0.0,0.0,8
4,ant_clau,23,0.0,0.0,8
4,fum_act,32,0.1875,0.3903123748998999,8
4,diabetes,21,0.14285714285714285,0.3499271061118826,8
4,hip_art,21,0.19047619047619047,0.392676726249301,8
4,insf_car,4,0.0,0.0,8
4,fibr_aur,181,0.011049723756906077,0.10453529242223483,8
4,trat_est,25,0.08,0.2712931993250107,8
4,var171,24,0.041666666666666664,0.19982631347136334,8
4,tv_l_esu,361,0.019390581717451522,0.13789339019006805,8
4,tvp_orig,1294,0.17001545595054096,0.37564637718001576,8
4,tv_l_ein,286,0.44755244755244755,0.49724164572394913,8
4,tvp_prox,556,0.9136690647482014,0.2808521049775991,8
4,tv_l_svc,476,0.02100840336134454,0.14341216946114294,8
4,tv_l_vre,492,0.014227642276422764,0.1184281067638798,8
4,tv_l_vrn,486,0.0102880658436214,0.10090699452871792,8
4,tv_l_vca,935,0.05668449197860963,0.2312387518296546,8
4,tv_l_yug,948,0.02109704641350211,0.1437079018221637,8
4,tv_l_ova,952,0.0063025210084033615,0.07913784958755195,8
4,tv_l_sup,949,0.022128556375131718,0.147101608991487,8
4,tv_l_pul,948,0.005274261603375527,0.07243233924094046,8
4,tv_l_ove,490,0.05102040816326531,0.22003937400865128,8
4,fr_antfa,701,0.1326676176890157,0.33921515429847304,8
4,fr_tvs_a,255,0.0392156862745098,0.1941077438551307,8
4,fr_viaje,7,0.0,0.0,8
4,fr_estro,10,0.1,0.30000000000000004,8
4,fr_varic,32,0.09375,0.2914805954090255,8
4,ana_dime,193,1.528497409326425,0.5580000568680894,8
4,ana_crea,51,0.9411764705882353,0.23529411764705882,8
4,ana_trop,844,0.8483412322274881,0.35868981854833176,8
4,tension_,68,129.11764705882354,24.90778841799152,8
4,ana_hemo,4,13.374999999999998,1.5690363284513205,8
4,ana_plaq,5,265.8,101.18379316866906,8
4,ana_leuc,8,9.502500000000001,4.628867977162451,8
4,ana_neu,1034,6.756779497098646,3.150904352041039,8
4,protcrea,1323,33.954606198034774,43.5006098238054,8
4,splanchnic,466,0.02145922746781116,0.14490938211273935,8
5,raza,438,2.91324200913242,0.6735430688771825,8
5,ant_inf,21,0.047619047619047616,0.21295885499997996,8
5,ant_isq,23,0.043478260869565216,0.20393111999232305,8
5,ant_clau,23,0.0,0.0,8
5,fum_act,32,0.25,0.4330127018922193,8
5,diabetes,21,0.09523809523809523,0.2935435239509036,8
5,hip_art,21,0.23809523809523808,0.4259177099999599,8
5,insf_car,4,0.5,0.5,8
5,fibr_aur,181,0.0055248618784530384,0.07412380035910907,8
5,trat_est,25,0.2,0.4,8
5,var171,24,0.041666666666666664,0.19982631347136331,8
5,tv_l_esu,361,0.0332409972299169,0.17926525969377768,8
5,tvp_orig,1294,0.12905718701700156,0.33526322419296195,8
5,tv_l_ein,286,0.46153846153846156,0.4985185152621431,8
5,tvp_prox,556,0.8992805755395683,0.30095684407700557,8
5,tv_l_svc,476,0.004201680672268907,0.06468405175773384,8
5,tv_l_vre,492,0.018292682926829267,0.13400768887704825,8
5,tv_l_vrn,486,0.01440329218106996,0.11914628552924633,8
5,tv_l_vca,935,0.05454545454545454,0.22709083630539628,8
5,tv_l_yug,948,0.015822784810126583,0.12478951995652124,8
5,tv_l_ova,952,0.004201680672268907,0.06468405175773384,8
5,tv_l_sup,949,0.005268703898840885,0.07239436896656552,8
5,tv_l_pul,948,0.002109704641350211,0.045883044664412544,8
5,tv_l_ove,490,0.06326530612244897,0.24343953492331885,8
5,fr_antfa,701,0.11840228245363767,0.32308386212159634,8
5,fr_tvs_a,255,0.03529411764705882,0.18452220166303673,8
5,fr_viaje,7,0.0,0.0,8
5,fr_estro,10,0.0,0.0,8
5,fr_varic,32,0.125,0.33071891388307384,8
5,ana_dime,193,1.5129533678756477,0.5585770994802659,8
5,ana_crea,51,0.9215686274509803,0.2688492000157272,8
5,ana_trop,844,0.8530805687203792,0.3540255809854616,8
5,tension_,68,128.66176470588235,21.807722791625938,8
5,ana_hemo,4,13.1,2.074849392124643,8
5,ana_plaq,5,192.0,84.84338512812887,8
5,ana_leuc,8,9.822500000000002,4.3352328368843125,8
5,ana_neu,1034,6.573278529980658,3.1168123666031944,8
5,protcrea,1323,53.79857898715042,55.37954338329974,8
5,splanchnic,466,0.017167381974248927,0.12989481502507777,8
1,raza,438,2.8812785388127855,0.611582429877487,9
1,ant_inf,21,0.0,0.0,9
1,ant_isq,23,0.0,0.0,9
1,ant_clau,23,0.0,0.0,9
1,fum_act,32,0.21875,0.41339864235384227,9
1,diabetes,21,0.0,0.0,9
1,hip_art,21,0.19047619047619047,0.392676726249301,9
1,insf_car,4,0.25,0.4330127018922193,9
1,fibr_aur,181,0.0055248618784530384,0.07412380035910907,9
1,trat_est,25,0.16,0.36660605559646714,9
1,var171,24,0.08333333333333333,0.2763853991962833,9
1,tv_l_esu,361,0.008310249307479225,0.0907809950591354,9
1,tvp_orig,1294,0.3415765069551777,0.47423833338467813,9
1,tv_l_ein,286,0.45454545454545453,0.49792959773196915,9
1,tvp_prox,556,0.8830935251798561,0.3213088093489983,9
1,tv_l_svc,476,0.012605042016806723,0.11156233653236769,9
1,tv_l_vre,492,0.012195121951219513,0.1097560975609756,9
1,tv_l_vrn,486,0.00411522633744856,0.06401789788520185,9
1,tv_l_vca,935,0.051336898395721926,0.2206839850529015,9
1,tv_l_yug,948,0.008438818565400843,0.09147461345434091,9
1,tv_l_ova,952,0.0031512605042016808,0.05604756963005924,9
1,tv_l_sup,949,0.01053740779768177,0.10210960206849858,9
1,tv_l_pul,948,0.004219409282700422,0.06481979534066336,9
1,tv_l_ove,490,0.053061224489795916,0.2241555953917711,9
1,fr_antfa,701,0.12553495007132667,0.33132450314143114,9
1,fr_tvs_a,255,0.050980392156862744,0.21995770450792404,9
1,fr_viaje,7,0.14285714285714285,0.3499271061118826,9
1,fr_estro,10,0.0,0.0,9
1,fr_varic,32,0.09375,0.2914805954090255,9
1,ana_dime,193,1.5544041450777202,0.5371135505649015,9
1,ana_crea,51,0.9019607843137255,0.2973676644726098,9
1,ana_trop,844,0.7808056872037915,0.41370057533680865,9
1,tension_,68,128.7058823529412,21.198681162869136,9
1,ana_hemo,4,13.025,1.958794271994892,9
1,ana_plaq,5,167.0,76.06576102294646,9
1,ana_leuc,8,9.89125,3.666167745412094,9
1,ana_neu,1034,7.075986460348163,3.078059413369806,9
1,protcrea,1323,45.676916099773244,50.38962167450894,9
1,splanchnic,466,0.02575107296137339,0.1583917775729265,9
2,raza,438,2.8835616438356166,0.6741503088289,9
2,ant_inf,21,0.0,0.0,9
2,ant_isq,23,0.0,0.0,9
2,ant_clau,23,0.043478260869565216,0.20393111999232305,9
2,fum_act,32,0.375,0.4841229182759271,9
2,diabetes,21,0.047619047619047616,0.21295885499998,9
2,hip_art,21,0.23809523809523808,0.4259177099999599,9
2,insf_car,4,0.0,0.0,9
2,fibr_aur,181,0.011049723756906077,0.1045352924222348,9
2,trat_est,25,0.16,0.36660605559646714,9
2,var171,24,0.0,0.0,9
2,tv_l_esu,361,0.008310249307479225,0.0907809950591354,9
2,tvp_orig,1294,0.3601236476043277,0.4800360466053375,9
2,tv_l_ein,286,0.4125874125874126,0.49229974564470047,9
2,tvp_prox,556,0.9046762589928058,0.2936615831319916,9
2,tv_l_svc,476,0.01680672268907563,0.12854671042670884,9
2,tv_l_vre,492,0.012195121951219513,0.1097560975609756,9
2,tv_l_vrn,486,0.01440329218106996,0.11914628552924632,9
2,tv_l_vca,935,0.08983957219251337,0.2859517852029946,9
2,tv_l_yug,948,0.03164556962025317,0.17505464159416875,9
2,tv_l_ova,952,0.01050420168067227,0.10195029881135234,9
2,tv_l_sup,949,0.007376185458377239,0.08556738482892219,9
2,tv_l_pul,948,0.004219409282700422,0.06481979534066336,9
2,tv_l_ove,490,0.02857142857142857,0.1665986255670086,9
2,fr_antfa,701,0.14550641940085593,0.3526106937034073,9
2,fr_tvs_a,255,0.050980392156862744,0.21995770450792404,9
2,fr_viaje,7,0.0,0.0,9
2,fr_estro,10,0.0,0.0,9
2,fr_varic,32,0.25,0.4330127018922193,9
2,ana_dime,193,1.5544041450777202,0.5653132309631443,9
2,ana_crea,51,0.9019607843137255,0.2973676644726098,9
2,ana_trop,844,0.7097156398104265,0.4538935452492175,9
2,tension_,68,133.48529411764707,20.31190077636234,9
2,ana_hemo,4,14.575,1.7767596911231414,9
2,ana_plaq,5,224.4,94.3410833094469,9
2,ana_leuc,8,10.72625,3.5666123194846957,9
2,ana_neu,1034,6.970038684719535,3.217255398665811,9
2,protcrea,1323,33.916000000000004,45.7924550731846,9
2,splanchnic,466,0.02575107296137339,0.1583917775729265,9
3,raza,438,2.9360730593607305,0.6589912826768387,9
3,ant_inf,21,0.047619047619047616,0.21295885499998,9
3,ant_isq,23,0.043478260869565216,0.20393111999232305,9
3,ant_clau,23,0.043478260869565216,0.20393111999232305,9
3,fum_act,32,0.15625,0.3630921887069453,9
3,diabetes,21,0.047619047619047616,0.21295885499998,9
3,hip_art,21,0.3333333333333333,0.4714045207910317,9
3,insf_car,4,0.0,0.0,9
3,fibr_aur,181,0.022099447513812154,0.147007013211603,9
3,trat_est,25,0.2,0.4,9
3,var171,24,0.08333333333333333,0.2763853991962833,9
3,tv_l_esu,361,0.01662049861495845,0.1278446621519593,9
3,tvp_orig,1294,0.258887171561051,0.43802351987327115,9
3,tv_l_ein,286,0.513986013986014,0.49980435313508725,9
3,tvp_prox,556,0.8830935251798561,0.3213088093489983,9
3,tv_l_svc,476,0.01680672268907563,0.12854671042670884,9
3,tv_l_vre,492,0.0040650406504065045,0.06362795057926232,9
3,tv_l_vrn,486,0.00411522633744856,0.06401789788520183,9
3,tv_l_vca,935,0.10160427807486631,0.3021272062422574,9
3,tv_l_yug,948,0.024261603375527425,0.15386025470268797,9
3,tv_l_ova,952,0.008403361344537815,0.0912838696739514,9
3,tv_l_sup,949,0.006322444678609062,0.07926204244084928,9
3,tv_l_pul,948,0.0010548523206751054,0.03246135559795172,9
3,tv_l_ove,490,0.07959183673469387,0.27066025984597686,9
3,fr_antfa,701,0.15263908701854492,0.35963925833074734,9
3,fr_tvs_a,255,0.058823529411764705,0.23529411764705885,9
3,fr_viaje,7,0.0,0.0,9
3,fr_estro,10,0.1,0.30000000000000004,9
3,fr_varic,32,0.15625,0.3630921887069453,9
3,ana_dime,193,1.5181347150259068,0.5395571418422721,9
3,ana_crea,51,0.9215686274509803,0.2688492000157272,9
3,ana_trop,844,0.731042654028436,0.443417739856556,9
3,tension_,68,134.2941176470588,23.005152123414728,9
3,ana_hemo,4,15.8,1.4089002803605373,9
3,ana_plaq,5,196.0,42.78784874237077,9
3,ana_leuc,8,11.92,4.047443637655749,9
3,ana_neu,1034,6.805193423597679,3.2589694428032048,9
3,protcrea,1323,56.320161753590334,53.27533797787802,9
3,splanchnic,466,0.02575107296137339,0.15839177757292652,9
4,raza,438,2.942922374429224,0.5685298258878264,9
4,ant_inf,21,0.0,0.0,9
4,ant_isq,23,0.0,0.0,9
4,ant_clau,23,0.0,0.0,9
4,fum_act,32,0.28125,0.4496092053105675,9
4,diabetes,21,0.09523809523809523,0.29354352395090366,9
4,hip_art,21,0.2857142857142857,0.45175395145262565,9
4,insf_car,4,0.0,0.0,9
4,fibr_aur,181,0.011049723756906077,0.10453529242223483,9
4,trat_est,25,0.16,0.36660605559646714,9
4,var171,24,0.0,0.0,9
4,tv_l_esu,361,0.013850415512465374,0.11686993412592234,9
4,tvp_orig,1294,0.3732612055641422,0.48367062964888136,9
4,tv_l_ein,286,0.4370629370629371,0.49602311045843034,9
4,tvp_prox,556,0.8651079136690647,0.34160827182055,9
4,tv_l_svc,476,0.01050420168067227,0.10195029881135236,9
4,tv_l_vre,492,0.014227642276422764,0.11842810676387978,9
4,tv_l_vrn,486,0.00411522633744856,0.06401789788520183,9
4,tv_l_vca,935,0.057754010695187166,0.2332776991994892,9
4,tv_l_yug,948,0.013713080168776372,0.11629716935962406,9
4,tv_l_ova,952,0.0063025210084033615,0.07913784958755195,9
4,tv_l_sup,949,0.014752370916754479,0.12056010313984046,9
4,tv_l_pul,948,0.0031645569620253164,0.056165314396515335,9
4,tv_l_ove,490,0.04081632653061224,0.19786448397617667,9
4,fr_antfa,701,0.12410841654778887,0.3297051978507306,9
4,fr_tvs_a,255,0.06666666666666667,0.24944382578492943,9
4,fr_viaje,7,0.0,0.0,9
4,fr_estro,10,0.0,0.0,9
4,fr_varic,32,0.125,0.33071891388307384,9
4,ana_dime,193,1.5129533678756477,0.5100930352016151,9
4,ana_crea,51,0.9215686274509803,0.2688492000157272,9
4,ana_trop,844,0.7630331753554502,0.42522176409778106,9
4,tension_,68,133.0735294117647,22.57947804356255,9
4,ana_hemo,4,14.35,2.2287889088022674,9
4,ana_plaq,5,301.8,170.21445297036325,9
4,ana_leuc,8,11.5475,4.0725168814874175,9
4,ana_neu,1034,6.935725338491296,3.219733747115954,9
4,protcrea,1323,26.014953892668178,40.98391814779814,9
4,splanchnic,466,0.02145922746781116,0.14490938211273935,9
5,raza,438,2.8926940639269407,0.7086494663939787,9
5,ant_inf,21,0.0,0.0,9
5,ant_isq,23,0.08695652173913043,0.2817713347133852,9
5,ant_clau,23,0.0,0.0,9
5,fum_act,32,0.25,0.4330127018922193,9
5,diabetes,21,0.09523809523809523,0.2935435239509036,9
5,hip_art,21,0.19047619047619047,0.392676726249301,9
5,insf_car,4,0.0,0.0,9
5,fibr_aur,181,0.027624309392265192,0.16389388921758374,9
5,trat_est,25,0.2,0.4,9
5,var171,24,0.041666666666666664,0.19982631347136331,9
5,tv_l_esu,361,0.036011080332409975,0.18631769219723257,9
5,tvp_orig,1294,0.3083462132921175,0.4618103788791775,9
5,tv_l_ein,286,0.45104895104895104,0.497598025324249,9
5,tvp_prox,556,0.8669064748201439,0.3396757847345835,9
5,tv_l_svc,476,0.01050420168067227,0.10195029881135236,9
5,tv_l_vre,492,0.008130081300813009,0.08979968306656308,9
5,tv_l_vrn,486,0.00411522633744856,0.06401789788520183,9
5,tv_l_vca,935,0.08128342245989305,0.27326988069141395,9
5,tv_l_yug,948,0.023206751054852322,0.15055961530347517,9
5,tv_l_ova,952,0.011554621848739496,0.10686960542021351,9
5,tv_l_sup,949,0.003161222339304531,0.05613580864854458,9
5,tv_l_pul,948,0.005274261603375527,0.07243233924094047,9
5,tv_l_ove,490,0.04897959183673469,0.21582537251269035,9
5,fr_antfa,701,0.16262482168330955,0.3690230196827582,9
5,fr_tvs_a,255,0.0196078431372549,0.1386483884679505,9
5,fr_viaje,7,0.0,0.0,9
5,fr_estro,10,0.0,0.0,9
5,fr_varic,32,0.21875,0.41339864235384227,9
5,ana_dime,193,1.5025906735751295,0.5301710774004761,9
5,ana_crea,51,0.8431372549019608,0.3636713135488512,9
5,ana_trop,844,0.764218009478673,0.4244865645307609,9
5,tension_,68,126.69117647058823,17.521631465253236,9
5,ana_hemo,4,15.5,2.1000000000000005,9
5,ana_plaq,5,257.6,67.98705759186818,9
5,ana_leuc,8,10.96125,3.300755358626265,9
5,ana_neu,1034,6.354961315280464,3.075974888856984,9
5,protcrea,1323,30.69149962207105,44.97578880640046,9
5,splanchnic,466,0.015021459227467811,0.12163804910530807,9
1,raza,438,2.9383561643835616,0.5517419828259268,10
1,ant_inf,21,0.0,0.0,10
1,ant_isq,23,0.0,0.0,10
1,ant_clau,23,0.0,0.0,10
1,fum_act,32,0.1875,0.3903123748998999,10
1,diabetes,21,0.047619047619047616,0.21295885499998,10
1,hip_art,21,0.23809523809523808,0.4259177099999599,10
1,insf_car,4,0.0,0.0,10
1,fibr_aur,181,0.011049723756906077,0.10453529242223482,10
1,trat_est,25,0.08,0.2712931993250107,10
1,var171,24,0.0,0.0,10
1,tv_l_esu,361,0.01662049861495845,0.1278446621519593,10
1,tvp_orig,1294,0.47913446676970634,0.4995644398103366,10
1,tv_l_ein,286,0.7062937062937062,0.4554590066554904,10
1,tvp_prox,556,0.8848920863309353,0.31915212968084655,10
1,tv_l_svc,476,0.0063025210084033615,0.07913784958755193,10
1,tv_l_vre,492,0.008130081300813009,0.08979968306656308,10
1,tv_l_vrn,486,0.012345679012345678,0.11042310999998962,10
1,tv_l_vca,935,0.07272727272727272,0.2596883064924672,10
1,tv_l_yug,948,0.015822784810126583,0.12478951995652125,10
1,tv_l_ova,952,0.0021008403361344537,0.04578675360862052,10
1,tv_l_sup,949,0.006322444678609062,0.07926204244084928,10
1,tv_l_pul,948,0.004219409282700422,0.06481979534066336,10
1,tv_l_ove,490,0.053061224489795916,0.2241555953917711,10
1,fr_antfa,701,0.11126961483594865,0.3144657177661951,10
1,fr_tvs_a,255,0.058823529411764705,0.23529411764705885,10
1,fr_viaje,7,0.0,0.0,10
1,fr_estro,10,0.0,0.0,10
1,fr_varic,32,0.09375,0.2914805954090255,10
1,ana_dime,193,1.5647668393782384,0.5455444326721189,10
1,ana_crea,51,0.9411764705882353,0.23529411764705882,10
1,ana_trop,844,0.8542654028436019,0.3528399415429898,10
1,tension_,68,127.30882352941177,21.5756244221147,10
1,ana_hemo,4,13.0,0.8972179222463181,10
1,ana_plaq,5,261.8,95.22268637252364,10
1,ana_leuc,8,7.92625,2.40118688100281,10
1,ana_neu,1034,6.369854932301741,3.052656844249382,10
1,protcrea,1323,38.62247921390778,46.32014484796373,10
1,splanchnic,466,0.02575107296137339,0.1583917775729265,10
2,raza,438,2.8881278538812785,0.6916301054982117,10
2,ant_inf,21,0.047619047619047616,0.21295885499998,10
2,ant_isq,23,0.0,0.0,10
2,ant_clau,23,0.0,0.0,10
2,fum_act,32,0.28125,0.4496092053105675,10
2,diabetes,21,0.09523809523809523,0.2935435239509036,10
2,hip_art,21,0.23809523809523808,0.4259177099999599,10
2,insf_car,4,0.0,0.0,10
2,fibr_aur,181,0.0055248618784530384,0.07412380035910907,10
2,trat_est,25,0.16,0.36660605559646714,10
2,var171,24,0.041666666666666664,0.19982631347136334,10
2,tv_l_esu,361,0.002770083102493075,0.0525586314709426,10
2,tvp_orig,1294,0.4095826893353941,0.49175675890848736,10
2,tv_l_ein,286,0.7937062937062938,0.4046438100815485,10
2,tvp_prox,556,0.8884892086330936,0.3147636172997647,10
2,tv_l_svc,476,0.014705882352941176,0.12037283488047723,10
2,tv_l_vre,492,0.0020325203252032522,0.04503764188243971,10
2,tv_l_vrn,486,0.00411522633744856,0.06401789788520183,10
2,tv_l_vca,935,0.040641711229946524,0.19745876161428785,10
2,tv_l_yug,948,0.013713080168776372,0.11629716935962406,10
2,tv_l_ova,952,0.005252100840336135,0.07228081541528897,10
2,tv_l_sup,949,0.004214963119072708,0.06478577934221033,10
2,tv_l_pul,948,0.004219409282700422,0.06481979534066336,10
2,tv_l_ove,490,0.0653061224489796,0.24706524000688257,10
2,fr_antfa,701,0.16547788873038516,0.3716112983639214,10
2,fr_tvs_a,255,0.043137254901960784,0.20316602112923324,10
2,fr_viaje,7,0.0,0.0,10
2,fr_estro,10,0.0,0.0,10
2,fr_varic,32,0.21875,0.41339864235384227,10
2,ana_dime,193,1.4041450777202074,0.5597773610806013,10
2,ana_crea,51,0.803921568627451,0.39702856335914877,10
2,ana_trop,844,0.8222748815165877,0.3822811802109402,10
2,tension_,68,135.61764705882354,19.168777778525456,10
2,ana_hemo,4,13.425,1.9917015338649515,10
2,ana_plaq,5,284.2,50.32454669443134,10
2,ana_leuc,8,8.1975,2.7642121391094427,10
2,ana_neu,1034,6.568442940038685,3.187305513182734,10
2,protcrea,1323,28.425349962207104,39.4871848589563,10
2,splanchnic,466,0.008583690987124463,0.09224972214680117,10
3,raza,438,2.91324200913242,0.6242862524461223,10
3,ant_inf,21,0.09523809523809523,0.29354352395090366,10
3,ant_isq,23,0.0,0.0,10
3,ant_clau,23,0.0,0.0,10
3,fum_act,32,0.25,0.4330127018922193,10
3,diabetes,21,0.0,0.0,10
3,hip_art,21,0.3333333333333333,0.4714045207910317,10
3,insf_car,4,0.0,0.0,10
3,fibr_aur,181,0.0,0.0,10
3,trat_est,25,0.12,0.32496153618543844,10
3,var171,24,0.125,0.33071891388307384,10
3,tv_l_esu,361,0.008310249307479225,0.0907809950591354,10
3,tvp_orig,1294,0.44590417310664604,0.4970650274488484,10
3,tv_l_ein,286,0.7622377622377622,0.4257127623839,10
3,tvp_prox,556,0.8758992805755396,0.3296964222778157,10
3,tv_l_svc,476,0.014705882352941176,0.12037283488047723,10
3,tv_l_vre,492,0.006097560975609756,0.07784844716343724,10
3,tv_l_vrn,486,0.00411522633744856,0.06401789788520183,10
3,tv_l_vca,935,0.039572192513368985,0.19495187635171365,10
3,tv_l_yug,948,0.005274261603375527,0.07243233924094047,10
3,tv_l_ova,952,0.0021008403361344537,0.04578675360862052,10
3,tv_l_sup,949,0.0273972602739726,0.16323801764127377,10
3,tv_l_pul,948,0.0010548523206751054,0.03246135559795172,10
3,tv_l_ove,490,0.05714285714285714,0.2321153829895989,10
3,fr_antfa,701,0.17403708987161198,0.3791413736597899,10
3,fr_tvs_a,255,0.050980392156862744,0.21995770450792404,10
3,fr_viaje,7,0.0,0.0,10
3,fr_estro,10,0.0,0.0,10
3,fr_varic,32,0.15625,0.3630921887069453,10
3,ana_dime,193,1.4455958549222798,0.5466750959216572,10
3,ana_crea,51,0.9019607843137255,0.29736766447260987,10
3,ana_trop,844,0.8436018957345972,0.36323234609212746,10
3,tension_,68,130.25,19.03895001430118,10
3,ana_hemo,4,13.8425,1.675236923542458,10
3,ana_plaq,5,201.0,50.03598704932281,10
3,ana_leuc,8,8.55,3.7977987045129185,10
3,ana_neu,1034,6.676798839458415,3.1703743935258464,10
3,protcrea,1323,39.89209221466364,43.54286256017226,10
3,splanchnic,466,0.023605150214592276,0.15181550348346773,10
4,raza,438,2.9566210045662102,0.5697387831453952,10
4,ant_inf,21,0.0,0.0,10
4,ant_isq,23,0.043478260869565216,0.20393111999232305,10
4,ant_clau,23,0.0,0.0,10
4,fum_act,32,0.25,0.4330127018922193,10
4,diabetes,21,0.19047619047619047,0.392676726249301,10
4,hip_art,21,0.2857142857142857,0.45175395145262565,10
4,insf_car,4,0.0,0.0,10
4,fibr_aur,181,0.011049723756906077,0.1045352924222348,10
4,trat_est,25,0.2,0.4,10
4,var171,24,0.0,0.0,10
4,tv_l_esu,361,0.013850415512465374,0.11686993412592234,10
4,tvp_orig,1294,0.3261205564142195,0.46879199982326847,10
4,tv_l_ein,286,0.7797202797202797,0.4144352363315751,10
4,tvp_prox,556,0.8848920863309353,0.31915212968084655,10
4,tv_l_svc,476,0.008403361344537815,0.0912838696739514,10
4,tv_l_vre,492,0.0040650406504065045,0.06362795057926232,10
4,tv_l_vrn,486,0.006172839506172839,0.0783245527188242,10
4,tv_l_vca,935,0.06737967914438503,0.2506783955245939,10
4,tv_l_yug,948,0.016877637130801686,0.1288129748731962,10
4,tv_l_ova,952,0.007352941176470588,0.08543345616634007,10
4,tv_l_sup,949,0.008429926238145416,0.09142681544144934,10
4,tv_l_pul,948,0.0031645569620253164,0.056165314396515335,10
4,tv_l_ove,490,0.061224489795918366,0.23974163519328023,10
4,fr_antfa,701,0.16547788873038516,0.3716112983639215,10
4,fr_tvs_a,255,0.07058823529411765,0.2561357771420852,10
4,fr_viaje,7,0.0,0.0,10
4,fr_estro,10,0.0,0.0,10
4,fr_varic,32,0.21875,0.41339864235384227,10
4,ana_dime,193,1.4870466321243523,0.5677773070177294,10
4,ana_crea,51,0.9411764705882353,0.23529411764705885,10
4,ana_trop,844,0.8566350710900474,0.35044461198397214,10
4,tension_,68,137.9264705882353,21.83784907561033,10
4,ana_hemo,4,12.425,1.420167243672378,10
4,ana_plaq,5,242.8,84.40710870536913,10
4,ana_leuc,8,8.92,4.17555984270373,10
4,ana_neu,1034,6.792804642166344,3.1799393061580368,10
4,protcrea,1323,31.703473922902493,40.092445547681926,10
4,splanchnic,466,0.02145922746781116,0.14490938211273932,10
5,raza,438,2.949771689497717,0.6023071645572998,10
5,ant_inf,21,0.047619047619047616,0.21295885499997996,10
5,ant_isq,23,0.0,0.0,10
5,ant_clau,23,0.043478260869565216,0.20393111999232305,10
5,fum_act,32,0.21875,0.41339864235384227,10
5,diabetes,21,0.09523809523809523,0.2935435239509036,10
5,hip_art,21,0.38095238095238093,0.4856209060564557,10
5,insf_car,4,0.25,0.4330127018922193,10
5,fibr_aur,181,0.022099447513812154,0.147007013211603,10
5,trat_est,25,0.12,0.32496153618543844,10
5,var171,24,0.0,0.0,10
5,tv_l_esu,361,0.008310249307479225,0.0907809950591354,10
5,tvp_orig,1294,0.2890262751159196,0.4533101448330231,10
5,tv_l_ein,286,0.8006993006993007,0.399474568100338,10
5,tvp_prox,556,0.8794964028776978,0.3255495049956121,10
5,tv_l_svc,476,0.018907563025210083,0.1361986309977372,10
5,tv_l_vre,492,0.01016260162601626,0.10029617716646609,10
5,tv_l_vrn,486,0.006172839506172839,0.0783245527188242,10
5,tv_l_vca,935,0.06096256684491978,0.23926163981841816,10
5,tv_l_yug,948,0.014767932489451477,0.12062272032846248,10
5,tv_l_ova,952,0.0010504201680672268,0.03239315954854889,10
5,tv_l_sup,949,0.020021074815595362,0.14007223628836551,10
5,tv_l_pul,948,0.004219409282700422,0.06481979534066336,10
5,tv_l_ove,490,0.03877551020408163,0.1930594986331799,10
5,fr_antfa,701,0.16262482168330955,0.3690230196827582,10
5,fr_tvs_a,255,0.050980392156862744,0.21995770450792404,10
5,fr_viaje,7,0.0,0.0,10
5,fr_estro,10,0.2,0.4000000000000001,10
5,fr_varic,32,0.125,0.33071891388307384,10
5,ana_dime,193,1.5077720207253886,0.5678718656505807,10
5,ana_crea,51,0.8627450980392157,0.34411625048596556,10
5,ana_trop,844,0.8270142180094787,0.3782349814859132,10
5,tension_,68,137.25,23.82866230107816,10
5,ana_hemo,4,13.450000000000001,1.5882380174268589,10
5,ana_plaq,5,221.0,62.058037352143195,10
5,ana_leuc,8,8.717500000000001,3.7114880775775103,10
5,ana_neu,1034,6.811982591876209,3.14012834620573,10
5,protcrea,1323,35.39685563114135,41.0834414648982,10
5,splanchnic,466,0.008583690987124463,0.09224972214680117,10
1,raza,438,2.8904109589041096,0.6057934267236957,11
1,ant_inf,21,0.09523809523809523,0.29354352395090366,11
1,ant_isq,23,0.043478260869565216,0.20393111999232305,11
1,ant_clau,23,0.043478260869565216,0.20393111999232302,11
1,fum_act,32,0.21875,0.41339864235384227,11
1,diabetes,21,0.09523809523809523,0.29354352395090366,11
1,hip_art,21,0.19047619047619047,0.392676726249301,11
1,insf_car,4,0.0,0.0,11
1,fibr_aur,181,0.027624309392265192,0.16389388921758372,11
1,trat_est,25,0.2,0.4,11
1,var171,24,0.0,0.0,11
1,tv_l_esu,361,0.008310249307479225,0.0907809950591354,11
1,tvp_orig,1294,0.20865533230293662,0.4063474924304169,11
1,tv_l_ein,286,0.43356643356643354,0.49556692913361056,11
1,tvp_prox,556,0.8866906474820144,0.316970571425709,11
1,tv_l_svc,476,0.0063025210084033615,0.07913784958755195,11
1,tv_l_vre,492,0.028455284552845527,0.16626960435949234,11
1,tv_l_vrn,486,0.0205761316872428,0.14196039761860363,11
1,tv_l_vca,935,0.038502673796791446,0.19240638738692983,11
1,tv_l_yug,948,0.011603375527426161,0.10709219020916366,11
1,tv_l_ova,952,0.005252100840336135,0.07228081541528895,11
1,tv_l_sup,949,0.0136986301369863,0.11623673115395303,11
1,tv_l_pul,948,0.0031645569620253164,0.05616531439651533,11
1,tv_l_ove,490,0.03469387755102041,0.1830033125697325,11
1,fr_antfa,701,0.1369472182596291,0.3437916195467519,11
1,fr_tvs_a,255,0.09411764705882353,0.2919923210821378,11
1,fr_viaje,7,0.0,0.0,11
1,fr_estro,10,0.1,0.30000000000000004,11
1,fr_varic,32,0.15625,0.3630921887069453,11
1,ana_dime,193,1.549222797927461,0.5657879251696869,11
1,ana_crea,51,0.9019607843137255,0.2973676644726098,11
1,ana_trop,844,0.830568720379147,0.3751324047678278,11
1,tension_,68,134.77941176470588,23.700859743797388,11
1,ana_hemo,4,12.625,1.5658464164789598,11
1,ana_plaq,5,212.0,53.97777320342142,11
1,ana_leuc,8,8.85125,2.516055630843643,11
1,ana_neu,1034,7.070880077369439,3.241083393849865,11
1,protcrea,1323,28.005274376417237,43.131119128869045,11
1,splanchnic,466,0.030042918454935622,0.17070542318756515,11
2,raza,438,2.9817351598173514,0.472663398044047,11
2,ant_inf,21,0.047619047619047616,0.21295885499998,11
2,ant_isq,23,0.0,0.0,11
2,ant_clau,23,0.0,0.0,11
2,fum_act,32,0.375,0.4841229182759271,11
2,diabetes,21,0.047619047619047616,0.21295885499997996,11
2,hip_art,21,0.3333333333333333,0.4714045207910317,11
2,insf_car,4,0.0,0.0,11
2,fibr_aur,181,0.011049723756906077,0.10453529242223483,11
2,trat_est,25,0.28,0.448998886412873,11
2,var171,24,0.125,0.33071891388307384,11
2,tv_l_esu,361,0.030470914127423823,0.1718791363710645,11
2,tvp_orig,1294,0.18701700154559506,0.3899251757433597,11
2,tv_l_ein,286,0.45454545454545453,0.49792959773196915,11
2,tvp_prox,556,0.8812949640287769,0.3234411080958845,11
2,tv_l_svc,476,0.023109243697478993,0.15025047937763633,11
2,tv_l_vre,492,0.028455284552845527,0.16626960435949237,11
2,tv_l_vrn,486,0.00823045267489712,0.09034773004156439,11
2,tv_l_vca,935,0.08983957219251337,0.2859517852029946,11
2,tv_l_yug,948,0.022151898734177215,0.147177417142196,11
2,tv_l_ova,952,0.0063025210084033615,0.07913784958755195,11
2,tv_l_sup,949,0.005268703898840885,0.07239436896656552,11
2,tv_l_pul,948,0.0010548523206751054,0.03246135559795172,11
2,tv_l_ove,490,0.053061224489795916,0.2241555953917711,11
2,fr_antfa,701,0.15121255349500715,0.3582559380673637,11
2,fr_tvs_a,255,0.058823529411764705,0.23529411764705885,11
2,fr_viaje,7,0.0,0.0,11
2,fr_estro,10,0.0,0.0,11
2,fr_varic,32,0.125,0.33071891388307384,11
2,ana_dime,193,1.538860103626943,0.5479994195696688,11
2,ana_crea,51,0.8627450980392157,0.34411625048596556,11
2,ana_trop,844,0.8376777251184834,0.3687461917888861,11
2,tension_,68,130.41176470588235,18.49104337567535,11
2,ana_hemo,4,13.45,1.918984106239549,11
2,ana_plaq,5,223.8,84.76650281803538,11
2,ana_leuc,8,9.305,2.564926899543143,11
2,ana_neu,1034,6.499729206963249,3.1877864302872836,11
2,protcrea,1323,14.82628117913832,26.050150381969118,11
2,splanchnic,466,0.02145922746781116,0.14490938211273932,11
3,raza,438,2.858447488584475,0.6744247409910287,11
3,ant_inf,21,0.09523809523809523,0.2935435239509036,11
3,ant_isq,23,0.043478260869565216,0.20393111999232305,11
3,ant_clau,23,0.0,0.0,11
3,fum_act,32,0.34375,0.47495887979908324,11
3,diabetes,21,0.09523809523809523,0.29354352395090366,11
3,hip_art,21,0.38095238095238093,0.4856209060564557,11
3,insf_car,4,0.0,0.0,11
3,fibr_aur,181,0.011049723756906077,0.10453529242223483,11
3,trat_est,25,0.16,0.36660605559646714,11
3,var171,24,0.041666666666666664,0.19982631347136331,11
3,tv_l_esu,361,0.019390581717451522,0.13789339019006805,11
3,tvp_orig,1294,0.24884080370942813,0.432341367577374,11
3,tv_l_ein,286,0.38461538461538464,0.48650425541051995,11
3,tvp_prox,556,0.8561151079136691,0.3509729760474955,11
3,tv_l_svc,476,0.02100840336134454,0.14341216946114296,11
3,tv_l_vre,492,0.024390243902439025,0.15425744683748188,11
3,tv_l_vrn,486,0.00205761316872428,0.0453142295175828,11
3,tv_l_vca,935,0.0748663101604278,0.26317550372971726,11
3,tv_l_yug,948,0.00949367088607595,0.0969718572534466,11
3,tv_l_ova,952,0.0031512605042016808,0.05604756963005924,11
3,tv_l_sup,949,0.005268703898840885,0.07239436896656551,11
3,tv_l_pul,948,0.008438818565400843,0.09147461345434091,11
3,tv_l_ove,490,0.03877551020408163,0.1930594986331799,11
3,fr_antfa,701,0.16119828815977175,0.367713747436958,11
3,fr_tvs_a,255,0.03529411764705882,0.18452220166303673,11
3,fr_viaje,7,0.0,0.0,11
3,fr_estro,10,0.0,0.0,11
3,fr_varic,32,0.0625,0.24206145913796356,11
3,ana_dime,193,1.6010362694300517,0.5400047627218196,11
3,ana_crea,51,0.803921568627451,0.3970285633591488,11
3,ana_trop,844,0.8779620853080569,0.3273295924134955,11
3,tension_,68,132.44117647058823,23.82681531442424,11
3,ana_hemo,4,13.425,1.527047805407545,11
3,ana_plaq,5,220.6,31.506189868024347,11
3,ana_leuc,8,8.8475,1.6068972431365984,11
3,ana_neu,1034,6.351856866537718,3.1294398301761124,11
3,protcrea,1323,37.77812244897959,62.34739345655945,11
3,splanchnic,466,0.027896995708154508,0.16467772569055514,11
4,raza,438,2.9452054794520546,0.6131826761315711,11
4,ant_inf,21,0.047619047619047616,0.21295885499998,11
4,ant_isq,23,0.0,0.0,11
4,ant_clau,23,0.043478260869565216,0.20393111999232305,11
4,fum_act,32,0.28125,0.4496092053105675,11
4,diabetes,21,0.09523809523809523,0.29354352395090366,11
4,hip_art,21,0.38095238095238093,0.4856209060564557,11
4,insf_car,4,0.0,0.0,11
4,fibr_aur,181,0.0055248618784530384,0.07412380035910907,11
4,trat_est,25,0.08,0.2712931993250107,11
4,var171,24,0.041666666666666664,0.19982631347136331,11
4,tv_l_esu,361,0.024930747922437674,0.15591409727944916,11
4,tvp_orig,1294,0.19319938176197837,0.39480803012194127,11
4,tv_l_ein,286,0.4160839160839161,0.49290779143790053,11
4,tvp_prox,556,0.8974820143884892,0.3033282845988301,11
4,tv_l_svc,476,0.025210084033613446,0.15676267316115658,11
4,tv_l_vre,492,0.034552845528455285,0.18264431662206734,11
4,tv_l_vrn,486,0.0,0.0,11
4,tv_l_vca,935,0.06310160427807486,0.24314561854084088,11
4,tv_l_yug,948,0.028481012658227847,0.16634255191077754,11
4,tv_l_ova,952,0.004201680672268907,0.06468405175773384,11
4,tv_l_sup,949,0.002107481559536354,0.04585891495677332,11
4,tv_l_pul,948,0.007383966244725738,0.0856121678689571,11
4,tv_l_ove,490,0.04081632653061224,0.19786448397617667,11
4,fr_antfa,701,0.15834522111269614,0.3650643944066136,11
4,fr_tvs_a,255,0.027450980392156862,0.16339346396862475,11
4,fr_viaje,7,0.0,0.0,11
4,fr_estro,10,0.0,0.0,11
4,fr_varic,32,0.15625,0.3630921887069453,11
4,ana_dime,193,1.6062176165803108,0.5485380421913387,11
4,ana_crea,51,0.8431372549019608,0.3636713135488511,11
4,ana_trop,844,0.8613744075829384,0.3455554044492436,11
4,tension_,68,130.5441176470588,18.04604716659857,11
4,ana_hemo,4,14.8,0.47434164902525716,11
4,ana_plaq,5,251.2,66.31259307250772,11
4,ana_leuc,8,7.965,2.4263346842511235,11
4,ana_neu,1034,6.032069632495165,3.0459144991858427,11
4,protcrea,1323,35.17780498866213,53.817070972299824,11
4,splanchnic,466,0.027896995708154508,0.16467772569055514,11
5,raza,438,2.8904109589041096,0.6599081955443264,11
5,ant_inf,21,0.0,0.0,11
5,ant_isq,23,0.0,0.0,11
5,ant_clau,23,0.0,0.0,11
5,fum_act,32,0.25,0.4330127018922193,11
5,diabetes,21,0.047619047619047616,0.21295885499997996,11
5,hip_art,21,0.19047619047619047,0.39267672624930106,11
5,insf_car,4,0.0,0.0,11
5,fibr_aur,181,0.0055248618784530384,0.07412380035910907,11
5,trat_est,25,0.2,0.4,11
5,var171,24,0.041666666666666664,0.19982631347136334,11
5,tv_l_esu,361,0.0110803324099723,0.10467835804815062,11
5,tvp_orig,1294,0.17078825347758886,0.3763238312300508,11
5,tv_l_ein,286,0.3811188811188811,0.48566169251195146,11
5,tvp_prox,556,0.8651079136690647,0.34160827182055,11
5,tv_l_svc,476,0.004201680672268907,0.06468405175773384,11
5,tv_l_vre,492,0.036585365853658534,0.18774151607732503,11
5,tv_l_vrn,486,0.0102880658436214,0.10090699452871792,11
5,tv_l_vca,935,0.08021390374331551,0.2716240662930544,11
5,tv_l_yug,948,0.00949367088607595,0.09697185725344659,11
5,tv_l_ova,952,0.0,0.0,11
5,tv_l_sup,949,0.009483667017913594,0.09692124162332491,11
5,tv_l_pul,948,0.0,0.0,11
5,tv_l_ove,490,0.0673469387755102,0.25062188374736527,11
5,fr_antfa,701,0.14550641940085593,0.3526106937034073,11
5,fr_tvs_a,255,0.07058823529411765,0.2561357771420852,11
5,fr_viaje,7,0.0,0.0,11
5,fr_estro,10,0.0,0.0,11
5,fr_varic,32,0.21875,0.41339864235384227,11
5,ana_dime,193,1.4870466321243523,0.5857443631528529,11
5,ana_crea,51,0.9215686274509803,0.2688492000157272,11
5,ana_trop,844,0.8127962085308057,0.3900750337162746,11
5,tension_,68,132.88235294117646,23.006092167437064,11
5,ana_hemo,4,15.95,1.7269916039170543,11
5,ana_plaq,5,266.8,78.16751243323533,11
5,ana_leuc,8,8.315000000000001,2.3965756820930983,11
5,ana_neu,1034,6.164458413926499,3.01119486792258,11
5,protcrea,1323,29.050724111866973,50.12433046297504,11
5,splanchnic,466,0.015021459227467811,0.12163804910530807,11
1,raza,438,2.8378995433789953,0.7046662275088627,12
1,ant_inf,21,0.0,0.0,12
1,ant_isq,23,0.043478260869565216,0.20393111999232305,12
1,ant_clau,23,0.0,0.0,12
1,fum_act,32,0.125,0.33071891388307384,12
1,diabetes,21,0.14285714285714285,0.3499271061118826,12
1,hip_art,21,0.14285714285714285,0.34992710611188255,12
1,insf_car,4,0.0,0.0,12
1,fibr_aur,181,0.022099447513812154,0.147007013211603,12
1,trat_est,25,0.36,0.48,12
1,var171,24,0.0,0.0,12
1,tv_l_esu,361,0.00554016620498615,0.07422582275332001,12
1,tvp_orig,1294,0.2534775888717156,0.4350019549513509,12
1,tv_l_ein,286,0.46853146853146854,0.499008748948567,12
1,tvp_prox,556,0.8381294964028777,0.3683319748030794,12
1,tv_l_svc,476,0.01050420168067227,0.10195029881135236,12
1,tv_l_vre,492,0.006097560975609756,0.07784844716343724,12
1,tv_l_vrn,486,0.00823045267489712,0.09034773004156439,12
1,tv_l_vca,935,0.07272727272727272,0.25968830649246727,12
1,tv_l_yug,948,0.023206751054852322,0.15055961530347517,12
1,tv_l_ova,952,0.005252100840336135,0.07228081541528897,12
1,tv_l_sup,949,0.01685985247629083,0.1287462537348895,12
1,tv_l_pul,948,0.004219409282700422,0.06481979534066336,12
1,tv_l_ove,490,0.08163265306122448,0.2738042421428314,12
1,fr_antfa,701,0.14122681883024252,0.3482553724974424,12
1,fr_tvs_a,255,0.047058823529411764,0.2117647058823529,12
1,fr_viaje,7,0.0,0.0,12
1,fr_estro,10,0.0,0.0,12
1,fr_varic,32,0.15625,0.3630921887069453,12
1,ana_dime,193,1.5958549222797926,0.5504434572940655,12
1,ana_crea,51,0.8823529411764706,0.32218973970892123,12
1,ana_trop,844,0.7464454976303317,0.43504553405102103,12
1,tension_,68,136.05882352941177,24.12155635461481,12
1,ana_hemo,4,14.049999999999999,1.8634645153584224,12
1,ana_plaq,5,189.2,19.156200040717888,12
1,ana_leuc,8,7.82375,2.495034756771937,12
1,ana_neu,1034,6.836170212765958,3.1439756696969794,12
1,protcrea,1323,32.52279667422525,49.35895458089086,12
1,splanchnic,466,0.02575107296137339,0.1583917775729265,12
2,raza,438,2.9086757990867578,0.5538306451237984,12
2,ant_inf,21,0.0,0.0,12
2,ant_isq,23,0.0,0.0,12
2,ant_clau,23,0.0,0.0,12
2,fum_act,32,0.21875,0.41339864235384227,12
2,diabetes,21,0.047619047619047616,0.21295885499998,12
2,hip_art,21,0.3333333333333333,0.4714045207910317,12
2,insf_car,4,0.0,0.0,12
2,fibr_aur,181,0.016574585635359115,0.1276709393181364,12
2,trat_est,25,0.24,0.4270831300812524,12
2,var171,24,0.041666666666666664,0.19982631347136334,12
2,tv_l_esu,361,0.013850415512465374,0.11686993412592234,12
2,tvp_orig,1294,0.24420401854714066,0.42961426404691033,12
2,tv_l_ein,286,0.46853146853146854,0.49900874894856706,12
2,tvp_prox,556,0.8920863309352518,0.3102713475229903,12
2,tv_l_svc,476,0.008403361344537815,0.0912838696739514,12
2,tv_l_vre,492,0.022357723577235773,0.14784402515380757,12
2,tv_l_vrn,486,0.00205761316872428,0.0453142295175828,12
2,tv_l_vca,935,0.052406417112299465,0.22284520312932732,12
2,tv_l_yug,948,0.024261603375527425,0.15386025470268797,12
2,tv_l_ova,952,0.0,0.0,12
2,tv_l_sup,949,0.011591148577449948,0.10703641367359722,12
2,tv_l_pul,948,0.006329113924050633,0.07930357016545359,12
2,tv_l_ove,490,0.04693877551020408,0.21150774658108093,12
2,fr_antfa,701,0.14835948644793154,0.3554559736856838,12
2,fr_tvs_a,255,0.050980392156862744,0.21995770450792404,12
2,fr_viaje,7,0.0,0.0,12
2,fr_estro,10,0.0,0.0,12
2,fr_varic,32,0.25,0.4330127018922193,12
2,ana_dime,193,1.450777202072539,0.6182977778311419,12
2,ana_crea,51,0.9019607843137255,0.29736766447260987,12
2,ana_trop,844,0.783175355450237,0.41208217392363866,12
2,tension_,68,131.36764705882354,17.15663515255207,12
2,ana_hemo,4,12.975,2.0825165065372233,12
2,ana_plaq,5,388.6,200.76712878357355,12
2,ana_leuc,8,8.088750000000001,3.5254660596153804,12
2,ana_neu,1034,5.952543520309478,2.979850354293997,12
2,protcrea,1323,26.61222071050643,38.47064113760763,12
2,splanchnic,466,0.012875536480686695,0.11273755825376562,12
3,raza,438,2.9726027397260273,0.7049583570017801,12
3,ant_inf,21,0.047619047619047616,0.21295885499998,12
3,ant_isq,23,0.0,0.0,12
3,ant_clau,23,0.0,0.0,12
3,fum_act,32,0.21875,0.41339864235384227,12
3,diabetes,21,0.047619047619047616,0.21295885499998,12
3,hip_art,21,0.19047619047619047,0.39267672624930106,12
3,insf_car,4,0.0,0.0,12
3,fibr_aur,181,0.0055248618784530384,0.07412380035910907,12
3,trat_est,25,0.24,0.4270831300812524,12
3,var171,24,0.08333333333333333,0.2763853991962833,12
3,tv_l_esu,361,0.019390581717451522,0.13789339019006805,12
3,tvp_orig,1294,0.33384853168469864,0.47158635431559026,12
3,tv_l_ein,286,0.45454545454545453,0.49792959773196915,12
3,tvp_prox,556,0.8273381294964028,0.3779546916996747,12
3,tv_l_svc,476,0.014705882352941176,0.12037283488047723,12
3,tv_l_vre,492,0.012195121951219513,0.1097560975609756,12
3,tv_l_vrn,486,0.00823045267489712,0.09034773004156439,12
3,tv_l_vca,935,0.0855614973262032,0.279715440227209,12
3,tv_l_yug,948,0.015822784810126583,0.12478951995652124,12
3,tv_l_ova,952,0.0021008403361344537,0.04578675360862052,12
3,tv_l_sup,949,0.007376185458377239,0.08556738482892219,12
3,tv_l_pul,948,0.0,0.0,12
3,tv_l_ove,490,0.08163265306122448,0.2738042421428314,12
3,fr_antfa,701,0.16690442225392296,0.3728905148780365,12
3,fr_tvs_a,255,0.050980392156862744,0.21995770450792404,12
3,fr_viaje,7,0.14285714285714285,0.3499271061118826,12
3,fr_estro,10,0.0,0.0,12
3,fr_varic,32,0.09375,0.2914805954090255,12
3,ana_dime,193,1.461139896373057,0.5756660896303067,12
3,ana_crea,51,0.8823529411764706,0.32218973970892123,12
3,ana_trop,844,0.7665876777251185,0.4230023759804765,12
3,tension_,68,133.02941176470588,21.824143799818486,12
3,ana_hemo,4,12.299999999999999,1.1067971810589325,12
3,ana_plaq,5,220.4,53.13605179160379,12
3,ana_leuc,8,8.612499999999999,2.8883375408701806,12
3,ana_neu,1034,7.207021276595744,3.2392152895421735,12
3,protcrea,1323,36.36984882842026,51.08650143778944,12
3,splanchnic,466,0.017167381974248927,0.12989481502507774,12
4,raza,438,2.949771689497717,0.5671666686839905,12
4,ant_inf,21,0.047619047619047616,0.21295885499998,12
4,ant_isq,23,0.043478260869565216,0.20393111999232302,12
4,ant_clau,23,0.08695652173913043,0.2817713347133853,12
4,fum_act,32,0.3125,0.46351240544347894,12
4,diabetes,21,0.19047619047619047,0.39267672624930106,12
4,hip_art,21,0.3333333333333333,0.4714045207910317,12
4,insf_car,4,0.0,0.0,12
4,fibr_aur,181,0.0055248618784530384,0.07412380035910907,12
4,trat_est,25,0.28,0.448998886412873,12
4,var171,24,0.0,0.0,12
4,tv_l_esu,361,0.027700831024930747,0.16411427416729776,12
4,tvp_orig,1294,0.29984544049459044,0.45819008316330395,12
4,tv_l_ein,286,0.3916083916083916,0.48810988438084324,12
4,tvp_prox,556,0.8812949640287769,0.3234411080958845,12
4,tv_l_svc,476,0.018907563025210083,0.1361986309977372,12
4,tv_l_vre,492,0.022357723577235773,0.14784402515380757,12
4,tv_l_vrn,486,0.012345679012345678,0.11042310999998962,12
4,tv_l_vca,935,0.06951871657754011,0.2543341593709971,12
4,tv_l_yug,948,0.0189873417721519,0.13648011805599888,12
4,tv_l_ova,952,0.005252100840336135,0.07228081541528895,12
4,tv_l_sup,949,0.0136986301369863,0.11623673115395303,12
4,tv_l_pul,948,0.0,0.0,12
4,tv_l_ove,490,0.04081632653061224,0.19786448397617667,12
4,fr_antfa,701,0.1768901569186876,0.38157571896541015,12
4,fr_tvs_a,255,0.03529411764705882,0.1845222016630367,12
4,fr_viaje,7,0.0,0.0,12
4,fr_estro,10,0.0,0.0,12
4,fr_varic,32,0.09375,0.2914805954090255,12
4,ana_dime,193,1.5647668393782384,0.5549607394402439,12
4,ana_crea,51,0.8235294117647058,0.3812200410828153,12
4,ana_trop,844,0.726303317535545,0.4458551429247018,12
4,tension_,68,126.95588235294117,21.564836453826324,12
4,ana_hemo,4,13.825,1.2616952880945544,12
4,ana_plaq,5,182.8,66.68852974837577,12
4,ana_leuc,8,8.145,2.4459762877019067,12
4,ana_neu,1034,6.51448742746615,3.02016356954153,12
4,protcrea,1323,37.06020408163265,51.428860624149394,12
4,splanchnic,466,0.017167381974248927,0.12989481502507774,12
5,raza,438,2.8835616438356166,0.6974540194261812,12
5,ant_inf,21,0.0,0.0,12
5,ant_isq,23,0.0,0.0,12
5,ant_clau,23,0.13043478260869565,0.33678116053977536,12
5,fum_act,32,0.375,0.4841229182759271,12
5,diabetes,21,0.047619047619047616,0.21295885499997996,12
5,hip_art,21,0.2857142857142857,0.45175395145262565,12
5,insf_car,4,0.25,0.4330127018922193,12
5,fibr_aur,181,0.03314917127071823,0.17902598614386353,12
5,trat_est,25,0.16,0.36660605559646714,12
5,var171,24,0.041666666666666664,0.19982631347136331,12
5,tv_l_esu,361,0.024930747922437674,0.15591409727944916,12
5,tvp_orig,1294,0.3655332302936631,0.4815793681676395,12
5,tv_l_ein,286,0.479020979020979,0.49955968680305046,12
5,tvp_prox,556,0.841726618705036,0.3649971480277934,12
5,tv_l_svc,476,0.004201680672268907,0.06468405175773384,12
5,tv_l_vre,492,0.018292682926829267,0.13400768887704825,12
5,tv_l_vrn,486,0.01440329218106996,0.11914628552924632,12
5,tv_l_vca,935,0.06203208556149733,0.24121381785127563,12
5,tv_l_yug,948,0.011603375527426161,0.10709219020916366,12
5,tv_l_ova,952,0.008403361344537815,0.09128386967395141,12
5,tv_l_sup,949,0.006322444678609062,0.07926204244084929,12
5,tv_l_pul,948,0.007383966244725738,0.08561216786895712,12
5,tv_l_ove,490,0.04897959183673469,0.21582537251269035,12
5,fr_antfa,701,0.14978601997146934,0.3568615532564077,12
5,fr_tvs_a,255,0.058823529411764705,0.23529411764705885,12
5,fr_viaje,7,0.0,0.0,12
5,fr_estro,10,0.0,0.0,12
5,fr_varic,32,0.15625,0.3630921887069453,12
5,ana_dime,193,1.5595854922279793,0.5647906065256189,12
5,ana_crea,51,0.8823529411764706,0.32218973970892123,12
5,ana_trop,844,0.7428909952606635,0.4370400032277187,12
5,tension_,68,129.75,20.378315320313344,12
5,ana_hemo,4,12.7,1.320984481362291,12
5,ana_plaq,5,271.8,98.19450086435594,12
5,ana_leuc,8,8.2475,3.189810926998652,12
5,ana_neu,1034,6.58306576402321,3.190572849483425,12
5,protcrea,1323,37.01880574452003,51.223733531251234,12
5,splanchnic,466,0.019313304721030045,0.13762376604999108,12
1,raza,438,2.942922374429224,0.5725315475759432,13
1,ant_inf,21,0.09523809523809523,0.29354352395090366,13
1,ant_isq,23,0.0,0.0,13
1,ant_clau,23,0.0,0.0,13
1,fum_act,32,0.1875,0.3903123748998999,13
1,diabetes,21,0.047619047619047616,0.21295885499997996,13
1,hip_art,21,0.2857142857142857,0.45175395145262565,13
1,insf_car,4,0.25,0.4330127018922193,13
1,fibr_aur,181,0.011049723756906077,0.10453529242223483,13
1,trat_est,25,0.24,0.4270831300812524,13
1,var171,24,0.0,0.0,13
1,tv_l_esu,361,0.0110803324099723,0.10467835804815062,13
1,tvp_orig,1294,0.2635239567233385,0.4405440737953633,13
1,tv_l_ein,286,0.38461538461538464,0.48650425541051995,13
1,tvp_prox,556,0.8615107913669064,0.34541272085039515,13
1,tv_l_svc,476,0.0063025210084033615,0.07913784958755196,13
1,tv_l_vre,492,0.01016260162601626,0.1002961771664661,13
1,tv_l_vrn,486,0.00411522633744856,0.06401789788520183,13
1,tv_l_vca,935,0.057754010695187166,0.2332776991994892,13
1,tv_l_yug,948,0.006329113924050633,0.07930357016545357,13
1,tv_l_ova,952,0.005252100840336135,0.07228081541528897,13
1,tv_l_sup,949,0.006322444678609062,0.07926204244084928,13
1,tv_l_pul,948,0.004219409282700422,0.06481979534066336,13
1,tv_l_ove,490,0.0673469387755102,0.25062188374736527,13
1,fr_antfa,701,0.15121255349500715,0.3582559380673637,13
1,fr_tvs_a,255,0.027450980392156862,0.16339346396862478,13
1,fr_viaje,7,0.0,0.0,13
1,fr_estro,10,0.0,0.0,13
1,fr_varic,32,0.1875,0.3903123748998999,13
1,ana_dime,193,1.5233160621761659,0.5393580799864499,13
1,ana_crea,51,0.8823529411764706,0.32218973970892123,13
1,ana_trop,844,0.840047393364929,0.3665620960570219,13
1,tension_,68,127.75,20.591528098025282,13
1,ana_hemo,4,14.7,0.41231056256176596,13
1,ana_plaq,5,185.2,64.89191012753439,13
1,ana_leuc,8,8.83125,2.104384930923998,13
1,ana_neu,1034,6.5757833655706,3.145858506084399,13
1,protcrea,1323,56.781287981859414,59.59267984132495,13
1,splanchnic,466,0.023605150214592276,0.15181550348346773,13
2,raza,438,2.8858447488584473,0.5699720361700252,13
2,ant_inf,21,0.047619047619047616,0.21295885499997996,13
2,ant_isq,23,0.0,0.0,13
2,ant_clau,23,0.0,0.0,13
2,fum_act,32,0.15625,0.3630921887069453,13
2,diabetes,21,0.19047619047619047,0.392676726249301,13
2,hip_art,21,0.38095238095238093,0.4856209060564557,13
2,insf_car,4,0.0,0.0,13
2,fibr_aur,181,0.0055248618784530384,0.07412380035910908,13
2,trat_est,25,0.2,0.4,13
2,var171,24,0.041666666666666664,0.19982631347136334,13
2,tv_l_esu,361,0.01662049861495845,0.1278446621519593,13
2,tvp_orig,1294,0.22642967542503864,0.4185203430084974,13
2,tv_l_ein,286,0.40559440559440557,0.491006704378796,13
2,tvp_prox,556,0.8687050359712231,0.33772266203122814,13
2,tv_l_svc,476,0.018907563025210083,0.13619863099773724,13
2,tv_l_vre,492,0.008130081300813009,0.08979968306656308,13
2,tv_l_vrn,486,0.012345679012345678,0.11042310999998962,13
2,tv_l_vca,935,0.06203208556149733,0.24121381785127566,13
2,tv_l_yug,948,0.0031645569620253164,0.05616531439651533,13
2,tv_l_ova,952,0.0021008403361344537,0.04578675360862052,13
2,tv_l_sup,949,0.007376185458377239,0.08556738482892219,13
2,tv_l_pul,948,0.002109704641350211,0.045883044664412544,13
2,tv_l_ove,490,0.0326530612244898,0.1777268657720591,13
2,fr_antfa,701,0.18972895863052783,0.3920865732048258,13
2,fr_tvs_a,255,0.054901960784313725,0.22778879578757033,13
2,fr_viaje,7,0.0,0.0,13
2,fr_estro,10,0.1,0.30000000000000004,13
2,fr_varic,32,0.21875,0.41339864235384227,13
2,ana_dime,193,1.6062176165803108,0.5194284366778089,13
2,ana_crea,51,0.9019607843137255,0.29736766447260987,13
2,ana_trop,844,0.8151658767772512,0.388162942738261,13
2,tension_,68,135.1764705882353,25.673252948448454,13
2,ana_hemo,4,14.4,1.3247641299491768,13
2,ana_plaq,5,191.6,52.864354720359536,13
2,ana_leuc,8,8.95,2.481506598822578,13
2,ana_neu,1034,6.1861895551257255,2.987735307834036,13
2,protcrea,1323,40.07716855631141,57.244697092829,13
2,splanchnic,466,0.019313304721030045,0.13762376604999105,13
3,raza,438,2.906392694063927,0.6844023831395387,13
3,ant_inf,21,0.047619047619047616,0.21295885499997996,13
3,ant_isq,23,0.0,0.0,13
3,ant_clau,23,0.0,0.0,13
3,fum_act,32,0.1875,0.3903123748998999,13
3,diabetes,21,0.14285714285714285,0.34992710611188255,13
3,hip_art,21,0.23809523809523808,0.4259177099999599,13
3,insf_car,4,0.0,0.0,13
3,fibr_aur,181,0.0055248618784530384,0.07412380035910907,13
3,trat_est,25,0.08,0.2712931993250107,13
3,var171,24,0.0,0.0,13
3,tv_l_esu,361,0.01662049861495845,0.1278446621519593,13
3,tvp_orig,1294,0.16924265842349304,0.37496610645929307,13
3,tv_l_ein,286,0.46853146853146854,0.49900874894856706,13
3,tvp_prox,556,0.8651079136690647,0.3416082718205499,13
3,tv_l_svc,476,0.01050420168067227,0.10195029881135236,13
3,tv_l_vre,492,0.012195121951219513,0.1097560975609756,13
3,tv_l_vrn,486,0.00823045267489712,0.09034773004156438,13
3,tv_l_vca,935,0.09197860962566845,0.28899575255874843,13
3,tv_l_yug,948,0.0031645569620253164,0.05616531439651533,13
3,tv_l_ova,952,0.0063025210084033615,0.07913784958755195,13
3,tv_l_sup,949,0.006322444678609062,0.07926204244084928,13
3,tv_l_pul,948,0.0,0.0,13
3,tv_l_ove,490,0.03469387755102041,0.1830033125697325,13
3,fr_antfa,701,0.16690442225392296,0.3728905148780365,13
3,fr_tvs_a,255,0.047058823529411764,0.21176470588235288,13
3,fr_viaje,7,0.0,0.0,13
3,fr_estro,10,0.0,0.0,13
3,fr_varic,32,0.15625,0.3630921887069453,13
3,ana_dime,193,1.5129533678756477,0.5677773070177294,13
3,ana_crea,51,0.8823529411764706,0.32218973970892123,13
3,ana_trop,844,0.8637440758293838,0.3430601219888832,13
3,tension_,68,132.60294117647058,24.484773002757034,13
3,ana_hemo,4,15.3,1.4300349646075088,13
3,ana_plaq,5,175.6,15.730225681788548,13
3,ana_leuc,8,8.69,2.5031779800885117,13
3,ana_neu,1034,6.579719535783366,3.0625097510862607,13
3,protcrea,1323,32.69738926681784,52.35967274463061,13
3,splanchnic,466,0.015021459227467811,0.1216380491053081,13
4,raza,438,2.9771689497716896,0.6039665113219774,13
4,ant_inf,21,0.0,0.0,13
4,ant_isq,23,0.043478260869565216,0.20393111999232305,13
4,ant_clau,23,0.043478260869565216,0.20393111999232305,13
4,fum_act,32,0.25,0.4330127018922193,13
4,diabetes,21,0.09523809523809523,0.2935435239509036,13
4,hip_art,21,0.23809523809523808,0.4259177099999599,13
4,insf_car,4,0.0,0.0,13
4,fibr_aur,181,0.011049723756906077,0.10453529242223483,13
4,trat_est,25,0.12,0.32496153618543844,13
4,var171,24,0.041666666666666664,0.19982631347136334,13
4,tv_l_esu,361,0.019390581717451522,0.13789339019006802,13
4,tvp_orig,1294,0.21097372488408037,0.4079997699663772,13
4,tv_l_ein,286,0.4230769230769231,0.4940474068717357,13
4,tvp_prox,556,0.8651079136690647,0.34160827182055,13
4,tv_l_svc,476,0.02100840336134454,0.14341216946114294,13
4,tv_l_vre,492,0.0040650406504065045,0.06362795057926232,13
4,tv_l_vrn,486,0.00823045267489712,0.09034773004156439,13
4,tv_l_vca,935,0.08235294117647059,0.2749016810717158,13
4,tv_l_yug,948,0.05063291139240506,0.2192469376669465,13
4,tv_l_ova,952,0.004201680672268907,0.06468405175773384,13
4,tv_l_sup,949,0.005268703898840885,0.07239436896656552,13
4,tv_l_pul,948,0.0031645569620253164,0.056165314396515335,13
4,tv_l_ove,490,0.053061224489795916,0.2241555953917711,13
4,fr_antfa,701,0.14407988587731813,0.3511707168356968,13
4,fr_tvs_a,255,0.07058823529411765,0.2561357771420852,13
4,fr_viaje,7,0.0,0.0,13
4,fr_estro,10,0.1,0.30000000000000004,13
4,fr_varic,32,0.1875,0.3903123748998999,13
4,ana_dime,193,1.5233160621761659,0.5942081320966404,13
4,ana_crea,51,0.9215686274509803,0.2688492000157272,13
4,ana_trop,844,0.8483412322274881,0.35868981854833176,13
4,tension_,68,132.2941176470588,15.594172010467293,13
4,ana_hemo,4,14.625000000000002,0.8642193008721798,13
4,ana_plaq,5,254.8,54.26748566130552,13
4,ana_leuc,8,8.31625,2.497633567499444,13
4,ana_neu,1034,6.848346228239845,3.151673264106703,13
4,protcrea,1323,30.34716402116402,50.66753768841505,13
4,splanchnic,466,0.02145922746781116,0.14490938211273935,13
5,raza,438,2.910958904109589,0.5267445406423458,13
5,ant_inf,21,0.047619047619047616,0.21295885499997996,13
5,ant_isq,23,0.13043478260869565,0.33678116053977536,13
5,ant_clau,23,0.0,0.0,13
5,fum_act,32,0.15625,0.3630921887069453,13
5,diabetes,21,0.14285714285714285,0.34992710611188255,13
5,hip_art,21,0.14285714285714285,0.34992710611188255,13
5,insf_car,4,0.0,0.0,13
5,fibr_aur,181,0.016574585635359115,0.1276709393181364,13
5,trat_est,25,0.16,0.36660605559646714,13
5,var171,24,0.041666666666666664,0.19982631347136331,13
5,tv_l_esu,361,0.00554016620498615,0.07422582275332003,13
5,tvp_orig,1294,0.31916537867078826,0.4661532363169011,13
5,tv_l_ein,286,0.4195804195804196,0.4934903150874783,13
5,tvp_prox,556,0.8848920863309353,0.31915212968084655,13
5,tv_l_svc,476,0.008403361344537815,0.0912838696739514,13
5,tv_l_vre,492,0.01016260162601626,0.1002961771664661,13
5,tv_l_vrn,486,0.012345679012345678,0.11042310999998962,13
5,tv_l_vca,935,0.06096256684491978,0.23926163981841816,13
5,tv_l_yug,948,0.010548523206751054,0.10216286930635657,13
5,tv_l_ova,952,0.011554621848739496,0.10686960542021351,13
5,tv_l_sup,949,0.01053740779768177,0.10210960206849858,13
5,tv_l_pul,948,0.004219409282700422,0.06481979534066336,13
5,tv_l_ove,490,0.04693877551020408,0.21150774658108093,13
5,fr_antfa,701,0.15549215406562053,0.3623732110540925,13
5,fr_tvs_a,255,0.06666666666666667,0.24944382578492943,13
5,fr_viaje,7,0.0,0.0,13
5,fr_estro,10,0.0,0.0,13
5,fr_varic,32,0.15625,0.3630921887069453,13
5,ana_dime,193,1.5077720207253886,0.5678718656505807,13
5,ana_crea,51,0.9803921568627451,0.1386483884679505,13
5,ana_trop,844,0.8507109004739336,0.35637320927471894,13
5,tension_,68,131.73529411764707,18.325181683602054,13
5,ana_hemo,4,14.55,1.4221462653327888,13
5,ana_plaq,5,245.8,48.78278384840291,13
5,ana_leuc,8,8.283750000000001,2.376367698295026,13
5,ana_neu,1034,6.729206963249516,3.1131815823231883,13
5,protcrea,1323,31.566574452003024,51.53874525195773,13
5,splanchnic,466,0.023605150214592276,0.1518155034834677,13
1,raza,438,2.91324200913242,0.703389050272644,14
1,ant_inf,21,0.09523809523809523,0.2935435239509036,14
1,ant_isq,23,0.0,0.0,14
1,ant_clau,23,0.0,0.0,14
1,fum_act,32,0.21875,0.41339864235384227,14
1,diabetes,21,0.047619047619047616,0.21295885499998,14
1,hip_art,21,0.2857142857142857,0.45175395145262565,14
1,insf_car,4,0.0,0.0,14
1,fibr_aur,181,0.011049723756906077,0.10453529242223483,14
1,trat_est,25,0.24,0.4270831300812524,14
1,var171,24,0.0,0.0,14
1,tv_l_esu,361,0.00554016620498615,0.07422582275332003,14
1,tvp_orig,1294,0.3207109737248841,0.46674987419100694,14
1,tv_l_ein,286,0.7902097902097902,0.40715878679747236,14
1,tvp_prox,556,0.8669064748201439,0.3396757847345835,14
1,tv_l_svc,476,0.014705882352941176,0.12037283488047722,14
1,tv_l_vre,492,0.0040650406504065045,0.06362795057926232,14
1,tv_l_vrn,486,0.012345679012345678,0.11042310999998962,14
1,tv_l_vca,935,0.05561497326203209,0.2291766742299389,14
1,tv_l_yug,948,0.015822784810126583,0.12478951995652125,14
1,tv_l_ova,952,0.005252100840336135,0.07228081541528897,14
1,tv_l_sup,949,0.004214963119072708,0.06478577934221033,14
1,tv_l_pul,948,0.0031645569620253164,0.05616531439651533,14
1,tv_l_ove,490,0.044897959183673466,0.20708001459536035,14
1,fr_antfa,701,0.14978601997146934,0.3568615532564077,14
1,fr_tvs_a,255,0.06274509803921569,0.24250391896063228,14
1,fr_viaje,7,0.0,0.0,14
1,fr_estro,10,0.0,0.0,14
1,fr_varic,32,0.25,0.4330127018922193,14
1,ana_dime,193,1.6062176165803108,0.5390095448418226,14
1,ana_crea,51,0.9607843137254902,0.1941077438551307,14
1,ana_trop,844,0.735781990521327,0.44091592503083943,14
1,tension_,68,133.05882352941177,22.361917702240998,14
1,ana_hemo,4,14.274999999999999,1.8673175948402567,14
1,ana_plaq,5,231.8,79.65776798278998,14
1,ana_leuc,8,7.7162500000000005,2.5293622590487117,14
1,ana_neu,1034,6.572533849129594,3.0774472517568086,14
1,protcrea,1323,25.738789115646263,29.371296177415612,14
1,splanchnic,466,0.027896995708154508,0.16467772569055514,14
2,raza,438,2.904109589041096,0.5571711875918204,14
2,ant_inf,21,0.09523809523809523,0.29354352395090366,14
2,ant_isq,23,0.0,0.0,14
2,ant_clau,23,0.08695652173913043,0.2817713347133852,14
2,fum_act,32,0.1875,0.3903123748998999,14
2,diabetes,21,0.09523809523809523,0.2935435239509036,14
2,hip_art,21,0.2857142857142857,0.45175395145262565,14
2,insf_car,4,0.0,0.0,14
2,fibr_aur,181,0.011049723756906077,0.10453529242223483,14
2,trat_est,25,0.16,0.36660605559646714,14
2,var171,24,0.08333333333333333,0.2763853991962833,14
2,tv_l_esu,361,0.002770083102493075,0.052558631470942606,14
2,tvp_orig,1294,0.20247295208655333,0.4018428246963104,14
2,tv_l_ein,286,0.7867132867132867,0.4096284795055937,14
2,tvp_prox,556,0.8992805755395683,0.30095684407700557,14
2,tv_l_svc,476,0.0021008403361344537,0.04578675360862052,14
2,tv_l_vre,492,0.008130081300813009,0.08979968306656308,14
2,tv_l_vrn,486,0.012345679012345678,0.11042310999998964,14
2,tv_l_vca,935,0.0427807486631016,0.20236243773716045,14
2,tv_l_yug,948,0.015822784810126583,0.12478951995652125,14
2,tv_l_ova,952,0.0010504201680672268,0.03239315954854889,14
2,tv_l_sup,949,0.011591148577449948,0.10703641367359722,14
2,tv_l_pul,948,0.007383966244725738,0.0856121678689571,14
2,tv_l_ove,490,0.04693877551020408,0.21150774658108093,14
2,fr_antfa,701,0.16262482168330955,0.3690230196827582,14
2,fr_tvs_a,255,0.043137254901960784,0.20316602112923324,14
2,fr_viaje,7,0.0,0.0,14
2,fr_estro,10,0.0,0.0,14
2,fr_varic,32,0.09375,0.2914805954090255,14
2,ana_dime,193,1.461139896373057,0.6190354741473537,14
2,ana_crea,51,0.9019607843137255,0.29736766447260987,14
2,ana_trop,844,0.7535545023696683,0.4309409638547604,14
2,tension_,68,132.76470588235293,24.54894130163543,14
2,ana_hemo,4,13.9,1.1640446726822815,14
2,ana_plaq,5,200.6,49.37853784793552,14
2,ana_leuc,8,7.93875,3.2957640900859393,14
2,ana_neu,1034,6.555889748549323,3.162502319389878,14
2,protcrea,1323,26.043726379440663,29.41453648642494,14
2,splanchnic,466,0.01072961373390558,0.10302664278247042,14
3,raza,438,2.9269406392694064,0.5884390396002109,14
3,ant_inf,21,0.0,0.0,14
3,ant_isq,23,0.0,0.0,14
3,ant_clau,23,0.0,0.0,14
3,fum_act,32,0.21875,0.41339864235384227,14
3,diabetes,21,0.19047619047619047,0.39267672624930106,14
3,hip_art,21,0.3333333333333333,0.4714045207910317,14
3,insf_car,4,0.0,0.0,14
3,fibr_aur,181,0.0055248618784530384,0.07412380035910908,14
3,trat_est,25,0.16,0.36660605559646714,14
3,var171,24,0.0,0.0,14
3,tv_l_esu,361,0.00554016620498615,0.07422582275332001,14
3,tvp_orig,1294,0.27125193199381764,0.44460580448689485,14
3,tv_l_ein,286,0.7972027972027972,0.40208269962140003,14
3,tvp_prox,556,0.8651079136690647,0.34160827182055,14
3,tv_l_svc,476,0.0,0.0,14
3,tv_l_vre,492,0.01016260162601626,0.10029617716646609,14
3,tv_l_vrn,486,0.00823045267489712,0.09034773004156439,14
3,tv_l_vca,935,0.051336898395721926,0.2206839850529015,14
3,tv_l_yug,948,0.011603375527426161,0.10709219020916366,14
3,tv_l_ova,952,0.0,0.0,14
3,tv_l_sup,949,0.002107481559536354,0.04585891495677332,14
3,tv_l_pul,948,0.0031645569620253164,0.056165314396515335,14
3,tv_l_ove,490,0.03877551020408163,0.1930594986331799,14
3,fr_antfa,701,0.14978601997146934,0.3568615532564077,14
3,fr_tvs_a,255,0.050980392156862744,0.219957704507924,14
3,fr_viaje,7,0.0,0.0,14
3,fr_estro,10,0.0,0.0,14
3,fr_varic,32,0.25,0.4330127018922193,14
3,ana_dime,193,1.5181347150259068,0.5298671673282688,14
3,ana_crea,51,0.8627450980392157,0.34411625048596556,14
3,ana_trop,844,0.7286729857819905,0.44464442600076476,14
3,tension_,68,136.39705882352942,25.28667383628029,14
3,ana_hemo,4,15.174999999999999,1.0709224995301942,14
3,ana_plaq,5,182.0,22.978250586152114,14
3,ana_leuc,8,7.76125,2.2930244083960383,14
3,ana_neu,1034,6.55742746615087,3.050570412630687,14
3,protcrea,1323,12.330913076341647,18.115160847140316,14
3,splanchnic,466,0.01072961373390558,0.10302664278247042,14
4,raza,438,2.9086757990867578,0.6896942475965276,14
4,ant_inf,21,0.047619047619047616,0.21295885499998,14
4,ant_isq,23,0.0,0.0,14
4,ant_clau,23,0.08695652173913043,0.2817713347133853,14
4,fum_act,32,0.21875,0.41339864235384227,14
4,diabetes,21,0.0,0.0,14
4,hip_art,21,0.23809523809523808,0.4259177099999599,14
4,insf_car,4,0.0,0.0,14
4,fibr_aur,181,0.011049723756906077,0.10453529242223483,14
4,trat_est,25,0.24,0.4270831300812524,14
4,var171,24,0.0,0.0,14
4,tv_l_esu,361,0.013850415512465374,0.11686993412592234,14
4,tvp_orig,1294,0.21792890262751158,0.412838825726312,14
4,tv_l_ein,286,0.8041958041958042,0.39681848836674427,14
4,tvp_prox,556,0.8902877697841727,0.31253072930017084,14
4,tv_l_svc,476,0.004201680672268907,0.06468405175773384,14
4,tv_l_vre,492,0.01016260162601626,0.1002961771664661,14
4,tv_l_vrn,486,0.012345679012345678,0.11042310999998962,14
4,tv_l_vca,935,0.045989304812834225,0.20946190263545889,14
4,tv_l_yug,948,0.016877637130801686,0.1288129748731962,14
4,tv_l_ova,952,0.007352941176470588,0.08543345616634007,14
4,tv_l_sup,949,0.01053740779768177,0.10210960206849858,14
4,tv_l_pul,948,0.004219409282700422,0.06481979534066336,14
4,tv_l_ove,490,0.05918367346938776,0.2359681467148832,14
4,fr_antfa,701,0.14407988587731813,0.3511707168356968,14
4,fr_tvs_a,255,0.03137254901960784,0.1743224374187676,14
4,fr_viaje,7,0.0,0.0,14
4,fr_estro,10,0.0,0.0,14
4,fr_varic,32,0.3125,0.46351240544347894,14
4,ana_dime,193,1.4766839378238341,0.5582405637784716,14
4,ana_crea,51,0.8823529411764706,0.32218973970892123,14
4,ana_trop,844,0.7879146919431279,0.40878494366022544,14
4,tension_,68,132.6764705882353,22.574348519340806,14
4,ana_hemo,4,13.600000000000001,0.33911649915626335,14
4,ana_plaq,5,161.0,26.183964558485027,14
4,ana_leuc,8,7.98125,2.357691866529636,14
4,ana_neu,1034,6.58742746615087,3.2725949807731753,14
4,protcrea,1323,21.86419501133787,27.5369718104782,14
4,splanchnic,466,0.023605150214592276,0.15181550348346773,14
5,raza,438,2.9771689497716896,0.66513240604762,14
5,ant_inf,21,0.047619047619047616,0.21295885499997996,14
5,ant_isq,23,0.0,0.0,14
5,ant_clau,23,0.08695652173913043,0.2817713347133852,14
5,fum_act,32,0.3125,0.46351240544347894,14
5,diabetes,21,0.09523809523809523,0.2935435239509036,14
5,hip_art,21,0.2857142857142857,0.45175395145262565,14
5,insf_car,4,0.0,0.0,14
5,fibr_aur,181,0.0055248618784530384,0.07412380035910908,14
5,trat_est,25,0.2,0.4,14
5,var171,24,0.041666666666666664,0.19982631347136334,14
5,tv_l_esu,361,0.008310249307479225,0.0907809950591354,14
5,tvp_orig,1294,0.4273570324574961,0.4946948546999642,14
5,tv_l_ein,286,0.7377622377622378,0.4398512456436756,14
5,tvp_prox,556,0.89568345323741,0.30567074579376796,14
5,tv_l_svc,476,0.014705882352941176,0.12037283488047723,14
5,tv_l_vre,492,0.0,0.0,14
5,tv_l_vrn,486,0.00411522633744856,0.06401789788520183,14
5,tv_l_vca,935,0.057754010695187166,0.2332776991994892,14
5,tv_l_yug,948,0.007383966244725738,0.0856121678689571,14
5,tv_l_ova,952,0.0031512605042016808,0.05604756963005924,14
5,tv_l_sup,949,0.002107481559536354,0.04585891495677332,14
5,tv_l_pul,948,0.0,0.0,14
5,tv_l_ove,490,0.036734693877551024,0.18810969178453738,14
5,fr_antfa,701,0.12838801711840228,0.3345213508564246,14
5,fr_tvs_a,255,0.058823529411764705,0.23529411764705885,14
5,fr_viaje,7,0.14285714285714285,0.34992710611188266,14
5,fr_estro,10,0.1,0.30000000000000004,14
5,fr_varic,32,0.15625,0.3630921887069453,14
5,ana_dime,193,1.4766839378238341,0.5854234449945273,14
5,ana_crea,51,0.8431372549019608,0.3636713135488511,14
5,ana_trop,844,0.783175355450237,0.4120821739236386,14
5,tension_,68,135.39705882352942,22.70860144493216,14
5,ana_hemo,4,13.625,2.322041127973404,14
5,ana_plaq,5,217.4,35.92547842409339,14
5,ana_leuc,8,7.25375,2.2694103722112495,14
5,ana_neu,1034,6.579119922630561,3.146538040968009,14
5,protcrea,1323,60.7842857142857,43.76126450988542,14
5,splanchnic,466,0.02145922746781116,0.14490938211273935,14
1,raza,438,2.9680365296803655,0.5684885661182071,15
1,ant_inf,21,0.0,0.0,15
1,ant_isq,23,0.043478260869565216,0.20393111999232305,15
1,ant_clau,23,0.0,0.0,15
1,fum_act,32,0.1875,0.3903123748998999,15
1,diabetes,21,0.14285714285714285,0.34992710611188255,15
1,hip_art,21,0.38095238095238093,0.4856209060564557,15
1,insf_car,4,0.0,0.0,15
1,fibr_aur,181,0.0055248618784530384,0.07412380035910907,15
1,trat_est,25,0.12,0.32496153618543844,15
1,var171,24,0.0,0.0,15
1,tv_l_esu,361,0.0,0.0,15
1,tvp_orig,1294,0.3323029366306028,0.47103895267512685,15
1,tv_l_ein,286,0.4195804195804196,0.4934903150874783,15
1,tvp_prox,556,0.9100719424460432,0.28607866403933213,15
1,tv_l_svc,476,0.01680672268907563,0.12854671042670882,15
1,tv_l_vre,492,0.0020325203252032522,0.04503764188243971,15
1,tv_l_vrn,486,0.00823045267489712,0.09034773004156438,15
1,tv_l_vca,935,0.06631016042780749,0.24882347769421984,15
1,tv_l_yug,948,0.020042194092827006,0.14014458444325437,15
1,tv_l_ova,952,0.007352941176470588,0.08543345616634007,15
1,tv_l_sup,949,0.005268703898840885,0.07239436896656552,15
1,tv_l_pul,948,0.0010548523206751054,0.03246135559795172,15
1,tv_l_ove,490,0.04081632653061224,0.19786448397617667,15
1,fr_antfa,701,0.15263908701854492,0.35963925833074734,15
1,fr_tvs_a,255,0.043137254901960784,0.20316602112923324,15
1,fr_viaje,7,0.0,0.0,15
1,fr_estro,10,0.1,0.30000000000000004,15
1,fr_varic,32,0.0625,0.24206145913796356,15
1,ana_dime,193,1.5129533678756477,0.6201187274767743,15
1,ana_crea,51,0.9215686274509803,0.2688492000157272,15
1,ana_trop,844,0.8127962085308057,0.3900750337162746,15
1,tension_,68,135.11764705882354,23.100502548496202,15
1,ana_hemo,4,13.1,1.7507141400011599,15
1,ana_plaq,5,217.2,88.1167407477149,15
1,ana_leuc,8,7.6312500000000005,2.314570356999329,15
1,ana_neu,1034,6.687891682785301,3.0025146140543164,15
1,protcrea,1323,43.030120937263796,57.35842638598034,15
1,splanchnic,466,0.02145922746781116,0.14490938211273935,15
2,raza,438,2.8835616438356166,0.6429484804268086,15
2,ant_inf,21,0.0,0.0,15
2,ant_isq,23,0.0,0.0,15
2,ant_clau,23,0.0,0.0,15
2,fum_act,32,0.09375,0.2914805954090255,15
2,diabetes,21,0.0,0.0,15
2,hip_art,21,0.3333333333333333,0.4714045207910317,15
2,insf_car,4,0.0,0.0,15
2,fibr_aur,181,0.011049723756906077,0.10453529242223482,15
2,trat_est,25,0.2,0.4,15
2,var171,24,0.08333333333333333,0.2763853991962833,15
2,tv_l_esu,361,0.008310249307479225,0.0907809950591354,15
2,tvp_orig,1294,0.16383307573415765,0.3701240319536728,15
2,tv_l_ein,286,0.45104895104895104,0.497598025324249,15
2,tvp_prox,556,0.8669064748201439,0.3396757847345835,15
2,tv_l_svc,476,0.008403361344537815,0.09128386967395141,15
2,tv_l_vre,492,0.006097560975609756,0.07784844716343724,15
2,tv_l_vrn,486,0.00823045267489712,0.09034773004156439,15
2,tv_l_vca,935,0.08128342245989305,0.27326988069141395,15
2,tv_l_yug,948,0.022151898734177215,0.147177417142196,15
2,tv_l_ova,952,0.0031512605042016808,0.05604756963005924,15
2,tv_l_sup,949,0.015806111696522657,0.12472481120274226,15
2,tv_l_pul,948,0.002109704641350211,0.045883044664412544,15
2,tv_l_ove,490,0.04081632653061224,0.19786448397617667,15
2,fr_antfa,701,0.16547788873038516,0.37161129836392137,15
2,fr_tvs_a,255,0.047058823529411764,0.2117647058823529,15
2,fr_viaje,7,0.0,0.0,15
2,fr_estro,10,0.0,0.0,15
2,fr_varic,32,0.15625,0.3630921887069453,15
2,ana_dime,193,1.4974093264248705,0.54936942025655,15
2,ana_crea,51,0.9215686274509803,0.2688492000157272,15
2,ana_trop,844,0.8507109004739336,0.35637320927471894,15
2,tension_,68,127.6029411764706,20.10497429367869,15
2,ana_hemo,4,14.399999999999999,0.49497474683058346,15
2,ana_plaq,5,287.4,137.46505010365362,15
2,ana_leuc,8,8.53875,2.163321736936048,15
2,ana_neu,1034,6.541121856866537,3.13647831603064,15
2,protcrea,1323,55.80250188964474,60.71133498350223,15
2,splanchnic,466,0.015021459227467811,0.12163804910530808,15
3,raza,438,2.915525114155251,0.604160667689463,15
3,ant_inf,21,0.0,0.0,15
3,ant_isq,23,0.0,0.0,15
3,ant_clau,23,0.0,0.0,15
3,fum_act,32,0.1875,0.3903123748998999,15
3,diabetes,21,0.0,0.0,15
3,hip_art,21,0.2857142857142857,0.45175395145262565,15
3,insf_car,4,0.25,0.4330127018922193,15
3,fibr_aur,181,0.0055248618784530384,0.07412380035910907,15
3,trat_est,25,0.08,0.2712931993250107,15
3,var171,24,0.08333333333333333,0.2763853991962833,15
3,tv_l_esu,361,0.019390581717451522,0.13789339019006805,15
3,tvp_orig,1294,0.2751159196290572,0.44657267090107,15
3,tv_l_ein,286,0.46153846153846156,0.4985185152621431,15
3,tvp_prox,556,0.8705035971223022,0.3357485435849794,15
3,tv_l_svc,476,0.012605042016806723,0.11156233653236769,15
3,tv_l_vre,492,0.0020325203252032522,0.04503764188243971,15
3,tv_l_vrn,486,0.01440329218106996,0.1191462855292463,15
3,tv_l_vca,935,0.03636363636363636,0.18719327529067276,15
3,tv_l_yug,948,0.017932489451476793,0.13270612372286922,15
3,tv_l_ova,952,0.0063025210084033615,0.07913784958755193,15
3,tv_l_sup,949,0.009483667017913594,0.09692124162332491,15
3,tv_l_pul,948,0.0,0.0,15
3,tv_l_ove,490,0.03877551020408163,0.1930594986331799,15
3,fr_antfa,701,0.12125534950071326,0.32642378852983917,15
3,fr_tvs_a,255,0.027450980392156862,0.16339346396862475,15
3,fr_viaje,7,0.14285714285714285,0.3499271061118826,15
3,fr_estro,10,0.0,0.0,15
3,fr_varic,32,0.1875,0.3903123748998999,15
3,ana_dime,193,1.4974093264248705,0.5493694202565501,15
3,ana_crea,51,0.9019607843137255,0.29736766447260987,15
3,ana_trop,844,0.8341232227488151,0.37196998806348025,15
3,tension_,68,132.01470588235293,17.45961107903443,15
3,ana_hemo,4,12.425,2.358362779557038,15
3,ana_plaq,5,228.8,79.28278501667307,15
3,ana_leuc,8,8.90375,2.1011540727657265,15
3,ana_neu,1034,6.726499032882011,3.075314694547855,15
3,protcrea,1323,68.1830536659108,57.061428546016636,15
3,splanchnic,466,0.012875536480686695,0.11273755825376562,15
4,raza,438,2.8995433789954337,0.5522471914342614,15
4,ant_inf,21,0.047619047619047616,0.21295885499997996,15
4,ant_isq,23,0.043478260869565216,0.20393111999232305,15
4,ant_clau,23,0.043478260869565216,0.20393111999232305,15
4,fum_act,32,0.34375,0.47495887979908324,15
4,diabetes,21,0.14285714285714285,0.3499271061118826,15
4,hip_art,21,0.23809523809523808,0.4259177099999599,15
4,insf_car,4,0.0,0.0,15
4,fibr_aur,181,0.0,0.0,15
4,trat_est,25,0.16,0.36660605559646714,15
4,var171,24,0.08333333333333333,0.2763853991962833,15
4,tv_l_esu,361,0.013850415512465374,0.11686993412592234,15
4,tvp_orig,1294,0.24420401854714066,0.4296142640469104,15
4,tv_l_ein,286,0.3916083916083916,0.48810988438084324,15
4,tvp_prox,556,0.89568345323741,0.30567074579376796,15
4,tv_l_svc,476,0.01680672268907563,0.12854671042670882,15
4,tv_l_vre,492,0.01016260162601626,0.1002961771664661,15
4,tv_l_vrn,486,0.01440329218106996,0.11914628552924632,15
4,tv_l_vca,935,0.040641711229946524,0.19745876161428785,15
4,tv_l_yug,948,0.00949367088607595,0.0969718572534466,15
4,tv_l_ova,952,0.005252100840336135,0.07228081541528897,15
4,tv_l_sup,949,0.008429926238145416,0.09142681544144934,15
4,tv_l_pul,948,0.0010548523206751054,0.03246135559795172,15
4,tv_l_ove,490,0.061224489795918366,0.23974163519328023,15
4,fr_antfa,701,0.12268188302425106,0.3280716973496419,15
4,fr_tvs_a,255,0.0392156862745098,0.1941077438551307,15
4,fr_viaje,7,0.0,0.0,15
4,fr_estro,10,0.0,0.0,15
4,fr_varic,32,0.15625,0.3630921887069453,15
4,ana_dime,193,1.616580310880829,0.527124091952741,15
4,ana_crea,51,0.8627450980392157,0.34411625048596556,15
4,ana_trop,844,0.8246445497630331,0.3802708459889575,15
4,tension_,68,129.85294117647058,20.507003614176156,15
4,ana_hemo,4,13.825,0.8613216588476109,15
4,ana_plaq,5,199.2,50.400000000000006,15
4,ana_leuc,8,8.697500000000002,3.53952592164544,15
4,ana_neu,1034,6.723365570599613,3.165430183624751,15
4,protcrea,1323,22.561919879062735,36.95342579241532,15
4,splanchnic,466,0.019313304721030045,0.13762376604999105,15
5,raza,438,2.970319634703196,0.5025372955812283,15
5,ant_inf,21,0.0,0.0,15
5,ant_isq,23,0.043478260869565216,0.20393111999232305,15
5,ant_clau,23,0.0,0.0,15
5,fum_act,32,0.375,0.4841229182759271,15
5,diabetes,21,0.047619047619047616,0.21295885499998,15
5,hip_art,21,0.38095238095238093,0.4856209060564557,15
5,insf_car,4,0.0,0.0,15
5,fibr_aur,181,0.0,0.0,15
5,trat_est,25,0.2,0.4,15
5,var171,24,0.0,0.0,15
5,tv_l_esu,361,0.01662049861495845,0.1278446621519593,15
5,tvp_orig,1294,0.2550231839258114,0.4358742474454681,15
5,tv_l_ein,286,0.46853146853146854,0.499008748948567,15
5,tvp_prox,556,0.8705035971223022,0.3357485435849794,15
5,tv_l_svc,476,0.004201680672268907,0.06468405175773384,15
5,tv_l_vre,492,0.0020325203252032522,0.04503764188243971,15
5,tv_l_vrn,486,0.006172839506172839,0.0783245527188242,15
5,tv_l_vca,935,0.06310160427807486,0.24314561854084088,15
5,tv_l_yug,948,0.008438818565400843,0.09147461345434091,15
5,tv_l_ova,952,0.007352941176470588,0.08543345616634007,15
5,tv_l_sup,949,0.009483667017913594,0.09692124162332491,15
5,tv_l_pul,948,0.005274261603375527,0.07243233924094047,15
5,tv_l_ove,490,0.053061224489795916,0.22415559539177113,15
5,fr_antfa,701,0.15263908701854492,0.3596392583307473,15
5,fr_tvs_a,255,0.050980392156862744,0.21995770450792404,15
5,fr_viaje,7,0.14285714285714285,0.34992710611188266,15
5,fr_estro,10,0.0,0.0,15
5,fr_varic,32,0.15625,0.3630921887069453,15
5,ana_dime,193,1.5958549222797926,0.5504434572940655,15
5,ana_crea,51,0.9411764705882353,0.23529411764705882,15
5,ana_trop,844,0.8353080568720379,0.3709022876671135,15
5,tension_,68,134.63235294117646,21.429710280331882,15
5,ana_hemo,4,13.125,2.0704769981818196,15
5,ana_plaq,5,296.8,183.72849534027105,15
5,ana_leuc,8,8.79375,3.509743357782731,15
5,ana_neu,1034,6.61963249516441,3.153161757966667,15
5,protcrea,1323,62.47012093726379,57.53303229821587,15
5,splanchnic,466,0.019313304721030045,0.13762376604999105,15
1,raza,438,2.865296803652968,0.5714927010394635,16
1,ant_inf,21,0.0,0.0,16
1,ant_isq,23,0.0,0.0,16
1,ant_clau,23,0.0,0.0,16
1,fum_act,32,0.28125,0.4496092053105675,16
1,diabetes,21,0.0,0.0,16
1,hip_art,21,0.23809523809523808,0.4259177099999599,16
1,insf_car,4,0.0,0.0,16
1,fibr_aur,181,0.0055248618784530384,0.07412380035910907,16
1,trat_est,25,0.2,0.4,16
1,var171,24,0.08333333333333333,0.2763853991962833,16
1,tv_l_esu,361,0.00554016620498615,0.07422582275332003,16
1,tvp_orig,1294,0.2187017001545595,0.413365778099814,16
1,tv_l_ein,286,0.4090909090909091,0.49166608301781667,16
1,tvp_prox,556,0.8812949640287769,0.3234411080958845,16
1,tv_l_svc,476,0.023109243697478993,0.15025047937763633,16
1,tv_l_vre,492,0.018292682926829267,0.13400768887704825,16
1,tv_l_vrn,486,0.006172839506172839,0.0783245527188242,16
1,tv_l_vca,935,0.044919786096256686,0.2071279771381047,16
1,tv_l_yug,948,0.00949367088607595,0.0969718572534466,16
1,tv_l_ova,952,0.007352941176470588,0.08543345616634007,16
1,tv_l_sup,949,0.0,0.0,16
1,tv_l_pul,948,0.0010548523206751054,0.03246135559795172,16
1,tv_l_ove,490,0.03469387755102041,0.1830033125697325,16
1,fr_antfa,701,0.14407988587731813,0.3511707168356968,16
1,fr_tvs_a,255,0.023529411764705882,0.15157763207911915,16
1,fr_viaje,7,0.0,0.0,16
1,fr_estro,10,0.0,0.0,16
1,fr_varic,32,0.25,0.4330127018922193,16
1,ana_dime,193,1.5233160621761659,0.5393580799864499,16
1,ana_crea,51,0.9019607843137255,0.29736766447260987,16
1,ana_trop,844,0.8566350710900474,0.35044461198397214,16
1,tension_,68,130.60294117647058,24.235450277909226,16
1,ana_hemo,4,14.899999999999999,2.110687091920543,16
1,ana_plaq,5,213.4,83.46640042556047,16
1,ana_leuc,8,9.77125,3.3213981901452283,16
1,ana_neu,1034,6.304893617021277,3.198400929994884,16
1,protcrea,1323,50.837768707482994,60.97868683855216,16
1,splanchnic,466,0.019313304721030045,0.13762376604999108,16
2,raza,438,2.9269406392694064,0.5687085836325211,16
2,ant_inf,21,0.047619047619047616,0.21295885499998,16
2,ant_isq,23,0.08695652173913043,0.2817713347133853,16
2,ant_clau,23,0.0,0.0,16
2,fum_act,32,0.21875,0.41339864235384227,16
2,diabetes,21,0.047619047619047616,0.21295885499998,16
2,hip_art,21,0.2857142857142857,0.45175395145262565,16
2,insf_car,4,0.0,0.0,16
2,fibr_aur,181,0.0,0.0,16
2,trat_est,25,0.24,0.4270831300812524,16
2,var171,24,0.08333333333333333,0.2763853991962833,16
2,tv_l_esu,361,0.0110803324099723,0.10467835804815062,16
2,tvp_orig,1294,0.31916537867078826,0.4661532363169011,16
2,tv_l_ein,286,0.4125874125874126,0.4922997456447004,16
2,tvp_prox,556,0.8902877697841727,0.3125307293001708,16
2,tv_l_svc,476,0.008403361344537815,0.0912838696739514,16
2,tv_l_vre,492,0.0040650406504065045,0.06362795057926232,16
2,tv_l_vrn,486,0.00823045267489712,0.0903477300415644,16
2,tv_l_vca,935,0.0748663101604278,0.26317550372971726,16
2,tv_l_yug,948,0.020042194092827006,0.14014458444325434,16
2,tv_l_ova,952,0.0063025210084033615,0.07913784958755195,16
2,tv_l_sup,949,0.007376185458377239,0.08556738482892219,16
2,tv_l_pul,948,0.004219409282700422,0.06481979534066336,16
2,tv_l_ove,490,0.05102040816326531,0.22003937400865126,16
2,fr_antfa,701,0.15121255349500715,0.3582559380673637,16
2,fr_tvs_a,255,0.06666666666666667,0.24944382578492946,16
2,fr_viaje,7,0.0,0.0,16
2,fr_estro,10,0.0,0.0,16
2,fr_varic,32,0.15625,0.3630921887069453,16
2,ana_dime,193,1.5233160621761659,0.5296644637373282,16
2,ana_crea,51,0.9215686274509803,0.2688492000157272,16
2,ana_trop,844,0.8590047393364929,0.3480166621498701,16
2,tension_,68,131.39705882352942,19.577252485445772,16
2,ana_hemo,4,13.0,1.9326148090087687,16
2,ana_plaq,5,318.0,70.65691756650583,16
2,ana_leuc,8,8.92625,2.5829389147829263,16
2,ana_neu,1034,6.867030947775629,3.0264227092233775,16
2,protcrea,1323,31.078287226001507,51.73023585511417,16
2,splanchnic,466,0.017167381974248927,0.12989481502507774,16
3,raza,438,2.910958904109589,0.6437748926964912,16
3,ant_inf,21,0.047619047619047616,0.21295885499997996,16
3,ant_isq,23,0.0,0.0,16
3,ant_clau,23,0.08695652173913043,0.2817713347133852,16
3,fum_act,32,0.1875,0.3903123748998999,16
3,diabetes,21,0.09523809523809523,0.29354352395090366,16
3,hip_art,21,0.3333333333333333,0.4714045207910317,16
3,insf_car,4,0.0,0.0,16
3,fibr_aur,181,0.0055248618784530384,0.07412380035910907,16
3,trat_est,25,0.08,0.2712931993250107,16
3,var171,24,0.0,0.0,16
3,tv_l_esu,361,0.027700831024930747,0.16411427416729776,16
3,tvp_orig,1294,0.23183925811437403,0.4220068915448546,16
3,tv_l_ein,286,0.43356643356643354,0.49556692913361056,16
3,tvp_prox,556,0.8669064748201439,0.33967578473458354,16
3,tv_l_svc,476,0.01680672268907563,0.12854671042670884,16
3,tv_l_vre,492,0.012195121951219513,0.1097560975609756,16
3,tv_l_vrn,486,0.0102880658436214,0.10090699452871792,16
3,tv_l_vca,935,0.05454545454545454,0.22709083630539628,16
3,tv_l_yug,948,0.020042194092827006,0.14014458444325434,16
3,tv_l_ova,952,0.0,0.0,16
3,tv_l_sup,949,0.005268703898840885,0.07239436896656552,16
3,tv_l_pul,948,0.006329113924050633,0.07930357016545357,16
3,tv_l_ove,490,0.053061224489795916,0.22415559539177113,16
3,fr_antfa,701,0.11126961483594865,0.3144657177661951,16
3,fr_tvs_a,255,0.06666666666666667,0.24944382578492946,16
3,fr_viaje,7,0.0,0.0,16
3,fr_estro,10,0.0,0.0,16
3,fr_varic,32,0.1875,0.3903123748998999,16
3,ana_dime,193,1.544041450777202,0.5380623828288983,16
3,ana_crea,51,0.9215686274509803,0.2688492000157272,16
3,ana_trop,844,0.8661137440758294,0.3405300668058227,16
3,tension_,68,132.48529411764707,24.90481446903438,16
3,ana_hemo,4,14.299999999999999,1.7535677916750183,16
3,ana_plaq,5,173.6,72.97287167160135,16
3,ana_leuc,8,8.459999999999999,2.6224654430516328,16
3,ana_neu,1034,6.512727272727273,3.063432183015185,16
3,protcrea,1323,22.65519879062736,43.34901611700035,16
3,splanchnic,466,0.02145922746781116,0.14490938211273935,16
4,raza,438,2.952054794520548,0.6723385730529762,16
4,ant_inf,21,0.0,0.0,16
4,ant_isq,23,0.043478260869565216,0.20393111999232305,16
4,ant_clau,23,0.0,0.0,16
4,fum_act,32,0.21875,0.41339864235384227,16
4,diabetes,21,0.09523809523809523,0.29354352395090366,16
4,hip_art,21,0.3333333333333333,0.4714045207910317,16
4,insf_car,4,0.0,0.0,16
4,fibr_aur,181,0.011049723756906077,0.10453529242223483,16
4,trat_est,25,0.32,0.466476151587624,16
4,var171,24,0.041666666666666664,0.19982631347136331,16
4,tv_l_esu,361,0.019390581717451522,0.13789339019006805,16
4,tvp_orig,1294,0.12364760432766615,0.3291790914862228,16
4,tv_l_ein,286,0.42657342657342656,0.4945791527297041,16
4,tvp_prox,556,0.8812949640287769,0.3234411080958845,16
4,tv_l_svc,476,0.004201680672268907,0.06468405175773384,16
4,tv_l_vre,492,0.008130081300813009,0.08979968306656308,16
4,tv_l_vrn,486,0.006172839506172839,0.0783245527188242,16
4,tv_l_vca,935,0.0481283422459893,0.21403739140309624,16
4,tv_l_yug,948,0.02531645569620253,0.1570844765315298,16
4,tv_l_ova,952,0.004201680672268907,0.06468405175773384,16
4,tv_l_sup,949,0.006322444678609062,0.07926204244084928,16
4,tv_l_pul,948,0.002109704641350211,0.045883044664412544,16
4,tv_l_ove,490,0.04081632653061224,0.19786448397617667,16
4,fr_antfa,701,0.14265335235378032,0.3497189920722187,16
4,fr_tvs_a,255,0.027450980392156862,0.16339346396862475,16
4,fr_viaje,7,0.0,0.0,16
4,fr_estro,10,0.0,0.0,16
4,fr_varic,32,0.15625,0.3630921887069453,16
4,ana_dime,193,1.5595854922279793,0.5647906065256189,16
4,ana_crea,51,0.8823529411764706,0.32218973970892123,16
4,ana_trop,844,0.8755924170616114,0.33004596080821313,16
4,tension_,68,129.44117647058823,17.917607469733408,16
4,ana_hemo,4,15.05,1.2459935794377113,16
4,ana_plaq,5,224.4,33.04300228490141,16
4,ana_leuc,8,8.8275,2.7110641360912138,16
4,ana_neu,1034,6.6861702127659575,3.144982807707566,16
4,protcrea,1323,11.865298563869992,25.24357217237629,16
4,splanchnic,466,0.023605150214592276,0.15181550348346773,16
5,raza,438,2.922374429223744,0.5878541011829741,16
5,ant_inf,21,0.14285714285714285,0.3499271061118826,16
5,ant_isq,23,0.043478260869565216,0.20393111999232305,16
5,ant_clau,23,0.0,0.0,16
5,fum_act,32,0.1875,0.3903123748998999,16
5,diabetes,21,0.0,0.0,16
5,hip_art,21,0.2857142857142857,0.45175395145262565,16
5,insf_car,4,0.25,0.4330127018922193,16
5,fibr_aur,181,0.011049723756906077,0.10453529242223483,16
5,trat_est,25,0.24,0.4270831300812524,16
5,var171,24,0.041666666666666664,0.19982631347136331,16
5,tv_l_esu,361,0.008310249307479225,0.0907809950591354,16
5,tvp_orig,1294,0.22179289026275115,0.41545252928781934,16
5,tv_l_ein,286,0.43356643356643354,0.4955669291336105,16
5,tvp_prox,556,0.8776978417266187,0.3276344614887971,16
5,tv_l_svc,476,0.008403361344537815,0.09128386967395141,16
5,tv_l_vre,492,0.0020325203252032522,0.04503764188243971,16
5,tv_l_vrn,486,0.00205761316872428,0.0453142295175828,16
5,tv_l_vca,935,0.05026737967914439,0.2184961560745111,16
5,tv_l_yug,948,0.013713080168776372,0.11629716935962407,16
5,tv_l_ova,952,0.0021008403361344537,0.04578675360862052,16
5,tv_l_sup,949,0.006322444678609062,0.07926204244084928,16
5,tv_l_pul,948,0.004219409282700422,0.06481979534066336,16
5,tv_l_ove,490,0.06938775510204082,0.25411236597997355,16
5,fr_antfa,701,0.15977175463623394,0.36639424266313597,16
5,fr_tvs_a,255,0.054901960784313725,0.22778879578757033,16
5,fr_viaje,7,0.0,0.0,16
5,fr_estro,10,0.0,0.0,16
5,fr_varic,32,0.15625,0.3630921887069453,16
5,ana_dime,193,1.4766839378238341,0.5582405637784716,16
5,ana_crea,51,0.9411764705882353,0.23529411764705882,16
5,ana_trop,844,0.8199052132701422,0.3842663848459618,16
5,tension_,68,129.0441176470588,22.012986690701076,16
5,ana_hemo,4,16.075000000000003,1.9613452016409552,16
5,ana_plaq,5,301.2,88.34115688624414,16
5,ana_leuc,8,8.77,2.782930110513018,16
5,ana_neu,1034,6.497775628626692,3.130757116077556,16
5,protcrea,1323,56.129916855631144,61.48571935231175,16
5,splanchnic,466,0.01072961373390558,0.10302664278247042,16
1,raza,438,2.9246575342465753,0.4837866681208302,17
1,ant_inf,21,0.047619047619047616,0.21295885499998,17
1,ant_isq,23,0.043478260869565216,0.20393111999232305,17
1,ant_clau,23,0.043478260869565216,0.20393111999232305,17
1,fum_act,32,0.25,0.4330127018922193,17
1,diabetes,21,0.0,0.0,17
1,hip_art,21,0.23809523809523808,0.4259177099999599,17
1,insf_car,4,0.0,0.0,17
1,fibr_aur,181,0.0055248618784530384,0.07412380035910907,17
1,trat_est,25,0.12,0.32496153618543844,17
1,var171,24,0.0,0.0,17
1,tv_l_esu,361,0.008310249307479225,0.0907809950591354,17
1,tvp_orig,1294,0.20788253477588872,0.40579229479013046,17
1,tv_l_ein,286,0.479020979020979,0.4995596868030504,17
1,tvp_prox,556,0.8866906474820144,0.316970571425709,17
1,tv_l_svc,476,0.008403361344537815,0.09128386967395141,17
1,tv_l_vre,492,0.006097560975609756,0.07784844716343724,17
1,tv_l_vrn,486,0.012345679012345678,0.11042310999998965,17
1,tv_l_vca,935,0.07165775401069518,0.2579203758930998,17
1,tv_l_yug,948,0.043248945147679324,0.20341699508962457,17
1,tv_l_ova,952,0.004201680672268907,0.06468405175773384,17
1,tv_l_sup,949,0.0,0.0,17
1,tv_l_pul,948,0.00949367088607595,0.09697185725344662,17
1,tv_l_ove,490,0.036734693877551024,0.18810969178453738,17
1,fr_antfa,701,0.12981455064194009,0.3360992905133411,17
1,fr_tvs_a,255,0.06274509803921569,0.24250391896063225,17
1,fr_viaje,7,0.0,0.0,17
1,fr_estro,10,0.0,0.0,17
1,fr_varic,32,0.21875,0.41339864235384227,17
1,ana_dime,193,1.5595854922279793,0.5461346359814034,17
1,ana_crea,51,0.9215686274509803,0.2688492000157272,17
1,ana_trop,844,0.7559241706161137,0.42953791322123624,17
1,tension_,68,134.91176470588235,20.158734272618617,17
1,ana_hemo,4,13.049999999999999,1.2776932339180638,17
1,ana_plaq,5,229.6,20.37253052519495,17
1,ana_leuc,8,9.6375,2.210072114208041,17
1,ana_neu,1034,6.614448742746616,3.0824826299917,17
1,protcrea,1323,6.565921390778533,23.146110135604697,17
1,splanchnic,466,0.032188841201716736,0.1765013306006711,17
2,raza,438,2.915525114155251,0.48227587650511494,17
2,ant_inf,21,0.0,0.0,17
2,ant_isq,23,0.0,0.0,17
2,ant_clau,23,0.0,0.0,17
2,fum_act,32,0.34375,0.47495887979908324,17
2,diabetes,21,0.047619047619047616,0.21295885499997996,17
2,hip_art,21,0.3333333333333333,0.4714045207910316,17
2,insf_car,4,0.0,0.0,17
2,fibr_aur,181,0.03314917127071823,0.1790259861438635,17
2,trat_est,25,0.16,0.36660605559646714,17
2,var171,24,0.041666666666666664,0.19982631347136334,17
2,tv_l_esu,361,0.008310249307479225,0.0907809950591354,17
2,tvp_orig,1294,0.29598145285935085,0.4564826748329215,17
2,tv_l_ein,286,0.46503496503496505,0.4987759480266605,17
2,tvp_prox,556,0.9010791366906474,0.2985557336771225,17
2,tv_l_svc,476,0.012605042016806723,0.1115623365323677,17
2,tv_l_vre,492,0.008130081300813009,0.0897996830665631,17
2,tv_l_vrn,486,0.00823045267489712,0.09034773004156439,17
2,tv_l_vca,935,0.06951871657754011,0.25433415937099707,17
2,tv_l_yug,948,0.011603375527426161,0.10709219020916366,17
2,tv_l_ova,952,0.012605042016806723,0.1115623365323677,17
2,tv_l_sup,949,0.018967334035827187,0.1364095827843504,17
2,tv_l_pul,948,0.0010548523206751054,0.03246135559795172,17
2,tv_l_ove,490,0.036734693877551024,0.18810969178453735,17
2,fr_antfa,701,0.15263908701854492,0.35963925833074734,17
2,fr_tvs_a,255,0.027450980392156862,0.16339346396862475,17
2,fr_viaje,7,0.0,0.0,17
2,fr_estro,10,0.0,0.0,17
2,fr_varic,32,0.1875,0.3903123748998999,17
2,ana_dime,193,1.5336787564766838,0.5388102806779551,17
2,ana_crea,51,0.9215686274509803,0.2688492000157272,17
2,ana_trop,844,0.6954976303317536,0.4601963456337621,17
2,tension_,68,130.25,22.606854114210062,17
2,ana_hemo,4,13.625,2.200426095100674,17
2,ana_plaq,5,173.2,43.4391528462515,17
2,ana_leuc,8,9.29,2.6284738918239228,17
2,ana_neu,1034,6.489061895551258,3.004747885425617,17
2,protcrea,1323,22.724406651549508,40.653779056089746,17
2,splanchnic,466,0.02145922746781116,0.14490938211273935,17
3,raza,438,2.9840182648401825,0.49400083156225943,17
3,ant_inf,21,0.047619047619047616,0.21295885499998,17
3,ant_isq,23,0.0,0.0,17
3,ant_clau,23,0.043478260869565216,0.20393111999232305,17
3,fum_act,32,0.25,0.4330127018922193,17
3,diabetes,21,0.09523809523809523,0.2935435239509036,17
3,hip_art,21,0.38095238095238093,0.4856209060564557,17
3,insf_car,4,0.0,0.0,17
3,fibr_aur,181,0.011049723756906077,0.10453529242223483,17
3,trat_est,25,0.16,0.36660605559646714,17
3,var171,24,0.0,0.0,17
3,tv_l_esu,361,0.008310249307479225,0.0907809950591354,17
3,tvp_orig,1294,0.2063369397217929,0.4046751870674036,17
3,tv_l_ein,286,0.4405594405594406,0.49645424753283485,17
3,tvp_prox,556,0.8561151079136691,0.3509729760474955,17
3,tv_l_svc,476,0.01680672268907563,0.12854671042670884,17
3,tv_l_vre,492,0.014227642276422764,0.11842810676387978,17
3,tv_l_vrn,486,0.018518518518518517,0.13481684980149108,17
3,tv_l_vca,935,0.08983957219251337,0.2859517852029946,17
3,tv_l_yug,948,0.024261603375527425,0.15386025470268797,17
3,tv_l_ova,952,0.0063025210084033615,0.07913784958755195,17
3,tv_l_sup,949,0.01053740779768177,0.10210960206849858,17
3,tv_l_pul,948,0.005274261603375527,0.07243233924094046,17
3,tv_l_ove,490,0.05102040816326531,0.22003937400865128,17
3,fr_antfa,701,0.12838801711840228,0.33452135085642454,17
3,fr_tvs_a,255,0.054901960784313725,0.22778879578757033,17
3,fr_viaje,7,0.14285714285714285,0.34992710611188266,17
3,fr_estro,10,0.1,0.30000000000000004,17
3,fr_varic,32,0.15625,0.3630921887069453,17
3,ana_dime,193,1.549222797927461,0.5471659598940554,17
3,ana_crea,51,0.9411764705882353,0.23529411764705885,17
3,ana_trop,844,0.768957345971564,0.4214996394398606,17
3,tension_,68,135.2941176470588,24.025145420095743,17
3,ana_hemo,4,14.475000000000001,0.8042853971072705,17
3,ana_plaq,5,196.0,79.11257801386579,17
3,ana_leuc,8,9.2,1.8437258472994296,17
3,ana_neu,1034,6.570396518375242,3.0196307012580434,17
3,protcrea,1323,24.07818140589569,44.61996292802142,17
3,splanchnic,466,0.023605150214592276,0.15181550348346773,17
4,raza,438,2.9178082191780823,0.6138453836276185,17
4,ant_inf,21,0.14285714285714285,0.34992710611188255,17
4,ant_isq,23,0.0,0.0,17
4,ant_clau,23,0.043478260869565216,0.20393111999232305,17
4,fum_act,32,0.28125,0.4496092053105675,17
4,diabetes,21,0.09523809523809523,0.29354352395090366,17
4,hip_art,21,0.23809523809523808,0.4259177099999599,17
4,insf_car,4,0.0,0.0,17
4,fibr_aur,181,0.016574585635359115,0.1276709393181364,17
4,trat_est,25,0.16,0.36660605559646714,17
4,var171,24,0.041666666666666664,0.19982631347136331,17
4,tv_l_esu,361,0.019390581717451522,0.13789339019006805,17
4,tvp_orig,1294,0.21715610510046368,0.4123097514224713,17
4,tv_l_ein,286,0.40559440559440557,0.491006704378796,17
4,tvp_prox,556,0.8830935251798561,0.3213088093489983,17
4,tv_l_svc,476,0.023109243697478993,0.15025047937763633,17
4,tv_l_vre,492,0.0020325203252032522,0.04503764188243971,17
4,tv_l_vrn,486,0.00205761316872428,0.0453142295175828,17
4,tv_l_vca,935,0.08235294117647059,0.2749016810717158,17
4,tv_l_yug,948,0.007383966244725738,0.08561216786895712,17
4,tv_l_ova,952,0.0021008403361344537,0.04578675360862052,17
4,tv_l_sup,949,0.005268703898840885,0.07239436896656552,17
4,tv_l_pul,948,0.012658227848101266,0.11179444134592212,17
4,tv_l_ove,490,0.04285714285714286,0.2025349554108261,17
4,fr_antfa,701,0.1312410841654779,0.3376638298552983,17
4,fr_tvs_a,255,0.043137254901960784,0.20316602112923324,17
4,fr_viaje,7,0.0,0.0,17
4,fr_estro,10,0.0,0.0,17
4,fr_varic,32,0.21875,0.41339864235384227,17
4,ana_dime,193,1.621761658031088,0.5357122083134853,17
4,ana_crea,51,0.9215686274509803,0.2688492000157272,17
4,ana_trop,844,0.7417061611374408,0.4376963921123882,17
4,tension_,68,134.7941176470588,21.186537639799234,17
4,ana_hemo,4,13.649999999999999,2.4046829312822093,17
4,ana_plaq,5,217.0,50.44997522298698,17
4,ana_leuc,8,9.6075,2.112532544128019,17
4,ana_neu,1034,6.667021276595744,3.10469604774289,17
4,protcrea,1323,56.95831443688587,63.59234828530316,17
4,splanchnic,466,0.023605150214592276,0.1518155034834677,17
5,raza,438,2.8995433789954337,0.5959909990505837,17
5,ant_inf,21,0.047619047619047616,0.21295885499998,17
5,ant_isq,23,0.043478260869565216,0.20393111999232305,17
5,ant_clau,23,0.0,0.0,17
5,fum_act,32,0.1875,0.3903123748998999,17
5,diabetes,21,0.0,0.0,17
5,hip_art,21,0.3333333333333333,0.4714045207910317,17
5,insf_car,4,0.0,0.0,17
5,fibr_aur,181,0.022099447513812154,0.147007013211603,17
5,trat_est,25,0.2,0.4,17
5,var171,24,0.08333333333333333,0.2763853991962833,17
5,tv_l_esu,361,0.019390581717451522,0.13789339019006802,17
5,tvp_orig,1294,0.26584234930448225,0.4417807087467218,17
5,tv_l_ein,286,0.3741258741258741,0.4838963777870472,17
5,tvp_prox,556,0.8794964028776978,0.3255495049956121,17
5,tv_l_svc,476,0.008403361344537815,0.0912838696739514,17
5,tv_l_vre,492,0.0020325203252032522,0.0450376418824397,17
5,tv_l_vrn,486,0.00823045267489712,0.09034773004156439,17
5,tv_l_vca,935,0.051336898395721926,0.22068398505290152,17
5,tv_l_yug,948,0.008438818565400843,0.09147461345434091,17
5,tv_l_ova,952,0.0021008403361344537,0.04578675360862052,17
5,tv_l_sup,949,0.014752370916754479,0.12056010313984047,17
5,tv_l_pul,948,0.013713080168776372,0.11629716935962406,17
5,tv_l_ove,490,0.04897959183673469,0.21582537251269035,17
5,fr_antfa,701,0.15834522111269614,0.3650643944066136,17
5,fr_tvs_a,255,0.043137254901960784,0.2031660211292332,17
5,fr_viaje,7,0.0,0.0,17
5,fr_estro,10,0.0,0.0,17
5,fr_varic,32,0.125,0.33071891388307384,17
5,ana_dime,193,1.455958549222798,0.5083532678305093,17
5,ana_crea,51,0.9215686274509803,0.2688492000157272,17
5,ana_trop,844,0.7215639810426541,0.44822918502093373,17
5,tension_,68,126.07352941176471,20.185402541900093,17
5,ana_hemo,4,14.100000000000001,3.1320919526731648,17
5,ana_plaq,5,280.4,76.4345471629158,17
5,ana_leuc,8,9.65,2.046539762623732,17
5,ana_neu,1034,6.593346228239846,3.0697831030636697,17
5,protcrea,1323,24.397665910808765,45.44203955166977,17
5,splanchnic,466,0.01072961373390558,0.10302664278247042,17
1,raza,438,2.8401826484018264,0.7003143217784163,18
1,ant_inf,21,0.0,0.0,18
1,ant_isq,23,0.043478260869565216,0.20393111999232302,18
1,ant_clau,23,0.0,0.0,18
1,fum_act,32,0.1875,0.3903123748998999,18
1,diabetes,21,0.19047619047619047,0.39267672624930106,18
1,hip_art,21,0.3333333333333333,0.4714045207910316,18
1,insf_car,4,0.0,0.0,18
1,fibr_aur,181,0.022099447513812154,0.147007013211603,18
1,trat_est,25,0.12,0.32496153618543844,18
1,var171,24,0.0,0.0,18
1,tv_l_esu,361,0.008310249307479225,0.0907809950591354,18
1,tvp_orig,1294,0.22102009273570325,0.4149339843189569,18
1,tv_l_ein,286,0.45104895104895104,0.497598025324249,18
1,tvp_prox,556,0.8597122302158273,0.34728534583704457,18
1,tv_l_svc,476,0.01680672268907563,0.12854671042670884,18
1,tv_l_vre,492,0.006097560975609756,0.07784844716343724,18
1,tv_l_vrn,486,0.00411522633744856,0.06401789788520183,18
1,tv_l_vca,935,0.05026737967914439,0.2184961560745111,18
1,tv_l_yug,948,0.004219409282700422,0.06481979534066336,18
1,tv_l_ova,952,0.009453781512605041,0.0967698689041014,18
1,tv_l_sup,949,0.007376185458377239,0.08556738482892219,18
1,tv_l_pul,948,0.006329113924050633,0.0793035701654536,18
1,tv_l_ove,490,0.04285714285714286,0.2025349554108261,18
1,fr_antfa,701,0.12696148359486448,0.33292982034995816,18
1,fr_tvs_a,255,0.050980392156862744,0.21995770450792404,18
1,fr_viaje,7,0.0,0.0,18
1,fr_estro,10,0.0,0.0,18
1,fr_varic,32,0.21875,0.41339864235384227,18
1,ana_dime,193,1.616580310880829,0.5558308116851352,18
1,ana_crea,51,0.9215686274509803,0.2688492000157272,18
1,ana_trop,844,0.8376777251184834,0.36874619178888607,18
1,tension_,68,134.64705882352942,22.112522873251464,18
1,ana_hemo,4,14.225,1.2871965661856,18
1,ana_plaq,5,200.2,36.10761692496474,18
1,ana_leuc,8,12.1625,4.813506388278715,18
1,ana_neu,1034,6.561866537717601,3.067444121838529,18
1,protcrea,1323,50.95297959183674,65.50314914386178,18
1,splanchnic,466,0.01072961373390558,0.10302664278247042,18
2,raza,438,2.894977168949772,0.6287788951786806,18
2,ant_inf,21,0.047619047619047616,0.21295885499997996,18
2,ant_isq,23,0.08695652173913043,0.2817713347133853,18
2,ant_clau,23,0.0,0.0,18
2,fum_act,32,0.09375,0.2914805954090255,18
2,diabetes,21,0.09523809523809523,0.2935435239509036,18
2,hip_art,21,0.38095238095238093,0.4856209060564557,18
2,insf_car,4,0.25,0.4330127018922193,18
2,fibr_aur,181,0.0055248618784530384,0.07412380035910905,18
2,trat_est,25,0.16,0.36660605559646714,18
2,var171,24,0.041666666666666664,0.19982631347136331,18
2,tv_l_esu,361,0.01662049861495845,0.1278446621519593,18
2,tvp_orig,1294,0.26661514683153015,0.4421894507013162,18
2,tv_l_ein,286,0.43006993006993005,0.4950856343296336,18
2,tvp_prox,556,0.841726618705036,0.3649971480277934,18
2,tv_l_svc,476,0.0,0.0,18
2,tv_l_vre,492,0.008130081300813009,0.08979968306656308,18
2,tv_l_vrn,486,0.006172839506172839,0.0783245527188242,18
2,tv_l_vca,935,0.06737967914438503,0.25067839552459387,18
2,tv_l_yug,948,0.02531645569620253,0.15708447653152982,18
2,tv_l_ova,952,0.004201680672268907,0.06468405175773384,18
2,tv_l_sup,949,0.0136986301369863,0.11623673115395303,18
2,tv_l_pul,948,0.0,0.0,18
2,tv_l_ove,490,0.05918367346938776,0.23596814671488317,18
2,fr_antfa,701,0.21112696148359486,0.4081082792817361,18
2,fr_tvs_a,255,0.027450980392156862,0.16339346396862475,18
2,fr_viaje,7,0.0,0.0,18
2,fr_estro,10,0.0,0.0,18
2,fr_varic,32,0.34375,0.47495887979908324,18
2,ana_dime,193,1.5544041450777202,0.5653132309631443,18
2,ana_crea,51,0.8627450980392157,0.34411625048596556,18
2,ana_trop,844,0.8554502369668247,0.3516463124223375,18
2,tension_,68,133.2058823529412,22.959400755354718,18
2,ana_hemo,4,14.625,0.49180788932264974,18
2,ana_plaq,5,306.6,91.2986308769195,18
2,ana_leuc,8,10.895,4.17222662375859,18
2,ana_neu,1034,6.505976789168279,3.1084639342300617,18
2,protcrea,1323,43.03157671957673,55.65458649091421,18
2,splanchnic,466,0.012875536480686695,0.11273755825376562,18
3,raza,438,2.8972602739726026,0.6051089798234188,18
3,ant_inf,21,0.0,0.0,18
3,ant_isq,23,0.0,0.0,18
3,ant_clau,23,0.0,0.0,18
3,fum_act,32,0.125,0.33071891388307384,18
3,diabetes,21,0.0,0.0,18
3,hip_art,21,0.23809523809523808,0.4259177099999599,18
3,insf_car,4,0.0,0.0,18
3,fibr_aur,181,0.011049723756906077,0.10453529242223483,18
3,trat_est,25,0.16,0.36660605559646714,18
3,var171,24,0.041666666666666664,0.19982631347136331,18
3,tv_l_esu,361,0.019390581717451522,0.13789339019006802,18
3,tvp_orig,1294,0.23261205564142196,0.4224969671035449,18
3,tv_l_ein,286,0.3986013986013986,0.48961037941858176,18
3,tvp_prox,556,0.8111510791366906,0.39138856134546507,18
3,tv_l_svc,476,0.012605042016806723,0.11156233653236769,18
3,tv_l_vre,492,0.024390243902439025,0.15425744683748188,18
3,tv_l_vrn,486,0.00823045267489712,0.09034773004156439,18
3,tv_l_vca,935,0.0855614973262032,0.279715440227209,18
3,tv_l_yug,948,0.012658227848101266,0.11179444134592212,18
3,tv_l_ova,952,0.0010504201680672268,0.03239315954854889,18
3,tv_l_sup,949,0.006322444678609062,0.07926204244084928,18
3,tv_l_pul,948,0.0,0.0,18
3,tv_l_ove,490,0.05714285714285714,0.2321153829895989,18
3,fr_antfa,701,0.14122681883024252,0.3482553724974424,18
3,fr_tvs_a,255,0.047058823529411764,0.2117647058823529,18
3,fr_viaje,7,0.14285714285714285,0.3499271061118826,18
3,fr_estro,10,0.1,0.30000000000000004,18
3,fr_varic,32,0.15625,0.3630921887069453,18
3,ana_dime,193,1.621761658031088,0.505865087977572,18
3,ana_crea,51,0.9411764705882353,0.23529411764705882,18
3,ana_trop,844,0.8672985781990521,0.3392517567426214,18
3,tension_,68,130.02941176470588,19.11880087015927,18
3,ana_hemo,4,13.375000000000002,2.477271684737062,18
3,ana_plaq,5,256.8,46.49903224799415,18
3,ana_leuc,8,10.338750000000001,2.9351849920405355,18
3,ana_neu,1034,6.507098646034817,3.032124823262937,18
3,protcrea,1323,28.025222978080116,44.43412944877975,18
3,splanchnic,466,0.015021459227467811,0.1216380491053081,18
4,raza,438,2.958904109589041,0.5474312658270709,18
4,ant_inf,21,0.0,0.0,18
4,ant_isq,23,0.043478260869565216,0.20393111999232305,18
4,ant_clau,23,0.0,0.0,18
4,fum_act,32,0.375,0.4841229182759271,18
4,diabetes,21,0.047619047619047616,0.21295885499997996,18
4,hip_art,21,0.2857142857142857,0.45175395145262565,18
4,insf_car,4,0.0,0.0,18
4,fibr_aur,181,0.016574585635359115,0.1276709393181364,18
4,trat_est,25,0.2,0.4,18
4,var171,24,0.0,0.0,18
4,tv_l_esu,361,0.013850415512465374,0.11686993412592234,18
4,tvp_orig,1294,0.19242658423493045,0.3942062834539902,18
4,tv_l_ein,286,0.4405594405594406,0.49645424753283485,18
4,tvp_prox,556,0.8525179856115108,0.35458577216296017,18
4,tv_l_svc,476,0.008403361344537815,0.0912838696739514,18
4,tv_l_vre,492,0.012195121951219513,0.1097560975609756,18
4,tv_l_vrn,486,0.012345679012345678,0.11042310999998962,18
4,tv_l_vca,935,0.06631016042780749,0.24882347769421984,18
4,tv_l_yug,948,0.017932489451476793,0.13270612372286922,18
4,tv_l_ova,952,0.007352941176470588,0.08543345616634007,18
4,tv_l_sup,949,0.006322444678609062,0.07926204244084928,18
4,tv_l_pul,948,0.007383966244725738,0.0856121678689571,18
4,tv_l_ove,490,0.04693877551020408,0.21150774658108093,18
4,fr_antfa,701,0.1754636233951498,0.38036316890597444,18
4,fr_tvs_a,255,0.050980392156862744,0.219957704507924,18
4,fr_viaje,7,0.14285714285714285,0.3499271061118826,18
4,fr_estro,10,0.0,0.0,18
4,fr_varic,32,0.1875,0.3903123748998999,18
4,ana_dime,193,1.5336787564766838,0.5192216578333578,18
4,ana_crea,51,0.9215686274509803,0.2688492000157272,18
4,ana_trop,844,0.8672985781990521,0.33925175674262137,18
4,tension_,68,131.2941176470588,20.005924727976293,18
4,ana_hemo,4,14.950000000000001,1.4309088021254188,18
4,ana_plaq,5,248.2,64.87958076313379,18
4,ana_leuc,8,9.82,1.9675746491556554,18
4,ana_neu,1034,6.7146421663442935,3.072037787510625,18
4,protcrea,1323,19.324731670445956,32.175659048536474,18
4,splanchnic,466,0.023605150214592276,0.15181550348346773,18
5,raza,438,2.9178082191780823,0.7418370014606296,18
5,ant_inf,21,0.047619047619047616,0.21295885499997996,18
5,ant_isq,23,0.13043478260869565,0.33678116053977536,18
5,ant_clau,23,0.043478260869565216,0.20393111999232305,18
5,fum_act,32,0.25,0.4330127018922193,18
5,diabetes,21,0.047619047619047616,0.21295885499998,18
5,hip_art,21,0.19047619047619047,0.392676726249301,18
5,insf_car,4,0.0,0.0,18
5,fibr_aur,181,0.011049723756906077,0.10453529242223483,18
5,trat_est,25,0.16,0.36660605559646714,18
5,var171,24,0.0,0.0,18
5,tv_l_esu,361,0.019390581717451522,0.13789339019006802,18
5,tvp_orig,1294,0.2735703245749614,0.44579098475284534,18
5,tv_l_ein,286,0.42657342657342656,0.4945791527297041,18
5,tvp_prox,556,0.8776978417266187,0.3276344614887971,18
5,tv_l_svc,476,0.012605042016806723,0.1115623365323677,18
5,tv_l_vre,492,0.006097560975609756,0.07784844716343724,18
5,tv_l_vrn,486,0.00411522633744856,0.06401789788520183,18
5,tv_l_vca,935,0.0427807486631016,0.20236243773716042,18
5,tv_l_yug,948,0.013713080168776372,0.11629716935962406,18
5,tv_l_ova,952,0.0,0.0,18
5,tv_l_sup,949,0.0,0.0,18
5,tv_l_pul,948,0.0010548523206751054,0.03246135559795172,18
5,tv_l_ove,490,0.05510204081632653,0.2281793284112354,18
5,fr_antfa,701,0.1340941512125535,0.3407534443305575,18
5,fr_tvs_a,255,0.07058823529411765,0.25613577714208524,18
5,fr_viaje,7,0.14285714285714285,0.34992710611188266,18
5,fr_estro,10,0.1,0.30000000000000004,18
5,fr_varic,32,0.09375,0.2914805954090255,18
5,ana_dime,193,1.5336787564766838,0.6109157658535272,18
5,ana_crea,51,0.9019607843137255,0.29736766447260987,18
5,ana_trop,844,0.830568720379147,0.3751324047678278,18
5,tension_,68,131.8235294117647,22.01332562768087,18
5,ana_hemo,4,14.4,2.3248655875125346,18
5,ana_plaq,5,193.6,39.737136283330734,18
5,ana_leuc,8,9.588750000000001,2.2444121585617913,18
5,ana_neu,1034,6.561092843326886,3.1348788557331626,18
5,protcrea,1323,54.51762811791383,69.3932039655793,18
5,splanchnic,466,0.017167381974248927,0.12989481502507774,18
1,raza,438,2.904109589041096,0.6857529320977439,19
1,ant_inf,21,0.047619047619047616,0.21295885499998,19
1,ant_isq,23,0.043478260869565216,0.20393111999232305,19
1,ant_clau,23,0.0,0.0,19
1,fum_act,32,0.1875,0.3903123748998999,19
1,diabetes,21,0.047619047619047616,0.21295885499998,19
1,hip_art,21,0.14285714285714285,0.34992710611188255,19
1,insf_car,4,0.0,0.0,19
1,fibr_aur,181,0.016574585635359115,0.1276709393181364,19
1,trat_est,25,0.12,0.3249615361854384,19
1,var171,24,0.0,0.0,19
1,tv_l_esu,361,0.002770083102493075,0.0525586314709426,19
1,tvp_orig,1294,0.3230293663060278,0.46763382556221694,19
1,tv_l_ein,286,0.47202797202797203,0.49921695248772563,19
1,tvp_prox,556,0.9046762589928058,0.2936615831319916,19
1,tv_l_svc,476,0.037815126050420166,0.1907488985347255,19
1,tv_l_vre,492,0.022357723577235773,0.14784402515380757,19
1,tv_l_vrn,486,0.0,0.0,19
1,tv_l_vca,935,0.06417112299465241,0.24505752379442997,19
1,tv_l_yug,948,0.017932489451476793,0.13270612372286922,19
1,tv_l_ova,952,0.0031512605042016808,0.05604756963005924,19
1,tv_l_sup,949,0.009483667017913594,0.09692124162332491,19
1,tv_l_pul,948,0.00949367088607595,0.09697185725344662,19
1,tv_l_ove,490,0.03877551020408163,0.1930594986331799,19
1,fr_antfa,701,0.16833095577746077,0.3741599191582488,19
1,fr_tvs_a,255,0.07058823529411765,0.2561357771420852,19
1,fr_viaje,7,0.0,0.0,19
1,fr_estro,10,0.0,0.0,19
1,fr_varic,32,0.09375,0.2914805954090255,19
1,ana_dime,193,1.5699481865284974,0.5255428946365167,19
1,ana_crea,51,0.8627450980392157,0.34411625048596556,19
1,ana_trop,844,0.8151658767772512,0.388162942738261,19
1,tension_,68,136.36764705882354,22.961543560896814,19
1,ana_hemo,4,12.524999999999999,1.3404756618454516,19
1,ana_plaq,5,255.6,71.64802858418368,19
1,ana_leuc,8,7.99,2.864310562770734,19
1,ana_neu,1034,5.988974854932302,2.967709540402426,19
1,protcrea,1323,44.153703703703705,54.47745128169588,19
1,splanchnic,466,0.015021459227467811,0.12163804910530808,19
2,raza,438,2.9178082191780823,0.5552594027263353,19
2,ant_inf,21,0.0,0.0,19
2,ant_isq,23,0.043478260869565216,0.20393111999232305,19
2,ant_clau,23,0.0,0.0,19
2,fum_act,32,0.15625,0.3630921887069453,19
2,diabetes,21,0.09523809523809523,0.29354352395090366,19
2,hip_art,21,0.14285714285714285,0.3499271061118826,19
2,insf_car,4,0.0,0.0,19
2,fibr_aur,181,0.0055248618784530384,0.07412380035910905,19
2,trat_est,25,0.16,0.36660605559646714,19
2,var171,24,0.08333333333333333,0.2763853991962833,19
2,tv_l_esu,361,0.013850415512465374,0.11686993412592234,19
2,tvp_orig,1294,0.35316846986089645,0.477954497580062,19
2,tv_l_ein,286,0.44405594405594406,0.49686040555122557,19
2,tvp_prox,556,0.8794964028776978,0.3255495049956121,19
2,tv_l_svc,476,0.029411764705882353,0.1689577248981773,19
2,tv_l_vre,492,0.01016260162601626,0.10029617716646609,19
2,tv_l_vrn,486,0.01440329218106996,0.11914628552924633,19
2,tv_l_vca,935,0.07700534759358289,0.2665999325498309,19
2,tv_l_yug,948,0.010548523206751054,0.10216286930635657,19
2,tv_l_ova,952,0.0010504201680672268,0.03239315954854889,19
2,tv_l_sup,949,0.020021074815595362,0.14007223628836551,19
2,tv_l_pul,948,0.008438818565400843,0.0914746134543409,19
2,tv_l_ove,490,0.05510204081632653,0.2281793284112354,19
2,fr_antfa,701,0.16119828815977175,0.367713747436958,19
2,fr_tvs_a,255,0.047058823529411764,0.21176470588235294,19
2,fr_viaje,7,0.0,0.0,19
2,fr_estro,10,0.1,0.30000000000000004,19
2,fr_varic,32,0.125,0.33071891388307384,19
2,ana_dime,193,1.5595854922279793,0.5738912122694462,19
2,ana_crea,51,0.9019607843137255,0.2973676644726098,19
2,ana_trop,844,0.8424170616113744,0.36434949693588464,19
2,tension_,68,133.7941176470588,24.842183540199976,19
2,ana_hemo,4,12.475,3.021071829665756,19
2,ana_plaq,5,263.4,61.023274248437374,19
2,ana_leuc,8,7.46375,2.5112792432344118,19
2,ana_neu,1034,6.650793036750484,3.108364324122827,19
2,protcrea,1323,50.63565986394558,57.894237393355745,19
2,splanchnic,466,0.02145922746781116,0.14490938211273935,19
3,raza,438,2.9086757990867578,0.6830415324681335,19
3,ant_inf,21,0.047619047619047616,0.21295885499998,19
3,ant_isq,23,0.0,0.0,19
3,ant_clau,23,0.0,0.0,19
3,fum_act,32,0.28125,0.4496092053105675,19
3,diabetes,21,0.0,0.0,19
3,hip_art,21,0.2857142857142857,0.45175395145262565,19
3,insf_car,4,0.0,0.0,19
3,fibr_aur,181,0.0055248618784530384,0.07412380035910905,19
3,trat_est,25,0.2,0.4,19
3,var171,24,0.0,0.0,19
3,tv_l_esu,361,0.0110803324099723,0.10467835804815061,19
3,tvp_orig,1294,0.42272024729520863,0.49399174064136564,19
3,tv_l_ein,286,0.4090909090909091,0.49166608301781667,19
3,tvp_prox,556,0.8920863309352518,0.3102713475229903,19
3,tv_l_svc,476,0.0273109243697479,0.16298784549719594,19
3,tv_l_vre,492,0.02032520325203252,0.1411102029082096,19
3,tv_l_vrn,486,0.00411522633744856,0.06401789788520183,19
3,tv_l_vca,935,0.0427807486631016,0.20236243773716045,19
3,tv_l_yug,948,0.012658227848101266,0.11179444134592212,19
3,tv_l_ova,952,0.0021008403361344537,0.04578675360862052,19
3,tv_l_sup,949,0.008429926238145416,0.09142681544144934,19
3,tv_l_pul,948,0.002109704641350211,0.045883044664412544,19
3,tv_l_ove,490,0.05510204081632653,0.2281793284112354,19
3,fr_antfa,701,0.14978601997146934,0.3568615532564077,19
3,fr_tvs_a,255,0.03137254901960784,0.1743224374187676,19
3,fr_viaje,7,0.0,0.0,19
3,fr_estro,10,0.0,0.0,19
3,fr_varic,32,0.1875,0.3903123748998999,19
3,ana_dime,193,1.5647668393782384,0.5455444326721189,19
3,ana_crea,51,0.8823529411764706,0.32218973970892123,19
3,ana_trop,844,0.8258293838862559,0.37925613059817886,19
3,tension_,68,137.10294117647058,24.25607243914419,19
3,ana_hemo,4,13.8,1.2144957801491116,19
3,ana_plaq,5,236.2,55.53881525563901,19
3,ana_leuc,8,6.27375,2.1636943955882497,19
3,ana_neu,1034,6.844555125725338,3.107412869906379,19
3,protcrea,1323,41.82744520030235,54.613281019984356,19
3,splanchnic,466,0.02145922746781116,0.14490938211273935,19
4,raza,438,2.872146118721461,0.7100713557435568,19
4,ant_inf,21,0.0,0.0,19
4,ant_isq,23,0.043478260869565216,0.20393111999232305,19
4,ant_clau,23,0.0,0.0,19
4,fum_act,32,0.28125,0.4496092053105675,19
4,diabetes,21,0.0,0.0,19
4,hip_art,21,0.3333333333333333,0.4714045207910317,19
4,insf_car,4,0.0,0.0,19
4,fibr_aur,181,0.0,0.0,19
4,trat_est,25,0.2,0.4,19
4,var171,24,0.0,0.0,19
4,tv_l_esu,361,0.013850415512465374,0.11686993412592235,19
4,tvp_orig,1294,0.294435857805255,0.4557887487024429,19
4,tv_l_ein,286,0.493006993006993,0.4999510954615419,19
4,tvp_prox,556,0.8866906474820144,0.316970571425709,19
4,tv_l_svc,476,0.03361344537815126,0.18023202176073294,19
4,tv_l_vre,492,0.018292682926829267,0.13400768887704825,19
4,tv_l_vrn,486,0.030864197530864196,0.17294970032249257,19
4,tv_l_vca,935,0.06096256684491978,0.23926163981841816,19
4,tv_l_yug,948,0.00949367088607595,0.0969718572534466,19
4,tv_l_ova,952,0.0,0.0,19
4,tv_l_sup,949,0.005268703898840885,0.07239436896656552,19
4,tv_l_pul,948,0.002109704641350211,0.045883044664412544,19
4,tv_l_ove,490,0.0326530612244898,0.1777268657720591,19
4,fr_antfa,701,0.1768901569186876,0.38157571896541015,19
4,fr_tvs_a,255,0.047058823529411764,0.2117647058823529,19
4,fr_viaje,7,0.0,0.0,19
4,fr_estro,10,0.0,0.0,19
4,fr_varic,32,0.15625,0.3630921887069453,19
4,ana_dime,193,1.471502590673575,0.5294109751065202,19
4,ana_crea,51,0.9607843137254902,0.1941077438551307,19
4,ana_trop,844,0.8862559241706162,0.3175001748709806,19
4,tension_,68,135.3235294117647,21.06044604331192,19
4,ana_hemo,4,13.75,1.6007810593582121,19
4,ana_plaq,5,257.4,68.34793339962812,19
4,ana_leuc,8,7.1325,2.1678085132225124,19
4,ana_neu,1034,6.278471953578337,3.067387604672501,19
4,protcrea,1323,46.247625094482245,55.57670001318258,19
4,splanchnic,466,0.012875536480686695,0.11273755825376562,19
5,raza,438,2.894977168949772,0.7420337192976029,19
5,ant_inf,21,0.09523809523809523,0.29354352395090366,19
5,ant_isq,23,0.0,0.0,19
5,ant_clau,23,0.043478260869565216,0.20393111999232302,19
5,fum_act,32,0.25,0.4330127018922193,19
5,diabetes,21,0.14285714285714285,0.3499271061118826,19
5,hip_art,21,0.2857142857142857,0.45175395145262565,19
5,insf_car,4,0.0,0.0,19
5,fibr_aur,181,0.0,0.0,19
5,trat_est,25,0.16,0.36660605559646714,19
5,var171,24,0.041666666666666664,0.19982631347136331,19
5,tv_l_esu,361,0.013850415512465374,0.11686993412592234,19
5,tvp_orig,1294,0.3686244204018547,0.4824318159960549,19
5,tv_l_ein,286,0.479020979020979,0.4995596868030504,19
5,tvp_prox,556,0.8723021582733813,0.33375305683241635,19
5,tv_l_svc,476,0.037815126050420166,0.1907488985347255,19
5,tv_l_vre,492,0.01016260162601626,0.10029617716646609,19
5,tv_l_vrn,486,0.00411522633744856,0.06401789788520183,19
5,tv_l_vca,935,0.10695187165775401,0.3090520487016019,19
5,tv_l_yug,948,0.012658227848101266,0.11179444134592212,19
5,tv_l_ova,952,0.007352941176470588,0.08543345616634009,19
5,tv_l_sup,949,0.01053740779768177,0.10210960206849858,19
5,tv_l_pul,948,0.005274261603375527,0.07243233924094047,19
5,tv_l_ove,490,0.053061224489795916,0.2241555953917711,19
5,fr_antfa,701,0.14550641940085593,0.3526106937034073,19
5,fr_tvs_a,255,0.054901960784313725,0.22778879578757033,19
5,fr_viaje,7,0.0,0.0,19
5,fr_estro,10,0.0,0.0,19
5,fr_varic,32,0.125,0.33071891388307384,19
5,ana_dime,193,1.4870466321243523,0.5397063900518045,19
5,ana_crea,51,0.9411764705882353,0.23529411764705882,19
5,ana_trop,844,0.8459715639810427,0.36097600601218816,19
5,tension_,68,131.0735294117647,24.288290677069902,19
5,ana_hemo,4,13.375,0.38324274291889726,19
5,ana_plaq,5,162.2,20.79807683416907,19
5,ana_leuc,8,6.641249999999999,1.7103832721059922,19
5,ana_neu,1034,6.317253384912959,3.0294460428454166,19
5,protcrea,1323,49.43777626606198,58.01370862951876,19
5,splanchnic,466,0.02145922746781116,0.14490938211273935,19
1,raza,438,2.954337899543379,0.6673856134625432,20
1,ant_inf,21,0.047619047619047616,0.21295885499997996,20
1,ant_isq,23,0.0,0.0,20
1,ant_clau,23,0.0,0.0,20
1,fum_act,32,0.34375,0.47495887979908324,20
1,diabetes,21,0.19047619047619047,0.392676726249301,20
1,hip_art,21,0.38095238095238093,0.4856209060564557,20
1,insf_car,4,0.0,0.0,20
1,fibr_aur,181,0.0055248618784530384,0.07412380035910907,20
1,trat_est,25,0.32,0.46647615158762407,20
1,var171,24,0.0,0.0,20
1,tv_l_esu,361,0.013850415512465374,0.11686993412592234,20
1,tvp_orig,1294,0.15301391035548687,0.36000090776720256,20
1,tv_l_ein,286,0.4230769230769231,0.49404740687173576,20
1,tvp_prox,556,0.8974820143884892,0.3033282845988301,20
1,tv_l_svc,476,0.014705882352941176,0.12037283488047723,20
1,tv_l_vre,492,0.006097560975609756,0.07784844716343724,20
1,tv_l_vrn,486,0.0102880658436214,0.10090699452871792,20
1,tv_l_vca,935,0.053475935828877004,0.22498057719746126,20
1,tv_l_yug,948,0.010548523206751054,0.10216286930635658,20
1,tv_l_ova,952,0.0031512605042016808,0.056047569630059246,20
1,tv_l_sup,949,0.014752370916754479,0.12056010313984046,20
1,tv_l_pul,948,0.010548523206751054,0.10216286930635657,20
1,tv_l_ove,490,0.05102040816326531,0.22003937400865128,20
1,fr_antfa,701,0.1340941512125535,0.3407534443305575,20
1,fr_tvs_a,255,0.08627450980392157,0.2807689775634314,20
1,fr_viaje,7,0.0,0.0,20
1,fr_estro,10,0.0,0.0,20
1,fr_varic,32,0.15625,0.3630921887069453,20
1,ana_dime,193,1.5958549222797926,0.5597773610806012,20
1,ana_crea,51,0.8627450980392157,0.34411625048596556,20
1,ana_trop,844,0.8554502369668247,0.3516463124223375,20
1,tension_,68,129.0441176470588,15.559594943625253,20
1,ana_hemo,4,13.6,0.9874208829065746,20
1,ana_plaq,5,208.2,70.06111617723485,20
1,ana_leuc,8,8.2225,2.6148888599709164,20
1,ana_neu,1034,6.2718181818181815,3.1194451258903695,20
1,protcrea,1323,30.12525018896448,51.38198166084542,20
1,splanchnic,466,0.02145922746781116,0.14490938211273935,20
2,raza,438,2.865296803652968,0.6393713226000204,20
2,ant_inf,21,0.047619047619047616,0.21295885499997996,20
2,ant_isq,23,0.043478260869565216,0.20393111999232305,20
2,ant_clau,23,0.043478260869565216,0.20393111999232302,20
2,fum_act,32,0.15625,0.3630921887069453,20
2,diabetes,21,0.09523809523809523,0.2935435239509036,20
2,hip_art,21,0.47619047619047616,0.49943278484292924,20
2,insf_car,4,0.25,0.4330127018922193,20
2,fibr_aur,181,0.011049723756906077,0.10453529242223483,20
2,trat_est,25,0.24,0.4270831300812524,20
2,var171,24,0.041666666666666664,0.19982631347136334,20
2,tv_l_esu,361,0.013850415512465374,0.11686993412592235,20
2,tvp_orig,1294,0.2890262751159196,0.4533101448330231,20
2,tv_l_ein,286,0.4125874125874126,0.49229974564470047,20
2,tvp_prox,556,0.8866906474820144,0.316970571425709,20
2,tv_l_svc,476,0.014705882352941176,0.12037283488047723,20
2,tv_l_vre,492,0.006097560975609756,0.07784844716343724,20
2,tv_l_vrn,486,0.006172839506172839,0.0783245527188242,20
2,tv_l_vca,935,0.06631016042780749,0.24882347769421986,20
2,tv_l_yug,948,0.014767932489451477,0.12062272032846247,20
2,tv_l_ova,952,0.0063025210084033615,0.07913784958755195,20
2,tv_l_sup,949,0.006322444678609062,0.07926204244084928,20
2,tv_l_pul,948,0.012658227848101266,0.11179444134592212,20
2,tv_l_ove,490,0.04897959183673469,0.21582537251269035,20
2,fr_antfa,701,0.12553495007132667,0.33132450314143114,20
2,fr_tvs_a,255,0.06666666666666667,0.24944382578492943,20
2,fr_viaje,7,0.0,0.0,20
2,fr_estro,10,0.0,0.0,20
2,fr_varic,32,0.15625,0.3630921887069453,20
2,ana_dime,193,1.538860103626943,0.5188595965645615,20
2,ana_crea,51,0.9215686274509803,0.2688492000157272,20
2,ana_trop,844,0.8507109004739336,0.35637320927471894,20
2,tension_,68,132.73529411764707,17.77524521801468,20
2,ana_hemo,4,13.275,2.098064584325278,20
2,ana_plaq,5,187.2,28.329489935401238,20
2,ana_leuc,8,7.83625,2.425169774984836,20
2,ana_neu,1034,6.174690522243715,2.9280460260924817,20
2,protcrea,1323,37.71417989417989,55.52152500395061,20
2,splanchnic,466,0.01072961373390558,0.10302664278247042,20
3,raza,438,2.942922374429224,0.5685298258878265,20
3,ant_inf,21,0.0,0.0,20
3,ant_isq,23,0.0,0.0,20
3,ant_clau,23,0.0,0.0,20
3,fum_act,32,0.3125,0.46351240544347894,20
3,diabetes,21,0.19047619047619047,0.392676726249301,20
3,hip_art,21,0.38095238095238093,0.4856209060564557,20
3,insf_car,4,0.0,0.0,20
3,fibr_aur,181,0.011049723756906077,0.10453529242223483,20
3,trat_est,25,0.2,0.4,20
3,var171,24,0.041666666666666664,0.19982631347136331,20
3,tv_l_esu,361,0.01662049861495845,0.1278446621519593,20
3,tvp_orig,1294,0.2125193199381762,0.4090902817119851,20
3,tv_l_ein,286,0.4825174825174825,0.4996942681104852,20
3,tvp_prox,556,0.8812949640287769,0.3234411080958845,20
3,tv_l_svc,476,0.023109243697478993,0.15025047937763633,20
3,tv_l_vre,492,0.0040650406504065045,0.06362795057926234,20
3,tv_l_vrn,486,0.012345679012345678,0.11042310999998962,20
3,tv_l_vca,935,0.06631016042780749,0.24882347769421986,20
3,tv_l_yug,948,0.006329113924050633,0.07930357016545357,20
3,tv_l_ova,952,0.0,0.0,20
3,tv_l_sup,949,0.006322444678609062,0.07926204244084928,20
3,tv_l_pul,948,0.007383966244725738,0.08561216786895712,20
3,tv_l_ove,490,0.061224489795918366,0.23974163519328023,20
3,fr_antfa,701,0.12981455064194009,0.3360992905133411,20
3,fr_tvs_a,255,0.03529411764705882,0.1845222016630367,20
3,fr_viaje,7,0.0,0.0,20
3,fr_estro,10,0.0,0.0,20
3,fr_varic,32,0.09375,0.2914805954090255,20
3,ana_dime,193,1.549222797927461,0.5748727429338926,20
3,ana_crea,51,0.8823529411764706,0.32218973970892123,20
3,ana_trop,844,0.8092417061611374,0.3928989274235153,20
3,tension_,68,128.30882352941177,21.18285749272495,20
3,ana_hemo,4,14.775,1.2028611723719407,20
3,ana_plaq,5,205.6,96.26338867918581,20
3,ana_leuc,8,6.66375,3.0873448847674925,20
3,ana_neu,1034,6.784100580270794,3.1070168315332634,20
3,protcrea,1323,60.023035525321234,59.19885344246109,20
3,splanchnic,466,0.02145922746781116,0.14490938211273935,20
4,raza,438,2.9726027397260273,0.5270561667553738,20
4,ant_inf,21,0.0,0.0,20
4,ant_isq,23,0.043478260869565216,0.20393111999232305,20
4,ant_clau,23,0.0,0.0,20
4,fum_act,32,0.28125,0.4496092053105675,20
4,diabetes,21,0.14285714285714285,0.3499271061118826,20
4,hip_art,21,0.23809523809523808,0.4259177099999599,20
4,insf_car,4,0.0,0.0,20
4,fibr_aur,181,0.0055248618784530384,0.07412380035910905,20
4,trat_est,25,0.16,0.36660605559646714,20
4,var171,24,0.08333333333333333,0.2763853991962833,20
4,tv_l_esu,361,0.01662049861495845,0.1278446621519593,20
4,tvp_orig,1294,0.3562596599690881,0.4788932184190937,20
4,tv_l_ein,286,0.527972027972028,0.49921695248772563,20
4,tvp_prox,556,0.8812949640287769,0.3234411080958845,20
4,tv_l_svc,476,0.018907563025210083,0.13619863099773724,20
4,tv_l_vre,492,0.012195121951219513,0.1097560975609756,20
4,tv_l_vrn,486,0.006172839506172839,0.0783245527188242,20
4,tv_l_vca,935,0.07700534759358289,0.2665999325498309,20
4,tv_l_yug,948,0.017932489451476793,0.13270612372286922,20
4,tv_l_ova,952,0.0063025210084033615,0.07913784958755195,20
4,tv_l_sup,949,0.012644889357218124,0.11173627938302687,20
4,tv_l_pul,948,0.002109704641350211,0.045883044664412544,20
4,tv_l_ove,490,0.04081632653061224,0.19786448397617667,20
4,fr_antfa,701,0.12838801711840228,0.33452135085642454,20
4,fr_tvs_a,255,0.043137254901960784,0.20316602112923324,20
4,fr_viaje,7,0.0,0.0,20
4,fr_estro,10,0.0,0.0,20
4,fr_varic,32,0.15625,0.3630921887069453,20
4,ana_dime,193,1.5647668393782384,0.5822967501382923,20
4,ana_crea,51,0.9215686274509803,0.2688492000157272,20
4,ana_trop,844,0.8507109004739336,0.356373209274719,20
4,tension_,68,131.6764705882353,23.71921607205146,20
4,ana_hemo,4,13.875,1.6723860200324565,20
4,ana_plaq,5,215.4,55.14562539313522,20
4,ana_leuc,8,7.438750000000001,3.8482672643022076,20
4,ana_neu,1034,6.763588007736943,3.2414123990786288,20
4,protcrea,1323,12.399114134542705,39.6874522943823,20
4,splanchnic,466,0.017167381974248927,0.12989481502507774,20
5,raza,438,2.9474885844748857,0.5097054334271115,20
5,ant_inf,21,0.0,0.0,20
5,ant_isq,23,0.043478260869565216,0.20393111999232302,20
5,ant_clau,23,0.0,0.0,20
5,fum_act,32,0.28125,0.4496092053105675,20
5,diabetes,21,0.09523809523809523,0.2935435239509036,20
5,hip_art,21,0.38095238095238093,0.4856209060564557,20
5,insf_car,4,0.0,0.0,20
5,fibr_aur,181,0.0,0.0,20
5,trat_est,25,0.2,0.4,20
5,var171,24,0.0,0.0,20
5,tv_l_esu,361,0.019390581717451522,0.13789339019006805,20
5,tvp_orig,1294,0.34312210200927357,0.47475185636499745,20
5,tv_l_ein,286,0.5244755244755245,0.4994005894085909,20
5,tvp_prox,556,0.8830935251798561,0.32130880934899825,20
5,tv_l_svc,476,0.008403361344537815,0.09128386967395141,20
5,tv_l_vre,492,0.008130081300813009,0.0897996830665631,20
5,tv_l_vrn,486,0.012345679012345678,0.11042310999998962,20
5,tv_l_vca,935,0.044919786096256686,0.2071279771381047,20
5,tv_l_yug,948,0.011603375527426161,0.10709219020916366,20
5,tv_l_ova,952,0.0063025210084033615,0.07913784958755195,20
5,tv_l_sup,949,0.012644889357218124,0.11173627938302687,20
5,tv_l_pul,948,0.008438818565400843,0.09147461345434091,20
5,tv_l_ove,490,0.03469387755102041,0.18300331256973248,20
5,fr_antfa,701,0.12696148359486448,0.33292982034995816,20
5,fr_tvs_a,255,0.0392156862745098,0.1941077438551307,20
5,fr_viaje,7,0.14285714285714285,0.34992710611188266,20
5,fr_estro,10,0.0,0.0,20
5,fr_varic,32,0.21875,0.41339864235384227,20
5,ana_dime,193,1.5595854922279793,0.5268184241439396,20
5,ana_crea,51,0.9215686274509803,0.2688492000157272,20
5,ana_trop,844,0.8661137440758294,0.3405300668058227,20
5,tension_,68,128.51470588235293,19.396401005658714,20
5,ana_hemo,4,14.65,0.8789197915623478,20
5,ana_plaq,5,210.6,65.07103810452081,20
5,ana_leuc,8,7.9025,2.3975026068807512,20
5,ana_neu,1034,6.050232108317214,3.1739880192158463,20
5,protcrea,1323,37.06575812547241,56.710583190076434,20
5,splanchnic,466,0.017167381974248927,0.12989481502507774,20
