iteration,variable,missing_n,imputed_mean,imputed_sd,imputation
1,raza,541,2.9260628465804066,0.6420889456803551,1
1,ant_inf,32,0.0,0.0,1
1,ant_isq,33,0.030303030303030304,0.17141982574219336,1
1,ant_clau,33,0.06060606060606061,0.23860629921247914,1
1,fum_act,42,0.2857142857142857,0.45175395145262565,1
1,diabetes,31,0.1935483870967742,0.39507899077148034,1
1,hip_art,32,0.34375,0.47495887979908324,1
1,insf_car,6,0.0,0.0,1
1,fibr_aur,231,0.008658008658008658,0.09264473835079089,1
1,trat_est,36,0.1111111111111111,0.3142696805273545,1
1,var171,25,0.0,0.0,1
1,tv_l_esu,443,0.020316027088036117,0.14107900669977194,1
1,tvp_orig,1613,0.26782393056416615,0.4428253298777373,1
1,tv_l_ein,340,0.7294117647058823,0.4442637079646872,1
1,tvp_prox,691,0.869753979739508,0.33657390639619633,1
1,tv_l_svc,582,0.006872852233676976,0.0826172871489437,1
1,tv_l_vre,602,0.008305647840531562,0.09075606896775903,1
1,tv_l_vrn,594,0.008417508417508417,0.09136002391390664,1
1,tv_l_vca,1159,0.054357204486626405,0.22672119179076639,1
1,tv_l_yug,1170,0.009401709401709401,0.09650552969667184,1
1,tv_l_ova,1172,0.004266211604095563,0.06517676766029937,1
1,tv_l_sup,1173,0.0068201193520886615,0.08230191567704805,1
1,tv_l_pul,1173,0.0017050298380221654,0.041256789880862274,1
1,tv_l_ove,594,0.03872053872053872,0.1929281177063882,1
1,fr_antfa,867,0.13725490196078433,0.3441162504859656,1
1,fr_tvs_a,312,0.04807692307692308,0.2139288025123749,1
1,fr_viaje,13,0.0,0.0,1
1,fr_estro,19,0.0,0.0,1
1,fr_varic,36,0.1111111111111111,0.31426968052735443,1
1,fr_antec,1,0.0,0.0,1
1,ana_dime,231,1.619047619047619,0.5444572756471839,1
1,ana_crea,58,0.9137931034482759,0.28066932062240874,1
1,ana_trop,1060,0.8679245283018868,0.3385728008476672,1
1,tension_,79,138.40506329113924,20.91605826513267,1
1,ana_hemo,3,15.766666666666667,1.222929088522943,1
1,ana_plaq,3,243.0,85.73214099741124,1
1,ana_leuc,16,8.869375,5.043118416156316,1
1,ana_neu,1312,6.686388719512195,3.10025859117088,1
1,protcrea,1649,35.305536688902365,47.6055044449343,1
1,splanchnic,569,0.012302284710017574,0.11023129546971332,1
2,raza,541,2.9279112754158967,0.5542451524241049,1
2,ant_inf,32,0.03125,0.17399263633843817,1
2,ant_isq,33,0.0,0.0,1
2,ant_clau,33,0.0,0.0,1
2,fum_act,42,0.21428571428571427,0.41032590332414487,1
2,diabetes,31,0.16129032258064516,0.3677985242255284,1
2,hip_art,32,0.15625,0.3630921887069453,1
2,insf_car,6,0.0,0.0,1
2,fibr_aur,231,0.025974025974025976,0.1590577755054012,1
2,trat_est,36,0.16666666666666666,0.372677996249965,1
2,var171,25,0.0,0.0,1
2,tv_l_esu,443,0.01580135440180587,0.12470634146215022,1
2,tvp_orig,1613,0.29696218226906385,0.4569197353705125,1
2,tv_l_ein,340,0.7647058823529411,0.4241825029957635,1
2,tvp_prox,691,0.8827785817655571,0.32168394013619744,1
2,tv_l_svc,582,0.013745704467353952,0.11643350066046335,1
2,tv_l_vre,602,0.008305647840531562,0.09075606896775903,1
2,tv_l_vrn,594,0.005050505050505051,0.07088721640211212,1
2,tv_l_vca,1159,0.0724762726488352,0.2592748783661212,1
2,tv_l_yug,1170,0.011111111111111112,0.10482201257840672,1
2,tv_l_ova,1172,0.0034129692832764505,0.05832084467793535,1
2,tv_l_sup,1173,0.005115089514066497,0.071336704250544,1
2,tv_l_pul,1173,0.005115089514066497,0.071336704250544,1
2,tv_l_ove,594,0.04882154882154882,0.2154947915663252,1
2,fr_antfa,867,0.1453287197231834,0.35243195505913455,1
2,fr_tvs_a,312,0.057692307692307696,0.23316068563427192,1
2,fr_viaje,13,0.0,0.0,1
2,fr_estro,19,0.0,0.0,1
2,fr_varic,36,0.1388888888888889,0.345830544388576,1
2,fr_antec,1,0.0,0.0,1
2,ana_dime,231,1.5627705627705628,0.5767494629642522,1
2,ana_crea,58,0.9137931034482759,0.28066932062240874,1
2,ana_trop,1060,0.8773584905660378,0.32802525756063605,1
2,tension_,79,132.58227848101265,18.751950173644698,1
2,ana_hemo,3,15.533333333333333,0.5557777333511025,1
2,ana_plaq,3,192.66666666666666,21.913973218524802,1
2,ana_leuc,16,9.6175,5.006503894935067,1
2,ana_neu,1312,6.340701981707317,3.0484987301922692,1
2,protcrea,1649,40.68051546391754,51.27051723885053,1
2,splanchnic,569,0.014059753954305799,0.117737323194687,1
3,raza,541,2.9390018484288354,0.6838337360461305,1
3,ant_inf,32,0.0,0.0,1
3,ant_isq,33,0.0,0.0,1
3,ant_clau,33,0.06060606060606061,0.2386062992124791,1
3,fum_act,42,0.19047619047619047,0.39267672624930094,1
3,diabetes,31,0.06451612903225806,0.24567010018915833,1
3,hip_art,32,0.3125,0.46351240544347894,1
3,insf_car,6,0.0,0.0,1
3,fibr_aur,231,0.008658008658008658,0.09264473835079089,1
3,trat_est,36,0.1111111111111111,0.31426968052735443,1
3,var171,25,0.0,0.0,1
3,tv_l_esu,443,0.006772009029345372,0.08201310214259569,1
3,tvp_orig,1613,0.22442653440793553,0.4172041047995325,1
3,tv_l_ein,340,0.7764705882352941,0.41661014610884173,1
3,tvp_prox,691,0.8842257597684515,0.3199540053356985,1
3,tv_l_svc,582,0.012027491408934709,0.1090083981138275,1
3,tv_l_vre,602,0.014950166112956811,0.12135344513507561,1
3,tv_l_vrn,594,0.008417508417508417,0.09136002391390664,1
3,tv_l_vca,1159,0.056082830025884385,0.23008160770077243,1
3,tv_l_yug,1170,0.015384615384615385,0.12307692307692308,1
3,tv_l_ova,1172,0.014505119453924915,0.11956053263327444,1
3,tv_l_sup,1173,0.0034100596760443308,0.05829606478185425,1
3,tv_l_pul,1173,0.005115089514066497,0.071336704250544,1
3,tv_l_ove,594,0.025252525252525252,0.15689115724251582,1
3,fr_antfa,867,0.11534025374855825,0.319432120510409,1
3,fr_tvs_a,312,0.0673076923076923,0.2505541196306804,1
3,fr_viaje,13,0.0,0.0,1
3,fr_estro,19,0.0,0.0,1
3,fr_varic,36,0.08333333333333333,0.27638539919628335,1
3,fr_antec,1,0.0,0.0,1
3,ana_dime,231,1.6147186147186148,0.5532663993964493,1
3,ana_crea,58,0.8793103448275862,0.3257662694429515,1
3,ana_trop,1060,0.8783018867924528,0.32693681721285256,1
3,tension_,79,135.49367088607596,21.29234331850184,1
3,ana_hemo,3,15.0,1.4899664425751338,1
3,ana_plaq,3,170.0,22.44994432064365,1
3,ana_leuc,16,9.36625,4.63305362989681,1
3,ana_neu,1312,6.74783231707317,3.15814742666152,1
3,protcrea,1649,59.170424499696786,58.74300185461033,1
3,splanchnic,569,0.0210896309314587,0.143683187599084,1
4,raza,541,2.946395563770795,0.6568921835100947,1
4,ant_inf,32,0.0625,0.24206145913796356,1
4,ant_isq,33,0.030303030303030304,0.17141982574219336,1
4,ant_clau,33,0.0,0.0,1
4,fum_act,42,0.2619047619047619,0.43967107887189016,1
4,diabetes,31,0.0,0.0,1
4,hip_art,32,0.34375,0.47495887979908324,1
4,insf_car,6,0.0,0.0,1
4,fibr_aur,231,0.004329004329004329,0.0656526012471996,1
4,trat_est,36,0.3611111111111111,0.48032267960529396,1
4,var171,25,0.0,0.0,1
4,tv_l_esu,443,0.013544018058690745,0.1155879649164073,1
4,tvp_orig,1613,0.25108493490390577,0.43363727972604843,1
4,tv_l_ein,340,0.7941176470588235,0.4043449142608094,1
4,tvp_prox,691,0.8437047756874095,0.3631349985469144,1
4,tv_l_svc,582,0.006872852233676976,0.0826172871489437,1
4,tv_l_vre,602,0.013289036544850499,0.11450955441604042,1
4,tv_l_vrn,594,0.0016835016835016834,0.040995944989514886,1
4,tv_l_vca,1159,0.031061259706643658,0.17348330712803495,1
4,tv_l_yug,1170,0.020512820512820513,0.14174640985728465,1
4,tv_l_ova,1172,0.008532423208191127,0.09197619780349395,1
4,tv_l_sup,1173,0.005967604433077579,0.07701942696753783,1
4,tv_l_pul,1173,0.005115089514066497,0.071336704250544,1
4,tv_l_ove,594,0.03872053872053872,0.1929281177063882,1
4,fr_antfa,867,0.11764705882352941,0.32218973970892123,1
4,fr_tvs_a,312,0.041666666666666664,0.19982631347136334,1
4,fr_viaje,13,0.07692307692307693,0.26646935501059654,1
4,fr_estro,19,0.0,0.0,1
4,fr_varic,36,0.1111111111111111,0.3142696805273545,1
4,fr_antec,1,0.0,0.0,1
4,ana_dime,231,1.5411255411255411,0.5786957546476541,1
4,ana_crea,58,0.9482758620689655,0.2214695272183643,1
4,ana_trop,1060,0.8669811320754717,0.33959512467143166,1
4,tension_,79,130.0,20.889098362058302,1
4,ana_hemo,3,15.200000000000001,0.8640987597877147,1
4,ana_plaq,3,254.66666666666666,17.15290710702481,1
4,ana_leuc,16,9.543750000000001,4.60857607483049,1
4,ana_neu,1312,6.638538871951218,3.0984716829156977,1
4,protcrea,1649,33.7325894481504,45.10358773251959,1
4,splanchnic,569,0.019332161687170474,0.1376896118509729,1
5,raza,541,2.8391866913123844,0.7155640229053466,1
5,ant_inf,32,0.03125,0.17399263633843817,1
5,ant_isq,33,0.030303030303030304,0.17141982574219336,1
5,ant_clau,33,0.030303030303030304,0.17141982574219336,1
5,fum_act,42,0.2857142857142857,0.45175395145262554,1
5,diabetes,31,0.22580645161290322,0.4181123031230877,1
5,hip_art,32,0.3125,0.46351240544347894,1
5,insf_car,6,0.0,0.0,1
5,fibr_aur,231,0.021645021645021644,0.14552152652789274,1
5,trat_est,36,0.1388888888888889,0.3458305443885759,1
5,var171,25,0.04,0.19595917942265426,1
5,tv_l_esu,443,0.01580135440180587,0.12470634146215022,1
5,tvp_orig,1613,0.33292002479851207,0.47125819025951177,1
5,tv_l_ein,340,0.8147058823529412,0.3885359798171294,1
5,tvp_prox,691,0.8784370477568741,0.32678035572087466,1
5,tv_l_svc,582,0.005154639175257732,0.07161053602809177,1
5,tv_l_vre,602,0.013289036544850499,0.11450955441604044,1
5,tv_l_vrn,594,0.011784511784511785,0.10791495293291142,1
5,tv_l_vca,1159,0.06471095772217429,0.24601514114552636,1
5,tv_l_yug,1170,0.002564102564102564,0.0505720074956821,1
5,tv_l_ova,1172,0.008532423208191127,0.09197619780349396,1
5,tv_l_sup,1173,0.0034100596760443308,0.05829606478185426,1
5,tv_l_pul,1173,0.004262574595055414,0.06514909863441705,1
5,tv_l_ove,594,0.03535353535353535,0.18467177069476992,1
5,fr_antfa,867,0.13610149942329874,0.34289631272154053,1
5,fr_tvs_a,312,0.041666666666666664,0.19982631347136337,1
5,fr_viaje,13,0.0,0.0,1
5,fr_estro,19,0.0,0.0,1
5,fr_varic,36,0.19444444444444445,0.39577241246597245,1
5,fr_antec,1,0.0,0.0,1
5,ana_dime,231,1.567099567099567,0.5610362888077026,1
5,ana_crea,58,0.9137931034482759,0.28066932062240874,1
5,ana_trop,1060,0.8367924528301887,0.3695549265219247,1
5,tension_,79,132.77215189873417,20.32330418110417,1
5,ana_hemo,3,13.233333333333334,2.217105219775452,1
5,ana_plaq,3,331.6666666666667,109.075916478183,1
5,ana_leuc,16,9.609375,4.506536181966699,1
5,ana_neu,1312,6.498282012195121,3.1673163764772267,1
5,protcrea,1649,22.798156458459676,37.14877447826363,1
5,splanchnic,569,0.01054481546572935,0.10214510430031909,1
1,raza,541,2.909426987060998,0.5809068097068154,2
1,ant_inf,32,0.0,0.0,2
1,ant_isq,33,0.06060606060606061,0.23860629921247914,2
1,ant_clau,33,0.030303030303030304,0.17141982574219336,2
1,fum_act,42,0.21428571428571427,0.41032590332414487,2
1,diabetes,31,0.12903225806451613,0.3352356401746214,2
1,hip_art,32,0.3125,0.46351240544347894,2
1,insf_car,6,0.0,0.0,2
1,fibr_aur,231,0.017316017316017316,0.1304460534486525,2
1,trat_est,36,0.19444444444444445,0.39577241246597245,2
1,var171,25,0.0,0.0,2
1,tv_l_esu,443,0.011286681715575621,0.10563755265731456,2
1,tvp_orig,1613,0.2982021078735276,0.45746869918423116,2
1,tv_l_ein,340,0.7176470588235294,0.45014415222844684,2
1,tvp_prox,691,0.869753979739508,0.33657390639619633,2
1,tv_l_svc,582,0.012027491408934709,0.10900839811382748,2
1,tv_l_vre,602,0.009966777408637873,0.09933499260947544,2
1,tv_l_vrn,594,0.008417508417508417,0.09136002391390664,2
1,tv_l_vca,1159,0.055220017256255395,0.22840920942570214,2
1,tv_l_yug,1170,0.01623931623931624,0.12639462349085784,2
1,tv_l_ova,1172,0.00938566552901024,0.09642393277391142,2
1,tv_l_sup,1173,0.0068201193520886615,0.08230191567704805,2
1,tv_l_pul,1173,0.0034100596760443308,0.05829606478185425,2
1,tv_l_ove,594,0.06397306397306397,0.24470494694419692,2
1,fr_antfa,867,0.09342560553633218,0.2910279398382599,2
1,fr_tvs_a,312,0.07051282051282051,0.25600930189379306,2
1,fr_viaje,13,0.0,0.0,2
1,fr_estro,19,0.05263157894736842,0.22329687826943606,2
1,fr_varic,36,0.2777777777777778,0.44790320823880836,2
1,fr_antec,1,0.0,0.0,2
1,ana_dime,231,1.5714285714285714,0.5287059615851784,2
1,ana_crea,58,0.8275862068965517,0.3777396948311491,2
1,ana_trop,1060,0.8518867924528302,0.35521216941042266,2
1,tension_,79,137.0632911392405,22.744781998422063,2
1,ana_hemo,3,15.699999999999998,0.5715476066494084,2
1,ana_plaq,3,165.66666666666666,13.224556283251582,2
1,ana_leuc,16,10.00875,2.0669266889514977,2
1,ana_neu,1312,6.568852134146341,3.138630431777853,2
1,protcrea,1649,50.03340812613705,52.78840385302542,2
1,splanchnic,569,0.014059753954305799,0.117737323194687,2
2,raza,541,2.922365988909427,0.650237226061097,2
2,ant_inf,32,0.0,0.0,2
2,ant_isq,33,0.0,0.0,2
2,ant_clau,33,0.030303030303030304,0.17141982574219336,2
2,fum_act,42,0.2857142857142857,0.45175395145262554,2
2,diabetes,31,0.0967741935483871,0.2956500448358606,2
2,hip_art,32,0.28125,0.4496092053105675,2
2,insf_car,6,0.0,0.0,2
2,fibr_aur,231,0.008658008658008658,0.09264473835079089,2
2,trat_est,36,0.19444444444444445,0.39577241246597245,2
2,var171,25,0.04,0.19595917942265426,2
2,tv_l_esu,443,0.01580135440180587,0.12470634146215022,2
2,tvp_orig,1613,0.3415995040297582,0.4742460151402238,2
2,tv_l_ein,340,0.7647058823529411,0.42418250299576343,2
2,tvp_prox,691,0.8480463096960926,0.3589759968395263,2
2,tv_l_svc,582,0.010309278350515464,0.10100988630033723,2
2,tv_l_vre,602,0.0016611295681063123,0.0407230919339909,2
2,tv_l_vrn,594,0.005050505050505051,0.07088721640211212,2
2,tv_l_vca,1159,0.0724762726488352,0.2592748783661212,2
2,tv_l_yug,1170,0.01452991452991453,0.11966117212223817,2
2,tv_l_ova,1172,0.0008532423208191126,0.02919784749533903,2
2,tv_l_sup,1173,0.004262574595055414,0.06514909863441705,2
2,tv_l_pul,1173,0.005115089514066497,0.071336704250544,2
2,tv_l_ove,594,0.03367003367003367,0.18037838701655048,2
2,fr_antfa,867,0.13379469434832755,0.3404315997561994,2
2,fr_tvs_a,312,0.060897435897435896,0.23914208788616356,2
2,fr_viaje,13,0.07692307692307693,0.26646935501059654,2
2,fr_estro,19,0.0,0.0,2
2,fr_varic,36,0.19444444444444445,0.39577241246597245,2
2,fr_antec,1,0.0,0.0,2
2,ana_dime,231,1.5627705627705628,0.5537742473748011,2
2,ana_crea,58,0.896551724137931,0.3045434781492361,2
2,ana_trop,1060,0.8566037735849057,0.35047645950192624,2
2,tension_,79,131.81012658227849,25.6924733840783,2
2,ana_hemo,3,14.233333333333334,1.3523641850067198,2
2,ana_plaq,3,174.0,36.72419729097788,2
2,ana_leuc,16,9.131250000000001,2.618923621929437,2
2,ana_neu,1312,6.455150914634148,2.937102549411811,2
2,protcrea,1649,54.8558762886598,48.55392809932401,2
2,splanchnic,569,0.02460456942003515,0.15491670208111782,2
3,raza,541,2.8946395563770797,0.7025099636363217,2
3,ant_inf,32,0.03125,0.17399263633843817,2
3,ant_isq,33,0.030303030303030304,0.17141982574219336,2
3,ant_clau,33,0.0,0.0,2
3,fum_act,42,0.14285714285714285,0.3499271061118826,2
3,diabetes,31,0.06451612903225806,0.24567010018915833,2
3,hip_art,32,0.34375,0.47495887979908324,2
3,insf_car,6,0.0,0.0,2
3,fibr_aur,231,0.021645021645021644,0.14552152652789277,2
3,trat_est,36,0.16666666666666666,0.372677996249965,2
3,var171,25,0.0,0.0,2
3,tv_l_esu,443,0.01805869074492099,0.13316371290070092,2
3,tvp_orig,1613,0.18660880347179168,0.3895971739356151,2
3,tv_l_ein,340,0.7205882352941176,0.4487101853644811,2
3,tvp_prox,691,0.8219971056439942,0.38251518134172197,2
3,tv_l_svc,582,0.012027491408934709,0.1090083981138275,2
3,tv_l_vre,602,0.0016611295681063123,0.04072309193399091,2
3,tv_l_vrn,594,0.006734006734006734,0.08178422761946882,2
3,tv_l_vca,1159,0.04918032786885246,0.2162443599716872,2
3,tv_l_yug,1170,0.01452991452991453,0.11966117212223819,2
3,tv_l_ova,1172,0.005972696245733789,0.07705208073303398,2
3,tv_l_sup,1173,0.0,0.0,2
3,tv_l_pul,1173,0.008525149190110827,0.0919373211563029,2
3,tv_l_ove,594,0.030303030303030304,0.17141982574219336,2
3,fr_antfa,867,0.1510957324106113,0.3581421673831668,2
3,fr_tvs_a,312,0.08333333333333333,0.2763853991962833,2
3,fr_viaje,13,0.0,0.0,2
3,fr_estro,19,0.0,0.0,2
3,fr_varic,36,0.16666666666666666,0.37267799624996495,2
3,fr_antec,1,0.0,0.0,2
3,ana_dime,231,1.5757575757575757,0.5521474896451091,2
3,ana_crea,58,0.8620689655172413,0.3448275862068965,2
3,ana_trop,1060,0.8471698113207548,0.3598237375542525,2
3,tension_,79,130.2405063291139,14.787280875569989,2
3,ana_hemo,3,15.200000000000001,1.525341491819673,2
3,ana_plaq,3,216.0,74.08553615022751,2
3,ana_leuc,16,9.231874999999999,2.862538686965645,2
3,ana_neu,1312,6.773115091463414,3.1557424109621843,2
3,protcrea,1649,58.24046694966647,55.99793667114333,2
3,splanchnic,569,0.012302284710017574,0.11023129546971332,2
4,raza,541,2.918669131238447,0.6884597206909405,2
4,ant_inf,32,0.0,0.0,2
4,ant_isq,33,0.06060606060606061,0.2386062992124791,2
4,ant_clau,33,0.0,0.0,2
4,fum_act,42,0.19047619047619047,0.39267672624930094,2
4,diabetes,31,0.0967741935483871,0.29565004483586066,2
4,hip_art,32,0.34375,0.47495887979908324,2
4,insf_car,6,0.0,0.0,2
4,fibr_aur,231,0.004329004329004329,0.06565260124719961,2
4,trat_est,36,0.05555555555555555,0.2290614236454256,2
4,var171,25,0.04,0.19595917942265428,2
4,tv_l_esu,443,0.004514672686230248,0.06703946909669299,2
4,tvp_orig,1613,0.20706757594544328,0.40520438662176567,2
4,tv_l_ein,340,0.7941176470588235,0.4043449142608094,2
4,tvp_prox,691,0.9073806078147613,0.2898983276538099,2
4,tv_l_svc,582,0.010309278350515464,0.10100988630033723,2
4,tv_l_vre,602,0.008305647840531562,0.09075606896775903,2
4,tv_l_vrn,594,0.013468013468013467,0.11526762807154001,2
4,tv_l_vca,1159,0.06557377049180328,0.24753555525477866,2
4,tv_l_yug,1170,0.01282051282051282,0.11249954342810413,2
4,tv_l_ova,1172,0.010238907849829351,0.10066813108363568,2
4,tv_l_sup,1173,0.0034100596760443308,0.05829606478185426,2
4,tv_l_pul,1173,0.0076726342710997444,0.08725689058430681,2
4,tv_l_ove,594,0.037037037037037035,0.18885257457751053,2
4,fr_antfa,867,0.12110726643598616,0.32625189110929187,2
4,fr_tvs_a,312,0.04807692307692308,0.2139288025123749,2
4,fr_viaje,13,0.0,0.0,2
4,fr_estro,19,0.0,0.0,2
4,fr_varic,36,0.08333333333333333,0.27638539919628335,2
4,fr_antec,1,0.0,0.0,2
4,ana_dime,231,1.5238095238095237,0.6158759911265363,2
4,ana_crea,58,0.9310344827586207,0.2533954906327426,2
4,ana_trop,1060,0.879245283018868,0.3258420097346853,2
4,tension_,79,131.40506329113924,20.792841384575016,2
4,ana_hemo,3,11.833333333333334,2.7475241379993163,2
4,ana_plaq,3,348.6666666666667,117.24712742275987,2
4,ana_leuc,16,8.810625,2.882055405327073,2
4,ana_neu,1312,7.101784298780489,3.1575577578041747,2
4,protcrea,1649,53.63833838690115,52.84238839863345,2
4,splanchnic,569,0.014059753954305799,0.117737323194687,2
5,raza,541,2.8632162661737524,0.6714098110505743,2
5,ant_inf,32,0.09375,0.2914805954090255,2
5,ant_isq,33,0.0,0.0,2
5,ant_clau,33,0.06060606060606061,0.2386062992124791,2
5,fum_act,42,0.30952380952380953,0.46229732949875235,2
5,diabetes,31,0.16129032258064516,0.3677985242255284,2
5,hip_art,32,0.375,0.4841229182759271,2
5,insf_car,6,0.0,0.0,2
5,fibr_aur,231,0.021645021645021644,0.14552152652789277,2
5,trat_est,36,0.1111111111111111,0.31426968052735443,2
5,var171,25,0.08,0.2712931993250107,2
5,tv_l_esu,443,0.013544018058690745,0.1155879649164073,2
5,tvp_orig,1613,0.1773093614383137,0.3819302970237516,2
5,tv_l_ein,340,0.7588235294117647,0.4277971255429814,2
5,tvp_prox,691,0.8581765557163531,0.3488689652794731,2
5,tv_l_svc,582,0.010309278350515464,0.10100988630033723,2
5,tv_l_vre,602,0.006644518272425249,0.08124265289460122,2
5,tv_l_vrn,594,0.003367003367003367,0.05792811627638133,2
5,tv_l_vca,1159,0.08455565142364108,0.278219325777281,2
5,tv_l_yug,1170,0.01452991452991453,0.11966117212223819,2
5,tv_l_ova,1172,0.0017064846416382253,0.04127435707320077,2
5,tv_l_sup,1173,0.0076726342710997444,0.08725689058430681,2
5,tv_l_pul,1173,0.0025575447570332483,0.05050746204125703,2
5,tv_l_ove,594,0.02356902356902357,0.1517020919335867,2
5,fr_antfa,867,0.14186851211072665,0.34891522950741954,2
5,fr_tvs_a,312,0.038461538461538464,0.1923076923076923,2
5,fr_viaje,13,0.0,0.0,2
5,fr_estro,19,0.15789473684210525,0.36464227527765836,2
5,fr_varic,36,0.08333333333333333,0.27638539919628335,2
5,fr_antec,1,0.0,0.0,2
5,ana_dime,231,1.58008658008658,0.5436305654008867,2
5,ana_crea,58,0.8793103448275862,0.32576626944295145,2
5,ana_trop,1060,0.8566037735849057,0.35047645950192624,2
5,tension_,79,131.40506329113924,22.08184946124091,2
5,ana_hemo,3,14.366666666666667,1.5691469727919762,2
5,ana_plaq,3,193.66666666666666,111.8818821595148,2
5,ana_leuc,16,8.721875,2.662804486697249,2
5,ana_neu,1312,7.0030975609756085,3.1560048861007193,2
5,protcrea,1649,73.70654942389328,58.01246624181727,2
5,splanchnic,569,0.03163444639718805,0.17502487879821968,2
1,raza,541,2.8613678373382623,0.6724064816207805,3
1,ant_inf,32,0.0,0.0,3
1,ant_isq,33,0.030303030303030304,0.17141982574219336,3
1,ant_clau,33,0.0,0.0,3
1,fum_act,42,0.21428571428571427,0.4103259033241449,3
1,diabetes,31,0.12903225806451613,0.3352356401746214,3
1,hip_art,32,0.375,0.4841229182759271,3
1,insf_car,6,0.0,0.0,3
1,fibr_aur,231,0.004329004329004329,0.06565260124719959,3
1,trat_est,36,0.1111111111111111,0.3142696805273545,3
1,var171,25,0.0,0.0,3
1,tv_l_esu,443,0.009029345372460496,0.0945928976964197,3
1,tvp_orig,1613,0.2616243025418475,0.4395190858897249,3
1,tv_l_ein,340,0.7294117647058823,0.44426370796468717,3
1,tvp_prox,691,0.8523878437047757,0.3547151076696601,3
1,tv_l_svc,582,0.012027491408934709,0.10900839811382748,3
1,tv_l_vre,602,0.0049833887043189366,0.07041700463198222,3
1,tv_l_vrn,594,0.020202020202020204,0.14069079067862747,3
1,tv_l_vca,1159,0.057808455565142365,0.23338088617175853,3
1,tv_l_yug,1170,0.023931623931623933,0.1528361910923563,3
1,tv_l_ova,1172,0.0,0.0,3
1,tv_l_sup,1173,0.004262574595055414,0.06514909863441705,3
1,tv_l_pul,1173,0.0196078431372549,0.1386483884679505,3
1,tv_l_ove,594,0.02356902356902357,0.15170209193358666,3
1,fr_antfa,867,0.11418685121107267,0.31803807039656906,3
1,fr_tvs_a,312,0.060897435897435896,0.23914208788616353,3
1,fr_viaje,13,0.0,0.0,3
1,fr_estro,19,0.0,0.0,3
1,fr_varic,36,0.1388888888888889,0.34583054438857597,3
1,fr_antec,1,0.0,0.0,3
1,ana_dime,231,1.5757575757575757,0.5599329057837238,3
1,ana_crea,58,0.8448275862068966,0.36206896551724144,3
1,ana_trop,1060,0.8632075471698113,0.3436281095587049,3
1,tension_,79,128.86075949367088,21.702671000065713,3
1,ana_hemo,3,14.766666666666666,1.3021349989749749,3
1,ana_plaq,3,158.66666666666666,65.32142748661337,3
1,ana_leuc,16,8.396875000000001,3.012031537745745,3
1,ana_neu,1312,6.595026676829268,3.1205821521053325,3
1,protcrea,1649,47.37284414796847,53.3549273759668,3
1,splanchnic,569,0.026362038664323375,0.1602094927954773,3
2,raza,541,2.9353049907578557,0.596873670636992,3
2,ant_inf,32,0.0,0.0,3
2,ant_isq,33,0.06060606060606061,0.23860629921247914,3
2,ant_clau,33,0.0,0.0,3
2,fum_act,42,0.09523809523809523,0.2935435239509037,3
2,diabetes,31,0.06451612903225806,0.24567010018915833,3
2,hip_art,32,0.1875,0.3903123748998999,3
2,insf_car,6,0.16666666666666666,0.372677996249965,3
2,fibr_aur,231,0.017316017316017316,0.1304460534486525,3
2,trat_est,36,0.2222222222222222,0.41573970964154905,3
2,var171,25,0.0,0.0,3
2,tv_l_esu,443,0.01805869074492099,0.13316371290070092,3
2,tvp_orig,1613,0.148171109733416,0.35526952018683505,3
2,tv_l_ein,340,0.7970588235294118,0.4021890791199108,3
2,tvp_prox,691,0.8856729377713459,0.3182080845466054,3
2,tv_l_svc,582,0.001718213058419244,0.04141570719310635,3
2,tv_l_vre,602,0.0,0.0,3
2,tv_l_vrn,594,0.006734006734006734,0.08178422761946882,3
2,tv_l_vca,1159,0.06729939603106126,0.2505397918992423,3
2,tv_l_yug,1170,0.01452991452991453,0.11966117212223819,3
2,tv_l_ova,1172,0.0,0.0,3
2,tv_l_sup,1173,0.0076726342710997444,0.08725689058430681,3
2,tv_l_pul,1173,0.0068201193520886615,0.08230191567704805,3
2,tv_l_ove,594,0.037037037037037035,0.18885257457751053,3
2,fr_antfa,867,0.11649365628604383,0.32081596645296956,3
2,fr_tvs_a,312,0.04487179487179487,0.20702250335839928,3
2,fr_viaje,13,0.0,0.0,3
2,fr_estro,19,0.05263157894736842,0.22329687826943606,3
2,fr_varic,36,0.1388888888888889,0.345830544388576,3
2,fr_antec,1,0.0,0.0,3
2,ana_dime,231,1.567099567099567,0.5126535530073578,3
2,ana_crea,58,0.7758620689655172,0.41701333180854566,3
2,ana_trop,1060,0.8443396226415094,0.3625330664630509,3
2,tension_,79,135.08860759493672,25.603198906850288,3
2,ana_hemo,3,15.233333333333334,1.1671427600007733,3
2,ana_plaq,3,237.0,62.39123870117235,3
2,ana_leuc,16,8.297500000000001,3.6834554089875993,3
2,ana_neu,1312,6.3779375,3.0671631698897106,3
2,protcrea,1649,80.56337174044876,57.86293427924267,3
2,splanchnic,569,0.019332161687170474,0.1376896118509729,3
3,raza,541,2.900184842883549,0.6239371465745746,3
3,ant_inf,32,0.0,0.0,3
3,ant_isq,33,0.0,0.0,3
3,ant_clau,33,0.0,0.0,3
3,fum_act,42,0.23809523809523808,0.4259177099999599,3
3,diabetes,31,0.06451612903225806,0.2456701001891583,3
3,hip_art,32,0.21875,0.41339864235384227,3
3,insf_car,6,0.0,0.0,3
3,fibr_aur,231,0.021645021645021644,0.14552152652789277,3
3,trat_est,36,0.1388888888888889,0.3458305443885759,3
3,var171,25,0.0,0.0,3
3,tv_l_esu,443,0.011286681715575621,0.10563755265731456,3
3,tvp_orig,1613,0.24054556726596404,0.4274147837109283,3
3,tv_l_ein,340,0.7676470588235295,0.42233286860379954,3
3,tvp_prox,691,0.8900144717800289,0.3128717178048297,3
3,tv_l_svc,582,0.003436426116838488,0.05852022806160276,3
3,tv_l_vre,602,0.008305647840531562,0.09075606896775903,3
3,tv_l_vrn,594,0.011784511784511785,0.10791495293291142,3
3,tv_l_vca,1159,0.062122519413287315,0.24137794430111684,3
3,tv_l_yug,1170,0.02735042735042735,0.16310236501711536,3
3,tv_l_ova,1172,0.005119453924914676,0.07136697497039757,3
3,tv_l_sup,1173,0.0068201193520886615,0.08230191567704803,3
3,tv_l_pul,1173,0.0008525149190110827,0.029185409665172538,3
3,tv_l_ove,594,0.037037037037037035,0.18885257457751053,3
3,fr_antfa,867,0.11072664359861592,0.31379333006933247,3
3,fr_tvs_a,312,0.02564102564102564,0.15806189751202504,3
3,fr_viaje,13,0.0,0.0,3
3,fr_estro,19,0.0,0.0,3
3,fr_varic,36,0.08333333333333333,0.27638539919628335,3
3,fr_antec,1,0.0,0.0,3
3,ana_dime,231,1.6233766233766234,0.551400288418724,3
3,ana_crea,58,0.8793103448275862,0.32576626944295145,3
3,ana_trop,1060,0.8735849056603774,0.33231659342068215,3
3,tension_,79,130.0253164556962,22.054578263213518,3
3,ana_hemo,3,14.200000000000001,0.8524474568362947,3
3,ana_plaq,3,249.33333333333334,57.156704671358455,3
3,ana_leuc,16,7.6431249999999995,3.434910331344182,3
3,ana_neu,1312,6.4040030487804875,3.102555068936471,3
3,protcrea,1649,49.440545785324446,51.47678845353378,3
3,splanchnic,569,0.029876977152899824,0.17024788806063035,3
4,raza,541,2.9149722735674675,0.5672659151182141,3
4,ant_inf,32,0.0,0.0,3
4,ant_isq,33,0.0,0.0,3
4,ant_clau,33,0.0,0.0,3
4,fum_act,42,0.19047619047619047,0.392676726249301,3
4,diabetes,31,0.0967741935483871,0.29565004483586066,3
4,hip_art,32,0.3125,0.46351240544347894,3
4,insf_car,6,0.0,0.0,3
4,fibr_aur,231,0.008658008658008658,0.09264473835079089,3
4,trat_est,36,0.16666666666666666,0.37267799624996495,3
4,var171,25,0.04,0.19595917942265426,3
4,tv_l_esu,443,0.009029345372460496,0.0945928976964197,3
4,tvp_orig,1613,0.18474891506509608,0.3880937431180333,3
4,tv_l_ein,340,0.7970588235294118,0.40218907911991075,3
4,tvp_prox,691,0.8625180897250362,0.34435539000008497,3
4,tv_l_svc,582,0.00859106529209622,0.09228899657729062,3
4,tv_l_vre,602,0.008305647840531562,0.09075606896775903,3
4,tv_l_vrn,594,0.010101010101010102,0.0999948983496128,3
4,tv_l_vca,1159,0.056945642795513375,0.23173872477883184,3
4,tv_l_yug,1170,0.023931623931623933,0.1528361910923563,3
4,tv_l_ova,1172,0.004266211604095563,0.06517676766029935,3
4,tv_l_sup,1173,0.005115089514066497,0.071336704250544,3
4,tv_l_pul,1173,0.0025575447570332483,0.050507462041257035,3
4,tv_l_ove,594,0.037037037037037035,0.18885257457751053,3
4,fr_antfa,867,0.12687427912341406,0.3328320844214513,3
4,fr_tvs_a,312,0.05128205128205128,0.22057244274468274,3
4,fr_viaje,13,0.07692307692307693,0.26646935501059654,3
4,fr_estro,19,0.10526315789473684,0.3068922049918579,3
4,fr_varic,36,0.1388888888888889,0.345830544388576,3
4,fr_antec,1,0.0,0.0,3
4,ana_dime,231,1.5541125541125542,0.5624374638584143,3
4,ana_crea,58,0.9482758620689655,0.22146952721836427,3
4,ana_trop,1060,0.8632075471698113,0.3436281095587049,3
4,tension_,79,133.68354430379748,20.041440803076686,3
4,ana_hemo,3,13.366666666666667,0.4784233364802446,3
4,ana_plaq,3,223.33333333333334,34.451253807211266,3
4,ana_leuc,16,8.13875,3.1949782374063207,3
4,ana_neu,1312,6.936405487804877,3.2348567951255407,3
4,protcrea,1649,32.16129775621589,44.51449909011292,3
4,splanchnic,569,0.019332161687170474,0.1376896118509729,3
5,raza,541,2.879852125693161,0.7311277948758538,3
5,ant_inf,32,0.0,0.0,3
5,ant_isq,33,0.030303030303030304,0.17141982574219336,3
5,ant_clau,33,0.06060606060606061,0.2386062992124791,3
5,fum_act,42,0.21428571428571427,0.41032590332414487,3
5,diabetes,31,0.06451612903225806,0.2456701001891583,3
5,hip_art,32,0.375,0.4841229182759271,3
5,insf_car,6,0.0,0.0,3
5,fibr_aur,231,0.017316017316017316,0.1304460534486525,3
5,trat_est,36,0.25,0.4330127018922193,3
5,var171,25,0.04,0.19595917942265426,3
5,tv_l_esu,443,0.013544018058690745,0.1155879649164073,3
5,tvp_orig,1613,0.24054556726596404,0.4274147837109283,3
5,tv_l_ein,340,0.7617647058823529,0.42600380133788157,3
5,tvp_prox,691,0.869753979739508,0.33657390639619633,3
5,tv_l_svc,582,0.0,0.0,3
5,tv_l_vre,602,0.008305647840531562,0.09075606896775902,3
5,tv_l_vrn,594,0.006734006734006734,0.08178422761946882,3
5,tv_l_vca,1159,0.06729939603106126,0.2505397918992423,3
5,tv_l_yug,1170,0.017094017094017096,0.12962180246241967,3
5,tv_l_ova,1172,0.006825938566552901,0.08233677871545952,3
5,tv_l_sup,1173,0.0025575447570332483,0.050507462041257035,3
5,tv_l_pul,1173,0.004262574595055414,0.06514909863441705,3
5,tv_l_ove,594,0.016835016835016835,0.12865301801038923,3
5,fr_antfa,867,0.1453287197231834,0.35243195505913455,3
5,fr_tvs_a,312,0.060897435897435896,0.23914208788616353,3
5,fr_viaje,13,0.0,0.0,3
5,fr_estro,19,0.0,0.0,3
5,fr_varic,36,0.1388888888888889,0.345830544388576,3
5,fr_antec,1,0.0,0.0,3
5,ana_dime,231,1.5194805194805194,0.5872466301298495,3
5,ana_crea,58,0.8275862068965517,0.3777396948311491,3
5,ana_trop,1060,0.8783018867924528,0.32693681721285256,3
5,tension_,79,130.0253164556962,21.19229301250112,3
5,ana_hemo,3,13.866666666666667,1.3597385369580757,3
5,ana_plaq,3,265.0,77.79888602458692,3
5,ana_leuc,16,8.216875,3.0539006179597594,3
5,ana_neu,1312,6.387038871951219,3.081010472931266,3
5,protcrea,1649,77.9697210430564,52.33022435227136,3
5,splanchnic,569,0.026362038664323375,0.1602094927954773,3
1,raza,541,2.8539741219963033,0.6735893806126524,4
1,ant_inf,32,0.03125,0.17399263633843817,4
1,ant_isq,33,0.0,0.0,4
1,ant_clau,33,0.030303030303030304,0.17141982574219336,4
1,fum_act,42,0.2857142857142857,0.45175395145262554,4
1,diabetes,31,0.12903225806451613,0.3352356401746214,4
1,hip_art,32,0.4375,0.49607837082461076,4
1,insf_car,6,0.0,0.0,4
1,fibr_aur,231,0.008658008658008658,0.09264473835079089,4
1,trat_est,36,0.19444444444444445,0.39577241246597245,4
1,var171,25,0.0,0.0,4
1,tv_l_esu,443,0.013544018058690745,0.1155879649164073,4
1,tvp_orig,1613,0.23682579045257285,0.4251344909897184,4
1,tv_l_ein,340,0.7470588235294118,0.43469752439628984,4
1,tvp_prox,691,0.8813314037626628,0.32339814548694784,4
1,tv_l_svc,582,0.012027491408934709,0.1090083981138275,4
1,tv_l_vre,602,0.011627906976744186,0.10720400531735916,4
1,tv_l_vrn,594,0.010101010101010102,0.0999948983496128,4
1,tv_l_vca,1159,0.07161345987920621,0.2578467999478286,4
1,tv_l_yug,1170,0.005128205128205128,0.07142763219068779,4
1,tv_l_ova,1172,0.004266211604095563,0.06517676766029935,4
1,tv_l_sup,1173,0.005967604433077579,0.07701942696753782,4
1,tv_l_pul,1173,0.004262574595055414,0.06514909863441705,4
1,tv_l_ove,594,0.058922558922558925,0.23547970395041795,4
1,fr_antfa,867,0.1580161476355248,0.36475614418670566,4
1,fr_tvs_a,312,0.057692307692307696,0.23316068563427195,4
1,fr_viaje,13,0.0,0.0,4
1,fr_estro,19,0.05263157894736842,0.22329687826943606,4
1,fr_varic,36,0.1111111111111111,0.3142696805273545,4
1,fr_antec,1,0.0,0.0,4
1,ana_dime,231,1.5281385281385282,0.5566096332621794,4
1,ana_crea,58,0.8793103448275862,0.3257662694429515,4
1,ana_trop,1060,0.8443396226415094,0.3625330664630509,4
1,tension_,79,130.77215189873417,24.405824873877854,4
1,ana_hemo,3,14.566666666666668,2.245489305746572,4
1,ana_plaq,3,169.66666666666666,60.49977043115306,4
1,ana_leuc,16,7.635625,2.4337650070158787,4
1,ana_neu,1312,6.502266768292682,3.0724596936458872,4
1,protcrea,1649,40.42735597331718,51.762807468643025,4
1,splanchnic,569,0.012302284710017574,0.11023129546971333,4
2,raza,541,2.9371534195933457,0.6138620752596594,4
2,ant_inf,32,0.0625,0.24206145913796356,4
2,ant_isq,33,0.030303030303030304,0.17141982574219336,4
2,ant_clau,33,0.0,0.0,4
2,fum_act,42,0.3333333333333333,0.4714045207910317,4
2,diabetes,31,0.06451612903225806,0.24567010018915833,4
2,hip_art,32,0.34375,0.47495887979908324,4
2,insf_car,6,0.0,0.0,4
2,fibr_aur,231,0.008658008658008658,0.09264473835079089,4
2,trat_est,36,0.3055555555555556,0.46064233199380555,4
2,var171,25,0.04,0.19595917942265428,4
2,tv_l_esu,443,0.013544018058690745,0.1155879649164073,4
2,tvp_orig,1613,0.24922504649721017,0.4325643567096966,4
2,tv_l_ein,340,0.7676470588235295,0.42233286860379954,4
2,tvp_prox,691,0.869753979739508,0.33657390639619633,4
2,tv_l_svc,582,0.006872852233676976,0.0826172871489437,4
2,tv_l_vre,602,0.013289036544850499,0.11450955441604044,4
2,tv_l_vrn,594,0.013468013468013467,0.11526762807154001,4
2,tv_l_vca,1159,0.06902502157031924,0.25349668236001865,4
2,tv_l_yug,1170,0.009401709401709401,0.09650552969667184,4
2,tv_l_ova,1172,0.0017064846416382253,0.04127435707320077,4
2,tv_l_sup,1173,0.0025575447570332483,0.050507462041257035,4
2,tv_l_pul,1173,0.0,0.0,4
2,tv_l_ove,594,0.06228956228956229,0.24168072475755498,4
2,fr_antfa,867,0.13725490196078433,0.34411625048596567,4
2,fr_tvs_a,312,0.04807692307692308,0.2139288025123749,4
2,fr_viaje,13,0.0,0.0,4
2,fr_estro,19,0.05263157894736842,0.22329687826943606,4
2,fr_varic,36,0.1111111111111111,0.3142696805273545,4
2,fr_antec,1,0.0,0.0,4
2,ana_dime,231,1.632034632034632,0.5252208099775966,4
2,ana_crea,58,0.896551724137931,0.3045434781492361,4
2,ana_trop,1060,0.8933962264150943,0.3086088285230412,4
2,tension_,79,134.44303797468353,21.78534336905018,4
2,ana_hemo,3,14.633333333333333,1.3474255287605155,4
2,ana_plaq,3,147.66666666666666,26.132142830026183,4
2,ana_leuc,16,7.58625,1.783328611753874,4
2,ana_neu,1312,6.361349847560976,2.9904937177036466,4
2,protcrea,1649,43.6421346270467,52.22397341338494,4
2,splanchnic,569,0.0351493848857645,0.18415728502537415,4
3,raza,541,2.8502772643253236,0.6970660170900566,4
3,ant_inf,32,0.0625,0.24206145913796356,4
3,ant_isq,33,0.06060606060606061,0.2386062992124791,4
3,ant_clau,33,0.030303030303030304,0.17141982574219336,4
3,fum_act,42,0.2619047619047619,0.43967107887189016,4
3,diabetes,31,0.0967741935483871,0.29565004483586066,4
3,hip_art,32,0.34375,0.47495887979908324,4
3,insf_car,6,0.0,0.0,4
3,fibr_aur,231,0.004329004329004329,0.0656526012471996,4
3,trat_est,36,0.2222222222222222,0.41573970964154905,4
3,var171,25,0.04,0.19595917942265426,4
3,tv_l_esu,443,0.011286681715575621,0.10563755265731456,4
3,tvp_orig,1613,0.22752634841909486,0.41923514785161753,4
3,tv_l_ein,340,0.7970588235294118,0.4021890791199108,4
3,tvp_prox,691,0.8581765557163531,0.34886896527947303,4
3,tv_l_svc,582,0.006872852233676976,0.0826172871489437,4
3,tv_l_vre,602,0.011627906976744186,0.10720400531735916,4
3,tv_l_vrn,594,0.003367003367003367,0.05792811627638133,4
3,tv_l_vca,1159,0.056082830025884385,0.23008160770077243,4
3,tv_l_yug,1170,0.03076923076923077,0.1726918793895665,4
3,tv_l_ova,1172,0.005119453924914676,0.07136697497039757,4
3,tv_l_sup,1173,0.0017050298380221654,0.041256789880862274,4
3,tv_l_pul,1173,0.0068201193520886615,0.08230191567704805,4
3,tv_l_ove,594,0.04882154882154882,0.21549479156632523,4
3,fr_antfa,867,0.11764705882352941,0.32218973970892123,4
3,fr_tvs_a,312,0.05448717948717949,0.22697648944045146,4
3,fr_viaje,13,0.07692307692307693,0.26646935501059654,4
3,fr_estro,19,0.0,0.0,4
3,fr_varic,36,0.08333333333333333,0.27638539919628335,4
3,fr_antec,1,0.0,0.0,4
3,ana_dime,231,1.5541125541125542,0.585072582442137,4
3,ana_crea,58,0.9310344827586207,0.2533954906327426,4
3,ana_trop,1060,0.85,0.3570714214271425,4
3,tension_,79,129.77215189873417,19.74774421797198,4
3,ana_hemo,3,14.066666666666668,0.8219218670625301,4
3,ana_plaq,3,234.0,66.03534407169138,4
3,ana_leuc,16,7.826250000000001,1.6440303943358225,4
3,ana_neu,1312,6.687511432926829,3.0397880421721353,4
3,protcrea,1649,35.30893875075804,41.03008621337844,4
3,splanchnic,569,0.01757469244288225,0.13139947727605442,4
4,raza,541,2.9168207024029575,0.5322448042237392,4
4,ant_inf,32,0.03125,0.17399263633843817,4
4,ant_isq,33,0.09090909090909091,0.28747978728803447,4
4,ant_clau,33,0.030303030303030304,0.17141982574219336,4
4,fum_act,42,0.2857142857142857,0.45175395145262554,4
4,diabetes,31,0.06451612903225806,0.24567010018915833,4
4,hip_art,32,0.21875,0.41339864235384227,4
4,insf_car,6,0.0,0.0,4
4,fibr_aur,231,0.004329004329004329,0.06565260124719959,4
4,trat_est,36,0.1111111111111111,0.31426968052735443,4
4,var171,25,0.04,0.19595917942265426,4
4,tv_l_esu,443,0.009029345372460496,0.09459289769641971,4
4,tvp_orig,1613,0.2703037817730936,0.4441167046309534,4
4,tv_l_ein,340,0.7794117647058824,0.4146432994079907,4
4,tvp_prox,691,0.8914616497829233,0.31105912098704314,4
4,tv_l_svc,582,0.006872852233676976,0.0826172871489437,4
4,tv_l_vre,602,0.026578073089700997,0.16084675663668047,4
4,tv_l_vrn,594,0.013468013468013467,0.11526762807154001,4
4,tv_l_vca,1159,0.04055220017256255,0.19725039729675317,4
4,tv_l_yug,1170,0.023931623931623933,0.1528361910923563,4
4,tv_l_ova,1172,0.005119453924914676,0.07136697497039757,4
4,tv_l_sup,1173,0.0,0.0,4
4,tv_l_pul,1173,0.01278772378516624,0.11235745594111916,4
4,tv_l_ove,594,0.03367003367003367,0.18037838701655048,4
4,fr_antfa,867,0.13494809688581316,0.34166812557320925,4
4,fr_tvs_a,312,0.057692307692307696,0.23316068563427195,4
4,fr_viaje,13,0.07692307692307693,0.26646935501059654,4
4,fr_estro,19,0.0,0.0,4
4,fr_varic,36,0.16666666666666666,0.372677996249965,4
4,fr_antec,1,0.0,0.0,4
4,ana_dime,231,1.5497835497835497,0.5550924776800795,4
4,ana_crea,58,0.8275862068965517,0.37773969483114905,4
4,ana_trop,1060,0.8820754716981132,0.3225187342258808,4
4,tension_,79,131.63291139240508,18.47966875640846,4
4,ana_hemo,3,15.166666666666666,1.9293061504650377,4
4,ana_plaq,3,203.0,38.89301565405628,4
4,ana_leuc,16,7.8375,1.8352775675630106,4
4,ana_neu,1312,6.512958079268293,3.039417720016245,4
4,protcrea,1649,40.3230078835658,48.47151468281542,4
4,splanchnic,569,0.014059753954305799,0.117737323194687,4
5,raza,541,2.9279112754158967,0.6663118059976627,4
5,ant_inf,32,0.0,0.0,4
5,ant_isq,33,0.06060606060606061,0.23860629921247914,4
5,ant_clau,33,0.0,0.0,4
5,fum_act,42,0.38095238095238093,0.4856209060564557,4
5,diabetes,31,0.06451612903225806,0.2456701001891583,4
5,hip_art,32,0.21875,0.41339864235384227,4
5,insf_car,6,0.16666666666666666,0.372677996249965,4
5,fibr_aur,231,0.017316017316017316,0.1304460534486525,4
5,trat_est,36,0.19444444444444445,0.39577241246597245,4
5,var171,25,0.0,0.0,4
5,tv_l_esu,443,0.01805869074492099,0.1331637129007009,4
5,tvp_orig,1613,0.27526348419094854,0.4466469505795466,4
5,tv_l_ein,340,0.7441176470588236,0.4363560179423032,4
5,tvp_prox,691,0.8856729377713459,0.3182080845466054,4
5,tv_l_svc,582,0.015463917525773196,0.1233887546761425,4
5,tv_l_vre,602,0.011627906976744186,0.10720400531735916,4
5,tv_l_vrn,594,0.006734006734006734,0.08178422761946882,4
5,tv_l_vca,1159,0.08455565142364108,0.2782193257772809,4
5,tv_l_yug,1170,0.008547008547008548,0.09205409926725647,4
5,tv_l_ova,1172,0.005972696245733789,0.07705208073303398,4
5,tv_l_sup,1173,0.0025575447570332483,0.050507462041257035,4
5,tv_l_pul,1173,0.011082693947144074,0.10468938743739983,4
5,tv_l_ove,594,0.05218855218855219,0.2224070754472864,4
5,fr_antfa,867,0.1118800461361015,0.31521881513114874,4
5,fr_tvs_a,312,0.07692307692307693,0.26646935501059654,4
5,fr_viaje,13,0.0,0.0,4
5,fr_estro,19,0.05263157894736842,0.22329687826943606,4
5,fr_varic,36,0.08333333333333333,0.27638539919628335,4
5,fr_antec,1,0.0,0.0,4
5,ana_dime,231,1.5411255411255411,0.5479568795217223,4
5,ana_crea,58,0.9482758620689655,0.2214695272183643,4
5,ana_trop,1060,0.8594339622641509,0.3475733401328314,4
5,tension_,79,133.37974683544303,18.79085678382135,4
5,ana_hemo,3,14.1,0.14142135623730984,4
5,ana_plaq,3,283.6666666666667,92.10983781454738,4
5,ana_leuc,16,8.128125,2.412284235817786,4
5,ana_neu,1312,6.129798018292683,3.1013845196337915,4
5,protcrea,1649,35.53758641600971,45.83987725366034,4
5,splanchnic,569,0.015817223198594025,0.12476793918663513,4
1,raza,541,2.966728280961183,0.636825986058959,5
1,ant_inf,32,0.03125,0.17399263633843817,5
1,ant_isq,33,0.0,0.0,5
1,ant_clau,33,0.0,0.0,5
1,fum_act,42,0.3333333333333333,0.4714045207910317,5
1,diabetes,31,0.06451612903225806,0.24567010018915833,5
1,hip_art,32,0.28125,0.4496092053105675,5
1,insf_car,6,0.0,0.0,5
1,fibr_aur,231,0.008658008658008658,0.09264473835079087,5
1,trat_est,36,0.19444444444444445,0.39577241246597245,5
1,var171,25,0.04,0.19595917942265426,5
1,tv_l_esu,443,0.022573363431151242,0.14853890633284064,5
1,tvp_orig,1613,0.23558586484810912,0.4243644249131607,5
1,tv_l_ein,340,0.7294117647058823,0.4442637079646872,5
1,tvp_prox,691,0.8567293777134588,0.35034861363528824,5
1,tv_l_svc,582,0.005154639175257732,0.07161053602809177,5
1,tv_l_vre,602,0.014950166112956811,0.12135344513507561,5
1,tv_l_vrn,594,0.003367003367003367,0.05792811627638132,5
1,tv_l_vca,1159,0.04659188955996549,0.210763102527927,5
1,tv_l_yug,1170,0.010256410256410256,0.10075324463788975,5
1,tv_l_ova,1172,0.0017064846416382253,0.04127435707320077,5
1,tv_l_sup,1173,0.0068201193520886615,0.08230191567704805,5
1,tv_l_pul,1173,0.005115089514066497,0.071336704250544,5
1,tv_l_ove,594,0.05387205387205387,0.22576504530963246,5
1,fr_antfa,867,0.14648212226066898,0.35358889988046766,5
1,fr_tvs_a,312,0.04807692307692308,0.21392880251237487,5
1,fr_viaje,13,0.0,0.0,5
1,fr_estro,19,0.05263157894736842,0.22329687826943606,5
1,fr_varic,36,0.1388888888888889,0.34583054438857597,5
1,fr_antec,1,1.0,0.0,5
1,ana_dime,231,1.5454545454545454,0.5783718275275925,5
1,ana_crea,58,0.896551724137931,0.3045434781492361,5
1,ana_trop,1060,0.8811320754716981,0.3236330345416485,5
1,tension_,79,127.0,19.685501958085098,5
1,ana_hemo,3,14.733333333333334,1.7307673314329557,5
1,ana_plaq,3,222.0,60.404194114868105,5
1,ana_leuc,16,7.613125,2.931072156118815,5
1,ana_neu,1312,7.463020579268293,3.1768232032917467,5
1,protcrea,1649,78.8151788963008,56.09836224054759,5
1,splanchnic,569,0.022847100175746926,0.14941589670883856,5
2,raza,541,2.898336414048059,0.7108981364394309,5
2,ant_inf,32,0.03125,0.17399263633843817,5
2,ant_isq,33,0.06060606060606061,0.2386062992124791,5
2,ant_clau,33,0.0,0.0,5
2,fum_act,42,0.3333333333333333,0.4714045207910317,5
2,diabetes,31,0.06451612903225806,0.24567010018915833,5
2,hip_art,32,0.34375,0.47495887979908324,5
2,insf_car,6,0.0,0.0,5
2,fibr_aur,231,0.021645021645021644,0.14552152652789277,5
2,trat_est,36,0.2222222222222222,0.41573970964154905,5
2,var171,25,0.04,0.19595917942265426,5
2,tv_l_esu,443,0.006772009029345372,0.08201310214259569,5
2,tvp_orig,1613,0.18102913825170489,0.38504232151225926,5
2,tv_l_ein,340,0.7647058823529411,0.42418250299576343,5
2,tvp_prox,691,0.8191027496382055,0.3849330268674497,5
2,tv_l_svc,582,0.00859106529209622,0.09228899657729062,5
2,tv_l_vre,602,0.0049833887043189366,0.07041700463198222,5
2,tv_l_vrn,594,0.006734006734006734,0.08178422761946882,5
2,tv_l_vca,1159,0.04055220017256255,0.19725039729675317,5
2,tv_l_yug,1170,0.013675213675213675,0.11613871966812328,5
2,tv_l_ova,1172,0.002559726962457338,0.050528949725231836,5
2,tv_l_sup,1173,0.004262574595055414,0.06514909863441704,5
2,tv_l_pul,1173,0.0034100596760443308,0.05829606478185426,5
2,tv_l_ove,594,0.03535353535353535,0.18467177069476992,5
2,fr_antfa,867,0.09457900807381776,0.29263256706250323,5
2,fr_tvs_a,312,0.035256410256410256,0.184427210010459,5
2,fr_viaje,13,0.0,0.0,5
2,fr_estro,19,0.0,0.0,5
2,fr_varic,36,0.027777777777777776,0.16433554953054486,5
2,fr_antec,1,1.0,0.0,5
2,ana_dime,231,1.5411255411255411,0.5934684437804888,5
2,ana_crea,58,0.8793103448275862,0.32576626944295145,5
2,ana_trop,1060,0.8603773584905661,0.3465950944363784,5
2,tension_,79,136.83544303797467,24.000754407840798,5
2,ana_hemo,3,15.833333333333334,0.8219218670625296,5
2,ana_plaq,3,149.0,28.994252303976847,5
2,ana_leuc,16,7.311875,2.9052457270212098,5
2,ana_neu,1312,6.249901676829268,3.010548288467121,5
2,protcrea,1649,50.73280776228017,50.0028198762141,5
2,splanchnic,569,0.0210896309314587,0.143683187599084,5
3,raza,541,2.909426987060998,0.6723505851593498,5
3,ant_inf,32,0.03125,0.17399263633843817,5
3,ant_isq,33,0.06060606060606061,0.23860629921247914,5
3,ant_clau,33,0.0,0.0,5
3,fum_act,42,0.19047619047619047,0.39267672624930094,5
3,diabetes,31,0.03225806451612903,0.17668469596940845,5
3,hip_art,32,0.21875,0.41339864235384227,5
3,insf_car,6,0.0,0.0,5
3,fibr_aur,231,0.021645021645021644,0.14552152652789277,5
3,trat_est,36,0.1111111111111111,0.3142696805273545,5
3,var171,25,0.12,0.32496153618543844,5
3,tv_l_esu,443,0.01580135440180587,0.12470634146215022,5
3,tvp_orig,1613,0.3019218846869188,0.4590915597503593,5
3,tv_l_ein,340,0.7911764705882353,0.4064680343837367,5
3,tvp_prox,691,0.8060781476121563,0.3953683947337105,5
3,tv_l_svc,582,0.00859106529209622,0.09228899657729062,5
3,tv_l_vre,602,0.0016611295681063123,0.04072309193399091,5
3,tv_l_vrn,594,0.005050505050505051,0.07088721640211212,5
3,tv_l_vca,1159,0.04141501294219154,0.19924811076943655,5
3,tv_l_yug,1170,0.026495726495726495,0.16060418105762425,5
3,tv_l_ova,1172,0.0034129692832764505,0.05832084467793536,5
3,tv_l_sup,1173,0.0008525149190110827,0.029185409665172534,5
3,tv_l_pul,1173,0.0076726342710997444,0.08725689058430681,5
3,tv_l_ove,594,0.02861952861952862,0.1667346730620977,5
3,fr_antfa,867,0.12341407151095732,0.32891190076378446,5
3,fr_tvs_a,312,0.04487179487179487,0.20702250335839922,5
3,fr_viaje,13,0.0,0.0,5
3,fr_estro,19,0.0,0.0,5
3,fr_varic,36,0.1111111111111111,0.3142696805273545,5
3,fr_antec,1,0.0,0.0,5
3,ana_dime,231,1.5584415584415585,0.5772041846929113,5
3,ana_crea,58,0.8448275862068966,0.36206896551724144,5
3,ana_trop,1060,0.8773584905660378,0.32802525756063605,5
3,tension_,79,131.21518987341773,23.80121839561678,5
3,ana_hemo,3,15.133333333333333,1.0656244908763852,5
3,ana_plaq,3,230.0,36.5057073163453,5
3,ana_leuc,16,8.19875,2.9780464968666958,5
3,ana_neu,1312,6.310229420731708,3.0668936417348562,5
3,protcrea,1649,41.01025469981808,47.91562226772423,5
3,splanchnic,569,0.0210896309314587,0.143683187599084,5
4,raza,541,2.9149722735674675,0.6142015007467825,5
4,ant_inf,32,0.0625,0.24206145913796356,5
4,ant_isq,33,0.030303030303030304,0.17141982574219336,5
4,ant_clau,33,0.06060606060606061,0.2386062992124791,5
4,fum_act,42,0.38095238095238093,0.4856209060564557,5
4,diabetes,31,0.06451612903225806,0.2456701001891583,5
4,hip_art,32,0.28125,0.4496092053105675,5
4,insf_car,6,0.0,0.0,5
4,fibr_aur,231,0.025974025974025976,0.1590577755054012,5
4,trat_est,36,0.1111111111111111,0.3142696805273545,5
4,var171,25,0.04,0.19595917942265428,5
4,tv_l_esu,443,0.013544018058690745,0.1155879649164073,5
4,tvp_orig,1613,0.2758834469931804,0.44695835451229843,5
4,tv_l_ein,340,0.8117647058823529,0.39089994649026233,5
4,tvp_prox,691,0.7959479015918958,0.40300724502588486,5
4,tv_l_svc,582,0.010309278350515464,0.10100988630033723,5
4,tv_l_vre,602,0.013289036544850499,0.11450955441604044,5
4,tv_l_vrn,594,0.011784511784511785,0.10791495293291144,5
4,tv_l_vca,1159,0.0724762726488352,0.2592748783661212,5
4,tv_l_yug,1170,0.015384615384615385,0.12307692307692308,5
4,tv_l_ova,1172,0.005972696245733789,0.07705208073303398,5
4,tv_l_sup,1173,0.005115089514066497,0.071336704250544,5
4,tv_l_pul,1173,0.0025575447570332483,0.05050746204125703,5
4,tv_l_ove,594,0.04377104377104377,0.2045852866123005,5
4,fr_antfa,867,0.13379469434832755,0.3404315997561994,5
4,fr_tvs_a,312,0.05448717948717949,0.22697648944045146,5
4,fr_viaje,13,0.0,0.0,5
4,fr_estro,19,0.05263157894736842,0.22329687826943606,5
4,fr_varic,36,0.1388888888888889,0.34583054438857597,5
4,fr_antec,1,0.0,0.0,5
4,ana_dime,231,1.5497835497835497,0.5392695443477149,5
4,ana_crea,58,0.896551724137931,0.3045434781492361,5
4,ana_trop,1060,0.8415094339622642,0.3652003648886101,5
4,tension_,79,135.0632911392405,18.35331292975512,5
4,ana_hemo,3,13.9,2.3551362310207598,5
4,ana_plaq,3,267.0,74.14849964766651,5
4,ana_leuc,16,8.406875,3.4310743921365208,5
4,ana_neu,1312,6.202859756097561,3.07413412509135,5
4,protcrea,1649,44.04973923590054,53.28718689741073,5
4,splanchnic,569,0.012302284710017574,0.11023129546971333,5
5,raza,541,2.918669131238447,0.6830688630525391,5
5,ant_inf,32,0.0625,0.24206145913796356,5
5,ant_isq,33,0.030303030303030304,0.17141982574219336,5
5,ant_clau,33,0.030303030303030304,0.17141982574219336,5
5,fum_act,42,0.16666666666666666,0.37267799624996495,5
5,diabetes,31,0.16129032258064516,0.3677985242255284,5
5,hip_art,32,0.4375,0.49607837082461076,5
5,insf_car,6,0.0,0.0,5
5,fibr_aur,231,0.021645021645021644,0.14552152652789274,5
5,trat_est,36,0.1388888888888889,0.34583054438857597,5
5,var171,25,0.04,0.19595917942265428,5
5,tv_l_esu,443,0.006772009029345372,0.08201310214259569,5
5,tvp_orig,1613,0.217606943583385,0.41261866376556755,5
5,tv_l_ein,340,0.7823529411764706,0.4126461154657784,5
5,tvp_prox,691,0.914616497829233,0.27945153377253384,5
5,tv_l_svc,582,0.013745704467353952,0.11643350066046333,5
5,tv_l_vre,602,0.011627906976744186,0.10720400531735916,5
5,tv_l_vrn,594,0.003367003367003367,0.05792811627638133,5
5,tv_l_vca,1159,0.05090595340811044,0.2198056808085763,5
5,tv_l_yug,1170,0.01623931623931624,0.12639462349085784,5
5,tv_l_ova,1172,0.004266211604095563,0.06517676766029935,5
5,tv_l_sup,1173,0.0,0.0,5
5,tv_l_pul,1173,0.0,0.0,5
5,tv_l_ove,594,0.05218855218855219,0.2224070754472864,5
5,fr_antfa,867,0.11534025374855825,0.319432120510409,5
5,fr_tvs_a,312,0.04807692307692308,0.2139288025123749,5
5,fr_viaje,13,0.0,0.0,5
5,fr_estro,19,0.05263157894736842,0.22329687826943606,5
5,fr_varic,36,0.16666666666666666,0.372677996249965,5
5,fr_antec,1,0.0,0.0,5
5,ana_dime,231,1.6753246753246753,0.5038782520156351,5
5,ana_crea,58,0.9137931034482759,0.28066932062240874,5
5,ana_trop,1060,0.8726415094339622,0.3333741223412192,5
5,tension_,79,129.54430379746836,15.427082440194837,5
5,ana_hemo,3,13.6,1.3140268896284681,5
5,ana_plaq,3,250.0,30.474032661705056,5
5,ana_leuc,16,8.164375,3.1057627258654197,5
5,ana_neu,1312,6.71503506097561,3.0846795580586446,5
5,protcrea,1649,64.81749545178897,52.45983645347571,5
5,splanchnic,569,0.03163444639718805,0.17502487879821968,5
1,raza,541,2.9205175600739373,0.6710025812986034,6
1,ant_inf,32,0.0625,0.24206145913796356,6
1,ant_isq,33,0.06060606060606061,0.23860629921247914,6
1,ant_clau,33,0.0,0.0,6
1,fum_act,42,0.2619047619047619,0.43967107887189016,6
1,diabetes,31,0.0967741935483871,0.29565004483586066,6
1,hip_art,32,0.25,0.4330127018922193,6
1,insf_car,6,0.0,0.0,6
1,fibr_aur,231,0.012987012987012988,0.11321815437767983,6
1,trat_est,36,0.2222222222222222,0.41573970964154905,6
1,var171,25,0.04,0.19595917942265426,6
1,tv_l_esu,443,0.009029345372460496,0.0945928976964197,6
1,tvp_orig,1613,0.1754494730316181,0.38035109496956315,6
1,tv_l_ein,340,0.7617647058823529,0.42600380133788157,6
1,tvp_prox,691,0.874095513748191,0.33174168654764663,6
1,tv_l_svc,582,0.00859106529209622,0.09228899657729062,6
1,tv_l_vre,602,0.0033222591362126247,0.05754321619830157,6
1,tv_l_vrn,594,0.018518518518518517,0.13481684980149108,6
1,tv_l_vca,1159,0.06988783433994823,0.2549578885840173,6
1,tv_l_yug,1170,0.008547008547008548,0.09205409926725648,6
1,tv_l_ova,1172,0.010238907849829351,0.10066813108363568,6
1,tv_l_sup,1173,0.0034100596760443308,0.05829606478185425,6
1,tv_l_pul,1173,0.0034100596760443308,0.05829606478185425,6
1,tv_l_ove,594,0.03367003367003367,0.18037838701655048,6
1,fr_antfa,867,0.11534025374855825,0.319432120510409,6
1,fr_tvs_a,312,0.07051282051282051,0.25600930189379306,6
1,fr_viaje,13,0.0,0.0,6
1,fr_estro,19,0.05263157894736842,0.22329687826943606,6
1,fr_varic,36,0.05555555555555555,0.2290614236454256,6
1,fr_antec,1,0.0,0.0,6
1,ana_dime,231,1.567099567099567,0.5762618629365795,6
1,ana_crea,58,0.896551724137931,0.30454347814923616,6
1,ana_trop,1060,0.8264150943396227,0.3787521434754597,6
1,tension_,79,130.873417721519,20.142760793143836,6
1,ana_hemo,3,14.1,0.49665548085837835,6
1,ana_plaq,3,210.0,32.69046751985457,6
1,ana_leuc,16,7.949375,2.8301688747095994,6
1,ana_neu,1312,6.739737042682926,3.142953963159892,6
1,protcrea,1649,12.455621588841723,29.36040109481951,6
1,splanchnic,569,0.028119507908611598,0.16531424978987483,6
2,raza,541,2.911275415896488,0.7393622919939918,6
2,ant_inf,32,0.03125,0.17399263633843817,6
2,ant_isq,33,0.06060606060606061,0.23860629921247914,6
2,ant_clau,33,0.0,0.0,6
2,fum_act,42,0.23809523809523808,0.4259177099999599,6
2,diabetes,31,0.0967741935483871,0.29565004483586066,6
2,hip_art,32,0.4375,0.49607837082461076,6
2,insf_car,6,0.0,0.0,6
2,fibr_aur,231,0.04329004329004329,0.2035092514899248,6
2,trat_est,36,0.3611111111111111,0.48032267960529396,6
2,var171,25,0.0,0.0,6
2,tv_l_esu,443,0.011286681715575621,0.10563755265731456,6
2,tvp_orig,1613,0.31184128952262863,0.46324539897498473,6
2,tv_l_ein,340,0.7970588235294118,0.4021890791199107,6
2,tvp_prox,691,0.85383502170767,0.3532715349601956,6
2,tv_l_svc,582,0.005154639175257732,0.07161053602809178,6
2,tv_l_vre,602,0.0049833887043189366,0.07041700463198222,6
2,tv_l_vrn,594,0.008417508417508417,0.09136002391390664,6
2,tv_l_vca,1159,0.057808455565142365,0.23338088617175853,6
2,tv_l_yug,1170,0.009401709401709401,0.09650552969667184,6
2,tv_l_ova,1172,0.0034129692832764505,0.05832084467793536,6
2,tv_l_sup,1173,0.0,0.0,6
2,tv_l_pul,1173,0.015345268542199489,0.12292189095343135,6
2,tv_l_ove,594,0.03872053872053872,0.1929281177063882,6
2,fr_antfa,867,0.14302191464821223,0.3500951964517247,6
2,fr_tvs_a,312,0.060897435897435896,0.23914208788616356,6
2,fr_viaje,13,0.0,0.0,6
2,fr_estro,19,0.0,0.0,6
2,fr_varic,36,0.19444444444444445,0.39577241246597245,6
2,fr_antec,1,0.0,0.0,6
2,ana_dime,231,1.5974025974025974,0.540796436718364,6
2,ana_crea,58,0.9310344827586207,0.2533954906327426,6
2,ana_trop,1060,0.8688679245283019,0.33754474407726004,6
2,tension_,79,130.77215189873417,19.103283147535176,6
2,ana_hemo,3,12.866666666666667,1.4727148022916345,6
2,ana_plaq,3,270.6666666666667,60.917065662168014,6
2,ana_leuc,16,8.233125000000001,2.8001556178853706,6
2,ana_neu,1312,6.689118140243902,3.200871642278344,6
2,protcrea,1649,22.488793208004854,36.632155883770125,6
2,splanchnic,569,0.022847100175746926,0.14941589670883856,6
3,raza,541,2.8502772643253236,0.6970660170900567,6
3,ant_inf,32,0.0,0.0,6
3,ant_isq,33,0.030303030303030304,0.17141982574219336,6
3,ant_clau,33,0.030303030303030304,0.17141982574219336,6
3,fum_act,42,0.11904761904761904,0.32384453592227247,6
3,diabetes,31,0.12903225806451613,0.3352356401746214,6
3,hip_art,32,0.28125,0.4496092053105675,6
3,insf_car,6,0.0,0.0,6
3,fibr_aur,231,0.017316017316017316,0.1304460534486525,6
3,trat_est,36,0.1111111111111111,0.3142696805273545,6
3,var171,25,0.08,0.2712931993250107,6
3,tv_l_esu,443,0.013544018058690745,0.1155879649164073,6
3,tvp_orig,1613,0.3738375697458152,0.4838212905529872,6
3,tv_l_ein,340,0.7088235294117647,0.45430467041844713,6
3,tvp_prox,691,0.8769898697539797,0.3284488363548841,6
3,tv_l_svc,582,0.00859106529209622,0.09228899657729062,6
3,tv_l_vre,602,0.009966777408637873,0.09933499260947543,6
3,tv_l_vrn,594,0.0,0.0,6
3,tv_l_vca,1159,0.031061259706643658,0.17348330712803495,6
3,tv_l_yug,1170,0.007692307692307693,0.0873678207046196,6
3,tv_l_ova,1172,0.002559726962457338,0.050528949725231836,6
3,tv_l_sup,1173,0.0,0.0,6
3,tv_l_pul,1173,0.013640238704177323,0.11599216608146597,6
3,tv_l_ove,594,0.04040404040404041,0.19690493625876695,6
3,fr_antfa,867,0.15916955017301038,0.36583412152330996,6
3,fr_tvs_a,312,0.03205128205128205,0.17613630338505237,6
3,fr_viaje,13,0.07692307692307693,0.26646935501059654,6
3,fr_estro,19,0.0,0.0,6
3,fr_varic,36,0.16666666666666666,0.372677996249965,6
3,fr_antec,1,0.0,0.0,6
3,ana_dime,231,1.5887445887445888,0.5260764512887727,6
3,ana_crea,58,0.9137931034482759,0.28066932062240874,6
3,ana_trop,1060,0.870754716981132,0.3354712205782199,6
3,tension_,79,133.0632911392405,19.56963662861417,6
3,ana_hemo,3,14.700000000000001,1.6970562748477138,6
3,ana_plaq,3,256.6666666666667,54.5914116159513,6
3,ana_leuc,16,8.284374999999999,2.642503473862428,6
3,ana_neu,1312,6.625711128048781,3.067955637031083,6
3,protcrea,1649,39.199181322013345,49.46183286992002,6
3,splanchnic,569,0.0210896309314587,0.14368318759908397,6
4,raza,541,2.933456561922366,0.5857274041061225,6
4,ant_inf,32,0.03125,0.17399263633843817,6
4,ant_isq,33,0.030303030303030304,0.17141982574219336,6
4,ant_clau,33,0.0,0.0,6
4,fum_act,42,0.2857142857142857,0.45175395145262554,6
4,diabetes,31,0.22580645161290322,0.4181123031230878,6
4,hip_art,32,0.34375,0.47495887979908324,6
4,insf_car,6,0.0,0.0,6
4,fibr_aur,231,0.0,0.0,6
4,trat_est,36,0.1388888888888889,0.345830544388576,6
4,var171,25,0.04,0.19595917942265428,6
4,tv_l_esu,443,0.01580135440180587,0.12470634146215022,6
4,tvp_orig,1613,0.39615623062616245,0.48909760944236197,6
4,tv_l_ein,340,0.7529411764705882,0.4313012418781967,6
4,tvp_prox,691,0.8683068017366136,0.3381569159348169,6
4,tv_l_svc,582,0.00859106529209622,0.09228899657729062,6
4,tv_l_vre,602,0.023255813953488372,0.1507148999629735,6
4,tv_l_vrn,594,0.003367003367003367,0.05792811627638132,6
4,tv_l_vca,1159,0.06643658326143227,0.24904369830609854,6
4,tv_l_yug,1170,0.005982905982905983,0.07711751304927884,6
4,tv_l_ova,1172,0.015358361774744027,0.12297350323683597,6
4,tv_l_sup,1173,0.0017050298380221654,0.041256789880862274,6
4,tv_l_pul,1173,0.005115089514066497,0.071336704250544,6
4,tv_l_ove,594,0.026936026936026935,0.16189650208984926,6
4,fr_antfa,867,0.14994232987312572,0.35701488426302963,6
4,fr_tvs_a,312,0.04807692307692308,0.2139288025123749,6
4,fr_viaje,13,0.0,0.0,6
4,fr_estro,19,0.0,0.0,6
4,fr_varic,36,0.1388888888888889,0.34583054438857597,6
4,fr_antec,1,0.0,0.0,6
4,ana_dime,231,1.5194805194805194,0.5491525847237915,6
4,ana_crea,58,0.8448275862068966,0.3620689655172414,6
4,ana_trop,1060,0.8650943396226415,0.34162277906414157,6
4,tension_,79,132.0379746835443,18.845435963585107,6
4,ana_hemo,3,12.766666666666666,3.2622419012424904,6
4,ana_plaq,3,299.3333333333333,67.2772043282286,6
4,ana_leuc,16,8.23125,2.673064428235878,6
4,ana_neu,1312,6.317479420731707,3.0228022916986226,6
4,protcrea,1649,28.795985445724682,41.88482036164775,6
4,splanchnic,569,0.0210896309314587,0.143683187599084,6
5,raza,541,2.9593345656192236,0.6217044136078559,6
5,ant_inf,32,0.0,0.0,6
5,ant_isq,33,0.06060606060606061,0.23860629921247914,6
5,ant_clau,33,0.06060606060606061,0.2386062992124791,6
5,fum_act,42,0.19047619047619047,0.39267672624930094,6
5,diabetes,31,0.0967741935483871,0.29565004483586066,6
5,hip_art,32,0.375,0.4841229182759271,6
5,insf_car,6,0.0,0.0,6
5,fibr_aur,231,0.0,0.0,6
5,trat_est,36,0.2222222222222222,0.41573970964154905,6
5,var171,25,0.0,0.0,6
5,tv_l_esu,443,0.013544018058690745,0.1155879649164073,6
5,tvp_orig,1613,0.43645381277123374,0.4959454426534098,6
5,tv_l_ein,340,0.7323529411764705,0.4427325498838363,6
5,tvp_prox,691,0.8798842257597684,0.325096870207791,6
5,tv_l_svc,582,0.00859106529209622,0.09228899657729062,6
5,tv_l_vre,602,0.008305647840531562,0.09075606896775903,6
5,tv_l_vrn,594,0.005050505050505051,0.07088721640211212,6
5,tv_l_vca,1159,0.058671268334771355,0.2350084053959786,6
5,tv_l_yug,1170,0.018803418803418803,0.13583022581414653,6
5,tv_l_ova,1172,0.005119453924914676,0.07136697497039757,6
5,tv_l_sup,1173,0.0017050298380221654,0.041256789880862274,6
5,tv_l_pul,1173,0.0034100596760443308,0.05829606478185425,6
5,tv_l_ove,594,0.06902356902356903,0.25349421283890805,6
5,fr_antfa,867,0.12687427912341406,0.3328320844214513,6
5,fr_tvs_a,312,0.0641025641025641,0.2449355535197795,6
5,fr_viaje,13,0.0,0.0,6
5,fr_estro,19,0.05263157894736842,0.22329687826943606,6
5,fr_varic,36,0.05555555555555555,0.2290614236454256,6
5,fr_antec,1,0.0,0.0,6
5,ana_dime,231,1.606060606060606,0.5310755041725237,6
5,ana_crea,58,0.8793103448275862,0.3257662694429515,6
5,ana_trop,1060,0.880188679245283,0.3247407707290961,6
5,tension_,79,128.51898734177215,22.168435057499522,6
5,ana_hemo,3,14.933333333333332,1.7820088539498216,6
5,ana_plaq,3,160.33333333333334,32.561053764001905,6
5,ana_leuc,16,8.770625,3.046340978842487,6
5,ana_neu,1312,6.608599847560976,3.2544049101638777,6
5,protcrea,1649,43.99779866585809,55.2581726661071,6
5,splanchnic,569,0.026362038664323375,0.1602094927954773,6
1,raza,541,2.9260628465804066,0.597348599312173,7
1,ant_inf,32,0.0,0.0,7
1,ant_isq,33,0.0,0.0,7
1,ant_clau,33,0.0,0.0,7
1,fum_act,42,0.35714285714285715,0.4791574237499549,7
1,diabetes,31,0.16129032258064516,0.3677985242255284,7
1,hip_art,32,0.28125,0.4496092053105675,7
1,insf_car,6,0.0,0.0,7
1,fibr_aur,231,0.021645021645021644,0.14552152652789277,7
1,trat_est,36,0.25,0.4330127018922193,7
1,var171,25,0.0,0.0,7
1,tv_l_esu,443,0.011286681715575621,0.10563755265731457,7
1,tvp_orig,1613,0.35337879727216365,0.478019061241958,7
1,tv_l_ein,340,0.75,0.4330127018922193,7
1,tvp_prox,691,0.8610709117221418,0.3458725151094566,7
1,tv_l_svc,582,0.015463917525773196,0.1233887546761425,7
1,tv_l_vre,602,0.008305647840531562,0.09075606896775903,7
1,tv_l_vrn,594,0.008417508417508417,0.09136002391390663,7
1,tv_l_vca,1159,0.09318377911993098,0.2906898044804098,7
1,tv_l_yug,1170,0.01282051282051282,0.11249954342810413,7
1,tv_l_ova,1172,0.006825938566552901,0.08233677871545952,7
1,tv_l_sup,1173,0.0,0.0,7
1,tv_l_pul,1173,0.0076726342710997444,0.08725689058430681,7
1,tv_l_ove,594,0.04713804713804714,0.21193407382971333,7
1,fr_antfa,867,0.16724336793540945,0.37319301147935596,7
1,fr_tvs_a,312,0.05128205128205128,0.22057244274468277,7
1,fr_viaje,13,0.0,0.0,7
1,fr_estro,19,0.0,0.0,7
1,fr_varic,36,0.1111111111111111,0.3142696805273545,7
1,fr_antec,1,0.0,0.0,7
1,ana_dime,231,1.567099567099567,0.5292727866866814,7
1,ana_crea,58,0.8275862068965517,0.3777396948311491,7
1,ana_trop,1060,0.8886792452830189,0.3145289244031824,7
1,tension_,79,129.0126582278481,17.572629516486657,7
1,ana_hemo,3,14.233333333333334,0.7133644853010895,7
1,ana_plaq,3,162.0,20.06655592438988,7
1,ana_leuc,16,8.390625,3.373230033569457,7
1,ana_neu,1312,7.525842225609755,3.267444695113528,7
1,protcrea,1649,63.76633717404488,58.62815526983226,7
1,splanchnic,569,0.019332161687170474,0.1376896118509729,7
2,raza,541,2.9279112754158967,0.6113355274014861,7
2,ant_inf,32,0.0,0.0,7
2,ant_isq,33,0.06060606060606061,0.2386062992124791,7
2,ant_clau,33,0.0,0.0,7
2,fum_act,42,0.23809523809523808,0.4259177099999599,7
2,diabetes,31,0.0967741935483871,0.2956500448358606,7
2,hip_art,32,0.3125,0.46351240544347894,7
2,insf_car,6,0.0,0.0,7
2,fibr_aur,231,0.021645021645021644,0.14552152652789277,7
2,trat_est,36,0.1388888888888889,0.34583054438857597,7
2,var171,25,0.0,0.0,7
2,tv_l_esu,443,0.006772009029345372,0.0820131021425957,7
2,tvp_orig,1613,0.3050216986980781,0.4604166178814759,7
2,tv_l_ein,340,0.8029411764705883,0.39777712804862964,7
2,tvp_prox,691,0.8639652677279306,0.34282544229933676,7
2,tv_l_svc,582,0.012027491408934709,0.10900839811382748,7
2,tv_l_vre,602,0.011627906976744186,0.10720400531735916,7
2,tv_l_vrn,594,0.008417508417508417,0.09136002391390664,7
2,tv_l_vca,1159,0.07075064710957722,0.25640786462812193,7
2,tv_l_yug,1170,0.021367521367521368,0.14460619073238146,7
2,tv_l_ova,1172,0.008532423208191127,0.09197619780349393,7
2,tv_l_sup,1173,0.0,0.0,7
2,tv_l_pul,1173,0.0068201193520886615,0.08230191567704805,7
2,tv_l_ove,594,0.025252525252525252,0.15689115724251582,7
2,fr_antfa,867,0.12226066897347174,0.3275866263992333,7
2,fr_tvs_a,312,0.038461538461538464,0.1923076923076923,7
2,fr_viaje,13,0.0,0.0,7
2,fr_estro,19,0.05263157894736842,0.22329687826943606,7
2,fr_varic,36,0.1111111111111111,0.3142696805273545,7
2,fr_antec,1,0.0,0.0,7
2,ana_dime,231,1.5887445887445888,0.5502094679071003,7
2,ana_crea,58,0.9137931034482759,0.28066932062240874,7
2,ana_trop,1060,0.8462264150943396,0.36073157540049366,7
2,tension_,79,127.63291139240506,18.923682312998384,7
2,ana_hemo,3,14.566666666666668,0.910433352249844,7
2,ana_plaq,3,301.3333333333333,89.5184648860533,7
2,ana_leuc,16,8.653125,3.5505698816352003,7
2,ana_neu,1312,6.467533536585365,3.0730728075629146,7
2,protcrea,1649,29.923432383262586,40.630836567233644,7
2,splanchnic,569,0.014059753954305799,0.117737323194687,7
3,raza,541,2.8724584103512014,0.6173696968107293,7
3,ant_inf,32,0.03125,0.17399263633843817,7
3,ant_isq,33,0.0,0.0,7
3,ant_clau,33,0.0,0.0,7
3,fum_act,42,0.23809523809523808,0.4259177099999599,7
3,diabetes,31,0.03225806451612903,0.17668469596940845,7
3,hip_art,32,0.375,0.4841229182759271,7
3,insf_car,6,0.0,0.0,7
3,fibr_aur,231,0.03463203463203463,0.18284599205145347,7
3,trat_est,36,0.19444444444444445,0.39577241246597245,7
3,var171,25,0.04,0.19595917942265426,7
3,tv_l_esu,443,0.013544018058690745,0.1155879649164073,7
3,tvp_orig,1613,0.21698698078115314,0.41219368135942186,7
3,tv_l_ein,340,0.7823529411764706,0.4126461154657784,7
3,tvp_prox,691,0.8784370477568741,0.32678035572087466,7
3,tv_l_svc,582,0.00859106529209622,0.09228899657729062,7
3,tv_l_vre,602,0.008305647840531562,0.09075606896775903,7
3,tv_l_vrn,594,0.006734006734006734,0.08178422761946882,7
3,tv_l_vca,1159,0.05090595340811044,0.21980568080857626,7
3,tv_l_yug,1170,0.017948717948717947,0.13276506118973966,7
3,tv_l_ova,1172,0.0034129692832764505,0.05832084467793536,7
3,tv_l_sup,1173,0.0025575447570332483,0.05050746204125704,7
3,tv_l_pul,1173,0.0076726342710997444,0.08725689058430681,7
3,tv_l_ove,594,0.03535353535353535,0.18467177069476992,7
3,fr_antfa,867,0.13264129181084197,0.3391866440731313,7
3,fr_tvs_a,312,0.04487179487179487,0.20702250335839922,7
3,fr_viaje,13,0.07692307692307693,0.26646935501059654,7
3,fr_estro,19,0.05263157894736842,0.22329687826943606,7
3,fr_varic,36,0.05555555555555555,0.2290614236454256,7
3,fr_antec,1,0.0,0.0,7
3,ana_dime,231,1.5844155844155845,0.542975193775763,7
3,ana_crea,58,0.8620689655172413,0.3448275862068965,7
3,ana_trop,1060,0.8735849056603774,0.33231659342068215,7
3,tension_,79,130.49367088607596,23.290609515164828,7
3,ana_hemo,3,13.6,2.006655592438987,7
3,ana_plaq,3,297.6666666666667,95.72297994154219,7
3,ana_leuc,16,8.145624999999999,3.3237854337148476,7
3,ana_neu,1312,6.416628048780487,3.065025448071031,7
3,protcrea,1649,11.665985445724681,21.55310241673633,7
3,splanchnic,569,0.019332161687170474,0.1376896118509729,7
4,raza,541,2.8927911275415896,0.5953949673058911,7
4,ant_inf,32,0.03125,0.17399263633843817,7
4,ant_isq,33,0.06060606060606061,0.23860629921247914,7
4,ant_clau,33,0.09090909090909091,0.28747978728803447,7
4,fum_act,42,0.21428571428571427,0.41032590332414487,7
4,diabetes,31,0.16129032258064516,0.3677985242255284,7
4,hip_art,32,0.5,0.5,7
4,insf_car,6,0.0,0.0,7
4,fibr_aur,231,0.008658008658008658,0.09264473835079089,7
4,trat_est,36,0.2777777777777778,0.44790320823880836,7
4,var171,25,0.0,0.0,7
4,tv_l_esu,443,0.01805869074492099,0.1331637129007009,7
4,tvp_orig,1613,0.19280843149411037,0.3945039166331449,7
4,tv_l_ein,340,0.7676470588235295,0.42233286860379954,7
4,tvp_prox,691,0.8712011577424024,0.33497716413316914,7
4,tv_l_svc,582,0.00859106529209622,0.09228899657729062,7
4,tv_l_vre,602,0.006644518272425249,0.08124265289460121,7
4,tv_l_vrn,594,0.0,0.0,7
4,tv_l_vca,1159,0.04486626402070751,0.20701034363898743,7
4,tv_l_yug,1170,0.005982905982905983,0.07711751304927884,7
4,tv_l_ova,1172,0.004266211604095563,0.06517676766029937,7
4,tv_l_sup,1173,0.008525149190110827,0.0919373211563029,7
4,tv_l_pul,1173,0.010230179028132993,0.10062565510437854,7
4,tv_l_ove,594,0.045454545454545456,0.20829889522526548,7
4,fr_antfa,867,0.1118800461361015,0.31521881513114874,7
4,fr_tvs_a,312,0.05128205128205128,0.22057244274468274,7
4,fr_viaje,13,0.0,0.0,7
4,fr_estro,19,0.10526315789473684,0.3068922049918579,7
4,fr_varic,36,0.2222222222222222,0.41573970964154905,7
4,fr_antec,1,0.0,0.0,7
4,ana_dime,231,1.5584415584415585,0.5620041401190841,7
4,ana_crea,58,0.8275862068965517,0.37773969483114905,7
4,ana_trop,1060,0.789622641509434,0.4075766498771708,7
4,tension_,79,130.65822784810126,21.10665266528294,7
4,ana_hemo,3,13.700000000000001,1.4988884770611413,7
4,ana_plaq,3,237.33333333333334,12.684198393626966,7
4,ana_leuc,16,8.16625,3.680811518877325,7
4,ana_neu,1312,6.682762957317073,3.237108483398799,7
4,protcrea,1649,28.194978775015162,39.54313535627753,7
4,splanchnic,569,0.012302284710017574,0.11023129546971332,7
5,raza,541,2.9371534195933457,0.5537024035467807,7
5,ant_inf,32,0.09375,0.2914805954090255,7
5,ant_isq,33,0.09090909090909091,0.28747978728803447,7
5,ant_clau,33,0.0,0.0,7
5,fum_act,42,0.19047619047619047,0.39267672624930094,7
5,diabetes,31,0.12903225806451613,0.33523564017462143,7
5,hip_art,32,0.40625,0.4911323014219285,7
5,insf_car,6,0.0,0.0,7
5,fibr_aur,231,0.004329004329004329,0.0656526012471996,7
5,trat_est,36,0.16666666666666666,0.372677996249965,7
5,var171,25,0.04,0.19595917942265428,7
5,tv_l_esu,443,0.01805869074492099,0.13316371290070092,7
5,tvp_orig,1613,0.2796032238065716,0.4488042569356309,7
5,tv_l_ein,340,0.7647058823529411,0.42418250299576343,7
5,tvp_prox,691,0.91027496382055,0.28578742810355817,7
5,tv_l_svc,582,0.003436426116838488,0.05852022806160275,7
5,tv_l_vre,602,0.008305647840531562,0.09075606896775903,7
5,tv_l_vrn,594,0.003367003367003367,0.05792811627638133,7
5,tv_l_vca,1159,0.06471095772217429,0.2460151411455264,7
5,tv_l_yug,1170,0.010256410256410256,0.10075324463788973,7
5,tv_l_ova,1172,0.0008532423208191126,0.029197847495339033,7
5,tv_l_sup,1173,0.0,0.0,7
5,tv_l_pul,1173,0.004262574595055414,0.06514909863441705,7
5,tv_l_ove,594,0.030303030303030304,0.17141982574219336,7
5,fr_antfa,867,0.15455594002306805,0.36148084517254003,7
5,fr_tvs_a,312,0.05448717948717949,0.22697648944045146,7
5,fr_viaje,13,0.07692307692307693,0.26646935501059654,7
5,fr_estro,19,0.10526315789473684,0.3068922049918579,7
5,fr_varic,36,0.1111111111111111,0.31426968052735443,7
5,fr_antec,1,0.0,0.0,7
5,ana_dime,231,1.5238095238095237,0.5568116083398623,7
5,ana_crea,58,0.8793103448275862,0.3257662694429515,7
5,ana_trop,1060,0.8773584905660378,0.32802525756063605,7
5,tension_,79,129.18987341772151,20.947841162064066,7
5,ana_hemo,3,15.333333333333334,0.4714045207910317,7
5,ana_plaq,3,194.33333333333334,43.926706632247715,7
5,ana_leuc,16,8.033125,3.722532267741275,7
5,ana_neu,1312,6.213952743902439,3.08621160378151,7
5,protcrea,1649,15.597161916312917,24.185886909560352,7
5,splanchnic,569,0.03163444639718805,0.17502487879821968,7
1,raza,541,2.8780036968576708,0.682428310701543,8
1,ant_inf,32,0.0,0.0,8
1,ant_isq,33,0.030303030303030304,0.17141982574219336,8
1,ant_clau,33,0.030303030303030304,0.17141982574219336,8
1,fum_act,42,0.40476190476190477,0.49084590781162624,8
1,diabetes,31,0.06451612903225806,0.24567010018915833,8
1,hip_art,32,0.25,0.4330127018922193,8
1,insf_car,6,0.0,0.0,8
1,fibr_aur,231,0.012987012987012988,0.11321815437767983,8
1,trat_est,36,0.25,0.4330127018922193,8
1,var171,25,0.04,0.19595917942265426,8
1,tv_l_esu,443,0.004514672686230248,0.06703946909669298,8
1,tvp_orig,1613,0.19652820830750156,0.3973724595979757,8
1,tv_l_ein,340,0.6852941176470588,0.46439863260500447,8
1,tvp_prox,691,0.8509406657018813,0.356146948824106,8
1,tv_l_svc,582,0.001718213058419244,0.04141570719310635,8
1,tv_l_vre,602,0.009966777408637873,0.09933499260947541,8
1,tv_l_vrn,594,0.006734006734006734,0.08178422761946882,8
1,tv_l_vca,1159,0.054357204486626405,0.22672119179076639,8
1,tv_l_yug,1170,0.017948717948717947,0.13276506118973966,8
1,tv_l_ova,1172,0.004266211604095563,0.06517676766029935,8
1,tv_l_sup,1173,0.0034100596760443308,0.05829606478185426,8
1,tv_l_pul,1173,0.0017050298380221654,0.041256789880862274,8
1,tv_l_ove,594,0.03367003367003367,0.18037838701655048,8
1,fr_antfa,867,0.14417531718569782,0.35126741252228516,8
1,fr_tvs_a,312,0.060897435897435896,0.23914208788616353,8
1,fr_viaje,13,0.07692307692307693,0.26646935501059654,8
1,fr_estro,19,0.0,0.0,8
1,fr_varic,36,0.027777777777777776,0.16433554953054486,8
1,fr_antec,1,0.0,0.0,8
1,ana_dime,231,1.5367965367965368,0.563835156888829,8
1,ana_crea,58,0.8448275862068966,0.3620689655172414,8
1,ana_trop,1060,0.8424528301886792,0.3643158781823318,8
1,tension_,79,134.9620253164557,24.623978762078814,8
1,ana_hemo,3,13.200000000000001,1.557776192739723,8
1,ana_plaq,3,201.66666666666666,37.86232369461171,8
1,ana_leuc,16,8.759375,3.3290679415378412,8
1,ana_neu,1312,6.813647103658537,3.1073354956174155,8
1,protcrea,1649,22.958896300788357,40.52461306457492,8
1,splanchnic,569,0.02460456942003515,0.15491670208111782,8
2,raza,541,2.9168207024029575,0.627845730854767,8
2,ant_inf,32,0.0,0.0,8
2,ant_isq,33,0.09090909090909091,0.28747978728803447,8
2,ant_clau,33,0.0,0.0,8
2,fum_act,42,0.21428571428571427,0.41032590332414487,8
2,diabetes,31,0.12903225806451613,0.3352356401746214,8
2,hip_art,32,0.375,0.4841229182759271,8
2,insf_car,6,0.0,0.0,8
2,fibr_aur,231,0.012987012987012988,0.11321815437767983,8
2,trat_est,36,0.16666666666666666,0.37267799624996495,8
2,var171,25,0.0,0.0,8
2,tv_l_esu,443,0.01580135440180587,0.1247063414621502,8
2,tvp_orig,1613,0.1940483570985741,0.3954662971808323,8
2,tv_l_ein,340,0.7941176470588235,0.4043449142608094,8
2,tvp_prox,691,0.8784370477568741,0.3267803557208747,8
2,tv_l_svc,582,0.005154639175257732,0.07161053602809177,8
2,tv_l_vre,602,0.013289036544850499,0.11450955441604044,8
2,tv_l_vrn,594,0.0016835016835016834,0.040995944989514886,8
2,tv_l_vca,1159,0.04659188955996549,0.210763102527927,8
2,tv_l_yug,1170,0.01623931623931624,0.12639462349085784,8
2,tv_l_ova,1172,0.011092150170648464,0.10473353987734896,8
2,tv_l_sup,1173,0.0008525149190110827,0.029185409665172534,8
2,tv_l_pul,1173,0.005967604433077579,0.07701942696753782,8
2,tv_l_ove,594,0.04040404040404041,0.19690493625876695,8
2,fr_antfa,867,0.12802768166089964,0.33412062850029933,8
2,fr_tvs_a,312,0.057692307692307696,0.23316068563427195,8
2,fr_viaje,13,0.07692307692307693,0.26646935501059654,8
2,fr_estro,19,0.05263157894736842,0.22329687826943606,8
2,fr_varic,36,0.1111111111111111,0.31426968052735443,8
2,fr_antec,1,0.0,0.0,8
2,ana_dime,231,1.593073593073593,0.5650304276713328,8
2,ana_crea,58,0.9137931034482759,0.28066932062240874,8
2,ana_trop,1060,0.8943396226415095,0.3074024430855291,8
2,tension_,79,136.41772151898735,20.141026581844077,8
2,ana_hemo,3,15.533333333333333,1.798765008430939,8
2,ana_plaq,3,238.66666666666666,124.88483583775182,8
2,ana_leuc,16,8.765625,2.849787204226835,8
2,ana_neu,1312,7.2353056402439035,3.1373469412231625,8
2,protcrea,1649,42.61382049727108,48.634295710980886,8
2,splanchnic,569,0.022847100175746926,0.14941589670883854,8
3,raza,541,2.8743068391866915,0.6484060722266257,8
3,ant_inf,32,0.0,0.0,8
3,ant_isq,33,0.030303030303030304,0.17141982574219336,8
3,ant_clau,33,0.030303030303030304,0.17141982574219336,8
3,fum_act,42,0.16666666666666666,0.37267799624996495,8
3,diabetes,31,0.12903225806451613,0.3352356401746214,8
3,hip_art,32,0.40625,0.4911323014219285,8
3,insf_car,6,0.0,0.0,8
3,fibr_aur,231,0.025974025974025976,0.1590577755054012,8
3,trat_est,36,0.25,0.4330127018922193,8
3,var171,25,0.0,0.0,8
3,tv_l_esu,443,0.006772009029345372,0.08201310214259569,8
3,tvp_orig,1613,0.19094854308741477,0.39304859366267736,8
3,tv_l_ein,340,0.7352941176470589,0.44117647058823534,8
3,tvp_prox,691,0.8248914616497829,0.38005991389130694,8
3,tv_l_svc,582,0.006872852233676976,0.08261728714894369,8
3,tv_l_vre,602,0.011627906976744186,0.10720400531735916,8
3,tv_l_vrn,594,0.008417508417508417,0.09136002391390664,8
3,tv_l_vca,1159,0.04314063848144953,0.2031736296689666,8
3,tv_l_yug,1170,0.02564102564102564,0.15806189751202504,8
3,tv_l_ova,1172,0.010238907849829351,0.10066813108363569,8
3,tv_l_sup,1173,0.0076726342710997444,0.08725689058430681,8
3,tv_l_pul,1173,0.0025575447570332483,0.05050746204125703,8
3,tv_l_ove,594,0.03535353535353535,0.18467177069476992,8
3,fr_antfa,867,0.1384083044982699,0.3453280262941079,8
3,fr_tvs_a,312,0.0673076923076923,0.2505541196306804,8
3,fr_viaje,13,0.0,0.0,8
3,fr_estro,19,0.0,0.0,8
3,fr_varic,36,0.2222222222222222,0.41573970964154905,8
3,fr_antec,1,0.0,0.0,8
3,ana_dime,231,1.6277056277056277,0.5344523595236189,8
3,ana_crea,58,0.8793103448275862,0.32576626944295145,8
3,ana_trop,1060,0.8349056603773585,0.37126567124796955,8
3,tension_,79,130.36708860759492,17.41974524598987,8
3,ana_hemo,3,14.0,0.816496580927726,8
3,ana_plaq,3,230.66666666666666,129.7852927808934,8
3,ana_leuc,16,8.524375,2.647527074342206,8
3,ana_neu,1312,6.8938346036585365,3.1746748139968224,8
3,protcrea,1649,36.844075197089154,48.36853348304652,8
3,splanchnic,569,0.0210896309314587,0.143683187599084,8
4,raza,541,2.857670979667283,0.6605333998649258,8
4,ant_inf,32,0.09375,0.2914805954090255,8
4,ant_isq,33,0.06060606060606061,0.2386062992124791,8
4,ant_clau,33,0.030303030303030304,0.17141982574219336,8
4,fum_act,42,0.16666666666666666,0.37267799624996495,8
4,diabetes,31,0.12903225806451613,0.3352356401746214,8
4,hip_art,32,0.375,0.4841229182759271,8
4,insf_car,6,0.0,0.0,8
4,fibr_aur,231,0.017316017316017316,0.1304460534486525,8
4,trat_est,36,0.2222222222222222,0.41573970964154905,8
4,var171,25,0.0,0.0,8
4,tv_l_esu,443,0.011286681715575621,0.10563755265731456,8
4,tvp_orig,1613,0.21450712957222567,0.41047998847070494,8
4,tv_l_ein,340,0.7411764705882353,0.4379884816232067,8
4,tvp_prox,691,0.8885672937771346,0.3146672181952133,8
4,tv_l_svc,582,0.013745704467353952,0.11643350066046332,8
4,tv_l_vre,602,0.014950166112956811,0.12135344513507561,8
4,tv_l_vrn,594,0.006734006734006734,0.08178422761946882,8
4,tv_l_vca,1159,0.04918032786885246,0.2162443599716872,8
4,tv_l_yug,1170,0.011111111111111112,0.1048220125784067,8
4,tv_l_ova,1172,0.0017064846416382253,0.04127435707320076,8
4,tv_l_sup,1173,0.0068201193520886615,0.08230191567704805,8
4,tv_l_pul,1173,0.0068201193520886615,0.08230191567704803,8
4,tv_l_ove,594,0.04040404040404041,0.19690493625876695,8
4,fr_antfa,867,0.1314878892733564,0.337933165356397,8
4,fr_tvs_a,312,0.041666666666666664,0.19982631347136334,8
4,fr_viaje,13,0.07692307692307693,0.26646935501059654,8
4,fr_estro,19,0.0,0.0,8
4,fr_varic,36,0.1388888888888889,0.34583054438857597,8
4,fr_antec,1,0.0,0.0,8
4,ana_dime,231,1.606060606060606,0.5310755041725237,8
4,ana_crea,58,0.8448275862068966,0.36206896551724144,8
4,ana_trop,1060,0.85,0.3570714214271425,8
4,tension_,79,129.35443037974684,19.679738327145,8
4,ana_hemo,3,15.833333333333334,0.8498365855987975,8
4,ana_plaq,3,256.3333333333333,78.96131260870028,8
4,ana_leuc,16,8.82375,2.892708235806024,8
4,ana_neu,1312,6.7631806402439025,3.2019751466996924,8
4,protcrea,1649,44.17278956943603,53.4719827397948,8
4,splanchnic,569,0.03866432337434095,0.19279365516620442,8
5,raza,541,2.924214417744917,0.5436455147493638,8
5,ant_inf,32,0.03125,0.17399263633843817,8
5,ant_isq,33,0.0,0.0,8
5,ant_clau,33,0.0,0.0,8
5,fum_act,42,0.35714285714285715,0.4791574237499549,8
5,diabetes,31,0.06451612903225806,0.2456701001891583,8
5,hip_art,32,0.375,0.4841229182759271,8
5,insf_car,6,0.0,0.0,8
5,fibr_aur,231,0.012987012987012988,0.11321815437767983,8
5,trat_est,36,0.16666666666666666,0.37267799624996495,8
5,var171,25,0.08,0.2712931993250107,8
5,tv_l_esu,443,0.024830699774266364,0.1556089204479827,8
5,tvp_orig,1613,0.268443893366398,0.44314982735039843,8
5,tv_l_ein,340,0.7352941176470589,0.44117647058823534,8
5,tvp_prox,691,0.9015918958031838,0.29786565633722323,8
5,tv_l_svc,582,0.010309278350515464,0.10100988630033723,8
5,tv_l_vre,602,0.0049833887043189366,0.07041700463198222,8
5,tv_l_vrn,594,0.0016835016835016834,0.040995944989514886,8
5,tv_l_vca,1159,0.059534081104400345,0.23662158458487048,8
5,tv_l_yug,1170,0.01623931623931624,0.12639462349085784,8
5,tv_l_ova,1172,0.010238907849829351,0.10066813108363568,8
5,tv_l_sup,1173,0.0034100596760443308,0.05829606478185426,8
5,tv_l_pul,1173,0.0068201193520886615,0.08230191567704805,8
5,tv_l_ove,594,0.030303030303030304,0.17141982574219336,8
5,fr_antfa,867,0.11880046136101499,0.32355356858088424,8
5,fr_tvs_a,312,0.0641025641025641,0.2449355535197795,8
5,fr_viaje,13,0.0,0.0,8
5,fr_estro,19,0.0,0.0,8
5,fr_varic,36,0.05555555555555555,0.2290614236454256,8
5,fr_antec,1,0.0,0.0,8
5,ana_dime,231,1.5887445887445888,0.5177822167114083,8
5,ana_crea,58,0.8793103448275862,0.32576626944295145,8
5,ana_trop,1060,0.8830188679245283,0.32139780150743524,8
5,tension_,79,133.83544303797467,23.478204479116606,8
5,ana_hemo,3,13.5,2.405549140355829,8
5,ana_plaq,3,202.33333333333334,40.89281382128432,8
5,ana_leuc,16,8.907499999999999,3.2806239879023016,8
5,ana_neu,1312,6.664817073170732,3.1271256997189374,8
5,protcrea,1649,42.238138265615525,54.223264800212654,8
5,splanchnic,569,0.0210896309314587,0.14368318759908397,8
1,raza,541,2.9057301293900184,0.7222272961338139,9
1,ant_inf,32,0.03125,0.17399263633843817,9
1,ant_isq,33,0.06060606060606061,0.23860629921247914,9
1,ant_clau,33,0.0,0.0,9
1,fum_act,42,0.14285714285714285,0.3499271061118826,9
1,diabetes,31,0.12903225806451613,0.3352356401746214,9
1,hip_art,32,0.34375,0.47495887979908324,9
1,insf_car,6,0.0,0.0,9
1,fibr_aur,231,0.030303030303030304,0.17141982574219336,9
1,trat_est,36,0.25,0.4330127018922193,9
1,var171,25,0.0,0.0,9
1,tv_l_esu,443,0.020316027088036117,0.14107900669977194,9
1,tvp_orig,1613,0.27712337259764414,0.44757793618290825,9
1,tv_l_ein,340,0.7205882352941176,0.44871018536448104,9
1,tvp_prox,691,0.8639652677279306,0.34282544229933676,9
1,tv_l_svc,582,0.00859106529209622,0.09228899657729062,9
1,tv_l_vre,602,0.008305647840531562,0.09075606896775903,9
1,tv_l_vrn,594,0.0,0.0,9
1,tv_l_vca,1159,0.04400345125107852,0.20510277308966954,9
1,tv_l_yug,1170,0.01452991452991453,0.11966117212223817,9
1,tv_l_ova,1172,0.0034129692832764505,0.05832084467793536,9
1,tv_l_sup,1173,0.0,0.0,9
1,tv_l_pul,1173,0.0025575447570332483,0.05050746204125703,9
1,tv_l_ove,594,0.05387205387205387,0.22576504530963243,9
1,fr_antfa,867,0.10034602076124567,0.30046080755837246,9
1,fr_tvs_a,312,0.03205128205128205,0.17613630338505237,9
1,fr_viaje,13,0.0,0.0,9
1,fr_estro,19,0.05263157894736842,0.22329687826943606,9
1,fr_varic,36,0.1388888888888889,0.34583054438857597,9
1,fr_antec,1,0.0,0.0,9
1,ana_dime,231,1.5324675324675325,0.6154802914843006,9
1,ana_crea,58,0.8620689655172413,0.3448275862068965,9
1,ana_trop,1060,0.8830188679245283,0.32139780150743524,9
1,tension_,79,133.59493670886076,21.850770624733777,9
1,ana_hemo,3,13.166666666666666,0.8993825042154692,9
1,ana_plaq,3,251.33333333333334,56.09713797413277,9
1,ana_leuc,16,9.831249999999999,3.461404835828944,9
1,ana_neu,1312,6.358567835365853,3.0719601906732596,9
1,protcrea,1649,43.27679199514858,52.46035754475239,9
1,splanchnic,569,0.019332161687170474,0.1376896118509729,9
2,raza,541,2.8964879852125693,0.7247962645369376,9
2,ant_inf,32,0.03125,0.17399263633843817,9
2,ant_isq,33,0.18181818181818182,0.38569460791993504,9
2,ant_clau,33,0.030303030303030304,0.17141982574219336,9
2,fum_act,42,0.21428571428571427,0.41032590332414487,9
2,diabetes,31,0.12903225806451613,0.3352356401746214,9
2,hip_art,32,0.3125,0.46351240544347894,9
2,insf_car,6,0.0,0.0,9
2,fibr_aur,231,0.012987012987012988,0.11321815437767983,9
2,trat_est,36,0.2777777777777778,0.44790320823880836,9
2,var171,25,0.08,0.2712931993250107,9
2,tv_l_esu,443,0.009029345372460496,0.0945928976964197,9
2,tvp_orig,1613,0.23000619962802232,0.42083648577647903,9
2,tv_l_ein,340,0.7852941176470588,0.41061815161532517,9
2,tvp_prox,691,0.8885672937771346,0.3146672181952133,9
2,tv_l_svc,582,0.006872852233676976,0.0826172871489437,9
2,tv_l_vre,602,0.008305647840531562,0.09075606896775903,9
2,tv_l_vrn,594,0.010101010101010102,0.0999948983496128,9
2,tv_l_vca,1159,0.059534081104400345,0.23662158458487048,9
2,tv_l_yug,1170,0.023931623931623933,0.1528361910923563,9
2,tv_l_ova,1172,0.0034129692832764505,0.05832084467793535,9
2,tv_l_sup,1173,0.008525149190110827,0.0919373211563029,9
2,tv_l_pul,1173,0.011935208866155157,0.10859447341129477,9
2,tv_l_ove,594,0.04040404040404041,0.19690493625876695,9
2,fr_antfa,867,0.14186851211072665,0.34891522950741954,9
2,fr_tvs_a,312,0.05448717948717949,0.22697648944045146,9
2,fr_viaje,13,0.0,0.0,9
2,fr_estro,19,0.05263157894736842,0.22329687826943606,9
2,fr_varic,36,0.19444444444444445,0.39577241246597245,9
2,fr_antec,1,0.0,0.0,9
2,ana_dime,231,1.5411255411255411,0.6007185717299274,9
2,ana_crea,58,0.8620689655172413,0.3448275862068965,9
2,ana_trop,1060,0.839622641509434,0.3669556667693722,9
2,tension_,79,130.83544303797467,20.857825159237905,9
2,ana_hemo,3,12.933333333333332,0.047140452079103,9
2,ana_plaq,3,160.0,16.87206764645835,9
2,ana_leuc,16,9.209375000000001,3.2542346810540566,9
2,ana_neu,1312,6.622472560975609,3.054599902822016,9
2,protcrea,1649,45.85649484536083,43.93936337930279,9
2,splanchnic,569,0.022847100175746926,0.14941589670883854,9
3,raza,541,2.8835489833641406,0.5762771494351252,9
3,ant_inf,32,0.03125,0.17399263633843817,9
3,ant_isq,33,0.09090909090909091,0.28747978728803447,9
3,ant_clau,33,0.030303030303030304,0.17141982574219336,9
3,fum_act,42,0.16666666666666666,0.37267799624996495,9
3,diabetes,31,0.12903225806451613,0.3352356401746214,9
3,hip_art,32,0.34375,0.47495887979908324,9
3,insf_car,6,0.16666666666666666,0.37267799624996495,9
3,fibr_aur,231,0.012987012987012988,0.11321815437767983,9
3,trat_est,36,0.3055555555555556,0.46064233199380555,9
3,var171,25,0.0,0.0,9
3,tv_l_esu,443,0.009029345372460496,0.09459289769641971,9
3,tvp_orig,1613,0.22380657160570366,0.4167939420286777,9
3,tv_l_ein,340,0.7823529411764706,0.4126461154657784,9
3,tvp_prox,691,0.91027496382055,0.28578742810355817,9
3,tv_l_svc,582,0.006872852233676976,0.0826172871489437,9
3,tv_l_vre,602,0.006644518272425249,0.08124265289460122,9
3,tv_l_vrn,594,0.005050505050505051,0.07088721640211211,9
3,tv_l_vca,1159,0.054357204486626405,0.22672119179076636,9
3,tv_l_yug,1170,0.007692307692307693,0.0873678207046196,9
3,tv_l_ova,1172,0.004266211604095563,0.06517676766029937,9
3,tv_l_sup,1173,0.005967604433077579,0.07701942696753783,9
3,tv_l_pul,1173,0.010230179028132993,0.10062565510437854,9
3,tv_l_ove,594,0.045454545454545456,0.20829889522526548,9
3,fr_antfa,867,0.1510957324106113,0.3581421673831668,9
3,fr_tvs_a,312,0.038461538461538464,0.1923076923076923,9
3,fr_viaje,13,0.07692307692307693,0.26646935501059654,9
3,fr_estro,19,0.0,0.0,9
3,fr_varic,36,0.16666666666666666,0.37267799624996495,9
3,fr_antec,1,0.0,0.0,9
3,ana_dime,231,1.6017316017316017,0.53999882699611,9
3,ana_crea,58,0.8620689655172413,0.3448275862068965,9
3,ana_trop,1060,0.8669811320754717,0.33959512467143166,9
3,tension_,79,134.31645569620252,18.278121599608163,9
3,ana_hemo,3,14.466666666666667,1.357284871433489,9
3,ana_plaq,3,269.0,137.99516899756551,9
3,ana_leuc,16,8.239999999999998,2.5803100588882724,9
3,ana_neu,1312,6.857333841463415,3.132179323387273,9
3,protcrea,1649,29.76733778047301,37.927941510824816,9
3,splanchnic,569,0.012302284710017574,0.11023129546971332,9
4,raza,541,2.9593345656192236,0.6866906904364004,9
4,ant_inf,32,0.0625,0.24206145913796356,9
4,ant_isq,33,0.06060606060606061,0.2386062992124791,9
4,ant_clau,33,0.030303030303030304,0.17141982574219336,9
4,fum_act,42,0.23809523809523808,0.4259177099999599,9
4,diabetes,31,0.3225806451612903,0.4674637660061109,9
4,hip_art,32,0.53125,0.4990224819584785,9
4,insf_car,6,0.16666666666666666,0.37267799624996495,9
4,fibr_aur,231,0.025974025974025976,0.1590577755054012,9
4,trat_est,36,0.25,0.4330127018922193,9
4,var171,25,0.0,0.0,9
4,tv_l_esu,443,0.0,0.0,9
4,tvp_orig,1613,0.3490390576565406,0.4766663339137502,9
4,tv_l_ein,340,0.7941176470588235,0.40434491426080943,9
4,tvp_prox,691,0.8769898697539797,0.3284488363548841,9
4,tv_l_svc,582,0.005154639175257732,0.07161053602809177,9
4,tv_l_vre,602,0.006644518272425249,0.08124265289460122,9
4,tv_l_vrn,594,0.005050505050505051,0.07088721640211211,9
4,tv_l_vca,1159,0.05176876617773943,0.22155983622076894,9
4,tv_l_yug,1170,0.01282051282051282,0.11249954342810413,9
4,tv_l_ova,1172,0.00938566552901024,0.09642393277391142,9
4,tv_l_sup,1173,0.0,0.0,9
4,tv_l_pul,1173,0.01278772378516624,0.11235745594111915,9
4,tv_l_ove,594,0.03367003367003367,0.18037838701655048,9
4,fr_antfa,867,0.16493656286043828,0.3711232855699343,9
4,fr_tvs_a,312,0.04807692307692308,0.21392880251237487,9
4,fr_viaje,13,0.07692307692307693,0.26646935501059654,9
4,fr_estro,19,0.05263157894736842,0.22329687826943606,9
4,fr_varic,36,0.2222222222222222,0.41573970964154905,9
4,fr_antec,1,0.0,0.0,9
4,ana_dime,231,1.4848484848484849,0.5492890710151307,9
4,ana_crea,58,0.8793103448275862,0.32576626944295145,9
4,ana_trop,1060,0.870754716981132,0.3354712205782199,9
4,tension_,79,130.1139240506329,17.38542044632506,9
4,ana_hemo,3,12.533333333333333,2.269116323349001,9
4,ana_plaq,3,248.66666666666666,104.26994879744701,9
4,ana_leuc,16,8.043125,2.467049651785509,9
4,ana_neu,1312,6.454833079268293,3.0622482443116703,9
4,protcrea,1649,54.003869011522134,55.298567853241835,9
4,splanchnic,569,0.014059753954305799,0.117737323194687,9
5,raza,541,2.9371534195933457,0.6374962814087098,9
5,ant_inf,32,0.09375,0.2914805954090255,9
5,ant_isq,33,0.09090909090909091,0.28747978728803447,9
5,ant_clau,33,0.09090909090909091,0.28747978728803447,9
5,fum_act,42,0.2857142857142857,0.45175395145262554,9
5,diabetes,31,0.0967741935483871,0.29565004483586066,9
5,hip_art,32,0.34375,0.47495887979908324,9
5,insf_car,6,0.0,0.0,9
5,fibr_aur,231,0.012987012987012988,0.11321815437767983,9
5,trat_est,36,0.25,0.4330127018922193,9
5,var171,25,0.0,0.0,9
5,tv_l_esu,443,0.011286681715575621,0.10563755265731457,9
5,tvp_orig,1613,0.3446993180409175,0.47527013180195105,9
5,tv_l_ein,340,0.8352941176470589,0.3709148887161046,9
5,tvp_prox,691,0.8523878437047757,0.35471510766966013,9
5,tv_l_svc,582,0.00859106529209622,0.09228899657729063,9
5,tv_l_vre,602,0.011627906976744186,0.10720400531735916,9
5,tv_l_vrn,594,0.006734006734006734,0.08178422761946882,9
5,tv_l_vca,1159,0.055220017256255395,0.22840920942570214,9
5,tv_l_yug,1170,0.010256410256410256,0.10075324463788975,9
5,tv_l_ova,1172,0.006825938566552901,0.08233677871545952,9
5,tv_l_sup,1173,0.0008525149190110827,0.029185409665172534,9
5,tv_l_pul,1173,0.0017050298380221654,0.041256789880862274,9
5,tv_l_ove,594,0.021885521885521887,0.14630975981567407,9
5,fr_antfa,867,0.13610149942329874,0.34289631272154053,9
5,fr_tvs_a,312,0.038461538461538464,0.19230769230769232,9
5,fr_viaje,13,0.0,0.0,9
5,fr_estro,19,0.0,0.0,9
5,fr_varic,36,0.16666666666666666,0.372677996249965,9
5,fr_antec,1,0.0,0.0,9
5,ana_dime,231,1.4978354978354977,0.5650304276713327,9
5,ana_crea,58,0.896551724137931,0.30454347814923616,9
5,ana_trop,1060,0.879245283018868,0.3258420097346853,9
5,tension_,79,131.30379746835442,24.005987876645786,9
5,ana_hemo,3,13.799999999999999,0.6683312551921139,9
5,ana_plaq,3,189.66666666666666,47.79353745248642,9
5,ana_leuc,16,7.8100000000000005,2.0539504619147952,9
5,ana_neu,1312,6.666823932926829,3.1574456632068975,9
5,protcrea,1649,36.80234081261371,44.576460797435075,9
5,splanchnic,569,0.012302284710017574,0.11023129546971332,9
1,raza,541,2.8835489833641406,0.7033897145140658,10
1,ant_inf,32,0.03125,0.17399263633843817,10
1,ant_isq,33,0.06060606060606061,0.2386062992124791,10
1,ant_clau,33,0.0,0.0,10
1,fum_act,42,0.3333333333333333,0.4714045207910317,10
1,diabetes,31,0.06451612903225806,0.2456701001891583,10
1,hip_art,32,0.3125,0.46351240544347894,10
1,insf_car,6,0.16666666666666666,0.372677996249965,10
1,fibr_aur,231,0.021645021645021644,0.14552152652789274,10
1,trat_est,36,0.19444444444444445,0.39577241246597245,10
1,var171,25,0.04,0.19595917942265428,10
1,tv_l_esu,443,0.006772009029345372,0.0820131021425957,10
1,tvp_orig,1613,0.31308121512709236,0.46374709472042597,10
1,tv_l_ein,340,0.42058823529411765,0.49365349348130566,10
1,tvp_prox,691,0.8986975397973951,0.3017288049880299,10
1,tv_l_svc,582,0.012027491408934709,0.10900839811382748,10
1,tv_l_vre,602,0.019933554817275746,0.13977198649809056,10
1,tv_l_vrn,594,0.003367003367003367,0.05792811627638133,10
1,tv_l_vca,1159,0.04918032786885246,0.21624435997168717,10
1,tv_l_yug,1170,0.01452991452991453,0.11966117212223819,10
1,tv_l_ova,1172,0.0034129692832764505,0.05832084467793536,10
1,tv_l_sup,1173,0.0025575447570332483,0.050507462041257035,10
1,tv_l_pul,1173,0.0068201193520886615,0.08230191567704805,10
1,tv_l_ove,594,0.05387205387205387,0.22576504530963243,10
1,fr_antfa,867,0.11880046136101499,0.3235535685808843,10
1,fr_tvs_a,312,0.057692307692307696,0.23316068563427195,10
1,fr_viaje,13,0.0,0.0,10
1,fr_estro,19,0.0,0.0,10
1,fr_varic,36,0.1111111111111111,0.3142696805273545,10
1,fr_antec,1,0.0,0.0,10
1,ana_dime,231,1.606060606060606,0.5549911865121159,10
1,ana_crea,58,0.8620689655172413,0.3448275862068965,10
1,ana_trop,1060,0.8764150943396226,0.3291073939511128,10
1,tension_,79,135.51898734177215,23.00790219753825,10
1,ana_hemo,3,14.0,0.4898979485566354,10
1,ana_plaq,3,229.66666666666666,62.63296966365948,10
1,ana_leuc,16,9.66375,3.49511958844043,10
1,ana_neu,1312,6.185064024390244,3.066071138209193,10
1,protcrea,1649,46.7485688295937,52.96465857978582,10
1,splanchnic,569,0.03866432337434095,0.19279365516620442,10
2,raza,541,2.931608133086876,0.6498535323734796,10
2,ant_inf,32,0.03125,0.17399263633843817,10
2,ant_isq,33,0.0,0.0,10
2,ant_clau,33,0.06060606060606061,0.23860629921247914,10
2,fum_act,42,0.19047619047619047,0.39267672624930094,10
2,diabetes,31,0.03225806451612903,0.17668469596940847,10
2,hip_art,32,0.3125,0.46351240544347894,10
2,insf_car,6,0.0,0.0,10
2,fibr_aur,231,0.004329004329004329,0.06565260124719957,10
2,trat_est,36,0.19444444444444445,0.39577241246597245,10
2,var171,25,0.0,0.0,10
2,tv_l_esu,443,0.011286681715575621,0.10563755265731456,10
2,tvp_orig,1613,0.25294482331060136,0.43469959704486727,10
2,tv_l_ein,340,0.47058823529411764,0.4991341984846218,10
2,tvp_prox,691,0.869753979739508,0.33657390639619633,10
2,tv_l_svc,582,0.02577319587628866,0.15845800153545772,10
2,tv_l_vre,602,0.013289036544850499,0.11450955441604044,10
2,tv_l_vrn,594,0.0016835016835016834,0.040995944989514886,10
2,tv_l_vca,1159,0.05176876617773943,0.22155983622076897,10
2,tv_l_yug,1170,0.017948717948717947,0.13276506118973969,10
2,tv_l_ova,1172,0.006825938566552901,0.08233677871545952,10
2,tv_l_sup,1173,0.0,0.0,10
2,tv_l_pul,1173,0.010230179028132993,0.10062565510437854,10
2,tv_l_ove,594,0.04208754208754209,0.20078889632788827,10
2,fr_antfa,867,0.1118800461361015,0.3152188151311487,10
2,fr_tvs_a,312,0.05128205128205128,0.22057244274468274,10
2,fr_viaje,13,0.07692307692307693,0.26646935501059654,10
2,fr_estro,19,0.05263157894736842,0.22329687826943606,10
2,fr_varic,36,0.1388888888888889,0.3458305443885759,10
2,fr_antec,1,0.0,0.0,10
2,ana_dime,231,1.5757575757575757,0.5442507158133898,10
2,ana_crea,58,0.8793103448275862,0.32576626944295145,10
2,ana_trop,1060,0.8622641509433963,0.3446225252958086,10
2,tension_,79,134.8227848101266,23.629931402092925,10
2,ana_hemo,3,12.833333333333334,0.8498365855987975,10
2,ana_plaq,3,231.33333333333334,42.12943019895817,10
2,ana_leuc,16,9.715,2.839126185994557,10
2,ana_neu,1312,6.360435975609756,3.0454257297583287,10
2,protcrea,1649,42.23365069739236,49.845706315564584,10
2,splanchnic,569,0.028119507908611598,0.16531424978987483,10
3,raza,541,2.865064695009242,0.6306258410914222,10
3,ant_inf,32,0.0,0.0,10
3,ant_isq,33,0.0,0.0,10
3,ant_clau,33,0.0,0.0,10
3,fum_act,42,0.23809523809523808,0.4259177099999599,10
3,diabetes,31,0.12903225806451613,0.3352356401746214,10
3,hip_art,32,0.3125,0.46351240544347894,10
3,insf_car,6,0.0,0.0,10
3,fibr_aur,231,0.017316017316017316,0.1304460534486525,10
3,trat_est,36,0.19444444444444445,0.39577241246597245,10
3,var171,25,0.0,0.0,10
3,tv_l_esu,443,0.02708803611738149,0.16233999635544202,10
3,tvp_orig,1613,0.25666460012399256,0.43679272334504793,10
3,tv_l_ein,340,0.4676470588235294,0.4989521892899478,10
3,tvp_prox,691,0.8350217076700435,0.37116095617649225,10
3,tv_l_svc,582,0.020618556701030927,0.14210359538237344,10
3,tv_l_vre,602,0.011627906976744186,0.10720400531735916,10
3,tv_l_vrn,594,0.005050505050505051,0.07088721640211212,10
3,tv_l_vca,1159,0.04659188955996549,0.210763102527927,10
3,tv_l_yug,1170,0.020512820512820513,0.14174640985728465,10
3,tv_l_ova,1172,0.002559726962457338,0.050528949725231836,10
3,tv_l_sup,1173,0.0008525149190110827,0.029185409665172534,10
3,tv_l_pul,1173,0.005115089514066497,0.071336704250544,10
3,tv_l_ove,594,0.05387205387205387,0.22576504530963243,10
3,fr_antfa,867,0.11534025374855825,0.319432120510409,10
3,fr_tvs_a,312,0.05448717948717949,0.22697648944045148,10
3,fr_viaje,13,0.0,0.0,10
3,fr_estro,19,0.05263157894736842,0.22329687826943606,10
3,fr_varic,36,0.1388888888888889,0.345830544388576,10
3,fr_antec,1,0.0,0.0,10
3,ana_dime,231,1.4891774891774892,0.6091756679904556,10
3,ana_crea,58,0.9137931034482759,0.28066932062240874,10
3,ana_trop,1060,0.8735849056603774,0.33231659342068215,10
3,tension_,79,132.22784810126583,21.95216281671027,10
3,ana_hemo,3,14.033333333333333,2.2095751225568736,10
3,ana_plaq,3,318.3333333333333,132.7085361065955,10
3,ana_leuc,16,9.1125,3.2796045874464808,10
3,ana_neu,1312,6.4796806402439024,3.0254590998103414,10
3,protcrea,1649,26.515391146149184,38.40362013406132,10
3,splanchnic,569,0.028119507908611598,0.16531424978987483,10
4,raza,541,2.855822550831793,0.6698610209332729,10
4,ant_inf,32,0.0,0.0,10
4,ant_isq,33,0.030303030303030304,0.17141982574219336,10
4,ant_clau,33,0.0,0.0,10
4,fum_act,42,0.3333333333333333,0.47140452079103173,10
4,diabetes,31,0.0,0.0,10
4,hip_art,32,0.34375,0.47495887979908324,10
4,insf_car,6,0.0,0.0,10
4,fibr_aur,231,0.012987012987012988,0.11321815437767983,10
4,trat_est,36,0.08333333333333333,0.27638539919628335,10
4,var171,25,0.0,0.0,10
4,tv_l_esu,443,0.011286681715575621,0.10563755265731456,10
4,tvp_orig,1613,0.3217606943583385,0.467151741861655,10
4,tv_l_ein,340,0.47352941176470587,0.49929881629989625,10
4,tvp_prox,691,0.8668596237337193,0.339726384718576,10
4,tv_l_svc,582,0.01718213058419244,0.1299496247504401,10
4,tv_l_vre,602,0.03156146179401993,0.1748294481014127,10
4,tv_l_vrn,594,0.008417508417508417,0.09136002391390664,10
4,tv_l_vca,1159,0.059534081104400345,0.23662158458487048,10
4,tv_l_yug,1170,0.005128205128205128,0.07142763219068779,10
4,tv_l_ova,1172,0.002559726962457338,0.050528949725231836,10
4,tv_l_sup,1173,0.0008525149190110827,0.029185409665172534,10
4,tv_l_pul,1173,0.008525149190110827,0.0919373211563029,10
4,tv_l_ove,594,0.03872053872053872,0.1929281177063882,10
4,fr_antfa,867,0.12341407151095732,0.3289119007637845,10
4,fr_tvs_a,312,0.028846153846153848,0.16737399216855012,10
4,fr_viaje,13,0.07692307692307693,0.26646935501059654,10
4,fr_estro,19,0.10526315789473684,0.3068922049918579,10
4,fr_varic,36,0.1388888888888889,0.34583054438857597,10
4,fr_antec,1,0.0,0.0,10
4,ana_dime,231,1.593073593073593,0.5335047793248102,10
4,ana_crea,58,0.9137931034482759,0.28066932062240874,10
4,ana_trop,1060,0.8754716981132076,0.33018328836569594,10
4,tension_,79,131.73417721518987,20.492486341947966,10
4,ana_hemo,3,14.866666666666667,1.3474255287605155,10
4,ana_plaq,3,208.33333333333334,40.94169295745136,10
4,ana_leuc,16,8.824375,3.1217001953062375,10
4,ana_neu,1312,5.8619611280487804,2.950066149658499,10
4,protcrea,1649,82.75693753790176,55.63100606060508,10
4,splanchnic,569,0.0351493848857645,0.18415728502537415,10
5,raza,541,2.900184842883549,0.6089443936195849,10
5,ant_inf,32,0.03125,0.17399263633843817,10
5,ant_isq,33,0.06060606060606061,0.2386062992124791,10
5,ant_clau,33,0.0,0.0,10
5,fum_act,42,0.2857142857142857,0.45175395145262554,10
5,diabetes,31,0.0967741935483871,0.29565004483586066,10
5,hip_art,32,0.3125,0.46351240544347894,10
5,insf_car,6,0.0,0.0,10
5,fibr_aur,231,0.012987012987012988,0.11321815437767983,10
5,trat_est,36,0.25,0.4330127018922193,10
5,var171,25,0.04,0.19595917942265426,10
5,tv_l_esu,443,0.013544018058690745,0.1155879649164073,10
5,tvp_orig,1613,0.3725976441413515,0.4834962665023034,10
5,tv_l_ein,340,0.4470588235294118,0.4971893319791868,10
5,tvp_prox,691,0.9030390738060782,0.2959045538438682,10
5,tv_l_svc,582,0.012027491408934709,0.10900839811382747,10
5,tv_l_vre,602,0.023255813953488372,0.1507148999629735,10
5,tv_l_vrn,594,0.010101010101010102,0.0999948983496128,10
5,tv_l_vca,1159,0.027610008628127698,0.16385266568378562,10
5,tv_l_yug,1170,0.011965811965811967,0.10873192406009745,10
5,tv_l_ova,1172,0.0,0.0,10
5,tv_l_sup,1173,0.0,0.0,10
5,tv_l_pul,1173,0.0017050298380221654,0.041256789880862274,10
5,tv_l_ove,594,0.04882154882154882,0.21549479156632523,10
5,fr_antfa,867,0.12687427912341406,0.3328320844214513,10
5,fr_tvs_a,312,0.057692307692307696,0.23316068563427195,10
5,fr_viaje,13,0.15384615384615385,0.36080121229410994,10
5,fr_estro,19,0.05263157894736842,0.22329687826943606,10
5,fr_varic,36,0.2222222222222222,0.41573970964154905,10
5,fr_antec,1,0.0,0.0,10
5,ana_dime,231,1.5497835497835497,0.5550924776800794,10
5,ana_crea,58,0.9137931034482759,0.28066932062240874,10
5,ana_trop,1060,0.8660377358490566,0.34061176716974456,10
5,tension_,79,132.51898734177215,21.34399435853221,10
5,ana_hemo,3,15.066666666666668,0.5734883511361752,10
5,ana_plaq,3,270.6666666666667,72.14953607304454,10
5,ana_leuc,16,8.58625,4.165497981934453,10
5,ana_neu,1312,5.96542987804878,3.0363316183023263,10
5,protcrea,1649,52.29945421467557,54.30953186811366,10
5,splanchnic,569,0.029876977152899824,0.17024788806063035,10
1,raza,541,2.9168207024029575,0.5425634567828039,11
1,ant_inf,32,0.0,0.0,11
1,ant_isq,33,0.0,0.0,11
1,ant_clau,33,0.030303030303030304,0.17141982574219336,11
1,fum_act,42,0.21428571428571427,0.41032590332414487,11
1,diabetes,31,0.12903225806451613,0.3352356401746214,11
1,hip_art,32,0.21875,0.41339864235384227,11
1,insf_car,6,0.0,0.0,11
1,fibr_aur,231,0.008658008658008658,0.09264473835079089,11
1,trat_est,36,0.16666666666666666,0.372677996249965,11
1,var171,25,0.08,0.2712931993250107,11
1,tv_l_esu,443,0.002257336343115124,0.04745777887500821,11
1,tvp_orig,1613,0.2572845629262244,0.4371375259641823,11
1,tv_l_ein,340,0.7617647058823529,0.42600380133788157,11
1,tvp_prox,691,0.8929088277858177,0.3092291271015307,11
1,tv_l_svc,582,0.010309278350515464,0.10100988630033723,11
1,tv_l_vre,602,0.016611295681063124,0.12780986087489266,11
1,tv_l_vrn,594,0.010101010101010102,0.0999948983496128,11
1,tv_l_vca,1159,0.04745470232959448,0.21260939197599918,11
1,tv_l_yug,1170,0.015384615384615385,0.12307692307692308,11
1,tv_l_ova,1172,0.002559726962457338,0.050528949725231836,11
1,tv_l_sup,1173,0.0025575447570332483,0.050507462041257035,11
1,tv_l_pul,1173,0.0008525149190110827,0.029185409665172534,11
1,tv_l_ove,594,0.06228956228956229,0.24168072475755498,11
1,fr_antfa,867,0.10841983852364476,0.3109099180440398,11
1,fr_tvs_a,312,0.057692307692307696,0.23316068563427195,11
1,fr_viaje,13,0.0,0.0,11
1,fr_estro,19,0.05263157894736842,0.22329687826943606,11
1,fr_varic,36,0.1111111111111111,0.3142696805273545,11
1,fr_antec,1,1.0,0.0,11
1,ana_dime,231,1.632034632034632,0.5084691553255766,11
1,ana_crea,58,0.9482758620689655,0.2214695272183643,11
1,ana_trop,1060,0.8820754716981132,0.3225187342258808,11
1,tension_,79,130.31645569620252,20.419985434848616,11
1,ana_hemo,3,15.533333333333333,1.0842303978193732,11
1,ana_plaq,3,219.66666666666666,22.69116323349001,11
1,ana_leuc,16,9.0225,2.293453999974711,11
1,ana_neu,1312,5.525360518292683,2.9510957868814987,11
1,protcrea,1649,69.03611279563371,55.04752116935744,11
1,splanchnic,569,0.014059753954305799,0.117737323194687,11
2,raza,541,2.933456561922366,0.6792466690328678,11
2,ant_inf,32,0.0,0.0,11
2,ant_isq,33,0.06060606060606061,0.23860629921247914,11
2,ant_clau,33,0.030303030303030304,0.17141982574219336,11
2,fum_act,42,0.19047619047619047,0.39267672624930094,11
2,diabetes,31,0.12903225806451613,0.3352356401746214,11
2,hip_art,32,0.34375,0.47495887979908324,11
2,insf_car,6,0.0,0.0,11
2,fibr_aur,231,0.012987012987012988,0.11321815437767983,11
2,trat_est,36,0.16666666666666666,0.372677996249965,11
2,var171,25,0.0,0.0,11
2,tv_l_esu,443,0.009029345372460496,0.0945928976964197,11
2,tvp_orig,1613,0.27464352138871667,0.4463344682499014,11
2,tv_l_ein,340,0.7470588235294118,0.43469752439628984,11
2,tvp_prox,691,0.8914616497829233,0.3110591209870431,11
2,tv_l_svc,582,0.010309278350515464,0.10100988630033723,11
2,tv_l_vre,602,0.016611295681063124,0.12780986087489263,11
2,tv_l_vrn,594,0.008417508417508417,0.09136002391390664,11
2,tv_l_vca,1159,0.06643658326143227,0.24904369830609857,11
2,tv_l_yug,1170,0.02735042735042735,0.16310236501711536,11
2,tv_l_ova,1172,0.002559726962457338,0.050528949725231836,11
2,tv_l_sup,1173,0.005115089514066497,0.071336704250544,11
2,tv_l_pul,1173,0.0017050298380221654,0.041256789880862274,11
2,tv_l_ove,594,0.037037037037037035,0.18885257457751053,11
2,fr_antfa,867,0.11072664359861592,0.3137933300693324,11
2,fr_tvs_a,312,0.03205128205128205,0.17613630338505237,11
2,fr_viaje,13,0.0,0.0,11
2,fr_estro,19,0.0,0.0,11
2,fr_varic,36,0.16666666666666666,0.37267799624996495,11
2,fr_antec,1,0.0,0.0,11
2,ana_dime,231,1.6147186147186148,0.5373897015994017,11
2,ana_crea,58,0.9137931034482759,0.28066932062240874,11
2,ana_trop,1060,0.8415094339622642,0.3652003648886101,11
2,tension_,79,134.27848101265823,19.91941785844304,11
2,ana_hemo,3,14.366666666666667,1.1556623882239812,11
2,ana_plaq,3,270.3333333333333,102.34039063612937,11
2,ana_leuc,16,8.38375,2.7072977186670846,11
2,ana_neu,1312,6.763592225609755,3.220703908825477,11
2,protcrea,1649,80.5063250454821,56.5521148280775,11
2,splanchnic,569,0.02460456942003515,0.15491670208111782,11
3,raza,541,2.9297597042513863,0.5660298365805093,11
3,ant_inf,32,0.03125,0.17399263633843817,11
3,ant_isq,33,0.06060606060606061,0.23860629921247914,11
3,ant_clau,33,0.06060606060606061,0.2386062992124791,11
3,fum_act,42,0.14285714285714285,0.3499271061118826,11
3,diabetes,31,0.16129032258064516,0.3677985242255284,11
3,hip_art,32,0.40625,0.4911323014219285,11
3,insf_car,6,0.0,0.0,11
3,fibr_aur,231,0.004329004329004329,0.0656526012471996,11
3,trat_est,36,0.2222222222222222,0.41573970964154905,11
3,var171,25,0.0,0.0,11
3,tv_l_esu,443,0.011286681715575621,0.10563755265731456,11
3,tvp_orig,1613,0.3292002479851209,0.46992280718396273,11
3,tv_l_ein,340,0.7470588235294118,0.43469752439628984,11
3,tvp_prox,691,0.8972503617945007,0.3036316025286866,11
3,tv_l_svc,582,0.001718213058419244,0.04141570719310636,11
3,tv_l_vre,602,0.011627906976744186,0.10720400531735916,11
3,tv_l_vrn,594,0.003367003367003367,0.05792811627638133,11
3,tv_l_vca,1159,0.05090595340811044,0.21980568080857626,11
3,tv_l_yug,1170,0.017094017094017096,0.12962180246241967,11
3,tv_l_ova,1172,0.0008532423208191126,0.02919784749533903,11
3,tv_l_sup,1173,0.005115089514066497,0.071336704250544,11
3,tv_l_pul,1173,0.005115089514066497,0.071336704250544,11
3,tv_l_ove,594,0.037037037037037035,0.18885257457751053,11
3,fr_antfa,867,0.11418685121107267,0.31803807039656906,11
3,fr_tvs_a,312,0.035256410256410256,0.184427210010459,11
3,fr_viaje,13,0.0,0.0,11
3,fr_estro,19,0.05263157894736842,0.22329687826943606,11
3,fr_varic,36,0.16666666666666666,0.37267799624996495,11
3,fr_antec,1,0.0,0.0,11
3,ana_dime,231,1.58008658008658,0.5436305654008867,11
3,ana_crea,58,0.7931034482758621,0.4050806939472666,11
3,ana_trop,1060,0.839622641509434,0.3669556667693722,11
3,tension_,79,134.43037974683546,22.860990789022953,11
3,ana_hemo,3,14.799999999999999,1.2328828005937953,11
3,ana_plaq,3,176.0,24.055491403558285,11
3,ana_leuc,16,8.8,2.256623584029911,11
3,ana_neu,1312,6.717758384146342,3.0905816353597584,11
3,protcrea,1649,26.24330503335355,39.45246478811982,11
3,splanchnic,569,0.01757469244288225,0.13139947727605444,11
4,raza,541,2.933456561922366,0.6312918952319854,11
4,ant_inf,32,0.03125,0.17399263633843817,11
4,ant_isq,33,0.0,0.0,11
4,ant_clau,33,0.0,0.0,11
4,fum_act,42,0.2857142857142857,0.45175395145262565,11
4,diabetes,31,0.06451612903225806,0.2456701001891583,11
4,hip_art,32,0.375,0.4841229182759271,11
4,insf_car,6,0.0,0.0,11
4,fibr_aur,231,0.021645021645021644,0.14552152652789277,11
4,trat_est,36,0.1388888888888889,0.3458305443885759,11
4,var171,25,0.0,0.0,11
4,tv_l_esu,443,0.013544018058690745,0.1155879649164073,11
4,tvp_orig,1613,0.26410415375077495,0.440855021205795,11
4,tv_l_ein,340,0.7617647058823529,0.42600380133788157,11
4,tvp_prox,691,0.9319826338639653,0.2517757018458122,11
4,tv_l_svc,582,0.010309278350515464,0.10100988630033723,11
4,tv_l_vre,602,0.011627906976744186,0.10720400531735916,11
4,tv_l_vrn,594,0.0016835016835016834,0.040995944989514886,11
4,tv_l_vca,1159,0.06988783433994823,0.2549578885840173,11
4,tv_l_yug,1170,0.010256410256410256,0.10075324463788975,11
4,tv_l_ova,1172,0.005119453924914676,0.07136697497039757,11
4,tv_l_sup,1173,0.005115089514066497,0.071336704250544,11
4,tv_l_pul,1173,0.0025575447570332483,0.050507462041257035,11
4,tv_l_ove,594,0.02861952861952862,0.1667346730620977,11
4,fr_antfa,867,0.1314878892733564,0.337933165356397,11
4,fr_tvs_a,312,0.04487179487179487,0.20702250335839922,11
4,fr_viaje,13,0.0,0.0,11
4,fr_estro,19,0.0,0.0,11
4,fr_varic,36,0.19444444444444445,0.39577241246597245,11
4,fr_antec,1,0.0,0.0,11
4,ana_dime,231,1.567099567099567,0.5292727866866813,11
4,ana_crea,58,0.896551724137931,0.30454347814923616,11
4,ana_trop,1060,0.8745283018867924,0.33125300162533716,11
4,tension_,79,134.79746835443038,24.252041410531042,11
4,ana_hemo,3,12.366666666666667,3.196178273431498,11
4,ana_plaq,3,236.66666666666666,70.55179342550801,11
4,ana_leuc,16,8.39125,2.460014926275855,11
4,ana_neu,1312,7.46197637195122,3.2340359302379067,11
4,protcrea,1649,35.68810187992723,43.12443184328901,11
4,splanchnic,569,0.019332161687170474,0.1376896118509729,11
5,raza,541,2.9482439926062844,0.6088546135717524,11
5,ant_inf,32,0.0,0.0,11
5,ant_isq,33,0.0,0.0,11
5,ant_clau,33,0.030303030303030304,0.17141982574219336,11
5,fum_act,42,0.23809523809523808,0.4259177099999599,11
5,diabetes,31,0.16129032258064516,0.3677985242255284,11
5,hip_art,32,0.1875,0.3903123748998999,11
5,insf_car,6,0.0,0.0,11
5,fibr_aur,231,0.030303030303030304,0.17141982574219336,11
5,trat_est,36,0.25,0.4330127018922193,11
5,var171,25,0.04,0.19595917942265428,11
5,tv_l_esu,443,0.006772009029345372,0.08201310214259569,11
5,tvp_orig,1613,0.3174209547427154,0.4654727620741502,11
5,tv_l_ein,340,0.7588235294117647,0.4277971255429814,11
5,tvp_prox,691,0.9160636758321273,0.27729229641852376,11
5,tv_l_svc,582,0.012027491408934709,0.10900839811382748,11
5,tv_l_vre,602,0.009966777408637873,0.09933499260947544,11
5,tv_l_vrn,594,0.0016835016835016834,0.040995944989514886,11
5,tv_l_vca,1159,0.054357204486626405,0.22672119179076639,11
5,tv_l_yug,1170,0.022222222222222223,0.14740554623801777,11
5,tv_l_ova,1172,0.005972696245733789,0.07705208073303398,11
5,tv_l_sup,1173,0.0068201193520886615,0.08230191567704805,11
5,tv_l_pul,1173,0.0017050298380221654,0.041256789880862274,11
5,tv_l_ove,594,0.04377104377104377,0.2045852866123005,11
5,fr_antfa,867,0.09919261822376009,0.29892046218630713,11
5,fr_tvs_a,312,0.038461538461538464,0.1923076923076923,11
5,fr_viaje,13,0.0,0.0,11
5,fr_estro,19,0.10526315789473684,0.3068922049918579,11
5,fr_varic,36,0.16666666666666666,0.372677996249965,11
5,fr_antec,1,0.0,0.0,11
5,ana_dime,231,1.5151515151515151,0.5799573416801445,11
5,ana_crea,58,0.9482758620689655,0.2214695272183643,11
5,ana_trop,1060,0.819811320754717,0.3843445317903242,11
5,tension_,79,133.0506329113924,21.558221864967663,11
5,ana_hemo,3,15.800000000000002,0.8524474568362951,11
5,ana_plaq,3,188.66666666666666,39.75200903378623,11
5,ana_leuc,16,9.010625000000001,3.7578176325328774,11
5,ana_neu,1312,6.944871189024389,3.2472931515207906,11
5,protcrea,1649,35.20778047301395,44.46421786278832,11
5,splanchnic,569,0.01757469244288225,0.13139947727605444,11
1,raza,541,2.944547134935305,0.5837231733940549,12
1,ant_inf,32,0.0,0.0,12
1,ant_isq,33,0.09090909090909091,0.28747978728803447,12
1,ant_clau,33,0.030303030303030304,0.17141982574219336,12
1,fum_act,42,0.19047619047619047,0.39267672624930094,12
1,diabetes,31,0.03225806451612903,0.17668469596940847,12
1,hip_art,32,0.34375,0.47495887979908324,12
1,insf_car,6,0.0,0.0,12
1,fibr_aur,231,0.017316017316017316,0.1304460534486525,12
1,trat_est,36,0.16666666666666666,0.372677996249965,12
1,var171,25,0.0,0.0,12
1,tv_l_esu,443,0.004514672686230248,0.06703946909669299,12
1,tvp_orig,1613,0.24736515809051457,0.4314807488792163,12
1,tv_l_ein,340,0.7058823529411765,0.4556450995538137,12
1,tvp_prox,691,0.8610709117221418,0.34587251510945655,12
1,tv_l_svc,582,0.00859106529209622,0.09228899657729062,12
1,tv_l_vre,602,0.008305647840531562,0.09075606896775903,12
1,tv_l_vrn,594,0.008417508417508417,0.09136002391390664,12
1,tv_l_vca,1159,0.06902502157031924,0.25349668236001865,12
1,tv_l_yug,1170,0.022222222222222223,0.14740554623801777,12
1,tv_l_ova,1172,0.006825938566552901,0.08233677871545952,12
1,tv_l_sup,1173,0.0034100596760443308,0.05829606478185426,12
1,tv_l_pul,1173,0.0068201193520886615,0.08230191567704805,12
1,tv_l_ove,594,0.04882154882154882,0.21549479156632523,12
1,fr_antfa,867,0.12918108419838523,0.33540025593865447,12
1,fr_tvs_a,312,0.05448717948717949,0.22697648944045146,12
1,fr_viaje,13,0.0,0.0,12
1,fr_estro,19,0.0,0.0,12
1,fr_varic,36,0.1111111111111111,0.3142696805273545,12
1,fr_antec,1,0.0,0.0,12
1,ana_dime,231,1.6406926406926408,0.5392695443477149,12
1,ana_crea,58,0.8793103448275862,0.3257662694429515,12
1,ana_trop,1060,0.8745283018867924,0.33125300162533716,12
1,tension_,79,133.62025316455697,21.731563580012143,12
1,ana_hemo,3,14.433333333333332,1.7518244457961212,12
1,ana_plaq,3,228.66666666666666,0.4714045207910317,12
1,ana_leuc,16,8.358125,1.9691883440582825,12
1,ana_neu,1312,6.586420731707317,3.0483798870530734,12
1,protcrea,1649,63.783644633110974,58.45119517876784,12
1,splanchnic,569,0.014059753954305799,0.11773732319468698,12
2,raza,541,2.924214417744917,0.5298707531305933,12
2,ant_inf,32,0.0625,0.24206145913796356,12
2,ant_isq,33,0.0,0.0,12
2,ant_clau,33,0.030303030303030304,0.17141982574219336,12
2,fum_act,42,0.14285714285714285,0.3499271061118826,12
2,diabetes,31,0.03225806451612903,0.17668469596940847,12
2,hip_art,32,0.40625,0.4911323014219285,12
2,insf_car,6,0.0,0.0,12
2,fibr_aur,231,0.004329004329004329,0.0656526012471996,12
2,trat_est,36,0.16666666666666666,0.372677996249965,12
2,var171,25,0.04,0.19595917942265426,12
2,tv_l_esu,443,0.009029345372460496,0.0945928976964197,12
2,tvp_orig,1613,0.23124612523248606,0.42162940456928216,12
2,tv_l_ein,340,0.7676470588235295,0.42233286860379954,12
2,tvp_prox,691,0.914616497829233,0.27945153377253384,12
2,tv_l_svc,582,0.00859106529209622,0.09228899657729062,12
2,tv_l_vre,602,0.014950166112956811,0.12135344513507561,12
2,tv_l_vrn,594,0.003367003367003367,0.05792811627638133,12
2,tv_l_vca,1159,0.057808455565142365,0.23338088617175853,12
2,tv_l_yug,1170,0.017948717948717947,0.13276506118973969,12
2,tv_l_ova,1172,0.0008532423208191126,0.02919784749533903,12
2,tv_l_sup,1173,0.0076726342710997444,0.08725689058430681,12
2,tv_l_pul,1173,0.0,0.0,12
2,tv_l_ove,594,0.050505050505050504,0.21898468069372523,12
2,fr_antfa,867,0.13725490196078433,0.34411625048596567,12
2,fr_tvs_a,312,0.0641025641025641,0.2449355535197795,12
2,fr_viaje,13,0.07692307692307693,0.26646935501059654,12
2,fr_estro,19,0.05263157894736842,0.22329687826943606,12
2,fr_varic,36,0.08333333333333333,0.27638539919628335,12
2,fr_antec,1,1.0,0.0,12
2,ana_dime,231,1.5541125541125542,0.5546872020278425,12
2,ana_crea,58,0.896551724137931,0.3045434781492361,12
2,ana_trop,1060,0.8660377358490566,0.34061176716974456,12
2,tension_,79,131.70886075949366,23.276082089482074,12
2,ana_hemo,3,14.266666666666666,1.562761089297472,12
2,ana_plaq,3,167.66666666666666,42.99095512107427,12
2,ana_leuc,16,8.853125,2.217032698084311,12
2,ana_neu,1312,6.519217987804878,3.026357791127867,12
2,protcrea,1649,55.94554275318375,56.55361620592258,12
2,splanchnic,569,0.0210896309314587,0.143683187599084,12
3,raza,541,2.9038817005545288,0.6784262647673132,12
3,ant_inf,32,0.0625,0.24206145913796356,12
3,ant_isq,33,0.06060606060606061,0.23860629921247914,12
3,ant_clau,33,0.0,0.0,12
3,fum_act,42,0.2619047619047619,0.43967107887189016,12
3,diabetes,31,0.1935483870967742,0.39507899077148034,12
3,hip_art,32,0.34375,0.47495887979908324,12
3,insf_car,6,0.3333333333333333,0.4714045207910317,12
3,fibr_aur,231,0.0,0.0,12
3,trat_est,36,0.25,0.4330127018922193,12
3,var171,25,0.04,0.19595917942265428,12
3,tv_l_esu,443,0.011286681715575621,0.10563755265731457,12
3,tvp_orig,1613,0.2690638561686299,0.44347322069353495,12
3,tv_l_ein,340,0.7382352941176471,0.4395952054295841,12
3,tvp_prox,691,0.8813314037626628,0.3233981454869478,12
3,tv_l_svc,582,0.013745704467353952,0.11643350066046333,12
3,tv_l_vre,602,0.006644518272425249,0.08124265289460122,12
3,tv_l_vrn,594,0.0016835016835016834,0.040995944989514886,12
3,tv_l_vca,1159,0.04745470232959448,0.21260939197599918,12
3,tv_l_yug,1170,0.011111111111111112,0.10482201257840672,12
3,tv_l_ova,1172,0.010238907849829351,0.10066813108363568,12
3,tv_l_sup,1173,0.005115089514066497,0.071336704250544,12
3,tv_l_pul,1173,0.004262574595055414,0.06514909863441705,12
3,tv_l_ove,594,0.050505050505050504,0.21898468069372523,12
3,fr_antfa,867,0.13264129181084197,0.3391866440731313,12
3,fr_tvs_a,312,0.057692307692307696,0.23316068563427192,12
3,fr_viaje,13,0.0,0.0,12
3,fr_estro,19,0.05263157894736842,0.22329687826943606,12
3,fr_varic,36,0.08333333333333333,0.27638539919628335,12
3,fr_antec,1,0.0,0.0,12
3,ana_dime,231,1.5411255411255411,0.555800998985421,12
3,ana_crea,58,0.9310344827586207,0.2533954906327426,12
3,ana_trop,1060,0.8518867924528302,0.35521216941042266,12
3,tension_,79,132.8860759493671,21.63681072322612,12
3,ana_hemo,3,13.566666666666665,1.5965240019770726,12
3,ana_plaq,3,234.0,101.25545252808199,12
3,ana_leuc,16,8.358125,2.662715293525577,12
3,ana_neu,1312,6.5286387195121955,3.032913494112401,12
3,protcrea,1649,63.62161916312916,56.319262160860596,12
3,splanchnic,569,0.02460456942003515,0.15491670208111782,12
4,raza,541,2.9075785582255085,0.5324566020885815,12
4,ant_inf,32,0.03125,0.17399263633843817,12
4,ant_isq,33,0.030303030303030304,0.17141982574219336,12
4,ant_clau,33,0.030303030303030304,0.17141982574219336,12
4,fum_act,42,0.2857142857142857,0.45175395145262554,12
4,diabetes,31,0.06451612903225806,0.2456701001891583,12
4,hip_art,32,0.40625,0.4911323014219285,12
4,insf_car,6,0.16666666666666666,0.372677996249965,12
4,fibr_aur,231,0.008658008658008658,0.09264473835079089,12
4,trat_est,36,0.25,0.4330127018922193,12
4,var171,25,0.08,0.2712931993250107,12
4,tv_l_esu,443,0.01580135440180587,0.1247063414621502,12
4,tvp_orig,1613,0.32052076875387475,0.46667676774326355,12
4,tv_l_ein,340,0.7529411764705882,0.4313012418781967,12
4,tvp_prox,691,0.9044862518089725,0.29392324184645297,12
4,tv_l_svc,582,0.005154639175257732,0.07161053602809177,12
4,tv_l_vre,602,0.009966777408637873,0.09933499260947543,12
4,tv_l_vrn,594,0.016835016835016835,0.12865301801038923,12
4,tv_l_vca,1159,0.06557377049180328,0.24753555525477863,12
4,tv_l_yug,1170,0.013675213675213675,0.11613871966812328,12
4,tv_l_ova,1172,0.0,0.0,12
4,tv_l_sup,1173,0.005967604433077579,0.07701942696753782,12
4,tv_l_pul,1173,0.005115089514066497,0.071336704250544,12
4,tv_l_ove,594,0.04713804713804714,0.21193407382971333,12
4,fr_antfa,867,0.15455594002306805,0.36148084517254003,12
4,fr_tvs_a,312,0.04807692307692308,0.2139288025123749,12
4,fr_viaje,13,0.0,0.0,12
4,fr_estro,19,0.10526315789473684,0.3068922049918579,12
4,fr_varic,36,0.08333333333333333,0.27638539919628335,12
4,fr_antec,1,0.0,0.0,12
4,ana_dime,231,1.567099567099567,0.6126726515564249,12
4,ana_crea,58,0.8620689655172413,0.3448275862068965,12
4,ana_trop,1060,0.8283018867924529,0.3771178477989546,12
4,tension_,79,134.9493670886076,17.05604962215305,12
4,ana_hemo,3,14.333333333333334,0.9177266598624141,12
4,ana_plaq,3,246.0,127.65578717786359,12
4,ana_leuc,16,8.911874999999998,3.805013499893923,12
4,ana_neu,1312,6.505020579268292,3.212472593653187,12
4,protcrea,1649,39.9367131594906,48.27590244180678,12
4,splanchnic,569,0.01757469244288225,0.13139947727605444,12
5,raza,541,2.942698706099815,0.5945278184970847,12
5,ant_inf,32,0.0,0.0,12
5,ant_isq,33,0.030303030303030304,0.17141982574219336,12
5,ant_clau,33,0.0,0.0,12
5,fum_act,42,0.2619047619047619,0.43967107887189016,12
5,diabetes,31,0.1935483870967742,0.39507899077148034,12
5,hip_art,32,0.375,0.4841229182759271,12
5,insf_car,6,0.0,0.0,12
5,fibr_aur,231,0.021645021645021644,0.14552152652789277,12
5,trat_est,36,0.19444444444444445,0.39577241246597245,12
5,var171,25,0.0,0.0,12
5,tv_l_esu,443,0.011286681715575621,0.10563755265731456,12
5,tvp_orig,1613,0.2486050836949783,0.4322043452534821,12
5,tv_l_ein,340,0.7941176470588235,0.40434491426080943,12
5,tvp_prox,691,0.9030390738060782,0.2959045538438682,12
5,tv_l_svc,582,0.005154639175257732,0.07161053602809177,12
5,tv_l_vre,602,0.011627906976744186,0.10720400531735916,12
5,tv_l_vrn,594,0.005050505050505051,0.07088721640211212,12
5,tv_l_vca,1159,0.0724762726488352,0.2592748783661212,12
5,tv_l_yug,1170,0.011111111111111112,0.10482201257840672,12
5,tv_l_ova,1172,0.002559726962457338,0.050528949725231836,12
5,tv_l_sup,1173,0.0008525149190110827,0.029185409665172534,12
5,tv_l_pul,1173,0.0,0.0,12
5,tv_l_ove,594,0.05555555555555555,0.2290614236454256,12
5,fr_antfa,867,0.16262975778546712,0.36902753239847486,12
5,fr_tvs_a,312,0.08653846153846154,0.2811575291771817,12
5,fr_viaje,13,0.07692307692307693,0.26646935501059654,12
5,fr_estro,19,0.0,0.0,12
5,fr_varic,36,0.1388888888888889,0.34583054438857597,12
5,fr_antec,1,0.0,0.0,12
5,ana_dime,231,1.606060606060606,0.5310755041725237,12
5,ana_crea,58,0.8620689655172413,0.3448275862068965,12
5,ana_trop,1060,0.8613207547169811,0.34561150474304403,12
5,tension_,79,137.25316455696202,20.462666439975035,12
5,ana_hemo,3,12.833333333333334,1.1785113019775793,12
5,ana_plaq,3,173.66666666666666,27.716822007983204,12
5,ana_leuc,16,9.269375,3.508376527594351,12
5,ana_neu,1312,6.580383384146343,3.1326691370740627,12
5,protcrea,1649,79.9436688902365,58.25074989641743,12
5,splanchnic,569,0.012302284710017574,0.11023129546971332,12
1,raza,541,2.9500924214417745,0.6195408462884671,13
1,ant_inf,32,0.03125,0.17399263633843817,13
1,ant_isq,33,0.030303030303030304,0.17141982574219336,13
1,ant_clau,33,0.0,0.0,13
1,fum_act,42,0.35714285714285715,0.4791574237499549,13
1,diabetes,31,0.03225806451612903,0.17668469596940845,13
1,hip_art,32,0.1875,0.3903123748998999,13
1,insf_car,6,0.0,0.0,13
1,fibr_aur,231,0.021645021645021644,0.14552152652789277,13
1,trat_est,36,0.027777777777777776,0.16433554953054486,13
1,var171,25,0.08,0.2712931993250107,13
1,tv_l_esu,443,0.013544018058690745,0.1155879649164073,13
1,tvp_orig,1613,0.25480471171729696,0.4357513862329782,13
1,tv_l_ein,340,0.7558823529411764,0.42956282596761935,13
1,tvp_prox,691,0.874095513748191,0.33174168654764663,13
1,tv_l_svc,582,0.00859106529209622,0.09228899657729062,13
1,tv_l_vre,602,0.016611295681063124,0.12780986087489266,13
1,tv_l_vrn,594,0.008417508417508417,0.09136002391390664,13
1,tv_l_vca,1159,0.06471095772217429,0.24601514114552636,13
1,tv_l_yug,1170,0.007692307692307693,0.08736782070461958,13
1,tv_l_ova,1172,0.002559726962457338,0.050528949725231836,13
1,tv_l_sup,1173,0.0017050298380221654,0.041256789880862274,13
1,tv_l_pul,1173,0.0008525149190110827,0.029185409665172538,13
1,tv_l_ove,594,0.05387205387205387,0.22576504530963243,13
1,fr_antfa,867,0.1580161476355248,0.3647561441867057,13
1,fr_tvs_a,312,0.060897435897435896,0.23914208788616356,13
1,fr_viaje,13,0.07692307692307693,0.26646935501059654,13
1,fr_estro,19,0.0,0.0,13
1,fr_varic,36,0.2222222222222222,0.41573970964154905,13
1,fr_antec,1,0.0,0.0,13
1,ana_dime,231,1.5021645021645023,0.5494937368873568,13
1,ana_crea,58,0.8620689655172413,0.3448275862068965,13
1,ana_trop,1060,0.8490566037735849,0.3579936973775524,13
1,tension_,79,133.63291139240508,18.013481038342672,13
1,ana_hemo,3,14.200000000000001,1.1313708498984762,13
1,ana_plaq,3,182.66666666666666,26.157641755751268,13
1,ana_leuc,16,8.763750000000002,2.256581693070295,13
1,ana_neu,1312,6.441732469512195,3.143866328533965,13
1,protcrea,1649,27.208775015160708,44.76949711305602,13
1,splanchnic,569,0.03690685413005272,0.18853312241692638,13
2,raza,541,2.9297597042513863,0.6595395088239429,13
2,ant_inf,32,0.0,0.0,13
2,ant_isq,33,0.030303030303030304,0.17141982574219336,13
2,ant_clau,33,0.06060606060606061,0.2386062992124791,13
2,fum_act,42,0.30952380952380953,0.46229732949875235,13
2,diabetes,31,0.06451612903225806,0.2456701001891583,13
2,hip_art,32,0.21875,0.41339864235384227,13
2,insf_car,6,0.0,0.0,13
2,fibr_aur,231,0.012987012987012988,0.11321815437767983,13
2,trat_est,36,0.1388888888888889,0.34583054438857597,13
2,var171,25,0.0,0.0,13
2,tv_l_esu,443,0.022573363431151242,0.14853890633284064,13
2,tvp_orig,1613,0.34221946683199006,0.474452635521417,13
2,tv_l_ein,340,0.7264705882352941,0.4457702016334873,13
2,tvp_prox,691,0.8567293777134588,0.35034861363528824,13
2,tv_l_svc,582,0.005154639175257732,0.07161053602809177,13
2,tv_l_vre,602,0.009966777408637873,0.09933499260947544,13
2,tv_l_vrn,594,0.010101010101010102,0.0999948983496128,13
2,tv_l_vca,1159,0.06816220880069025,0.25202405062235894,13
2,tv_l_yug,1170,0.013675213675213675,0.11613871966812328,13
2,tv_l_ova,1172,0.010238907849829351,0.10066813108363566,13
2,tv_l_sup,1173,0.0025575447570332483,0.05050746204125703,13
2,tv_l_pul,1173,0.020460358056265986,0.1415688235611053,13
2,tv_l_ove,594,0.04713804713804714,0.21193407382971333,13
2,fr_antfa,867,0.1314878892733564,0.337933165356397,13
2,fr_tvs_a,312,0.028846153846153848,0.16737399216855012,13
2,fr_viaje,13,0.0,0.0,13
2,fr_estro,19,0.10526315789473684,0.3068922049918579,13
2,fr_varic,36,0.1388888888888889,0.345830544388576,13
2,fr_antec,1,0.0,0.0,13
2,ana_dime,231,1.5021645021645023,0.5948877363221431,13
2,ana_crea,58,0.8793103448275862,0.32576626944295145,13
2,ana_trop,1060,0.8716981132075472,0.3344256459034646,13
2,tension_,79,130.22784810126583,21.068874016694796,13
2,ana_hemo,3,13.433333333333332,1.078064108586415,13
2,ana_plaq,3,238.66666666666666,50.0022221728417,13
2,ana_leuc,16,8.548125,2.227788193337733,13
2,ana_neu,1312,6.1151486280487815,2.99143696938138,13
2,protcrea,1649,35.3044754396604,48.91150536104567,13
2,splanchnic,569,0.033391915641476276,0.17965771792847868,13
3,raza,541,2.9260628465804066,0.5589839506179574,13
3,ant_inf,32,0.03125,0.17399263633843817,13
3,ant_isq,33,0.030303030303030304,0.17141982574219336,13
3,ant_clau,33,0.030303030303030304,0.17141982574219336,13
3,fum_act,42,0.2619047619047619,0.43967107887189016,13
3,diabetes,31,0.03225806451612903,0.17668469596940847,13
3,hip_art,32,0.3125,0.46351240544347894,13
3,insf_car,6,0.0,0.0,13
3,fibr_aur,231,0.008658008658008658,0.09264473835079089,13
3,trat_est,36,0.19444444444444445,0.39577241246597245,13
3,var171,25,0.0,0.0,13
3,tv_l_esu,443,0.022573363431151242,0.14853890633284064,13
3,tvp_orig,1613,0.20582765034097955,0.404305118315476,13
3,tv_l_ein,340,0.7529411764705882,0.4313012418781967,13
3,tvp_prox,691,0.8929088277858177,0.3092291271015307,13
3,tv_l_svc,582,0.013745704467353952,0.11643350066046335,13
3,tv_l_vre,602,0.009966777408637873,0.09933499260947544,13
3,tv_l_vrn,594,0.010101010101010102,0.0999948983496128,13
3,tv_l_vca,1159,0.058671268334771355,0.2350084053959786,13
3,tv_l_yug,1170,0.019658119658119658,0.13882246932549033,13
3,tv_l_ova,1172,0.010238907849829351,0.10066813108363568,13
3,tv_l_sup,1173,0.004262574595055414,0.06514909863441705,13
3,tv_l_pul,1173,0.0068201193520886615,0.08230191567704805,13
3,tv_l_ove,594,0.04713804713804714,0.21193407382971333,13
3,fr_antfa,867,0.11764705882352941,0.32218973970892123,13
3,fr_tvs_a,312,0.05448717948717949,0.22697648944045146,13
3,fr_viaje,13,0.0,0.0,13
3,fr_estro,19,0.0,0.0,13
3,fr_varic,36,0.05555555555555555,0.2290614236454256,13
3,fr_antec,1,0.0,0.0,13
3,ana_dime,231,1.5541125541125542,0.5546872020278425,13
3,ana_crea,58,0.896551724137931,0.3045434781492361,13
3,ana_trop,1060,0.8443396226415094,0.3625330664630509,13
3,tension_,79,131.49367088607596,22.371927152109155,13
3,ana_hemo,3,13.800000000000002,1.720465053408525,13
3,ana_plaq,3,246.0,6.164414002968976,13
3,ana_leuc,16,8.26625,2.427632269825889,13
3,ana_neu,1312,6.960330792682928,3.2038652533007546,13
3,protcrea,1649,41.86325651910249,50.62502985235211,13
3,splanchnic,569,0.014059753954305799,0.117737323194687,13
4,raza,541,2.8835489833641406,0.7033897145140658,13
4,ant_inf,32,0.0,0.0,13
4,ant_isq,33,0.06060606060606061,0.2386062992124791,13
4,ant_clau,33,0.0,0.0,13
4,fum_act,42,0.11904761904761904,0.32384453592227247,13
4,diabetes,31,0.0967741935483871,0.29565004483586066,13
4,hip_art,32,0.4375,0.49607837082461076,13
4,insf_car,6,0.16666666666666666,0.372677996249965,13
4,fibr_aur,231,0.012987012987012988,0.11321815437767983,13
4,trat_est,36,0.3888888888888889,0.4874980215217846,13
4,var171,25,0.04,0.19595917942265428,13
4,tv_l_esu,443,0.013544018058690745,0.1155879649164073,13
4,tvp_orig,1613,0.3310601363918165,0.4705946477426708,13
4,tv_l_ein,340,0.7764705882352941,0.41661014610884173,13
4,tvp_prox,691,0.874095513748191,0.33174168654764663,13
4,tv_l_svc,582,0.001718213058419244,0.04141570719310636,13
4,tv_l_vre,602,0.011627906976744186,0.10720400531735916,13
4,tv_l_vrn,594,0.010101010101010102,0.0999948983496128,13
4,tv_l_vca,1159,0.058671268334771355,0.2350084053959786,13
4,tv_l_yug,1170,0.017094017094017096,0.12962180246241967,13
4,tv_l_ova,1172,0.013651877133105802,0.11604095563139932,13
4,tv_l_sup,1173,0.0,0.0,13
4,tv_l_pul,1173,0.0,0.0,13
4,tv_l_ove,594,0.037037037037037035,0.18885257457751053,13
4,fr_antfa,867,0.14071510957324107,0.34772743278469104,13
4,fr_tvs_a,312,0.08012820512820513,0.27149157605925345,13
4,fr_viaje,13,0.0,0.0,13
4,fr_estro,19,0.0,0.0,13
4,fr_varic,36,0.2777777777777778,0.4479032082388083,13
4,fr_antec,1,0.0,0.0,13
4,ana_dime,231,1.5714285714285714,0.5757413010751965,13
4,ana_crea,58,0.8103448275862069,0.39202817244489907,13
4,ana_trop,1060,0.8849056603773585,0.31913575890123874,13
4,tension_,79,136.81012658227849,23.563045487419593,13
4,ana_hemo,3,13.1,3.418576701884377,13
4,ana_plaq,3,146.0,16.391054470858997,13
4,ana_leuc,16,8.565000000000001,2.477367554481975,13
4,ana_neu,1312,6.37999618902439,3.1229228102526734,13
4,protcrea,1649,33.2749302607641,47.97554701713233,13
4,splanchnic,569,0.012302284710017574,0.11023129546971333,13
5,raza,541,2.8872458410351203,0.7039917821933911,13
5,ant_inf,32,0.0,0.0,13
5,ant_isq,33,0.030303030303030304,0.17141982574219336,13
5,ant_clau,33,0.0,0.0,13
5,fum_act,42,0.2619047619047619,0.43967107887189016,13
5,diabetes,31,0.1935483870967742,0.3950789907714804,13
5,hip_art,32,0.40625,0.4911323014219285,13
5,insf_car,6,0.0,0.0,13
5,fibr_aur,231,0.004329004329004329,0.06565260124719959,13
5,trat_est,36,0.25,0.4330127018922193,13
5,var171,25,0.04,0.19595917942265428,13
5,tv_l_esu,443,0.013544018058690745,0.1155879649164073,13
5,tvp_orig,1613,0.3725976441413515,0.4834962665023033,13
5,tv_l_ein,340,0.7529411764705882,0.4313012418781967,13
5,tvp_prox,691,0.8668596237337193,0.339726384718576,13
5,tv_l_svc,582,0.00859106529209622,0.09228899657729062,13
5,tv_l_vre,602,0.0049833887043189366,0.07041700463198221,13
5,tv_l_vrn,594,0.011784511784511785,0.10791495293291142,13
5,tv_l_vca,1159,0.07679033649698015,0.2662584847805995,13
5,tv_l_yug,1170,0.02735042735042735,0.16310236501711536,13
5,tv_l_ova,1172,0.0,0.0,13
5,tv_l_sup,1173,0.0034100596760443308,0.05829606478185426,13
5,tv_l_pul,1173,0.0008525149190110827,0.029185409665172534,13
5,tv_l_ove,594,0.04713804713804714,0.2119340738297133,13
5,fr_antfa,867,0.1384083044982699,0.3453280262941079,13
5,fr_tvs_a,312,0.057692307692307696,0.23316068563427192,13
5,fr_viaje,13,0.0,0.0,13
5,fr_estro,19,0.0,0.0,13
5,fr_varic,36,0.05555555555555555,0.2290614236454256,13
5,fr_antec,1,1.0,0.0,13
5,ana_dime,231,1.5151515151515151,0.5946986930242215,13
5,ana_crea,58,0.9137931034482759,0.28066932062240874,13
5,ana_trop,1060,0.8943396226415095,0.3074024430855291,13
5,tension_,79,132.51898734177215,23.020002727124115,13
5,ana_hemo,3,14.299999999999999,0.6531972647421806,13
5,ana_plaq,3,204.33333333333334,80.74789298936675,13
5,ana_leuc,16,7.8881250000000005,2.7930230458009113,13
5,ana_neu,1312,6.58038262195122,3.1439882540668305,13
5,protcrea,1649,43.716428138265606,50.408225198415536,13
5,splanchnic,569,0.01757469244288225,0.13139947727605442,13
1,raza,541,2.9685767097966727,0.5743529736890702,14
1,ant_inf,32,0.03125,0.17399263633843817,14
1,ant_isq,33,0.09090909090909091,0.28747978728803447,14
1,ant_clau,33,0.06060606060606061,0.23860629921247914,14
1,fum_act,42,0.30952380952380953,0.46229732949875235,14
1,diabetes,31,0.06451612903225806,0.2456701001891583,14
1,hip_art,32,0.46875,0.4990224819584785,14
1,insf_car,6,0.0,0.0,14
1,fibr_aur,231,0.008658008658008658,0.09264473835079087,14
1,trat_est,36,0.3333333333333333,0.4714045207910317,14
1,var171,25,0.08,0.2712931993250107,14
1,tv_l_esu,443,0.004514672686230248,0.06703946909669299,14
1,tvp_orig,1613,0.2647241165530068,0.44118619501094647,14
1,tv_l_ein,340,0.7529411764705882,0.4313012418781967,14
1,tvp_prox,691,0.8798842257597684,0.325096870207791,14
1,tv_l_svc,582,0.006872852233676976,0.0826172871489437,14
1,tv_l_vre,602,0.009966777408637873,0.09933499260947543,14
1,tv_l_vrn,594,0.005050505050505051,0.07088721640211212,14
1,tv_l_vca,1159,0.04400345125107852,0.20510277308966954,14
1,tv_l_yug,1170,0.006837606837606838,0.08240663790218088,14
1,tv_l_ova,1172,0.0,0.0,14
1,tv_l_sup,1173,0.0,0.0,14
1,tv_l_pul,1173,0.0017050298380221654,0.041256789880862274,14
1,tv_l_ove,594,0.03535353535353535,0.18467177069476995,14
1,fr_antfa,867,0.1303344867358708,0.3366710684082728,14
1,fr_tvs_a,312,0.057692307692307696,0.23316068563427192,14
1,fr_viaje,13,0.07692307692307693,0.26646935501059654,14
1,fr_estro,19,0.0,0.0,14
1,fr_varic,36,0.19444444444444445,0.39577241246597245,14
1,fr_antec,1,1.0,0.0,14
1,ana_dime,231,1.606060606060606,0.5228605765154719,14
1,ana_crea,58,0.8620689655172413,0.3448275862068965,14
1,ana_trop,1060,0.8584905660377359,0.3485462868285125,14
1,tension_,79,135.0,22.386139473038426,14
1,ana_hemo,3,15.9,3.144307024873154,14
1,ana_plaq,3,204.0,45.51922670696417,14
1,ana_leuc,16,9.5875,3.657122331834143,14
1,ana_neu,1312,6.97736280487805,3.1632054398913114,14
1,protcrea,1649,45.60100060642814,49.637315745334796,14
1,splanchnic,569,0.026362038664323375,0.1602094927954773,14
2,raza,541,2.946395563770795,0.6597000821795005,14
2,ant_inf,32,0.0,0.0,14
2,ant_isq,33,0.030303030303030304,0.17141982574219336,14
2,ant_clau,33,0.0,0.0,14
2,fum_act,42,0.2619047619047619,0.4396710788718902,14
2,diabetes,31,0.0967741935483871,0.2956500448358606,14
2,hip_art,32,0.40625,0.4911323014219285,14
2,insf_car,6,0.16666666666666666,0.372677996249965,14
2,fibr_aur,231,0.017316017316017316,0.1304460534486525,14
2,trat_est,36,0.2777777777777778,0.44790320823880836,14
2,var171,25,0.0,0.0,14
2,tv_l_esu,443,0.011286681715575621,0.10563755265731456,14
2,tvp_orig,1613,0.20086794792312462,0.400649491975564,14
2,tv_l_ein,340,0.7705882352941177,0.4204545242001984,14
2,tvp_prox,691,0.8683068017366136,0.3381569159348169,14
2,tv_l_svc,582,0.003436426116838488,0.05852022806160276,14
2,tv_l_vre,602,0.0049833887043189366,0.07041700463198221,14
2,tv_l_vrn,594,0.003367003367003367,0.05792811627638133,14
2,tv_l_vca,1159,0.05349439171699741,0.2250172032797178,14
2,tv_l_yug,1170,0.022222222222222223,0.14740554623801777,14
2,tv_l_ova,1172,0.005119453924914676,0.07136697497039757,14
2,tv_l_sup,1173,0.005115089514066497,0.071336704250544,14
2,tv_l_pul,1173,0.0034100596760443308,0.05829606478185426,14
2,tv_l_ove,594,0.03367003367003367,0.18037838701655048,14
2,fr_antfa,867,0.1522491349480969,0.3592622104475408,14
2,fr_tvs_a,312,0.0673076923076923,0.2505541196306804,14
2,fr_viaje,13,0.07692307692307693,0.26646935501059654,14
2,fr_estro,19,0.10526315789473684,0.3068922049918579,14
2,fr_varic,36,0.1388888888888889,0.345830544388576,14
2,fr_antec,1,0.0,0.0,14
2,ana_dime,231,1.5281385281385282,0.5643334940425445,14
2,ana_crea,58,0.896551724137931,0.3045434781492361,14
2,ana_trop,1060,0.869811320754717,0.3365109018169424,14
2,tension_,79,138.0126582278481,23.166701152751838,14
2,ana_hemo,3,14.1,2.0066555924389875,14
2,ana_plaq,3,296.3333333333333,78.32127566774065,14
2,ana_leuc,16,8.75,3.4372118061009855,14
2,ana_neu,1312,6.672631859756098,3.139988197506299,14
2,protcrea,1649,38.95585809581565,44.39596388029431,14
2,splanchnic,569,0.03690685413005272,0.18853312241692638,14
3,raza,541,2.8946395563770797,0.6274592352430993,14
3,ant_inf,32,0.09375,0.2914805954090255,14
3,ant_isq,33,0.0,0.0,14
3,ant_clau,33,0.030303030303030304,0.17141982574219336,14
3,fum_act,42,0.3333333333333333,0.4714045207910317,14
3,diabetes,31,0.0967741935483871,0.29565004483586066,14
3,hip_art,32,0.3125,0.46351240544347894,14
3,insf_car,6,0.0,0.0,14
3,fibr_aur,231,0.03463203463203463,0.1828459920514535,14
3,trat_est,36,0.25,0.4330127018922193,14
3,var171,25,0.0,0.0,14
3,tv_l_esu,443,0.013544018058690745,0.1155879649164073,14
3,tvp_orig,1613,0.21450712957222567,0.41047998847070494,14
3,tv_l_ein,340,0.7352941176470589,0.44117647058823534,14
3,tvp_prox,691,0.869753979739508,0.33657390639619633,14
3,tv_l_svc,582,0.013745704467353952,0.11643350066046335,14
3,tv_l_vre,602,0.008305647840531562,0.09075606896775903,14
3,tv_l_vrn,594,0.005050505050505051,0.07088721640211212,14
3,tv_l_vca,1159,0.03968938740293356,0.1952284301286916,14
3,tv_l_yug,1170,0.010256410256410256,0.10075324463788975,14
3,tv_l_ova,1172,0.005119453924914676,0.07136697497039757,14
3,tv_l_sup,1173,0.0076726342710997444,0.08725689058430681,14
3,tv_l_pul,1173,0.008525149190110827,0.0919373211563029,14
3,tv_l_ove,594,0.037037037037037035,0.18885257457751053,14
3,fr_antfa,867,0.13379469434832755,0.3404315997561994,14
3,fr_tvs_a,312,0.05128205128205128,0.22057244274468274,14
3,fr_viaje,13,0.15384615384615385,0.36080121229410994,14
3,fr_estro,19,0.05263157894736842,0.22329687826943606,14
3,fr_varic,36,0.2777777777777778,0.4479032082388083,14
3,fr_antec,1,0.0,0.0,14
3,ana_dime,231,1.4805194805194806,0.572313364585213,14
3,ana_crea,58,0.9310344827586207,0.2533954906327426,14
3,ana_trop,1060,0.880188679245283,0.3247407707290961,14
3,tension_,79,132.0632911392405,19.487965629030548,14
3,ana_hemo,3,12.399999999999999,1.720465053408525,14
3,ana_plaq,3,289.0,97.57390361498645,14
3,ana_leuc,16,8.930625,3.36859850076779,14
3,ana_neu,1312,6.380779725609757,3.0837101116757304,14
3,protcrea,1649,61.00333535476046,54.171477959262035,14
3,splanchnic,569,0.026362038664323375,0.1602094927954773,14
4,raza,541,2.922365988909427,0.6416524582222771,14
4,ant_inf,32,0.03125,0.17399263633843817,14
4,ant_isq,33,0.0,0.0,14
4,ant_clau,33,0.030303030303030304,0.17141982574219336,14
4,fum_act,42,0.2619047619047619,0.4396710788718902,14
4,diabetes,31,0.06451612903225806,0.2456701001891583,14
4,hip_art,32,0.34375,0.47495887979908324,14
4,insf_car,6,0.0,0.0,14
4,fibr_aur,231,0.017316017316017316,0.13044605344865248,14
4,trat_est,36,0.1111111111111111,0.3142696805273545,14
4,var171,25,0.04,0.19595917942265426,14
4,tv_l_esu,443,0.011286681715575621,0.10563755265731457,14
4,tvp_orig,1613,0.2287662740235586,0.4200384100209607,14
4,tv_l_ein,340,0.7411764705882353,0.4379884816232067,14
4,tvp_prox,691,0.8625180897250362,0.34435539000008497,14
4,tv_l_svc,582,0.012027491408934709,0.10900839811382748,14
4,tv_l_vre,602,0.013289036544850499,0.11450955441604042,14
4,tv_l_vrn,594,0.010101010101010102,0.0999948983496128,14
4,tv_l_vca,1159,0.090595340811044,0.2870327943534933,14
4,tv_l_yug,1170,0.019658119658119658,0.13882246932549033,14
4,tv_l_ova,1172,0.0034129692832764505,0.05832084467793536,14
4,tv_l_sup,1173,0.0034100596760443308,0.05829606478185426,14
4,tv_l_pul,1173,0.005967604433077579,0.07701942696753782,14
4,tv_l_ove,594,0.037037037037037035,0.18885257457751053,14
4,fr_antfa,867,0.15455594002306805,0.36148084517254003,14
4,fr_tvs_a,312,0.04487179487179487,0.20702250335839925,14
4,fr_viaje,13,0.0,0.0,14
4,fr_estro,19,0.0,0.0,14
4,fr_varic,36,0.16666666666666666,0.372677996249965,14
4,fr_antec,1,0.0,0.0,14
4,ana_dime,231,1.593073593073593,0.5253278413566197,14
4,ana_crea,58,0.9482758620689655,0.22146952721836427,14
4,ana_trop,1060,0.8726415094339622,0.3333741223412192,14
4,tension_,79,131.74683544303798,20.313036503952226,14
4,ana_hemo,3,12.833333333333334,2.4984439601924673,14
4,ana_plaq,3,282.6666666666667,63.505030421919244,14
4,ana_leuc,16,8.70375,2.9602066545259977,14
4,ana_neu,1312,6.742317835365854,3.160322106593852,14
4,protcrea,1649,46.859727107337775,50.44430423688806,14
4,splanchnic,569,0.022847100175746926,0.14941589670883854,14
5,raza,541,2.9371534195933457,0.5955212014833877,14
5,ant_inf,32,0.03125,0.17399263633843817,14
5,ant_isq,33,0.030303030303030304,0.17141982574219336,14
5,ant_clau,33,0.0,0.0,14
5,fum_act,42,0.21428571428571427,0.41032590332414487,14
5,diabetes,31,0.06451612903225806,0.2456701001891583,14
5,hip_art,32,0.3125,0.46351240544347894,14
5,insf_car,6,0.16666666666666666,0.37267799624996495,14
5,fibr_aur,231,0.021645021645021644,0.14552152652789274,14
5,trat_est,36,0.16666666666666666,0.37267799624996495,14
5,var171,25,0.04,0.19595917942265426,14
5,tv_l_esu,443,0.01805869074492099,0.1331637129007009,14
5,tvp_orig,1613,0.2554246745195288,0.43609965623251945,14
5,tv_l_ein,340,0.7588235294117647,0.4277971255429814,14
5,tvp_prox,691,0.8871201157742402,0.316445913171491,14
5,tv_l_svc,582,0.005154639175257732,0.07161053602809177,14
5,tv_l_vre,602,0.0049833887043189366,0.07041700463198222,14
5,tv_l_vrn,594,0.0016835016835016834,0.040995944989514886,14
5,tv_l_vca,1159,0.09232096635030199,0.2894785061493312,14
5,tv_l_yug,1170,0.015384615384615385,0.12307692307692308,14
5,tv_l_ova,1172,0.002559726962457338,0.050528949725231836,14
5,tv_l_sup,1173,0.0017050298380221654,0.041256789880862274,14
5,tv_l_pul,1173,0.005967604433077579,0.07701942696753783,14
5,tv_l_ove,594,0.03198653198653199,0.1759641831680713,14
5,fr_antfa,867,0.104959630911188,0.3065013976969358,14
5,fr_tvs_a,312,0.028846153846153848,0.16737399216855012,14
5,fr_viaje,13,0.0,0.0,14
5,fr_estro,19,0.10526315789473684,0.3068922049918579,14
5,fr_varic,36,0.1388888888888889,0.34583054438857597,14
5,fr_antec,1,0.0,0.0,14
5,ana_dime,231,1.5627705627705628,0.5767494629642522,14
5,ana_crea,58,0.8275862068965517,0.37773969483114905,14
5,ana_trop,1060,0.8518867924528302,0.35521216941042266,14
5,tension_,79,127.74683544303798,19.037250861543168,14
5,ana_hemo,3,15.933333333333335,2.3228335186912457,14
5,ana_plaq,3,169.33333333333334,21.31248981752771,14
5,ana_leuc,16,8.428125,3.3762668340009796,14
5,ana_neu,1312,6.56991387195122,3.1254873348382644,14
5,protcrea,1649,36.508732565191025,44.27020247661209,14
5,splanchnic,569,0.012302284710017574,0.11023129546971332,14
1,raza,541,2.9057301293900184,0.6745878958320595,15
1,ant_inf,32,0.0,0.0,15
1,ant_isq,33,0.0,0.0,15
1,ant_clau,33,0.0,0.0,15
1,fum_act,42,0.16666666666666666,0.37267799624996495,15
1,diabetes,31,0.06451612903225806,0.2456701001891583,15
1,hip_art,32,0.25,0.4330127018922193,15
1,insf_car,6,0.0,0.0,15
1,fibr_aur,231,0.008658008658008658,0.09264473835079089,15
1,trat_est,36,0.19444444444444445,0.39577241246597245,15
1,var171,25,0.04,0.19595917942265426,15
1,tv_l_esu,443,0.004514672686230248,0.06703946909669298,15
1,tvp_orig,1613,0.2975821450712957,0.45719472001113715,15
1,tv_l_ein,340,0.7323529411764705,0.4427325498838363,15
1,tvp_prox,691,0.8639652677279306,0.34282544229933676,15
1,tv_l_svc,582,0.013745704467353952,0.11643350066046333,15
1,tv_l_vre,602,0.014950166112956811,0.12135344513507562,15
1,tv_l_vrn,594,0.008417508417508417,0.09136002391390664,15
1,tv_l_vca,1159,0.061259706643658325,0.2398060778745844,15
1,tv_l_yug,1170,0.009401709401709401,0.09650552969667184,15
1,tv_l_ova,1172,0.0,0.0,15
1,tv_l_sup,1173,0.004262574595055414,0.06514909863441704,15
1,tv_l_pul,1173,0.004262574595055414,0.06514909863441704,15
1,tv_l_ove,594,0.045454545454545456,0.20829889522526548,15
1,fr_antfa,867,0.12802768166089964,0.33412062850029933,15
1,fr_tvs_a,312,0.057692307692307696,0.23316068563427192,15
1,fr_viaje,13,0.0,0.0,15
1,fr_estro,19,0.10526315789473684,0.3068922049918579,15
1,fr_varic,36,0.08333333333333333,0.27638539919628335,15
1,fr_antec,1,0.0,0.0,15
1,ana_dime,231,1.5714285714285714,0.5605015864810221,15
1,ana_crea,58,0.8275862068965517,0.37773969483114905,15
1,ana_trop,1060,0.8556603773584905,0.35143377182225405,15
1,tension_,79,133.0506329113924,21.07124667190539,15
1,ana_hemo,3,12.0,0.4898979485566354,15
1,ana_plaq,3,187.0,36.914315199752345,15
1,ana_leuc,16,8.087499999999999,2.255918604471358,15
1,ana_neu,1312,6.916267530487805,3.1471147216073847,15
1,protcrea,1649,49.04674348089751,53.754796732459376,15
1,splanchnic,569,0.022847100175746926,0.14941589670883854,15
2,raza,541,2.9149722735674675,0.6407146030475791,15
2,ant_inf,32,0.0,0.0,15
2,ant_isq,33,0.030303030303030304,0.17141982574219336,15
2,ant_clau,33,0.030303030303030304,0.17141982574219336,15
2,fum_act,42,0.23809523809523808,0.4259177099999599,15
2,diabetes,31,0.03225806451612903,0.17668469596940847,15
2,hip_art,32,0.3125,0.46351240544347894,15
2,insf_car,6,0.16666666666666666,0.372677996249965,15
2,fibr_aur,231,0.012987012987012988,0.11321815437767983,15
2,trat_est,36,0.25,0.4330127018922193,15
2,var171,25,0.04,0.19595917942265426,15
2,tv_l_esu,443,0.002257336343115124,0.04745777887500821,15
2,tvp_orig,1613,0.1791692498450093,0.38349397616518816,15
2,tv_l_ein,340,0.7911764705882353,0.4064680343837367,15
2,tvp_prox,691,0.9001447178002895,0.2998069459110758,15
2,tv_l_svc,582,0.00859106529209622,0.09228899657729062,15
2,tv_l_vre,602,0.0049833887043189366,0.07041700463198222,15
2,tv_l_vrn,594,0.006734006734006734,0.08178422761946882,15
2,tv_l_vca,1159,0.06298533218291631,0.24293657631720253,15
2,tv_l_yug,1170,0.03504273504273504,0.18388785104911015,15
2,tv_l_ova,1172,0.004266211604095563,0.06517676766029937,15
2,tv_l_sup,1173,0.005115089514066497,0.071336704250544,15
2,tv_l_pul,1173,0.011935208866155157,0.10859447341129477,15
2,tv_l_ove,594,0.037037037037037035,0.18885257457751053,15
2,fr_antfa,867,0.14186851211072665,0.34891522950741954,15
2,fr_tvs_a,312,0.05448717948717949,0.22697648944045146,15
2,fr_viaje,13,0.07692307692307693,0.26646935501059654,15
2,fr_estro,19,0.0,0.0,15
2,fr_varic,36,0.19444444444444445,0.39577241246597245,15
2,fr_antec,1,0.0,0.0,15
2,ana_dime,231,1.5151515151515151,0.5648313915255443,15
2,ana_crea,58,0.8620689655172413,0.3448275862068965,15
2,ana_trop,1060,0.8575471698113207,0.3495139787761207,15
2,tension_,79,132.7594936708861,23.20912914551078,15
2,ana_hemo,3,14.166666666666666,3.2744804507314167,15
2,ana_plaq,3,188.33333333333334,24.904261125803796,15
2,ana_leuc,16,8.603125,2.5444933649697337,15
2,ana_neu,1312,6.460726371951219,3.1222775715520097,15
2,protcrea,1649,41.30124924196483,48.89858644162861,15
2,splanchnic,569,0.015817223198594025,0.12476793918663515,15
3,raza,541,2.9353049907578557,0.4801718628640872,15
3,ant_inf,32,0.03125,0.17399263633843817,15
3,ant_isq,33,0.0,0.0,15
3,ant_clau,33,0.0,0.0,15
3,fum_act,42,0.16666666666666666,0.37267799624996495,15
3,diabetes,31,0.06451612903225806,0.2456701001891583,15
3,hip_art,32,0.34375,0.47495887979908324,15
3,insf_car,6,0.16666666666666666,0.372677996249965,15
3,fibr_aur,231,0.017316017316017316,0.1304460534486525,15
3,trat_est,36,0.1388888888888889,0.3458305443885759,15
3,var171,25,0.0,0.0,15
3,tv_l_esu,443,0.009029345372460496,0.0945928976964197,15
3,tvp_orig,1613,0.31122132672039676,0.46299310201642624,15
3,tv_l_ein,340,0.7852941176470588,0.4106181516153251,15
3,tvp_prox,691,0.8914616497829233,0.3110591209870431,15
3,tv_l_svc,582,0.00859106529209622,0.09228899657729062,15
3,tv_l_vre,602,0.023255813953488372,0.1507148999629735,15
3,tv_l_vrn,594,0.0016835016835016834,0.040995944989514886,15
3,tv_l_vca,1159,0.062122519413287315,0.24137794430111686,15
3,tv_l_yug,1170,0.01282051282051282,0.11249954342810413,15
3,tv_l_ova,1172,0.00938566552901024,0.09642393277391142,15
3,tv_l_sup,1173,0.0,0.0,15
3,tv_l_pul,1173,0.0068201193520886615,0.08230191567704805,15
3,tv_l_ove,594,0.045454545454545456,0.20829889522526548,15
3,fr_antfa,867,0.12110726643598616,0.3262518911092918,15
3,fr_tvs_a,312,0.057692307692307696,0.23316068563427195,15
3,fr_viaje,13,0.0,0.0,15
3,fr_estro,19,0.10526315789473684,0.3068922049918579,15
3,fr_varic,36,0.2222222222222222,0.41573970964154905,15
3,fr_antec,1,0.0,0.0,15
3,ana_dime,231,1.5714285714285714,0.5448357652831957,15
3,ana_crea,58,0.9310344827586207,0.2533954906327426,15
3,ana_trop,1060,0.870754716981132,0.3354712205782199,15
3,tension_,79,132.86075949367088,21.629641041290263,15
3,ana_hemo,3,14.1,0.6976149845485448,15
3,ana_plaq,3,234.33333333333334,46.549853800940014,15
3,ana_leuc,16,7.766249999999999,2.4787443267711176,15
3,ana_neu,1312,6.6154725609756095,3.0552785823408173,15
3,protcrea,1649,40.82585809581565,49.82933628420547,15
3,splanchnic,569,0.01757469244288225,0.13139947727605444,15
4,raza,541,2.8946395563770797,0.6892285257107454,15
4,ant_inf,32,0.03125,0.17399263633843817,15
4,ant_isq,33,0.06060606060606061,0.2386062992124791,15
4,ant_clau,33,0.0,0.0,15
4,fum_act,42,0.21428571428571427,0.41032590332414487,15
4,diabetes,31,0.06451612903225806,0.24567010018915833,15
4,hip_art,32,0.21875,0.41339864235384227,15
4,insf_car,6,0.16666666666666666,0.372677996249965,15
4,fibr_aur,231,0.012987012987012988,0.11321815437767983,15
4,trat_est,36,0.1388888888888889,0.345830544388576,15
4,var171,25,0.0,0.0,15
4,tv_l_esu,443,0.011286681715575621,0.10563755265731456,15
4,tvp_orig,1613,0.2467451952882827,0.4311171579633893,15
4,tv_l_ein,340,0.7852941176470588,0.41061815161532517,15
4,tvp_prox,691,0.874095513748191,0.33174168654764663,15
4,tv_l_svc,582,0.015463917525773196,0.1233887546761425,15
4,tv_l_vre,602,0.009966777408637873,0.09933499260947544,15
4,tv_l_vrn,594,0.008417508417508417,0.09136002391390663,15
4,tv_l_vca,1159,0.04141501294219154,0.19924811076943655,15
4,tv_l_yug,1170,0.022222222222222223,0.14740554623801777,15
4,tv_l_ova,1172,0.006825938566552901,0.08233677871545952,15
4,tv_l_sup,1173,0.0034100596760443308,0.05829606478185425,15
4,tv_l_pul,1173,0.0008525149190110827,0.029185409665172538,15
4,tv_l_ove,594,0.030303030303030304,0.17141982574219336,15
4,fr_antfa,867,0.12110726643598616,0.32625189110929187,15
4,fr_tvs_a,312,0.03205128205128205,0.17613630338505237,15
4,fr_viaje,13,0.07692307692307693,0.26646935501059654,15
4,fr_estro,19,0.05263157894736842,0.22329687826943606,15
4,fr_varic,36,0.1111111111111111,0.3142696805273545,15
4,fr_antec,1,0.0,0.0,15
4,ana_dime,231,1.5281385281385282,0.5719530585251513,15
4,ana_crea,58,0.8793103448275862,0.32576626944295145,15
4,ana_trop,1060,0.8820754716981132,0.3225187342258808,15
4,tension_,79,132.35443037974684,19.72471172219341,15
4,ana_hemo,3,11.9,3.3075670817082456,15
4,ana_plaq,3,219.0,22.642143596988927,15
4,ana_leuc,16,7.725625,2.5848596885275996,15
4,ana_neu,1312,6.267935975609755,3.099432293688148,15
4,protcrea,1649,49.1622377198302,54.44990239974643,15
4,splanchnic,569,0.0210896309314587,0.14368318759908397,15
5,raza,541,2.9205175600739373,0.5222980910384075,15
5,ant_inf,32,0.0,0.0,15
5,ant_isq,33,0.09090909090909091,0.28747978728803447,15
5,ant_clau,33,0.030303030303030304,0.17141982574219336,15
5,fum_act,42,0.38095238095238093,0.4856209060564557,15
5,diabetes,31,0.03225806451612903,0.17668469596940847,15
5,hip_art,32,0.28125,0.4496092053105675,15
5,insf_car,6,0.16666666666666666,0.372677996249965,15
5,fibr_aur,231,0.012987012987012988,0.11321815437767982,15
5,trat_est,36,0.1111111111111111,0.31426968052735443,15
5,var171,25,0.04,0.19595917942265426,15
5,tv_l_esu,443,0.01805869074492099,0.1331637129007009,15
5,tvp_orig,1613,0.20830750154990701,0.4060978777929558,15
5,tv_l_ein,340,0.7676470588235295,0.42233286860379954,15
5,tvp_prox,691,0.8871201157742402,0.31644591317149107,15
5,tv_l_svc,582,0.00859106529209622,0.09228899657729062,15
5,tv_l_vre,602,0.011627906976744186,0.10720400531735916,15
5,tv_l_vrn,594,0.0016835016835016834,0.040995944989514886,15
5,tv_l_vca,1159,0.057808455565142365,0.23338088617175853,15
5,tv_l_yug,1170,0.018803418803418803,0.1358302258141465,15
5,tv_l_ova,1172,0.006825938566552901,0.08233677871545952,15
5,tv_l_sup,1173,0.008525149190110827,0.0919373211563029,15
5,tv_l_pul,1173,0.005115089514066497,0.071336704250544,15
5,tv_l_ove,594,0.03198653198653199,0.1759641831680713,15
5,fr_antfa,867,0.15570934256055363,0.36257956809494074,15
5,fr_tvs_a,312,0.05128205128205128,0.22057244274468277,15
5,fr_viaje,13,0.07692307692307693,0.26646935501059654,15
5,fr_estro,19,0.0,0.0,15
5,fr_varic,36,0.16666666666666666,0.37267799624996495,15
5,fr_antec,1,0.0,0.0,15
5,ana_dime,231,1.5108225108225108,0.5947932221836431,15
5,ana_crea,58,0.9310344827586207,0.2533954906327426,15
5,ana_trop,1060,0.8764150943396226,0.3291073939511128,15
5,tension_,79,132.54430379746836,22.828916522222272,15
5,ana_hemo,3,13.633333333333333,1.329995822884,15
5,ana_plaq,3,181.33333333333334,67.98202376772521,15
5,ana_leuc,16,7.736875,3.246418639728247,15
5,ana_neu,1312,7.005811737804878,3.1540921796159767,15
5,protcrea,1649,41.82631291691935,49.85378067928768,15
5,splanchnic,569,0.026362038664323375,0.1602094927954773,15
1,raza,541,2.8724584103512014,0.6437523293775244,16
1,ant_inf,32,0.0625,0.24206145913796356,16
1,ant_isq,33,0.0,0.0,16
1,ant_clau,33,0.030303030303030304,0.17141982574219336,16
1,fum_act,42,0.23809523809523808,0.4259177099999599,16
1,diabetes,31,0.12903225806451613,0.33523564017462143,16
1,hip_art,32,0.21875,0.41339864235384227,16
1,insf_car,6,0.0,0.0,16
1,fibr_aur,231,0.012987012987012988,0.11321815437767983,16
1,trat_est,36,0.1388888888888889,0.3458305443885759,16
1,var171,25,0.08,0.2712931993250107,16
1,tv_l_esu,443,0.002257336343115124,0.04745777887500821,16
1,tvp_orig,1613,0.22070675759454433,0.4147231422848831,16
1,tv_l_ein,340,0.7852941176470588,0.41061815161532517,16
1,tvp_prox,691,0.9030390738060782,0.2959045538438682,16
1,tv_l_svc,582,0.018900343642611683,0.13617312749879423,16
1,tv_l_vre,602,0.0049833887043189366,0.07041700463198221,16
1,tv_l_vrn,594,0.005050505050505051,0.07088721640211212,16
1,tv_l_vca,1159,0.07765314926660914,0.2676249944896531,16
1,tv_l_yug,1170,0.019658119658119658,0.13882246932549033,16
1,tv_l_ova,1172,0.0008532423208191126,0.029197847495339026,16
1,tv_l_sup,1173,0.005967604433077579,0.07701942696753783,16
1,tv_l_pul,1173,0.010230179028132993,0.10062565510437854,16
1,tv_l_ove,594,0.04208754208754209,0.20078889632788827,16
1,fr_antfa,867,0.1245674740484429,0.33022782810906987,16
1,fr_tvs_a,312,0.060897435897435896,0.23914208788616356,16
1,fr_viaje,13,0.07692307692307693,0.26646935501059654,16
1,fr_estro,19,0.05263157894736842,0.22329687826943606,16
1,fr_varic,36,0.19444444444444445,0.39577241246597245,16
1,fr_antec,1,1.0,0.0,16
1,ana_dime,231,1.5367965367965368,0.563835156888829,16
1,ana_crea,58,0.9310344827586207,0.2533954906327426,16
1,ana_trop,1060,0.8641509433962264,0.34262821019822387,16
1,tension_,79,129.43037974683546,18.766846301628753,16
1,ana_hemo,3,16.566666666666666,0.32998316455372245,16
1,ana_plaq,3,244.0,58.67424193516833,16
1,ana_leuc,16,7.920625,3.131931250742104,16
1,ana_neu,1312,6.218714176829268,2.997665577240021,16
1,protcrea,1649,32.65877501516071,42.242575349763314,16
1,splanchnic,569,0.028119507908611598,0.16531424978987483,16
2,raza,541,2.865064695009242,0.6867503948829276,16
2,ant_inf,32,0.0625,0.24206145913796356,16
2,ant_isq,33,0.030303030303030304,0.17141982574219336,16
2,ant_clau,33,0.0,0.0,16
2,fum_act,42,0.23809523809523808,0.4259177099999599,16
2,diabetes,31,0.16129032258064516,0.3677985242255284,16
2,hip_art,32,0.375,0.4841229182759271,16
2,insf_car,6,0.16666666666666666,0.37267799624996495,16
2,fibr_aur,231,0.017316017316017316,0.1304460534486525,16
2,trat_est,36,0.2222222222222222,0.41573970964154905,16
2,var171,25,0.04,0.19595917942265426,16
2,tv_l_esu,443,0.006772009029345372,0.0820131021425957,16
2,tvp_orig,1613,0.22070675759454433,0.4147231422848831,16
2,tv_l_ein,340,0.7529411764705882,0.4313012418781967,16
2,tvp_prox,691,0.8755426917510853,0.3301025396332922,16
2,tv_l_svc,582,0.00859106529209622,0.09228899657729062,16
2,tv_l_vre,602,0.0033222591362126247,0.05754321619830157,16
2,tv_l_vrn,594,0.008417508417508417,0.09136002391390664,16
2,tv_l_vca,1159,0.07937877480586712,0.27032903084239135,16
2,tv_l_yug,1170,0.023076923076923078,0.1501478561226395,16
2,tv_l_ova,1172,0.0017064846416382253,0.04127435707320076,16
2,tv_l_sup,1173,0.0034100596760443308,0.05829606478185426,16
2,tv_l_pul,1173,0.008525149190110827,0.0919373211563029,16
2,tv_l_ove,594,0.04208754208754209,0.20078889632788824,16
2,fr_antfa,867,0.13725490196078433,0.3441162504859656,16
2,fr_tvs_a,312,0.03205128205128205,0.17613630338505235,16
2,fr_viaje,13,0.0,0.0,16
2,fr_estro,19,0.0,0.0,16
2,fr_varic,36,0.1111111111111111,0.3142696805273545,16
2,fr_antec,1,0.0,0.0,16
2,ana_dime,231,1.5454545454545454,0.600406526323318,16
2,ana_crea,58,0.9310344827586207,0.2533954906327426,16
2,ana_trop,1060,0.8669811320754717,0.33959512467143166,16
2,tension_,79,136.9493670886076,27.001593358600537,16
2,ana_hemo,3,13.466666666666667,0.4189935029992177,16
2,ana_plaq,3,276.3333333333333,93.08180392655818,16
2,ana_leuc,16,7.71375,2.3986216745247675,16
2,ana_neu,1312,6.3186227134146336,3.0461271460863784,16
2,protcrea,1649,40.25306246209824,52.60607348967946,16
2,splanchnic,569,0.019332161687170474,0.13768961185097287,16
3,raza,541,2.911275415896488,0.6629085354437658,16
3,ant_inf,32,0.0,0.0,16
3,ant_isq,33,0.09090909090909091,0.28747978728803447,16
3,ant_clau,33,0.0,0.0,16
3,fum_act,42,0.23809523809523808,0.4259177099999599,16
3,diabetes,31,0.0967741935483871,0.29565004483586066,16
3,hip_art,32,0.46875,0.4990224819584785,16
3,insf_car,6,0.0,0.0,16
3,fibr_aur,231,0.021645021645021644,0.14552152652789277,16
3,trat_est,36,0.16666666666666666,0.372677996249965,16
3,var171,25,0.0,0.0,16
3,tv_l_esu,443,0.011286681715575621,0.10563755265731456,16
3,tvp_orig,1613,0.20644761314321142,0.4047554770113461,16
3,tv_l_ein,340,0.7735294117647059,0.41854708325307205,16
3,tvp_prox,691,0.8972503617945007,0.3036316025286866,16
3,tv_l_svc,582,0.012027491408934709,0.10900839811382747,16
3,tv_l_vre,602,0.008305647840531562,0.09075606896775903,16
3,tv_l_vrn,594,0.005050505050505051,0.07088721640211212,16
3,tv_l_vca,1159,0.04745470232959448,0.21260939197599918,16
3,tv_l_yug,1170,0.021367521367521368,0.14460619073238146,16
3,tv_l_ova,1172,0.002559726962457338,0.050528949725231836,16
3,tv_l_sup,1173,0.0008525149190110827,0.029185409665172534,16
3,tv_l_pul,1173,0.0025575447570332483,0.050507462041257035,16
3,tv_l_ove,594,0.030303030303030304,0.17141982574219336,16
3,fr_antfa,867,0.10726643598615918,0.309451688793237,16
3,fr_tvs_a,312,0.041666666666666664,0.19982631347136337,16
3,fr_viaje,13,0.0,0.0,16
3,fr_estro,19,0.05263157894736842,0.22329687826943606,16
3,fr_varic,36,0.05555555555555555,0.2290614236454256,16
3,fr_antec,1,1.0,0.0,16
3,ana_dime,231,1.58008658008658,0.5191918389806043,16
3,ana_crea,58,0.8275862068965517,0.3777396948311491,16
3,ana_trop,1060,0.8386792452830188,0.3678265471856602,16
3,tension_,79,127.77215189873418,21.566470323276704,16
3,ana_hemo,3,13.0,1.2027745701779142,16
3,ana_plaq,3,272.6666666666667,147.69412837196867,16
3,ana_leuc,16,7.0287500000000005,2.1960728443063995,16
3,ana_neu,1312,6.418096036585367,3.0524969544514717,16
3,protcrea,1649,80.5008429351122,53.836472456904005,16
3,splanchnic,569,0.01757469244288225,0.13139947727605444,16
4,raza,541,2.866913123844732,0.6526184213710126,16
4,ant_inf,32,0.0,0.0,16
4,ant_isq,33,0.030303030303030304,0.17141982574219336,16
4,ant_clau,33,0.06060606060606061,0.2386062992124791,16
4,fum_act,42,0.2857142857142857,0.45175395145262554,16
4,diabetes,31,0.06451612903225806,0.24567010018915833,16
4,hip_art,32,0.375,0.4841229182759271,16
4,insf_car,6,0.0,0.0,16
4,fibr_aur,231,0.008658008658008658,0.09264473835079089,16
4,trat_est,36,0.2777777777777778,0.44790320823880836,16
4,var171,25,0.04,0.19595917942265423,16
4,tv_l_esu,443,0.0,0.0,16
4,tvp_orig,1613,0.23496590204587725,0.42397750756572505,16
4,tv_l_ein,340,0.7823529411764706,0.4126461154657784,16
4,tvp_prox,691,0.8827785817655571,0.32168394013619744,16
4,tv_l_svc,582,0.010309278350515464,0.10100988630033723,16
4,tv_l_vre,602,0.009966777408637873,0.09933499260947544,16
4,tv_l_vrn,594,0.008417508417508417,0.09136002391390664,16
4,tv_l_vca,1159,0.0724762726488352,0.2592748783661212,16
4,tv_l_yug,1170,0.018803418803418803,0.13583022581414653,16
4,tv_l_ova,1172,0.005972696245733789,0.07705208073303398,16
4,tv_l_sup,1173,0.0,0.0,16
4,tv_l_pul,1173,0.0068201193520886615,0.08230191567704805,16
4,tv_l_ove,594,0.045454545454545456,0.20829889522526548,16
4,fr_antfa,867,0.1303344867358708,0.3366710684082728,16
4,fr_tvs_a,312,0.03205128205128205,0.17613630338505237,16
4,fr_viaje,13,0.15384615384615385,0.36080121229410994,16
4,fr_estro,19,0.0,0.0,16
4,fr_varic,36,0.25,0.4330127018922193,16
4,fr_antec,1,0.0,0.0,16
4,ana_dime,231,1.606060606060606,0.5627372617519963,16
4,ana_crea,58,0.9655172413793104,0.18246560765962697,16
4,ana_trop,1060,0.839622641509434,0.3669556667693722,16
4,tension_,79,132.67088607594937,17.662605509722642,16
4,ana_hemo,3,13.966666666666667,1.483988619303471,16
4,ana_plaq,3,215.33333333333334,72.5273894623419,16
4,ana_leuc,16,7.293749999999999,2.191386190861848,16
4,ana_neu,1312,6.233872713414634,3.094325597322177,16
4,protcrea,1649,37.01949666464524,51.52513560702344,16
4,splanchnic,569,0.02460456942003515,0.15491670208111782,16
5,raza,541,2.9168207024029575,0.5914625683006495,16
5,ant_inf,32,0.03125,0.17399263633843817,16
5,ant_isq,33,0.0,0.0,16
5,ant_clau,33,0.06060606060606061,0.23860629921247914,16
5,fum_act,42,0.30952380952380953,0.4622973294987523,16
5,diabetes,31,0.12903225806451613,0.3352356401746214,16
5,hip_art,32,0.28125,0.4496092053105675,16
5,insf_car,6,0.16666666666666666,0.372677996249965,16
5,fibr_aur,231,0.021645021645021644,0.14552152652789274,16
5,trat_est,36,0.16666666666666666,0.372677996249965,16
5,var171,25,0.0,0.0,16
5,tv_l_esu,443,0.009029345372460496,0.09459289769641971,16
5,tvp_orig,1613,0.20396776193428395,0.4029452990491429,16
5,tv_l_ein,340,0.7588235294117647,0.4277971255429814,16
5,tvp_prox,691,0.8610709117221418,0.34587251510945655,16
5,tv_l_svc,582,0.006872852233676976,0.0826172871489437,16
5,tv_l_vre,602,0.011627906976744186,0.10720400531735916,16
5,tv_l_vrn,594,0.003367003367003367,0.05792811627638132,16
5,tv_l_vca,1159,0.07161345987920621,0.2578467999478286,16
5,tv_l_yug,1170,0.023076923076923078,0.1501478561226395,16
5,tv_l_ova,1172,0.002559726962457338,0.050528949725231836,16
5,tv_l_sup,1173,0.005967604433077579,0.07701942696753783,16
5,tv_l_pul,1173,0.005967604433077579,0.07701942696753782,16
5,tv_l_ove,594,0.045454545454545456,0.20829889522526548,16
5,fr_antfa,867,0.13494809688581316,0.34166812557320925,16
5,fr_tvs_a,312,0.04807692307692308,0.2139288025123749,16
5,fr_viaje,13,0.07692307692307693,0.26646935501059654,16
5,fr_estro,19,0.05263157894736842,0.22329687826943606,16
5,fr_varic,36,0.1388888888888889,0.34583054438857597,16
5,fr_antec,1,0.0,0.0,16
5,ana_dime,231,1.5757575757575757,0.5521474896451091,16
5,ana_crea,58,0.896551724137931,0.30454347814923616,16
5,ana_trop,1060,0.8622641509433963,0.3446225252958086,16
5,tension_,79,129.49367088607596,16.89721227679664,16
5,ana_hemo,3,14.066666666666668,0.49216076867444636,16
5,ana_plaq,3,253.66666666666666,64.54627969311804,16
5,ana_leuc,16,7.1743749999999995,2.8060402900484163,16
5,ana_neu,1312,6.195809451219512,3.0766673551094277,16
5,protcrea,1649,50.21390539721044,58.57082677174739,16
5,splanchnic,569,0.029876977152899824,0.17024788806063035,16
1,raza,541,2.9371534195933457,0.663078598545263,17
1,ant_inf,32,0.0,0.0,17
1,ant_isq,33,0.0,0.0,17
1,ant_clau,33,0.0,0.0,17
1,fum_act,42,0.19047619047619047,0.39267672624930094,17
1,diabetes,31,0.0,0.0,17
1,hip_art,32,0.25,0.4330127018922193,17
1,insf_car,6,0.0,0.0,17
1,fibr_aur,231,0.012987012987012988,0.11321815437767983,17
1,trat_est,36,0.1111111111111111,0.3142696805273545,17
1,var171,25,0.0,0.0,17
1,tv_l_esu,443,0.01805869074492099,0.1331637129007009,17
1,tvp_orig,1613,0.2194668319900806,0.4138854209154006,17
1,tv_l_ein,340,0.4294117647058823,0.4949922232096806,17
1,tvp_prox,691,0.8610709117221418,0.34587251510945655,17
1,tv_l_svc,582,0.010309278350515464,0.10100988630033723,17
1,tv_l_vre,602,0.03156146179401993,0.1748294481014127,17
1,tv_l_vrn,594,0.003367003367003367,0.05792811627638133,17
1,tv_l_vca,1159,0.05263157894736842,0.22329687826943606,17
1,tv_l_yug,1170,0.029914529914529916,0.17035155066662178,17
1,tv_l_ova,1172,0.002559726962457338,0.050528949725231836,17
1,tv_l_sup,1173,0.0034100596760443308,0.05829606478185425,17
1,tv_l_pul,1173,0.004262574595055414,0.06514909863441705,17
1,tv_l_ove,594,0.045454545454545456,0.20829889522526548,17
1,fr_antfa,867,0.1245674740484429,0.33022782810906987,17
1,fr_tvs_a,312,0.038461538461538464,0.1923076923076923,17
1,fr_viaje,13,0.0,0.0,17
1,fr_estro,19,0.0,0.0,17
1,fr_varic,36,0.08333333333333333,0.27638539919628335,17
1,fr_antec,1,1.0,0.0,17
1,ana_dime,231,1.5454545454545454,0.5931525842425578,17
1,ana_crea,58,0.8620689655172413,0.3448275862068965,17
1,ana_trop,1060,0.8764150943396226,0.3291073939511129,17
1,tension_,79,135.37974683544303,26.75595464184874,17
1,ana_hemo,3,14.5,0.7257180352359079,17
1,ana_plaq,3,321.3333333333333,114.18211574303375,17
1,ana_leuc,16,8.889375000000001,2.7303284343417373,17
1,ana_neu,1312,6.394689024390244,3.1148556487813988,17
1,protcrea,1649,55.256834445118244,59.146513584308394,17
1,splanchnic,569,0.029876977152899824,0.17024788806063035,17
2,raza,541,2.9205175600739373,0.5825278825773051,17
2,ant_inf,32,0.0,0.0,17
2,ant_isq,33,0.030303030303030304,0.17141982574219336,17
2,ant_clau,33,0.0,0.0,17
2,fum_act,42,0.21428571428571427,0.41032590332414487,17
2,diabetes,31,0.06451612903225806,0.24567010018915833,17
2,hip_art,32,0.34375,0.47495887979908324,17
2,insf_car,6,0.0,0.0,17
2,fibr_aur,231,0.021645021645021644,0.14552152652789274,17
2,trat_est,36,0.1111111111111111,0.3142696805273545,17
2,var171,25,0.04,0.19595917942265426,17
2,tv_l_esu,443,0.022573363431151242,0.14853890633284064,17
2,tvp_orig,1613,0.19900805951642903,0.3992541192823619,17
2,tv_l_ein,340,0.3176470588235294,0.46556138676257364,17
2,tvp_prox,691,0.8639652677279306,0.34282544229933676,17
2,tv_l_svc,582,0.013745704467353952,0.11643350066046333,17
2,tv_l_vre,602,0.024916943521594685,0.15587202907236547,17
2,tv_l_vrn,594,0.011784511784511785,0.10791495293291142,17
2,tv_l_vca,1159,0.04831751509922347,0.21443631416777284,17
2,tv_l_yug,1170,0.005982905982905983,0.07711751304927884,17
2,tv_l_ova,1172,0.012798634812286689,0.1124047586146975,17
2,tv_l_sup,1173,0.01278772378516624,0.11235745594111916,17
2,tv_l_pul,1173,0.004262574595055414,0.06514909863441705,17
2,tv_l_ove,594,0.04882154882154882,0.21549479156632523,17
2,fr_antfa,867,0.1245674740484429,0.3302278281090699,17
2,fr_tvs_a,312,0.057692307692307696,0.23316068563427192,17
2,fr_viaje,13,0.0,0.0,17
2,fr_estro,19,0.10526315789473684,0.3068922049918579,17
2,fr_varic,36,0.1388888888888889,0.345830544388576,17
2,fr_antec,1,0.0,0.0,17
2,ana_dime,231,1.4935064935064934,0.5726079918194443,17
2,ana_crea,58,0.8620689655172413,0.3448275862068965,17
2,ana_trop,1060,0.8528301886792453,0.35427511619724034,17
2,tension_,79,132.15189873417722,21.716288355497404,17
2,ana_hemo,3,14.700000000000001,2.2196095752781995,17
2,ana_plaq,3,171.66666666666666,83.51580023497883,17
2,ana_leuc,16,8.89875,3.425662116657158,17
2,ana_neu,1312,6.525317835365854,3.087121059551802,17
2,protcrea,1649,55.663347483323236,56.03409656953337,17
2,splanchnic,569,0.026362038664323375,0.1602094927954773,17
3,raza,541,2.9593345656192236,0.5070762855973443,17
3,ant_inf,32,0.03125,0.17399263633843817,17
3,ant_isq,33,0.030303030303030304,0.17141982574219336,17
3,ant_clau,33,0.06060606060606061,0.2386062992124791,17
3,fum_act,42,0.2619047619047619,0.43967107887189016,17
3,diabetes,31,0.03225806451612903,0.17668469596940847,17
3,hip_art,32,0.34375,0.47495887979908324,17
3,insf_car,6,0.0,0.0,17
3,fibr_aur,231,0.012987012987012988,0.11321815437767983,17
3,trat_est,36,0.027777777777777776,0.16433554953054486,17
3,var171,25,0.0,0.0,17
3,tv_l_esu,443,0.02708803611738149,0.16233999635544202,17
3,tvp_orig,1613,0.17482951022938623,0.37982121133809676,17
3,tv_l_ein,340,0.4117647058823529,0.49215295678475035,17
3,tvp_prox,691,0.869753979739508,0.33657390639619633,17
3,tv_l_svc,582,0.00859106529209622,0.09228899657729062,17
3,tv_l_vre,602,0.024916943521594685,0.15587202907236547,17
3,tv_l_vrn,594,0.016835016835016835,0.12865301801038923,17
3,tv_l_vca,1159,0.0811044003451251,0.27299537833044496,17
3,tv_l_yug,1170,0.009401709401709401,0.09650552969667184,17
3,tv_l_ova,1172,0.002559726962457338,0.050528949725231836,17
3,tv_l_sup,1173,0.0068201193520886615,0.08230191567704805,17
3,tv_l_pul,1173,0.004262574595055414,0.06514909863441705,17
3,tv_l_ove,594,0.04208754208754209,0.20078889632788827,17
3,fr_antfa,867,0.11072664359861592,0.3137933300693324,17
3,fr_tvs_a,312,0.05128205128205128,0.22057244274468277,17
3,fr_viaje,13,0.0,0.0,17
3,fr_estro,19,0.05263157894736842,0.22329687826943606,17
3,fr_varic,36,0.08333333333333333,0.27638539919628335,17
3,fr_antec,1,0.0,0.0,17
3,ana_dime,231,1.5844155844155845,0.5663886360352345,17
3,ana_crea,58,0.8793103448275862,0.3257662694429515,17
3,ana_trop,1060,0.8537735849056604,0.35333305905759443,17
3,tension_,79,127.92405063291139,17.65762441689338,17
3,ana_hemo,3,13.566666666666668,2.0336065390226192,17
3,ana_plaq,3,255.33333333333334,87.04915597267762,17
3,ana_leuc,16,8.559999999999999,3.4627409663444366,17
3,ana_neu,1312,6.465705792682928,3.111956472823316,17
3,protcrea,1649,41.345530624620984,51.23782836701374,17
3,splanchnic,569,0.0351493848857645,0.18415728502537415,17
4,raza,541,2.879852125693161,0.6365200970556548,17
4,ant_inf,32,0.0,0.0,17
4,ant_isq,33,0.06060606060606061,0.2386062992124791,17
4,ant_clau,33,0.0,0.0,17
4,fum_act,42,0.23809523809523808,0.4259177099999599,17
4,diabetes,31,0.1935483870967742,0.3950789907714804,17
4,hip_art,32,0.375,0.4841229182759271,17
4,insf_car,6,0.0,0.0,17
4,fibr_aur,231,0.017316017316017316,0.1304460534486525,17
4,trat_est,36,0.2777777777777778,0.44790320823880836,17
4,var171,25,0.0,0.0,17
4,tv_l_esu,443,0.024830699774266364,0.15560892044798272,17
4,tvp_orig,1613,0.27650340979541227,0.4472686823006085,17
4,tv_l_ein,340,0.4147058823529412,0.4926712022178784,17
4,tvp_prox,691,0.8581765557163531,0.3488689652794731,17
4,tv_l_svc,582,0.01718213058419244,0.12994962475044014,17
4,tv_l_vre,602,0.026578073089700997,0.16084675663668047,17
4,tv_l_vrn,594,0.003367003367003367,0.05792811627638133,17
4,tv_l_vca,1159,0.05090595340811044,0.2198056808085763,17
4,tv_l_yug,1170,0.017094017094017096,0.12962180246241967,17
4,tv_l_ova,1172,0.0,0.0,17
4,tv_l_sup,1173,0.005115089514066497,0.071336704250544,17
4,tv_l_pul,1173,0.0,0.0,17
4,tv_l_ove,594,0.03535353535353535,0.18467177069476992,17
4,fr_antfa,867,0.1245674740484429,0.33022782810906987,17
4,fr_tvs_a,312,0.038461538461538464,0.1923076923076923,17
4,fr_viaje,13,0.0,0.0,17
4,fr_estro,19,0.0,0.0,17
4,fr_varic,36,0.16666666666666666,0.37267799624996495,17
4,fr_antec,1,0.0,0.0,17
4,ana_dime,231,1.4805194805194806,0.564698661787717,17
4,ana_crea,58,0.896551724137931,0.3045434781492361,17
4,ana_trop,1060,0.8660377358490566,0.34061176716974456,17
4,tension_,79,133.62025316455697,22.257016414666708,17
4,ana_hemo,3,14.266666666666666,1.2119772641798563,17
4,ana_plaq,3,305.3333333333333,66.97926710723418,17
4,ana_leuc,16,8.9775,3.7110283278358307,17
4,ana_neu,1312,6.364623475609755,3.0943100761815474,17
4,protcrea,1649,23.732377198302004,39.18402878719832,17
4,splanchnic,569,0.026362038664323375,0.1602094927954773,17
5,raza,541,2.8909426987061,0.6913321534828953,17
5,ant_inf,32,0.0625,0.24206145913796356,17
5,ant_isq,33,0.030303030303030304,0.17141982574219336,17
5,ant_clau,33,0.0,0.0,17
5,fum_act,42,0.16666666666666666,0.37267799624996495,17
5,diabetes,31,0.12903225806451613,0.3352356401746213,17
5,hip_art,32,0.375,0.4841229182759271,17
5,insf_car,6,0.0,0.0,17
5,fibr_aur,231,0.008658008658008658,0.09264473835079089,17
5,trat_est,36,0.3055555555555556,0.46064233199380555,17
5,var171,25,0.04,0.19595917942265426,17
5,tv_l_esu,443,0.013544018058690745,0.1155879649164073,17
5,tvp_orig,1613,0.18970861748295104,0.39207047572554915,17
5,tv_l_ein,340,0.38529411764705884,0.4866647311585598,17
5,tvp_prox,691,0.9232995658465991,0.26611553422166223,17
5,tv_l_svc,582,0.00859106529209622,0.09228899657729062,17
5,tv_l_vre,602,0.03322259136212625,0.1792173283622748,17
5,tv_l_vrn,594,0.0016835016835016834,0.040995944989514886,17
5,tv_l_vca,1159,0.058671268334771355,0.23500840539597856,17
5,tv_l_yug,1170,0.011111111111111112,0.10482201257840672,17
5,tv_l_ova,1172,0.005119453924914676,0.07136697497039757,17
5,tv_l_sup,1173,0.0,0.0,17
5,tv_l_pul,1173,0.0076726342710997444,0.08725689058430681,17
5,tv_l_ove,594,0.04208754208754209,0.20078889632788827,17
5,fr_antfa,867,0.12687427912341406,0.3328320844214513,17
5,fr_tvs_a,312,0.03205128205128205,0.17613630338505235,17
5,fr_viaje,13,0.0,0.0,17
5,fr_estro,19,0.0,0.0,17
5,fr_varic,36,0.2222222222222222,0.41573970964154905,17
5,fr_antec,1,0.0,0.0,17
5,ana_dime,231,1.6147186147186148,0.512653553007358,17
5,ana_crea,58,0.896551724137931,0.3045434781492361,17
5,ana_trop,1060,0.8764150943396226,0.3291073939511129,17
5,tension_,79,134.9873417721519,19.792911191640147,17
5,ana_hemo,3,14.666666666666666,0.89938250421547,17
5,ana_plaq,3,205.33333333333334,35.97530016861877,17
5,ana_leuc,16,8.353125,3.640478537826449,17
5,ana_neu,1312,6.851756859756097,3.1008467637100146,17
5,protcrea,1649,37.18504548211037,49.25318656855428,17
5,splanchnic,569,0.028119507908611598,0.16531424978987483,17
1,raza,541,2.942698706099815,0.5216631654672867,18
1,ant_inf,32,0.03125,0.17399263633843817,18
1,ant_isq,33,0.0,0.0,18
1,ant_clau,33,0.06060606060606061,0.2386062992124791,18
1,fum_act,42,0.38095238095238093,0.4856209060564557,18
1,diabetes,31,0.0967741935483871,0.29565004483586066,18
1,hip_art,32,0.375,0.4841229182759271,18
1,insf_car,6,0.0,0.0,18
1,fibr_aur,231,0.021645021645021644,0.14552152652789274,18
1,trat_est,36,0.2222222222222222,0.41573970964154905,18
1,var171,25,0.0,0.0,18
1,tv_l_esu,443,0.01580135440180587,0.12470634146215022,18
1,tvp_orig,1613,0.25356478611283323,0.43505135944665935,18
1,tv_l_ein,340,0.7470588235294118,0.43469752439628984,18
1,tvp_prox,691,0.8668596237337193,0.339726384718576,18
1,tv_l_svc,582,0.005154639175257732,0.07161053602809177,18
1,tv_l_vre,602,0.006644518272425249,0.08124265289460122,18
1,tv_l_vrn,594,0.0016835016835016834,0.040995944989514886,18
1,tv_l_vca,1159,0.054357204486626405,0.22672119179076639,18
1,tv_l_yug,1170,0.01623931623931624,0.12639462349085787,18
1,tv_l_ova,1172,0.0008532423208191126,0.02919784749533903,18
1,tv_l_sup,1173,0.0076726342710997444,0.08725689058430681,18
1,tv_l_pul,1173,0.008525149190110827,0.0919373211563029,18
1,tv_l_ove,594,0.03198653198653199,0.1759641831680713,18
1,fr_antfa,867,0.12226066897347174,0.32758662639923336,18
1,fr_tvs_a,312,0.01282051282051282,0.11249954342810412,18
1,fr_viaje,13,0.07692307692307693,0.26646935501059654,18
1,fr_estro,19,0.0,0.0,18
1,fr_varic,36,0.05555555555555555,0.2290614236454256,18
1,fr_antec,1,0.0,0.0,18
1,ana_dime,231,1.4891774891774892,0.5572153388642107,18
1,ana_crea,58,0.9310344827586207,0.2533954906327426,18
1,ana_trop,1060,0.8849056603773585,0.31913575890123874,18
1,tension_,79,133.27848101265823,16.33427452551707,18
1,ana_hemo,3,14.5,0.8602325267042625,18
1,ana_plaq,3,211.33333333333334,13.097921802925667,18
1,ana_leuc,16,9.179375,1.8098945713424854,18
1,ana_neu,1312,6.637333079268293,3.187932647520219,18
1,protcrea,1649,30.22278350515464,44.16563229068467,18
1,splanchnic,569,0.014059753954305799,0.117737323194687,18
2,raza,541,2.8927911275415896,0.6460199280980716,18
2,ant_inf,32,0.0625,0.24206145913796356,18
2,ant_isq,33,0.0,0.0,18
2,ant_clau,33,0.030303030303030304,0.17141982574219336,18
2,fum_act,42,0.16666666666666666,0.37267799624996495,18
2,diabetes,31,0.0,0.0,18
2,hip_art,32,0.25,0.4330127018922193,18
2,insf_car,6,0.0,0.0,18
2,fibr_aur,231,0.012987012987012988,0.11321815437767983,18
2,trat_est,36,0.1388888888888889,0.34583054438857597,18
2,var171,25,0.08,0.2712931993250107,18
2,tv_l_esu,443,0.009029345372460496,0.0945928976964197,18
2,tvp_orig,1613,0.34097954122752633,0.47403849389241803,18
2,tv_l_ein,340,0.7705882352941177,0.4204545242001984,18
2,tvp_prox,691,0.8726483357452967,0.33336649181683015,18
2,tv_l_svc,582,0.010309278350515464,0.10100988630033723,18
2,tv_l_vre,602,0.009966777408637873,0.09933499260947544,18
2,tv_l_vrn,594,0.0016835016835016834,0.040995944989514886,18
2,tv_l_vca,1159,0.04659188955996549,0.210763102527927,18
2,tv_l_yug,1170,0.024786324786324785,0.1554733510602753,18
2,tv_l_ova,1172,0.0017064846416382253,0.04127435707320077,18
2,tv_l_sup,1173,0.008525149190110827,0.0919373211563029,18
2,tv_l_pul,1173,0.0034100596760443308,0.05829606478185426,18
2,tv_l_ove,594,0.05218855218855219,0.2224070754472864,18
2,fr_antfa,867,0.12918108419838523,0.33540025593865447,18
2,fr_tvs_a,312,0.07051282051282051,0.25600930189379306,18
2,fr_viaje,13,0.0,0.0,18
2,fr_estro,19,0.05263157894736842,0.22329687826943606,18
2,fr_varic,36,0.027777777777777776,0.16433554953054488,18
2,fr_antec,1,0.0,0.0,18
2,ana_dime,231,1.5757575757575757,0.5442507158133898,18
2,ana_crea,58,0.8275862068965517,0.37773969483114905,18
2,ana_trop,1060,0.8349056603773585,0.37126567124796955,18
2,tension_,79,127.0886075949367,15.999359064233525,18
2,ana_hemo,3,13.466666666666667,1.5173075568988055,18
2,ana_plaq,3,338.3333333333333,148.12232182295222,18
2,ana_leuc,16,8.703125,2.1895168381117784,18
2,ana_neu,1312,6.6317103658536585,3.05699602545516,18
2,protcrea,1649,38.49385688295937,50.74441532464951,18
2,splanchnic,569,0.026362038664323375,0.1602094927954773,18
3,raza,541,2.8872458410351203,0.6550274737125099,18
3,ant_inf,32,0.03125,0.17399263633843817,18
3,ant_isq,33,0.06060606060606061,0.23860629921247914,18
3,ant_clau,33,0.030303030303030304,0.17141982574219336,18
3,fum_act,42,0.07142857142857142,0.25753937681885636,18
3,diabetes,31,0.16129032258064516,0.3677985242255284,18
3,hip_art,32,0.3125,0.46351240544347894,18
3,insf_car,6,0.16666666666666666,0.372677996249965,18
3,fibr_aur,231,0.012987012987012988,0.11321815437767983,18
3,trat_est,36,0.1111111111111111,0.31426968052735443,18
3,var171,25,0.0,0.0,18
3,tv_l_esu,443,0.01580135440180587,0.12470634146215022,18
3,tvp_orig,1613,0.23186608803471792,0.42202393919562714,18
3,tv_l_ein,340,0.7470588235294118,0.43469752439628984,18
3,tvp_prox,691,0.849493487698987,0.3575671993569853,18
3,tv_l_svc,582,0.013745704467353952,0.11643350066046335,18
3,tv_l_vre,602,0.011627906976744186,0.10720400531735916,18
3,tv_l_vrn,594,0.003367003367003367,0.05792811627638133,18
3,tv_l_vca,1159,0.07592752372735116,0.2648821150398488,18
3,tv_l_yug,1170,0.02564102564102564,0.15806189751202504,18
3,tv_l_ova,1172,0.011945392491467578,0.10864023237131062,18
3,tv_l_sup,1173,0.0,0.0,18
3,tv_l_pul,1173,0.004262574595055414,0.06514909863441705,18
3,tv_l_ove,594,0.02356902356902357,0.1517020919335867,18
3,fr_antfa,867,0.1245674740484429,0.33022782810906987,18
3,fr_tvs_a,312,0.05128205128205128,0.22057244274468274,18
3,fr_viaje,13,0.07692307692307693,0.26646935501059654,18
3,fr_estro,19,0.0,0.0,18
3,fr_varic,36,0.19444444444444445,0.39577241246597245,18
3,fr_antec,1,0.0,0.0,18
3,ana_dime,231,1.5627705627705628,0.5615371098276017,18
3,ana_crea,58,0.8620689655172413,0.34482758620689646,18
3,ana_trop,1060,0.8245283018867925,0.38037005833066684,18
3,tension_,79,133.39240506329114,19.755094021170613,18
3,ana_hemo,3,13.633333333333335,0.9285592184789416,18
3,ana_plaq,3,226.33333333333334,43.53032148846237,18
3,ana_leuc,16,8.717500000000001,2.3929623377729956,18
3,ana_neu,1312,6.655186737804878,3.092608074452965,18
3,protcrea,1649,42.83251061249243,54.9121830487897,18
3,splanchnic,569,0.01757469244288225,0.13139947727605444,18
4,raza,541,2.9279112754158967,0.6350637672164038,18
4,ant_inf,32,0.0,0.0,18
4,ant_isq,33,0.06060606060606061,0.2386062992124791,18
4,ant_clau,33,0.06060606060606061,0.23860629921247914,18
4,fum_act,42,0.2857142857142857,0.45175395145262554,18
4,diabetes,31,0.22580645161290322,0.4181123031230877,18
4,hip_art,32,0.34375,0.47495887979908324,18
4,insf_car,6,0.0,0.0,18
4,fibr_aur,231,0.004329004329004329,0.0656526012471996,18
4,trat_est,36,0.19444444444444445,0.39577241246597245,18
4,var171,25,0.0,0.0,18
4,tv_l_esu,443,0.01580135440180587,0.12470634146215022,18
4,tvp_orig,1613,0.3124612523248605,0.4634967293524738,18
4,tv_l_ein,340,0.7735294117647059,0.418547083253072,18
4,tvp_prox,691,0.8393632416787264,0.3671955748607359,18
4,tv_l_svc,582,0.006872852233676976,0.0826172871489437,18
4,tv_l_vre,602,0.0016611295681063123,0.0407230919339909,18
4,tv_l_vrn,594,0.005050505050505051,0.07088721640211212,18
4,tv_l_vca,1159,0.056945642795513375,0.23173872477883184,18
4,tv_l_yug,1170,0.03333333333333333,0.17950549357115012,18
4,tv_l_ova,1172,0.005972696245733789,0.07705208073303398,18
4,tv_l_sup,1173,0.005115089514066497,0.071336704250544,18
4,tv_l_pul,1173,0.004262574595055414,0.06514909863441705,18
4,tv_l_ove,594,0.037037037037037035,0.18885257457751053,18
4,fr_antfa,867,0.1522491349480969,0.35926221044754075,18
4,fr_tvs_a,312,0.022435897435897436,0.14809634682240921,18
4,fr_viaje,13,0.0,0.0,18
4,fr_estro,19,0.05263157894736842,0.22329687826943606,18
4,fr_varic,36,0.1111111111111111,0.31426968052735443,18
4,fr_antec,1,0.0,0.0,18
4,ana_dime,231,1.5627705627705628,0.5615371098276017,18
4,ana_crea,58,0.8448275862068966,0.36206896551724144,18
4,ana_trop,1060,0.870754716981132,0.3354712205782199,18
4,tension_,79,139.55696202531647,20.763738374315906,18
4,ana_hemo,3,13.733333333333334,0.8730533902472533,18
4,ana_plaq,3,233.33333333333334,72.43541184316473,18
4,ana_leuc,16,8.756250000000001,2.1326153984016902,18
4,ana_neu,1312,6.635416920731708,3.0925436400080004,18
4,protcrea,1649,16.935536688902367,29.917732535111487,18
4,splanchnic,569,0.029876977152899824,0.17024788806063035,18
5,raza,541,2.88909426987061,0.5757670383285032,18
5,ant_inf,32,0.0,0.0,18
5,ant_isq,33,0.030303030303030304,0.17141982574219336,18
5,ant_clau,33,0.0,0.0,18
5,fum_act,42,0.19047619047619047,0.39267672624930094,18
5,diabetes,31,0.12903225806451613,0.3352356401746214,18
5,hip_art,32,0.1875,0.3903123748998999,18
5,insf_car,6,0.0,0.0,18
5,fibr_aur,231,0.025974025974025976,0.1590577755054012,18
5,trat_est,36,0.19444444444444445,0.39577241246597245,18
5,var171,25,0.04,0.19595917942265426,18
5,tv_l_esu,443,0.020316027088036117,0.14107900669977194,18
5,tvp_orig,1613,0.38375697458152513,0.4862998653521917,18
5,tv_l_ein,340,0.7764705882352941,0.41661014610884173,18
5,tvp_prox,691,0.8726483357452967,0.3333664918168301,18
5,tv_l_svc,582,0.010309278350515464,0.10100988630033723,18
5,tv_l_vre,602,0.0033222591362126247,0.05754321619830157,18
5,tv_l_vrn,594,0.005050505050505051,0.07088721640211212,18
5,tv_l_vca,1159,0.06557377049180328,0.24753555525477866,18
5,tv_l_yug,1170,0.02905982905982906,0.16797427003812987,18
5,tv_l_ova,1172,0.0034129692832764505,0.05832084467793536,18
5,tv_l_sup,1173,0.0008525149190110827,0.029185409665172534,18
5,tv_l_pul,1173,0.0,0.0,18
5,tv_l_ove,594,0.037037037037037035,0.18885257457751053,18
5,fr_antfa,867,0.1314878892733564,0.337933165356397,18
5,fr_tvs_a,312,0.08012820512820513,0.27149157605925345,18
5,fr_viaje,13,0.0,0.0,18
5,fr_estro,19,0.10526315789473684,0.3068922049918579,18
5,fr_varic,36,0.1111111111111111,0.3142696805273545,18
5,fr_antec,1,0.0,0.0,18
5,ana_dime,231,1.606060606060606,0.5310755041725237,18
5,ana_crea,58,0.9310344827586207,0.2533954906327426,18
5,ana_trop,1060,0.8990566037735849,0.30125375845737107,18
5,tension_,79,128.63291139240508,21.809983322700006,18
5,ana_hemo,3,12.133333333333333,2.7390184778898847,18
5,ana_plaq,3,194.66666666666666,92.16772151295099,18
5,ana_leuc,16,8.62875,1.9450060250549355,18
5,ana_neu,1312,6.614283536585366,3.152849650650504,18
5,protcrea,1649,51.301291691934516,55.60244377615384,18
5,splanchnic,569,0.014059753954305799,0.117737323194687,18
1,raza,541,2.88909426987061,0.7003374631402363,19
1,ant_inf,32,0.0,0.0,19
1,ant_isq,33,0.0,0.0,19
1,ant_clau,33,0.0,0.0,19
1,fum_act,42,0.19047619047619047,0.39267672624930094,19
1,diabetes,31,0.12903225806451613,0.3352356401746214,19
1,hip_art,32,0.375,0.4841229182759271,19
1,insf_car,6,0.0,0.0,19
1,fibr_aur,231,0.012987012987012988,0.11321815437767983,19
1,trat_est,36,0.16666666666666666,0.37267799624996495,19
1,var171,25,0.0,0.0,19
1,tv_l_esu,443,0.002257336343115124,0.04745777887500821,19
1,tvp_orig,1613,0.31494110353378796,0.46449241634143806,19
1,tv_l_ein,340,0.7235294117647059,0.44725228012400847,19
1,tvp_prox,691,0.8393632416787264,0.3671955748607359,19
1,tv_l_svc,582,0.010309278350515464,0.10100988630033723,19
1,tv_l_vre,602,0.0049833887043189366,0.07041700463198222,19
1,tv_l_vrn,594,0.003367003367003367,0.05792811627638132,19
1,tv_l_vca,1159,0.04918032786885246,0.21624435997168717,19
1,tv_l_yug,1170,0.015384615384615385,0.12307692307692308,19
1,tv_l_ova,1172,0.004266211604095563,0.06517676766029937,19
1,tv_l_sup,1173,0.0034100596760443308,0.05829606478185425,19
1,tv_l_pul,1173,0.0068201193520886615,0.08230191567704805,19
1,tv_l_ove,594,0.037037037037037035,0.18885257457751053,19
1,fr_antfa,867,0.1395617070357555,0.34653172576983693,19
1,fr_tvs_a,312,0.035256410256410256,0.184427210010459,19
1,fr_viaje,13,0.0,0.0,19
1,fr_estro,19,0.0,0.0,19
1,fr_varic,36,0.2222222222222222,0.41573970964154905,19
1,fr_antec,1,0.0,0.0,19
1,ana_dime,231,1.5411255411255411,0.6149624539248402,19
1,ana_crea,58,0.8793103448275862,0.32576626944295145,19
1,ana_trop,1060,0.8575471698113207,0.34951397877612067,19
1,tension_,79,130.9240506329114,21.446885910032314,19
1,ana_hemo,3,14.333333333333334,0.41899350299921795,19
1,ana_plaq,3,238.0,77.51558982983144,19
1,ana_leuc,16,9.020625,3.4670763417287196,19
1,ana_neu,1312,6.624894054878049,3.111495902328743,19
1,protcrea,1649,24.477404487568226,26.057994352468125,19
1,splanchnic,569,0.015817223198594025,0.12476793918663513,19
2,raza,541,2.8835489833641406,0.7923660559611618,19
2,ant_inf,32,0.03125,0.17399263633843817,19
2,ant_isq,33,0.030303030303030304,0.17141982574219336,19
2,ant_clau,33,0.030303030303030304,0.17141982574219336,19
2,fum_act,42,0.11904761904761904,0.32384453592227247,19
2,diabetes,31,0.0967741935483871,0.29565004483586066,19
2,hip_art,32,0.34375,0.47495887979908324,19
2,insf_car,6,0.0,0.0,19
2,fibr_aur,231,0.017316017316017316,0.1304460534486525,19
2,trat_est,36,0.16666666666666666,0.372677996249965,19
2,var171,25,0.0,0.0,19
2,tv_l_esu,443,0.013544018058690745,0.1155879649164073,19
2,tvp_orig,1613,0.28022318660880347,0.4491081743807512,19
2,tv_l_ein,340,0.8,0.4,19
2,tvp_prox,691,0.874095513748191,0.33174168654764663,19
2,tv_l_svc,582,0.018900343642611683,0.1361731274987942,19
2,tv_l_vre,602,0.013289036544850499,0.11450955441604044,19
2,tv_l_vrn,594,0.010101010101010102,0.0999948983496128,19
2,tv_l_vca,1159,0.04918032786885246,0.21624435997168723,19
2,tv_l_yug,1170,0.01452991452991453,0.11966117212223817,19
2,tv_l_ova,1172,0.002559726962457338,0.050528949725231836,19
2,tv_l_sup,1173,0.0,0.0,19
2,tv_l_pul,1173,0.0034100596760443308,0.05829606478185426,19
2,tv_l_ove,594,0.04208754208754209,0.20078889632788827,19
2,fr_antfa,867,0.11880046136101499,0.3235535685808843,19
2,fr_tvs_a,312,0.07371794871794872,0.26131133300101356,19
2,fr_viaje,13,0.0,0.0,19
2,fr_estro,19,0.05263157894736842,0.22329687826943606,19
2,fr_varic,36,0.08333333333333333,0.27638539919628335,19
2,fr_antec,1,0.0,0.0,19
2,ana_dime,231,1.593073593073593,0.5801511884935396,19
2,ana_crea,58,0.8793103448275862,0.32576626944295145,19
2,ana_trop,1060,0.8716981132075472,0.3344256459034645,19
2,tension_,79,135.0,21.64500702503753,19
2,ana_hemo,3,14.266666666666666,0.6599663291074442,19
2,ana_plaq,3,206.66666666666666,51.27919222799395,19
2,ana_leuc,16,8.901875,3.115832992054452,19
2,ana_neu,1312,6.47985975609756,2.957537193366927,19
2,protcrea,1649,73.67072771376591,45.77761015061538,19
2,splanchnic,569,0.014059753954305799,0.117737323194687,19
3,raza,541,2.9205175600739373,0.489411459677384,19
3,ant_inf,32,0.03125,0.17399263633843817,19
3,ant_isq,33,0.09090909090909091,0.28747978728803447,19
3,ant_clau,33,0.0,0.0,19
3,fum_act,42,0.35714285714285715,0.4791574237499549,19
3,diabetes,31,0.03225806451612903,0.17668469596940847,19
3,hip_art,32,0.3125,0.46351240544347894,19
3,insf_car,6,0.0,0.0,19
3,fibr_aur,231,0.017316017316017316,0.1304460534486525,19
3,trat_est,36,0.16666666666666666,0.372677996249965,19
3,var171,25,0.08,0.2712931993250107,19
3,tv_l_esu,443,0.013544018058690745,0.1155879649164073,19
3,tvp_orig,1613,0.30998140111593303,0.4624856020225236,19
3,tv_l_ein,340,0.7558823529411764,0.4295628259676193,19
3,tvp_prox,691,0.8856729377713459,0.3182080845466054,19
3,tv_l_svc,582,0.005154639175257732,0.07161053602809177,19
3,tv_l_vre,602,0.008305647840531562,0.09075606896775902,19
3,tv_l_vrn,594,0.013468013468013467,0.11526762807154,19
3,tv_l_vca,1159,0.054357204486626405,0.22672119179076639,19
3,tv_l_yug,1170,0.024786324786324785,0.1554733510602753,19
3,tv_l_ova,1172,0.004266211604095563,0.06517676766029937,19
3,tv_l_sup,1173,0.0034100596760443308,0.05829606478185426,19
3,tv_l_pul,1173,0.005115089514066497,0.071336704250544,19
3,tv_l_ove,594,0.03872053872053872,0.1929281177063882,19
3,fr_antfa,867,0.14763552479815456,0.35473832132394156,19
3,fr_tvs_a,312,0.05448717948717949,0.22697648944045148,19
3,fr_viaje,13,0.0,0.0,19
3,fr_estro,19,0.0,0.0,19
3,fr_varic,36,0.19444444444444445,0.39577241246597245,19
3,fr_antec,1,0.0,0.0,19
3,ana_dime,231,1.5974025974025974,0.5327314307503086,19
3,ana_crea,58,0.8103448275862069,0.39202817244489907,19
3,ana_trop,1060,0.8679245283018868,0.3385728008476672,19
3,tension_,79,134.26582278481013,20.119081477863208,19
3,ana_hemo,3,13.766666666666666,1.681930108205716,19
3,ana_plaq,3,136.66666666666666,27.378012264508094,19
3,ana_leuc,16,9.004375,2.967218749835441,19
3,ana_neu,1312,6.566400152439025,3.1199288811224806,19
3,protcrea,1649,63.00593086719225,53.85493289014154,19
3,splanchnic,569,0.015817223198594025,0.12476793918663513,19
4,raza,541,2.9390018484288354,0.5247780289454449,19
4,ant_inf,32,0.0,0.0,19
4,ant_isq,33,0.0,0.0,19
4,ant_clau,33,0.030303030303030304,0.17141982574219336,19
4,fum_act,42,0.14285714285714285,0.3499271061118826,19
4,diabetes,31,0.06451612903225806,0.24567010018915833,19
4,hip_art,32,0.21875,0.41339864235384227,19
4,insf_car,6,0.0,0.0,19
4,fibr_aur,231,0.017316017316017316,0.1304460534486525,19
4,trat_est,36,0.1111111111111111,0.31426968052735443,19
4,var171,25,0.04,0.19595917942265426,19
4,tv_l_esu,443,0.009029345372460496,0.09459289769641971,19
4,tvp_orig,1613,0.22814631122132673,0.4196374290949609,19
4,tv_l_ein,340,0.788235294117647,0.4085589495102433,19
4,tvp_prox,691,0.8885672937771346,0.3146672181952133,19
4,tv_l_svc,582,0.020618556701030927,0.14210359538237344,19
4,tv_l_vre,602,0.009966777408637873,0.09933499260947544,19
4,tv_l_vrn,594,0.005050505050505051,0.07088721640211212,19
4,tv_l_vca,1159,0.07592752372735116,0.2648821150398488,19
4,tv_l_yug,1170,0.017094017094017096,0.12962180246241967,19
4,tv_l_ova,1172,0.004266211604095563,0.06517676766029937,19
4,tv_l_sup,1173,0.0,0.0,19
4,tv_l_pul,1173,0.0076726342710997444,0.08725689058430681,19
4,tv_l_ove,594,0.04713804713804714,0.21193407382971333,19
4,fr_antfa,867,0.12572087658592848,0.33153451973571957,19
4,fr_tvs_a,312,0.08653846153846154,0.2811575291771816,19
4,fr_viaje,13,0.0,0.0,19
4,fr_estro,19,0.10526315789473684,0.3068922049918579,19
4,fr_varic,36,0.05555555555555555,0.2290614236454256,19
4,fr_antec,1,0.0,0.0,19
4,ana_dime,231,1.5584415584415585,0.5620041401190841,19
4,ana_crea,58,0.8793103448275862,0.32576626944295145,19
4,ana_trop,1060,0.8556603773584905,0.35143377182225405,19
4,tension_,79,130.49367088607596,19.61133321123436,19
4,ana_hemo,3,14.6,0.535412613473634,19
4,ana_plaq,3,226.33333333333334,26.960877005188255,19
4,ana_leuc,16,8.82,2.6884498321523504,19
4,ana_neu,1312,6.528256859756098,3.0636406407971215,19
4,protcrea,1649,15.050163735597332,17.440280930715044,19
4,splanchnic,569,0.02460456942003515,0.15491670208111782,19
5,raza,541,2.966728280961183,0.642604895609989,19
5,ant_inf,32,0.0,0.0,19
5,ant_isq,33,0.030303030303030304,0.17141982574219336,19
5,ant_clau,33,0.0,0.0,19
5,fum_act,42,0.2857142857142857,0.45175395145262565,19
5,diabetes,31,0.0,0.0,19
5,hip_art,32,0.25,0.4330127018922193,19
5,insf_car,6,0.0,0.0,19
5,fibr_aur,231,0.004329004329004329,0.0656526012471996,19
5,trat_est,36,0.19444444444444445,0.39577241246597245,19
5,var171,25,0.0,0.0,19
5,tv_l_esu,443,0.011286681715575621,0.10563755265731456,19
5,tvp_orig,1613,0.31866088034717915,0.46595721228836023,19
5,tv_l_ein,340,0.7264705882352941,0.4457702016334873,19
5,tvp_prox,691,0.8523878437047757,0.3547151076696601,19
5,tv_l_svc,582,0.015463917525773196,0.1233887546761425,19
5,tv_l_vre,602,0.013289036544850499,0.11450955441604042,19
5,tv_l_vrn,594,0.005050505050505051,0.07088721640211212,19
5,tv_l_vca,1159,0.05349439171699741,0.2250172032797178,19
5,tv_l_yug,1170,0.03076923076923077,0.1726918793895665,19
5,tv_l_ova,1172,0.005119453924914676,0.07136697497039757,19
5,tv_l_sup,1173,0.0017050298380221654,0.041256789880862274,19
5,tv_l_pul,1173,0.004262574595055414,0.06514909863441705,19
5,tv_l_ove,594,0.06228956228956229,0.24168072475755498,19
5,fr_antfa,867,0.14878892733564014,0.35588029228653517,19
5,fr_tvs_a,312,0.060897435897435896,0.23914208788616356,19
5,fr_viaje,13,0.0,0.0,19
5,fr_estro,19,0.0,0.0,19
5,fr_varic,36,0.1111111111111111,0.3142696805273545,19
5,fr_antec,1,0.0,0.0,19
5,ana_dime,231,1.5714285714285714,0.5368314469865907,19
5,ana_crea,58,0.9482758620689655,0.2214695272183643,19
5,ana_trop,1060,0.8556603773584905,0.35143377182225405,19
5,tension_,79,135.48101265822785,22.157583357404892,19
5,ana_hemo,3,14.166666666666666,0.8498365855987975,19
5,ana_plaq,3,229.33333333333334,72.68348429243667,19
5,ana_leuc,16,9.535,3.3553949096939393,19
5,ana_neu,1312,6.670025914634147,3.141982055507846,19
5,protcrea,1649,68.18510006064281,55.58246274202376,19
5,splanchnic,569,0.033391915641476276,0.17965771792847868,19
1,raza,541,2.909426987060998,0.6413968155388236,20
1,ant_inf,32,0.0,0.0,20
1,ant_isq,33,0.09090909090909091,0.28747978728803447,20
1,ant_clau,33,0.030303030303030304,0.17141982574219336,20
1,fum_act,42,0.14285714285714285,0.3499271061118826,20
1,diabetes,31,0.03225806451612903,0.17668469596940847,20
1,hip_art,32,0.3125,0.46351240544347894,20
1,insf_car,6,0.0,0.0,20
1,fibr_aur,231,0.025974025974025976,0.1590577755054012,20
1,trat_est,36,0.2777777777777778,0.44790320823880836,20
1,var171,25,0.04,0.19595917942265426,20
1,tv_l_esu,443,0.006772009029345372,0.0820131021425957,20
1,tvp_orig,1613,0.20272783632982022,0.40203141756192373,20
1,tv_l_ein,340,0.7352941176470589,0.44117647058823534,20
1,tvp_prox,691,0.8914616497829233,0.3110591209870431,20
1,tv_l_svc,582,0.01718213058419244,0.1299496247504401,20
1,tv_l_vre,602,0.0016611295681063123,0.04072309193399091,20
1,tv_l_vrn,594,0.003367003367003367,0.05792811627638133,20
1,tv_l_vca,1159,0.06816220880069025,0.25202405062235894,20
1,tv_l_yug,1170,0.010256410256410256,0.10075324463788975,20
1,tv_l_ova,1172,0.004266211604095563,0.06517676766029937,20
1,tv_l_sup,1173,0.0017050298380221654,0.041256789880862274,20
1,tv_l_pul,1173,0.005967604433077579,0.07701942696753782,20
1,tv_l_ove,594,0.04882154882154882,0.21549479156632523,20
1,fr_antfa,867,0.14648212226066898,0.35358889988046766,20
1,fr_tvs_a,312,0.0641025641025641,0.24493555351977953,20
1,fr_viaje,13,0.0,0.0,20
1,fr_estro,19,0.10526315789473684,0.3068922049918579,20
1,fr_varic,36,0.19444444444444445,0.39577241246597245,20
1,fr_antec,1,0.0,0.0,20
1,ana_dime,231,1.5324675324675325,0.5563739030018665,20
1,ana_crea,58,0.8793103448275862,0.32576626944295145,20
1,ana_trop,1060,0.7726415094339623,0.41912600412473894,20
1,tension_,79,132.86075949367088,20.133562996073007,20
1,ana_hemo,3,15.199999999999998,1.4352700094407327,20
1,ana_plaq,3,249.33333333333334,75.2787412812468,20
1,ana_leuc,16,8.508125,2.12902036964774,20
1,ana_neu,1312,6.806879573170732,3.0491177541192442,20
1,protcrea,1649,23.962856276531234,40.67263181555233,20
1,splanchnic,569,0.02460456942003515,0.15491670208111782,20
2,raza,541,2.898336414048059,0.6897835160579141,20
2,ant_inf,32,0.03125,0.17399263633843817,20
2,ant_isq,33,0.030303030303030304,0.17141982574219336,20
2,ant_clau,33,0.06060606060606061,0.2386062992124791,20
2,fum_act,42,0.23809523809523808,0.4259177099999599,20
2,diabetes,31,0.06451612903225806,0.24567010018915833,20
2,hip_art,32,0.28125,0.4496092053105675,20
2,insf_car,6,0.0,0.0,20
2,fibr_aur,231,0.030303030303030304,0.17141982574219336,20
2,trat_est,36,0.2222222222222222,0.41573970964154905,20
2,var171,25,0.08,0.2712931993250107,20
2,tv_l_esu,443,0.011286681715575621,0.10563755265731456,20
2,tvp_orig,1613,0.35151890886546805,0.4774446204278553,20
2,tv_l_ein,340,0.7294117647058823,0.44426370796468717,20
2,tvp_prox,691,0.9073806078147613,0.2898983276538099,20
2,tv_l_svc,582,0.010309278350515464,0.10100988630033723,20
2,tv_l_vre,602,0.009966777408637873,0.09933499260947544,20
2,tv_l_vrn,594,0.0,0.0,20
2,tv_l_vca,1159,0.06729939603106126,0.2505397918992423,20
2,tv_l_yug,1170,0.023076923076923078,0.1501478561226395,20
2,tv_l_ova,1172,0.011092150170648464,0.10473353987734896,20
2,tv_l_sup,1173,0.005115089514066497,0.071336704250544,20
2,tv_l_pul,1173,0.011935208866155157,0.10859447341129477,20
2,tv_l_ove,594,0.05218855218855219,0.2224070754472864,20
2,fr_antfa,867,0.14071510957324107,0.34772743278469104,20
2,fr_tvs_a,312,0.04807692307692308,0.21392880251237487,20
2,fr_viaje,13,0.0,0.0,20
2,fr_estro,19,0.0,0.0,20
2,fr_varic,36,0.08333333333333333,0.27638539919628335,20
2,fr_antec,1,0.0,0.0,20
2,ana_dime,231,1.5844155844155845,0.5739809192715921,20
2,ana_crea,58,0.896551724137931,0.3045434781492361,20
2,ana_trop,1060,0.7547169811320755,0.4302548773959011,20
2,tension_,79,132.64556962025316,18.846507230840285,20
2,ana_hemo,3,14.266666666666666,0.5249338582674539,20
2,ana_plaq,3,165.66666666666666,51.051172584204394,20
2,ana_leuc,16,8.606875,2.2973020011254506,20
2,ana_neu,1312,6.523907012195122,3.100426118758139,20
2,protcrea,1649,28.15407519708915,44.65929974663416,20
2,splanchnic,569,0.019332161687170474,0.13768961185097287,20
3,raza,541,2.88909426987061,0.6761662837193856,20
3,ant_inf,32,0.03125,0.17399263633843817,20
3,ant_isq,33,0.0,0.0,20
3,ant_clau,33,0.030303030303030304,0.17141982574219336,20
3,fum_act,42,0.3333333333333333,0.4714045207910317,20
3,diabetes,31,0.12903225806451613,0.3352356401746214,20
3,hip_art,32,0.46875,0.4990224819584785,20
3,insf_car,6,0.0,0.0,20
3,fibr_aur,231,0.004329004329004329,0.06565260124719959,20
3,trat_est,36,0.2777777777777778,0.44790320823880836,20
3,var171,25,0.04,0.19595917942265426,20
3,tv_l_esu,443,0.002257336343115124,0.04745777887500821,20
3,tvp_orig,1613,0.24550526968381897,0.4303863755293542,20
3,tv_l_ein,340,0.7705882352941177,0.42045452420019835,20
3,tvp_prox,691,0.8885672937771346,0.3146672181952133,20
3,tv_l_svc,582,0.005154639175257732,0.07161053602809177,20
3,tv_l_vre,602,0.0033222591362126247,0.057543216198301564,20
3,tv_l_vrn,594,0.005050505050505051,0.07088721640211212,20
3,tv_l_vca,1159,0.07937877480586712,0.27032903084239135,20
3,tv_l_yug,1170,0.015384615384615385,0.12307692307692308,20
3,tv_l_ova,1172,0.0008532423208191126,0.029197847495339033,20
3,tv_l_sup,1173,0.0076726342710997444,0.08725689058430683,20
3,tv_l_pul,1173,0.013640238704177323,0.11599216608146598,20
3,tv_l_ove,594,0.03198653198653199,0.1759641831680713,20
3,fr_antfa,867,0.1314878892733564,0.337933165356397,20
3,fr_tvs_a,312,0.04487179487179487,0.20702250335839922,20
3,fr_viaje,13,0.07692307692307693,0.26646935501059654,20
3,fr_estro,19,0.05263157894736842,0.22329687826943606,20
3,fr_varic,36,0.08333333333333333,0.27638539919628335,20
3,fr_antec,1,0.0,0.0,20
3,ana_dime,231,1.6017316017316017,0.5399988269961101,20
3,ana_crea,58,0.8620689655172413,0.3448275862068965,20
3,ana_trop,1060,0.7603773584905661,0.4268531728656532,20
3,tension_,79,129.69620253164558,17.55595353623881,20
3,ana_hemo,3,14.466666666666667,0.9568466729604888,20
3,ana_plaq,3,440.6666666666667,270.2225420319745,20
3,ana_leuc,16,7.979374999999999,2.5288991398185496,20
3,ana_neu,1312,6.689798018292683,3.069738403423554,20
3,protcrea,1649,34.8826925409339,41.92230096017757,20
3,splanchnic,569,0.015817223198594025,0.12476793918663513,20
4,raza,541,2.9075785582255085,0.5393549373554277,20
4,ant_inf,32,0.0,0.0,20
4,ant_isq,33,0.030303030303030304,0.17141982574219336,20
4,ant_clau,33,0.0,0.0,20
4,fum_act,42,0.2857142857142857,0.45175395145262554,20
4,diabetes,31,0.22580645161290322,0.4181123031230877,20
4,hip_art,32,0.375,0.4841229182759271,20
4,insf_car,6,0.0,0.0,20
4,fibr_aur,231,0.004329004329004329,0.0656526012471996,20
4,trat_est,36,0.16666666666666666,0.37267799624996495,20
4,var171,25,0.0,0.0,20
4,tv_l_esu,443,0.004514672686230248,0.06703946909669298,20
4,tvp_orig,1613,0.2926224426534408,0.4549665358122227,20
4,tv_l_ein,340,0.7970588235294118,0.40218907911991075,20
4,tvp_prox,691,0.8827785817655571,0.32168394013619744,20
4,tv_l_svc,582,0.012027491408934709,0.1090083981138275,20
4,tv_l_vre,602,0.009966777408637873,0.09933499260947544,20
4,tv_l_vrn,594,0.003367003367003367,0.05792811627638133,20
4,tv_l_vca,1159,0.0811044003451251,0.27299537833044496,20
4,tv_l_yug,1170,0.015384615384615385,0.12307692307692308,20
4,tv_l_ova,1172,0.005972696245733789,0.07705208073303398,20
4,tv_l_sup,1173,0.0025575447570332483,0.050507462041257035,20
4,tv_l_pul,1173,0.008525149190110827,0.0919373211563029,20
4,tv_l_ove,594,0.030303030303030304,0.17141982574219336,20
4,fr_antfa,867,0.14186851211072665,0.34891522950741954,20
4,fr_tvs_a,312,0.057692307692307696,0.23316068563427195,20
4,fr_viaje,13,0.0,0.0,20
4,fr_estro,19,0.05263157894736842,0.22329687826943606,20
4,fr_varic,36,0.16666666666666666,0.37267799624996495,20
4,fr_antec,1,0.0,0.0,20
4,ana_dime,231,1.6017316017316017,0.5635359430694733,20
4,ana_crea,58,0.896551724137931,0.30454347814923605,20
4,ana_trop,1060,0.7481132075471698,0.43409657478567487,20
4,tension_,79,131.22784810126583,22.557913858506794,20
4,ana_hemo,3,13.5,1.363818169698586,20
4,ana_plaq,3,173.0,57.201398584300364,20
4,ana_leuc,16,8.734375,2.5149775564356434,20
4,ana_neu,1312,6.641819359756097,3.068034613622766,20
4,protcrea,1649,23.017313523347486,42.412974221240795,20
4,splanchnic,569,0.029876977152899824,0.17024788806063035,20
5,raza,541,2.9038817005545288,0.7258137741898831,20
5,ant_inf,32,0.09375,0.2914805954090255,20
5,ant_isq,33,0.030303030303030304,0.17141982574219336,20
5,ant_clau,33,0.030303030303030304,0.17141982574219336,20
5,fum_act,42,0.23809523809523808,0.4259177099999599,20
5,diabetes,31,0.06451612903225806,0.24567010018915833,20
5,hip_art,32,0.3125,0.46351240544347894,20
5,insf_car,6,0.16666666666666666,0.372677996249965,20
5,fibr_aur,231,0.004329004329004329,0.06565260124719961,20
5,trat_est,36,0.16666666666666666,0.37267799624996495,20
5,var171,25,0.0,0.0,20
5,tv_l_esu,443,0.009029345372460496,0.09459289769641971,20
5,tvp_orig,1613,0.35895846249225044,0.4796949913199533,20
5,tv_l_ein,340,0.7558823529411764,0.4295628259676193,20
5,tvp_prox,691,0.8567293777134588,0.35034861363528824,20
5,tv_l_svc,582,0.00859106529209622,0.09228899657729062,20
5,tv_l_vre,602,0.0033222591362126247,0.057543216198301564,20
5,tv_l_vrn,594,0.005050505050505051,0.07088721640211212,20
5,tv_l_vca,1159,0.060396893874029335,0.23822071506147105,20
5,tv_l_yug,1170,0.023931623931623933,0.1528361910923563,20
5,tv_l_ova,1172,0.00938566552901024,0.09642393277391141,20
5,tv_l_sup,1173,0.0,0.0,20
5,tv_l_pul,1173,0.00937766410912191,0.09638321184199247,20
5,tv_l_ove,594,0.04377104377104377,0.2045852866123005,20
5,fr_antfa,867,0.13264129181084197,0.3391866440731313,20
5,fr_tvs_a,312,0.07692307692307693,0.26646935501059654,20
5,fr_viaje,13,0.0,0.0,20
5,fr_estro,19,0.10526315789473684,0.3068922049918579,20
5,fr_varic,36,0.19444444444444445,0.39577241246597245,20
5,fr_antec,1,0.0,0.0,20
5,ana_dime,231,1.4848484848484849,0.6090833709770236,20
5,ana_crea,58,0.9310344827586207,0.2533954906327426,20
5,ana_trop,1060,0.8066037735849056,0.39496091708357156,20
5,tension_,79,133.59493670886076,22.234947397182836,20
5,ana_hemo,3,13.233333333333334,1.327487183449325,20
5,ana_plaq,3,216.0,22.686266036231405,20
5,ana_leuc,16,9.193125,3.2924776361237447,20
5,ana_neu,1312,6.5286532012195115,3.1414835151922267,20
5,protcrea,1649,38.78449969678593,48.778973878810206,20
5,splanchnic,569,0.0210896309314587,0.143683187599084,20
