iteration,variable,missing_n,imputed_mean,imputed_sd,imputation
1,raza,532,2.8646616541353382,0.6434394759464843,1
1,ant_inf,31,0.0,0.0,1
1,ant_isq,32,0.03125,0.17399263633843817,1
1,ant_clau,32,0.03125,0.17399263633843817,1
1,fum_act,42,0.16666666666666666,0.37267799624996495,1
1,diabetes,30,0.1,0.3,1
1,hip_art,31,0.41935483870967744,0.49345350131543086,1
1,insf_car,5,0.0,0.0,1
1,fibr_aur,241,0.008298755186721992,0.09071871829491887,1
1,trat_est,36,0.16666666666666666,0.37267799624996495,1
1,var171,27,0.0,0.0,1
1,tv_l_esu,450,0.015555555555555555,0.12374805148734094,1
1,tvp_orig,1608,0.26865671641791045,0.4432609673109701,1
1,tv_l_ein,348,0.7787356321839081,0.41509811773969435,1
1,tvp_prox,693,0.8672438672438673,0.3393109812130589,1
1,tv_l_svc,601,0.0066555740432612314,0.08130976188266634,1
1,tv_l_vre,624,0.008012820512820512,0.08915500670321233,1
1,tv_l_vrn,616,0.0016233766233766235,0.04025843106375729,1
1,tv_l_vca,1165,0.04978540772532189,0.2175013124166044,1
1,tv_l_yug,1177,0.014443500424808835,0.11931004031634297,1
1,tv_l_ova,1179,0.005937234944868533,0.0768243723441849,1
1,tv_l_sup,1178,0.011884550084889643,0.1083665425958095,1
1,tv_l_pul,1178,0.011035653650254669,0.10446945964618697,1
1,tv_l_ove,617,0.07293354943273905,0.2600273962487054,1
1,fr_antfa,876,0.1404109589041096,0.3474128977509874,1
1,fr_tvs_a,328,0.06402439024390244,0.24479638007494914,1
1,fr_viaje,13,0.0,0.0,1
1,fr_estro,19,0.0,0.0,1
1,fr_varic,38,0.21052631578947367,0.4076824574955175,1
1,fr_antec,1,0.0,0.0,1
1,ana_dime,235,1.5191489361702128,0.5785669375467911,1
1,ana_crea,56,0.875,0.33071891388307384,1
1,ana_trop,1064,0.8580827067669173,0.3489652921344441,1
1,tension_,81,132.85185185185185,19.87747103117839,1
1,ana_hemo,6,12.300000000000002,1.9731531449264992,1
1,ana_plaq,5,291.6,142.78459300638846,1
1,ana_leuc,16,9.615,4.07463802073264,1
1,ana_neu,1301,6.6455142198309,3.1156036973456462,1
1,protcrea,1650,56.315785454545455,54.45869711747945,1
1,splanchnic,586,0.015358361774744027,0.12297350323683597,1
2,raza,532,2.917293233082707,0.652296265337889,1
2,ant_inf,31,0.03225806451612903,0.17668469596940845,1
2,ant_isq,32,0.0,0.0,1
2,ant_clau,32,0.0,0.0,1
2,fum_act,42,0.2619047619047619,0.43967107887189016,1
2,diabetes,30,0.13333333333333333,0.33993463423951903,1
2,hip_art,31,0.2903225806451613,0.45391120256355777,1
2,insf_car,5,0.0,0.0,1
2,fibr_aur,241,0.03734439834024896,0.1896043096895579,1
2,trat_est,36,0.1388888888888889,0.34583054438857597,1
2,var171,27,0.0,0.0,1
2,tv_l_esu,450,0.006666666666666667,0.08137703743822466,1
2,tvp_orig,1608,0.30597014925373134,0.4608171188436696,1
2,tv_l_ein,348,0.7873563218390804,0.40917764393856465,1
2,tvp_prox,693,0.9177489177489178,0.2747468684436784,1
2,tv_l_svc,601,0.0066555740432612314,0.08130976188266634,1
2,tv_l_vre,624,0.011217948717948718,0.1053190692349215,1
2,tv_l_vrn,616,0.00974025974025974,0.09821093157307904,1
2,tv_l_vca,1165,0.06609442060085836,0.24844707316910616,1
2,tv_l_yug,1177,0.03058623619371283,0.17219383946359768,1
2,tv_l_ova,1179,0.018659881255301103,0.13532069349083,1
2,tv_l_sup,1178,0.0050933786078098476,0.07118592629282386,1
2,tv_l_pul,1178,0.0025466893039049238,0.05040043330661255,1
2,tv_l_ove,617,0.050243111831442464,0.21844619828446463,1
2,fr_antfa,876,0.1449771689497717,0.35207781729765514,1
2,fr_tvs_a,328,0.06707317073170732,0.2501486767898294,1
2,fr_viaje,13,0.0,0.0,1
2,fr_estro,19,0.0,0.0,1
2,fr_varic,38,0.18421052631578946,0.3876557858593746,1
2,fr_antec,1,0.0,0.0,1
2,ana_dime,235,1.548936170212766,0.5465062497649421,1
2,ana_crea,56,0.75,0.4330127018922193,1
2,ana_trop,1064,0.8778195488721805,0.32749410451185534,1
2,tension_,81,135.03703703703704,23.75671156341446,1
2,ana_hemo,6,13.283333333333331,1.7827101714960725,1
2,ana_plaq,5,198.0,30.835044997534865,1
2,ana_leuc,16,9.265,3.5157644972324302,1
2,ana_neu,1301,6.547465795541891,3.173747824851214,1
2,protcrea,1650,42.9645806060606,49.38052000869941,1
2,splanchnic,586,0.02218430034129693,0.14728257588616536,1
3,raza,532,2.898496240601504,0.7338727187183754,1
3,ant_inf,31,0.03225806451612903,0.17668469596940847,1
3,ant_isq,32,0.0625,0.24206145913796356,1
3,ant_clau,32,0.03125,0.17399263633843817,1
3,fum_act,42,0.30952380952380953,0.46229732949875235,1
3,diabetes,30,0.13333333333333333,0.33993463423951903,1
3,hip_art,31,0.22580645161290322,0.4181123031230877,1
3,insf_car,5,0.0,0.0,1
3,fibr_aur,241,0.004149377593360996,0.06428188126485339,1
3,trat_est,36,0.16666666666666666,0.37267799624996495,1
3,var171,27,0.0,0.0,1
3,tv_l_esu,450,0.013333333333333334,0.11469767022723505,1
3,tvp_orig,1608,0.3675373134328358,0.4821344591163436,1
3,tv_l_ein,348,0.7931034482758621,0.40508069394726653,1
3,tvp_prox,693,0.8845598845598845,0.3195523355998017,1
3,tv_l_svc,601,0.011647254575707155,0.1072921061241498,1
3,tv_l_vre,624,0.008012820512820512,0.08915500670321233,1
3,tv_l_vrn,616,0.003246753246753247,0.05688771255823126,1
3,tv_l_vca,1165,0.045493562231759654,0.20838401576710408,1
3,tv_l_yug,1177,0.016142735768903994,0.12602439387197759,1
3,tv_l_ova,1179,0.0016963528413910093,0.041151855710630035,1
3,tv_l_sup,1178,0.011035653650254669,0.10446945964618697,1
3,tv_l_pul,1178,0.008488964346349746,0.09174367460853172,1
3,tv_l_ove,617,0.06807131280388978,0.2518682377296605,1
3,fr_antfa,876,0.1267123287671233,0.3326504389077756,1
3,fr_tvs_a,328,0.051829268292682924,0.2216821942351889,1
3,fr_viaje,13,0.0,0.0,1
3,fr_estro,19,0.0,0.0,1
3,fr_varic,38,0.0,0.0,1
3,fr_antec,1,0.0,0.0,1
3,ana_dime,235,1.523404255319149,0.5857211470568155,1
3,ana_crea,56,0.8928571428571429,0.30929478706587094,1
3,ana_trop,1064,0.8834586466165414,0.3208729753890322,1
3,tension_,81,134.59259259259258,21.3123610905449,1
3,ana_hemo,6,13.866666666666667,1.4613540144521977,1
3,ana_plaq,5,273.8,154.10827362604513,1
3,ana_leuc,16,8.878125,3.7218278754363427,1
3,ana_neu,1301,6.4245980015372774,3.1575886236224355,1
3,protcrea,1650,36.40404242424243,43.45281565865286,1
3,splanchnic,586,0.013651877133105802,0.11604095563139932,1
4,raza,532,2.9718045112781954,0.6696664354113103,1
4,ant_inf,31,0.06451612903225806,0.2456701001891583,1
4,ant_isq,32,0.03125,0.17399263633843817,1
4,ant_clau,32,0.0625,0.24206145913796356,1
4,fum_act,42,0.2619047619047619,0.43967107887189016,1
4,diabetes,30,0.03333333333333333,0.17950549357115012,1
4,hip_art,31,0.3548387096774194,0.4784644185223008,1
4,insf_car,5,0.0,0.0,1
4,fibr_aur,241,0.016597510373443983,0.1277577121853996,1
4,trat_est,36,0.1111111111111111,0.3142696805273545,1
4,var171,27,0.0,0.0,1
4,tv_l_esu,450,0.017777777777777778,0.1321428333094978,1
4,tvp_orig,1608,0.2468905472636816,0.43120251035391877,1
4,tv_l_ein,348,0.7816091954022989,0.4131540403588835,1
4,tvp_prox,693,0.8686868686868687,0.33774249489495933,1
4,tv_l_svc,601,0.0016638935108153079,0.04075690087825586,1
4,tv_l_vre,624,0.004807692307692308,0.06917064697085652,1
4,tv_l_vrn,616,0.003246753246753247,0.05688771255823126,1
4,tv_l_vca,1165,0.06866952789699571,0.2528913281142701,1
4,tv_l_yug,1177,0.034834324553950725,0.1833600130530666,1
4,tv_l_ova,1179,0.005089058524173028,0.07115588526264409,1
4,tv_l_sup,1178,0.003395585738539898,0.05817263734808765,1
4,tv_l_pul,1178,0.004244482173174873,0.06501128013088553,1
4,tv_l_ove,617,0.050243111831442464,0.21844619828446463,1
4,fr_antfa,876,0.1312785388127854,0.33770472910512433,1
4,fr_tvs_a,328,0.024390243902439025,0.15425744683748188,1
4,fr_viaje,13,0.07692307692307693,0.26646935501059654,1
4,fr_estro,19,0.0,0.0,1
4,fr_varic,38,0.15789473684210525,0.3646422752776584,1
4,fr_antec,1,1.0,0.0,1
4,ana_dime,235,1.5063829787234042,0.5861538013689004,1
4,ana_crea,56,0.9107142857142857,0.2851557039762734,1
4,ana_trop,1064,0.8289473684210527,0.37655494792774175,1
4,tension_,81,126.87654320987654,21.63124324552101,1
4,ana_hemo,6,14.016666666666666,0.7127801593447703,1
4,ana_plaq,5,204.0,36.4581952378337,1
4,ana_leuc,16,8.484375,3.0183086504489567,1
4,ana_neu,1301,6.7029677171406625,3.25537420765349,1
4,protcrea,1650,68.61307878787879,59.77489039347014,1
4,splanchnic,586,0.02218430034129693,0.14728257588616536,1
5,raza,532,2.9342105263157894,0.4880091681104705,1
5,ant_inf,31,0.0,0.0,1
5,ant_isq,32,0.03125,0.17399263633843817,1
5,ant_clau,32,0.0,0.0,1
5,fum_act,42,0.30952380952380953,0.46229732949875235,1
5,diabetes,30,0.06666666666666667,0.24944382578492943,1
5,hip_art,31,0.1935483870967742,0.3950789907714804,1
5,insf_car,5,0.0,0.0,1
5,fibr_aur,241,0.008298755186721992,0.09071871829491887,1
5,trat_est,36,0.05555555555555555,0.2290614236454256,1
5,var171,27,0.07407407407407407,0.2618914004394621,1
5,tv_l_esu,450,0.015555555555555555,0.12374805148734093,1
5,tvp_orig,1608,0.3041044776119403,0.4600271125795839,1
5,tv_l_ein,348,0.8218390804597702,0.3826481494647656,1
5,tvp_prox,693,0.898989898989899,0.30134209879144036,1
5,tv_l_svc,601,0.0066555740432612314,0.08130976188266635,1
5,tv_l_vre,624,0.004807692307692308,0.06917064697085652,1
5,tv_l_vrn,616,0.003246753246753247,0.05688771255823126,1
5,tv_l_vca,1165,0.06523605150214593,0.2469419143980124,1
5,tv_l_yug,1177,0.020390824129141887,0.1413330761728347,1
5,tv_l_ova,1179,0.004240882103477523,0.06498382123622715,1
5,tv_l_sup,1178,0.003395585738539898,0.05817263734808765,1
5,tv_l_pul,1178,0.004244482173174873,0.06501128013088553,1
5,tv_l_ove,617,0.06320907617504051,0.243338630028482,1
5,fr_antfa,876,0.14269406392694065,0.34976058675464683,1
5,fr_tvs_a,328,0.027439024390243903,0.16335888200754647,1
5,fr_viaje,13,0.07692307692307693,0.26646935501059654,1
5,fr_estro,19,0.05263157894736842,0.22329687826943606,1
5,fr_varic,38,0.15789473684210525,0.3646422752776584,1
5,fr_antec,1,0.0,0.0,1
5,ana_dime,235,1.5319148936170213,0.5853191102655114,1
5,ana_crea,56,0.9107142857142857,0.2851557039762734,1
5,ana_trop,1064,0.8693609022556391,0.3370052282753195,1
5,tension_,81,133.3827160493827,21.211205925656525,1
5,ana_hemo,6,14.416666666666666,1.5920810978785667,1
5,ana_plaq,5,239.8,71.7032774704197,1
5,ana_leuc,16,8.570625,3.3787709835641424,1
5,ana_neu,1301,6.680731744811683,3.148689798085055,1
5,protcrea,1650,57.602530909090916,54.027023840986274,1
5,splanchnic,586,0.015358361774744027,0.12297350323683598,1
1,raza,532,2.9097744360902253,0.6711974107209566,2
1,ant_inf,31,0.03225806451612903,0.17668469596940847,2
1,ant_isq,32,0.03125,0.17399263633843817,2
1,ant_clau,32,0.0,0.0,2
1,fum_act,42,0.09523809523809523,0.29354352395090366,2
1,diabetes,30,0.13333333333333333,0.33993463423951903,2
1,hip_art,31,0.2903225806451613,0.4539112025635577,2
1,insf_car,5,0.2,0.4000000000000001,2
1,fibr_aur,241,0.012448132780082987,0.11087459930197004,2
1,trat_est,36,0.1388888888888889,0.34583054438857597,2
1,var171,27,0.0,0.0,2
1,tv_l_esu,450,0.008888888888888889,0.09386094258641277,2
1,tvp_orig,1608,0.16728855721393035,0.37323329947796985,2
1,tv_l_ein,348,0.7327586206896551,0.44251940578312404,2
1,tvp_prox,693,0.8975468975468975,0.30324324271257314,2
1,tv_l_svc,601,0.013311148086522463,0.11460349655722173,2
1,tv_l_vre,624,0.009615384615384616,0.09758549581819442,2
1,tv_l_vrn,616,0.012987012987012988,0.11321815437767983,2
1,tv_l_vca,1165,0.0592274678111588,0.2360499414696749,2
1,tv_l_yug,1177,0.008496176720475786,0.09178230603776649,2
1,tv_l_ova,1179,0.009329940627650551,0.09613996481970993,2
1,tv_l_sup,1178,0.012733446519524618,0.11212183489070728,2
1,tv_l_pul,1178,0.0008488964346349745,0.029123458061813996,2
1,tv_l_ove,617,0.03889789303079417,0.19335161480721866,2
1,fr_antfa,876,0.1643835616438356,0.3706232673553064,2
1,fr_tvs_a,328,0.054878048780487805,0.227742065816867,2
1,fr_viaje,13,0.15384615384615385,0.36080121229410994,2
1,fr_estro,19,0.05263157894736842,0.22329687826943606,2
1,fr_varic,38,0.10526315789473684,0.3068922049918579,2
1,fr_antec,1,0.0,0.0,2
1,ana_dime,235,1.5446808510638297,0.5771568283637779,2
1,ana_crea,56,0.9642857142857143,0.18557687223952257,2
1,ana_trop,1064,0.8759398496240601,0.3296501622396674,2
1,tension_,81,135.679012345679,22.126363896299196,2
1,ana_hemo,6,13.333333333333334,1.7074997966487595,2
1,ana_plaq,5,222.0,58.24774673753484,2
1,ana_leuc,16,6.398125,2.314976292400205,2
1,ana_neu,1301,6.423790930053805,3.1006817783342773,2
1,protcrea,1650,97.86461454545454,50.81417886065798,2
1,splanchnic,586,0.02218430034129693,0.14728257588616536,2
2,raza,532,2.8590225563909772,0.7999373703507608,2
2,ant_inf,31,0.03225806451612903,0.17668469596940845,2
2,ant_isq,32,0.0,0.0,2
2,ant_clau,32,0.0,0.0,2
2,fum_act,42,0.19047619047619047,0.39267672624930094,2
2,diabetes,30,0.1,0.3,2
2,hip_art,31,0.3225806451612903,0.4674637660061109,2
2,insf_car,5,0.2,0.4000000000000001,2
2,fibr_aur,241,0.012448132780082987,0.11087459930197002,2
2,trat_est,36,0.16666666666666666,0.37267799624996495,2
2,var171,27,0.0,0.0,2
2,tv_l_esu,450,0.013333333333333334,0.11469767022723504,2
2,tvp_orig,1608,0.2294776119402985,0.42049689363713055,2
2,tv_l_ein,348,0.7931034482758621,0.4050806939472666,2
2,tvp_prox,693,0.8701298701298701,0.33616049624791644,2
2,tv_l_svc,601,0.011647254575707155,0.1072921061241498,2
2,tv_l_vre,624,0.004807692307692308,0.06917064697085651,2
2,tv_l_vrn,616,0.011363636363636364,0.10599294378510019,2
2,tv_l_vca,1165,0.05321888412017167,0.22446967388307804,2
2,tv_l_yug,1177,0.013593882752761258,0.11579762132472946,2
2,tv_l_ova,1179,0.005937234944868533,0.07682437234418492,2
2,tv_l_sup,1178,0.005942275042444821,0.07685677855443043,2
2,tv_l_pul,1178,0.0,0.0,2
2,tv_l_ove,617,0.06807131280388978,0.2518682377296605,2
2,fr_antfa,876,0.15182648401826485,0.3588526198440195,2
2,fr_tvs_a,328,0.04878048780487805,0.2154088016177524,2
2,fr_viaje,13,0.0,0.0,2
2,fr_estro,19,0.0,0.0,2
2,fr_varic,38,0.21052631578947367,0.4076824574955175,2
2,fr_antec,1,0.0,0.0,2
2,ana_dime,235,1.548936170212766,0.5386635710109501,2
2,ana_crea,56,0.9642857142857143,0.18557687223952257,2
2,ana_trop,1064,0.8872180451127819,0.31632607470620494,2
2,tension_,81,134.17283950617283,23.51032876426596,2
2,ana_hemo,6,12.933333333333332,1.7810733343190064,2
2,ana_plaq,5,204.4,44.75086591340999,2
2,ana_leuc,16,6.500624999999999,2.36858731301487,2
2,ana_neu,1301,6.489177555726363,3.175861932787635,2
2,protcrea,1650,27.350712727272732,38.87839103861442,2
2,splanchnic,586,0.01877133105802048,0.13571649932241353,2
3,raza,532,2.8778195488721803,0.7268459397072873,2
3,ant_inf,31,0.03225806451612903,0.17668469596940845,2
3,ant_isq,32,0.0,0.0,2
3,ant_clau,32,0.03125,0.17399263633843817,2
3,fum_act,42,0.14285714285714285,0.3499271061118826,2
3,diabetes,30,0.03333333333333333,0.17950549357115014,2
3,hip_art,31,0.22580645161290322,0.4181123031230878,2
3,insf_car,5,0.0,0.0,2
3,fibr_aur,241,0.008298755186721992,0.09071871829491887,2
3,trat_est,36,0.25,0.4330127018922193,2
3,var171,27,0.037037037037037035,0.18885257457751053,2
3,tv_l_esu,450,0.008888888888888889,0.09386094258641277,2
3,tvp_orig,1608,0.23756218905472637,0.4255894681336145,2
3,tv_l_ein,348,0.7241379310344828,0.44694763437295587,2
3,tvp_prox,693,0.8802308802308803,0.3246913576288257,2
3,tv_l_svc,601,0.011647254575707155,0.1072921061241498,2
3,tv_l_vre,624,0.01282051282051282,0.11249954342810413,2
3,tv_l_vrn,616,0.006493506493506494,0.0803202394600843,2
3,tv_l_vca,1165,0.05236051502145923,0.22275298311840125,2
3,tv_l_yug,1177,0.01954120645709431,0.13841729554970914,2
3,tv_l_ova,1179,0.009329940627650551,0.09613996481970995,2
3,tv_l_sup,1178,0.011035653650254669,0.10446945964618697,2
3,tv_l_pul,1178,0.003395585738539898,0.05817263734808765,2
3,tv_l_ove,617,0.04862236628849271,0.21507726933593044,2
3,fr_antfa,876,0.1187214611872146,0.3234604702908646,2
3,fr_tvs_a,328,0.039634146341463415,0.1950981311680019,2
3,fr_viaje,13,0.07692307692307693,0.26646935501059654,2
3,fr_estro,19,0.05263157894736842,0.22329687826943606,2
3,fr_varic,38,0.07894736842105263,0.2696565991042,2
3,fr_antec,1,0.0,0.0,2
3,ana_dime,235,1.5617021276595744,0.5829321304567774,2
3,ana_crea,56,0.8928571428571429,0.30929478706587094,2
3,ana_trop,1064,0.8524436090225563,0.3546596995137104,2
3,tension_,81,131.35802469135803,17.79187541171692,2
3,ana_hemo,6,14.666666666666666,1.9524912860809962,2
3,ana_plaq,5,195.6,104.9735204706406,2
3,ana_leuc,16,6.54875,2.557134321364445,2
3,ana_neu,1301,6.535140661029978,3.240774182192969,2
3,protcrea,1650,100.10564242424242,58.83387620693325,2
3,splanchnic,586,0.01877133105802048,0.13571649932241353,2
4,raza,532,2.857142857142857,0.6418120159379715,2
4,ant_inf,31,0.06451612903225806,0.24567010018915833,2
4,ant_isq,32,0.0,0.0,2
4,ant_clau,32,0.0,0.0,2
4,fum_act,42,0.23809523809523808,0.4259177099999599,2
4,diabetes,30,0.1,0.3,2
4,hip_art,31,0.22580645161290322,0.4181123031230877,2
4,insf_car,5,0.2,0.4,2
4,fibr_aur,241,0.008298755186721992,0.09071871829491887,2
4,trat_est,36,0.16666666666666666,0.37267799624996495,2
4,var171,27,0.0,0.0,2
4,tv_l_esu,450,0.011111111111111112,0.10482201257840672,2
4,tvp_orig,1608,0.26243781094527363,0.43995932349653233,2
4,tv_l_ein,348,0.8132183908045977,0.38973611541885406,2
4,tvp_prox,693,0.8686868686868687,0.33774249489495933,2
4,tv_l_svc,601,0.0016638935108153079,0.04075690087825587,2
4,tv_l_vre,624,0.011217948717948718,0.1053190692349215,2
4,tv_l_vrn,616,0.012987012987012988,0.11321815437767983,2
4,tv_l_vca,1165,0.0592274678111588,0.2360499414696749,2
4,tv_l_yug,1177,0.029736618521665252,0.16985980113188115,2
4,tv_l_ova,1179,0.0033927056827820186,0.05814804580492828,2
4,tv_l_sup,1178,0.010186757215619695,0.10041407865956704,2
4,tv_l_pul,1178,0.008488964346349746,0.09174367460853171,2
4,tv_l_ove,617,0.08427876823338736,0.2778054309376444,2
4,fr_antfa,876,0.13013698630136986,0.3364540846798668,2
4,fr_tvs_a,328,0.057926829268292686,0.23360503359134782,2
4,fr_viaje,13,0.0,0.0,2
4,fr_estro,19,0.05263157894736842,0.22329687826943606,2
4,fr_varic,38,0.15789473684210525,0.3646422752776584,2
4,fr_antec,1,0.0,0.0,2
4,ana_dime,235,1.4893617021276595,0.6144480458805809,2
4,ana_crea,56,0.875,0.33071891388307384,2
4,ana_trop,1064,0.8778195488721805,0.32749410451185534,2
4,tension_,81,134.76543209876544,18.003615278184977,2
4,ana_hemo,6,13.216666666666669,1.4893137868010071,2
4,ana_plaq,5,160.8,74.29239530396096,2
4,ana_leuc,16,6.940625,2.6202945176783086,2
4,ana_neu,1301,6.5674458109146805,3.102636215065484,2
4,protcrea,1650,74.06586787878788,59.16131451068545,2
4,splanchnic,586,0.006825938566552901,0.08233677871545951,2
5,raza,532,2.919172932330827,0.8151807264103773,2
5,ant_inf,31,0.03225806451612903,0.17668469596940847,2
5,ant_isq,32,0.03125,0.17399263633843817,2
5,ant_clau,32,0.03125,0.17399263633843817,2
5,fum_act,42,0.38095238095238093,0.4856209060564557,2
5,diabetes,30,0.06666666666666667,0.24944382578492943,2
5,hip_art,31,0.2903225806451613,0.4539112025635577,2
5,insf_car,5,0.0,0.0,2
5,fibr_aur,241,0.004149377593360996,0.06428188126485339,2
5,trat_est,36,0.1388888888888889,0.345830544388576,2
5,var171,27,0.037037037037037035,0.18885257457751053,2
5,tv_l_esu,450,0.022222222222222223,0.14740554623801777,2
5,tvp_orig,1608,0.292910447761194,0.45509770088798607,2
5,tv_l_ein,348,0.8160919540229885,0.3874091849736257,2
5,tvp_prox,693,0.8484848484848485,0.3585502898848253,2
5,tv_l_svc,601,0.0033277870216306157,0.057590909483782954,2
5,tv_l_vre,624,0.008012820512820512,0.08915500670321233,2
5,tv_l_vrn,616,0.006493506493506494,0.0803202394600843,2
5,tv_l_vca,1165,0.03690987124463519,0.1885405331734788,2
5,tv_l_yug,1177,0.016992353440951572,0.1292424596078601,2
5,tv_l_ova,1179,0.0016963528413910093,0.041151855710630035,2
5,tv_l_sup,1178,0.022071307300509338,0.14691550188647834,2
5,tv_l_pul,1178,0.005942275042444821,0.07685677855443043,2
5,tv_l_ove,617,0.05834683954619125,0.2343981353619569,2
5,fr_antfa,876,0.1917808219178082,0.39370158529314836,2
5,fr_tvs_a,328,0.036585365853658534,0.18774151607732503,2
5,fr_viaje,13,0.07692307692307693,0.26646935501059654,2
5,fr_estro,19,0.05263157894736842,0.22329687826943606,2
5,fr_varic,38,0.15789473684210525,0.3646422752776584,2
5,fr_antec,1,0.0,0.0,2
5,ana_dime,235,1.5617021276595744,0.5606049891191304,2
5,ana_crea,56,0.8928571428571429,0.30929478706587094,2
5,ana_trop,1064,0.8298872180451128,0.37573185035402074,2
5,tension_,81,131.20987654320987,24.35879745728441,2
5,ana_hemo,6,13.416666666666666,1.7247383054313548,2
5,ana_plaq,5,198.2,33.84316770043845,2
5,ana_leuc,16,6.836875,2.546644161317988,2
5,ana_neu,1301,6.789966179861644,3.1929581368582607,2
5,protcrea,1650,25.518373333333336,33.53538618816111,2
5,splanchnic,586,0.027303754266211604,0.1629670496425027,2
1,raza,532,2.8684210526315788,0.6557860944409005,3
1,ant_inf,31,0.03225806451612903,0.17668469596940847,3
1,ant_isq,32,0.0,0.0,3
1,ant_clau,32,0.03125,0.17399263633843817,3
1,fum_act,42,0.14285714285714285,0.3499271061118826,3
1,diabetes,30,0.1,0.3,3
1,hip_art,31,0.3870967741935484,0.487086092598113,3
1,insf_car,5,0.0,0.0,3
1,fibr_aur,241,0.012448132780082987,0.11087459930197004,3
1,trat_est,36,0.05555555555555555,0.2290614236454256,3
1,var171,27,0.037037037037037035,0.18885257457751053,3
1,tv_l_esu,450,0.011111111111111112,0.1048220125784067,3
1,tvp_orig,1608,0.20398009950248755,0.4029543628122704,3
1,tv_l_ein,348,0.7557471264367817,0.4296433489760186,3
1,tvp_prox,693,0.898989898989899,0.30134209879144036,3
1,tv_l_svc,601,0.016638935108153077,0.12791435004181412,3
1,tv_l_vre,624,0.01282051282051282,0.11249954342810413,3
1,tv_l_vrn,616,0.0016233766233766235,0.04025843106375729,3
1,tv_l_vca,1165,0.061802575107296136,0.24079662958065498,3
1,tv_l_yug,1177,0.016142735768903994,0.12602439387197759,3
1,tv_l_ova,1179,0.0,0.0,3
1,tv_l_sup,1178,0.008488964346349746,0.09174367460853172,3
1,tv_l_pul,1178,0.005942275042444821,0.07685677855443043,3
1,tv_l_ove,617,0.04213938411669368,0.20090708405369737,3
1,fr_antfa,876,0.12442922374429223,0.33007058642460874,3
1,fr_tvs_a,328,0.04878048780487805,0.2154088016177524,3
1,fr_viaje,13,0.0,0.0,3
1,fr_estro,19,0.0,0.0,3
1,fr_varic,38,0.18421052631578946,0.38765578585937455,3
1,fr_antec,1,0.0,0.0,3
1,ana_dime,235,1.548936170212766,0.546506249764942,3
1,ana_crea,56,0.8928571428571429,0.30929478706587094,3
1,ana_trop,1064,0.875,0.33071891388307384,3
1,tension_,81,133.320987654321,22.833712978997852,3
1,ana_hemo,6,13.866666666666667,1.3888444437333107,3
1,ana_plaq,5,267.8,85.44799588053543,3
1,ana_leuc,16,8.75625,3.6091097846283366,3
1,ana_neu,1301,6.417821675634128,3.171493671457159,3
1,protcrea,1650,59.97701333333334,47.6905877685283,3
1,splanchnic,586,0.030716723549488054,0.17254914211282646,3
2,raza,532,2.8364661654135337,0.80968358759031,3
2,ant_inf,31,0.06451612903225806,0.24567010018915833,3
2,ant_isq,32,0.03125,0.17399263633843817,3
2,ant_clau,32,0.03125,0.17399263633843817,3
2,fum_act,42,0.19047619047619047,0.39267672624930094,3
2,diabetes,30,0.06666666666666667,0.24944382578492943,3
2,hip_art,31,0.22580645161290322,0.4181123031230877,3
2,insf_car,5,0.0,0.0,3
2,fibr_aur,241,0.012448132780082987,0.11087459930197004,3
2,trat_est,36,0.16666666666666666,0.37267799624996495,3
2,var171,27,0.037037037037037035,0.18885257457751053,3
2,tv_l_esu,450,0.0044444444444444444,0.06651835354264785,3
2,tvp_orig,1608,0.2574626865671642,0.43723637953946876,3
2,tv_l_ein,348,0.7959770114942529,0.40298586658458746,3
2,tvp_prox,693,0.84992784992785,0.357142128353506,3
2,tv_l_svc,601,0.009983361064891847,0.09941676703021403,3
2,tv_l_vre,624,0.009615384615384616,0.09758549581819442,3
2,tv_l_vrn,616,0.00487012987012987,0.06961617416360898,3
2,tv_l_vca,1165,0.054935622317596564,0.22785455825630294,3
2,tv_l_yug,1177,0.014443500424808835,0.11931004031634299,3
2,tv_l_ova,1179,0.002544529262086514,0.050379109092171324,3
2,tv_l_sup,1178,0.014431239388794566,0.11926013046487023,3
2,tv_l_pul,1178,0.0,0.0,3
2,tv_l_ove,617,0.03889789303079417,0.19335161480721869,3
2,fr_antfa,876,0.1404109589041096,0.3474128977509874,3
2,fr_tvs_a,328,0.057926829268292686,0.23360503359134782,3
2,fr_viaje,13,0.0,0.0,3
2,fr_estro,19,0.05263157894736842,0.22329687826943606,3
2,fr_varic,38,0.10526315789473684,0.3068922049918579,3
2,fr_antec,1,0.0,0.0,3
2,ana_dime,235,1.5063829787234042,0.5933691238656463,3
2,ana_crea,56,0.9464285714285714,0.22517000380211594,3
2,ana_trop,1064,0.8712406015037594,0.33493344980029527,3
2,tension_,81,131.45679012345678,19.883642624471005,3
2,ana_hemo,6,14.083333333333334,1.916086868826382,3
2,ana_plaq,5,188.8,29.78858841905739,3
2,ana_leuc,16,8.4575,3.9159553432080916,3
2,ana_neu,1301,6.74465334358186,3.119696827523999,3
2,protcrea,1650,65.78070303030303,52.62938908243755,3
2,splanchnic,586,0.020477815699658702,0.14162794485492444,3
3,raza,532,2.941729323308271,0.6057270673476521,3
3,ant_inf,31,0.0,0.0,3
3,ant_isq,32,0.0625,0.24206145913796356,3
3,ant_clau,32,0.0,0.0,3
3,fum_act,42,0.30952380952380953,0.46229732949875235,3
3,diabetes,30,0.03333333333333333,0.17950549357115014,3
3,hip_art,31,0.2903225806451613,0.4539112025635577,3
3,insf_car,5,0.0,0.0,3
3,fibr_aur,241,0.016597510373443983,0.1277577121853996,3
3,trat_est,36,0.1388888888888889,0.34583054438857597,3
3,var171,27,0.0,0.0,3
3,tv_l_esu,450,0.011111111111111112,0.1048220125784067,3
3,tvp_orig,1608,0.3445273631840796,0.4752139088889391,3
3,tv_l_ein,348,0.7844827586206896,0.41118069026592485,3
3,tvp_prox,693,0.9105339105339105,0.2854153259755599,3
3,tv_l_svc,601,0.011647254575707155,0.1072921061241498,3
3,tv_l_vre,624,0.009615384615384616,0.09758549581819442,3
3,tv_l_vrn,616,0.003246753246753247,0.05688771255823126,3
3,tv_l_vca,1165,0.060085836909871244,0.2376458060069893,3
3,tv_l_yug,1177,0.014443500424808835,0.11931004031634299,3
3,tv_l_ova,1179,0.0008481764206955047,0.02911111501565821,3
3,tv_l_sup,1178,0.00933786078098472,0.09618037812890771,3
3,tv_l_pul,1178,0.0025466893039049238,0.05040043330661255,3
3,tv_l_ove,617,0.0713128038897893,0.2573466298422533,3
3,fr_antfa,876,0.15639269406392695,0.3632272282020635,3
3,fr_tvs_a,328,0.04878048780487805,0.21540880161775236,3
3,fr_viaje,13,0.07692307692307693,0.26646935501059654,3
3,fr_estro,19,0.05263157894736842,0.22329687826943606,3
3,fr_varic,38,0.13157894736842105,0.3380324362806613,3
3,fr_antec,1,0.0,0.0,3
3,ana_dime,235,1.5659574468085107,0.5125142844899517,3
3,ana_crea,56,0.8928571428571429,0.30929478706587094,3
3,ana_trop,1064,0.8486842105263158,0.3583564166156926,3
3,tension_,81,133.93827160493828,22.059596987136295,3
3,ana_hemo,6,13.933333333333332,1.1070481270277075,3
3,ana_plaq,5,321.0,214.86274688740252,3
3,ana_leuc,16,7.685625,3.0705149583376077,3
3,ana_neu,1301,6.773006149116063,3.1542111138798226,3
3,protcrea,1650,51.3084606060606,43.29382351784031,3
3,splanchnic,586,0.02901023890784983,0.1678351719585597,3
4,raza,532,2.9003759398496243,0.7067344217453653,3
4,ant_inf,31,0.06451612903225806,0.24567010018915833,3
4,ant_isq,32,0.03125,0.17399263633843817,3
4,ant_clau,32,0.03125,0.17399263633843817,3
4,fum_act,42,0.2619047619047619,0.43967107887189016,3
4,diabetes,30,0.06666666666666667,0.24944382578492943,3
4,hip_art,31,0.2903225806451613,0.4539112025635577,3
4,insf_car,5,0.0,0.0,3
4,fibr_aur,241,0.012448132780082987,0.11087459930197004,3
4,trat_est,36,0.1111111111111111,0.3142696805273545,3
4,var171,27,0.037037037037037035,0.18885257457751053,3
4,tv_l_esu,450,0.011111111111111112,0.10482201257840673,3
4,tvp_orig,1608,0.32338308457711445,0.46776753327534965,3
4,tv_l_ein,348,0.7672413793103449,0.4225896889233153,3
4,tvp_prox,693,0.8946608946608947,0.30698986664947464,3
4,tv_l_svc,601,0.009983361064891847,0.09941676703021403,3
4,tv_l_vre,624,0.00641025641025641,0.07980704870505599,3
4,tv_l_vrn,616,0.006493506493506494,0.0803202394600843,3
4,tv_l_vca,1165,0.050643776824034335,0.2192692059844057,3
4,tv_l_yug,1177,0.016142735768903994,0.12602439387197759,3
4,tv_l_ova,1179,0.006785411365564037,0.08209366332527814,3
4,tv_l_sup,1178,0.011035653650254669,0.10446945964618697,3
4,tv_l_pul,1178,0.001697792869269949,0.041169289144251754,3
4,tv_l_ove,617,0.055105348460291734,0.22818577745197346,3
4,fr_antfa,876,0.1461187214611872,0.35322519827970256,3
4,fr_tvs_a,328,0.04878048780487805,0.2154088016177524,3
4,fr_viaje,13,0.0,0.0,3
4,fr_estro,19,0.05263157894736842,0.22329687826943606,3
4,fr_varic,38,0.13157894736842105,0.33803243628066115,3
4,fr_antec,1,0.0,0.0,3
4,ana_dime,235,1.5319148936170213,0.5705937120633782,3
4,ana_crea,56,0.875,0.33071891388307384,3
4,ana_trop,1064,0.8703007518796992,0.33597225057633767,3
4,tension_,81,134.22222222222223,22.492248321764126,3
4,ana_hemo,6,13.049999999999999,1.5152007567755943,3
4,ana_plaq,5,209.8,70.13529781786059,3
4,ana_leuc,16,7.7524999999999995,3.0971509084963875,3
4,ana_neu,1301,6.471061491160646,3.207716737495655,3
4,protcrea,1650,38.98304242424242,39.71433787473365,3
4,splanchnic,586,0.008532423208191127,0.09197619780349396,3
5,raza,532,2.9210526315789473,0.6141872349991752,3
5,ant_inf,31,0.03225806451612903,0.17668469596940847,3
5,ant_isq,32,0.03125,0.17399263633843817,3
5,ant_clau,32,0.0,0.0,3
5,fum_act,42,0.21428571428571427,0.41032590332414487,3
5,diabetes,30,0.16666666666666666,0.37267799624996495,3
5,hip_art,31,0.25806451612903225,0.4375696763306625,3
5,insf_car,5,0.0,0.0,3
5,fibr_aur,241,0.012448132780082987,0.11087459930197004,3
5,trat_est,36,0.19444444444444445,0.39577241246597245,3
5,var171,27,0.1111111111111111,0.3142696805273545,3
5,tv_l_esu,450,0.011111111111111112,0.1048220125784067,3
5,tvp_orig,1608,0.2873134328358209,0.45250903211750054,3
5,tv_l_ein,348,0.7701149425287356,0.4207587406373133,3
5,tvp_prox,693,0.9105339105339105,0.2854153259755599,3
5,tv_l_svc,601,0.019966722129783693,0.1398858539566303,3
5,tv_l_vre,624,0.008012820512820512,0.08915500670321233,3
5,tv_l_vrn,616,0.008116883116883116,0.08972736107425637,3
5,tv_l_vca,1165,0.06523605150214593,0.2469419143980124,3
5,tv_l_yug,1177,0.0237892948173322,0.1523921397888561,3
5,tv_l_ova,1179,0.007633587786259542,0.0870362919923006,3
5,tv_l_sup,1178,0.011884550084889643,0.1083665425958095,3
5,tv_l_pul,1178,0.001697792869269949,0.041169289144251754,3
5,tv_l_ove,617,0.06645056726094004,0.24906804165054844,3
5,fr_antfa,876,0.1495433789954338,0.3566232701241772,3
5,fr_tvs_a,328,0.051829268292682924,0.2216821942351889,3
5,fr_viaje,13,0.0,0.0,3
5,fr_estro,19,0.05263157894736842,0.22329687826943606,3
5,fr_varic,38,0.18421052631578946,0.38765578585937455,3
5,fr_antec,1,0.0,0.0,3
5,ana_dime,235,1.5659574468085107,0.5288593087031672,3
5,ana_crea,56,0.9107142857142857,0.2851557039762734,3
5,ana_trop,1064,0.8806390977443609,0.3242127037430194,3
5,tension_,81,131.19753086419752,21.198893374964683,3
5,ana_hemo,6,13.950000000000001,1.826426383223078,3
5,ana_plaq,5,280.0,77.00649323271382,3
5,ana_leuc,16,7.506875,3.803721399415972,3
5,ana_neu,1301,6.7756740968485785,3.2627420028652874,3
5,protcrea,1650,70.90078060606061,44.54367519051304,3
5,splanchnic,586,0.02218430034129693,0.14728257588616536,3
1,raza,532,2.930451127819549,0.6466028806040807,4
1,ant_inf,31,0.0,0.0,4
1,ant_isq,32,0.03125,0.17399263633843817,4
1,ant_clau,32,0.0,0.0,4
1,fum_act,42,0.23809523809523808,0.4259177099999599,4
1,diabetes,30,0.1,0.3,4
1,hip_art,31,0.25806451612903225,0.4375696763306625,4
1,insf_car,5,0.0,0.0,4
1,fibr_aur,241,0.012448132780082987,0.11087459930197002,4
1,trat_est,36,0.2222222222222222,0.41573970964154905,4
1,var171,27,0.07407407407407407,0.2618914004394621,4
1,tv_l_esu,450,0.011111111111111112,0.1048220125784067,4
1,tvp_orig,1608,0.1791044776119403,0.38343977846761584,4
1,tv_l_ein,348,0.7873563218390804,0.4091776439385647,4
1,tvp_prox,693,0.8932178932178932,0.3088360219489973,4
1,tv_l_svc,601,0.008319467554076539,0.09083090891152201,4
1,tv_l_vre,624,0.016025641025641024,0.12557396169333163,4
1,tv_l_vrn,616,0.003246753246753247,0.05688771255823126,4
1,tv_l_vca,1165,0.05751072961373391,0.23281590493999738,4
1,tv_l_yug,1177,0.011045029736618521,0.10451333433938337,4
1,tv_l_ova,1179,0.0008481764206955047,0.02911111501565821,4
1,tv_l_sup,1178,0.010186757215619695,0.10041407865956704,4
1,tv_l_pul,1178,0.0025466893039049238,0.05040043330661255,4
1,tv_l_ove,617,0.04700162074554295,0.21164231238775266,4
1,fr_antfa,876,0.1415525114155251,0.34859058783547603,4
1,fr_tvs_a,328,0.051829268292682924,0.2216821942351889,4
1,fr_viaje,13,0.0,0.0,4
1,fr_estro,19,0.0,0.0,4
1,fr_varic,38,0.10526315789473684,0.3068922049918579,4
1,fr_antec,1,0.0,0.0,4
1,ana_dime,235,1.5148936170212766,0.5637936560081199,4
1,ana_crea,56,0.8392857142857143,0.36726721073577023,4
1,ana_trop,1064,0.8646616541353384,0.3420846064985662,4
1,tension_,81,125.93827160493827,21.866794082178657,4
1,ana_hemo,6,14.716666666666669,0.7668478046884896,4
1,ana_plaq,5,232.8,32.39382657235789,4
1,ana_leuc,16,7.656875,2.5304612196939513,4
1,ana_neu,1301,6.74504381245196,3.130991422882452,4
1,protcrea,1650,36.744183030303034,50.80652026638531,4
1,splanchnic,586,0.030716723549488054,0.17254914211282646,4
2,raza,532,2.8609022556390977,0.6278420598368473,4
2,ant_inf,31,0.03225806451612903,0.17668469596940847,4
2,ant_isq,32,0.0,0.0,4
2,ant_clau,32,0.09375,0.2914805954090255,4
2,fum_act,42,0.23809523809523808,0.4259177099999599,4
2,diabetes,30,0.03333333333333333,0.17950549357115012,4
2,hip_art,31,0.3225806451612903,0.4674637660061109,4
2,insf_car,5,0.0,0.0,4
2,fibr_aur,241,0.016597510373443983,0.12775771218539964,4
2,trat_est,36,0.2222222222222222,0.41573970964154905,4
2,var171,27,0.0,0.0,4
2,tv_l_esu,450,0.017777777777777778,0.1321428333094978,4
2,tvp_orig,1608,0.17786069651741293,0.3823954355791314,4
2,tv_l_ein,348,0.7614942528735632,0.4261698672056683,4
2,tvp_prox,693,0.8686868686868687,0.33774249489495933,4
2,tv_l_svc,601,0.011647254575707155,0.1072921061241498,4
2,tv_l_vre,624,0.017628205128205128,0.13159578835267885,4
2,tv_l_vrn,616,0.006493506493506494,0.0803202394600843,4
2,tv_l_vca,1165,0.060085836909871244,0.2376458060069893,4
2,tv_l_yug,1177,0.01784197111299915,0.13237686799362663,4
2,tv_l_ova,1179,0.013570822731128074,0.11570071521614882,4
2,tv_l_sup,1178,0.005942275042444821,0.07685677855443043,4
2,tv_l_pul,1178,0.003395585738539898,0.058172637348087655,4
2,tv_l_ove,617,0.04862236628849271,0.21507726933593044,4
2,fr_antfa,876,0.1404109589041096,0.3474128977509874,4
2,fr_tvs_a,328,0.06402439024390244,0.24479638007494914,4
2,fr_viaje,13,0.07692307692307693,0.26646935501059654,4
2,fr_estro,19,0.05263157894736842,0.22329687826943606,4
2,fr_varic,38,0.10526315789473684,0.3068922049918579,4
2,fr_antec,1,0.0,0.0,4
2,ana_dime,235,1.4978723404255319,0.5933996399048479,4
2,ana_crea,56,0.875,0.33071891388307384,4
2,ana_trop,1064,0.8449248120300752,0.3619763445945291,4
2,tension_,81,134.64197530864197,20.134920615610113,4
2,ana_hemo,6,13.049999999999999,2.0188693205191197,4
2,ana_plaq,5,207.4,88.21927227085926,4
2,ana_leuc,16,6.789999999999999,2.734350928465474,4
2,ana_neu,1301,6.508858570330514,3.1125798545981964,4
2,protcrea,1650,34.904890909090916,50.22074946057694,4
2,splanchnic,586,0.015358361774744027,0.12297350323683597,4
3,raza,532,2.9285714285714284,0.5707232489156601,4
3,ant_inf,31,0.03225806451612903,0.17668469596940847,4
3,ant_isq,32,0.0,0.0,4
3,ant_clau,32,0.0,0.0,4
3,fum_act,42,0.2619047619047619,0.43967107887189016,4
3,diabetes,30,0.1,0.3,4
3,hip_art,31,0.41935483870967744,0.49345350131543086,4
3,insf_car,5,0.0,0.0,4
3,fibr_aur,241,0.012448132780082987,0.11087459930197004,4
3,trat_est,36,0.1388888888888889,0.3458305443885759,4
3,var171,27,0.0,0.0,4
3,tv_l_esu,450,0.022222222222222223,0.14740554623801777,4
3,tvp_orig,1608,0.17101990049751245,0.3765263525058152,4
3,tv_l_ein,348,0.75,0.4330127018922193,4
3,tvp_prox,693,0.8773448773448773,0.3280409174807001,4
3,tv_l_svc,601,0.018302828618968387,0.1340441534850105,4
3,tv_l_vre,624,0.008012820512820512,0.08915500670321233,4
3,tv_l_vrn,616,0.006493506493506494,0.0803202394600843,4
3,tv_l_vca,1165,0.07124463519313305,0.25723304054753626,4
3,tv_l_yug,1177,0.025488530161427356,0.15760350564513903,4
3,tv_l_ova,1179,0.0,0.0,4
3,tv_l_sup,1178,0.011035653650254669,0.10446945964618697,4
3,tv_l_pul,1178,0.001697792869269949,0.041169289144251754,4
3,tv_l_ove,617,0.03565640194489465,0.18543199008056505,4
3,fr_antfa,876,0.1643835616438356,0.3706232673553064,4
3,fr_tvs_a,328,0.042682926829268296,0.20214127383232655,4
3,fr_viaje,13,0.07692307692307693,0.26646935501059654,4
3,fr_estro,19,0.0,0.0,4
3,fr_varic,38,0.07894736842105263,0.2696565991042,4
3,fr_antec,1,1.0,0.0,4
3,ana_dime,235,1.578723404255319,0.5107092149337021,4
3,ana_crea,56,0.9107142857142857,0.2851557039762734,4
3,ana_trop,1064,0.8731203007518797,0.3328381606228871,4
3,tension_,81,128.37037037037038,23.875936770165673,4
3,ana_hemo,6,14.200000000000001,2.730689778548026,4
3,ana_plaq,5,276.0,200.93182923568878,4
3,ana_leuc,16,7.348125,3.478261452848966,4
3,ana_neu,1301,6.694260568793236,3.172036471718889,4
3,protcrea,1650,69.26172727272727,62.17360103714132,4
3,splanchnic,586,0.01877133105802048,0.1357164993224135,4
4,raza,532,2.898496240601504,0.6889552908883201,4
4,ant_inf,31,0.03225806451612903,0.17668469596940847,4
4,ant_isq,32,0.0,0.0,4
4,ant_clau,32,0.0625,0.24206145913796356,4
4,fum_act,42,0.3333333333333333,0.4714045207910317,4
4,diabetes,30,0.1,0.30000000000000004,4
4,hip_art,31,0.2903225806451613,0.45391120256355777,4
4,insf_car,5,0.2,0.4000000000000001,4
4,fibr_aur,241,0.008298755186721992,0.09071871829491887,4
4,trat_est,36,0.1388888888888889,0.34583054438857597,4
4,var171,27,0.0,0.0,4
4,tv_l_esu,450,0.013333333333333334,0.11469767022723505,4
4,tvp_orig,1608,0.2294776119402985,0.4204968936371305,4
4,tv_l_ein,348,0.7413793103448276,0.43787672755863083,4
4,tvp_prox,693,0.8759018759018758,0.329693463225237,4
4,tv_l_svc,601,0.0066555740432612314,0.08130976188266634,4
4,tv_l_vre,624,0.009615384615384616,0.09758549581819442,4
4,tv_l_vrn,616,0.01461038961038961,0.11998719150735311,4
4,tv_l_vca,1165,0.04978540772532189,0.2175013124166044,4
4,tv_l_yug,1177,0.012744265080713678,0.11216884054079448,4
4,tv_l_ova,1179,0.005937234944868533,0.0768243723441849,4
4,tv_l_sup,1178,0.0008488964346349745,0.029123458061813996,4
4,tv_l_pul,1178,0.004244482173174873,0.06501128013088553,4
4,tv_l_ove,617,0.04051863857374392,0.1971722051960525,4
4,fr_antfa,876,0.13470319634703196,0.3414062759249234,4
4,fr_tvs_a,328,0.036585365853658534,0.18774151607732503,4
4,fr_viaje,13,0.0,0.0,4
4,fr_estro,19,0.10526315789473684,0.30689220499185793,4
4,fr_varic,38,0.15789473684210525,0.3646422752776584,4
4,fr_antec,1,0.0,0.0,4
4,ana_dime,235,1.5617021276595744,0.5606049891191304,4
4,ana_crea,56,0.9642857142857143,0.18557687223952257,4
4,ana_trop,1064,0.849624060150376,0.35743952854149513,4
4,tension_,81,135.35802469135803,20.74793379090995,4
4,ana_hemo,6,13.25,2.5785978101803053,4
4,ana_plaq,5,165.8,68.24778384680342,4
4,ana_leuc,16,6.974375,3.736438760286993,4
4,ana_neu,1301,6.582960799385089,3.1708085828662296,4
4,protcrea,1650,37.79099515151515,52.11440051738135,4
4,splanchnic,586,0.015358361774744027,0.12297350323683597,4
5,raza,532,2.9154135338345863,0.6506122175007139,4
5,ant_inf,31,0.0,0.0,4
5,ant_isq,32,0.03125,0.17399263633843817,4
5,ant_clau,32,0.0,0.0,4
5,fum_act,42,0.23809523809523808,0.42591770999995987,4
5,diabetes,30,0.06666666666666667,0.24944382578492943,4
5,hip_art,31,0.25806451612903225,0.4375696763306625,4
5,insf_car,5,0.0,0.0,4
5,fibr_aur,241,0.004149377593360996,0.06428188126485339,4
5,trat_est,36,0.16666666666666666,0.372677996249965,4
5,var171,27,0.0,0.0,4
5,tv_l_esu,450,0.015555555555555555,0.12374805148734093,4
5,tvp_orig,1608,0.13992537313432835,0.346909589212445,4
5,tv_l_ein,348,0.6982758620689655,0.4590061900680737,4
5,tvp_prox,693,0.8571428571428571,0.34992710611188255,4
5,tv_l_svc,601,0.014975041597337771,0.12145282922392452,4
5,tv_l_vre,624,0.009615384615384616,0.09758549581819442,4
5,tv_l_vrn,616,0.00974025974025974,0.09821093157307904,4
5,tv_l_vca,1165,0.050643776824034335,0.2192692059844057,4
5,tv_l_yug,1177,0.018691588785046728,0.13543342753448073,4
5,tv_l_ova,1179,0.007633587786259542,0.0870362919923006,4
5,tv_l_sup,1178,0.010186757215619695,0.10041407865956704,4
5,tv_l_pul,1178,0.004244482173174873,0.06501128013088553,4
5,tv_l_ove,617,0.03889789303079417,0.19335161480721869,4
5,fr_antfa,876,0.14269406392694065,0.34976058675464683,4
5,fr_tvs_a,328,0.06097560975609756,0.23928557158961683,4
5,fr_viaje,13,0.15384615384615385,0.36080121229410994,4
5,fr_estro,19,0.0,0.0,4
5,fr_varic,38,0.18421052631578946,0.3876557858593746,4
5,fr_antec,1,0.0,0.0,4
5,ana_dime,235,1.553191489361702,0.5690047540577626,4
5,ana_crea,56,0.9285714285714286,0.25753937681885636,4
5,ana_trop,1064,0.893796992481203,0.3080972715113838,4
5,tension_,81,130.90123456790124,18.916714758151695,4
5,ana_hemo,6,12.983333333333333,2.8079747545557145,4
5,ana_plaq,5,358.0,128.58149166968005,4
5,ana_leuc,16,7.36875,3.3251990072024262,4
5,ana_neu,1301,6.5945541890853185,3.1024578193263497,4
5,protcrea,1650,33.609280000000005,46.86191033341852,4
5,splanchnic,586,0.030716723549488054,0.17254914211282646,4
1,raza,532,2.911654135338346,0.6443037630064351,5
1,ant_inf,31,0.0,0.0,5
1,ant_isq,32,0.03125,0.17399263633843817,5
1,ant_clau,32,0.03125,0.17399263633843817,5
1,fum_act,42,0.2857142857142857,0.45175395145262554,5
1,diabetes,30,0.03333333333333333,0.1795054935711501,5
1,hip_art,31,0.22580645161290322,0.4181123031230877,5
1,insf_car,5,0.2,0.4,5
1,fibr_aur,241,0.008298755186721992,0.09071871829491887,5
1,trat_est,36,0.2222222222222222,0.41573970964154905,5
1,var171,27,0.07407407407407407,0.2618914004394621,5
1,tv_l_esu,450,0.006666666666666667,0.08137703743822468,5
1,tvp_orig,1608,0.2263681592039801,0.41848012581552974,5
1,tv_l_ein,348,0.7385057471264368,0.43944852780235844,5
1,tvp_prox,693,0.8686868686868687,0.33774249489495933,5
1,tv_l_svc,601,0.008319467554076539,0.09083090891152201,5
1,tv_l_vre,624,0.016025641025641024,0.12557396169333163,5
1,tv_l_vrn,616,0.00974025974025974,0.09821093157307904,5
1,tv_l_vca,1165,0.06781115879828326,0.2514215693625296,5
1,tv_l_yug,1177,0.018691588785046728,0.13543342753448073,5
1,tv_l_ova,1179,0.011874469889737066,0.10832112838488525,5
1,tv_l_sup,1178,0.004244482173174873,0.06501128013088553,5
1,tv_l_pul,1178,0.0008488964346349745,0.029123458061813996,5
1,tv_l_ove,617,0.03727714748784441,0.1894401271193986,5
1,fr_antfa,876,0.11529680365296803,0.3193797907200407,5
1,fr_tvs_a,328,0.06097560975609756,0.23928557158961683,5
1,fr_viaje,13,0.0,0.0,5
1,fr_estro,19,0.05263157894736842,0.22329687826943606,5
1,fr_varic,38,0.18421052631578946,0.3876557858593746,5
1,fr_antec,1,0.0,0.0,5
1,ana_dime,235,1.4851063829787234,0.5561947934466215,5
1,ana_crea,56,0.9464285714285714,0.22517000380211594,5
1,ana_trop,1064,0.8862781954887218,0.31747307868538527,5
1,tension_,81,133.07407407407408,21.967865295111007,5
1,ana_hemo,6,14.266666666666667,1.3560563737871993,5
1,ana_plaq,5,320.2,170.380045780015,5
1,ana_leuc,16,7.7325,2.954668974690735,5
1,ana_neu,1301,6.465891621829362,3.1486259030593575,5
1,protcrea,1650,49.30779636363636,52.40647125539144,5
1,splanchnic,586,0.013651877133105802,0.11604095563139932,5
2,raza,532,2.9154135338345863,0.5931843609980162,5
2,ant_inf,31,0.03225806451612903,0.17668469596940847,5
2,ant_isq,32,0.0,0.0,5
2,ant_clau,32,0.0,0.0,5
2,fum_act,42,0.23809523809523808,0.42591770999995987,5
2,diabetes,30,0.03333333333333333,0.1795054935711501,5
2,hip_art,31,0.2903225806451613,0.4539112025635577,5
2,insf_car,5,0.0,0.0,5
2,fibr_aur,241,0.012448132780082987,0.11087459930197004,5
2,trat_est,36,0.1388888888888889,0.345830544388576,5
2,var171,27,0.0,0.0,5
2,tv_l_esu,450,0.008888888888888889,0.09386094258641278,5
2,tvp_orig,1608,0.18345771144278608,0.38704131504913203,5
2,tv_l_ein,348,0.7873563218390804,0.40917764393856465,5
2,tvp_prox,693,0.886002886002886,0.31780775949847884,5
2,tv_l_svc,601,0.008319467554076539,0.09083090891152201,5
2,tv_l_vre,624,0.009615384615384616,0.09758549581819442,5
2,tv_l_vrn,616,0.0016233766233766235,0.04025843106375729,5
2,tv_l_vca,1165,0.05836909871244635,0.23444007129316236,5
2,tv_l_yug,1177,0.020390824129141887,0.1413330761728347,5
2,tv_l_ova,1179,0.004240882103477523,0.06498382123622715,5
2,tv_l_sup,1178,0.01697792869269949,0.12918853908147232,5
2,tv_l_pul,1178,0.011884550084889643,0.1083665425958095,5
2,tv_l_ove,617,0.04700162074554295,0.21164231238775266,5
2,fr_antfa,876,0.1358447488584475,0.342623631797389,5
2,fr_tvs_a,328,0.06097560975609756,0.23928557158961683,5
2,fr_viaje,13,0.07692307692307693,0.26646935501059654,5
2,fr_estro,19,0.10526315789473684,0.3068922049918579,5
2,fr_varic,38,0.21052631578947367,0.4076824574955175,5
2,fr_antec,1,1.0,0.0,5
2,ana_dime,235,1.4978723404255319,0.5486887121601548,5
2,ana_crea,56,0.8928571428571429,0.30929478706587094,5
2,ana_trop,1064,0.8796992481203008,0.3253128970343449,5
2,tension_,81,131.7037037037037,21.093234796583793,5
2,ana_hemo,6,14.033333333333333,1.447603383373898,5
2,ana_plaq,5,293.4,177.64301280939816,5
2,ana_leuc,16,8.101249999999999,2.5529122463375042,5
2,ana_neu,1301,6.72808378170638,3.2387781606285784,5
2,protcrea,1650,56.00800727272727,55.40728814233033,5
2,splanchnic,586,0.02218430034129693,0.14728257588616536,5
3,raza,532,2.924812030075188,0.6054149158274886,5
3,ant_inf,31,0.0,0.0,5
3,ant_isq,32,0.0,0.0,5
3,ant_clau,32,0.03125,0.17399263633843817,5
3,fum_act,42,0.40476190476190477,0.4908459078116263,5
3,diabetes,30,0.1,0.30000000000000004,5
3,hip_art,31,0.3225806451612903,0.46746376600611095,5
3,insf_car,5,0.2,0.4,5
3,fibr_aur,241,0.024896265560165973,0.15580899050222896,5
3,trat_est,36,0.19444444444444445,0.39577241246597245,5
3,var171,27,0.0,0.0,5
3,tv_l_esu,450,0.013333333333333334,0.11469767022723504,5
3,tvp_orig,1608,0.20522388059701493,0.40386512529521174,5
3,tv_l_ein,348,0.7816091954022989,0.41315404035888337,5
3,tvp_prox,693,0.8802308802308803,0.3246913576288257,5
3,tv_l_svc,601,0.004991680532445923,0.07047526983210439,5
3,tv_l_vre,624,0.003205128205128205,0.05652305156586025,5
3,tv_l_vrn,616,0.00487012987012987,0.06961617416360898,5
3,tv_l_vca,1165,0.0592274678111588,0.2360499414696749,5
3,tv_l_yug,1177,0.018691588785046728,0.13543342753448073,5
3,tv_l_ova,1179,0.007633587786259542,0.0870362919923006,5
3,tv_l_sup,1178,0.013582342954159592,0.1157491378543926,5
3,tv_l_pul,1178,0.010186757215619695,0.10041407865956704,5
3,tv_l_ove,617,0.03565640194489465,0.18543199008056505,5
3,fr_antfa,876,0.1187214611872146,0.3234604702908646,5
3,fr_tvs_a,328,0.036585365853658534,0.187741516077325,5
3,fr_viaje,13,0.0,0.0,5
3,fr_estro,19,0.05263157894736842,0.22329687826943606,5
3,fr_varic,38,0.15789473684210525,0.3646422752776584,5
3,fr_antec,1,0.0,0.0,5
3,ana_dime,235,1.5446808510638297,0.5622176873162126,5
3,ana_crea,56,0.9107142857142857,0.2851557039762734,5
3,ana_trop,1064,0.8580827067669173,0.3489652921344441,5
3,tension_,81,127.79012345679013,17.457331439037663,5
3,ana_hemo,6,13.233333333333334,3.893441779311576,5
3,ana_plaq,5,246.8,69.5827564846349,5
3,ana_leuc,16,8.59625,3.24982860124961,5
3,ana_neu,1301,6.972435049961567,3.1329476134260097,5
3,protcrea,1650,48.28436121212121,51.37778311497023,5
3,splanchnic,586,0.011945392491467578,0.10864023237131062,5
4,raza,532,2.8477443609022557,0.7517739587300105,5
4,ant_inf,31,0.0,0.0,5
4,ant_isq,32,0.0,0.0,5
4,ant_clau,32,0.03125,0.17399263633843817,5
4,fum_act,42,0.16666666666666666,0.37267799624996495,5
4,diabetes,30,0.06666666666666667,0.24944382578492943,5
4,hip_art,31,0.3225806451612903,0.4674637660061109,5
4,insf_car,5,0.0,0.0,5
4,fibr_aur,241,0.016597510373443983,0.12775771218539964,5
4,trat_est,36,0.16666666666666666,0.37267799624996495,5
4,var171,27,0.07407407407407407,0.2618914004394621,5
4,tv_l_esu,450,0.015555555555555555,0.12374805148734094,5
4,tvp_orig,1608,0.31529850746268656,0.46463465072515714,5
4,tv_l_ein,348,0.7873563218390804,0.4091776439385647,5
4,tvp_prox,693,0.8686868686868687,0.33774249489495933,5
4,tv_l_svc,601,0.0066555740432612314,0.08130976188266634,5
4,tv_l_vre,624,0.00641025641025641,0.07980704870505599,5
4,tv_l_vrn,616,0.003246753246753247,0.05688771255823126,5
4,tv_l_vca,1165,0.05236051502145923,0.22275298311840128,5
4,tv_l_yug,1177,0.016142735768903994,0.12602439387197759,5
4,tv_l_ova,1179,0.0,0.0,5
4,tv_l_sup,1178,0.004244482173174873,0.06501128013088553,5
4,tv_l_pul,1178,0.003395585738539898,0.05817263734808765,5
4,tv_l_ove,617,0.059967585089141004,0.23742677571773077,5
4,fr_antfa,876,0.13812785388127855,0.3450341285488012,5
4,fr_tvs_a,328,0.07317073170731707,0.260416542732471,5
4,fr_viaje,13,0.07692307692307693,0.26646935501059654,5
4,fr_estro,19,0.0,0.0,5
4,fr_varic,38,0.15789473684210525,0.3646422752776584,5
4,fr_antec,1,0.0,0.0,5
4,ana_dime,235,1.5617021276595744,0.5829321304567774,5
4,ana_crea,56,0.9464285714285714,0.22517000380211594,5
4,ana_trop,1064,0.8421052631578947,0.36464227527765836,5
4,tension_,81,135.19753086419752,22.249660701025885,5
4,ana_hemo,6,13.483333333333334,2.815088315172763,5
4,ana_plaq,5,194.6,26.702808841018953,5
4,ana_leuc,16,8.6,3.635422946508425,5
4,ana_neu,1301,6.410351268255188,3.1545011027301295,5
4,protcrea,1650,83.26973212121213,51.494470783650556,5
4,splanchnic,586,0.032423208191126277,0.17712126851883472,5
5,raza,532,2.8759398496240602,0.674191286741956,5
5,ant_inf,31,0.0,0.0,5
5,ant_isq,32,0.03125,0.17399263633843817,5
5,ant_clau,32,0.03125,0.17399263633843817,5
5,fum_act,42,0.3333333333333333,0.4714045207910317,5
5,diabetes,30,0.06666666666666667,0.24944382578492943,5
5,hip_art,31,0.1935483870967742,0.3950789907714804,5
5,insf_car,5,0.0,0.0,5
5,fibr_aur,241,0.03319502074688797,0.17914550327736847,5
5,trat_est,36,0.25,0.4330127018922193,5
5,var171,27,0.07407407407407407,0.2618914004394621,5
5,tv_l_esu,450,0.006666666666666667,0.08137703743822468,5
5,tvp_orig,1608,0.20087064676616914,0.40065150696572954,5
5,tv_l_ein,348,0.7528735632183908,0.43134088726346653,5
5,tvp_prox,693,0.8484848484848485,0.35855028988482524,5
5,tv_l_svc,601,0.009983361064891847,0.09941676703021403,5
5,tv_l_vre,624,0.009615384615384616,0.09758549581819442,5
5,tv_l_vrn,616,0.00487012987012987,0.06961617416360898,5
5,tv_l_vca,1165,0.06781115879828326,0.2514215693625296,5
5,tv_l_yug,1177,0.008496176720475786,0.0917823060377665,5
5,tv_l_ova,1179,0.005089058524173028,0.07115588526264409,5
5,tv_l_sup,1178,0.0050933786078098476,0.07118592629282386,5
5,tv_l_pul,1178,0.010186757215619695,0.10041407865956703,5
5,tv_l_ove,617,0.04538087520259319,0.20813805843343466,5
5,fr_antfa,876,0.12442922374429223,0.33007058642460874,5
5,fr_tvs_a,328,0.04878048780487805,0.2154088016177524,5
5,fr_viaje,13,0.07692307692307693,0.26646935501059654,5
5,fr_estro,19,0.0,0.0,5
5,fr_varic,38,0.15789473684210525,0.3646422752776584,5
5,fr_antec,1,1.0,0.0,5
5,ana_dime,235,1.574468085106383,0.5590524221247658,5
5,ana_crea,56,0.875,0.33071891388307384,5
5,ana_trop,1064,0.8571428571428571,0.3499271061118826,5
5,tension_,81,131.320987654321,21.02134550702627,5
5,ana_hemo,6,14.766666666666666,1.2432037465981014,5
5,ana_plaq,5,267.2,55.459534797904674,5
5,ana_leuc,16,8.6675,4.31128968523341,5
5,ana_neu,1301,6.678928516525749,3.2605782052267545,5
5,protcrea,1650,87.40763151515152,54.03832246257903,5
5,splanchnic,586,0.025597269624573378,0.15793052083856451,5
1,raza,532,2.8421052631578947,0.7392549110463411,6
1,ant_inf,31,0.0,0.0,6
1,ant_isq,32,0.03125,0.17399263633843817,6
1,ant_clau,32,0.0,0.0,6
1,fum_act,42,0.23809523809523808,0.4259177099999599,6
1,diabetes,30,0.0,0.0,6
1,hip_art,31,0.1935483870967742,0.39507899077148034,6
1,insf_car,5,0.0,0.0,6
1,fibr_aur,241,0.016597510373443983,0.12775771218539964,6
1,trat_est,36,0.1388888888888889,0.3458305443885759,6
1,var171,27,0.0,0.0,6
1,tv_l_esu,450,0.013333333333333334,0.11469767022723505,6
1,tvp_orig,1608,0.24067164179104478,0.42749128953541005,6
1,tv_l_ein,348,0.7327586206896551,0.4425194057831241,6
1,tvp_prox,693,0.8412698412698413,0.3654242677213123,6
1,tv_l_svc,601,0.011647254575707155,0.1072921061241498,6
1,tv_l_vre,624,0.003205128205128205,0.05652305156586025,6
1,tv_l_vrn,616,0.0,0.0,6
1,tv_l_vca,1165,0.05836909871244635,0.23444007129316236,6
1,tv_l_yug,1177,0.012744265080713678,0.11216884054079448,6
1,tv_l_ova,1179,0.0016963528413910093,0.041151855710630035,6
1,tv_l_sup,1178,0.010186757215619695,0.10041407865956703,6
1,tv_l_pul,1178,0.0050933786078098476,0.07118592629282386,6
1,tv_l_ove,617,0.04700162074554295,0.2116423123877527,6
1,fr_antfa,876,0.11757990867579908,0.32211003360899804,6
1,fr_tvs_a,328,0.042682926829268296,0.20214127383232655,6
1,fr_viaje,13,0.0,0.0,6
1,fr_estro,19,0.0,0.0,6
1,fr_varic,38,0.23684210526315788,0.42514459003693444,6
1,fr_antec,1,0.0,0.0,6
1,ana_dime,235,1.5446808510638297,0.5310801961471556,6
1,ana_crea,56,0.9642857142857143,0.18557687223952257,6
1,ana_trop,1064,0.881578947368421,0.32310603046864933,6
1,tension_,81,132.59259259259258,20.283045147091634,6
1,ana_hemo,6,13.766666666666667,1.7384539747207064,6
1,ana_plaq,5,273.6,148.75832749799252,6
1,ana_leuc,16,7.668125,3.5434185801814326,6
1,ana_neu,1301,6.541332052267487,3.174718506837776,6
1,protcrea,1650,47.497592727272725,54.70588023073556,6
1,splanchnic,586,0.015358361774744027,0.12297350323683597,6
2,raza,532,2.930451127819549,0.5887840977615848,6
2,ant_inf,31,0.03225806451612903,0.17668469596940847,6
2,ant_isq,32,0.0625,0.24206145913796356,6
2,ant_clau,32,0.0,0.0,6
2,fum_act,42,0.40476190476190477,0.49084590781162624,6
2,diabetes,30,0.06666666666666667,0.24944382578492943,6
2,hip_art,31,0.2903225806451613,0.4539112025635577,6
2,insf_car,5,0.0,0.0,6
2,fibr_aur,241,0.02074688796680498,0.14253580113956568,6
2,trat_est,36,0.16666666666666666,0.37267799624996495,6
2,var171,27,0.037037037037037035,0.18885257457751053,6
2,tv_l_esu,450,0.011111111111111112,0.10482201257840673,6
2,tvp_orig,1608,0.277363184079602,0.4476972729387871,6
2,tv_l_ein,348,0.7729885057471264,0.418900078455413,6
2,tvp_prox,693,0.8585858585858586,0.3484482487002089,6
2,tv_l_svc,601,0.0033277870216306157,0.057590909483782954,6
2,tv_l_vre,624,0.004807692307692308,0.06917064697085652,6
2,tv_l_vrn,616,0.00487012987012987,0.06961617416360898,6
2,tv_l_vca,1165,0.05751072961373391,0.23281590493999738,6
2,tv_l_yug,1177,0.012744265080713678,0.11216884054079448,6
2,tv_l_ova,1179,0.006785411365564037,0.08209366332527812,6
2,tv_l_sup,1178,0.012733446519524618,0.11212183489070728,6
2,tv_l_pul,1178,0.006791171477079796,0.08212826229166605,6
2,tv_l_ove,617,0.06645056726094004,0.24906804165054844,6
2,fr_antfa,876,0.11986301369863013,0.32480128024026034,6
2,fr_tvs_a,328,0.036585365853658534,0.18774151607732503,6
2,fr_viaje,13,0.0,0.0,6
2,fr_estro,19,0.10526315789473684,0.3068922049918579,6
2,fr_varic,38,0.23684210526315788,0.42514459003693444,6
2,fr_antec,1,0.0,0.0,6
2,ana_dime,235,1.5446808510638297,0.5844832271543877,6
2,ana_crea,56,0.9464285714285714,0.22517000380211594,6
2,ana_trop,1064,0.881578947368421,0.32310603046864933,6
2,tension_,81,127.14814814814815,20.91376244327184,6
2,ana_hemo,6,14.299999999999999,0.9626352718795766,6
2,ana_plaq,5,234.2,76.83072302145803,6
2,ana_leuc,16,7.653124999999999,3.6843396944873312,6
2,ana_neu,1301,6.3354204458109145,3.1954697944973716,6
2,protcrea,1650,66.73603393939395,54.26155967251028,6
2,splanchnic,586,0.020477815699658702,0.14162794485492441,6
3,raza,532,2.9022556390977443,0.6840245967319932,6
3,ant_inf,31,0.06451612903225806,0.24567010018915833,6
3,ant_isq,32,0.0,0.0,6
3,ant_clau,32,0.0,0.0,6
3,fum_act,42,0.3333333333333333,0.47140452079103173,6
3,diabetes,30,0.16666666666666666,0.37267799624996495,6
3,hip_art,31,0.22580645161290322,0.4181123031230878,6
3,insf_car,5,0.0,0.0,6
3,fibr_aur,241,0.004149377593360996,0.06428188126485339,6
3,trat_est,36,0.1111111111111111,0.3142696805273545,6
3,var171,27,0.037037037037037035,0.18885257457751053,6
3,tv_l_esu,450,0.013333333333333334,0.11469767022723504,6
3,tvp_orig,1608,0.28171641791044777,0.4498358342664062,6
3,tv_l_ein,348,0.75,0.4330127018922193,6
3,tvp_prox,693,0.7907647907647908,0.40676262912355593,6
3,tv_l_svc,601,0.0066555740432612314,0.08130976188266634,6
3,tv_l_vre,624,0.004807692307692308,0.06917064697085652,6
3,tv_l_vrn,616,0.003246753246753247,0.05688771255823126,6
3,tv_l_vca,1165,0.06523605150214593,0.2469419143980124,6
3,tv_l_yug,1177,0.0076465590484282074,0.08710963886474968,6
3,tv_l_ova,1179,0.005089058524173028,0.07115588526264409,6
3,tv_l_sup,1178,0.008488964346349746,0.09174367460853171,6
3,tv_l_pul,1178,0.0025466893039049238,0.05040043330661255,6
3,tv_l_ove,617,0.05834683954619125,0.2343981353619569,6
3,fr_antfa,876,0.1278538812785388,0.33392703742067986,6
3,fr_tvs_a,328,0.07926829268292683,0.2701570477667771,6
3,fr_viaje,13,0.0,0.0,6
3,fr_estro,19,0.0,0.0,6
3,fr_varic,38,0.15789473684210525,0.3646422752776584,6
3,fr_antec,1,0.0,0.0,6
3,ana_dime,235,1.5659574468085107,0.5447140947301956,6
3,ana_crea,56,0.9107142857142857,0.2851557039762734,6
3,ana_trop,1064,0.8580827067669173,0.3489652921344441,6
3,tension_,81,128.80246913580248,18.065327101552423,6
3,ana_hemo,6,13.799999999999999,2.9467496217584097,6
3,ana_plaq,5,264.2,130.50731780248952,6
3,ana_leuc,16,8.121875,3.057276604165053,6
3,ana_neu,1301,6.554738662567256,3.118353702902674,6
3,protcrea,1650,45.43735636363637,52.02274428882894,6
3,splanchnic,586,0.027303754266211604,0.1629670496425027,6
4,raza,532,2.9323308270676693,0.7478841203493657,6
4,ant_inf,31,0.0,0.0,6
4,ant_isq,32,0.03125,0.17399263633843817,6
4,ant_clau,32,0.0,0.0,6
4,fum_act,42,0.21428571428571427,0.41032590332414487,6
4,diabetes,30,0.06666666666666667,0.24944382578492943,6
4,hip_art,31,0.41935483870967744,0.49345350131543086,6
4,insf_car,5,0.2,0.4,6
4,fibr_aur,241,0.012448132780082987,0.11087459930197002,6
4,trat_est,36,0.19444444444444445,0.39577241246597245,6
4,var171,27,0.14814814814814814,0.3552467795046459,6
4,tv_l_esu,450,0.013333333333333334,0.11469767022723505,6
4,tvp_orig,1608,0.21828358208955223,0.41308093623369496,6
4,tv_l_ein,348,0.7471264367816092,0.43465908968250666,6
4,tvp_prox,693,0.8528138528138528,0.3542913846858896,6
4,tv_l_svc,601,0.009983361064891847,0.09941676703021403,6
4,tv_l_vre,624,0.01282051282051282,0.11249954342810413,6
4,tv_l_vrn,616,0.011363636363636364,0.10599294378510019,6
4,tv_l_vca,1165,0.05836909871244635,0.23444007129316236,6
4,tv_l_yug,1177,0.0118946474086661,0.10841201396381128,6
4,tv_l_ova,1179,0.0,0.0,6
4,tv_l_sup,1178,0.0050933786078098476,0.07118592629282386,6
4,tv_l_pul,1178,0.0050933786078098476,0.07118592629282386,6
4,tv_l_ove,617,0.04376012965964344,0.20456094620385054,6
4,fr_antfa,876,0.15639269406392695,0.36322722820206343,6
4,fr_tvs_a,328,0.06402439024390244,0.2447963800749491,6
4,fr_viaje,13,0.0,0.0,6
4,fr_estro,19,0.0,0.0,6
4,fr_varic,38,0.18421052631578946,0.38765578585937455,6
4,fr_antec,1,0.0,0.0,6
4,ana_dime,235,1.4,0.5992903604849762,6
4,ana_crea,56,0.8392857142857143,0.36726721073577023,6
4,ana_trop,1064,0.8449248120300752,0.3619763445945291,6
4,tension_,81,133.33333333333334,23.6141828067293,6
4,ana_hemo,6,13.950000000000001,1.4338177476002079,6
4,ana_plaq,5,247.0,96.76156261656794,6
4,ana_leuc,16,7.963750000000001,3.075410287668948,6
4,ana_neu,1301,6.742717140661031,3.2299753701152167,6
4,protcrea,1650,54.18242060606061,56.58972576084225,6
4,splanchnic,586,0.02218430034129693,0.14728257588616536,6
5,raza,532,2.8740601503759398,0.7131446168220251,6
5,ant_inf,31,0.0,0.0,6
5,ant_isq,32,0.0,0.0,6
5,ant_clau,32,0.0,0.0,6
5,fum_act,42,0.2857142857142857,0.45175395145262554,6
5,diabetes,30,0.13333333333333333,0.33993463423951903,6
5,hip_art,31,0.25806451612903225,0.43756967633066246,6
5,insf_car,5,0.0,0.0,6
5,fibr_aur,241,0.012448132780082987,0.11087459930197002,6
5,trat_est,36,0.027777777777777776,0.16433554953054486,6
5,var171,27,0.037037037037037035,0.18885257457751053,6
5,tv_l_esu,450,0.013333333333333334,0.11469767022723505,6
5,tvp_orig,1608,0.24129353233830847,0.42786792774173915,6
5,tv_l_ein,348,0.7471264367816092,0.43465908968250666,6
5,tvp_prox,693,0.8744588744588745,0.33133148256541045,6
5,tv_l_svc,601,0.0066555740432612314,0.08130976188266634,6
5,tv_l_vre,624,0.008012820512820512,0.08915500670321233,6
5,tv_l_vrn,616,0.006493506493506494,0.0803202394600843,6
5,tv_l_vca,1165,0.06094420600858369,0.23922794519572124,6
5,tv_l_yug,1177,0.022090059473237042,0.146976490452405,6
5,tv_l_ova,1179,0.010178117048346057,0.10037192327387288,6
5,tv_l_sup,1178,0.011884550084889643,0.1083665425958095,6
5,tv_l_pul,1178,0.003395585738539898,0.05817263734808765,6
5,tv_l_ove,617,0.055105348460291734,0.2281857774519735,6
5,fr_antfa,876,0.09360730593607305,0.2912816132395993,6
5,fr_tvs_a,328,0.04573170731707317,0.20890265259909632,6
5,fr_viaje,13,0.0,0.0,6
5,fr_estro,19,0.0,0.0,6
5,fr_varic,38,0.23684210526315788,0.42514459003693444,6
5,fr_antec,1,0.0,0.0,6
5,ana_dime,235,1.5659574468085107,0.5601202742210651,6
5,ana_crea,56,0.9107142857142857,0.28515570397627343,6
5,ana_trop,1064,0.8580827067669173,0.3489652921344441,6
5,tension_,81,133.44444444444446,24.55832060852515,6
5,ana_hemo,6,14.183333333333335,1.462209135368657,6
5,ana_plaq,5,226.6,62.80955341347365,6
5,ana_leuc,16,7.875,2.638216727261049,6
5,ana_neu,1301,6.64523520368947,3.183933060551368,6
5,protcrea,1650,56.12596484848485,55.646215149955424,6
5,splanchnic,586,0.020477815699658702,0.14162794485492441,6
1,raza,532,2.9511278195488724,0.5251733034911018,7
1,ant_inf,31,0.03225806451612903,0.17668469596940847,7
1,ant_isq,32,0.0625,0.24206145913796356,7
1,ant_clau,32,0.0,0.0,7
1,fum_act,42,0.14285714285714285,0.34992710611188255,7
1,diabetes,30,0.06666666666666667,0.24944382578492943,7
1,hip_art,31,0.3548387096774194,0.47846441852230076,7
1,insf_car,5,0.0,0.0,7
1,fibr_aur,241,0.008298755186721992,0.09071871829491887,7
1,trat_est,36,0.19444444444444445,0.39577241246597245,7
1,var171,27,0.037037037037037035,0.18885257457751053,7
1,tv_l_esu,450,0.015555555555555555,0.12374805148734094,7
1,tvp_orig,1608,0.31032338308457713,0.4626259623016416,7
1,tv_l_ein,348,0.735632183908046,0.4409960021436984,7
1,tvp_prox,693,0.8643578643578643,0.3424081580228136,7
1,tv_l_svc,601,0.0033277870216306157,0.057590909483782954,7
1,tv_l_vre,624,0.009615384615384616,0.09758549581819442,7
1,tv_l_vrn,616,0.003246753246753247,0.05688771255823126,7
1,tv_l_vca,1165,0.03776824034334764,0.19063525477915874,7
1,tv_l_yug,1177,0.015293118096856415,0.12271608955524951,7
1,tv_l_ova,1179,0.005937234944868533,0.07682437234418492,7
1,tv_l_sup,1178,0.010186757215619695,0.10041407865956703,7
1,tv_l_pul,1178,0.0050933786078098476,0.07118592629282387,7
1,tv_l_ove,617,0.05348460291734198,0.224997778140399,7
1,fr_antfa,876,0.1278538812785388,0.33392703742067986,7
1,fr_tvs_a,328,0.09146341463414634,0.2882669915505564,7
1,fr_viaje,13,0.0,0.0,7
1,fr_estro,19,0.05263157894736842,0.22329687826943606,7
1,fr_varic,38,0.15789473684210525,0.3646422752776584,7
1,fr_antec,1,0.0,0.0,7
1,ana_dime,235,1.5617021276595744,0.5293726481730718,7
1,ana_crea,56,0.875,0.33071891388307384,7
1,ana_trop,1064,0.8768796992481203,0.3285752460162609,7
1,tension_,81,132.55555555555554,20.5498490577497,7
1,ana_hemo,6,14.783333333333337,2.4210305427418484,7
1,ana_plaq,5,336.2,209.43485860763485,7
1,ana_leuc,16,9.893125,4.190858681031251,7
1,ana_neu,1301,6.687142966948501,3.234996350256172,7
1,protcrea,1650,49.353918787878776,49.90614275137558,7
1,splanchnic,586,0.015358361774744027,0.12297350323683597,7
2,raza,532,2.8778195488721803,0.5833824605324875,7
2,ant_inf,31,0.0,0.0,7
2,ant_isq,32,0.0,0.0,7
2,ant_clau,32,0.03125,0.17399263633843817,7
2,fum_act,42,0.23809523809523808,0.4259177099999599,7
2,diabetes,30,0.03333333333333333,0.1795054935711501,7
2,hip_art,31,0.22580645161290322,0.4181123031230877,7
2,insf_car,5,0.0,0.0,7
2,fibr_aur,241,0.0,0.0,7
2,trat_est,36,0.05555555555555555,0.2290614236454256,7
2,var171,27,0.0,0.0,7
2,tv_l_esu,450,0.017777777777777778,0.1321428333094978,7
2,tvp_orig,1608,0.3880597014925373,0.4873082900690899,7
2,tv_l_ein,348,0.7701149425287356,0.4207587406373133,7
2,tvp_prox,693,0.8917748917748918,0.3106645042079507,7
2,tv_l_svc,601,0.013311148086522463,0.11460349655722171,7
2,tv_l_vre,624,0.00641025641025641,0.07980704870505599,7
2,tv_l_vrn,616,0.008116883116883116,0.08972736107425636,7
2,tv_l_vca,1165,0.0592274678111588,0.2360499414696749,7
2,tv_l_yug,1177,0.02463891248937978,0.15502205159499233,7
2,tv_l_ova,1179,0.005937234944868533,0.0768243723441849,7
2,tv_l_sup,1178,0.013582342954159592,0.1157491378543926,7
2,tv_l_pul,1178,0.0050933786078098476,0.07118592629282387,7
2,tv_l_ove,617,0.05834683954619125,0.2343981353619569,7
2,fr_antfa,876,0.1461187214611872,0.35322519827970256,7
2,fr_tvs_a,328,0.04573170731707317,0.2089026525990963,7
2,fr_viaje,13,0.0,0.0,7
2,fr_estro,19,0.0,0.0,7
2,fr_varic,38,0.2631578947368421,0.44034738238635557,7
2,fr_antec,1,0.0,0.0,7
2,ana_dime,235,1.5319148936170213,0.5705937120633781,7
2,ana_crea,56,0.8928571428571429,0.30929478706587094,7
2,ana_trop,1064,0.8646616541353384,0.3420846064985662,7
2,tension_,81,131.34567901234567,18.993930475531194,7
2,ana_hemo,6,12.85,2.954516316872639,7
2,ana_plaq,5,258.0,126.29014213310555,7
2,ana_leuc,16,9.418125,4.534546860974644,7
2,ana_neu,1301,6.191261337432744,3.192878277023291,7
2,protcrea,1650,63.434306666666664,54.416015739713465,7
2,splanchnic,586,0.015358361774744027,0.12297350323683597,7
3,raza,532,2.9078947368421053,0.54924220198239,7
3,ant_inf,31,0.03225806451612903,0.17668469596940847,7
3,ant_isq,32,0.03125,0.17399263633843817,7
3,ant_clau,32,0.03125,0.17399263633843817,7
3,fum_act,42,0.23809523809523808,0.4259177099999599,7
3,diabetes,30,0.03333333333333333,0.17950549357115012,7
3,hip_art,31,0.16129032258064516,0.3677985242255284,7
3,insf_car,5,0.0,0.0,7
3,fibr_aur,241,0.012448132780082987,0.11087459930197004,7
3,trat_est,36,0.1111111111111111,0.31426968052735443,7
3,var171,27,0.0,0.0,7
3,tv_l_esu,450,0.008888888888888889,0.09386094258641277,7
3,tvp_orig,1608,0.26430348258706465,0.4409616215493292,7
3,tv_l_ein,348,0.7614942528735632,0.4261698672056683,7
3,tvp_prox,693,0.8787878787878788,0.3263736246748184,7
3,tv_l_svc,601,0.014975041597337771,0.12145282922392452,7
3,tv_l_vre,624,0.009615384615384616,0.09758549581819442,7
3,tv_l_vrn,616,0.003246753246753247,0.05688771255823126,7
3,tv_l_vca,1165,0.06351931330472103,0.24389467017960376,7
3,tv_l_yug,1177,0.01954120645709431,0.1384172955497091,7
3,tv_l_ova,1179,0.007633587786259542,0.0870362919923006,7
3,tv_l_sup,1178,0.0050933786078098476,0.07118592629282387,7
3,tv_l_pul,1178,0.00933786078098472,0.0961803781289077,7
3,tv_l_ove,617,0.03727714748784441,0.1894401271193986,7
3,fr_antfa,876,0.16095890410958905,0.367493041155107,7
3,fr_tvs_a,328,0.042682926829268296,0.20214127383232655,7
3,fr_viaje,13,0.07692307692307693,0.26646935501059654,7
3,fr_estro,19,0.05263157894736842,0.22329687826943606,7
3,fr_varic,38,0.13157894736842105,0.33803243628066115,7
3,fr_antec,1,0.0,0.0,7
3,ana_dime,235,1.5829787234042554,0.510035104730983,7
3,ana_crea,56,0.8571428571428571,0.3499271061118826,7
3,ana_trop,1064,0.856203007518797,0.35088376627390994,7
3,tension_,81,134.5679012345679,25.459208851578047,7
3,ana_hemo,6,14.733333333333334,1.7754498647447698,7
3,ana_plaq,5,230.6,94.31564027243839,7
3,ana_leuc,16,9.53875,4.450268074790551,7
3,ana_neu,1301,6.526021521906226,3.1194964575477355,7
3,protcrea,1650,32.30661454545455,36.64502661051516,7
3,splanchnic,586,0.015358361774744027,0.12297350323683597,7
4,raza,532,2.9154135338345863,0.5994885179259949,7
4,ant_inf,31,0.06451612903225806,0.24567010018915833,7
4,ant_isq,32,0.0625,0.24206145913796356,7
4,ant_clau,32,0.03125,0.17399263633843817,7
4,fum_act,42,0.23809523809523808,0.4259177099999599,7
4,diabetes,30,0.03333333333333333,0.17950549357115012,7
4,hip_art,31,0.25806451612903225,0.4375696763306625,7
4,insf_car,5,0.0,0.0,7
4,fibr_aur,241,0.029045643153526972,0.1679344924883657,7
4,trat_est,36,0.2777777777777778,0.44790320823880836,7
4,var171,27,0.037037037037037035,0.18885257457751053,7
4,tv_l_esu,450,0.008888888888888889,0.09386094258641277,7
4,tvp_orig,1608,0.18034825870646767,0.3844772610805647,7
4,tv_l_ein,348,0.7557471264367817,0.4296433489760186,7
4,tvp_prox,693,0.862914862914863,0.3439372068786485,7
4,tv_l_svc,601,0.009983361064891847,0.09941676703021403,7
4,tv_l_vre,624,0.004807692307692308,0.06917064697085652,7
4,tv_l_vrn,616,0.00487012987012987,0.06961617416360898,7
4,tv_l_vca,1165,0.050643776824034335,0.2192692059844057,7
4,tv_l_yug,1177,0.020390824129141887,0.1413330761728347,7
4,tv_l_ova,1179,0.005937234944868533,0.0768243723441849,7
4,tv_l_sup,1178,0.0050933786078098476,0.07118592629282386,7
4,tv_l_pul,1178,0.003395585738539898,0.05817263734808765,7
4,tv_l_ove,617,0.04862236628849271,0.21507726933593044,7
4,fr_antfa,876,0.13812785388127855,0.3450341285488013,7
4,fr_tvs_a,328,0.042682926829268296,0.20214127383232655,7
4,fr_viaje,13,0.07692307692307693,0.26646935501059654,7
4,fr_estro,19,0.0,0.0,7
4,fr_varic,38,0.15789473684210525,0.36464227527765836,7
4,fr_antec,1,0.0,0.0,7
4,ana_dime,235,1.5659574468085107,0.5125142844899517,7
4,ana_crea,56,0.9107142857142857,0.2851557039762734,7
4,ana_trop,1064,0.8458646616541353,0.36107843444170196,7
4,tension_,81,132.76543209876544,21.21859864639968,7
4,ana_hemo,6,13.233333333333333,1.6193277068654823,7
4,ana_plaq,5,398.0,131.0923338719698,7
4,ana_leuc,16,9.49875,4.573913634678731,7
4,ana_neu,1301,6.5402190622598,3.220104951308004,7
4,protcrea,1650,52.27364606060606,50.8430386143013,7
4,splanchnic,586,0.008532423208191127,0.09197619780349396,7
5,raza,532,2.9473684210526314,0.6290676891233651,7
5,ant_inf,31,0.03225806451612903,0.17668469596940847,7
5,ant_isq,32,0.0,0.0,7
5,ant_clau,32,0.0,0.0,7
5,fum_act,42,0.35714285714285715,0.4791574237499549,7
5,diabetes,30,0.16666666666666666,0.3726779962499649,7
5,hip_art,31,0.3870967741935484,0.4870860925981129,7
5,insf_car,5,0.0,0.0,7
5,fibr_aur,241,0.02074688796680498,0.14253580113956568,7
5,trat_est,36,0.19444444444444445,0.39577241246597245,7
5,var171,27,0.037037037037037035,0.18885257457751053,7
5,tv_l_esu,450,0.008888888888888889,0.09386094258641278,7
5,tvp_orig,1608,0.19465174129353233,0.39593236910478546,7
5,tv_l_ein,348,0.7902298850574713,0.4071444630834699,7
5,tvp_prox,693,0.84992784992785,0.35714212835350595,7
5,tv_l_svc,601,0.0033277870216306157,0.057590909483782954,7
5,tv_l_vre,624,0.004807692307692308,0.06917064697085651,7
5,tv_l_vrn,616,0.006493506493506494,0.0803202394600843,7
5,tv_l_vca,1165,0.05150214592274678,0.22101962557225294,7
5,tv_l_yug,1177,0.03058623619371283,0.17219383946359768,7
5,tv_l_ova,1179,0.005089058524173028,0.07115588526264409,7
5,tv_l_sup,1178,0.005942275042444821,0.07685677855443043,7
5,tv_l_pul,1178,0.0008488964346349745,0.029123458061814,7
5,tv_l_ove,617,0.05186385737439222,0.22175210860923264,7
5,fr_antfa,876,0.14269406392694065,0.34976058675464683,7
5,fr_tvs_a,328,0.0701219512195122,0.25535242935339497,7
5,fr_viaje,13,0.0,0.0,7
5,fr_estro,19,0.0,0.0,7
5,fr_varic,38,0.13157894736842105,0.33803243628066115,7
5,fr_antec,1,0.0,0.0,7
5,ana_dime,235,1.5191489361702128,0.5930944088574914,7
5,ana_crea,56,0.9464285714285714,0.22517000380211594,7
5,ana_trop,1064,0.8721804511278195,0.33388877159660924,7
5,tension_,81,128.20987654320987,19.280077384060878,7
5,ana_hemo,6,13.283333333333331,1.3813238416662317,7
5,ana_plaq,5,315.0,75.93154812065931,7
5,ana_leuc,16,9.69875,4.714855346402475,7
5,ana_neu,1301,6.432807840122983,3.17599276979005,7
5,protcrea,1650,48.790649696969695,50.98110464535187,7
5,splanchnic,586,0.017064846416382253,0.12951307823215205,7
1,raza,532,2.8289473684210527,0.8729801719905003,8
1,ant_inf,31,0.03225806451612903,0.17668469596940847,8
1,ant_isq,32,0.03125,0.17399263633843817,8
1,ant_clau,32,0.03125,0.17399263633843817,8
1,fum_act,42,0.23809523809523808,0.4259177099999599,8
1,diabetes,30,0.03333333333333333,0.1795054935711501,8
1,hip_art,31,0.2903225806451613,0.4539112025635577,8
1,insf_car,5,0.0,0.0,8
1,fibr_aur,241,0.016597510373443983,0.12775771218539964,8
1,trat_est,36,0.16666666666666666,0.37267799624996495,8
1,var171,27,0.0,0.0,8
1,tv_l_esu,450,0.011111111111111112,0.10482201257840672,8
1,tvp_orig,1608,0.15111940298507462,0.35816522587558564,8
1,tv_l_ein,348,0.7011494252873564,0.45775420118942245,8
1,tvp_prox,693,0.8816738816738817,0.3229938823692978,8
1,tv_l_svc,601,0.0033277870216306157,0.057590909483782954,8
1,tv_l_vre,624,0.00641025641025641,0.07980704870505599,8
1,tv_l_vrn,616,0.01461038961038961,0.11998719150735311,8
1,tv_l_vca,1165,0.0815450643776824,0.2736703616640319,8
1,tv_l_yug,1177,0.01784197111299915,0.13237686799362663,8
1,tv_l_ova,1179,0.005937234944868533,0.0768243723441849,8
1,tv_l_sup,1178,0.013582342954159592,0.1157491378543926,8
1,tv_l_pul,1178,0.003395585738539898,0.05817263734808765,8
1,tv_l_ove,617,0.04051863857374392,0.1971722051960525,8
1,fr_antfa,876,0.1689497716894977,0.37470754774298887,8
1,fr_tvs_a,328,0.051829268292682924,0.2216821942351889,8
1,fr_viaje,13,0.0,0.0,8
1,fr_estro,19,0.0,0.0,8
1,fr_varic,38,0.10526315789473684,0.3068922049918579,8
1,fr_antec,1,0.0,0.0,8
1,ana_dime,235,1.5617021276595744,0.5452125064867054,8
1,ana_crea,56,0.9107142857142857,0.2851557039762734,8
1,ana_trop,1064,0.8843984962406015,0.31974645594277395,8
1,tension_,81,129.12345679012347,22.775004013252964,8
1,ana_hemo,6,13.35,1.4818344486930153,8
1,ana_plaq,5,194.4,70.32097837772167,8
1,ana_leuc,16,8.871875,2.45983286716293,8
1,ana_neu,1301,6.8459761721752495,3.2052186069623447,8
1,protcrea,1650,59.556369696969696,58.599031849249734,8
1,splanchnic,586,0.017064846416382253,0.12951307823215205,8
2,raza,532,2.8684210526315788,0.6471299762592735,8
2,ant_inf,31,0.03225806451612903,0.17668469596940847,8
2,ant_isq,32,0.0,0.0,8
2,ant_clau,32,0.0,0.0,8
2,fum_act,42,0.30952380952380953,0.46229732949875235,8
2,diabetes,30,0.13333333333333333,0.33993463423951903,8
2,hip_art,31,0.3548387096774194,0.47846441852230076,8
2,insf_car,5,0.0,0.0,8
2,fibr_aur,241,0.012448132780082987,0.11087459930197004,8
2,trat_est,36,0.2222222222222222,0.41573970964154905,8
2,var171,27,0.0,0.0,8
2,tv_l_esu,450,0.017777777777777778,0.1321428333094978,8
2,tvp_orig,1608,0.22139303482587064,0.41518448785625583,8
2,tv_l_ein,348,0.7844827586206896,0.41118069026592485,8
2,tvp_prox,693,0.8672438672438673,0.3393109812130589,8
2,tv_l_svc,601,0.009983361064891847,0.09941676703021403,8
2,tv_l_vre,624,0.011217948717948718,0.1053190692349215,8
2,tv_l_vrn,616,0.00487012987012987,0.06961617416360898,8
2,tv_l_vca,1165,0.06609442060085836,0.24844707316910616,8
2,tv_l_yug,1177,0.015293118096856415,0.1227160895552495,8
2,tv_l_ova,1179,0.002544529262086514,0.050379109092171324,8
2,tv_l_sup,1178,0.007640067911714771,0.08707294226118215,8
2,tv_l_pul,1178,0.005942275042444821,0.07685677855443043,8
2,tv_l_ove,617,0.05186385737439222,0.22175210860923264,8
2,fr_antfa,876,0.11986301369863013,0.32480128024026034,8
2,fr_tvs_a,328,0.039634146341463415,0.1950981311680019,8
2,fr_viaje,13,0.0,0.0,8
2,fr_estro,19,0.0,0.0,8
2,fr_varic,38,0.13157894736842105,0.3380324362806613,8
2,fr_antec,1,0.0,0.0,8
2,ana_dime,235,1.5659574468085107,0.5524708890933611,8
2,ana_crea,56,0.9285714285714286,0.25753937681885636,8
2,ana_trop,1064,0.8853383458646616,0.3186131811559063,8
2,tension_,81,131.76543209876544,17.901149425084878,8
2,ana_hemo,6,12.533333333333333,2.7108834148463274,8
2,ana_plaq,5,337.8,320.8135907345573,8
2,ana_leuc,16,8.178125,2.9133318956780396,8
2,ana_neu,1301,6.541085318985397,3.1990370680237517,8
2,protcrea,1650,55.07176363636364,56.421603008431994,8
2,splanchnic,586,0.008532423208191127,0.09197619780349395,8
3,raza,532,2.9342105263157894,0.5322271414675888,8
3,ant_inf,31,0.06451612903225806,0.2456701001891583,8
3,ant_isq,32,0.0,0.0,8
3,ant_clau,32,0.03125,0.17399263633843817,8
3,fum_act,42,0.2619047619047619,0.43967107887189016,8
3,diabetes,30,0.1,0.3,8
3,hip_art,31,0.25806451612903225,0.4375696763306625,8
3,insf_car,5,0.0,0.0,8
3,fibr_aur,241,0.02074688796680498,0.14253580113956568,8
3,trat_est,36,0.19444444444444445,0.39577241246597245,8
3,var171,27,0.037037037037037035,0.18885257457751053,8
3,tv_l_esu,450,0.013333333333333334,0.11469767022723505,8
3,tvp_orig,1608,0.30659203980099503,0.46107847589283557,8
3,tv_l_ein,348,0.7327586206896551,0.44251940578312404,8
3,tvp_prox,693,0.862914862914863,0.3439372068786485,8
3,tv_l_svc,601,0.004991680532445923,0.07047526983210439,8
3,tv_l_vre,624,0.004807692307692308,0.06917064697085652,8
3,tv_l_vrn,616,0.003246753246753247,0.05688771255823126,8
3,tv_l_vca,1165,0.07896995708154507,0.2696918666924978,8
3,tv_l_yug,1177,0.02463891248937978,0.1550220515949923,8
3,tv_l_ova,1179,0.006785411365564037,0.08209366332527812,8
3,tv_l_sup,1178,0.004244482173174873,0.06501128013088553,8
3,tv_l_pul,1178,0.008488964346349746,0.09174367460853172,8
3,tv_l_ove,617,0.04051863857374392,0.1971722051960525,8
3,fr_antfa,876,0.16552511415525115,0.3716538049571701,8
3,fr_tvs_a,328,0.04878048780487805,0.2154088016177524,8
3,fr_viaje,13,0.15384615384615385,0.36080121229410994,8
3,fr_estro,19,0.05263157894736842,0.22329687826943606,8
3,fr_varic,38,0.21052631578947367,0.4076824574955175,8
3,fr_antec,1,0.0,0.0,8
3,ana_dime,235,1.4085106382978723,0.6283479816606713,8
3,ana_crea,56,0.875,0.33071891388307384,8
3,ana_trop,1064,0.868421052631579,0.3380324362806613,8
3,tension_,81,128.71604938271605,18.907986794990542,8
3,ana_hemo,6,13.816666666666668,2.307535963364866,8
3,ana_plaq,5,211.2,18.69117438792972,8
3,ana_leuc,16,8.155625,3.224445628224331,8
3,ana_neu,1301,6.61435434281322,3.201366041733627,8
3,protcrea,1650,49.099000000000004,48.53065832652655,8
3,splanchnic,586,0.01877133105802048,0.13571649932241353,8
4,raza,532,2.9530075187969924,0.5748899665394049,8
4,ant_inf,31,0.0,0.0,8
4,ant_isq,32,0.0625,0.24206145913796356,8
4,ant_clau,32,0.03125,0.17399263633843817,8
4,fum_act,42,0.23809523809523808,0.4259177099999599,8
4,diabetes,30,0.06666666666666667,0.24944382578492943,8
4,hip_art,31,0.25806451612903225,0.4375696763306625,8
4,insf_car,5,0.0,0.0,8
4,fibr_aur,241,0.029045643153526972,0.16793449248836567,8
4,trat_est,36,0.1388888888888889,0.34583054438857597,8
4,var171,27,0.07407407407407407,0.2618914004394621,8
4,tv_l_esu,450,0.011111111111111112,0.10482201257840673,8
4,tvp_orig,1608,0.30783582089552236,0.46159823252380666,8
4,tv_l_ein,348,0.7442528735632183,0.43628033849362324,8
4,tvp_prox,693,0.8513708513708513,0.35572253907634677,8
4,tv_l_svc,601,0.004991680532445923,0.07047526983210439,8
4,tv_l_vre,624,0.00641025641025641,0.07980704870505599,8
4,tv_l_vrn,616,0.01461038961038961,0.11998719150735312,8
4,tv_l_vca,1165,0.04721030042918455,0.21208839657692424,8
4,tv_l_yug,1177,0.012744265080713678,0.11216884054079448,8
4,tv_l_ova,1179,0.008481764206955046,0.09170509191365912,8
4,tv_l_sup,1178,0.01697792869269949,0.12918853908147232,8
4,tv_l_pul,1178,0.003395585738539898,0.05817263734808765,8
4,tv_l_ove,617,0.05834683954619125,0.23439813536195692,8
4,fr_antfa,876,0.12899543378995434,0.33519488637402545,8
4,fr_tvs_a,328,0.051829268292682924,0.2216821942351889,8
4,fr_viaje,13,0.07692307692307693,0.26646935501059654,8
4,fr_estro,19,0.05263157894736842,0.22329687826943606,8
4,fr_varic,38,0.13157894736842105,0.33803243628066115,8
4,fr_antec,1,0.0,0.0,8
4,ana_dime,235,1.4808510638297872,0.5785669375467911,8
4,ana_crea,56,0.8392857142857143,0.36726721073577023,8
4,ana_trop,1064,0.868421052631579,0.3380324362806613,8
4,tension_,81,137.90123456790124,22.533708597725326,8
4,ana_hemo,6,13.883333333333333,2.2952245109260123,8
4,ana_plaq,5,206.8,76.00894684180277,8
4,ana_leuc,16,8.419375,3.0183283219979566,8
4,ana_neu,1301,6.6811706379707925,3.2029038875569253,8
4,protcrea,1650,56.15412727272727,62.26023196908608,8
4,splanchnic,586,0.03583617747440273,0.18588153716393097,8
5,raza,532,2.9285714285714284,0.6058699615523888,8
5,ant_inf,31,0.03225806451612903,0.17668469596940847,8
5,ant_isq,32,0.03125,0.17399263633843817,8
5,ant_clau,32,0.0,0.0,8
5,fum_act,42,0.23809523809523808,0.4259177099999599,8
5,diabetes,30,0.13333333333333333,0.33993463423951903,8
5,hip_art,31,0.3225806451612903,0.4674637660061109,8
5,insf_car,5,0.0,0.0,8
5,fibr_aur,241,0.008298755186721992,0.09071871829491887,8
5,trat_est,36,0.19444444444444445,0.39577241246597245,8
5,var171,27,0.037037037037037035,0.18885257457751053,8
5,tv_l_esu,450,0.008888888888888889,0.09386094258641278,8
5,tvp_orig,1608,0.31281094527363185,0.4636380676677108,8
5,tv_l_ein,348,0.7816091954022989,0.4131540403588834,8
5,tvp_prox,693,0.8816738816738817,0.3229938823692978,8
5,tv_l_svc,601,0.0033277870216306157,0.057590909483782954,8
5,tv_l_vre,624,0.009615384615384616,0.09758549581819442,8
5,tv_l_vrn,616,0.00487012987012987,0.06961617416360898,8
5,tv_l_vca,1165,0.05665236051502146,0.2311771410911933,8
5,tv_l_yug,1177,0.021240441801189464,0.14418490015698507,8
5,tv_l_ova,1179,0.006785411365564037,0.08209366332527814,8
5,tv_l_sup,1178,0.001697792869269949,0.041169289144251754,8
5,tv_l_pul,1178,0.0050933786078098476,0.07118592629282386,8
5,tv_l_ove,617,0.03079416531604538,0.17275961535767972,8
5,fr_antfa,876,0.1415525114155251,0.34859058783547603,8
5,fr_tvs_a,328,0.039634146341463415,0.1950981311680019,8
5,fr_viaje,13,0.15384615384615385,0.36080121229410994,8
5,fr_estro,19,0.05263157894736842,0.22329687826943606,8
5,fr_varic,38,0.18421052631578946,0.38765578585937455,8
5,fr_antec,1,0.0,0.0,8
5,ana_dime,235,1.4638297872340424,0.5923000719930173,8
5,ana_crea,56,0.9464285714285714,0.22517000380211594,8
5,ana_trop,1064,0.8336466165413534,0.37239755003290115,8
5,tension_,81,129.2962962962963,22.239684497076222,8
5,ana_hemo,6,14.266666666666666,1.341226635915381,8
5,ana_plaq,5,229.6,89.2381084514906,8
5,ana_leuc,16,8.606874999999999,3.650427575555362,8
5,ana_neu,1301,6.6249892390468865,3.118628489502028,8
5,protcrea,1650,36.03750303030303,33.766626797479994,8
5,splanchnic,586,0.020477815699658702,0.14162794485492441,8
1,raza,532,2.9097744360902253,0.5907640855367059,9
1,ant_inf,31,0.03225806451612903,0.17668469596940847,9
1,ant_isq,32,0.0625,0.24206145913796356,9
1,ant_clau,32,0.03125,0.17399263633843817,9
1,fum_act,42,0.35714285714285715,0.4791574237499549,9
1,diabetes,30,0.03333333333333333,0.1795054935711501,9
1,hip_art,31,0.25806451612903225,0.43756967633066257,9
1,insf_car,5,0.0,0.0,9
1,fibr_aur,241,0.012448132780082987,0.11087459930197002,9
1,trat_est,36,0.08333333333333333,0.27638539919628335,9
1,var171,27,0.0,0.0,9
1,tv_l_esu,450,0.017777777777777778,0.1321428333094978,9
1,tvp_orig,1608,0.2537313432835821,0.4351456637944254,9
1,tv_l_ein,348,0.7902298850574713,0.4071444630834699,9
1,tvp_prox,693,0.8701298701298701,0.33616049624791644,9
1,tv_l_svc,601,0.013311148086522463,0.11460349655722171,9
1,tv_l_vre,624,0.008012820512820512,0.08915500670321233,9
1,tv_l_vrn,616,0.006493506493506494,0.0803202394600843,9
1,tv_l_vca,1165,0.06695278969957082,0.2499402201547719,9
1,tv_l_yug,1177,0.014443500424808835,0.11931004031634297,9
1,tv_l_ova,1179,0.0033927056827820186,0.05814804580492828,9
1,tv_l_sup,1178,0.003395585738539898,0.058172637348087655,9
1,tv_l_pul,1178,0.0050933786078098476,0.07118592629282387,9
1,tv_l_ove,617,0.050243111831442464,0.21844619828446463,9
1,fr_antfa,876,0.1506849315068493,0.35774150293700263,9
1,fr_tvs_a,328,0.039634146341463415,0.1950981311680019,9
1,fr_viaje,13,0.15384615384615385,0.36080121229411,9
1,fr_estro,19,0.0,0.0,9
1,fr_varic,38,0.15789473684210525,0.3646422752776584,9
1,fr_antec,1,0.0,0.0,9
1,ana_dime,235,1.5404255319148936,0.5625396721586635,9
1,ana_crea,56,0.9464285714285714,0.22517000380211594,9
1,ana_trop,1064,0.8656015037593985,0.3410799619574075,9
1,tension_,81,130.2962962962963,22.10214471713987,9
1,ana_hemo,6,13.950000000000001,2.4533990027442885,9
1,ana_plaq,5,305.4,95.39098489899347,9
1,ana_leuc,16,7.97125,2.5484698227563927,9
1,ana_neu,1301,6.401000768639509,3.1036781555123896,9
1,protcrea,1650,61.340393939393934,45.46054459141291,9
1,splanchnic,586,0.008532423208191127,0.09197619780349395,9
2,raza,532,2.9078947368421053,0.5353778128139998,9
2,ant_inf,31,0.03225806451612903,0.17668469596940847,9
2,ant_isq,32,0.0,0.0,9
2,ant_clau,32,0.0,0.0,9
2,fum_act,42,0.2619047619047619,0.43967107887189016,9
2,diabetes,30,0.03333333333333333,0.1795054935711501,9
2,hip_art,31,0.25806451612903225,0.43756967633066257,9
2,insf_car,5,0.0,0.0,9
2,fibr_aur,241,0.0,0.0,9
2,trat_est,36,0.1111111111111111,0.31426968052735443,9
2,var171,27,0.07407407407407407,0.2618914004394621,9
2,tv_l_esu,450,0.0044444444444444444,0.06651835354264785,9
2,tvp_orig,1608,0.1927860696517413,0.39448650293764836,9
2,tv_l_ein,348,0.7298850574712644,0.4440189864762919,9
2,tvp_prox,693,0.8975468975468975,0.30324324271257314,9
2,tv_l_svc,601,0.0033277870216306157,0.05759090948378296,9
2,tv_l_vre,624,0.01282051282051282,0.11249954342810413,9
2,tv_l_vrn,616,0.0016233766233766235,0.04025843106375729,9
2,tv_l_vca,1165,0.08755364806866953,0.28264466522214265,9
2,tv_l_yug,1177,0.01954120645709431,0.1384172955497091,9
2,tv_l_ova,1179,0.0,0.0,9
2,tv_l_sup,1178,0.007640067911714771,0.08707294226118215,9
2,tv_l_pul,1178,0.014431239388794566,0.11926013046487023,9
2,tv_l_ove,617,0.04538087520259319,0.20813805843343466,9
2,fr_antfa,876,0.1632420091324201,0.3695863303571048,9
2,fr_tvs_a,328,0.051829268292682924,0.2216821942351889,9
2,fr_viaje,13,0.0,0.0,9
2,fr_estro,19,0.0,0.0,9
2,fr_varic,38,0.15789473684210525,0.3646422752776584,9
2,fr_antec,1,0.0,0.0,9
2,ana_dime,235,1.5872340425531914,0.5338009116788672,9
2,ana_crea,56,0.8928571428571429,0.30929478706587094,9
2,ana_trop,1064,0.8646616541353384,0.3420846064985662,9
2,tension_,81,133.88888888888889,22.68517762660494,9
2,ana_hemo,6,14.733333333333334,1.8794207145347268,9
2,ana_plaq,5,294.8,227.50068131766113,9
2,ana_leuc,16,7.120625,2.9355865443510605,9
2,ana_neu,1301,6.668558032282861,3.1268270439371633,9
2,protcrea,1650,52.34445212121212,48.05882175734937,9
2,splanchnic,586,0.023890784982935155,0.1527089236941781,9
3,raza,532,2.862781954887218,0.7057538532154886,9
3,ant_inf,31,0.03225806451612903,0.17668469596940847,9
3,ant_isq,32,0.0,0.0,9
3,ant_clau,32,0.03125,0.17399263633843817,9
3,fum_act,42,0.2619047619047619,0.43967107887189016,9
3,diabetes,30,0.03333333333333333,0.17950549357115012,9
3,hip_art,31,0.16129032258064516,0.3677985242255284,9
3,insf_car,5,0.0,0.0,9
3,fibr_aur,241,0.0,0.0,9
3,trat_est,36,0.08333333333333333,0.27638539919628335,9
3,var171,27,0.037037037037037035,0.18885257457751053,9
3,tv_l_esu,450,0.02,0.13999999999999999,9
3,tvp_orig,1608,0.1896766169154229,0.39204514779670824,9
3,tv_l_ein,348,0.7729885057471264,0.418900078455413,9
3,tvp_prox,693,0.8686868686868687,0.33774249489495933,9
3,tv_l_svc,601,0.011647254575707155,0.1072921061241498,9
3,tv_l_vre,624,0.008012820512820512,0.08915500670321233,9
3,tv_l_vrn,616,0.012987012987012988,0.11321815437767983,9
3,tv_l_vca,1165,0.08412017167381974,0.27756795274560575,9
3,tv_l_yug,1177,0.027187765505522515,0.1626302275480768,9
3,tv_l_ova,1179,0.0008481764206955047,0.02911111501565821,9
3,tv_l_sup,1178,0.00933786078098472,0.0961803781289077,9
3,tv_l_pul,1178,0.0025466893039049238,0.05040043330661255,9
3,tv_l_ove,617,0.05348460291734198,0.224997778140399,9
3,fr_antfa,876,0.1815068493150685,0.38543756039958726,9
3,fr_tvs_a,328,0.07926829268292683,0.2701570477667771,9
3,fr_viaje,13,0.0,0.0,9
3,fr_estro,19,0.0,0.0,9
3,fr_varic,38,0.15789473684210525,0.3646422752776584,9
3,fr_antec,1,0.0,0.0,9
3,ana_dime,235,1.5659574468085107,0.5368452353331118,9
3,ana_crea,56,0.9107142857142857,0.2851557039762734,9
3,ana_trop,1064,0.8571428571428571,0.3499271061118826,9
3,tension_,81,134.679012345679,23.112621297076405,9
3,ana_hemo,6,12.333333333333334,2.518376902336547,9
3,ana_plaq,5,403.4,334.5161281612592,9
3,ana_leuc,16,7.57625,2.811511770827218,9
3,ana_neu,1301,6.578426594926979,3.081675847303761,9
3,protcrea,1650,62.20958545454545,46.32523554519555,9
3,splanchnic,586,0.020477815699658702,0.14162794485492441,9
4,raza,532,2.892857142857143,0.681237343322943,9
4,ant_inf,31,0.03225806451612903,0.17668469596940847,9
4,ant_isq,32,0.0,0.0,9
4,ant_clau,32,0.0625,0.24206145913796356,9
4,fum_act,42,0.23809523809523808,0.4259177099999599,9
4,diabetes,30,0.13333333333333333,0.33993463423951903,9
4,hip_art,31,0.22580645161290322,0.4181123031230878,9
4,insf_car,5,0.2,0.4,9
4,fibr_aur,241,0.012448132780082987,0.11087459930197004,9
4,trat_est,36,0.1388888888888889,0.34583054438857597,9
4,var171,27,0.0,0.0,9
4,tv_l_esu,450,0.011111111111111112,0.10482201257840673,9
4,tvp_orig,1608,0.24004975124378108,0.4271134137106675,9
4,tv_l_ein,348,0.7787356321839081,0.41509811773969435,9
4,tvp_prox,693,0.8946608946608947,0.30698986664947464,9
4,tv_l_svc,601,0.011647254575707155,0.1072921061241498,9
4,tv_l_vre,624,0.009615384615384616,0.09758549581819442,9
4,tv_l_vrn,616,0.0016233766233766235,0.04025843106375729,9
4,tv_l_vca,1165,0.05665236051502146,0.23117714109119328,9
4,tv_l_yug,1177,0.009345794392523364,0.09622084243913083,9
4,tv_l_ova,1179,0.0033927056827820186,0.05814804580492828,9
4,tv_l_sup,1178,0.004244482173174873,0.06501128013088553,9
4,tv_l_pul,1178,0.003395585738539898,0.05817263734808765,9
4,tv_l_ove,617,0.05186385737439222,0.22175210860923264,9
4,fr_antfa,876,0.15753424657534246,0.3643037300540329,9
4,fr_tvs_a,328,0.051829268292682924,0.2216821942351889,9
4,fr_viaje,13,0.0,0.0,9
4,fr_estro,19,0.0,0.0,9
4,fr_varic,38,0.10526315789473684,0.3068922049918579,9
4,fr_antec,1,0.0,0.0,9
4,ana_dime,235,1.5446808510638297,0.5230062489510321,9
4,ana_crea,56,0.875,0.33071891388307384,9
4,ana_trop,1064,0.8627819548872181,0.34407739421270983,9
4,tension_,81,131.34567901234567,20.7246263090569,9
4,ana_hemo,6,13.499999999999998,1.8064698539785635,9
4,ana_plaq,5,399.2,312.5683285299392,9
4,ana_leuc,16,7.7425,3.121923485609473,9
4,ana_neu,1301,6.5070468870099925,3.082131209375458,9
4,protcrea,1650,58.1764812121212,45.15629459811185,9
4,splanchnic,586,0.006825938566552901,0.08233677871545952,9
5,raza,532,2.949248120300752,0.7039492506273963,9
5,ant_inf,31,0.06451612903225806,0.24567010018915833,9
5,ant_isq,32,0.0,0.0,9
5,ant_clau,32,0.0,0.0,9
5,fum_act,42,0.23809523809523808,0.4259177099999599,9
5,diabetes,30,0.13333333333333333,0.33993463423951903,9
5,hip_art,31,0.2903225806451613,0.4539112025635577,9
5,insf_car,5,0.0,0.0,9
5,fibr_aur,241,0.012448132780082987,0.11087459930197002,9
5,trat_est,36,0.2222222222222222,0.41573970964154905,9
5,var171,27,0.037037037037037035,0.18885257457751053,9
5,tv_l_esu,450,0.008888888888888889,0.09386094258641278,9
5,tvp_orig,1608,0.2325870646766169,0.42248114990107205,9
5,tv_l_ein,348,0.8045977011494253,0.39651007610713424,9
5,tvp_prox,693,0.8845598845598845,0.3195523355998017,9
5,tv_l_svc,601,0.0016638935108153079,0.04075690087825587,9
5,tv_l_vre,624,0.011217948717948718,0.1053190692349215,9
5,tv_l_vrn,616,0.008116883116883116,0.08972736107425636,9
5,tv_l_vca,1165,0.05321888412017167,0.22446967388307804,9
5,tv_l_yug,1177,0.015293118096856415,0.12271608955524951,9
5,tv_l_ova,1179,0.0016963528413910093,0.04115185571063003,9
5,tv_l_sup,1178,0.004244482173174873,0.06501128013088553,9
5,tv_l_pul,1178,0.004244482173174873,0.06501128013088553,9
5,tv_l_ove,617,0.03889789303079417,0.19335161480721869,9
5,fr_antfa,876,0.15639269406392695,0.3632272282020635,9
5,fr_tvs_a,328,0.039634146341463415,0.1950981311680019,9
5,fr_viaje,13,0.07692307692307693,0.26646935501059654,9
5,fr_estro,19,0.0,0.0,9
5,fr_varic,38,0.23684210526315788,0.42514459003693444,9
5,fr_antec,1,0.0,0.0,9
5,ana_dime,235,1.4978723404255319,0.5788798286721161,9
5,ana_crea,56,0.9107142857142857,0.2851557039762734,9
5,ana_trop,1064,0.8862781954887218,0.31747307868538527,9
5,tension_,81,132.7283950617284,17.844328452424325,9
5,ana_hemo,6,13.966666666666669,1.595479725836576,9
5,ana_plaq,5,218.8,34.5160832076874,9
5,ana_leuc,16,7.79125,3.1273768460964213,9
5,ana_neu,1301,6.811631053036127,3.1950891339837524,9
5,protcrea,1650,21.129522424242424,34.72993978826871,9
5,splanchnic,586,0.027303754266211604,0.1629670496425027,9
1,raza,532,2.941729323308271,0.5538545875748774,10
1,ant_inf,31,0.03225806451612903,0.17668469596940847,10
1,ant_isq,32,0.0,0.0,10
1,ant_clau,32,0.0,0.0,10
1,fum_act,42,0.2619047619047619,0.43967107887189016,10
1,diabetes,30,0.1,0.3,10
1,hip_art,31,0.3548387096774194,0.47846441852230076,10
1,insf_car,5,0.0,0.0,10
1,fibr_aur,241,0.008298755186721992,0.09071871829491887,10
1,trat_est,36,0.16666666666666666,0.372677996249965,10
1,var171,27,0.0,0.0,10
1,tv_l_esu,450,0.008888888888888889,0.09386094258641278,10
1,tvp_orig,1608,0.39427860696517414,0.4886951882869074,10
1,tv_l_ein,348,0.7298850574712644,0.4440189864762919,10
1,tvp_prox,693,0.8874458874458875,0.31604696534102134,10
1,tv_l_svc,601,0.011647254575707155,0.1072921061241498,10
1,tv_l_vre,624,0.014423076923076924,0.11922689199651196,10
1,tv_l_vrn,616,0.0016233766233766235,0.04025843106375729,10
1,tv_l_vca,1165,0.03261802575107296,0.17763470986036287,10
1,tv_l_yug,1177,0.026338147833474938,0.1601388453879225,10
1,tv_l_ova,1179,0.005089058524173028,0.07115588526264409,10
1,tv_l_sup,1178,0.004244482173174873,0.06501128013088553,10
1,tv_l_pul,1178,0.00933786078098472,0.0961803781289077,10
1,tv_l_ove,617,0.08589951377633712,0.2802156086111657,10
1,fr_antfa,876,0.1678082191780822,0.3736958934138331,10
1,fr_tvs_a,328,0.04573170731707317,0.20890265259909632,10
1,fr_viaje,13,0.15384615384615385,0.36080121229410994,10
1,fr_estro,19,0.05263157894736842,0.22329687826943606,10
1,fr_varic,38,0.13157894736842105,0.3380324362806613,10
1,fr_antec,1,0.0,0.0,10
1,ana_dime,235,1.5276595744680852,0.5633116848807801,10
1,ana_crea,56,0.8571428571428571,0.3499271061118826,10
1,ana_trop,1064,0.8665413533834586,0.3400697520506969,10
1,tension_,81,128.8395061728395,19.218340513733587,10
1,ana_hemo,6,12.216666666666667,2.2161653568470223,10
1,ana_plaq,5,271.2,105.87615406690969,10
1,ana_leuc,16,8.13875,2.2172445596956596,10
1,ana_neu,1301,6.11586856264412,3.1296806543315263,10
1,protcrea,1650,61.29204121212121,48.71662323938307,10
1,splanchnic,586,0.02218430034129693,0.14728257588616536,10
2,raza,532,2.7913533834586466,0.7278563457733519,10
2,ant_inf,31,0.0,0.0,10
2,ant_isq,32,0.0,0.0,10
2,ant_clau,32,0.0,0.0,10
2,fum_act,42,0.21428571428571427,0.41032590332414487,10
2,diabetes,30,0.03333333333333333,0.17950549357115012,10
2,hip_art,31,0.25806451612903225,0.4375696763306625,10
2,insf_car,5,0.0,0.0,10
2,fibr_aur,241,0.012448132780082987,0.11087459930197002,10
2,trat_est,36,0.05555555555555555,0.2290614236454256,10
2,var171,27,0.1111111111111111,0.3142696805273545,10
2,tv_l_esu,450,0.024444444444444446,0.1544244591385928,10
2,tvp_orig,1608,0.39738805970149255,0.48935752748698524,10
2,tv_l_ein,348,0.7787356321839081,0.41509811773969435,10
2,tvp_prox,693,0.8773448773448773,0.3280409174807001,10
2,tv_l_svc,601,0.008319467554076539,0.09083090891152201,10
2,tv_l_vre,624,0.008012820512820512,0.08915500670321233,10
2,tv_l_vrn,616,0.0016233766233766235,0.04025843106375729,10
2,tv_l_vca,1165,0.06781115879828326,0.2514215693625296,10
2,tv_l_yug,1177,0.03143585386576041,0.1744925240733567,10
2,tv_l_ova,1179,0.006785411365564037,0.08209366332527812,10
2,tv_l_sup,1178,0.011035653650254669,0.10446945964618697,10
2,tv_l_pul,1178,0.0050933786078098476,0.07118592629282386,10
2,tv_l_ove,617,0.02593192868719611,0.15893226155113468,10
2,fr_antfa,876,0.1232876712328767,0.3287671232876712,10
2,fr_tvs_a,328,0.0701219512195122,0.25535242935339497,10
2,fr_viaje,13,0.0,0.0,10
2,fr_estro,19,0.0,0.0,10
2,fr_varic,38,0.15789473684210525,0.3646422752776584,10
2,fr_antec,1,0.0,0.0,10
2,ana_dime,235,1.574468085106383,0.5513882229298109,10
2,ana_crea,56,0.8928571428571429,0.30929478706587094,10
2,ana_trop,1064,0.8571428571428571,0.3499271061118826,10
2,tension_,81,132.2962962962963,21.154017477027416,10
2,ana_hemo,6,13.766666666666666,1.9550504398153574,10
2,ana_plaq,5,282.0,120.99752063575518,10
2,ana_leuc,16,7.539375,2.4260396450542596,10
2,ana_neu,1301,6.62446195234435,3.2764488734165704,10
2,protcrea,1650,63.16349090909092,49.24459321247399,10
2,splanchnic,586,0.01877133105802048,0.13571649932241353,10
3,raza,532,2.898496240601504,0.6723860512128178,10
3,ant_inf,31,0.03225806451612903,0.17668469596940845,10
3,ant_isq,32,0.0,0.0,10
3,ant_clau,32,0.0,0.0,10
3,fum_act,42,0.19047619047619047,0.39267672624930094,10
3,diabetes,30,0.03333333333333333,0.17950549357115012,10
3,hip_art,31,0.1935483870967742,0.39507899077148034,10
3,insf_car,5,0.0,0.0,10
3,fibr_aur,241,0.016597510373443983,0.12775771218539964,10
3,trat_est,36,0.05555555555555555,0.2290614236454256,10
3,var171,27,0.0,0.0,10
3,tv_l_esu,450,0.013333333333333334,0.11469767022723504,10
3,tvp_orig,1608,0.24378109452736318,0.4293621693610232,10
3,tv_l_ein,348,0.7844827586206896,0.41118069026592485,10
3,tvp_prox,693,0.8802308802308803,0.3246913576288257,10
3,tv_l_svc,601,0.008319467554076539,0.09083090891152201,10
3,tv_l_vre,624,0.008012820512820512,0.08915500670321233,10
3,tv_l_vrn,616,0.003246753246753247,0.05688771255823126,10
3,tv_l_vca,1165,0.04034334763948498,0.19676321287457327,10
3,tv_l_yug,1177,0.025488530161427356,0.15760350564513903,10
3,tv_l_ova,1179,0.0016963528413910093,0.04115185571063004,10
3,tv_l_sup,1178,0.003395585738539898,0.058172637348087655,10
3,tv_l_pul,1178,0.004244482173174873,0.06501128013088553,10
3,tv_l_ove,617,0.050243111831442464,0.21844619828446463,10
3,fr_antfa,876,0.12557077625570776,0.33136498971111406,10
3,fr_tvs_a,328,0.04878048780487805,0.2154088016177524,10
3,fr_viaje,13,0.0,0.0,10
3,fr_estro,19,0.10526315789473684,0.3068922049918579,10
3,fr_varic,38,0.07894736842105263,0.2696565991042,10
3,fr_antec,1,0.0,0.0,10
3,ana_dime,235,1.4723404255319148,0.5557062317676048,10
3,ana_crea,56,0.9107142857142857,0.2851557039762734,10
3,ana_trop,1064,0.8308270676691729,0.3749045895923607,10
3,tension_,81,131.2962962962963,23.23282290976826,10
3,ana_hemo,6,14.566666666666665,1.3960261060914616,10
3,ana_plaq,5,208.8,33.3550595862157,10
3,ana_leuc,16,7.913749999999999,2.6223245294013475,10
3,ana_neu,1301,6.41797617217525,3.2228402594037484,10
3,protcrea,1650,54.092460606060605,49.75752420403486,10
3,splanchnic,586,0.013651877133105802,0.11604095563139932,10
4,raza,532,2.906015037593985,0.6027829443252019,10
4,ant_inf,31,0.0,0.0,10
4,ant_isq,32,0.0625,0.24206145913796356,10
4,ant_clau,32,0.0625,0.24206145913796356,10
4,fum_act,42,0.23809523809523808,0.4259177099999599,10
4,diabetes,30,0.16666666666666666,0.37267799624996495,10
4,hip_art,31,0.2903225806451613,0.4539112025635577,10
4,insf_car,5,0.0,0.0,10
4,fibr_aur,241,0.012448132780082987,0.11087459930197004,10
4,trat_est,36,0.1388888888888889,0.34583054438857597,10
4,var171,27,0.07407407407407407,0.2618914004394621,10
4,tv_l_esu,450,0.015555555555555555,0.12374805148734094,10
4,tvp_orig,1608,0.3818407960199005,0.4858378356147134,10
4,tv_l_ein,348,0.7902298850574713,0.4071444630834699,10
4,tvp_prox,693,0.8816738816738817,0.3229938823692978,10
4,tv_l_svc,601,0.008319467554076539,0.09083090891152201,10
4,tv_l_vre,624,0.004807692307692308,0.06917064697085652,10
4,tv_l_vrn,616,0.0016233766233766235,0.04025843106375729,10
4,tv_l_vca,1165,0.04721030042918455,0.21208839657692427,10
4,tv_l_yug,1177,0.025488530161427356,0.15760350564513903,10
4,tv_l_ova,1179,0.0,0.0,10
4,tv_l_sup,1178,0.003395585738539898,0.058172637348087655,10
4,tv_l_pul,1178,0.0008488964346349745,0.029123458061813996,10
4,tv_l_ove,617,0.04538087520259319,0.20813805843343466,10
4,fr_antfa,876,0.14269406392694065,0.34976058675464683,10
4,fr_tvs_a,328,0.036585365853658534,0.18774151607732503,10
4,fr_viaje,13,0.07692307692307693,0.26646935501059654,10
4,fr_estro,19,0.10526315789473684,0.3068922049918579,10
4,fr_varic,38,0.18421052631578946,0.38765578585937455,10
4,fr_antec,1,0.0,0.0,10
4,ana_dime,235,1.5361702127659576,0.5396711102123469,10
4,ana_crea,56,0.9285714285714286,0.25753937681885636,10
4,ana_trop,1064,0.8665413533834586,0.34006975205069695,10
4,tension_,81,129.58024691358025,18.272872828882576,10
4,ana_hemo,6,13.15,1.5370426148939396,10
4,ana_plaq,5,238.6,24.507957891264624,10
4,ana_leuc,16,7.745625,3.509585033786046,10
4,ana_neu,1301,6.454167563412759,3.1584676332873163,10
4,protcrea,1650,60.817624242424245,50.19143562394026,10
4,splanchnic,586,0.008532423208191127,0.09197619780349395,10
5,raza,532,2.9266917293233083,0.591514205531135,10
5,ant_inf,31,0.03225806451612903,0.17668469596940847,10
5,ant_isq,32,0.0,0.0,10
5,ant_clau,32,0.03125,0.17399263633843817,10
5,fum_act,42,0.2857142857142857,0.45175395145262554,10
5,diabetes,30,0.1,0.3,10
5,hip_art,31,0.16129032258064516,0.3677985242255284,10
5,insf_car,5,0.0,0.0,10
5,fibr_aur,241,0.008298755186721992,0.09071871829491887,10
5,trat_est,36,0.1111111111111111,0.3142696805273545,10
5,var171,27,0.07407407407407407,0.2618914004394621,10
5,tv_l_esu,450,0.008888888888888889,0.09386094258641278,10
5,tvp_orig,1608,0.44465174129353235,0.4969271277140764,10
5,tv_l_ein,348,0.7557471264367817,0.4296433489760186,10
5,tvp_prox,693,0.8903318903318903,0.3124756236731645,10
5,tv_l_svc,601,0.009983361064891847,0.09941676703021403,10
5,tv_l_vre,624,0.004807692307692308,0.06917064697085652,10
5,tv_l_vrn,616,0.00487012987012987,0.06961617416360898,10
5,tv_l_vca,1165,0.07896995708154507,0.2696918666924978,10
5,tv_l_yug,1177,0.02463891248937978,0.15502205159499233,10
5,tv_l_ova,1179,0.0,0.0,10
5,tv_l_sup,1178,0.008488964346349746,0.09174367460853172,10
5,tv_l_pul,1178,0.010186757215619695,0.10041407865956704,10
5,tv_l_ove,617,0.03565640194489465,0.18543199008056505,10
5,fr_antfa,876,0.1506849315068493,0.35774150293700263,10
5,fr_tvs_a,328,0.051829268292682924,0.2216821942351889,10
5,fr_viaje,13,0.0,0.0,10
5,fr_estro,19,0.0,0.0,10
5,fr_varic,38,0.15789473684210525,0.3646422752776584,10
5,fr_antec,1,1.0,0.0,10
5,ana_dime,235,1.5148936170212766,0.5406767718899945,10
5,ana_crea,56,0.9464285714285714,0.22517000380211594,10
5,ana_trop,1064,0.8834586466165414,0.3208729753890322,10
5,tension_,81,134.34567901234567,23.22629442967612,10
5,ana_hemo,6,14.466666666666667,1.8499249234015473,10
5,ana_plaq,5,223.2,54.06440603576442,10
5,ana_leuc,16,8.3689375,3.640338161983547,10
5,ana_neu,1301,6.753076095311299,3.213975000640152,10
5,protcrea,1650,63.40030303030303,49.78593233610112,10
5,splanchnic,586,0.013651877133105802,0.11604095563139932,10
1,raza,532,2.8364661654135337,0.7418384959803437,11
1,ant_inf,31,0.03225806451612903,0.17668469596940847,11
1,ant_isq,32,0.0,0.0,11
1,ant_clau,32,0.03125,0.17399263633843817,11
1,fum_act,42,0.2619047619047619,0.43967107887189016,11
1,diabetes,30,0.1,0.3,11
1,hip_art,31,0.1935483870967742,0.39507899077148034,11
1,insf_car,5,0.0,0.0,11
1,fibr_aur,241,0.012448132780082987,0.11087459930197002,11
1,trat_est,36,0.1111111111111111,0.3142696805273545,11
1,var171,27,0.037037037037037035,0.18885257457751053,11
1,tv_l_esu,450,0.008888888888888889,0.09386094258641277,11
1,tvp_orig,1608,0.23383084577114427,0.42326585184384485,11
1,tv_l_ein,348,0.7011494252873564,0.45775420118942245,11
1,tvp_prox,693,0.873015873015873,0.3329551898952862,11
1,tv_l_svc,601,0.0066555740432612314,0.08130976188266634,11
1,tv_l_vre,624,0.011217948717948718,0.1053190692349215,11
1,tv_l_vrn,616,0.011363636363636364,0.10599294378510019,11
1,tv_l_vca,1165,0.048927038626609444,0.21571551524598254,11
1,tv_l_yug,1177,0.01784197111299915,0.13237686799362663,11
1,tv_l_ova,1179,0.0033927056827820186,0.05814804580492828,11
1,tv_l_sup,1178,0.007640067911714771,0.08707294226118215,11
1,tv_l_pul,1178,0.004244482173174873,0.06501128013088553,11
1,tv_l_ove,617,0.04862236628849271,0.21507726933593044,11
1,fr_antfa,876,0.11529680365296803,0.3193797907200407,11
1,fr_tvs_a,328,0.03353658536585366,0.18003300477371498,11
1,fr_viaje,13,0.07692307692307693,0.26646935501059654,11
1,fr_estro,19,0.05263157894736842,0.22329687826943606,11
1,fr_varic,38,0.21052631578947367,0.4076824574955175,11
1,fr_antec,1,0.0,0.0,11
1,ana_dime,235,1.5276595744680852,0.5855356259159987,11
1,ana_crea,56,0.875,0.33071891388307384,11
1,ana_trop,1064,0.8768796992481203,0.32857524601626087,11
1,tension_,81,133.7283950617284,21.401518548682596,11
1,ana_hemo,6,14.183333333333332,1.8977325651653048,11
1,ana_plaq,5,176.2,33.80769143257197,11
1,ana_leuc,16,7.8475,2.495644956719605,11
1,ana_neu,1301,6.584590315142198,3.137154280267361,11
1,protcrea,1650,37.90293818181818,39.5061602884817,11
1,splanchnic,586,0.025597269624573378,0.15793052083856454,11
2,raza,532,2.8853383458646618,0.6007602312461169,11
2,ant_inf,31,0.03225806451612903,0.17668469596940845,11
2,ant_isq,32,0.0,0.0,11
2,ant_clau,32,0.0,0.0,11
2,fum_act,42,0.3333333333333333,0.4714045207910317,11
2,diabetes,30,0.0,0.0,11
2,hip_art,31,0.3225806451612903,0.4674637660061109,11
2,insf_car,5,0.0,0.0,11
2,fibr_aur,241,0.016597510373443983,0.12775771218539964,11
2,trat_est,36,0.08333333333333333,0.27638539919628335,11
2,var171,27,0.07407407407407407,0.2618914004394621,11
2,tv_l_esu,450,0.015555555555555555,0.12374805148734093,11
2,tvp_orig,1608,0.34701492537313433,0.4760205530661595,11
2,tv_l_ein,348,0.7931034482758621,0.4050806939472666,11
2,tvp_prox,693,0.8831168831168831,0.3212809578403372,11
2,tv_l_svc,601,0.0033277870216306157,0.05759090948378296,11
2,tv_l_vre,624,0.003205128205128205,0.05652305156586025,11
2,tv_l_vrn,616,0.006493506493506494,0.0803202394600843,11
2,tv_l_vca,1165,0.096137339055794,0.29477949571682444,11
2,tv_l_yug,1177,0.022090059473237042,0.146976490452405,11
2,tv_l_ova,1179,0.008481764206955046,0.09170509191365912,11
2,tv_l_sup,1178,0.010186757215619695,0.10041407865956704,11
2,tv_l_pul,1178,0.001697792869269949,0.041169289144251754,11
2,tv_l_ove,617,0.03889789303079417,0.19335161480721866,11
2,fr_antfa,876,0.1278538812785388,0.33392703742067986,11
2,fr_tvs_a,328,0.04573170731707317,0.2089026525990963,11
2,fr_viaje,13,0.0,0.0,11
2,fr_estro,19,0.0,0.0,11
2,fr_varic,38,0.10526315789473684,0.3068922049918579,11
2,fr_antec,1,0.0,0.0,11
2,ana_dime,235,1.548936170212766,0.5913822036715133,11
2,ana_crea,56,0.9107142857142857,0.2851557039762734,11
2,ana_trop,1064,0.8712406015037594,0.33493344980029527,11
2,tension_,81,129.22222222222223,19.93693761542834,11
2,ana_hemo,6,13.85,1.77552809045647,11
2,ana_plaq,5,275.2,107.98407289966424,11
2,ana_leuc,16,7.553125,2.6353218938822254,11
2,ana_neu,1301,6.598219062259799,3.1115034435373365,11
2,protcrea,1650,30.319484848484855,42.25397484090498,11
2,splanchnic,586,0.02218430034129693,0.14728257588616536,11
3,raza,532,2.8721804511278197,0.7008430351502349,11
3,ant_inf,31,0.03225806451612903,0.17668469596940845,11
3,ant_isq,32,0.0,0.0,11
3,ant_clau,32,0.0,0.0,11
3,fum_act,42,0.2619047619047619,0.43967107887189016,11
3,diabetes,30,0.1,0.3,11
3,hip_art,31,0.25806451612903225,0.4375696763306625,11
3,insf_car,5,0.0,0.0,11
3,fibr_aur,241,0.016597510373443983,0.1277577121853996,11
3,trat_est,36,0.19444444444444445,0.39577241246597245,11
3,var171,27,0.037037037037037035,0.18885257457751053,11
3,tv_l_esu,450,0.013333333333333334,0.11469767022723505,11
3,tvp_orig,1608,0.4060945273631841,0.4911025984545961,11
3,tv_l_ein,348,0.7787356321839081,0.41509811773969435,11
3,tvp_prox,693,0.9004329004329005,0.2994219301435599,11
3,tv_l_svc,601,0.0,0.0,11
3,tv_l_vre,624,0.016025641025641024,0.12557396169333163,11
3,tv_l_vrn,616,0.00487012987012987,0.06961617416360898,11
3,tv_l_vca,1165,0.04978540772532189,0.2175013124166044,11
3,tv_l_yug,1177,0.020390824129141887,0.1413330761728347,11
3,tv_l_ova,1179,0.002544529262086514,0.05037910909217132,11
3,tv_l_sup,1178,0.008488964346349746,0.09174367460853172,11
3,tv_l_pul,1178,0.0008488964346349745,0.029123458061814,11
3,tv_l_ove,617,0.0713128038897893,0.2573466298422533,11
3,fr_antfa,876,0.158675799086758,0.3653734936622206,11
3,fr_tvs_a,328,0.036585365853658534,0.187741516077325,11
3,fr_viaje,13,0.07692307692307693,0.26646935501059654,11
3,fr_estro,19,0.05263157894736842,0.22329687826943606,11
3,fr_varic,38,0.10526315789473684,0.30689220499185793,11
3,fr_antec,1,0.0,0.0,11
3,ana_dime,235,1.548936170212766,0.546506249764942,11
3,ana_crea,56,0.8928571428571429,0.30929478706587094,11
3,ana_trop,1064,0.881578947368421,0.32310603046864933,11
3,tension_,81,132.40740740740742,18.599600273003198,11
3,ana_hemo,6,12.516666666666666,2.0111494778415206,11
3,ana_plaq,5,280.2,145.5931317061351,11
3,ana_leuc,16,7.488125,2.7883647061270516,11
3,ana_neu,1301,6.38844273635665,3.1189134311108924,11
3,protcrea,1650,100.3886303030303,56.787209227902956,11
3,splanchnic,586,0.02218430034129693,0.14728257588616536,11
4,raza,532,2.8233082706766917,0.7963627104676142,11
4,ant_inf,31,0.03225806451612903,0.17668469596940847,11
4,ant_isq,32,0.03125,0.17399263633843817,11
4,ant_clau,32,0.0,0.0,11
4,fum_act,42,0.2857142857142857,0.45175395145262554,11
4,diabetes,30,0.03333333333333333,0.1795054935711501,11
4,hip_art,31,0.3225806451612903,0.4674637660061109,11
4,insf_car,5,0.0,0.0,11
4,fibr_aur,241,0.02074688796680498,0.14253580113956568,11
4,trat_est,36,0.19444444444444445,0.39577241246597245,11
4,var171,27,0.037037037037037035,0.18885257457751053,11
4,tv_l_esu,450,0.015555555555555555,0.12374805148734093,11
4,tvp_orig,1608,0.30907960199004975,0.46211405694235513,11
4,tv_l_ein,348,0.8074712643678161,0.3942859642290815,11
4,tvp_prox,693,0.8831168831168831,0.3212809578403372,11
4,tv_l_svc,601,0.009983361064891847,0.09941676703021403,11
4,tv_l_vre,624,0.017628205128205128,0.13159578835267885,11
4,tv_l_vrn,616,0.008116883116883116,0.08972736107425636,11
4,tv_l_vca,1165,0.03690987124463519,0.18854053317347877,11
4,tv_l_yug,1177,0.020390824129141887,0.1413330761728347,11
4,tv_l_ova,1179,0.0016963528413910093,0.041151855710630035,11
4,tv_l_sup,1178,0.004244482173174873,0.06501128013088553,11
4,tv_l_pul,1178,0.004244482173174873,0.06501128013088553,11
4,tv_l_ove,617,0.04376012965964344,0.20456094620385054,11
4,fr_antfa,876,0.1415525114155251,0.34859058783547603,11
4,fr_tvs_a,328,0.04878048780487805,0.2154088016177524,11
4,fr_viaje,13,0.15384615384615385,0.36080121229410994,11
4,fr_estro,19,0.0,0.0,11
4,fr_varic,38,0.10526315789473684,0.3068922049918579,11
4,fr_antec,1,0.0,0.0,11
4,ana_dime,235,1.5659574468085107,0.5676665921924184,11
4,ana_crea,56,0.9107142857142857,0.2851557039762734,11
4,ana_trop,1064,0.8656015037593985,0.3410799619574075,11
4,tension_,81,130.06172839506172,20.708646538513687,11
4,ana_hemo,6,13.65,1.6235249715767643,11
4,ana_plaq,5,259.8,129.90827533302104,11
4,ana_leuc,16,7.210625,2.814579162037373,11
4,ana_neu,1301,6.669640276710222,3.148562534971362,11
4,protcrea,1650,38.42606545454546,44.27661139973325,11
4,splanchnic,586,0.013651877133105802,0.11604095563139934,11
5,raza,532,2.887218045112782,0.630122739426251,11
5,ant_inf,31,0.0,0.0,11
5,ant_isq,32,0.03125,0.17399263633843817,11
5,ant_clau,32,0.03125,0.17399263633843817,11
5,fum_act,42,0.42857142857142855,0.49487165930539345,11
5,diabetes,30,0.16666666666666666,0.37267799624996495,11
5,hip_art,31,0.22580645161290322,0.4181123031230877,11
5,insf_car,5,0.0,0.0,11
5,fibr_aur,241,0.012448132780082987,0.11087459930197004,11
5,trat_est,36,0.1111111111111111,0.31426968052735443,11
5,var171,27,0.07407407407407407,0.2618914004394621,11
5,tv_l_esu,450,0.008888888888888889,0.09386094258641278,11
5,tvp_orig,1608,0.35012437810945274,0.4770086979950383,11
5,tv_l_ein,348,0.7557471264367817,0.4296433489760186,11
5,tvp_prox,693,0.8701298701298701,0.33616049624791644,11
5,tv_l_svc,601,0.0033277870216306157,0.057590909483782954,11
5,tv_l_vre,624,0.014423076923076924,0.11922689199651196,11
5,tv_l_vrn,616,0.008116883116883116,0.08972736107425636,11
5,tv_l_vca,1165,0.07210300429184549,0.25865838680378334,11
5,tv_l_yug,1177,0.022939677145284623,0.14971121653955904,11
5,tv_l_ova,1179,0.006785411365564037,0.08209366332527812,11
5,tv_l_sup,1178,0.006791171477079796,0.08212826229166605,11
5,tv_l_pul,1178,0.008488964346349746,0.09174367460853172,11
5,tv_l_ove,617,0.04700162074554295,0.2116423123877527,11
5,fr_antfa,876,0.13013698630136986,0.33645408467986676,11
5,fr_tvs_a,328,0.04573170731707317,0.2089026525990963,11
5,fr_viaje,13,0.0,0.0,11
5,fr_estro,19,0.05263157894736842,0.22329687826943606,11
5,fr_varic,38,0.18421052631578946,0.3876557858593746,11
5,fr_antec,1,0.0,0.0,11
5,ana_dime,235,1.5659574468085107,0.5447140947301956,11
5,ana_crea,56,0.8928571428571429,0.30929478706587094,11
5,ana_trop,1064,0.8665413533834586,0.34006975205069695,11
5,tension_,81,136.1604938271605,21.721842446309832,11
5,ana_hemo,6,12.383333333333333,2.346214445062987,11
5,ana_plaq,5,240.6,41.51915220714411,11
5,ana_leuc,16,7.746875000000001,2.9900830229903317,11
5,ana_neu,1301,6.477402767102229,3.202161979231772,11
5,protcrea,1650,84.26393818181818,51.43435112707115,11
5,splanchnic,586,0.010238907849829351,0.10066813108363568,11
1,raza,532,2.8477443609022557,0.7666292950325047,12
1,ant_inf,31,0.0,0.0,12
1,ant_isq,32,0.125,0.33071891388307384,12
1,ant_clau,32,0.03125,0.17399263633843817,12
1,fum_act,42,0.14285714285714285,0.34992710611188255,12
1,diabetes,30,0.03333333333333333,0.1795054935711501,12
1,hip_art,31,0.3225806451612903,0.4674637660061109,12
1,insf_car,5,0.0,0.0,12
1,fibr_aur,241,0.008298755186721992,0.09071871829491886,12
1,trat_est,36,0.19444444444444445,0.39577241246597245,12
1,var171,27,0.0,0.0,12
1,tv_l_esu,450,0.013333333333333334,0.11469767022723505,12
1,tvp_orig,1608,0.20335820895522388,0.4024967674475751,12
1,tv_l_ein,348,0.7040229885057471,0.4564806898009858,12
1,tvp_prox,693,0.8354978354978355,0.37073063317760424,12
1,tv_l_svc,601,0.004991680532445923,0.07047526983210439,12
1,tv_l_vre,624,0.004807692307692308,0.06917064697085651,12
1,tv_l_vrn,616,0.00974025974025974,0.09821093157307904,12
1,tv_l_vca,1165,0.06952789699570816,0.2543496973362901,12
1,tv_l_yug,1177,0.02463891248937978,0.15502205159499233,12
1,tv_l_ova,1179,0.006785411365564037,0.08209366332527812,12
1,tv_l_sup,1178,0.010186757215619695,0.10041407865956704,12
1,tv_l_pul,1178,0.0025466893039049238,0.05040043330661255,12
1,tv_l_ove,617,0.04376012965964344,0.20456094620385054,12
1,fr_antfa,876,0.1461187214611872,0.35322519827970256,12
1,fr_tvs_a,328,0.051829268292682924,0.2216821942351889,12
1,fr_viaje,13,0.07692307692307693,0.26646935501059654,12
1,fr_estro,19,0.05263157894736842,0.22329687826943606,12
1,fr_varic,38,0.13157894736842105,0.3380324362806612,12
1,fr_antec,1,0.0,0.0,12
1,ana_dime,235,1.5829787234042554,0.5654292848297223,12
1,ana_crea,56,0.8214285714285714,0.3829930462415574,12
1,ana_trop,1064,0.7659774436090225,0.42338634778557666,12
1,tension_,81,132.55555555555554,17.59489263717117,12
1,ana_hemo,6,13.85,1.7192537140670467,12
1,ana_plaq,5,214.6,40.59852214059029,12
1,ana_leuc,16,8.75875,2.091108781842781,12
1,ana_neu,1301,6.287887778631822,3.082513795130216,12
1,protcrea,1650,63.47794787878788,53.91640168565967,12
1,splanchnic,586,0.020477815699658702,0.14162794485492441,12
2,raza,532,2.93609022556391,0.6220072220967783,12
2,ant_inf,31,0.0,0.0,12
2,ant_isq,32,0.0,0.0,12
2,ant_clau,32,0.0,0.0,12
2,fum_act,42,0.16666666666666666,0.37267799624996495,12
2,diabetes,30,0.13333333333333333,0.33993463423951903,12
2,hip_art,31,0.3225806451612903,0.46746376600611095,12
2,insf_car,5,0.0,0.0,12
2,fibr_aur,241,0.02074688796680498,0.14253580113956568,12
2,trat_est,36,0.16666666666666666,0.372677996249965,12
2,var171,27,0.07407407407407407,0.2618914004394621,12
2,tv_l_esu,450,0.013333333333333334,0.11469767022723505,12
2,tvp_orig,1608,0.21579601990049752,0.41137342852401343,12
2,tv_l_ein,348,0.7155172413793104,0.45116772786653536,12
2,tvp_prox,693,0.8686868686868687,0.33774249489495933,12
2,tv_l_svc,601,0.009983361064891847,0.09941676703021403,12
2,tv_l_vre,624,0.009615384615384616,0.09758549581819442,12
2,tv_l_vrn,616,0.00487012987012987,0.06961617416360898,12
2,tv_l_vca,1165,0.05751072961373391,0.23281590493999735,12
2,tv_l_yug,1177,0.026338147833474938,0.1601388453879225,12
2,tv_l_ova,1179,0.0033927056827820186,0.05814804580492828,12
2,tv_l_sup,1178,0.006791171477079796,0.08212826229166605,12
2,tv_l_pul,1178,0.00933786078098472,0.0961803781289077,12
2,tv_l_ove,617,0.04051863857374392,0.1971722051960525,12
2,fr_antfa,876,0.12100456621004566,0.3261325821906857,12
2,fr_tvs_a,328,0.06402439024390244,0.2447963800749491,12
2,fr_viaje,13,0.0,0.0,12
2,fr_estro,19,0.0,0.0,12
2,fr_varic,38,0.2631578947368421,0.44034738238635557,12
2,fr_antec,1,0.0,0.0,12
2,ana_dime,235,1.5829787234042554,0.5264571061859548,12
2,ana_crea,56,0.8571428571428571,0.3499271061118826,12
2,ana_trop,1064,0.7622180451127819,0.42572490744285924,12
2,tension_,81,131.11111111111111,19.980855034288062,12
2,ana_hemo,6,13.649999999999999,2.62726093108393,12
2,ana_plaq,5,263.6,102.94192537542709,12
2,ana_leuc,16,8.55125,1.8253933651407852,12
2,ana_neu,1301,6.185275172943889,3.164007310264418,12
2,protcrea,1650,40.43577090909092,50.512231997656706,12
2,splanchnic,586,0.02218430034129693,0.14728257588616533,12
3,raza,532,2.8703007518796992,0.6717315072400457,12
3,ant_inf,31,0.0,0.0,12
3,ant_isq,32,0.0,0.0,12
3,ant_clau,32,0.0,0.0,12
3,fum_act,42,0.2619047619047619,0.43967107887189016,12
3,diabetes,30,0.06666666666666667,0.24944382578492943,12
3,hip_art,31,0.16129032258064516,0.3677985242255284,12
3,insf_car,5,0.0,0.0,12
3,fibr_aur,241,0.016597510373443983,0.1277577121853996,12
3,trat_est,36,0.08333333333333333,0.27638539919628335,12
3,var171,27,0.037037037037037035,0.18885257457751053,12
3,tv_l_esu,450,0.011111111111111112,0.10482201257840673,12
3,tvp_orig,1608,0.22450248756218905,0.4172542637775894,12
3,tv_l_ein,348,0.7385057471264368,0.43944852780235844,12
3,tvp_prox,693,0.84992784992785,0.357142128353506,12
3,tv_l_svc,601,0.0066555740432612314,0.08130976188266635,12
3,tv_l_vre,624,0.01282051282051282,0.11249954342810413,12
3,tv_l_vrn,616,0.003246753246753247,0.05688771255823126,12
3,tv_l_vca,1165,0.06866952789699571,0.2528913281142701,12
3,tv_l_yug,1177,0.021240441801189464,0.14418490015698504,12
3,tv_l_ova,1179,0.005089058524173028,0.07115588526264408,12
3,tv_l_sup,1178,0.00933786078098472,0.0961803781289077,12
3,tv_l_pul,1178,0.0008488964346349745,0.029123458061814,12
3,tv_l_ove,617,0.05672609400324149,0.23131849096511264,12
3,fr_antfa,876,0.1278538812785388,0.33392703742067986,12
3,fr_tvs_a,328,0.06097560975609756,0.23928557158961683,12
3,fr_viaje,13,0.07692307692307693,0.26646935501059654,12
3,fr_estro,19,0.0,0.0,12
3,fr_varic,38,0.23684210526315788,0.4251445900369345,12
3,fr_antec,1,0.0,0.0,12
3,ana_dime,235,1.548936170212766,0.5307050069825953,12
3,ana_crea,56,0.9464285714285714,0.22517000380211594,12
3,ana_trop,1064,0.7904135338345865,0.40701348794076536,12
3,tension_,81,133.08641975308643,18.881173280963836,12
3,ana_hemo,6,14.166666666666666,0.9498537899183338,12
3,ana_plaq,5,208.0,24.306377763870945,12
3,ana_leuc,16,8.36,1.8176942812255312,12
3,ana_neu,1301,6.8845956956187555,3.103521625614662,12
3,protcrea,1650,67.7836993939394,47.563636969859076,12
3,splanchnic,586,0.027303754266211604,0.1629670496425027,12
4,raza,532,2.9718045112781954,0.6998617850512608,12
4,ant_inf,31,0.03225806451612903,0.17668469596940847,12
4,ant_isq,32,0.03125,0.17399263633843817,12
4,ant_clau,32,0.0,0.0,12
4,fum_act,42,0.21428571428571427,0.41032590332414487,12
4,diabetes,30,0.0,0.0,12
4,hip_art,31,0.25806451612903225,0.43756967633066257,12
4,insf_car,5,0.0,0.0,12
4,fibr_aur,241,0.02074688796680498,0.14253580113956568,12
4,trat_est,36,0.08333333333333333,0.27638539919628335,12
4,var171,27,0.037037037037037035,0.18885257457751053,12
4,tv_l_esu,450,0.022222222222222223,0.14740554623801777,12
4,tvp_orig,1608,0.1828358208955224,0.3865318660770194,12
4,tv_l_ein,348,0.7586206896551724,0.42791978089623645,12
4,tvp_prox,693,0.8845598845598845,0.3195523355998016,12
4,tv_l_svc,601,0.008319467554076539,0.09083090891152201,12
4,tv_l_vre,624,0.009615384615384616,0.09758549581819442,12
4,tv_l_vrn,616,0.006493506493506494,0.0803202394600843,12
4,tv_l_vca,1165,0.061802575107296136,0.24079662958065495,12
4,tv_l_yug,1177,0.021240441801189464,0.14418490015698504,12
4,tv_l_ova,1179,0.0033927056827820186,0.05814804580492828,12
4,tv_l_sup,1178,0.005942275042444821,0.07685677855443043,12
4,tv_l_pul,1178,0.011035653650254669,0.10446945964618697,12
4,tv_l_ove,617,0.04213938411669368,0.20090708405369737,12
4,fr_antfa,876,0.10388127853881278,0.30510647077365366,12
4,fr_tvs_a,328,0.04573170731707317,0.20890265259909632,12
4,fr_viaje,13,0.07692307692307693,0.26646935501059654,12
4,fr_estro,19,0.10526315789473684,0.30689220499185793,12
4,fr_varic,38,0.18421052631578946,0.3876557858593746,12
4,fr_antec,1,0.0,0.0,12
4,ana_dime,235,1.574468085106383,0.5436159803462575,12
4,ana_crea,56,0.8928571428571429,0.30929478706587094,12
4,ana_trop,1064,0.7875939849624061,0.4090106353304806,12
4,tension_,81,134.02469135802468,19.685160989342837,12
4,ana_hemo,6,13.816666666666668,2.265256914543887,12
4,ana_plaq,5,251.4,118.63827375682773,12
4,ana_leuc,16,8.816875,1.9732103244142527,12
4,ana_neu,1301,6.2490868562644115,3.1620239698404706,12
4,protcrea,1650,81.06255999999999,46.500524686896846,12
4,splanchnic,586,0.020477815699658702,0.14162794485492444,12
5,raza,532,2.93796992481203,0.6326828653583401,12
5,ant_inf,31,0.03225806451612903,0.17668469596940847,12
5,ant_isq,32,0.0,0.0,12
5,ant_clau,32,0.0,0.0,12
5,fum_act,42,0.30952380952380953,0.4622973294987523,12
5,diabetes,30,0.2,0.4000000000000001,12
5,hip_art,31,0.2903225806451613,0.4539112025635577,12
5,insf_car,5,0.0,0.0,12
5,fibr_aur,241,0.012448132780082987,0.11087459930197002,12
5,trat_est,36,0.16666666666666666,0.37267799624996495,12
5,var171,27,0.0,0.0,12
5,tv_l_esu,450,0.0044444444444444444,0.06651835354264785,12
5,tvp_orig,1608,0.22388059701492538,0.4168429863811624,12
5,tv_l_ein,348,0.7758620689655172,0.4170133318085457,12
5,tvp_prox,693,0.8441558441558441,0.36270753360438807,12
5,tv_l_svc,601,0.0066555740432612314,0.08130976188266634,12
5,tv_l_vre,624,0.009615384615384616,0.09758549581819442,12
5,tv_l_vrn,616,0.00487012987012987,0.06961617416360898,12
5,tv_l_vca,1165,0.055793991416309016,0.22952346707503754,12
5,tv_l_yug,1177,0.010195412064570943,0.10045628719699203,12
5,tv_l_ova,1179,0.009329940627650551,0.09613996481970993,12
5,tv_l_sup,1178,0.010186757215619695,0.10041407865956704,12
5,tv_l_pul,1178,0.012733446519524618,0.11212183489070726,12
5,tv_l_ove,617,0.04376012965964344,0.20456094620385054,12
5,fr_antfa,876,0.10159817351598173,0.30211915638403036,12
5,fr_tvs_a,328,0.042682926829268296,0.20214127383232655,12
5,fr_viaje,13,0.0,0.0,12
5,fr_estro,19,0.10526315789473684,0.3068922049918579,12
5,fr_varic,38,0.2631578947368421,0.44034738238635557,12
5,fr_antec,1,1.0,0.0,12
5,ana_dime,235,1.5191489361702128,0.5711646548276602,12
5,ana_crea,56,0.8928571428571429,0.30929478706587094,12
5,ana_trop,1064,0.8045112781954887,0.3965764509546043,12
5,tension_,81,133.77777777777777,17.932658668295122,12
5,ana_hemo,6,13.616666666666667,1.2415268377642463,12
5,ana_plaq,5,242.6,45.824011173182996,12
5,ana_leuc,16,8.780625,2.2348894512648716,12
5,ana_neu,1301,6.199803228285933,3.1842761789337883,12
5,protcrea,1650,50.665071515151524,51.30419817227768,12
5,splanchnic,586,0.023890784982935155,0.1527089236941781,12
1,raza,532,2.93609022556391,0.6398823136468099,13
1,ant_inf,31,0.0,0.0,13
1,ant_isq,32,0.0625,0.24206145913796356,13
1,ant_clau,32,0.0,0.0,13
1,fum_act,42,0.2619047619047619,0.43967107887189016,13
1,diabetes,30,0.03333333333333333,0.1795054935711501,13
1,hip_art,31,0.22580645161290322,0.4181123031230877,13
1,insf_car,5,0.0,0.0,13
1,fibr_aur,241,0.008298755186721992,0.09071871829491887,13
1,trat_est,36,0.19444444444444445,0.39577241246597245,13
1,var171,27,0.0,0.0,13
1,tv_l_esu,450,0.013333333333333334,0.11469767022723505,13
1,tvp_orig,1608,0.20833333333333334,0.40611643103370676,13
1,tv_l_ein,348,0.39655172413793105,0.48918141238314156,13
1,tvp_prox,693,0.8528138528138528,0.3542913846858896,13
1,tv_l_svc,601,0.0,0.0,13
1,tv_l_vre,624,0.016025641025641024,0.12557396169333163,13
1,tv_l_vrn,616,0.01461038961038961,0.11998719150735311,13
1,tv_l_vca,1165,0.07124463519313305,0.25723304054753626,13
1,tv_l_yug,1177,0.0118946474086661,0.10841201396381128,13
1,tv_l_ova,1179,0.005089058524173028,0.07115588526264409,13
1,tv_l_sup,1178,0.0050933786078098476,0.07118592629282386,13
1,tv_l_pul,1178,0.005942275042444821,0.07685677855443043,13
1,tv_l_ove,617,0.05186385737439222,0.22175210860923264,13
1,fr_antfa,876,0.13470319634703196,0.3414062759249234,13
1,fr_tvs_a,328,0.039634146341463415,0.1950981311680019,13
1,fr_viaje,13,0.0,0.0,13
1,fr_estro,19,0.0,0.0,13
1,fr_varic,38,0.05263157894736842,0.22329687826943606,13
1,fr_antec,1,1.0,0.0,13
1,ana_dime,235,1.451063829787234,0.546506249764942,13
1,ana_crea,56,0.8928571428571429,0.30929478706587094,13
1,ana_trop,1064,0.8721804511278195,0.33388877159660924,13
1,tension_,81,131.23456790123456,20.168592870935182,13
1,ana_hemo,6,14.895000000000001,1.6123869469412937,13
1,ana_plaq,5,163.4,113.3800687951811,13
1,ana_leuc,16,9.09375,3.0338916324582197,13
1,ana_neu,1301,6.687504996156802,3.1047402657499457,13
1,protcrea,1650,66.26557575757576,53.397807517032746,13
1,splanchnic,586,0.013651877133105802,0.11604095563139932,13
2,raza,532,2.919172932330827,0.5084334559379088,13
2,ant_inf,31,0.03225806451612903,0.17668469596940847,13
2,ant_isq,32,0.03125,0.17399263633843817,13
2,ant_clau,32,0.0,0.0,13
2,fum_act,42,0.30952380952380953,0.46229732949875235,13
2,diabetes,30,0.1,0.3,13
2,hip_art,31,0.3225806451612903,0.4674637660061109,13
2,insf_car,5,0.2,0.4,13
2,fibr_aur,241,0.012448132780082987,0.11087459930197002,13
2,trat_est,36,0.2222222222222222,0.41573970964154905,13
2,var171,27,0.07407407407407407,0.2618914004394621,13
2,tv_l_esu,450,0.02,0.13999999999999999,13
2,tvp_orig,1608,0.23569651741293532,0.4244333505891699,13
2,tv_l_ein,348,0.5057471264367817,0.49996696944670216,13
2,tvp_prox,693,0.8484848484848485,0.3585502898848253,13
2,tv_l_svc,601,0.009983361064891847,0.09941676703021403,13
2,tv_l_vre,624,0.00641025641025641,0.07980704870505599,13
2,tv_l_vrn,616,0.008116883116883116,0.08972736107425637,13
2,tv_l_vca,1165,0.06351931330472103,0.24389467017960378,13
2,tv_l_yug,1177,0.010195412064570943,0.10045628719699203,13
2,tv_l_ova,1179,0.0,0.0,13
2,tv_l_sup,1178,0.008488964346349746,0.09174367460853172,13
2,tv_l_pul,1178,0.0050933786078098476,0.07118592629282386,13
2,tv_l_ove,617,0.06482982171799027,0.2462253356866508,13
2,fr_antfa,876,0.1461187214611872,0.35322519827970256,13
2,fr_tvs_a,328,0.04878048780487805,0.2154088016177524,13
2,fr_viaje,13,0.0,0.0,13
2,fr_estro,19,0.0,0.0,13
2,fr_varic,38,0.07894736842105263,0.2696565991042,13
2,fr_antec,1,0.0,0.0,13
2,ana_dime,235,1.523404255319149,0.5243893169455047,13
2,ana_crea,56,0.9285714285714286,0.25753937681885636,13
2,ana_trop,1064,0.8580827067669173,0.34896529213444405,13
2,tension_,81,133.45679012345678,21.280054640417674,13
2,ana_hemo,6,15.183333333333332,1.4735633304642484,13
2,ana_plaq,5,381.0,302.99504946450855,13
2,ana_leuc,16,8.746875,3.396703767533313,13
2,ana_neu,1301,6.228081475787856,3.1631992599758454,13
2,protcrea,1650,33.575374545454544,47.37161428818107,13
2,splanchnic,586,0.025597269624573378,0.15793052083856451,13
3,raza,532,2.960526315789474,0.5655708617701403,13
3,ant_inf,31,0.03225806451612903,0.17668469596940847,13
3,ant_isq,32,0.0625,0.24206145913796356,13
3,ant_clau,32,0.03125,0.17399263633843817,13
3,fum_act,42,0.14285714285714285,0.3499271061118826,13
3,diabetes,30,0.13333333333333333,0.33993463423951903,13
3,hip_art,31,0.2903225806451613,0.4539112025635577,13
3,insf_car,5,0.0,0.0,13
3,fibr_aur,241,0.004149377593360996,0.06428188126485339,13
3,trat_est,36,0.25,0.4330127018922193,13
3,var171,27,0.0,0.0,13
3,tv_l_esu,450,0.013333333333333334,0.11469767022723505,13
3,tvp_orig,1608,0.17164179104477612,0.3770688088555158,13
3,tv_l_ein,348,0.48563218390804597,0.49979352322809045,13
3,tvp_prox,693,0.922077922077922,0.26804892779935446,13
3,tv_l_svc,601,0.0066555740432612314,0.08130976188266634,13
3,tv_l_vre,624,0.01282051282051282,0.11249954342810413,13
3,tv_l_vrn,616,0.006493506493506494,0.0803202394600843,13
3,tv_l_vca,1165,0.07811158798283262,0.2683471032182625,13
3,tv_l_yug,1177,0.015293118096856415,0.12271608955524951,13
3,tv_l_ova,1179,0.008481764206955046,0.09170509191365911,13
3,tv_l_sup,1178,0.010186757215619695,0.10041407865956704,13
3,tv_l_pul,1178,0.011884550084889643,0.1083665425958095,13
3,tv_l_ove,617,0.06807131280388978,0.2518682377296605,13
3,fr_antfa,876,0.11301369863013698,0.31660954273690733,13
3,fr_tvs_a,328,0.036585365853658534,0.187741516077325,13
3,fr_viaje,13,0.07692307692307693,0.26646935501059654,13
3,fr_estro,19,0.0,0.0,13
3,fr_varic,38,0.18421052631578946,0.3876557858593746,13
3,fr_antec,1,0.0,0.0,13
3,ana_dime,235,1.523404255319149,0.592941734411927,13
3,ana_crea,56,0.7857142857142857,0.41032590332414487,13
3,ana_trop,1064,0.8627819548872181,0.3440773942127098,13
3,tension_,81,135.92592592592592,20.13336876240308,13
3,ana_hemo,6,13.399999999999999,3.93234450847498,13
3,ana_plaq,5,246.2,61.34949062543225,13
3,ana_leuc,16,8.603125,4.287829752261043,13
3,ana_neu,1301,6.719866256725596,3.2176862396630184,13
3,protcrea,1650,59.108849696969706,56.10132394749929,13
3,splanchnic,586,0.013651877133105802,0.11604095563139932,13
4,raza,532,2.9266917293233083,0.5095718707261572,13
4,ant_inf,31,0.0,0.0,13
4,ant_isq,32,0.03125,0.17399263633843817,13
4,ant_clau,32,0.0,0.0,13
4,fum_act,42,0.2619047619047619,0.43967107887189016,13
4,diabetes,30,0.06666666666666667,0.24944382578492943,13
4,hip_art,31,0.2903225806451613,0.4539112025635577,13
4,insf_car,5,0.0,0.0,13
4,fibr_aur,241,0.024896265560165973,0.15580899050222893,13
4,trat_est,36,0.05555555555555555,0.2290614236454256,13
4,var171,27,0.037037037037037035,0.18885257457751053,13
4,tv_l_esu,450,0.011111111111111112,0.10482201257840673,13
4,tvp_orig,1608,0.2269900497512438,0.4188861027357814,13
4,tv_l_ein,348,0.46551724137931033,0.4988095221203253,13
4,tvp_prox,693,0.873015873015873,0.3329551898952862,13
4,tv_l_svc,601,0.0016638935108153079,0.04075690087825587,13
4,tv_l_vre,624,0.004807692307692308,0.06917064697085652,13
4,tv_l_vrn,616,0.00487012987012987,0.06961617416360898,13
4,tv_l_vca,1165,0.07725321888412018,0.2669928071243913,13
4,tv_l_yug,1177,0.0118946474086661,0.10841201396381128,13
4,tv_l_ova,1179,0.004240882103477523,0.06498382123622715,13
4,tv_l_sup,1178,0.0025466893039049238,0.05040043330661255,13
4,tv_l_pul,1178,0.0,0.0,13
4,tv_l_ove,617,0.04376012965964344,0.20456094620385054,13
4,fr_antfa,876,0.11187214611872145,0.31520908781555285,13
4,fr_tvs_a,328,0.027439024390243903,0.1633588820075465,13
4,fr_viaje,13,0.07692307692307693,0.26646935501059654,13
4,fr_estro,19,0.0,0.0,13
4,fr_varic,38,0.21052631578947367,0.4076824574955175,13
4,fr_antec,1,0.0,0.0,13
4,ana_dime,235,1.548936170212766,0.546506249764942,13
4,ana_crea,56,0.9642857142857143,0.1855768722395226,13
4,ana_trop,1064,0.8364661654135338,0.3698520238310351,13
4,tension_,81,131.320987654321,21.381789390578547,13
4,ana_hemo,6,13.15,2.750605993837237,13
4,ana_plaq,5,203.8,69.18496946591796,13
4,ana_leuc,16,8.771875,3.515105294920054,13
4,ana_neu,1301,6.279724058416603,3.17040889977996,13
4,protcrea,1650,15.209624242424242,28.889131332451914,13
4,splanchnic,586,0.034129692832764506,0.1815622672801418,13
5,raza,532,2.943609022556391,0.5135536494817625,13
5,ant_inf,31,0.0,0.0,13
5,ant_isq,32,0.0,0.0,13
5,ant_clau,32,0.0625,0.24206145913796356,13
5,fum_act,42,0.2857142857142857,0.45175395145262565,13
5,diabetes,30,0.03333333333333333,0.17950549357115012,13
5,hip_art,31,0.22580645161290322,0.4181123031230877,13
5,insf_car,5,0.0,0.0,13
5,fibr_aur,241,0.024896265560165973,0.15580899050222896,13
5,trat_est,36,0.16666666666666666,0.372677996249965,13
5,var171,27,0.0,0.0,13
5,tv_l_esu,450,0.013333333333333334,0.11469767022723505,13
5,tvp_orig,1608,0.19402985074626866,0.39545197908930657,13
5,tv_l_ein,348,0.4482758620689655,0.4973174173053779,13
5,tvp_prox,693,0.8773448773448773,0.3280409174807001,13
5,tv_l_svc,601,0.009983361064891847,0.09941676703021403,13
5,tv_l_vre,624,0.009615384615384616,0.09758549581819442,13
5,tv_l_vrn,616,0.003246753246753247,0.05688771255823126,13
5,tv_l_vca,1165,0.06609442060085836,0.24844707316910616,13
5,tv_l_yug,1177,0.014443500424808835,0.11931004031634299,13
5,tv_l_ova,1179,0.002544529262086514,0.050379109092171324,13
5,tv_l_sup,1178,0.0025466893039049238,0.05040043330661255,13
5,tv_l_pul,1178,0.004244482173174873,0.06501128013088553,13
5,tv_l_ove,617,0.07617504051863858,0.26527797443553874,13
5,fr_antfa,876,0.11643835616438356,0.3207498486018656,13
5,fr_tvs_a,328,0.0701219512195122,0.25535242935339497,13
5,fr_viaje,13,0.15384615384615385,0.36080121229410994,13
5,fr_estro,19,0.0,0.0,13
5,fr_varic,38,0.13157894736842105,0.3380324362806613,13
5,fr_antec,1,0.0,0.0,13
5,ana_dime,235,1.5276595744680852,0.5708158132191992,13
5,ana_crea,56,0.875,0.33071891388307384,13
5,ana_trop,1064,0.8787593984962406,0.3264066758673389,13
5,tension_,81,132.1358024691358,21.49806370058852,13
5,ana_hemo,6,13.516666666666666,3.8446571874341267,13
5,ana_plaq,5,248.2,75.58147921283361,13
5,ana_leuc,16,8.543125,3.5851494368261694,13
5,ana_neu,1301,6.183307455803228,3.115961123152445,13
5,protcrea,1650,18.909138181818182,30.93986846672884,13
5,splanchnic,586,0.030716723549488054,0.17254914211282646,13
1,raza,532,2.906015037593985,0.6181781866505501,14
1,ant_inf,31,0.0,0.0,14
1,ant_isq,32,0.0,0.0,14
1,ant_clau,32,0.03125,0.17399263633843817,14
1,fum_act,42,0.23809523809523808,0.4259177099999599,14
1,diabetes,30,0.1,0.3,14
1,hip_art,31,0.22580645161290322,0.4181123031230877,14
1,insf_car,5,0.0,0.0,14
1,fibr_aur,241,0.004149377593360996,0.06428188126485339,14
1,trat_est,36,0.19444444444444445,0.39577241246597245,14
1,var171,27,0.037037037037037035,0.18885257457751053,14
1,tv_l_esu,450,0.017777777777777778,0.1321428333094978,14
1,tvp_orig,1608,0.31156716417910446,0.4631339615969611,14
1,tv_l_ein,348,0.7126436781609196,0.4525291881615983,14
1,tvp_prox,693,0.7950937950937951,0.40363306615927946,14
1,tv_l_svc,601,0.011647254575707155,0.1072921061241498,14
1,tv_l_vre,624,0.004807692307692308,0.06917064697085652,14
1,tv_l_vrn,616,0.012987012987012988,0.11321815437767983,14
1,tv_l_vca,1165,0.045493562231759654,0.2083840157671041,14
1,tv_l_yug,1177,0.020390824129141887,0.1413330761728347,14
1,tv_l_ova,1179,0.005089058524173028,0.07115588526264409,14
1,tv_l_sup,1178,0.006791171477079796,0.08212826229166605,14
1,tv_l_pul,1178,0.0050933786078098476,0.07118592629282386,14
1,tv_l_ove,617,0.05186385737439222,0.22175210860923264,14
1,fr_antfa,876,0.1552511415525114,0.36214392801640827,14
1,fr_tvs_a,328,0.07621951219512195,0.26534901197453065,14
1,fr_viaje,13,0.0,0.0,14
1,fr_estro,19,0.05263157894736842,0.22329687826943606,14
1,fr_varic,38,0.15789473684210525,0.3646422752776584,14
1,fr_antec,1,0.0,0.0,14
1,ana_dime,235,1.4893617021276595,0.5562924542931406,14
1,ana_crea,56,0.9107142857142857,0.2851557039762734,14
1,ana_trop,1064,0.8571428571428571,0.3499271061118826,14
1,tension_,81,134.0493827160494,22.267121992776318,14
1,ana_hemo,6,14.4,0.9574271077563387,14
1,ana_plaq,5,211.0,45.22388749322641,14
1,ana_leuc,16,8.88875,2.9632960428381097,14
1,ana_neu,1301,6.455805534204458,3.228668957773974,14
1,protcrea,1650,35.2916896969697,48.59797306855082,14
1,splanchnic,586,0.023890784982935155,0.1527089236941781,14
2,raza,532,2.8796992481203008,0.6776517834577689,14
2,ant_inf,31,0.03225806451612903,0.17668469596940847,14
2,ant_isq,32,0.03125,0.17399263633843817,14
2,ant_clau,32,0.0,0.0,14
2,fum_act,42,0.19047619047619047,0.39267672624930094,14
2,diabetes,30,0.06666666666666667,0.24944382578492943,14
2,hip_art,31,0.2903225806451613,0.4539112025635577,14
2,insf_car,5,0.0,0.0,14
2,fibr_aur,241,0.012448132780082987,0.11087459930197004,14
2,trat_est,36,0.1111111111111111,0.31426968052735443,14
2,var171,27,0.07407407407407407,0.2618914004394621,14
2,tv_l_esu,450,0.02,0.13999999999999999,14
2,tvp_orig,1608,0.26865671641791045,0.4432609673109701,14
2,tv_l_ein,348,0.7586206896551724,0.42791978089623645,14
2,tvp_prox,693,0.862914862914863,0.3439372068786485,14
2,tv_l_svc,601,0.008319467554076539,0.09083090891152201,14
2,tv_l_vre,624,0.014423076923076924,0.11922689199651196,14
2,tv_l_vrn,616,0.00487012987012987,0.06961617416360898,14
2,tv_l_vca,1165,0.0592274678111588,0.2360499414696749,14
2,tv_l_yug,1177,0.016142735768903994,0.12602439387197759,14
2,tv_l_ova,1179,0.002544529262086514,0.050379109092171324,14
2,tv_l_sup,1178,0.008488964346349746,0.09174367460853172,14
2,tv_l_pul,1178,0.004244482173174873,0.06501128013088553,14
2,tv_l_ove,617,0.05186385737439222,0.22175210860923267,14
2,fr_antfa,876,0.158675799086758,0.3653734936622206,14
2,fr_tvs_a,328,0.04573170731707317,0.20890265259909632,14
2,fr_viaje,13,0.0,0.0,14
2,fr_estro,19,0.05263157894736842,0.22329687826943606,14
2,fr_varic,38,0.10526315789473684,0.3068922049918579,14
2,fr_antec,1,0.0,0.0,14
2,ana_dime,235,1.5446808510638297,0.5545972319019618,14
2,ana_crea,56,0.875,0.33071891388307384,14
2,ana_trop,1064,0.8872180451127819,0.31632607470620494,14
2,tension_,81,131.08641975308643,17.367628132100204,14
2,ana_hemo,6,14.166666666666666,2.7511613709284464,14
2,ana_plaq,5,309.0,170.0470523119998,14
2,ana_leuc,16,9.655625,2.9290654839683934,14
2,ana_neu,1301,6.7094880860876245,3.1231877282279275,14
2,protcrea,1650,55.13500606060607,62.96961516646012,14
2,splanchnic,586,0.023890784982935155,0.1527089236941781,14
3,raza,532,2.9323308270676693,0.6185781503960808,14
3,ant_inf,31,0.0,0.0,14
3,ant_isq,32,0.0,0.0,14
3,ant_clau,32,0.0,0.0,14
3,fum_act,42,0.30952380952380953,0.4622973294987523,14
3,diabetes,30,0.16666666666666666,0.37267799624996495,14
3,hip_art,31,0.2903225806451613,0.4539112025635577,14
3,insf_car,5,0.0,0.0,14
3,fibr_aur,241,0.016597510373443983,0.1277577121853996,14
3,trat_est,36,0.19444444444444445,0.39577241246597245,14
3,var171,27,0.037037037037037035,0.18885257457751053,14
3,tv_l_esu,450,0.015555555555555555,0.12374805148734094,14
3,tvp_orig,1608,0.361318407960199,0.48038257257034855,14
3,tv_l_ein,348,0.7672413793103449,0.42258968892331533,14
3,tvp_prox,693,0.7922077922077922,0.40572725589125475,14
3,tv_l_svc,601,0.004991680532445923,0.07047526983210439,14
3,tv_l_vre,624,0.009615384615384616,0.09758549581819442,14
3,tv_l_vrn,616,0.006493506493506494,0.0803202394600843,14
3,tv_l_vca,1165,0.06523605150214593,0.2469419143980124,14
3,tv_l_yug,1177,0.01784197111299915,0.13237686799362663,14
3,tv_l_ova,1179,0.007633587786259542,0.0870362919923006,14
3,tv_l_sup,1178,0.0008488964346349745,0.029123458061813996,14
3,tv_l_pul,1178,0.007640067911714771,0.08707294226118215,14
3,tv_l_ove,617,0.055105348460291734,0.22818577745197346,14
3,fr_antfa,876,0.1506849315068493,0.35774150293700263,14
3,fr_tvs_a,328,0.054878048780487805,0.22774206581686704,14
3,fr_viaje,13,0.07692307692307693,0.26646935501059654,14
3,fr_estro,19,0.05263157894736842,0.22329687826943606,14
3,fr_varic,38,0.15789473684210525,0.3646422752776584,14
3,fr_antec,1,0.0,0.0,14
3,ana_dime,235,1.476595744680851,0.592941734411927,14
3,ana_crea,56,0.875,0.33071891388307384,14
3,ana_trop,1064,0.868421052631579,0.3380324362806613,14
3,tension_,81,128.8641975308642,19.105782904802044,14
3,ana_hemo,6,13.61,1.8634645153584224,14
3,ana_plaq,5,257.6,77.7858598975418,14
3,ana_leuc,16,9.44,3.1367538953510525,14
3,ana_neu,1301,6.678360491929285,3.152221820523947,14
3,protcrea,1650,63.56147272727272,53.51038090689293,14
3,splanchnic,586,0.02218430034129693,0.14728257588616536,14
4,raza,532,2.892857142857143,0.6729087029077417,14
4,ant_inf,31,0.0,0.0,14
4,ant_isq,32,0.03125,0.17399263633843817,14
4,ant_clau,32,0.0,0.0,14
4,fum_act,42,0.23809523809523808,0.4259177099999599,14
4,diabetes,30,0.06666666666666667,0.24944382578492943,14
4,hip_art,31,0.22580645161290322,0.4181123031230878,14
4,insf_car,5,0.0,0.0,14
4,fibr_aur,241,0.02074688796680498,0.14253580113956568,14
4,trat_est,36,0.16666666666666666,0.37267799624996495,14
4,var171,27,0.037037037037037035,0.18885257457751053,14
4,tv_l_esu,450,0.024444444444444446,0.1544244591385928,14
4,tvp_orig,1608,0.23756218905472637,0.4255894681336145,14
4,tv_l_ein,348,0.7413793103448276,0.43787672755863083,14
4,tvp_prox,693,0.8441558441558441,0.36270753360438807,14
4,tv_l_svc,601,0.009983361064891847,0.09941676703021403,14
4,tv_l_vre,624,0.00641025641025641,0.07980704870505599,14
4,tv_l_vrn,616,0.00487012987012987,0.06961617416360898,14
4,tv_l_vca,1165,0.07725321888412018,0.2669928071243913,14
4,tv_l_yug,1177,0.01784197111299915,0.13237686799362663,14
4,tv_l_ova,1179,0.006785411365564037,0.08209366332527812,14
4,tv_l_sup,1178,0.003395585738539898,0.058172637348087655,14
4,tv_l_pul,1178,0.001697792869269949,0.041169289144251754,14
4,tv_l_ove,617,0.06969205834683954,0.2546273264011941,14
4,fr_antfa,876,0.1495433789954338,0.3566232701241772,14
4,fr_tvs_a,328,0.054878048780487805,0.22774206581686704,14
4,fr_viaje,13,0.0,0.0,14
4,fr_estro,19,0.0,0.0,14
4,fr_varic,38,0.13157894736842105,0.3380324362806612,14
4,fr_antec,1,0.0,0.0,14
4,ana_dime,235,1.548936170212766,0.5693865083805184,14
4,ana_crea,56,0.8571428571428571,0.3499271061118826,14
4,ana_trop,1064,0.8411654135338346,0.36552176488998245,14
4,tension_,81,125.77777777777777,17.729796361276847,14
4,ana_hemo,6,13.1,2.186321110907545,14
4,ana_plaq,5,283.8,62.57603375094973,14
4,ana_leuc,16,9.228125,2.9663955795502055,14
4,ana_neu,1301,6.609518831667948,3.1409450399331367,14
4,protcrea,1650,41.854218181818176,47.22414284985924,14
4,splanchnic,586,0.023890784982935155,0.1527089236941781,14
5,raza,532,3.011278195488722,0.5975078739643315,14
5,ant_inf,31,0.03225806451612903,0.17668469596940845,14
5,ant_isq,32,0.0,0.0,14
5,ant_clau,32,0.03125,0.17399263633843817,14
5,fum_act,42,0.2857142857142857,0.45175395145262554,14
5,diabetes,30,0.1,0.30000000000000004,14
5,hip_art,31,0.22580645161290322,0.4181123031230878,14
5,insf_car,5,0.0,0.0,14
5,fibr_aur,241,0.02074688796680498,0.14253580113956568,14
5,trat_est,36,0.08333333333333333,0.27638539919628335,14
5,var171,27,0.1111111111111111,0.3142696805273545,14
5,tv_l_esu,450,0.02,0.13999999999999999,14
5,tvp_orig,1608,0.3327114427860697,0.47118418757984815,14
5,tv_l_ein,348,0.7442528735632183,0.43628033849362324,14
5,tvp_prox,693,0.8282828282828283,0.3771344384362519,14
5,tv_l_svc,601,0.008319467554076539,0.09083090891152201,14
5,tv_l_vre,624,0.011217948717948718,0.1053190692349215,14
5,tv_l_vrn,616,0.006493506493506494,0.0803202394600843,14
5,tv_l_vca,1165,0.048068669527897,0.21391136607883843,14
5,tv_l_yug,1177,0.010195412064570943,0.10045628719699201,14
5,tv_l_ova,1179,0.0016963528413910093,0.041151855710630035,14
5,tv_l_sup,1178,0.008488964346349746,0.09174367460853171,14
5,tv_l_pul,1178,0.010186757215619695,0.10041407865956703,14
5,tv_l_ove,617,0.06482982171799027,0.24622533568665084,14
5,fr_antfa,876,0.1312785388127854,0.3377047291051243,14
5,fr_tvs_a,328,0.024390243902439025,0.15425744683748188,14
5,fr_viaje,13,0.0,0.0,14
5,fr_estro,19,0.05263157894736842,0.22329687826943606,14
5,fr_varic,38,0.15789473684210525,0.3646422752776584,14
5,fr_antec,1,0.0,0.0,14
5,ana_dime,235,1.5021276595744681,0.5563900979976563,14
5,ana_crea,56,0.9642857142857143,0.18557687223952257,14
5,ana_trop,1064,0.868421052631579,0.3380324362806613,14
5,tension_,81,131.08641975308643,20.445771412771723,14
5,ana_hemo,6,13.0,2.5146238950056397,14
5,ana_plaq,5,223.0,130.84647492385875,14
5,ana_leuc,16,8.830625000000001,2.9114439474898015,14
5,ana_neu,1301,6.5152298232129136,3.1814017838020927,14
5,protcrea,1650,71.9223212121212,50.25125744731387,14
5,splanchnic,586,0.01877133105802048,0.13571649932241353,14
1,raza,532,2.943609022556391,0.5756791848142225,15
1,ant_inf,31,0.03225806451612903,0.17668469596940845,15
1,ant_isq,32,0.125,0.33071891388307384,15
1,ant_clau,32,0.0,0.0,15
1,fum_act,42,0.21428571428571427,0.41032590332414487,15
1,diabetes,30,0.06666666666666667,0.24944382578492943,15
1,hip_art,31,0.3225806451612903,0.4674637660061109,15
1,insf_car,5,0.0,0.0,15
1,fibr_aur,241,0.012448132780082987,0.11087459930197004,15
1,trat_est,36,0.16666666666666666,0.372677996249965,15
1,var171,27,0.0,0.0,15
1,tv_l_esu,450,0.015555555555555555,0.12374805148734094,15
1,tvp_orig,1608,0.21828358208955223,0.4130809362336949,15
1,tv_l_ein,348,0.7471264367816092,0.43465908968250666,15
1,tvp_prox,693,0.8484848484848485,0.3585502898848253,15
1,tv_l_svc,601,0.009983361064891847,0.09941676703021403,15
1,tv_l_vre,624,0.009615384615384616,0.09758549581819442,15
1,tv_l_vrn,616,0.0016233766233766235,0.04025843106375729,15
1,tv_l_vca,1165,0.03776824034334764,0.19063525477915874,15
1,tv_l_yug,1177,0.015293118096856415,0.1227160895552495,15
1,tv_l_ova,1179,0.002544529262086514,0.050379109092171324,15
1,tv_l_sup,1178,0.006791171477079796,0.08212826229166605,15
1,tv_l_pul,1178,0.001697792869269949,0.041169289144251754,15
1,tv_l_ove,617,0.03889789303079417,0.19335161480721866,15
1,fr_antfa,876,0.12214611872146118,0.3274544921095814,15
1,fr_tvs_a,328,0.051829268292682924,0.2216821942351889,15
1,fr_viaje,13,0.0,0.0,15
1,fr_estro,19,0.0,0.0,15
1,fr_varic,38,0.18421052631578946,0.3876557858593746,15
1,fr_antec,1,0.0,0.0,15
1,ana_dime,235,1.523404255319149,0.5784104285122109,15
1,ana_crea,56,0.8928571428571429,0.30929478706587094,15
1,ana_trop,1064,0.8862781954887218,0.31747307868538527,15
1,tension_,81,130.71604938271605,22.908424547681594,15
1,ana_hemo,6,14.200000000000001,2.0108041509140895,15
1,ana_plaq,5,477.4,365.64168252539264,15
1,ana_leuc,16,7.611249999999999,2.597645267833928,15
1,ana_neu,1301,6.499893159108379,3.109788160451081,15
1,protcrea,1650,38.80196363636364,51.805855112156074,15
1,splanchnic,586,0.027303754266211604,0.1629670496425027,15
2,raza,532,2.898496240601504,0.6970922380372138,15
2,ant_inf,31,0.06451612903225806,0.24567010018915833,15
2,ant_isq,32,0.03125,0.17399263633843817,15
2,ant_clau,32,0.0,0.0,15
2,fum_act,42,0.23809523809523808,0.4259177099999599,15
2,diabetes,30,0.23333333333333334,0.4229525846816506,15
2,hip_art,31,0.2903225806451613,0.4539112025635577,15
2,insf_car,5,0.0,0.0,15
2,fibr_aur,241,0.016597510373443983,0.1277577121853996,15
2,trat_est,36,0.16666666666666666,0.372677996249965,15
2,var171,27,0.0,0.0,15
2,tv_l_esu,450,0.017777777777777778,0.1321428333094978,15
2,tvp_orig,1608,0.23196517412935325,0.4220868774559239,15
2,tv_l_ein,348,0.7873563218390804,0.40917764393856465,15
2,tvp_prox,693,0.8917748917748918,0.3106645042079507,15
2,tv_l_svc,601,0.009983361064891847,0.09941676703021403,15
2,tv_l_vre,624,0.009615384615384616,0.09758549581819442,15
2,tv_l_vrn,616,0.008116883116883116,0.08972736107425636,15
2,tv_l_vca,1165,0.030901287553648068,0.17305027587719943,15
2,tv_l_yug,1177,0.013593882752761258,0.11579762132472946,15
2,tv_l_ova,1179,0.002544529262086514,0.050379109092171324,15
2,tv_l_sup,1178,0.011884550084889643,0.1083665425958095,15
2,tv_l_pul,1178,0.003395585738539898,0.05817263734808765,15
2,tv_l_ove,617,0.06969205834683954,0.2546273264011941,15
2,fr_antfa,876,0.16552511415525115,0.3716538049571701,15
2,fr_tvs_a,328,0.039634146341463415,0.1950981311680019,15
2,fr_viaje,13,0.0,0.0,15
2,fr_estro,19,0.0,0.0,15
2,fr_varic,38,0.10526315789473684,0.30689220499185793,15
2,fr_antec,1,0.0,0.0,15
2,ana_dime,235,1.5659574468085107,0.5676665921924184,15
2,ana_crea,56,0.9285714285714286,0.25753937681885636,15
2,ana_trop,1064,0.8731203007518797,0.3328381606228872,15
2,tension_,81,130.34567901234567,20.669151877949833,15
2,ana_hemo,6,12.233333333333334,2.2216110270602183,15
2,ana_plaq,5,265.8,129.1346583996721,15
2,ana_leuc,16,7.2524999999999995,2.7586647585380866,15
2,ana_neu,1301,6.527132974634895,3.1320570807793557,15
2,protcrea,1650,29.774889696969698,44.61928162695371,15
2,splanchnic,586,0.020477815699658702,0.14162794485492441,15
3,raza,532,2.898496240601504,0.629056455671474,15
3,ant_inf,31,0.0967741935483871,0.29565004483586066,15
3,ant_isq,32,0.0,0.0,15
3,ant_clau,32,0.0625,0.24206145913796356,15
3,fum_act,42,0.14285714285714285,0.3499271061118826,15
3,diabetes,30,0.06666666666666667,0.24944382578492943,15
3,hip_art,31,0.22580645161290322,0.4181123031230877,15
3,insf_car,5,0.0,0.0,15
3,fibr_aur,241,0.008298755186721992,0.09071871829491887,15
3,trat_est,36,0.19444444444444445,0.39577241246597245,15
3,var171,27,0.07407407407407407,0.2618914004394621,15
3,tv_l_esu,450,0.011111111111111112,0.10482201257840672,15
3,tvp_orig,1608,0.3718905472636816,0.4833093917146666,15
3,tv_l_ein,348,0.7902298850574713,0.4071444630834699,15
3,tvp_prox,693,0.8672438672438673,0.3393109812130589,15
3,tv_l_svc,601,0.0016638935108153079,0.04075690087825587,15
3,tv_l_vre,624,0.004807692307692308,0.06917064697085652,15
3,tv_l_vrn,616,0.00487012987012987,0.06961617416360898,15
3,tv_l_vca,1165,0.03862660944206009,0.19270338472655493,15
3,tv_l_yug,1177,0.014443500424808835,0.11931004031634297,15
3,tv_l_ova,1179,0.0016963528413910093,0.041151855710630035,15
3,tv_l_sup,1178,0.013582342954159592,0.1157491378543926,15
3,tv_l_pul,1178,0.0008488964346349745,0.029123458061813996,15
3,tv_l_ove,617,0.055105348460291734,0.22818577745197346,15
3,fr_antfa,876,0.11986301369863013,0.32480128024026034,15
3,fr_tvs_a,328,0.057926829268292686,0.23360503359134782,15
3,fr_viaje,13,0.23076923076923078,0.4213250442347432,15
3,fr_estro,19,0.05263157894736842,0.22329687826943606,15
3,fr_varic,38,0.13157894736842105,0.3380324362806612,15
3,fr_antec,1,0.0,0.0,15
3,ana_dime,235,1.5106382978723405,0.5713865340548641,15
3,ana_crea,56,0.8392857142857143,0.36726721073577023,15
3,ana_trop,1064,0.849624060150376,0.35743952854149513,15
3,tension_,81,132.22222222222223,20.693530926891675,15
3,ana_hemo,6,13.816666666666665,4.035433337601083,15
3,ana_plaq,5,358.4,282.75049071575455,15
3,ana_leuc,16,7.921875,3.510938654316677,15
3,ana_neu,1301,6.507495772482706,3.1089013117252042,15
3,protcrea,1650,51.0184,64.1298792356054,15
3,splanchnic,586,0.017064846416382253,0.12951307823215205,15
4,raza,532,2.9323308270676693,0.5937707808384574,15
4,ant_inf,31,0.0,0.0,15
4,ant_isq,32,0.0,0.0,15
4,ant_clau,32,0.03125,0.17399263633843817,15
4,fum_act,42,0.21428571428571427,0.41032590332414487,15
4,diabetes,30,0.06666666666666667,0.24944382578492943,15
4,hip_art,31,0.2903225806451613,0.4539112025635577,15
4,insf_car,5,0.0,0.0,15
4,fibr_aur,241,0.008298755186721992,0.09071871829491887,15
4,trat_est,36,0.16666666666666666,0.372677996249965,15
4,var171,27,0.07407407407407407,0.2618914004394621,15
4,tv_l_esu,450,0.017777777777777778,0.1321428333094978,15
4,tvp_orig,1608,0.20833333333333334,0.40611643103370676,15
4,tv_l_ein,348,0.8045977011494253,0.39651007610713424,15
4,tvp_prox,693,0.8946608946608947,0.30698986664947464,15
4,tv_l_svc,601,0.009983361064891847,0.09941676703021403,15
4,tv_l_vre,624,0.009615384615384616,0.09758549581819442,15
4,tv_l_vrn,616,0.003246753246753247,0.05688771255823126,15
4,tv_l_vca,1165,0.04206008583690987,0.2007262688745587,15
4,tv_l_yug,1177,0.011045029736618521,0.10451333433938337,15
4,tv_l_ova,1179,0.005937234944868533,0.0768243723441849,15
4,tv_l_sup,1178,0.006791171477079796,0.08212826229166605,15
4,tv_l_pul,1178,0.004244482173174873,0.06501128013088553,15
4,tv_l_ove,617,0.055105348460291734,0.22818577745197346,15
4,fr_antfa,876,0.13812785388127855,0.3450341285488012,15
4,fr_tvs_a,328,0.04878048780487805,0.2154088016177524,15
4,fr_viaje,13,0.15384615384615385,0.36080121229410994,15
4,fr_estro,19,0.05263157894736842,0.22329687826943606,15
4,fr_varic,38,0.18421052631578946,0.3876557858593746,15
4,fr_antec,1,0.0,0.0,15
4,ana_dime,235,1.625531914893617,0.5341400267068325,15
4,ana_crea,56,0.9285714285714286,0.25753937681885636,15
4,ana_trop,1064,0.8590225563909775,0.34799828160852664,15
4,tension_,81,131.20987654320987,19.449660284178325,15
4,ana_hemo,6,13.733333333333334,2.084599615167276,15
4,ana_plaq,5,356.4,134.26928166933791,15
4,ana_leuc,16,8.408125,3.0318707482963383,15
4,ana_neu,1301,6.528893927747887,3.12017713550481,15
4,protcrea,1650,46.809769696969695,60.88056352680139,15
4,splanchnic,586,0.011945392491467578,0.10864023237131062,15
5,raza,532,2.994360902255639,0.6267578028503293,15
5,ant_inf,31,0.0,0.0,15
5,ant_isq,32,0.0625,0.24206145913796356,15
5,ant_clau,32,0.09375,0.2914805954090255,15
5,fum_act,42,0.40476190476190477,0.4908459078116262,15
5,diabetes,30,0.16666666666666666,0.37267799624996495,15
5,hip_art,31,0.2903225806451613,0.4539112025635577,15
5,insf_car,5,0.0,0.0,15
5,fibr_aur,241,0.012448132780082987,0.11087459930197004,15
5,trat_est,36,0.16666666666666666,0.372677996249965,15
5,var171,27,0.037037037037037035,0.18885257457751053,15
5,tv_l_esu,450,0.008888888888888889,0.09386094258641278,15
5,tvp_orig,1608,0.25497512437810943,0.43584723278515497,15
5,tv_l_ein,348,0.7701149425287356,0.4207587406373133,15
5,tvp_prox,693,0.9134199134199135,0.28121873192920716,15
5,tv_l_svc,601,0.011647254575707155,0.1072921061241498,15
5,tv_l_vre,624,0.008012820512820512,0.08915500670321233,15
5,tv_l_vrn,616,0.003246753246753247,0.05688771255823126,15
5,tv_l_vca,1165,0.04978540772532189,0.2175013124166044,15
5,tv_l_yug,1177,0.010195412064570943,0.10045628719699201,15
5,tv_l_ova,1179,0.002544529262086514,0.050379109092171324,15
5,tv_l_sup,1178,0.014431239388794566,0.11926013046487023,15
5,tv_l_pul,1178,0.0025466893039049238,0.05040043330661255,15
5,tv_l_ove,617,0.059967585089141004,0.23742677571773077,15
5,fr_antfa,876,0.1404109589041096,0.3474128977509874,15
5,fr_tvs_a,328,0.054878048780487805,0.22774206581686704,15
5,fr_viaje,13,0.0,0.0,15
5,fr_estro,19,0.05263157894736842,0.22329687826943606,15
5,fr_varic,38,0.18421052631578946,0.3876557858593746,15
5,fr_antec,1,0.0,0.0,15
5,ana_dime,235,1.5063829787234042,0.5329182027047922,15
5,ana_crea,56,0.9285714285714286,0.25753937681885636,15
5,ana_trop,1064,0.8627819548872181,0.3440773942127098,15
5,tension_,81,129.64197530864197,18.76515594338713,15
5,ana_hemo,6,13.983333333333334,1.3043729868748775,15
5,ana_plaq,5,293.0,117.75058386267136,15
5,ana_leuc,16,8.2325,2.5167873867293595,15
5,ana_neu,1301,6.558581091468102,3.157277902651182,15
5,protcrea,1650,27.438841212121215,46.00123465805777,15
5,splanchnic,586,0.011945392491467578,0.10864023237131062,15
1,raza,532,2.93609022556391,0.5846197074899747,16
1,ant_inf,31,0.03225806451612903,0.17668469596940845,16
1,ant_isq,32,0.0,0.0,16
1,ant_clau,32,0.0,0.0,16
1,fum_act,42,0.35714285714285715,0.4791574237499549,16
1,diabetes,30,0.03333333333333333,0.1795054935711501,16
1,hip_art,31,0.3870967741935484,0.4870860925981129,16
1,insf_car,5,0.0,0.0,16
1,fibr_aur,241,0.008298755186721992,0.09071871829491887,16
1,trat_est,36,0.19444444444444445,0.39577241246597245,16
1,var171,27,0.07407407407407407,0.2618914004394621,16
1,tv_l_esu,450,0.0044444444444444444,0.06651835354264785,16
1,tvp_orig,1608,0.36318407960199006,0.48091725268038105,16
1,tv_l_ein,348,0.7557471264367817,0.4296433489760186,16
1,tvp_prox,693,0.8715728715728716,0.33456479359175,16
1,tv_l_svc,601,0.0066555740432612314,0.08130976188266635,16
1,tv_l_vre,624,0.00641025641025641,0.07980704870505599,16
1,tv_l_vrn,616,0.008116883116883116,0.08972736107425636,16
1,tv_l_vca,1165,0.055793991416309016,0.22952346707503757,16
1,tv_l_yug,1177,0.016142735768903994,0.12602439387197759,16
1,tv_l_ova,1179,0.0033927056827820186,0.05814804580492828,16
1,tv_l_sup,1178,0.010186757215619695,0.10041407865956704,16
1,tv_l_pul,1178,0.008488964346349746,0.09174367460853171,16
1,tv_l_ove,617,0.04538087520259319,0.20813805843343466,16
1,fr_antfa,876,0.1449771689497717,0.35207781729765514,16
1,fr_tvs_a,328,0.04878048780487805,0.21540880161775236,16
1,fr_viaje,13,0.07692307692307693,0.26646935501059654,16
1,fr_estro,19,0.05263157894736842,0.22329687826943606,16
1,fr_varic,38,0.10526315789473684,0.3068922049918579,16
1,fr_antec,1,0.0,0.0,16
1,ana_dime,235,1.5872340425531914,0.5495131389738869,16
1,ana_crea,56,0.9285714285714286,0.25753937681885636,16
1,ana_trop,1064,0.8768796992481203,0.3285752460162609,16
1,tension_,81,128.69135802469137,17.169914813387365,16
1,ana_hemo,6,14.083333333333334,0.9889669132764531,16
1,ana_plaq,5,218.6,70.0217109188286,16
1,ana_leuc,16,9.133125,6.115213322883757,16
1,ana_neu,1301,6.709670253651037,3.1665165078392956,16
1,protcrea,1650,65.87065333333334,60.02969309397973,16
1,splanchnic,586,0.030716723549488054,0.17254914211282646,16
2,raza,532,2.93796992481203,0.5396897735987426,16
2,ant_inf,31,0.03225806451612903,0.17668469596940847,16
2,ant_isq,32,0.0,0.0,16
2,ant_clau,32,0.0,0.0,16
2,fum_act,42,0.2857142857142857,0.45175395145262554,16
2,diabetes,30,0.2,0.4000000000000001,16
2,hip_art,31,0.3548387096774194,0.4784644185223008,16
2,insf_car,5,0.2,0.4,16
2,fibr_aur,241,0.024896265560165973,0.15580899050222893,16
2,trat_est,36,0.08333333333333333,0.27638539919628335,16
2,var171,27,0.037037037037037035,0.18885257457751053,16
2,tv_l_esu,450,0.013333333333333334,0.11469767022723505,16
2,tvp_orig,1608,0.39676616915422885,0.4892267124441457,16
2,tv_l_ein,348,0.7902298850574713,0.4071444630834699,16
2,tvp_prox,693,0.8701298701298701,0.33616049624791644,16
2,tv_l_svc,601,0.009983361064891847,0.09941676703021403,16
2,tv_l_vre,624,0.011217948717948718,0.1053190692349215,16
2,tv_l_vrn,616,0.0016233766233766235,0.04025843106375729,16
2,tv_l_vca,1165,0.05236051502145923,0.22275298311840128,16
2,tv_l_yug,1177,0.01784197111299915,0.13237686799362663,16
2,tv_l_ova,1179,0.007633587786259542,0.0870362919923006,16
2,tv_l_sup,1178,0.012733446519524618,0.11212183489070726,16
2,tv_l_pul,1178,0.0,0.0,16
2,tv_l_ove,617,0.03241491085899514,0.17709936310726396,16
2,fr_antfa,876,0.1324200913242009,0.3389469143359934,16
2,fr_tvs_a,328,0.027439024390243903,0.16335888200754647,16
2,fr_viaje,13,0.0,0.0,16
2,fr_estro,19,0.05263157894736842,0.22329687826943606,16
2,fr_varic,38,0.23684210526315788,0.42514459003693444,16
2,fr_antec,1,0.0,0.0,16
2,ana_dime,235,1.5148936170212766,0.5484906653346596,16
2,ana_crea,56,0.9107142857142857,0.2851557039762734,16
2,ana_trop,1064,0.9050751879699248,0.29311105760637907,16
2,tension_,81,131.08641975308643,21.507505167728237,16
2,ana_hemo,6,13.800000000000002,1.0984838035522722,16
2,ana_plaq,5,501.4,367.9111849346252,16
2,ana_leuc,16,10.003125,9.272182670999046,16
2,ana_neu,1301,6.516066871637201,3.259792215168617,16
2,protcrea,1650,24.209952727272732,34.23434479771264,16
2,splanchnic,586,0.015358361774744027,0.12297350323683595,16
3,raza,532,2.9586466165413534,0.46511827577346077,16
3,ant_inf,31,0.0,0.0,16
3,ant_isq,32,0.0,0.0,16
3,ant_clau,32,0.0,0.0,16
3,fum_act,42,0.35714285714285715,0.4791574237499549,16
3,diabetes,30,0.1,0.3,16
3,hip_art,31,0.25806451612903225,0.4375696763306625,16
3,insf_car,5,0.0,0.0,16
3,fibr_aur,241,0.02074688796680498,0.14253580113956568,16
3,trat_est,36,0.16666666666666666,0.37267799624996495,16
3,var171,27,0.07407407407407407,0.2618914004394621,16
3,tv_l_esu,450,0.008888888888888889,0.09386094258641277,16
3,tvp_orig,1608,0.26181592039800994,0.43962295688937,16
3,tv_l_ein,348,0.7586206896551724,0.42791978089623645,16
3,tvp_prox,693,0.8874458874458875,0.3160469653410213,16
3,tv_l_svc,601,0.008319467554076539,0.09083090891152201,16
3,tv_l_vre,624,0.017628205128205128,0.13159578835267885,16
3,tv_l_vrn,616,0.012987012987012988,0.11321815437767983,16
3,tv_l_vca,1165,0.048068669527897,0.21391136607883843,16
3,tv_l_yug,1177,0.02888700084961767,0.1674889310716737,16
3,tv_l_ova,1179,0.004240882103477523,0.06498382123622716,16
3,tv_l_sup,1178,0.003395585738539898,0.05817263734808765,16
3,tv_l_pul,1178,0.0050933786078098476,0.07118592629282386,16
3,tv_l_ove,617,0.05834683954619125,0.2343981353619569,16
3,fr_antfa,876,0.1358447488584475,0.342623631797389,16
3,fr_tvs_a,328,0.06402439024390244,0.24479638007494914,16
3,fr_viaje,13,0.0,0.0,16
3,fr_estro,19,0.05263157894736842,0.22329687826943606,16
3,fr_varic,38,0.15789473684210525,0.3646422752776584,16
3,fr_antec,1,0.0,0.0,16
3,ana_dime,235,1.5063829787234042,0.5933691238656463,16
3,ana_crea,56,0.875,0.33071891388307384,16
3,ana_trop,1064,0.8646616541353384,0.3420846064985662,16
3,tension_,81,131.9506172839506,23.47202234474682,16
3,ana_hemo,6,14.316666666666668,1.7525378423557334,16
3,ana_plaq,5,210.4,68.3128099261039,16
3,ana_leuc,16,8.715625,5.489772272997761,16
3,ana_neu,1301,6.04317524980784,3.148098900967275,16
3,protcrea,1650,56.31140484848485,57.404296193290335,16
3,splanchnic,586,0.025597269624573378,0.15793052083856454,16
4,raza,532,2.9398496240601504,0.558723013628851,16
4,ant_inf,31,0.0,0.0,16
4,ant_isq,32,0.03125,0.17399263633843817,16
4,ant_clau,32,0.03125,0.17399263633843817,16
4,fum_act,42,0.23809523809523808,0.4259177099999599,16
4,diabetes,30,0.1,0.3,16
4,hip_art,31,0.3548387096774194,0.47846441852230076,16
4,insf_car,5,0.2,0.4,16
4,fibr_aur,241,0.029045643153526972,0.1679344924883657,16
4,trat_est,36,0.2222222222222222,0.41573970964154905,16
4,var171,27,0.037037037037037035,0.18885257457751053,16
4,tv_l_esu,450,0.02,0.13999999999999999,16
4,tvp_orig,1608,0.3246268656716418,0.468235265391072,16
4,tv_l_ein,348,0.7614942528735632,0.4261698672056683,16
4,tvp_prox,693,0.8759018759018758,0.32969346322523696,16
4,tv_l_svc,601,0.004991680532445923,0.07047526983210439,16
4,tv_l_vre,624,0.011217948717948718,0.1053190692349215,16
4,tv_l_vrn,616,0.00487012987012987,0.06961617416360898,16
4,tv_l_vca,1165,0.048068669527897,0.21391136607883846,16
4,tv_l_yug,1177,0.016142735768903994,0.12602439387197759,16
4,tv_l_ova,1179,0.0,0.0,16
4,tv_l_sup,1178,0.01697792869269949,0.12918853908147232,16
4,tv_l_pul,1178,0.010186757215619695,0.10041407865956704,16
4,tv_l_ove,617,0.03727714748784441,0.1894401271193986,16
4,fr_antfa,876,0.1689497716894977,0.37470754774298887,16
4,fr_tvs_a,328,0.051829268292682924,0.2216821942351889,16
4,fr_viaje,13,0.07692307692307693,0.26646935501059654,16
4,fr_estro,19,0.0,0.0,16
4,fr_varic,38,0.18421052631578946,0.3876557858593746,16
4,fr_antec,1,0.0,0.0,16
4,ana_dime,235,1.4978723404255319,0.6005279102065745,16
4,ana_crea,56,0.75,0.4330127018922193,16
4,ana_trop,1064,0.8590225563909775,0.34799828160852664,16
4,tension_,81,134.14814814814815,20.6918073553852,16
4,ana_hemo,6,13.533333333333333,0.9374907406950156,16
4,ana_plaq,5,272.2,73.44222218860212,16
4,ana_leuc,16,8.134374999999999,4.27053709846607,16
4,ana_neu,1301,6.889247501921599,3.173738875625516,16
4,protcrea,1650,71.58002424242424,62.81819561414984,16
4,splanchnic,586,0.025597269624573378,0.15793052083856451,16
5,raza,532,2.941729323308271,0.5572381023171137,16
5,ant_inf,31,0.03225806451612903,0.17668469596940847,16
5,ant_isq,32,0.0625,0.24206145913796356,16
5,ant_clau,32,0.03125,0.17399263633843817,16
5,fum_act,42,0.21428571428571427,0.41032590332414487,16
5,diabetes,30,0.03333333333333333,0.17950549357115012,16
5,hip_art,31,0.3225806451612903,0.4674637660061109,16
5,insf_car,5,0.2,0.4,16
5,fibr_aur,241,0.004149377593360996,0.06428188126485339,16
5,trat_est,36,0.1388888888888889,0.345830544388576,16
5,var171,27,0.037037037037037035,0.18885257457751053,16
5,tv_l_esu,450,0.022222222222222223,0.14740554623801777,16
5,tvp_orig,1608,0.32027363184079605,0.46658164621886095,16
5,tv_l_ein,348,0.7701149425287356,0.4207587406373133,16
5,tvp_prox,693,0.8946608946608947,0.30698986664947464,16
5,tv_l_svc,601,0.011647254575707155,0.1072921061241498,16
5,tv_l_vre,624,0.008012820512820512,0.08915500670321233,16
5,tv_l_vrn,616,0.006493506493506494,0.0803202394600843,16
5,tv_l_vca,1165,0.05665236051502146,0.23117714109119328,16
5,tv_l_yug,1177,0.02463891248937978,0.15502205159499233,16
5,tv_l_ova,1179,0.008481764206955046,0.09170509191365911,16
5,tv_l_sup,1178,0.005942275042444821,0.07685677855443043,16
5,tv_l_pul,1178,0.0,0.0,16
5,tv_l_ove,617,0.03403565640194489,0.18132079443691404,16
5,fr_antfa,876,0.1267123287671233,0.3326504389077756,16
5,fr_tvs_a,328,0.03353658536585366,0.18003300477371498,16
5,fr_viaje,13,0.0,0.0,16
5,fr_estro,19,0.0,0.0,16
5,fr_varic,38,0.13157894736842105,0.33803243628066115,16
5,fr_antec,1,0.0,0.0,16
5,ana_dime,235,1.5106382978723405,0.5485896976845386,16
5,ana_crea,56,0.8571428571428571,0.3499271061118826,16
5,ana_trop,1064,0.8627819548872181,0.3440773942127098,16
5,tension_,81,126.61728395061728,21.352750365670257,16
5,ana_hemo,6,13.649999999999999,0.6970174555442161,16
5,ana_plaq,5,235.2,56.11559498036174,16
5,ana_leuc,16,7.734374999999999,3.8847328877768414,16
5,ana_neu,1301,6.1196779400461185,3.1174070240288105,16
5,protcrea,1650,32.44898787878788,44.51045342885509,16
5,splanchnic,586,0.020477815699658702,0.14162794485492441,16
1,raza,532,2.9285714285714284,0.5153393550981691,17
1,ant_inf,31,0.03225806451612903,0.17668469596940847,17
1,ant_isq,32,0.0,0.0,17
1,ant_clau,32,0.03125,0.17399263633843817,17
1,fum_act,42,0.14285714285714285,0.3499271061118826,17
1,diabetes,30,0.0,0.0,17
1,hip_art,31,0.22580645161290322,0.4181123031230878,17
1,insf_car,5,0.0,0.0,17
1,fibr_aur,241,0.012448132780082987,0.11087459930197004,17
1,trat_est,36,0.1111111111111111,0.3142696805273545,17
1,var171,27,0.14814814814814814,0.3552467795046459,17
1,tv_l_esu,450,0.011111111111111112,0.10482201257840672,17
1,tvp_orig,1608,0.26803482587064675,0.4429358395875624,17
1,tv_l_ein,348,0.7701149425287356,0.4207587406373133,17
1,tvp_prox,693,0.8715728715728716,0.33456479359175,17
1,tv_l_svc,601,0.009983361064891847,0.09941676703021403,17
1,tv_l_vre,624,0.009615384615384616,0.09758549581819442,17
1,tv_l_vrn,616,0.011363636363636364,0.10599294378510017,17
1,tv_l_vca,1165,0.06866952789699571,0.2528913281142701,17
1,tv_l_yug,1177,0.021240441801189464,0.14418490015698507,17
1,tv_l_ova,1179,0.0008481764206955047,0.029111115015658207,17
1,tv_l_sup,1178,0.011884550084889643,0.1083665425958095,17
1,tv_l_pul,1178,0.0050933786078098476,0.07118592629282386,17
1,tv_l_ove,617,0.04862236628849271,0.21507726933593044,17
1,fr_antfa,876,0.17579908675799086,0.38064914009235234,17
1,fr_tvs_a,328,0.03353658536585366,0.18003300477371498,17
1,fr_viaje,13,0.07692307692307693,0.26646935501059654,17
1,fr_estro,19,0.0,0.0,17
1,fr_varic,38,0.07894736842105263,0.2696565991042,17
1,fr_antec,1,0.0,0.0,17
1,ana_dime,235,1.4680851063829787,0.5705937120633781,17
1,ana_crea,56,0.8928571428571429,0.30929478706587094,17
1,ana_trop,1064,0.8862781954887218,0.31747307868538527,17
1,tension_,81,133.98765432098764,20.19075318681491,17
1,ana_hemo,6,13.399999999999999,2.5357444666211935,17
1,ana_plaq,5,304.4,129.76070283410152,17
1,ana_leuc,16,7.640000000000001,2.701719359963207,17
1,ana_neu,1301,6.645574173712529,3.1760272243991707,17
1,protcrea,1650,67.59279393939393,52.77307760832705,17
1,splanchnic,586,0.025597269624573378,0.15793052083856454,17
2,raza,532,2.851503759398496,0.6789930583548976,17
2,ant_inf,31,0.03225806451612903,0.17668469596940847,17
2,ant_isq,32,0.0,0.0,17
2,ant_clau,32,0.0,0.0,17
2,fum_act,42,0.23809523809523808,0.4259177099999599,17
2,diabetes,30,0.06666666666666667,0.24944382578492943,17
2,hip_art,31,0.12903225806451613,0.33523564017462143,17
2,insf_car,5,0.0,0.0,17
2,fibr_aur,241,0.008298755186721992,0.09071871829491887,17
2,trat_est,36,0.19444444444444445,0.39577241246597245,17
2,var171,27,0.037037037037037035,0.18885257457751053,17
2,tv_l_esu,450,0.02666666666666667,0.16110727964792765,17
2,tvp_orig,1608,0.25497512437810943,0.43584723278515497,17
2,tv_l_ein,348,0.7729885057471264,0.41890007845541294,17
2,tvp_prox,693,0.86002886002886,0.3469570866062826,17
2,tv_l_svc,601,0.0033277870216306157,0.057590909483782954,17
2,tv_l_vre,624,0.00641025641025641,0.07980704870505599,17
2,tv_l_vrn,616,0.011363636363636364,0.10599294378510019,17
2,tv_l_vca,1165,0.08755364806866953,0.28264466522214265,17
2,tv_l_yug,1177,0.015293118096856415,0.1227160895552495,17
2,tv_l_ova,1179,0.004240882103477523,0.06498382123622716,17
2,tv_l_sup,1178,0.001697792869269949,0.041169289144251754,17
2,tv_l_pul,1178,0.010186757215619695,0.10041407865956703,17
2,tv_l_ove,617,0.05672609400324149,0.23131849096511264,17
2,fr_antfa,876,0.11301369863013698,0.31660954273690733,17
2,fr_tvs_a,328,0.027439024390243903,0.16335888200754647,17
2,fr_viaje,13,0.0,0.0,17
2,fr_estro,19,0.05263157894736842,0.22329687826943606,17
2,fr_varic,38,0.18421052631578946,0.3876557858593746,17
2,fr_antec,1,0.0,0.0,17
2,ana_dime,235,1.5191489361702128,0.5711646548276602,17
2,ana_crea,56,0.8928571428571429,0.30929478706587094,17
2,ana_trop,1064,0.8505639097744361,0.35651780483400974,17
2,tension_,81,131.7530864197531,18.27940274046412,17
2,ana_hemo,6,13.6,1.4583095236151569,17
2,ana_plaq,5,257.4,55.998571410349385,17
2,ana_leuc,16,7.68375,2.3768515808733204,17
2,ana_neu,1301,6.584047655649502,3.1964353766137776,17
2,protcrea,1650,73.61587878787878,54.466323451177956,17
2,splanchnic,586,0.020477815699658702,0.14162794485492444,17
3,raza,532,2.922932330827068,0.5650208352734114,17
3,ant_inf,31,0.0,0.0,17
3,ant_isq,32,0.0,0.0,17
3,ant_clau,32,0.0,0.0,17
3,fum_act,42,0.14285714285714285,0.3499271061118826,17
3,diabetes,30,0.16666666666666666,0.3726779962499649,17
3,hip_art,31,0.22580645161290322,0.4181123031230878,17
3,insf_car,5,0.0,0.0,17
3,fibr_aur,241,0.02074688796680498,0.14253580113956568,17
3,trat_est,36,0.19444444444444445,0.39577241246597245,17
3,var171,27,0.0,0.0,17
3,tv_l_esu,450,0.015555555555555555,0.12374805148734094,17
3,tvp_orig,1608,0.22263681592039802,0.41601642289364593,17
3,tv_l_ein,348,0.7729885057471264,0.418900078455413,17
3,tvp_prox,693,0.8759018759018758,0.32969346322523696,17
3,tv_l_svc,601,0.0033277870216306157,0.057590909483782954,17
3,tv_l_vre,624,0.008012820512820512,0.08915500670321233,17
3,tv_l_vrn,616,0.006493506493506494,0.0803202394600843,17
3,tv_l_vca,1165,0.054935622317596564,0.2278545582563029,17
3,tv_l_yug,1177,0.008496176720475786,0.0917823060377665,17
3,tv_l_ova,1179,0.005937234944868533,0.0768243723441849,17
3,tv_l_sup,1178,0.0025466893039049238,0.05040043330661254,17
3,tv_l_pul,1178,0.003395585738539898,0.05817263734808765,17
3,tv_l_ove,617,0.10210696920583469,0.30278892985945405,17
3,fr_antfa,876,0.14383561643835616,0.3509229714369725,17
3,fr_tvs_a,328,0.039634146341463415,0.1950981311680019,17
3,fr_viaje,13,0.0,0.0,17
3,fr_estro,19,0.05263157894736842,0.22329687826943606,17
3,fr_varic,38,0.18421052631578946,0.38765578585937455,17
3,fr_antec,1,0.0,0.0,17
3,ana_dime,235,1.523404255319149,0.5635045227998926,17
3,ana_crea,56,0.8928571428571429,0.30929478706587094,17
3,ana_trop,1064,0.8862781954887218,0.31747307868538527,17
3,tension_,81,133.08641975308643,20.36772897203143,17
3,ana_hemo,6,12.716666666666667,3.9771919183709947,17
3,ana_plaq,5,235.8,55.242737079185346,17
3,ana_leuc,16,7.567500000000001,2.6883975245487783,17
3,ana_neu,1301,6.55130284396618,3.2217192879566037,17
3,protcrea,1650,74.94024121212121,55.83823789672188,17
3,splanchnic,586,0.017064846416382253,0.12951307823215205,17
4,raza,532,2.9511278195488724,0.4957134360997613,17
4,ant_inf,31,0.0,0.0,17
4,ant_isq,32,0.0625,0.24206145913796356,17
4,ant_clau,32,0.09375,0.2914805954090255,17
4,fum_act,42,0.21428571428571427,0.41032590332414487,17
4,diabetes,30,0.1,0.30000000000000004,17
4,hip_art,31,0.2903225806451613,0.4539112025635577,17
4,insf_car,5,0.0,0.0,17
4,fibr_aur,241,0.016597510373443983,0.12775771218539964,17
4,trat_est,36,0.19444444444444445,0.39577241246597245,17
4,var171,27,0.0,0.0,17
4,tv_l_esu,450,0.02,0.13999999999999999,17
4,tvp_orig,1608,0.2506218905472637,0.4333711556227283,17
4,tv_l_ein,348,0.7672413793103449,0.4225896889233153,17
4,tvp_prox,693,0.8917748917748918,0.3106645042079507,17
4,tv_l_svc,601,0.014975041597337771,0.1214528292239245,17
4,tv_l_vre,624,0.004807692307692308,0.06917064697085652,17
4,tv_l_vrn,616,0.003246753246753247,0.05688771255823126,17
4,tv_l_vca,1165,0.04206008583690987,0.2007262688745587,17
4,tv_l_yug,1177,0.01784197111299915,0.13237686799362663,17
4,tv_l_ova,1179,0.004240882103477523,0.06498382123622715,17
4,tv_l_sup,1178,0.01867572156196944,0.13537702532597337,17
4,tv_l_pul,1178,0.008488964346349746,0.09174367460853172,17
4,tv_l_ove,617,0.05672609400324149,0.23131849096511264,17
4,fr_antfa,876,0.136986301369863,0.3438328876167434,17
4,fr_tvs_a,328,0.039634146341463415,0.1950981311680019,17
4,fr_viaje,13,0.0,0.0,17
4,fr_estro,19,0.05263157894736842,0.22329687826943606,17
4,fr_varic,38,0.18421052631578946,0.38765578585937455,17
4,fr_antec,1,1.0,0.0,17
4,ana_dime,235,1.4936170212765958,0.5788485471704494,17
4,ana_crea,56,0.9107142857142857,0.28515570397627343,17
4,ana_trop,1064,0.8778195488721805,0.32749410451185534,17
4,tension_,81,131.74074074074073,16.58481960790083,17
4,ana_hemo,6,11.933333333333332,3.08472941366914,17
4,ana_plaq,5,233.6,76.16455868709541,17
4,ana_leuc,16,7.695,3.1835966295999247,17
4,ana_neu,1301,6.594740199846272,3.174917328317494,17
4,protcrea,1650,54.948919999999994,48.03911922993114,17
4,splanchnic,586,0.02218430034129693,0.14728257588616536,17
5,raza,532,2.887218045112782,0.6506692371825544,17
5,ant_inf,31,0.06451612903225806,0.24567010018915833,17
5,ant_isq,32,0.0,0.0,17
5,ant_clau,32,0.0,0.0,17
5,fum_act,42,0.30952380952380953,0.4622973294987523,17
5,diabetes,30,0.1,0.3,17
5,hip_art,31,0.16129032258064516,0.3677985242255284,17
5,insf_car,5,0.0,0.0,17
5,fibr_aur,241,0.004149377593360996,0.06428188126485339,17
5,trat_est,36,0.1388888888888889,0.34583054438857597,17
5,var171,27,0.037037037037037035,0.18885257457751053,17
5,tv_l_esu,450,0.017777777777777778,0.1321428333094978,17
5,tvp_orig,1608,0.2562189054726368,0.43654413058823827,17
5,tv_l_ein,348,0.7298850574712644,0.4440189864762919,17
5,tvp_prox,693,0.8614718614718615,0.3454534604893507,17
5,tv_l_svc,601,0.011647254575707155,0.1072921061241498,17
5,tv_l_vre,624,0.00641025641025641,0.07980704870505599,17
5,tv_l_vrn,616,0.006493506493506494,0.0803202394600843,17
5,tv_l_vca,1165,0.07210300429184549,0.25865838680378334,17
5,tv_l_yug,1177,0.01954120645709431,0.13841729554970914,17
5,tv_l_ova,1179,0.004240882103477523,0.06498382123622715,17
5,tv_l_sup,1178,0.016129032258064516,0.12597176896623638,17
5,tv_l_pul,1178,0.003395585738539898,0.058172637348087655,17
5,tv_l_ove,617,0.059967585089141004,0.23742677571773077,17
5,fr_antfa,876,0.1678082191780822,0.3736958934138331,17
5,fr_tvs_a,328,0.06097560975609756,0.23928557158961683,17
5,fr_viaje,13,0.0,0.0,17
5,fr_estro,19,0.0,0.0,17
5,fr_varic,38,0.15789473684210525,0.3646422752776584,17
5,fr_antec,1,0.0,0.0,17
5,ana_dime,235,1.6042553191489362,0.5226599100951238,17
5,ana_crea,56,0.875,0.33071891388307384,17
5,ana_trop,1064,0.8919172932330827,0.31048483902576285,17
5,tension_,81,134.77777777777777,23.627249386677384,17
5,ana_hemo,6,14.183333333333335,1.3321870072261708,17
5,ana_plaq,5,287.2,123.40729313942511,17
5,ana_leuc,16,7.2325,2.9449925721468295,17
5,ana_neu,1301,6.58868101460415,3.113867904822946,17
5,protcrea,1650,71.61340606060605,54.2896983020912,17
5,splanchnic,586,0.025597269624573378,0.15793052083856451,17
1,raza,532,2.8759398496240602,0.6339576580272581,18
1,ant_inf,31,0.0,0.0,18
1,ant_isq,32,0.03125,0.17399263633843817,18
1,ant_clau,32,0.0625,0.24206145913796356,18
1,fum_act,42,0.30952380952380953,0.46229732949875235,18
1,diabetes,30,0.13333333333333333,0.33993463423951903,18
1,hip_art,31,0.3548387096774194,0.47846441852230076,18
1,insf_car,5,0.0,0.0,18
1,fibr_aur,241,0.004149377593360996,0.06428188126485339,18
1,trat_est,36,0.16666666666666666,0.37267799624996495,18
1,var171,27,0.0,0.0,18
1,tv_l_esu,450,0.011111111111111112,0.10482201257840673,18
1,tvp_orig,1608,0.25,0.4330127018922193,18
1,tv_l_ein,348,0.7557471264367817,0.4296433489760186,18
1,tvp_prox,693,0.8455988455988456,0.3613328630511558,18
1,tv_l_svc,601,0.0016638935108153079,0.04075690087825587,18
1,tv_l_vre,624,0.004807692307692308,0.06917064697085652,18
1,tv_l_vrn,616,0.0016233766233766235,0.04025843106375729,18
1,tv_l_vca,1165,0.041201716738197426,0.19875647228712523,18
1,tv_l_yug,1177,0.0118946474086661,0.10841201396381128,18
1,tv_l_ova,1179,0.0033927056827820186,0.05814804580492828,18
1,tv_l_sup,1178,0.010186757215619695,0.10041407865956704,18
1,tv_l_pul,1178,0.010186757215619695,0.10041407865956704,18
1,tv_l_ove,617,0.04700162074554295,0.21164231238775266,18
1,fr_antfa,876,0.1552511415525114,0.36214392801640827,18
1,fr_tvs_a,328,0.06402439024390244,0.24479638007494914,18
1,fr_viaje,13,0.0,0.0,18
1,fr_estro,19,0.05263157894736842,0.22329687826943606,18
1,fr_varic,38,0.21052631578947367,0.4076824574955175,18
1,fr_antec,1,0.0,0.0,18
1,ana_dime,235,1.5148936170212766,0.5484906653346596,18
1,ana_crea,56,0.8392857142857143,0.36726721073577023,18
1,ana_trop,1064,0.8374060150375939,0.3689948251892578,18
1,tension_,81,131.8148148148148,20.489148655325515,18
1,ana_hemo,6,14.066666666666665,1.256538454998051,18
1,ana_plaq,5,321.6,193.73652211186203,18
1,ana_leuc,16,8.5125,3.1719069579670838,18
1,ana_neu,1301,6.48679707916987,3.2173936841331923,18
1,protcrea,1650,88.26914545454547,40.34421321919431,18
1,splanchnic,586,0.017064846416382253,0.12951307823215205,18
2,raza,532,2.9342105263157894,0.5286835836476484,18
2,ant_inf,31,0.0,0.0,18
2,ant_isq,32,0.0,0.0,18
2,ant_clau,32,0.03125,0.17399263633843817,18
2,fum_act,42,0.07142857142857142,0.25753937681885636,18
2,diabetes,30,0.06666666666666667,0.24944382578492943,18
2,hip_art,31,0.25806451612903225,0.4375696763306625,18
2,insf_car,5,0.0,0.0,18
2,fibr_aur,241,0.024896265560165973,0.15580899050222896,18
2,trat_est,36,0.1111111111111111,0.3142696805273545,18
2,var171,27,0.1111111111111111,0.3142696805273545,18
2,tv_l_esu,450,0.011111111111111112,0.1048220125784067,18
2,tvp_orig,1608,0.23818407960199006,0.42597232753565445,18
2,tv_l_ein,348,0.8103448275862069,0.3920281724448991,18
2,tvp_prox,693,0.8903318903318903,0.3124756236731645,18
2,tv_l_svc,601,0.018302828618968387,0.1340441534850105,18
2,tv_l_vre,624,0.011217948717948718,0.1053190692349215,18
2,tv_l_vrn,616,0.008116883116883116,0.08972736107425636,18
2,tv_l_vca,1165,0.06094420600858369,0.23922794519572121,18
2,tv_l_yug,1177,0.015293118096856415,0.12271608955524951,18
2,tv_l_ova,1179,0.0008481764206955047,0.02911111501565821,18
2,tv_l_sup,1178,0.005942275042444821,0.07685677855443043,18
2,tv_l_pul,1178,0.010186757215619695,0.10041407865956703,18
2,tv_l_ove,617,0.05186385737439222,0.22175210860923264,18
2,fr_antfa,876,0.11643835616438356,0.3207498486018656,18
2,fr_tvs_a,328,0.054878048780487805,0.22774206581686704,18
2,fr_viaje,13,0.0,0.0,18
2,fr_estro,19,0.05263157894736842,0.22329687826943606,18
2,fr_varic,38,0.18421052631578946,0.3876557858593746,18
2,fr_antec,1,0.0,0.0,18
2,ana_dime,235,1.5617021276595744,0.5452125064867054,18
2,ana_crea,56,0.9107142857142857,0.2851557039762734,18
2,ana_trop,1064,0.8627819548872181,0.3440773942127098,18
2,tension_,81,131.25925925925927,21.962806819755997,18
2,ana_hemo,6,12.549999999999999,1.9224550276491084,18
2,ana_plaq,5,269.4,55.56113749735511,18
2,ana_leuc,16,8.358125000000001,2.951171840875248,18
2,ana_neu,1301,6.461569561875481,3.1648148498427644,18
2,protcrea,1650,50.97847515151515,50.78409526849608,18
2,splanchnic,586,0.013651877133105802,0.11604095563139932,18
3,raza,532,2.9135338345864663,0.6372263623118127,18
3,ant_inf,31,0.03225806451612903,0.17668469596940847,18
3,ant_isq,32,0.03125,0.17399263633843817,18
3,ant_clau,32,0.0,0.0,18
3,fum_act,42,0.30952380952380953,0.4622973294987523,18
3,diabetes,30,0.1,0.3,18
3,hip_art,31,0.25806451612903225,0.43756967633066246,18
3,insf_car,5,0.2,0.4,18
3,fibr_aur,241,0.016597510373443983,0.12775771218539964,18
3,trat_est,36,0.1388888888888889,0.345830544388576,18
3,var171,27,0.07407407407407407,0.2618914004394621,18
3,tv_l_esu,450,0.017777777777777778,0.1321428333094978,18
3,tvp_orig,1608,0.29850746268656714,0.4576032751270415,18
3,tv_l_ein,348,0.8103448275862069,0.39202817244489907,18
3,tvp_prox,693,0.8744588744588745,0.33133148256541045,18
3,tv_l_svc,601,0.0066555740432612314,0.08130976188266634,18
3,tv_l_vre,624,0.00641025641025641,0.07980704870505599,18
3,tv_l_vrn,616,0.0016233766233766235,0.04025843106375729,18
3,tv_l_vca,1165,0.04721030042918455,0.21208839657692427,18
3,tv_l_yug,1177,0.01954120645709431,0.1384172955497091,18
3,tv_l_ova,1179,0.0033927056827820186,0.05814804580492828,18
3,tv_l_sup,1178,0.0025466893039049238,0.05040043330661255,18
3,tv_l_pul,1178,0.001697792869269949,0.041169289144251754,18
3,tv_l_ove,617,0.055105348460291734,0.22818577745197346,18
3,fr_antfa,876,0.13470319634703196,0.3414062759249234,18
3,fr_tvs_a,328,0.051829268292682924,0.2216821942351889,18
3,fr_viaje,13,0.07692307692307693,0.26646935501059654,18
3,fr_estro,19,0.10526315789473684,0.3068922049918579,18
3,fr_varic,38,0.18421052631578946,0.3876557858593745,18
3,fr_antec,1,0.0,0.0,18
3,ana_dime,235,1.523404255319149,0.5403752699026093,18
3,ana_crea,56,0.8392857142857143,0.36726721073577023,18
3,ana_trop,1064,0.8308270676691729,0.3749045895923608,18
3,tension_,81,133.06172839506172,23.448575559681288,18
3,ana_hemo,6,14.433333333333332,1.4126413400278062,18
3,ana_plaq,5,299.2,111.64479387772634,18
3,ana_leuc,16,7.844374999999999,2.9972674404155195,18
3,ana_neu,1301,6.324202920830131,3.1646012709374842,18
3,protcrea,1650,90.67534181818182,52.65256449047631,18
3,splanchnic,586,0.013651877133105802,0.11604095563139932,18
4,raza,532,2.9793233082706765,0.5393754331426092,18
4,ant_inf,31,0.03225806451612903,0.17668469596940847,18
4,ant_isq,32,0.0,0.0,18
4,ant_clau,32,0.09375,0.2914805954090255,18
4,fum_act,42,0.21428571428571427,0.41032590332414487,18
4,diabetes,30,0.06666666666666667,0.24944382578492943,18
4,hip_art,31,0.3548387096774194,0.47846441852230076,18
4,insf_car,5,0.0,0.0,18
4,fibr_aur,241,0.02074688796680498,0.14253580113956568,18
4,trat_est,36,0.16666666666666666,0.37267799624996495,18
4,var171,27,0.0,0.0,18
4,tv_l_esu,450,0.0044444444444444444,0.06651835354264785,18
4,tvp_orig,1608,0.21703980099502487,0.4122299428463014,18
4,tv_l_ein,348,0.7988505747126436,0.40085949407981175,18
4,tvp_prox,693,0.8802308802308803,0.3246913576288257,18
4,tv_l_svc,601,0.0016638935108153079,0.04075690087825587,18
4,tv_l_vre,624,0.008012820512820512,0.08915500670321233,18
4,tv_l_vrn,616,0.0,0.0,18
4,tv_l_vca,1165,0.034334763948497854,0.18208758313816678,18
4,tv_l_yug,1177,0.020390824129141887,0.1413330761728347,18
4,tv_l_ova,1179,0.004240882103477523,0.06498382123622715,18
4,tv_l_sup,1178,0.005942275042444821,0.07685677855443043,18
4,tv_l_pul,1178,0.0008488964346349745,0.029123458061814,18
4,tv_l_ove,617,0.04051863857374392,0.1971722051960525,18
4,fr_antfa,876,0.15639269406392695,0.3632272282020635,18
4,fr_tvs_a,328,0.06097560975609756,0.23928557158961683,18
4,fr_viaje,13,0.07692307692307693,0.26646935501059654,18
4,fr_estro,19,0.0,0.0,18
4,fr_varic,38,0.10526315789473684,0.3068922049918579,18
4,fr_antec,1,0.0,0.0,18
4,ana_dime,235,1.5702127659574467,0.5596027822300238,18
4,ana_crea,56,0.9464285714285714,0.22517000380211594,18
4,ana_trop,1064,0.8740601503759399,0.3317815605194618,18
4,tension_,81,130.25925925925927,20.707115600400268,18
4,ana_hemo,6,13.883333333333333,1.0542243067245642,18
4,ana_plaq,5,247.2,84.65081216385346,18
4,ana_leuc,16,7.910625,3.611664209111223,18
4,ana_neu,1301,6.647133743274405,3.2420261825640697,18
4,protcrea,1650,66.54525575757576,50.18209690679004,18
4,splanchnic,586,0.023890784982935155,0.1527089236941781,18
5,raza,532,2.924812030075188,0.6297637718036263,18
5,ant_inf,31,0.03225806451612903,0.17668469596940845,18
5,ant_isq,32,0.03125,0.17399263633843817,18
5,ant_clau,32,0.03125,0.17399263633843817,18
5,fum_act,42,0.30952380952380953,0.46229732949875235,18
5,diabetes,30,0.03333333333333333,0.17950549357115012,18
5,hip_art,31,0.22580645161290322,0.4181123031230878,18
5,insf_car,5,0.0,0.0,18
5,fibr_aur,241,0.012448132780082987,0.11087459930197004,18
5,trat_est,36,0.16666666666666666,0.37267799624996495,18
5,var171,27,0.037037037037037035,0.18885257457751053,18
5,tv_l_esu,450,0.015555555555555555,0.12374805148734093,18
5,tvp_orig,1608,0.1896766169154229,0.39204514779670824,18
5,tv_l_ein,348,0.7787356321839081,0.41509811773969435,18
5,tvp_prox,693,0.8326118326118326,0.37332207114849003,18
5,tv_l_svc,601,0.011647254575707155,0.1072921061241498,18
5,tv_l_vre,624,0.019230769230769232,0.13733516208736252,18
5,tv_l_vrn,616,0.01461038961038961,0.11998719150735312,18
5,tv_l_vca,1165,0.060085836909871244,0.2376458060069893,18
5,tv_l_yug,1177,0.009345794392523364,0.09622084243913083,18
5,tv_l_ova,1179,0.006785411365564037,0.08209366332527812,18
5,tv_l_sup,1178,0.006791171477079796,0.08212826229166603,18
5,tv_l_pul,1178,0.003395585738539898,0.058172637348087655,18
5,tv_l_ove,617,0.055105348460291734,0.22818577745197346,18
5,fr_antfa,876,0.15753424657534246,0.3643037300540329,18
5,fr_tvs_a,328,0.024390243902439025,0.1542574468374819,18
5,fr_viaje,13,0.07692307692307693,0.26646935501059654,18
5,fr_estro,19,0.05263157894736842,0.22329687826943606,18
5,fr_varic,38,0.18421052631578946,0.3876557858593746,18
5,fr_antec,1,0.0,0.0,18
5,ana_dime,235,1.4723404255319148,0.5855356259159986,18
5,ana_crea,56,0.9285714285714286,0.25753937681885636,18
5,ana_trop,1064,0.8703007518796992,0.33597225057633767,18
5,tension_,81,133.02469135802468,20.63795814180184,18
5,ana_hemo,6,13.133333333333333,2.09576292128242,18
5,ana_plaq,5,248.4,80.17131656646285,18
5,ana_leuc,16,7.765625,3.5345968100159597,18
5,ana_neu,1301,6.617573405073021,3.2904738686045074,18
5,protcrea,1650,25.886659393939393,35.679305041222335,18
5,splanchnic,586,0.02218430034129693,0.14728257588616536,18
1,raza,532,2.892857142857143,0.6355579768973494,19
1,ant_inf,31,0.03225806451612903,0.17668469596940845,19
1,ant_isq,32,0.0625,0.24206145913796356,19
1,ant_clau,32,0.0,0.0,19
1,fum_act,42,0.2619047619047619,0.43967107887189016,19
1,diabetes,30,0.06666666666666667,0.24944382578492943,19
1,hip_art,31,0.3548387096774194,0.47846441852230076,19
1,insf_car,5,0.0,0.0,19
1,fibr_aur,241,0.02074688796680498,0.14253580113956568,19
1,trat_est,36,0.25,0.4330127018922193,19
1,var171,27,0.037037037037037035,0.18885257457751053,19
1,tv_l_esu,450,0.006666666666666667,0.08137703743822466,19
1,tvp_orig,1608,0.23569651741293532,0.4244333505891699,19
1,tv_l_ein,348,0.7097701149425287,0.45386837175220557,19
1,tvp_prox,693,0.8354978354978355,0.3707306331776042,19
1,tv_l_svc,601,0.004991680532445923,0.07047526983210439,19
1,tv_l_vre,624,0.00641025641025641,0.07980704870505599,19
1,tv_l_vrn,616,0.003246753246753247,0.05688771255823126,19
1,tv_l_vca,1165,0.06266094420600858,0.24235212043062482,19
1,tv_l_yug,1177,0.020390824129141887,0.1413330761728347,19
1,tv_l_ova,1179,0.002544529262086514,0.050379109092171324,19
1,tv_l_sup,1178,0.014431239388794566,0.11926013046487023,19
1,tv_l_pul,1178,0.00933786078098472,0.0961803781289077,19
1,tv_l_ove,617,0.055105348460291734,0.22818577745197346,19
1,fr_antfa,876,0.12557077625570776,0.3313649897111141,19
1,fr_tvs_a,328,0.06707317073170732,0.2501486767898294,19
1,fr_viaje,13,0.0,0.0,19
1,fr_estro,19,0.0,0.0,19
1,fr_varic,38,0.13157894736842105,0.33803243628066115,19
1,fr_antec,1,0.0,0.0,19
1,ana_dime,235,1.5617021276595744,0.5130439786587757,19
1,ana_crea,56,0.875,0.33071891388307384,19
1,ana_trop,1064,0.8627819548872181,0.3440773942127098,19
1,tension_,81,131.30864197530863,21.34180501657827,19
1,ana_hemo,6,13.116666666666667,1.858688306904152,19
1,ana_plaq,5,255.0,48.53040284192992,19
1,ana_leuc,16,9.213125000000002,2.9654631146542694,19
1,ana_neu,1301,6.478504996156802,3.239812033389714,19
1,protcrea,1650,45.88426060606061,46.87012328828843,19
1,splanchnic,586,0.015358361774744027,0.12297350323683597,19
2,raza,532,2.830827067669173,0.797993767394944,19
2,ant_inf,31,0.03225806451612903,0.17668469596940845,19
2,ant_isq,32,0.03125,0.17399263633843817,19
2,ant_clau,32,0.03125,0.17399263633843817,19
2,fum_act,42,0.16666666666666666,0.37267799624996495,19
2,diabetes,30,0.06666666666666667,0.24944382578492943,19
2,hip_art,31,0.3225806451612903,0.4674637660061109,19
2,insf_car,5,0.0,0.0,19
2,fibr_aur,241,0.02074688796680498,0.14253580113956568,19
2,trat_est,36,0.16666666666666666,0.37267799624996495,19
2,var171,27,0.0,0.0,19
2,tv_l_esu,450,0.015555555555555555,0.12374805148734094,19
2,tvp_orig,1608,0.2232587064676617,0.4164303740771657,19
2,tv_l_ein,348,0.7729885057471264,0.418900078455413,19
2,tvp_prox,693,0.8643578643578643,0.3424081580228136,19
2,tv_l_svc,601,0.013311148086522463,0.11460349655722171,19
2,tv_l_vre,624,0.011217948717948718,0.1053190692349215,19
2,tv_l_vrn,616,0.00487012987012987,0.06961617416360898,19
2,tv_l_vca,1165,0.05150214592274678,0.22101962557225294,19
2,tv_l_yug,1177,0.01954120645709431,0.1384172955497091,19
2,tv_l_ova,1179,0.0033927056827820186,0.05814804580492828,19
2,tv_l_sup,1178,0.007640067911714771,0.08707294226118213,19
2,tv_l_pul,1178,0.001697792869269949,0.041169289144251754,19
2,tv_l_ove,617,0.059967585089141004,0.23742677571773077,19
2,fr_antfa,876,0.1506849315068493,0.35774150293700263,19
2,fr_tvs_a,328,0.04573170731707317,0.20890265259909632,19
2,fr_viaje,13,0.0,0.0,19
2,fr_estro,19,0.05263157894736842,0.22329687826943606,19
2,fr_varic,38,0.10526315789473684,0.30689220499185793,19
2,fr_antec,1,0.0,0.0,19
2,ana_dime,235,1.6170212765957446,0.5439489763838228,19
2,ana_crea,56,0.9464285714285714,0.22517000380211594,19
2,ana_trop,1064,0.8280075187969925,0.37737390955475536,19
2,tension_,81,131.28395061728395,20.788312580586684,19
2,ana_hemo,6,13.416666666666666,1.2239507978491435,19
2,ana_plaq,5,281.2,183.78835654088647,19
2,ana_leuc,16,8.998750000000001,3.422517120117882,19
2,ana_neu,1301,6.543232129131437,3.0808349105834596,19
2,protcrea,1650,46.09980363636363,46.83519786128467,19
2,splanchnic,586,0.017064846416382253,0.12951307823215205,19
3,raza,532,2.992481203007519,0.6282358711479703,19
3,ant_inf,31,0.03225806451612903,0.17668469596940847,19
3,ant_isq,32,0.03125,0.17399263633843817,19
3,ant_clau,32,0.0,0.0,19
3,fum_act,42,0.16666666666666666,0.372677996249965,19
3,diabetes,30,0.06666666666666667,0.24944382578492943,19
3,hip_art,31,0.3225806451612903,0.4674637660061109,19
3,insf_car,5,0.0,0.0,19
3,fibr_aur,241,0.008298755186721992,0.09071871829491886,19
3,trat_est,36,0.19444444444444445,0.39577241246597245,19
3,var171,27,0.037037037037037035,0.18885257457751053,19
3,tv_l_esu,450,0.015555555555555555,0.12374805148734093,19
3,tvp_orig,1608,0.347636815920398,0.4762199703258205,19
3,tv_l_ein,348,0.7672413793103449,0.42258968892331533,19
3,tvp_prox,693,0.8744588744588745,0.3313314825654105,19
3,tv_l_svc,601,0.0033277870216306157,0.05759090948378296,19
3,tv_l_vre,624,0.009615384615384616,0.09758549581819442,19
3,tv_l_vrn,616,0.011363636363636364,0.10599294378510019,19
3,tv_l_vca,1165,0.06523605150214593,0.2469419143980124,19
3,tv_l_yug,1177,0.03228547153780799,0.17675723426606724,19
3,tv_l_ova,1179,0.002544529262086514,0.050379109092171324,19
3,tv_l_sup,1178,0.008488964346349746,0.09174367460853172,19
3,tv_l_pul,1178,0.004244482173174873,0.06501128013088553,19
3,tv_l_ove,617,0.04376012965964344,0.20456094620385054,19
3,fr_antfa,876,0.182648401826484,0.3863780055033092,19
3,fr_tvs_a,328,0.0701219512195122,0.25535242935339497,19
3,fr_viaje,13,0.0,0.0,19
3,fr_estro,19,0.05263157894736842,0.22329687826943606,19
3,fr_varic,38,0.10526315789473684,0.3068922049918579,19
3,fr_antec,1,0.0,0.0,19
3,ana_dime,235,1.5574468085106383,0.5378225131781894,19
3,ana_crea,56,0.9107142857142857,0.2851557039762734,19
3,ana_trop,1064,0.8787593984962406,0.3264066758673389,19
3,tension_,81,136.0493827160494,22.291503798404207,19
3,ana_hemo,6,13.6,2.6451212952654304,19
3,ana_plaq,5,234.2,64.4341524348695,19
3,ana_leuc,16,8.7075,3.193682239985688,19
3,ana_neu,1301,6.67802767102229,3.1608895607928904,19
3,protcrea,1650,31.243032727272727,36.887805952778464,19
3,splanchnic,586,0.01877133105802048,0.13571649932241353,19
4,raza,532,2.8834586466165413,0.8073609148244285,19
4,ant_inf,31,0.0,0.0,19
4,ant_isq,32,0.0,0.0,19
4,ant_clau,32,0.03125,0.17399263633843817,19
4,fum_act,42,0.19047619047619047,0.39267672624930094,19
4,diabetes,30,0.06666666666666667,0.24944382578492943,19
4,hip_art,31,0.3870967741935484,0.487086092598113,19
4,insf_car,5,0.0,0.0,19
4,fibr_aur,241,0.012448132780082987,0.11087459930197002,19
4,trat_est,36,0.08333333333333333,0.27638539919628335,19
4,var171,27,0.1111111111111111,0.3142696805273545,19
4,tv_l_esu,450,0.011111111111111112,0.10482201257840673,19
4,tvp_orig,1608,0.31218905472636815,0.46338650048898156,19
4,tv_l_ein,348,0.7873563218390804,0.40917764393856465,19
4,tvp_prox,693,0.886002886002886,0.3178077594984789,19
4,tv_l_svc,601,0.004991680532445923,0.07047526983210439,19
4,tv_l_vre,624,0.008012820512820512,0.08915500670321233,19
4,tv_l_vrn,616,0.0016233766233766235,0.04025843106375729,19
4,tv_l_vca,1165,0.03862660944206009,0.19270338472655493,19
4,tv_l_yug,1177,0.016992353440951572,0.12924245960786013,19
4,tv_l_ova,1179,0.009329940627650551,0.09613996481970993,19
4,tv_l_sup,1178,0.001697792869269949,0.041169289144251754,19
4,tv_l_pul,1178,0.0025466893039049238,0.05040043330661255,19
4,tv_l_ove,617,0.059967585089141004,0.23742677571773074,19
4,fr_antfa,876,0.17579908675799086,0.3806491400923523,19
4,fr_tvs_a,328,0.042682926829268296,0.20214127383232655,19
4,fr_viaje,13,0.0,0.0,19
4,fr_estro,19,0.05263157894736842,0.22329687826943606,19
4,fr_varic,38,0.15789473684210525,0.3646422752776584,19
4,fr_antec,1,0.0,0.0,19
4,ana_dime,235,1.6,0.5395033176795432,19
4,ana_crea,56,0.7857142857142857,0.41032590332414487,19
4,ana_trop,1064,0.8477443609022557,0.3592685060796198,19
4,tension_,81,134.82716049382717,23.303043897743652,19
4,ana_hemo,6,13.361666666666666,1.5491978210960948,19
4,ana_plaq,5,273.6,66.21359377046377,19
4,ana_leuc,16,8.225000000000001,3.2730872276797025,19
4,ana_neu,1301,6.79353804765565,3.268022733747585,19
4,protcrea,1650,36.56253090909091,41.824473462743214,19
4,splanchnic,586,0.01877133105802048,0.13571649932241353,19
5,raza,532,2.8890977443609023,0.6199332472513018,19
5,ant_inf,31,0.0,0.0,19
5,ant_isq,32,0.0,0.0,19
5,ant_clau,32,0.0,0.0,19
5,fum_act,42,0.21428571428571427,0.41032590332414487,19
5,diabetes,30,0.06666666666666667,0.24944382578492943,19
5,hip_art,31,0.25806451612903225,0.4375696763306625,19
5,insf_car,5,0.0,0.0,19
5,fibr_aur,241,0.012448132780082987,0.11087459930197002,19
5,trat_est,36,0.19444444444444445,0.39577241246597245,19
5,var171,27,0.037037037037037035,0.18885257457751053,19
5,tv_l_esu,450,0.013333333333333334,0.11469767022723505,19
5,tvp_orig,1608,0.30286069651741293,0.45949547878341573,19
5,tv_l_ein,348,0.7844827586206896,0.41118069026592485,19
5,tvp_prox,693,0.862914862914863,0.3439372068786485,19
5,tv_l_svc,601,0.009983361064891847,0.09941676703021403,19
5,tv_l_vre,624,0.014423076923076924,0.11922689199651196,19
5,tv_l_vrn,616,0.0,0.0,19
5,tv_l_vca,1165,0.06523605150214593,0.2469419143980124,19
5,tv_l_yug,1177,0.006796941376380629,0.0821629050381416,19
5,tv_l_ova,1179,0.004240882103477523,0.06498382123622715,19
5,tv_l_sup,1178,0.008488964346349746,0.09174367460853172,19
5,tv_l_pul,1178,0.0050933786078098476,0.07118592629282387,19
5,tv_l_ove,617,0.05348460291734198,0.22499777814039904,19
5,fr_antfa,876,0.1643835616438356,0.3706232673553064,19
5,fr_tvs_a,328,0.024390243902439025,0.1542574468374819,19
5,fr_viaje,13,0.0,0.0,19
5,fr_estro,19,0.05263157894736842,0.22329687826943606,19
5,fr_varic,38,0.10526315789473684,0.3068922049918579,19
5,fr_antec,1,0.0,0.0,19
5,ana_dime,235,1.6085106382978724,0.49672535638324394,19
5,ana_crea,56,0.9107142857142857,0.2851557039762734,19
5,ana_trop,1064,0.8571428571428571,0.3499271061118826,19
5,tension_,81,134.5185185185185,21.117607837256937,19
5,ana_hemo,6,13.350000000000001,2.080664957811965,19
5,ana_plaq,5,284.0,90.01555421148059,19
5,ana_leuc,16,8.145,3.2378021094563514,19
5,ana_neu,1301,6.5983251345119145,3.223211534964775,19
5,protcrea,1650,46.73539393939394,41.9896728584537,19
5,splanchnic,586,0.017064846416382253,0.12951307823215205,19
1,raza,532,2.8665413533834587,0.6848583027944095,20
1,ant_inf,31,0.0967741935483871,0.29565004483586066,20
1,ant_isq,32,0.0,0.0,20
1,ant_clau,32,0.0625,0.24206145913796356,20
1,fum_act,42,0.2857142857142857,0.45175395145262554,20
1,diabetes,30,0.06666666666666667,0.24944382578492943,20
1,hip_art,31,0.22580645161290322,0.4181123031230878,20
1,insf_car,5,0.2,0.4,20
1,fibr_aur,241,0.004149377593360996,0.06428188126485339,20
1,trat_est,36,0.2222222222222222,0.41573970964154905,20
1,var171,27,0.037037037037037035,0.18885257457751053,20
1,tv_l_esu,450,0.017777777777777778,0.1321428333094978,20
1,tvp_orig,1608,0.18034825870646767,0.3844772610805647,20
1,tv_l_ein,348,0.7155172413793104,0.4511677278665353,20
1,tvp_prox,693,0.8571428571428571,0.3499271061118826,20
1,tv_l_svc,601,0.011647254575707155,0.1072921061241498,20
1,tv_l_vre,624,0.00641025641025641,0.07980704870505599,20
1,tv_l_vrn,616,0.011363636363636364,0.10599294378510019,20
1,tv_l_vca,1165,0.048927038626609444,0.21571551524598254,20
1,tv_l_yug,1177,0.016992353440951572,0.1292424596078601,20
1,tv_l_ova,1179,0.0,0.0,20
1,tv_l_sup,1178,0.0050933786078098476,0.07118592629282387,20
1,tv_l_pul,1178,0.0025466893039049238,0.05040043330661255,20
1,tv_l_ove,617,0.059967585089141004,0.23742677571773074,20
1,fr_antfa,876,0.1495433789954338,0.3566232701241772,20
1,fr_tvs_a,328,0.042682926829268296,0.20214127383232655,20
1,fr_viaje,13,0.0,0.0,20
1,fr_estro,19,0.05263157894736842,0.22329687826943606,20
1,fr_varic,38,0.10526315789473684,0.3068922049918579,20
1,fr_antec,1,0.0,0.0,20
1,ana_dime,235,1.5191489361702128,0.6142417217282088,20
1,ana_crea,56,0.875,0.33071891388307384,20
1,ana_trop,1064,0.8449248120300752,0.3619763445945291,20
1,tension_,81,129.320987654321,19.889712683432034,20
1,ana_hemo,6,14.25,2.1437894797142127,20
1,ana_plaq,5,305.6,142.15709619994354,20
1,ana_leuc,16,9.6725,4.176090426463489,20
1,ana_neu,1301,6.447905457340506,3.0738845295451704,20
1,protcrea,1650,37.28072363636364,44.21183452828383,20
1,splanchnic,586,0.032423208191126277,0.17712126851883472,20
2,raza,532,2.9285714285714284,0.6650311122318301,20
2,ant_inf,31,0.06451612903225806,0.2456701001891583,20
2,ant_isq,32,0.03125,0.17399263633843817,20
2,ant_clau,32,0.0,0.0,20
2,fum_act,42,0.2619047619047619,0.43967107887189016,20
2,diabetes,30,0.03333333333333333,0.1795054935711501,20
2,hip_art,31,0.25806451612903225,0.4375696763306625,20
2,insf_car,5,0.0,0.0,20
2,fibr_aur,241,0.02074688796680498,0.14253580113956568,20
2,trat_est,36,0.08333333333333333,0.27638539919628335,20
2,var171,27,0.07407407407407407,0.2618914004394621,20
2,tv_l_esu,450,0.008888888888888889,0.09386094258641277,20
2,tvp_orig,1608,0.1449004975124378,0.3520004876887045,20
2,tv_l_ein,348,0.7442528735632183,0.43628033849362324,20
2,tvp_prox,693,0.8513708513708513,0.3557225390763468,20
2,tv_l_svc,601,0.004991680532445923,0.07047526983210439,20
2,tv_l_vre,624,0.00641025641025641,0.07980704870505599,20
2,tv_l_vrn,616,0.008116883116883116,0.08972736107425636,20
2,tv_l_vca,1165,0.10214592274678111,0.3028401116315171,20
2,tv_l_yug,1177,0.03058623619371283,0.17219383946359768,20
2,tv_l_ova,1179,0.007633587786259542,0.0870362919923006,20
2,tv_l_sup,1178,0.001697792869269949,0.04116928914425175,20
2,tv_l_pul,1178,0.005942275042444821,0.07685677855443043,20
2,tv_l_ove,617,0.05186385737439222,0.22175210860923264,20
2,fr_antfa,876,0.16666666666666666,0.3726779962499649,20
2,fr_tvs_a,328,0.039634146341463415,0.1950981311680019,20
2,fr_viaje,13,0.07692307692307693,0.26646935501059654,20
2,fr_estro,19,0.05263157894736842,0.22329687826943606,20
2,fr_varic,38,0.15789473684210525,0.3646422752776584,20
2,fr_antec,1,0.0,0.0,20
2,ana_dime,235,1.5446808510638297,0.5988671968145796,20
2,ana_crea,56,0.8392857142857143,0.36726721073577023,20
2,ana_trop,1064,0.8881578947368421,0.31517209386851275,20
2,tension_,81,126.17283950617283,17.849017072537166,20
2,ana_hemo,6,13.66666666666667,2.141391032846536,20
2,ana_plaq,5,359.0,206.2542120782022,20
2,ana_leuc,16,9.475625,3.5185170326964452,20
2,ana_neu,1301,6.146152959262106,3.1617683916537116,20
2,protcrea,1650,71.78773090909091,56.094490104576565,20
2,splanchnic,586,0.027303754266211604,0.1629670496425027,20
3,raza,532,2.898496240601504,0.7440475530932563,20
3,ant_inf,31,0.0,0.0,20
3,ant_isq,32,0.03125,0.17399263633843817,20
3,ant_clau,32,0.03125,0.17399263633843817,20
3,fum_act,42,0.30952380952380953,0.46229732949875235,20
3,diabetes,30,0.03333333333333333,0.17950549357115012,20
3,hip_art,31,0.22580645161290322,0.4181123031230878,20
3,insf_car,5,0.0,0.0,20
3,fibr_aur,241,0.012448132780082987,0.11087459930197004,20
3,trat_est,36,0.19444444444444445,0.39577241246597245,20
3,var171,27,0.1111111111111111,0.3142696805273545,20
3,tv_l_esu,450,0.0044444444444444444,0.06651835354264785,20
3,tvp_orig,1608,0.1853233830845771,0.3885596823741035,20
3,tv_l_ein,348,0.7471264367816092,0.43465908968250666,20
3,tvp_prox,693,0.8903318903318903,0.3124756236731645,20
3,tv_l_svc,601,0.008319467554076539,0.09083090891152201,20
3,tv_l_vre,624,0.014423076923076924,0.11922689199651196,20
3,tv_l_vrn,616,0.006493506493506494,0.0803202394600843,20
3,tv_l_vca,1165,0.054935622317596564,0.22785455825630294,20
3,tv_l_yug,1177,0.016992353440951572,0.12924245960786013,20
3,tv_l_ova,1179,0.006785411365564037,0.08209366332527812,20
3,tv_l_sup,1178,0.0050933786078098476,0.07118592629282387,20
3,tv_l_pul,1178,0.00933786078098472,0.0961803781289077,20
3,tv_l_ove,617,0.03889789303079417,0.19335161480721869,20
3,fr_antfa,876,0.13470319634703196,0.3414062759249234,20
3,fr_tvs_a,328,0.051829268292682924,0.2216821942351889,20
3,fr_viaje,13,0.0,0.0,20
3,fr_estro,19,0.0,0.0,20
3,fr_varic,38,0.21052631578947367,0.4076824574955175,20
3,fr_antec,1,0.0,0.0,20
3,ana_dime,235,1.553191489361702,0.5764347737933646,20
3,ana_crea,56,0.9285714285714286,0.25753937681885636,20
3,ana_trop,1064,0.8618421052631579,0.3450656326827199,20
3,tension_,81,130.0493827160494,21.86089650300867,20
3,ana_hemo,6,12.633333333333333,2.4594488994262287,20
3,ana_plaq,5,327.2,106.05545719103755,20
3,ana_leuc,16,9.934999999999999,3.7235231971883835,20
3,ana_neu,1301,6.733747117601844,3.2538751139743836,20
3,protcrea,1650,92.16562060606061,52.65685624980882,20
3,splanchnic,586,0.02218430034129693,0.14728257588616536,20
4,raza,532,2.922932330827068,0.5846408600760873,20
4,ant_inf,31,0.0967741935483871,0.29565004483586066,20
4,ant_isq,32,0.0,0.0,20
4,ant_clau,32,0.0,0.0,20
4,fum_act,42,0.14285714285714285,0.3499271061118826,20
4,diabetes,30,0.1,0.3,20
4,hip_art,31,0.3870967741935484,0.4870860925981129,20
4,insf_car,5,0.2,0.4,20
4,fibr_aur,241,0.008298755186721992,0.09071871829491887,20
4,trat_est,36,0.19444444444444445,0.39577241246597245,20
4,var171,27,0.037037037037037035,0.18885257457751053,20
4,tv_l_esu,450,0.013333333333333334,0.11469767022723505,20
4,tvp_orig,1608,0.18159203980099503,0.3855079388052973,20
4,tv_l_ein,348,0.8189655172413793,0.3850467488642637,20
4,tvp_prox,693,0.8773448773448773,0.3280409174807001,20
4,tv_l_svc,601,0.008319467554076539,0.09083090891152201,20
4,tv_l_vre,624,0.011217948717948718,0.1053190692349215,20
4,tv_l_vrn,616,0.003246753246753247,0.05688771255823126,20
4,tv_l_vca,1165,0.054935622317596564,0.2278545582563029,20
4,tv_l_yug,1177,0.015293118096856415,0.1227160895552495,20
4,tv_l_ova,1179,0.002544529262086514,0.050379109092171324,20
4,tv_l_sup,1178,0.006791171477079796,0.08212826229166605,20
4,tv_l_pul,1178,0.0008488964346349745,0.029123458061814,20
4,tv_l_ove,617,0.04862236628849271,0.21507726933593044,20
4,fr_antfa,876,0.13470319634703196,0.3414062759249234,20
4,fr_tvs_a,328,0.06707317073170732,0.2501486767898294,20
4,fr_viaje,13,0.0,0.0,20
4,fr_estro,19,0.0,0.0,20
4,fr_varic,38,0.21052631578947367,0.4076824574955175,20
4,fr_antec,1,1.0,0.0,20
4,ana_dime,235,1.5191489361702128,0.5326123087528475,20
4,ana_crea,56,0.8928571428571429,0.30929478706587094,20
4,ana_trop,1064,0.8439849624060151,0.36286959866945645,20
4,tension_,81,130.80246913580248,19.80610939109472,20
4,ana_hemo,6,13.299999999999999,1.2463279397226612,20
4,ana_plaq,5,286.6,141.89094403801815,20
4,ana_leuc,16,10.276875,4.140087134877115,20
4,ana_neu,1301,7.249233666410454,3.2478455815466636,20
4,protcrea,1650,64.81543272727272,54.42498009761768,20
4,splanchnic,586,0.02218430034129693,0.14728257588616536,20
5,raza,532,2.9398496240601504,0.5204017894856422,20
5,ant_inf,31,0.03225806451612903,0.17668469596940847,20
5,ant_isq,32,0.0625,0.24206145913796356,20
5,ant_clau,32,0.0,0.0,20
5,fum_act,42,0.30952380952380953,0.4622973294987523,20
5,diabetes,30,0.13333333333333333,0.33993463423951903,20
5,hip_art,31,0.25806451612903225,0.4375696763306625,20
5,insf_car,5,0.0,0.0,20
5,fibr_aur,241,0.008298755186721992,0.09071871829491887,20
5,trat_est,36,0.19444444444444445,0.39577241246597245,20
5,var171,27,0.037037037037037035,0.18885257457751053,20
5,tv_l_esu,450,0.011111111111111112,0.10482201257840672,20
5,tvp_orig,1608,0.21579601990049752,0.41137342852401343,20
5,tv_l_ein,348,0.7787356321839081,0.41509811773969435,20
5,tvp_prox,693,0.886002886002886,0.3178077594984789,20
5,tv_l_svc,601,0.008319467554076539,0.09083090891152201,20
5,tv_l_vre,624,0.00641025641025641,0.07980704870505599,20
5,tv_l_vrn,616,0.006493506493506494,0.0803202394600843,20
5,tv_l_vca,1165,0.08240343347639485,0.27497837665477665,20
5,tv_l_yug,1177,0.02463891248937978,0.15502205159499233,20
5,tv_l_ova,1179,0.006785411365564037,0.08209366332527812,20
5,tv_l_sup,1178,0.007640067911714771,0.08707294226118215,20
5,tv_l_pul,1178,0.003395585738539898,0.058172637348087655,20
5,tv_l_ove,617,0.04862236628849271,0.21507726933593044,20
5,fr_antfa,876,0.1415525114155251,0.3485905878354761,20
5,fr_tvs_a,328,0.06097560975609756,0.23928557158961683,20
5,fr_viaje,13,0.0,0.0,20
5,fr_estro,19,0.0,0.0,20
5,fr_varic,38,0.15789473684210525,0.3646422752776584,20
5,fr_antec,1,1.0,0.0,20
5,ana_dime,235,1.548936170212766,0.5307050069825953,20
5,ana_crea,56,0.875,0.33071891388307384,20
5,ana_trop,1064,0.825187969924812,0.37980624562555515,20
5,tension_,81,133.88888888888889,23.137271518771033,20
5,ana_hemo,6,13.866666666666667,1.540202006953056,20
5,ana_plaq,5,263.2,165.04472121216116,20
5,ana_leuc,16,9.431875000000002,4.502294163465444,20
5,ana_neu,1301,7.168173712528826,3.24279583312416,20
5,protcrea,1650,83.60610060606061,55.568526025894236,20
5,splanchnic,586,0.015358361774744027,0.12297350323683597,20
