iteration,variable,missing_n,imputed_mean,imputed_sd,imputation
1,raza,430,2.9790697674418603,0.5843136062777772,1
1,ant_inf,21,0.047619047619047616,0.21295885499998,1
1,ant_isq,22,0.0,0.0,1
1,ant_clau,22,0.0,0.0,1
1,fum_act,29,0.27586206896551724,0.4469476343729559,1
1,diabetes,20,0.05,0.21794494717703364,1
1,hip_art,21,0.23809523809523808,0.4259177099999599,1
1,insf_car,5,0.0,0.0,1
1,fibr_aur,186,0.016129032258064516,0.12597176896623638,1
1,trat_est,24,0.25,0.4330127018922193,1
1,var171,18,0.0,0.0,1
1,tv_l_esu,360,0.008333333333333333,0.09090593428863097,1
1,tvp_orig,1291,0.19829589465530598,0.39871623094396064,1
1,tv_l_ein,286,0.6818181818181818,0.46577048936179993,1
1,tvp_prox,568,0.8873239436619719,0.3161963988823049,1
1,tv_l_svc,474,0.027426160337552744,0.16332166441318063,1
1,tv_l_vre,493,0.008113590263691683,0.08970930786002425,1
1,tv_l_vrn,486,0.006172839506172839,0.0783245527188242,1
1,tv_l_vca,929,0.04628632938643703,0.21010450994295027,1
1,tv_l_yug,936,0.013888888888888888,0.11702985796078277,1
1,tv_l_ova,938,0.0042643923240938165,0.06516292874173187,1
1,tv_l_sup,940,0.00425531914893617,0.0650938661309717,1
1,tv_l_pul,939,0.002129925452609159,0.04610193998277607,1
1,tv_l_ove,486,0.0411522633744856,0.1986422779612703,1
1,fr_antfa,691,0.14327062228654125,0.35034861363528824,1
1,fr_tvs_a,248,0.06048387096774194,0.23838114925576534,1
1,fr_viaje,10,0.0,0.0,1
1,fr_estro,15,0.0,0.0,1
1,fr_varic,25,0.04,0.19595917942265426,1
1,fr_antec,1,0.0,0.0,1
1,ana_dime,181,1.580110497237569,0.5466543030260347,1
1,ana_crea,45,0.9111111111111111,0.28458329944145994,1
1,ana_trop,824,0.8519417475728155,0.3551577203375883,1
1,tension_,60,132.13333333333333,21.152987705969313,1
1,ana_hemo,3,13.733333333333334,3.2622419012424904,1
1,ana_plaq,3,258.0,78.39642849007855,1
1,ana_leuc,15,9.713999999999999,2.9526638819886015,1
1,ana_neu,1052,6.651425855513308,3.095884804024169,1
1,protcrea,1317,25.05638572513288,37.96642766257971,1
1,splanchnic,464,0.023706896551724137,0.15213441296304395,1
2,raza,430,2.9302325581395348,0.6645631136041357,1
2,ant_inf,21,0.0,0.0,1
2,ant_isq,22,0.0,0.0,1
2,ant_clau,22,0.045454545454545456,0.2082988952252655,1
2,fum_act,29,0.2413793103448276,0.4279197808962364,1
2,diabetes,20,0.05,0.21794494717703364,1
2,hip_art,21,0.38095238095238093,0.4856209060564557,1
2,insf_car,5,0.0,0.0,1
2,fibr_aur,186,0.010752688172043012,0.1031361617916714,1
2,trat_est,24,0.25,0.4330127018922193,1
2,var171,18,0.0,0.0,1
2,tv_l_esu,360,0.011111111111111112,0.10482201257840673,1
2,tvp_orig,1291,0.24554608830364058,0.43041050965609723,1
2,tv_l_ein,286,0.7202797202797203,0.44886172128339064,1
2,tvp_prox,568,0.8943661971830986,0.3073683498985239,1
2,tv_l_svc,474,0.012658227848101266,0.11179444134592212,1
2,tv_l_vre,493,0.008113590263691683,0.08970930786002425,1
2,tv_l_vrn,486,0.0102880658436214,0.10090699452871793,1
2,tv_l_vca,929,0.03659849300322928,0.18777391542256838,1
2,tv_l_yug,936,0.011752136752136752,0.10776838142004282,1
2,tv_l_ova,938,0.005330490405117271,0.0728153574265637,1
2,tv_l_sup,940,0.01702127659574468,0.12935050343464394,1
2,tv_l_pul,939,0.007454739084132056,0.08601840471271001,1
2,tv_l_ove,486,0.0411522633744856,0.1986422779612703,1
2,fr_antfa,691,0.13603473227206947,0.34282544229933676,1
2,fr_tvs_a,248,0.04838709677419355,0.21458281767177534,1
2,fr_viaje,10,0.1,0.30000000000000004,1
2,fr_estro,15,0.0,0.0,1
2,fr_varic,25,0.12,0.32496153618543844,1
2,fr_antec,1,0.0,0.0,1
2,ana_dime,181,1.5359116022099448,0.5612563579757036,1
2,ana_crea,45,0.7777777777777778,0.41573970964154905,1
2,ana_trop,824,0.8713592233009708,0.3348019224396712,1
2,tension_,60,133.45,19.88586181185015,1
2,ana_hemo,3,13.866666666666667,0.9285592184789416,1
2,ana_plaq,3,234.33333333333334,44.82806660514767,1
2,ana_leuc,15,9.093333333333334,2.483303355523758,1
2,ana_neu,1052,6.7129562737642585,3.1076509758081956,1
2,protcrea,1317,36.30445709946849,47.81932306365684,1
2,splanchnic,464,0.023706896551724137,0.15213441296304395,1
3,raza,430,2.911627906976744,0.6262510464459833,1
3,ant_inf,21,0.047619047619047616,0.21295885499998,1
3,ant_isq,22,0.045454545454545456,0.2082988952252655,1
3,ant_clau,22,0.045454545454545456,0.2082988952252655,1
3,fum_act,29,0.13793103448275862,0.3448275862068965,1
3,diabetes,20,0.15,0.3570714214271425,1
3,hip_art,21,0.38095238095238093,0.4856209060564557,1
3,insf_car,5,0.0,0.0,1
3,fibr_aur,186,0.021505376344086023,0.14506169422830154,1
3,trat_est,24,0.25,0.4330127018922193,1
3,var171,18,0.05555555555555555,0.2290614236454256,1
3,tv_l_esu,360,0.011111111111111112,0.10482201257840673,1
3,tvp_orig,1291,0.26026336173508907,0.4387782404283959,1
3,tv_l_ein,286,0.7517482517482518,0.4319986316433177,1
3,tvp_prox,568,0.8397887323943662,0.3668018775004155,1
3,tv_l_svc,474,0.002109704641350211,0.045883044664412544,1
3,tv_l_vre,493,0.018255578093306288,0.13387423935091283,1
3,tv_l_vrn,486,0.00411522633744856,0.06401789788520183,1
3,tv_l_vca,929,0.0527448869752422,0.2235237434216131,1
3,tv_l_yug,936,0.007478632478632479,0.0861551074219168,1
3,tv_l_ova,938,0.0042643923240938165,0.06516292874173187,1
3,tv_l_sup,940,0.005319148936170213,0.0727382677190284,1
3,tv_l_pul,939,0.0010649627263045794,0.03261638515679138,1
3,tv_l_ove,486,0.037037037037037035,0.18885257457751053,1
3,fr_antfa,691,0.14327062228654125,0.35034861363528824,1
3,fr_tvs_a,248,0.036290322580645164,0.18701159073072948,1
3,fr_viaje,10,0.0,0.0,1
3,fr_estro,15,0.06666666666666667,0.24944382578492946,1
3,fr_varic,25,0.12,0.32496153618543844,1
3,fr_antec,1,1.0,0.0,1
3,ana_dime,181,1.569060773480663,0.5481598565662967,1
3,ana_crea,45,0.8222222222222222,0.3823255674241168,1
3,ana_trop,824,0.8677184466019418,0.33879661159559277,1
3,tension_,60,132.23333333333332,19.24523028931815,1
3,ana_hemo,3,13.666666666666666,2.4608038433722332,1
3,ana_plaq,3,189.33333333333334,71.67674347761313,1
3,ana_leuc,15,8.764,3.561426306037138,1
3,ana_neu,1052,6.713916349809886,3.053760578960147,1
3,protcrea,1317,30.285110098709193,47.2392505335465,1
3,splanchnic,464,0.02586206896551724,0.15872372965105147,1
4,raza,430,2.9558139534883723,0.4263431992259645,1
4,ant_inf,21,0.0,0.0,1
4,ant_isq,22,0.09090909090909091,0.2874797872880344,1
4,ant_clau,22,0.0,0.0,1
4,fum_act,29,0.13793103448275862,0.3448275862068966,1
4,diabetes,20,0.2,0.4000000000000001,1
4,hip_art,21,0.5238095238095238,0.49943278484292924,1
4,insf_car,5,0.0,0.0,1
4,fibr_aur,186,0.016129032258064516,0.12597176896623638,1
4,trat_est,24,0.08333333333333333,0.2763853991962833,1
4,var171,18,0.0,0.0,1
4,tv_l_esu,360,0.008333333333333333,0.09090593428863096,1
4,tvp_orig,1291,0.17970565453137102,0.38394209493206466,1
4,tv_l_ein,286,0.7097902097902098,0.45385908372112566,1
4,tvp_prox,568,0.8926056338028169,0.3096139795072058,1
4,tv_l_svc,474,0.006329113924050633,0.07930357016545359,1
4,tv_l_vre,493,0.02231237322515213,0.14769743134602456,1
4,tv_l_vrn,486,0.006172839506172839,0.0783245527188242,1
4,tv_l_vca,929,0.031216361679224973,0.1739019851604253,1
4,tv_l_yug,936,0.019230769230769232,0.1373351620873625,1
4,tv_l_ova,938,0.0042643923240938165,0.0651629287417319,1
4,tv_l_sup,940,0.006382978723404255,0.07963815860516127,1
4,tv_l_pul,939,0.005324813631522897,0.0727767819521614,1
4,tv_l_ove,486,0.06172839506172839,0.24066158876071514,1
4,fr_antfa,691,0.09696092619392185,0.2959045538438682,1
4,fr_tvs_a,248,0.06854838709677419,0.2526845973208596,1
4,fr_viaje,10,0.0,0.0,1
4,fr_estro,15,0.06666666666666667,0.24944382578492946,1
4,fr_varic,25,0.12,0.32496153618543844,1
4,fr_antec,1,0.0,0.0,1
4,ana_dime,181,1.5193370165745856,0.6001027556669399,1
4,ana_crea,45,0.8888888888888888,0.3142696805273545,1
4,ana_trop,824,0.8470873786407767,0.3599032530948757,1
4,tension_,60,133.36666666666667,21.86623475183193,1
4,ana_hemo,3,15.766666666666666,0.3299831645537218,1
4,ana_plaq,3,118.0,59.43624034767565,1
4,ana_leuc,15,8.803333333333335,2.9939130841685357,1
4,ana_neu,1052,6.715941064638783,3.144535662486323,1
4,protcrea,1317,43.78951404707669,49.97667631471909,1
4,splanchnic,464,0.021551724137931036,0.14521448730968117,1
5,raza,430,2.925581395348837,0.5698196463981466,1
5,ant_inf,21,0.0,0.0,1
5,ant_isq,22,0.045454545454545456,0.20829889522526548,1
5,ant_clau,22,0.045454545454545456,0.2082988952252655,1
5,fum_act,29,0.1724137931034483,0.37773969483114894,1
5,diabetes,20,0.1,0.30000000000000004,1
5,hip_art,21,0.2857142857142857,0.45175395145262565,1
5,insf_car,5,0.2,0.4,1
5,fibr_aur,186,0.016129032258064516,0.12597176896623635,1
5,trat_est,24,0.16666666666666666,0.372677996249965,1
5,var171,18,0.0,0.0,1
5,tv_l_esu,360,0.019444444444444445,0.13808098357373966,1
5,tvp_orig,1291,0.16421378776142526,0.37046945848540713,1
5,tv_l_ein,286,0.7237762237762237,0.44712884236252687,1
5,tvp_prox,568,0.8802816901408451,0.3246318470877777,1
5,tv_l_svc,474,0.014767932489451477,0.1206227203284625,1
5,tv_l_vre,493,0.014198782961460446,0.118309667922253,1
5,tv_l_vrn,486,0.006172839506172839,0.0783245527188242,1
5,tv_l_vca,929,0.06458557588805167,0.24579316360562264,1
5,tv_l_yug,936,0.01282051282051282,0.11249954342810413,1
5,tv_l_ova,938,0.006396588486140725,0.07972246949185466,1
5,tv_l_sup,940,0.005319148936170213,0.0727382677190284,1
5,tv_l_pul,939,0.009584664536741214,0.09743099477301538,1
5,tv_l_ove,486,0.059670781893004114,0.2368758739958159,1
5,fr_antfa,691,0.12011577424023155,0.325096870207791,1
5,fr_tvs_a,248,0.04435483870967742,0.20588221630999587,1
5,fr_viaje,10,0.0,0.0,1
5,fr_estro,15,0.0,0.0,1
5,fr_varic,25,0.2,0.4,1
5,fr_antec,1,0.0,0.0,1
5,ana_dime,181,1.6298342541436464,0.5370211217778063,1
5,ana_crea,45,0.9111111111111111,0.28458329944145994,1
5,ana_trop,824,0.8883495145631068,0.3149359530739533,1
5,tension_,60,132.06666666666666,20.122016687090674,1
5,ana_hemo,3,16.033333333333335,1.3912424503139473,1
5,ana_plaq,3,333.0,48.83304891839815,1
5,ana_leuc,15,8.773333333333333,3.3858522642837734,1
5,ana_neu,1052,6.705979087452472,3.0599266392489675,1
5,protcrea,1317,51.0678132118451,50.771405615480454,1
5,splanchnic,464,0.010775862068965518,0.10324603075003001,1
1,raza,430,2.944186046511628,0.5840127131387002,2
1,ant_inf,21,0.0,0.0,2
1,ant_isq,22,0.0,0.0,2
1,ant_clau,22,0.09090909090909091,0.2874797872880344,2
1,fum_act,29,0.20689655172413793,0.40508069394726653,2
1,diabetes,20,0.1,0.30000000000000004,2
1,hip_art,21,0.38095238095238093,0.4856209060564557,2
1,insf_car,5,0.0,0.0,2
1,fibr_aur,186,0.010752688172043012,0.1031361617916714,2
1,trat_est,24,0.16666666666666666,0.372677996249965,2
1,var171,18,0.0,0.0,2
1,tv_l_esu,360,0.005555555555555556,0.07432826755699806,2
1,tvp_orig,1291,0.18048024786986833,0.3845869576554816,2
1,tv_l_ein,286,0.7167832167832168,0.45056080269051463,2
1,tvp_prox,568,0.8626760563380281,0.3441890151633189,2
1,tv_l_svc,474,0.010548523206751054,0.10216286930635657,2
1,tv_l_vre,493,0.006085192697768763,0.07776993717111891,2
1,tv_l_vrn,486,0.006172839506172839,0.0783245527188242,2
1,tv_l_vca,929,0.02691065662002153,0.1618223506821626,2
1,tv_l_yug,936,0.013888888888888888,0.11702985796078279,2
1,tv_l_ova,938,0.0,0.0,2
1,tv_l_sup,940,0.002127659574468085,0.04607746346320792,2
1,tv_l_pul,939,0.002129925452609159,0.04610193998277607,2
1,tv_l_ove,486,0.05555555555555555,0.2290614236454256,2
1,fr_antfa,691,0.11866859623733719,0.32339814548694784,2
1,fr_tvs_a,248,0.04435483870967742,0.20588221630999587,2
1,fr_viaje,10,0.0,0.0,2
1,fr_estro,15,0.06666666666666667,0.24944382578492943,2
1,fr_varic,25,0.2,0.4,2
1,fr_antec,1,0.0,0.0,2
1,ana_dime,181,1.5248618784530388,0.581188159768448,2
1,ana_crea,45,0.8,0.4,2
1,ana_trop,824,0.8604368932038835,0.34653318169770164,2
1,tension_,60,137.11666666666667,20.494789310673305,2
1,ana_hemo,3,14.700000000000001,0.6683312551921139,2
1,ana_plaq,3,283.6666666666667,107.01194118207349,2
1,ana_leuc,15,9.842,2.9257482233894745,2
1,ana_neu,1052,6.3779277566539925,3.0109202518236406,2
1,protcrea,1317,43.87464692482916,41.901254317858864,2
1,splanchnic,464,0.01293103448275862,0.11297708984552722,2
2,raza,430,2.9511627906976745,0.6433459386325545,2
2,ant_inf,21,0.09523809523809523,0.2935435239509036,2
2,ant_isq,22,0.0,0.0,2
2,ant_clau,22,0.0,0.0,2
2,fum_act,29,0.27586206896551724,0.44694763437295587,2
2,diabetes,20,0.2,0.4,2
2,hip_art,21,0.5238095238095238,0.49943278484292924,2
2,insf_car,5,0.0,0.0,2
2,fibr_aur,186,0.016129032258064516,0.1259717689662364,2
2,trat_est,24,0.25,0.4330127018922193,2
2,var171,18,0.0,0.0,2
2,tv_l_esu,360,0.005555555555555556,0.07432826755699806,2
2,tvp_orig,1291,0.17195972114639815,0.3773454325278778,2
2,tv_l_ein,286,0.7307692307692307,0.4435600997950306,2
2,tvp_prox,568,0.852112676056338,0.3549882580599594,2
2,tv_l_svc,474,0.010548523206751054,0.10216286930635657,2
2,tv_l_vre,493,0.012170385395537525,0.10964609940559499,2
2,tv_l_vrn,486,0.006172839506172839,0.0783245527188242,2
2,tv_l_vca,929,0.03444564047362755,0.1823708812447567,2
2,tv_l_yug,936,0.00641025641025641,0.07980704870505599,2
2,tv_l_ova,938,0.006396588486140725,0.07972246949185467,2
2,tv_l_sup,940,0.0031914893617021275,0.05640304741196409,2
2,tv_l_pul,939,0.009584664536741214,0.09743099477301538,2
2,tv_l_ove,486,0.04938271604938271,0.2166657873430154,2
2,fr_antfa,691,0.12445730824891461,0.33010253963329217,2
2,fr_tvs_a,248,0.056451612903225805,0.23079174227829327,2
2,fr_viaje,10,0.1,0.30000000000000004,2
2,fr_estro,15,0.0,0.0,2
2,fr_varic,25,0.28,0.44899888641287294,2
2,fr_antec,1,0.0,0.0,2
2,ana_dime,181,1.574585635359116,0.5372484323157224,2
2,ana_crea,45,0.9333333333333333,0.24944382578492946,2
2,ana_trop,824,0.845873786407767,0.36106969393173166,2
2,tension_,60,136.63333333333333,20.38787766187436,2
2,ana_hemo,3,11.833333333333334,1.7782638224465517,2
2,ana_plaq,3,297.0,116.8788546601423,2
2,ana_leuc,15,9.900666666666666,3.187279857321739,2
2,ana_neu,1052,6.64708174904943,3.1745818773467933,2
2,protcrea,1317,77.33309794988611,55.708402762192236,2
2,splanchnic,464,0.017241379310344827,0.13016955922880602,2
3,raza,430,2.9488372093023254,0.45971279862553205,2
3,ant_inf,21,0.09523809523809523,0.29354352395090366,2
3,ant_isq,22,0.045454545454545456,0.2082988952252655,2
3,ant_clau,22,0.09090909090909091,0.28747978728803447,2
3,fum_act,29,0.20689655172413793,0.40508069394726653,2
3,diabetes,20,0.15,0.3570714214271425,2
3,hip_art,21,0.42857142857142855,0.49487165930539345,2
3,insf_car,5,0.2,0.4,2
3,fibr_aur,186,0.010752688172043012,0.10313616179167137,2
3,trat_est,24,0.08333333333333333,0.2763853991962833,2
3,var171,18,0.05555555555555555,0.2290614236454256,2
3,tv_l_esu,360,0.019444444444444445,0.13808098357373966,2
3,tvp_orig,1291,0.18357862122385749,0.3871401697749859,2
3,tv_l_ein,286,0.7377622377622378,0.43985124564367567,2
3,tvp_prox,568,0.9049295774647887,0.2933121840193272,2
3,tv_l_svc,474,0.008438818565400843,0.09147461345434091,2
3,tv_l_vre,493,0.004056795131845842,0.06356364955777848,2
3,tv_l_vrn,486,0.00205761316872428,0.0453142295175828,2
3,tv_l_vca,929,0.024757804090419805,0.15538614876185136,2
3,tv_l_yug,936,0.022435897435897436,0.14809634682240921,2
3,tv_l_ova,938,0.0010660980810234541,0.032633748113036175,2
3,tv_l_sup,940,0.0031914893617021275,0.05640304741196409,2
3,tv_l_pul,939,0.002129925452609159,0.04610193998277608,2
3,tv_l_ove,486,0.02263374485596708,0.14873284253910454,2
3,fr_antfa,691,0.09840810419681621,0.29786565633722323,2
3,fr_tvs_a,248,0.08870967741935484,0.28432423490006764,2
3,fr_viaje,10,0.0,0.0,2
3,fr_estro,15,0.0,0.0,2
3,fr_varic,25,0.28,0.448998886412873,2
3,fr_antec,1,0.0,0.0,2
3,ana_dime,181,1.5082872928176796,0.6003570257328674,2
3,ana_crea,45,0.8888888888888888,0.3142696805273545,2
3,ana_trop,824,0.8410194174757282,0.36565797804029254,2
3,tension_,60,131.58333333333334,20.710135736450933,2
3,ana_hemo,3,11.533333333333333,3.6935379004718802,2
3,ana_plaq,3,194.66666666666666,14.72714802291635,2
3,ana_leuc,15,9.936,3.6801409393300877,2
3,ana_neu,1052,6.869220532319392,3.0462259828249345,2
3,protcrea,1317,13.23783599088838,32.00647491360572,2
3,splanchnic,464,0.021551724137931036,0.1452144873096812,2
4,raza,430,2.911627906976744,0.5252725991399582,2
4,ant_inf,21,0.09523809523809523,0.29354352395090366,2
4,ant_isq,22,0.045454545454545456,0.20829889522526548,2
4,ant_clau,22,0.0,0.0,2
4,fum_act,29,0.20689655172413793,0.40508069394726653,2
4,diabetes,20,0.15,0.3570714214271425,2
4,hip_art,21,0.2857142857142857,0.45175395145262565,2
4,insf_car,5,0.2,0.4,2
4,fibr_aur,186,0.016129032258064516,0.12597176896623638,2
4,trat_est,24,0.16666666666666666,0.372677996249965,2
4,var171,18,0.0,0.0,2
4,tv_l_esu,360,0.019444444444444445,0.13808098357373966,2
4,tvp_orig,1291,0.17505809450038728,0.3800167865374907,2
4,tv_l_ein,286,0.7342657342657343,0.4417234041217834,2
4,tvp_prox,568,0.8802816901408451,0.3246318470877777,2
4,tv_l_svc,474,0.004219409282700422,0.06481979534066336,2
4,tv_l_vre,493,0.012170385395537525,0.10964609940559497,2
4,tv_l_vrn,486,0.012345679012345678,0.11042310999998962,2
4,tv_l_vca,929,0.05166846071044134,0.22135679541919404,2
4,tv_l_yug,936,0.009615384615384616,0.09758549581819442,2
4,tv_l_ova,938,0.006396588486140725,0.07972246949185466,2
4,tv_l_sup,940,0.0010638297872340426,0.032599049885201195,2
4,tv_l_pul,939,0.0010649627263045794,0.03261638515679138,2
4,tv_l_ove,486,0.04938271604938271,0.2166657873430154,2
4,fr_antfa,691,0.14616497829232997,0.3532715349601956,2
4,fr_tvs_a,248,0.036290322580645164,0.18701159073072945,2
4,fr_viaje,10,0.0,0.0,2
4,fr_estro,15,0.0,0.0,2
4,fr_varic,25,0.12,0.32496153618543844,2
4,fr_antec,1,0.0,0.0,2
4,ana_dime,181,1.580110497237569,0.5665071707672305,2
4,ana_crea,45,0.8222222222222222,0.3823255674241168,2
4,ana_trop,824,0.8385922330097088,0.3679066454217688,2
4,tension_,60,136.01666666666668,20.286688301007196,2
4,ana_hemo,3,14.966666666666667,1.3912424503139473,2
4,ana_plaq,3,166.66666666666666,76.52595783276563,2
4,ana_leuc,15,10.120666666666667,3.213229873853133,2
4,ana_neu,1052,6.6983650190114075,2.9670845729366797,2
4,protcrea,1317,8.456142748671224,12.56688130359642,2
4,splanchnic,464,0.017241379310344827,0.13016955922880602,2
5,raza,430,2.9953488372093022,0.5498217420946933,2
5,ant_inf,21,0.0,0.0,2
5,ant_isq,22,0.0,0.0,2
5,ant_clau,22,0.0,0.0,2
5,fum_act,29,0.3103448275862069,0.46263475396547377,2
5,diabetes,20,0.2,0.4000000000000001,2
5,hip_art,21,0.2857142857142857,0.45175395145262565,2
5,insf_car,5,0.0,0.0,2
5,fibr_aur,186,0.03763440860215054,0.19031043032718128,2
5,trat_est,24,0.16666666666666666,0.372677996249965,2
5,var171,18,0.0,0.0,2
5,tv_l_esu,360,0.022222222222222223,0.14740554623801777,2
5,tvp_orig,1291,0.14175058094500387,0.3487941423630245,2
5,tv_l_ein,286,0.7342657342657343,0.4417234041217834,2
5,tvp_prox,568,0.8855633802816901,0.31834082331010705,2
5,tv_l_svc,474,0.014767932489451477,0.12062272032846248,2
5,tv_l_vre,493,0.016227180527383367,0.12634816634805224,2
5,tv_l_vrn,486,0.012345679012345678,0.11042310999998962,2
5,tv_l_vca,929,0.07857911733046287,0.26908073072969796,2
5,tv_l_yug,936,0.016025641025641024,0.12557396169333163,2
5,tv_l_ova,938,0.0,0.0,2
5,tv_l_sup,940,0.005319148936170213,0.0727382677190284,2
5,tv_l_pul,939,0.005324813631522897,0.0727767819521614,2
5,tv_l_ove,486,0.04526748971193416,0.2078902212397546,2
5,fr_antfa,691,0.1085383502170767,0.3110591209870431,2
5,fr_tvs_a,248,0.04032258064516129,0.19671469222016885,2
5,fr_viaje,10,0.1,0.30000000000000004,2
5,fr_estro,15,0.0,0.0,2
5,fr_varic,25,0.16,0.36660605559646714,2
5,fr_antec,1,0.0,0.0,2
5,ana_dime,181,1.5635359116022098,0.5386669499463471,2
5,ana_crea,45,0.8666666666666667,0.33993463423951903,2
5,ana_trop,824,0.8847087378640777,0.31937311566728405,2
5,tension_,60,132.86666666666667,18.3325454376151,2
5,ana_hemo,3,11.433333333333332,0.4189935029992177,2
5,ana_plaq,3,283.6666666666667,122.89381143446113,2
5,ana_leuc,15,9.720666666666666,3.4314864935703238,2
5,ana_neu,1052,6.469249049429658,3.050707127831099,2
5,protcrea,1317,66.74160212604404,61.476069775061596,2
5,splanchnic,464,0.010775862068965518,0.10324603075003004,2
1,raza,430,2.86046511627907,0.7859639422712521,3
1,ant_inf,21,0.0,0.0,3
1,ant_isq,22,0.045454545454545456,0.2082988952252655,3
1,ant_clau,22,0.0,0.0,3
1,fum_act,29,0.10344827586206896,0.30454347814923605,3
1,diabetes,20,0.15,0.3570714214271425,3
1,hip_art,21,0.47619047619047616,0.49943278484292924,3
1,insf_car,5,0.0,0.0,3
1,fibr_aur,186,0.016129032258064516,0.12597176896623638,3
1,trat_est,24,0.16666666666666666,0.372677996249965,3
1,var171,18,0.05555555555555555,0.2290614236454256,3
1,tv_l_esu,360,0.016666666666666666,0.12801909579781015,3
1,tvp_orig,1291,0.24167312161115415,0.4280972131442512,3
1,tv_l_ein,286,0.7307692307692307,0.4435600997950306,3
1,tvp_prox,568,0.8943661971830986,0.3073683498985239,3
1,tv_l_svc,474,0.010548523206751054,0.10216286930635657,3
1,tv_l_vre,493,0.02028397565922921,0.14096998258737567,3
1,tv_l_vrn,486,0.0102880658436214,0.10090699452871793,3
1,tv_l_vca,929,0.05382131324004306,0.2256647501963039,3
1,tv_l_yug,936,0.013888888888888888,0.11702985796078279,3
1,tv_l_ova,938,0.01279317697228145,0.11238109981325747,3
1,tv_l_sup,940,0.00425531914893617,0.0650938661309717,3
1,tv_l_pul,939,0.005324813631522897,0.0727767819521614,3
1,tv_l_ove,486,0.043209876543209874,0.20332924804939018,3
1,fr_antfa,691,0.1316931982633864,0.3381569159348169,3
1,fr_tvs_a,248,0.06451612903225806,0.24567010018915833,3
1,fr_viaje,10,0.0,0.0,3
1,fr_estro,15,0.0,0.0,3
1,fr_varic,25,0.16,0.36660605559646714,3
1,fr_antec,1,1.0,0.0,3
1,ana_dime,181,1.591160220994475,0.5242508801890148,3
1,ana_crea,45,0.8666666666666667,0.33993463423951903,3
1,ana_trop,824,0.8883495145631068,0.3149359530739533,3
1,tension_,60,140.78333333333333,22.022028113282897,3
1,ana_hemo,3,13.200000000000001,1.608311744241976,3
1,ana_plaq,3,232.0,66.54822812567339,3
1,ana_leuc,15,8.744,3.187491803911031,3
1,ana_neu,1052,6.513117870722434,3.0609772187383246,3
1,protcrea,1317,41.55106302201974,46.16753372412685,3
1,splanchnic,464,0.021551724137931036,0.1452144873096812,3
2,raza,430,2.937209302325581,0.7270594664953092,3
2,ant_inf,21,0.047619047619047616,0.21295885499998,3
2,ant_isq,22,0.045454545454545456,0.2082988952252655,3
2,ant_clau,22,0.0,0.0,3
2,fum_act,29,0.20689655172413793,0.40508069394726653,3
2,diabetes,20,0.05,0.21794494717703364,3
2,hip_art,21,0.42857142857142855,0.4948716593053935,3
2,insf_car,5,0.0,0.0,3
2,fibr_aur,186,0.010752688172043012,0.1031361617916714,3
2,trat_est,24,0.20833333333333334,0.4061164310337068,3
2,var171,18,0.05555555555555555,0.2290614236454256,3
2,tv_l_esu,360,0.016666666666666666,0.12801909579781015,3
2,tvp_orig,1291,0.42137877614252517,0.4937800149450693,3
2,tv_l_ein,286,0.7272727272727273,0.4453617714151233,3
2,tvp_prox,568,0.8926056338028169,0.3096139795072058,3
2,tv_l_svc,474,0.002109704641350211,0.045883044664412544,3
2,tv_l_vre,493,0.004056795131845842,0.06356364955777848,3
2,tv_l_vrn,486,0.00205761316872428,0.0453142295175828,3
2,tv_l_vca,929,0.04198062432723358,0.20054488651753072,3
2,tv_l_yug,936,0.010683760683760684,0.10280864721127701,3
2,tv_l_ova,938,0.010660980810234541,0.10270016698330314,3
2,tv_l_sup,940,0.01276595744680851,0.11226302943210996,3
2,tv_l_pul,939,0.011714589989350373,0.10759813367680585,3
2,tv_l_ove,486,0.03292181069958848,0.17843196204673908,3
2,fr_antfa,691,0.15195369030390737,0.35897599683952636,3
2,fr_tvs_a,248,0.04838709677419355,0.21458281767177534,3
2,fr_viaje,10,0.0,0.0,3
2,fr_estro,15,0.0,0.0,3
2,fr_varic,25,0.24,0.4270831300812524,3
2,fr_antec,1,0.0,0.0,3
2,ana_dime,181,1.5966850828729282,0.5439674747026566,3
2,ana_crea,45,0.9111111111111111,0.28458329944145994,3
2,ana_trop,824,0.8543689320388349,0.3527359635841738,3
2,tension_,60,131.7,21.437739308674004,3
2,ana_hemo,3,13.933333333333332,0.7363574011458177,3
2,ana_plaq,3,241.0,6.683312551921141,3
2,ana_leuc,15,8.680666666666667,2.586744328731044,3
2,ana_neu,1052,6.425912547528517,2.9683847152023812,3
2,protcrea,1317,41.518587699316626,50.425319356192205,3
2,splanchnic,464,0.01293103448275862,0.11297708984552722,3
3,raza,430,2.9651162790697674,0.5068753899113496,3
3,ant_inf,21,0.047619047619047616,0.21295885499998,3
3,ant_isq,22,0.09090909090909091,0.2874797872880344,3
3,ant_clau,22,0.0,0.0,3
3,fum_act,29,0.3793103448275862,0.48521542343000995,3
3,diabetes,20,0.2,0.4000000000000001,3
3,hip_art,21,0.38095238095238093,0.4856209060564557,3
3,insf_car,5,0.0,0.0,3
3,fibr_aur,186,0.021505376344086023,0.14506169422830154,3
3,trat_est,24,0.2916666666666667,0.4545296714431547,3
3,var171,18,0.0,0.0,3
3,tv_l_esu,360,0.002777777777777778,0.052631375893045604,3
3,tvp_orig,1291,0.2881487219209915,0.4529006910750861,3
3,tv_l_ein,286,0.7307692307692307,0.4435600997950306,3
3,tvp_prox,568,0.8873239436619719,0.3161963988823049,3
3,tv_l_svc,474,0.010548523206751054,0.10216286930635657,3
3,tv_l_vre,493,0.008113590263691683,0.08970930786002425,3
3,tv_l_vrn,486,0.006172839506172839,0.0783245527188242,3
3,tv_l_vca,929,0.06673842841765339,0.2495684487069532,3
3,tv_l_yug,936,0.009615384615384616,0.09758549581819442,3
3,tv_l_ova,938,0.006396588486140725,0.07972246949185466,3
3,tv_l_sup,940,0.005319148936170213,0.0727382677190284,3
3,tv_l_pul,939,0.007454739084132056,0.08601840471271,3
3,tv_l_ove,486,0.03909465020576132,0.19382017059906456,3
3,fr_antfa,691,0.11432706222865413,0.31820808454660543,3
3,fr_tvs_a,248,0.06451612903225806,0.24567010018915833,3
3,fr_viaje,10,0.0,0.0,3
3,fr_estro,15,0.0,0.0,3
3,fr_varic,25,0.16,0.36660605559646714,3
3,fr_antec,1,0.0,0.0,3
3,ana_dime,181,1.6077348066298343,0.5619086026559611,3
3,ana_crea,45,0.8666666666666667,0.33993463423951903,3
3,ana_trop,824,0.8798543689320388,0.3251317554519129,3
3,tension_,60,133.86666666666667,20.086866909058323,3
3,ana_hemo,3,14.933333333333332,1.4055445761538679,3
3,ana_plaq,3,271.3333333333333,56.81157941437252,3
3,ana_leuc,15,8.862,2.9236283393527756,3
3,ana_neu,1052,6.73138783269962,3.2001612919433793,3
3,protcrea,1317,36.51643128321944,48.796045264240306,3
3,splanchnic,464,0.021551724137931036,0.1452144873096812,3
4,raza,430,2.925581395348837,0.5532538099810232,3
4,ant_inf,21,0.047619047619047616,0.21295885499997996,3
4,ant_isq,22,0.0,0.0,3
4,ant_clau,22,0.0,0.0,3
4,fum_act,29,0.1724137931034483,0.37773969483114894,3
4,diabetes,20,0.0,0.0,3
4,hip_art,21,0.47619047619047616,0.49943278484292924,3
4,insf_car,5,0.0,0.0,3
4,fibr_aur,186,0.010752688172043012,0.10313616179167141,3
4,trat_est,24,0.16666666666666666,0.372677996249965,3
4,var171,18,0.0,0.0,3
4,tv_l_esu,360,0.008333333333333333,0.09090593428863096,3
4,tvp_orig,1291,0.31216111541440744,0.463375175681262,3
4,tv_l_ein,286,0.7587412587412588,0.4278468896988606,3
4,tvp_prox,568,0.8485915492957746,0.3584465535607387,3
4,tv_l_svc,474,0.008438818565400843,0.09147461345434091,3
4,tv_l_vre,493,0.006085192697768763,0.07776993717111891,3
4,tv_l_vrn,486,0.0102880658436214,0.10090699452871792,3
4,tv_l_vca,929,0.03982777179763186,0.19555439241108247,3
4,tv_l_yug,936,0.00641025641025641,0.07980704870505599,3
4,tv_l_ova,938,0.0,0.0,3
4,tv_l_sup,940,0.002127659574468085,0.04607746346320791,3
4,tv_l_pul,939,0.007454739084132056,0.08601840471271001,3
4,tv_l_ove,486,0.03909465020576132,0.19382017059906456,3
4,fr_antfa,691,0.10419681620839363,0.305515694687569,3
4,fr_tvs_a,248,0.036290322580645164,0.18701159073072948,3
4,fr_viaje,10,0.0,0.0,3
4,fr_estro,15,0.0,0.0,3
4,fr_varic,25,0.04,0.19595917942265426,3
4,fr_antec,1,0.0,0.0,3
4,ana_dime,181,1.5193370165745856,0.571816531842458,3
4,ana_crea,45,0.8444444444444444,0.36243347622889094,3
4,ana_trop,824,0.8786407766990292,0.326544272987226,3
4,tension_,60,136.1,26.128337107439503,3
4,ana_hemo,3,14.700000000000001,0.5715476066494084,3
4,ana_plaq,3,249.66666666666666,39.53338954464807,3
4,ana_leuc,15,8.155333333333333,2.8068033220888293,3
4,ana_neu,1052,6.454942965779467,3.143350410442773,3
4,protcrea,1317,35.00079726651481,47.518732785875635,3
4,splanchnic,464,0.017241379310344827,0.13016955922880602,3
5,raza,430,2.874418604651163,0.7643489472369535,3
5,ant_inf,21,0.0,0.0,3
5,ant_isq,22,0.045454545454545456,0.2082988952252655,3
5,ant_clau,22,0.045454545454545456,0.2082988952252655,3
5,fum_act,29,0.13793103448275862,0.3448275862068966,3
5,diabetes,20,0.1,0.30000000000000004,3
5,hip_art,21,0.38095238095238093,0.4856209060564557,3
5,insf_car,5,0.0,0.0,3
5,fibr_aur,186,0.03225806451612903,0.17668469596940842,3
5,trat_est,24,0.16666666666666666,0.372677996249965,3
5,var171,18,0.0,0.0,3
5,tv_l_esu,360,0.0,0.0,3
5,tvp_orig,1291,0.4957397366382649,0.4999818498266599,3
5,tv_l_ein,286,0.7377622377622378,0.4398512456436756,3
5,tvp_prox,568,0.8697183098591549,0.336613088507993,3
5,tv_l_svc,474,0.006329113924050633,0.07930357016545357,3
5,tv_l_vre,493,0.004056795131845842,0.06356364955777848,3
5,tv_l_vrn,486,0.01646090534979424,0.12723971056576383,3
5,tv_l_vca,929,0.04628632938643703,0.21010450994295027,3
5,tv_l_yug,936,0.018162393162393164,0.13353846126493973,3
5,tv_l_ova,938,0.0042643923240938165,0.06516292874173187,3
5,tv_l_sup,940,0.00425531914893617,0.0650938661309717,3
5,tv_l_pul,939,0.002129925452609159,0.04610193998277607,3
5,tv_l_ove,486,0.037037037037037035,0.18885257457751056,3
5,fr_antfa,691,0.13603473227206947,0.34282544229933676,3
5,fr_tvs_a,248,0.06048387096774194,0.2383811492557653,3
5,fr_viaje,10,0.1,0.30000000000000004,3
5,fr_estro,15,0.0,0.0,3
5,fr_varic,25,0.16,0.36660605559646714,3
5,fr_antec,1,0.0,0.0,3
5,ana_dime,181,1.5635359116022098,0.5177476561518056,3
5,ana_crea,45,0.9333333333333333,0.2494438257849294,3
5,ana_trop,824,0.866504854368932,0.34010908797620787,3
5,tension_,60,132.33333333333334,20.361455961912174,3
5,ana_hemo,3,15.233333333333334,1.8153665072253473,3
5,ana_plaq,3,378.3333333333333,171.55044609547232,3
5,ana_leuc,15,8.301333333333334,3.452878734556943,3
5,ana_neu,1052,6.402766159695818,3.1021797884093196,3
5,protcrea,1317,42.78623386484434,49.08114504756314,3
5,splanchnic,464,0.02586206896551724,0.15872372965105147,3
1,raza,430,2.927906976744186,0.5721544682450016,4
1,ant_inf,21,0.047619047619047616,0.21295885499998,4
1,ant_isq,22,0.0,0.0,4
1,ant_clau,22,0.045454545454545456,0.2082988952252655,4
1,fum_act,29,0.1724137931034483,0.37773969483114905,4
1,diabetes,20,0.15,0.3570714214271425,4
1,hip_art,21,0.38095238095238093,0.4856209060564557,4
1,insf_car,5,0.0,0.0,4
1,fibr_aur,186,0.016129032258064516,0.12597176896623638,4
1,trat_est,24,0.3333333333333333,0.4714045207910317,4
1,var171,18,0.05555555555555555,0.2290614236454256,4
1,tv_l_esu,360,0.008333333333333333,0.09090593428863096,4
1,tvp_orig,1291,0.24709527498063516,0.4313226171473964,4
1,tv_l_ein,286,0.7552447552447552,0.429941990180123,4
1,tvp_prox,568,0.8873239436619719,0.3161963988823049,4
1,tv_l_svc,474,0.006329113924050633,0.0793035701654536,4
1,tv_l_vre,493,0.012170385395537525,0.10964609940559497,4
1,tv_l_vrn,486,0.006172839506172839,0.0783245527188242,4
1,tv_l_vca,929,0.06996770721205597,0.2550925854656383,4
1,tv_l_yug,936,0.023504273504273504,0.1514985895357109,4
1,tv_l_ova,938,0.0042643923240938165,0.06516292874173187,4
1,tv_l_sup,940,0.005319148936170213,0.0727382677190284,4
1,tv_l_pul,939,0.011714589989350373,0.10759813367680585,4
1,tv_l_ove,486,0.02880658436213992,0.16726256323375782,4
1,fr_antfa,691,0.11287988422575977,0.31644591317149107,4
1,fr_tvs_a,248,0.056451612903225805,0.23079174227829327,4
1,fr_viaje,10,0.0,0.0,4
1,fr_estro,15,0.0,0.0,4
1,fr_varic,25,0.2,0.4,4
1,fr_antec,1,0.0,0.0,4
1,ana_dime,181,1.558011049723757,0.5691948562735702,4
1,ana_crea,45,0.8666666666666667,0.33993463423951903,4
1,ana_trop,824,0.904126213592233,0.2944180760204863,4
1,tension_,60,129.35,22.10492026676414,4
1,ana_hemo,3,14.966666666666667,0.8576453553512404,4
1,ana_plaq,3,200.0,11.86029791643813,4
1,ana_leuc,15,9.012666666666666,3.951624925971031,4
1,ana_neu,1052,6.5912927756654,3.0595274184992314,4
1,protcrea,1317,41.70063022019742,51.05639669736043,4
1,splanchnic,464,0.021551724137931036,0.1452144873096812,4
2,raza,430,2.874418604651163,0.7041713002664787,4
2,ant_inf,21,0.047619047619047616,0.21295885499998,4
2,ant_isq,22,0.0,0.0,4
2,ant_clau,22,0.0,0.0,4
2,fum_act,29,0.1724137931034483,0.37773969483114905,4
2,diabetes,20,0.25,0.4330127018922193,4
2,hip_art,21,0.5238095238095238,0.49943278484292924,4
2,insf_car,5,0.0,0.0,4
2,fibr_aur,186,0.010752688172043012,0.1031361617916714,4
2,trat_est,24,0.20833333333333334,0.4061164310337068,4
2,var171,18,0.0,0.0,4
2,tv_l_esu,360,0.027777777777777776,0.16433554953054486,4
2,tvp_orig,1291,0.20061967467079783,0.4004640068792463,4
2,tv_l_ein,286,0.7622377622377622,0.4257127623839,4
2,tvp_prox,568,0.8855633802816901,0.31834082331010705,4
2,tv_l_svc,474,0.012658227848101266,0.11179444134592212,4
2,tv_l_vre,493,0.010141987829614604,0.10019544856169145,4
2,tv_l_vrn,486,0.012345679012345678,0.11042310999998962,4
2,tv_l_vca,929,0.062432723358449946,0.24193982394904975,4
2,tv_l_yug,936,0.016025641025641024,0.12557396169333163,4
2,tv_l_ova,938,0.010660980810234541,0.10270016698330314,4
2,tv_l_sup,940,0.006382978723404255,0.07963815860516127,4
2,tv_l_pul,939,0.004259850905218318,0.06512836997410291,4
2,tv_l_ove,486,0.06172839506172839,0.24066158876071514,4
2,fr_antfa,691,0.14327062228654125,0.35034861363528824,4
2,fr_tvs_a,248,0.07258064516129033,0.2594469022926679,4
2,fr_viaje,10,0.0,0.0,4
2,fr_estro,15,0.0,0.0,4
2,fr_varic,25,0.16,0.36660605559646714,4
2,fr_antec,1,0.0,0.0,4
2,ana_dime,181,1.558011049723757,0.518395761579664,4
2,ana_crea,45,0.8666666666666667,0.33993463423951903,4
2,ana_trop,824,0.8422330097087378,0.36452238211898447,4
2,tension_,60,133.85,21.296967702781853,4
2,ana_hemo,3,15.366666666666667,0.8956685895029604,4
2,ana_plaq,3,218.0,25.468935326524086,4
2,ana_leuc,15,8.583333333333334,4.313783593191584,4
2,ana_neu,1052,6.6857034220532325,3.0259900776546402,4
2,protcrea,1317,49.71242217160213,52.463097056418206,4
2,splanchnic,464,0.017241379310344827,0.13016955922880602,4
3,raza,430,2.953488372093023,0.5966374136384374,4
3,ant_inf,21,0.047619047619047616,0.21295885499997996,4
3,ant_isq,22,0.13636363636363635,0.34317429251230674,4
3,ant_clau,22,0.045454545454545456,0.20829889522526548,4
3,fum_act,29,0.2413793103448276,0.42791978089623645,4
3,diabetes,20,0.2,0.4000000000000001,4
3,hip_art,21,0.5238095238095238,0.49943278484292924,4
3,insf_car,5,0.0,0.0,4
3,fibr_aur,186,0.016129032258064516,0.12597176896623638,4
3,trat_est,24,0.2916666666666667,0.45452967144315476,4
3,var171,18,0.05555555555555555,0.2290614236454256,4
3,tv_l_esu,360,0.002777777777777778,0.05263137589304561,4
3,tvp_orig,1291,0.31138652207591017,0.4630604236440195,4
3,tv_l_ein,286,0.7587412587412588,0.4278468896988606,4
3,tvp_prox,568,0.8890845070422535,0.314027461187213,4
3,tv_l_svc,474,0.006329113924050633,0.07930357016545357,4
3,tv_l_vre,493,0.006085192697768763,0.07776993717111892,4
3,tv_l_vrn,486,0.0102880658436214,0.10090699452871793,4
3,tv_l_vca,929,0.03552206673842842,0.18509524443663877,4
3,tv_l_yug,936,0.02564102564102564,0.15806189751202504,4
3,tv_l_ova,938,0.008528784648187633,0.0919567533170483,4
3,tv_l_sup,940,0.00425531914893617,0.0650938661309717,4
3,tv_l_pul,939,0.007454739084132056,0.08601840471271001,4
3,tv_l_ove,486,0.0411522633744856,0.1986422779612703,4
3,fr_antfa,691,0.14616497829232997,0.3532715349601956,4
3,fr_tvs_a,248,0.08064516129032258,0.27228940348603436,4
3,fr_viaje,10,0.0,0.0,4
3,fr_estro,15,0.0,0.0,4
3,fr_varic,25,0.2,0.4,4
3,fr_antec,1,0.0,0.0,4
3,ana_dime,181,1.558011049723757,0.5392899156646377,4
3,ana_crea,45,0.9111111111111111,0.28458329944145994,4
3,ana_trop,824,0.8652912621359223,0.34141220512328624,4
3,tension_,60,134.23333333333332,21.80853553593689,4
3,ana_hemo,3,14.066666666666665,2.9634814361190487,4
3,ana_plaq,3,279.6666666666667,75.11916459126053,4
3,ana_leuc,15,8.535333333333336,4.2715412779099875,4
3,ana_neu,1052,6.6554847908745245,3.1581960866342356,4
3,protcrea,1317,58.759529233105546,53.67531694487674,4
3,splanchnic,464,0.021551724137931036,0.1452144873096812,4
4,raza,430,2.9395348837209303,0.4880619170040188,4
4,ant_inf,21,0.047619047619047616,0.21295885499998,4
4,ant_isq,22,0.045454545454545456,0.2082988952252655,4
4,ant_clau,22,0.0,0.0,4
4,fum_act,29,0.13793103448275862,0.3448275862068965,4
4,diabetes,20,0.15,0.3570714214271425,4
4,hip_art,21,0.5714285714285714,0.49487165930539356,4
4,insf_car,5,0.0,0.0,4
4,fibr_aur,186,0.03225806451612903,0.17668469596940845,4
4,trat_est,24,0.125,0.33071891388307384,4
4,var171,18,0.05555555555555555,0.2290614236454256,4
4,tv_l_esu,360,0.008333333333333333,0.09090593428863096,4
4,tvp_orig,1291,0.37335398915569323,0.48369493271815844,4
4,tv_l_ein,286,0.7762237762237763,0.41677383009094654,4
4,tvp_prox,568,0.8873239436619719,0.31619639888230494,4
4,tv_l_svc,474,0.002109704641350211,0.045883044664412544,4
4,tv_l_vre,493,0.012170385395537525,0.10964609940559499,4
4,tv_l_vrn,486,0.0,0.0,4
4,tv_l_vca,929,0.04843918191603875,0.2146924022208137,4
4,tv_l_yug,936,0.01282051282051282,0.11249954342810412,4
4,tv_l_ova,938,0.0,0.0,4
4,tv_l_sup,940,0.00425531914893617,0.06509386613097172,4
4,tv_l_pul,939,0.023429179978700747,0.1512622011747363,4
4,tv_l_ove,486,0.047325102880658436,0.21233331702300876,4
4,fr_antfa,691,0.11287988422575977,0.316445913171491,4
4,fr_tvs_a,248,0.08064516129032258,0.27228940348603436,4
4,fr_viaje,10,0.0,0.0,4
4,fr_estro,15,0.0,0.0,4
4,fr_varic,25,0.24,0.4270831300812525,4
4,fr_antec,1,0.0,0.0,4
4,ana_dime,181,1.580110497237569,0.515443261422789,4
4,ana_crea,45,0.9111111111111111,0.28458329944145994,4
4,ana_trop,824,0.866504854368932,0.34010908797620787,4
4,tension_,60,134.06666666666666,18.083018430437868,4
4,ana_hemo,3,13.733333333333334,0.953356643071673,4
4,ana_plaq,3,232.33333333333334,56.01388716698347,4
4,ana_leuc,15,9.718666666666667,7.235397124937619,4
4,ana_neu,1052,6.6392680608365024,2.971412451134874,4
4,protcrea,1317,53.674335611237666,52.00677707680239,4
4,splanchnic,464,0.023706896551724137,0.15213441296304395,4
5,raza,430,2.8930232558139535,0.697302226303634,4
5,ant_inf,21,0.047619047619047616,0.21295885499998,4
5,ant_isq,22,0.13636363636363635,0.3431742925123068,4
5,ant_clau,22,0.09090909090909091,0.2874797872880344,4
5,fum_act,29,0.20689655172413793,0.40508069394726653,4
5,diabetes,20,0.15,0.3570714214271425,4
5,hip_art,21,0.38095238095238093,0.4856209060564557,4
5,insf_car,5,0.0,0.0,4
5,fibr_aur,186,0.005376344086021506,0.07312618553083572,4
5,trat_est,24,0.125,0.33071891388307384,4
5,var171,18,0.0,0.0,4
5,tv_l_esu,360,0.005555555555555556,0.07432826755699806,4
5,tvp_orig,1291,0.33230054221533695,0.47103810021985487,4
5,tv_l_ein,286,0.8041958041958042,0.39681848836674427,4
5,tvp_prox,568,0.8573943661971831,0.34967022608525566,4
5,tv_l_svc,474,0.010548523206751054,0.10216286930635658,4
5,tv_l_vre,493,0.014198782961460446,0.118309667922253,4
5,tv_l_vrn,486,0.0205761316872428,0.14196039761860363,4
5,tv_l_vca,929,0.06350914962325081,0.24387648008240229,4
5,tv_l_yug,936,0.028846153846153848,0.16737399216855012,4
5,tv_l_ova,938,0.009594882729211088,0.09748241356585184,4
5,tv_l_sup,940,0.006382978723404255,0.07963815860516127,4
5,tv_l_pul,939,0.008519701810436636,0.09190819599740753,4
5,tv_l_ove,486,0.047325102880658436,0.21233331702300876,4
5,fr_antfa,691,0.1548480463096961,0.3617597667842104,4
5,fr_tvs_a,248,0.04032258064516129,0.19671469222016888,4
5,fr_viaje,10,0.0,0.0,4
5,fr_estro,15,0.0,0.0,4
5,fr_varic,25,0.08,0.2712931993250107,4
5,fr_antec,1,0.0,0.0,4
5,ana_dime,181,1.5635359116022098,0.5782395506986052,4
5,ana_crea,45,0.8666666666666667,0.33993463423951903,4
5,ana_trop,824,0.8689320388349514,0.337474666784169,4
5,tension_,60,132.91666666666666,18.799194722706137,4
5,ana_hemo,3,14.333333333333334,0.3299831645537218,4
5,ana_plaq,3,290.0,33.25657829663178,4
5,ana_leuc,15,8.633333333333333,3.31642913722308,4
5,ana_neu,1052,6.712214828897339,3.0955975330989642,4
5,protcrea,1317,58.92808656036446,43.66925675873576,4
5,splanchnic,464,0.01939655172413793,0.13791419617048414,4
1,raza,430,2.9558139534883723,0.6684944297419372,5
1,ant_inf,21,0.0,0.0,5
1,ant_isq,22,0.045454545454545456,0.2082988952252655,5
1,ant_clau,22,0.0,0.0,5
1,fum_act,29,0.41379310344827586,0.4925123054167483,5
1,diabetes,20,0.0,0.0,5
1,hip_art,21,0.38095238095238093,0.4856209060564557,5
1,insf_car,5,0.2,0.4000000000000001,5
1,fibr_aur,186,0.010752688172043012,0.1031361617916714,5
1,trat_est,24,0.25,0.4330127018922193,5
1,var171,18,0.0,0.0,5
1,tv_l_esu,360,0.0,0.0,5
1,tvp_orig,1291,0.2935708752904725,0.4553976465372415,5
1,tv_l_ein,286,0.43006993006993005,0.49508563432963354,5
1,tvp_prox,568,0.9119718309859155,0.28333586160970214,5
1,tv_l_svc,474,0.010548523206751054,0.10216286930635657,5
1,tv_l_vre,493,0.012170385395537525,0.10964609940559499,5
1,tv_l_vrn,486,0.006172839506172839,0.0783245527188242,5
1,tv_l_vca,929,0.05166846071044134,0.22135679541919404,5
1,tv_l_yug,936,0.024572649572649572,0.15481871484297155,5
1,tv_l_ova,938,0.0021321961620469083,0.04612645554964591,5
1,tv_l_sup,940,0.00425531914893617,0.06509386613097172,5
1,tv_l_pul,939,0.01597444089456869,0.12537646562523058,5
1,tv_l_ove,486,0.05555555555555555,0.2290614236454256,5
1,fr_antfa,691,0.14616497829232997,0.3532715349601956,5
1,fr_tvs_a,248,0.04032258064516129,0.19671469222016888,5
1,fr_viaje,10,0.1,0.30000000000000004,5
1,fr_estro,15,0.0,0.0,5
1,fr_varic,25,0.24,0.4270831300812524,5
1,fr_antec,1,0.0,0.0,5
1,ana_dime,181,1.5248618784530388,0.5716029682376824,5
1,ana_crea,45,0.8888888888888888,0.3142696805273545,5
1,ana_trop,824,0.8422330097087378,0.36452238211898447,5
1,tension_,60,130.75,18.563068173122673,5
1,ana_hemo,3,12.433333333333332,1.0338708279513884,5
1,ana_plaq,3,184.66666666666666,6.128258770283411,5
1,ana_leuc,15,8.348666666666666,4.0272022822577735,5
1,ana_neu,1052,6.755047528517109,3.209811049723543,5
1,protcrea,1317,23.061488230827642,30.72556413612234,5
1,splanchnic,464,0.032327586206896554,0.17686863310641665,5
2,raza,430,2.9674418604651165,0.4614037883699266,5
2,ant_inf,21,0.047619047619047616,0.21295885499998,5
2,ant_isq,22,0.0,0.0,5
2,ant_clau,22,0.0,0.0,5
2,fum_act,29,0.3448275862068966,0.4753120259341455,5
2,diabetes,20,0.05,0.21794494717703364,5
2,hip_art,21,0.42857142857142855,0.49487165930539345,5
2,insf_car,5,0.0,0.0,5
2,fibr_aur,186,0.016129032258064516,0.1259717689662364,5
2,trat_est,24,0.125,0.33071891388307384,5
2,var171,18,0.0,0.0,5
2,tv_l_esu,360,0.011111111111111112,0.10482201257840673,5
2,tvp_orig,1291,0.25484120836560803,0.4357719207158314,5
2,tv_l_ein,286,0.3706293706293706,0.48297333286243377,5
2,tvp_prox,568,0.8820422535211268,0.3225580824045479,5
2,tv_l_svc,474,0.008438818565400843,0.09147461345434091,5
2,tv_l_vre,493,0.008113590263691683,0.08970930786002425,5
2,tv_l_vrn,486,0.006172839506172839,0.0783245527188242,5
2,tv_l_vca,929,0.060279870828848225,0.23800463861384213,5
2,tv_l_yug,936,0.016025641025641024,0.12557396169333163,5
2,tv_l_ova,938,0.0021321961620469083,0.04612645554964591,5
2,tv_l_sup,940,0.007446808510638298,0.08597298153282916,5
2,tv_l_pul,939,0.005324813631522897,0.0727767819521614,5
2,tv_l_ove,486,0.053497942386831275,0.22502424879822738,5
2,fr_antfa,691,0.12011577424023155,0.325096870207791,5
2,fr_tvs_a,248,0.04032258064516129,0.19671469222016888,5
2,fr_viaje,10,0.1,0.30000000000000004,5
2,fr_estro,15,0.06666666666666667,0.24944382578492943,5
2,fr_varic,25,0.32,0.46647615158762407,5
2,fr_antec,1,0.0,0.0,5
2,ana_dime,181,1.6353591160220995,0.5037631955825356,5
2,ana_crea,45,0.9333333333333333,0.2494438257849294,5
2,ana_trop,824,0.8944174757281553,0.3073025461011184,5
2,tension_,60,128.45,20.07189162319619,5
2,ana_hemo,3,14.699999999999998,1.6309506430300085,5
2,ana_plaq,3,191.0,31.496031496047245,5
2,ana_leuc,15,8.225999999999999,3.416046057456876,5
2,ana_neu,1052,6.455893536121673,3.044632979697369,5
2,protcrea,1317,79.98362186788155,53.95924979077322,5
2,splanchnic,464,0.015086206896551725,0.12189591157223509,5
3,raza,430,2.927906976744186,0.47925600353889086,5
3,ant_inf,21,0.0,0.0,5
3,ant_isq,22,0.045454545454545456,0.2082988952252655,5
3,ant_clau,22,0.0,0.0,5
3,fum_act,29,0.10344827586206896,0.3045434781492361,5
3,diabetes,20,0.15,0.3570714214271425,5
3,hip_art,21,0.42857142857142855,0.49487165930539345,5
3,insf_car,5,0.0,0.0,5
3,fibr_aur,186,0.010752688172043012,0.10313616179167137,5
3,trat_est,24,0.125,0.33071891388307384,5
3,var171,18,0.1111111111111111,0.3142696805273545,5
3,tv_l_esu,360,0.013888888888888888,0.11702985796078277,5
3,tvp_orig,1291,0.16731216111541442,0.3732543393696904,5
3,tv_l_ein,286,0.34615384615384615,0.4757429568020378,5
3,tvp_prox,568,0.903169014084507,0.2957274861796356,5
3,tv_l_svc,474,0.008438818565400843,0.09147461345434091,5
3,tv_l_vre,493,0.006085192697768763,0.07776993717111891,5
3,tv_l_vrn,486,0.00823045267489712,0.09034773004156439,5
3,tv_l_vca,929,0.04628632938643703,0.21010450994295027,5
3,tv_l_yug,936,0.021367521367521368,0.14460619073238146,5
3,tv_l_ova,938,0.0,0.0,5
3,tv_l_sup,940,0.0031914893617021275,0.05640304741196409,5
3,tv_l_pul,939,0.008519701810436636,0.09190819599740753,5
3,tv_l_ove,486,0.03292181069958848,0.1784319620467391,5
3,fr_antfa,691,0.14905933429811866,0.35614694882410597,5
3,fr_tvs_a,248,0.05241935483870968,0.22287118718444318,5
3,fr_viaje,10,0.0,0.0,5
3,fr_estro,15,0.0,0.0,5
3,fr_varic,25,0.36,0.48000000000000004,5
3,fr_antec,1,0.0,0.0,5
3,ana_dime,181,1.6022099447513811,0.5115198673636555,5
3,ana_crea,45,0.9111111111111111,0.28458329944145994,5
3,ana_trop,824,0.8507281553398058,0.3563562277440048,5
3,tension_,60,129.41666666666666,15.507301147810631,5
3,ana_hemo,3,14.266666666666666,1.0656244908763852,5
3,ana_plaq,3,215.66666666666666,56.09713797413277,5
3,ana_leuc,15,7.756666666666667,2.789818791407229,5
3,ana_neu,1052,6.431245247148289,3.0436529778145767,5
3,protcrea,1317,31.942596810933935,42.13615471519584,5
3,splanchnic,464,0.04310344827586207,0.2030899825756853,5
4,raza,430,2.932558139534884,0.5392591516759878,5
4,ant_inf,21,0.047619047619047616,0.21295885499997996,5
4,ant_isq,22,0.045454545454545456,0.20829889522526548,5
4,ant_clau,22,0.045454545454545456,0.2082988952252655,5
4,fum_act,29,0.20689655172413793,0.40508069394726653,5
4,diabetes,20,0.05,0.21794494717703364,5
4,hip_art,21,0.47619047619047616,0.49943278484292924,5
4,insf_car,5,0.0,0.0,5
4,fibr_aur,186,0.016129032258064516,0.12597176896623638,5
4,trat_est,24,0.25,0.4330127018922193,5
4,var171,18,0.0,0.0,5
4,tv_l_esu,360,0.019444444444444445,0.13808098357373966,5
4,tvp_orig,1291,0.20604182804027885,0.40446086725182573,5
4,tv_l_ein,286,0.3741258741258741,0.4838963777870472,5
4,tvp_prox,568,0.9014084507042254,0.29811282378192566,5
4,tv_l_svc,474,0.012658227848101266,0.11179444134592212,5
4,tv_l_vre,493,0.012170385395537525,0.10964609940559499,5
4,tv_l_vrn,486,0.00205761316872428,0.04531422951758281,5
4,tv_l_vca,929,0.031216361679224973,0.1739019851604253,5
4,tv_l_yug,936,0.023504273504273504,0.1514985895357109,5
4,tv_l_ova,938,0.006396588486140725,0.07972246949185466,5
4,tv_l_sup,940,0.007446808510638298,0.08597298153282916,5
4,tv_l_pul,939,0.002129925452609159,0.04610193998277607,5
4,tv_l_ove,486,0.037037037037037035,0.18885257457751053,5
4,fr_antfa,691,0.10709117221418235,0.3092291271015307,5
4,fr_tvs_a,248,0.07661290322580645,0.26597625135549163,5
4,fr_viaje,10,0.0,0.0,5
4,fr_estro,15,0.06666666666666667,0.24944382578492943,5
4,fr_varic,25,0.2,0.4,5
4,fr_antec,1,0.0,0.0,5
4,ana_dime,181,1.5856353591160222,0.5558461368135128,5
4,ana_crea,45,0.9555555555555556,0.20608041101101562,5
4,ana_trop,824,0.8701456310679612,0.33614314183291133,5
4,tension_,60,132.08333333333334,19.606369429912878,5
4,ana_hemo,3,14.666666666666666,1.562761089297472,5
4,ana_plaq,3,160.33333333333334,36.42648609032841,5
4,ana_leuc,15,7.995333333333332,2.7916037604852795,5
4,ana_neu,1052,6.683422053231939,3.0868386563460253,5
4,protcrea,1317,60.24488990129082,57.3714421967368,5
4,splanchnic,464,0.03879310344827586,0.19310152400519068,5
5,raza,430,3.016279069767442,0.669755329347839,5
5,ant_inf,21,0.09523809523809523,0.2935435239509036,5
5,ant_isq,22,0.13636363636363635,0.3431742925123068,5
5,ant_clau,22,0.0,0.0,5
5,fum_act,29,0.13793103448275862,0.3448275862068966,5
5,diabetes,20,0.1,0.30000000000000004,5
5,hip_art,21,0.42857142857142855,0.4948716593053935,5
5,insf_car,5,0.0,0.0,5
5,fibr_aur,186,0.016129032258064516,0.12597176896623638,5
5,trat_est,24,0.16666666666666666,0.372677996249965,5
5,var171,18,0.05555555555555555,0.2290614236454256,5
5,tv_l_esu,360,0.03333333333333333,0.17950549357115012,5
5,tvp_orig,1291,0.31216111541440744,0.463375175681262,5
5,tv_l_ein,286,0.3356643356643357,0.47222218226948615,5
5,tvp_prox,568,0.9014084507042254,0.29811282378192566,5
5,tv_l_svc,474,0.010548523206751054,0.10216286930635657,5
5,tv_l_vre,493,0.016227180527383367,0.12634816634805224,5
5,tv_l_vrn,486,0.00205761316872428,0.0453142295175828,5
5,tv_l_vca,929,0.09257265877287406,0.28983264415968585,5
5,tv_l_yug,936,0.018162393162393164,0.13353846126493973,5
5,tv_l_ova,938,0.0,0.0,5
5,tv_l_sup,940,0.005319148936170213,0.0727382677190284,5
5,tv_l_pul,939,0.003194888178913738,0.05643297678164758,5
5,tv_l_ove,486,0.05761316872427984,0.23301049657435505,5
5,fr_antfa,691,0.1287988422575977,0.3349771641331692,5
5,fr_tvs_a,248,0.08064516129032258,0.27228940348603436,5
5,fr_viaje,10,0.2,0.4000000000000001,5
5,fr_estro,15,0.0,0.0,5
5,fr_varic,25,0.12,0.32496153618543844,5
5,fr_antec,1,0.0,0.0,5
5,ana_dime,181,1.6298342541436464,0.5370211217778063,5
5,ana_crea,45,0.8666666666666667,0.33993463423951903,5
5,ana_trop,824,0.8555825242718447,0.3515125437768374,5
5,tension_,60,139.36666666666667,19.675675902550903,5
5,ana_hemo,3,15.4,0.08164965809277232,5
5,ana_plaq,3,239.66666666666666,41.35483311805553,5
5,ana_leuc,15,7.961333333333332,2.2893139195449415,5
5,ana_neu,1052,6.310922053231939,3.0509198895794567,5
5,protcrea,1317,40.03009870918755,48.584670796052485,5
5,splanchnic,464,0.028017241379310345,0.16502204569330667,5
1,raza,430,2.902325581395349,0.6432072153697684,6
1,ant_inf,21,0.0,0.0,6
1,ant_isq,22,0.0,0.0,6
1,ant_clau,22,0.09090909090909091,0.28747978728803447,6
1,fum_act,29,0.13793103448275862,0.3448275862068966,6
1,diabetes,20,0.05,0.21794494717703364,6
1,hip_art,21,0.2857142857142857,0.45175395145262565,6
1,insf_car,5,0.0,0.0,6
1,fibr_aur,186,0.016129032258064516,0.12597176896623638,6
1,trat_est,24,0.16666666666666666,0.372677996249965,6
1,var171,18,0.05555555555555555,0.2290614236454256,6
1,tv_l_esu,360,0.011111111111111112,0.1048220125784067,6
1,tvp_orig,1291,0.16963594113090627,0.37531265447295803,6
1,tv_l_ein,286,0.7482517482517482,0.43401736081630493,6
1,tvp_prox,568,0.8943661971830986,0.3073683498985239,6
1,tv_l_svc,474,0.004219409282700422,0.06481979534066336,6
1,tv_l_vre,493,0.008113590263691683,0.08970930786002425,6
1,tv_l_vrn,486,0.00411522633744856,0.06401789788520183,6
1,tv_l_vca,929,0.05489773950484392,0.22778054724252073,6
1,tv_l_yug,936,0.027777777777777776,0.16433554953054486,6
1,tv_l_ova,938,0.005330490405117271,0.0728153574265637,6
1,tv_l_sup,940,0.0,0.0,6
1,tv_l_pul,939,0.003194888178913738,0.056432976781647576,6
1,tv_l_ove,486,0.05761316872427984,0.23301049657435502,6
1,fr_antfa,691,0.15195369030390737,0.3589759968395263,6
1,fr_tvs_a,248,0.04032258064516129,0.19671469222016885,6
1,fr_viaje,10,0.0,0.0,6
1,fr_estro,15,0.0,0.0,6
1,fr_varic,25,0.2,0.4,6
1,fr_antec,1,0.0,0.0,6
1,ana_dime,181,1.5248618784530388,0.5716029682376824,6
1,ana_crea,45,0.9111111111111111,0.2845832994414599,6
1,ana_trop,824,0.8567961165048543,0.35028064640664125,6
1,tension_,60,132.31666666666666,19.85404380864401,6
1,ana_hemo,3,13.066666666666668,1.291854825005074,6
1,ana_plaq,3,126.33333333333333,64.25124296246901,6
1,ana_leuc,15,9.25733333333333,4.087782555643367,6
1,ana_neu,1052,6.703307984790874,3.1278224498473284,6
1,protcrea,1317,31.553895216400914,40.40924645457059,6
1,splanchnic,464,0.01939655172413793,0.13791419617048412,6
2,raza,430,2.9627906976744187,0.5854925399457038,6
2,ant_inf,21,0.047619047619047616,0.21295885499998,6
2,ant_isq,22,0.0,0.0,6
2,ant_clau,22,0.045454545454545456,0.2082988952252655,6
2,fum_act,29,0.3103448275862069,0.46263475396547377,6
2,diabetes,20,0.05,0.21794494717703364,6
2,hip_art,21,0.3333333333333333,0.4714045207910317,6
2,insf_car,5,0.0,0.0,6
2,fibr_aur,186,0.0,0.0,6
2,trat_est,24,0.20833333333333334,0.4061164310337068,6
2,var171,18,0.0,0.0,6
2,tv_l_esu,360,0.002777777777777778,0.05263137589304562,6
2,tvp_orig,1291,0.2238574748257165,0.4168276691756081,6
2,tv_l_ein,286,0.7692307692307693,0.42132504423474315,6
2,tvp_prox,568,0.8767605633802817,0.32871184627477723,6
2,tv_l_svc,474,0.006329113924050633,0.07930357016545359,6
2,tv_l_vre,493,0.012170385395537525,0.10964609940559497,6
2,tv_l_vrn,486,0.01646090534979424,0.12723971056576383,6
2,tv_l_vca,929,0.060279870828848225,0.23800463861384213,6
2,tv_l_yug,936,0.021367521367521368,0.14460619073238146,6
2,tv_l_ova,938,0.007462686567164179,0.08606389996022984,6
2,tv_l_sup,940,0.0010638297872340426,0.0325990498852012,6
2,tv_l_pul,939,0.004259850905218318,0.06512836997410291,6
2,tv_l_ove,486,0.03497942386831276,0.18372768918743218,6
2,fr_antfa,691,0.12011577424023155,0.325096870207791,6
2,fr_tvs_a,248,0.05241935483870968,0.22287118718444318,6
2,fr_viaje,10,0.0,0.0,6
2,fr_estro,15,0.0,0.0,6
2,fr_varic,25,0.2,0.4,6
2,fr_antec,1,0.0,0.0,6
2,ana_dime,181,1.6187845303867403,0.5186900872501032,6
2,ana_crea,45,0.8666666666666667,0.33993463423951903,6
2,ana_trop,824,0.8725728155339806,0.33345089162436264,6
2,tension_,60,126.55,20.811395115817362,6
2,ana_hemo,3,14.933333333333332,0.928559218478941,6
2,ana_plaq,3,209.0,57.29456053297439,6
2,ana_leuc,15,10.061333333333334,4.652581887750308,6
2,ana_neu,1052,6.484714828897339,3.0410810525382415,6
2,protcrea,1317,33.44364464692483,42.70636919191722,6
2,splanchnic,464,0.01939655172413793,0.13791419617048412,6
3,raza,430,2.9139534883720932,0.6209824906151719,6
3,ant_inf,21,0.047619047619047616,0.21295885499998,6
3,ant_isq,22,0.045454545454545456,0.2082988952252655,6
3,ant_clau,22,0.0,0.0,6
3,fum_act,29,0.3103448275862069,0.46263475396547377,6
3,diabetes,20,0.1,0.30000000000000004,6
3,hip_art,21,0.38095238095238093,0.4856209060564557,6
3,insf_car,5,0.0,0.0,6
3,fibr_aur,186,0.010752688172043012,0.1031361617916714,6
3,trat_est,24,0.2916666666666667,0.45452967144315476,6
3,var171,18,0.0,0.0,6
3,tv_l_esu,360,0.008333333333333333,0.09090593428863096,6
3,tvp_orig,1291,0.24941905499612704,0.4326767731239637,6
3,tv_l_ein,286,0.7692307692307693,0.42132504423474315,6
3,tvp_prox,568,0.8802816901408451,0.3246318470877777,6
3,tv_l_svc,474,0.008438818565400843,0.09147461345434091,6
3,tv_l_vre,493,0.010141987829614604,0.10019544856169145,6
3,tv_l_vrn,486,0.00411522633744856,0.06401789788520183,6
3,tv_l_vca,929,0.02691065662002153,0.16182235068216264,6
3,tv_l_yug,936,0.02564102564102564,0.15806189751202507,6
3,tv_l_ova,938,0.007462686567164179,0.08606389996022984,6
3,tv_l_sup,940,0.0031914893617021275,0.05640304741196409,6
3,tv_l_pul,939,0.008519701810436636,0.09190819599740753,6
3,tv_l_ove,486,0.04526748971193416,0.2078902212397546,6
3,fr_antfa,691,0.12301013024602026,0.3284488363548841,6
3,fr_tvs_a,248,0.06048387096774194,0.23838114925576534,6
3,fr_viaje,10,0.1,0.30000000000000004,6
3,fr_estro,15,0.0,0.0,6
3,fr_varic,25,0.24,0.4270831300812524,6
3,fr_antec,1,0.0,0.0,6
3,ana_dime,181,1.5248618784530388,0.5519334251377758,6
3,ana_crea,45,0.9111111111111111,0.2845832994414599,6
3,ana_trop,824,0.8822815533980582,0.32227443884299534,6
3,tension_,60,132.98333333333332,23.16066469013549,6
3,ana_hemo,3,14.5,1.4719601443879744,6
3,ana_plaq,3,228.0,54.33844556726542,6
3,ana_leuc,15,10.362666666666666,5.42607711785309,6
3,ana_neu,1052,6.96953422053232,3.0319967118412294,6
3,protcrea,1317,35.79155656795748,44.576260824435536,6
3,splanchnic,464,0.008620689655172414,0.0924465973686518,6
4,raza,430,2.932558139534884,0.5435545928947743,6
4,ant_inf,21,0.09523809523809523,0.2935435239509036,6
4,ant_isq,22,0.045454545454545456,0.2082988952252655,6
4,ant_clau,22,0.045454545454545456,0.2082988952252655,6
4,fum_act,29,0.1724137931034483,0.377739694831149,6
4,diabetes,20,0.15,0.3570714214271425,6
4,hip_art,21,0.38095238095238093,0.4856209060564557,6
4,insf_car,5,0.0,0.0,6
4,fibr_aur,186,0.0,0.0,6
4,trat_est,24,0.4166666666666667,0.4930066485916347,6
4,var171,18,0.05555555555555555,0.2290614236454256,6
4,tv_l_esu,360,0.013888888888888888,0.11702985796078279,6
4,tvp_orig,1291,0.37335398915569323,0.4836949327181584,6
4,tv_l_ein,286,0.6888111888111889,0.4629798429518348,6
4,tvp_prox,568,0.8802816901408451,0.3246318470877777,6
4,tv_l_svc,474,0.004219409282700422,0.06481979534066336,6
4,tv_l_vre,493,0.006085192697768763,0.07776993717111891,6
4,tv_l_vrn,486,0.018518518518518517,0.13481684980149108,6
4,tv_l_vca,929,0.059203444564047365,0.23600507773308424,6
4,tv_l_yug,936,0.018162393162393164,0.13353846126493973,6
4,tv_l_ova,938,0.0010660980810234541,0.032633748113036175,6
4,tv_l_sup,940,0.002127659574468085,0.04607746346320791,6
4,tv_l_pul,939,0.007454739084132056,0.08601840471271001,6
4,tv_l_ove,486,0.05555555555555555,0.2290614236454256,6
4,fr_antfa,691,0.11143270622286541,0.3146672181952133,6
4,fr_tvs_a,248,0.0846774193548387,0.278401066819514,6
4,fr_viaje,10,0.0,0.0,6
4,fr_estro,15,0.0,0.0,6
4,fr_varic,25,0.12,0.32496153618543844,6
4,fr_antec,1,0.0,0.0,6
4,ana_dime,181,1.5193370165745856,0.5908245032174521,6
4,ana_crea,45,0.9111111111111111,0.28458329944145994,6
4,ana_trop,824,0.8628640776699029,0.343990786412617,6
4,tension_,60,130.31666666666666,17.824600665621908,6
4,ana_hemo,3,12.066666666666668,2.3697163449568297,6
4,ana_plaq,3,236.0,31.016124838541646,6
4,ana_leuc,15,10.586666666666666,5.293178839055244,6
4,ana_neu,1052,6.254828897338403,3.011925578953992,6
4,protcrea,1317,49.87436598329538,51.529809314459015,6
4,splanchnic,464,0.03879310344827586,0.19310152400519068,6
5,raza,430,2.9767441860465116,0.5901663972302101,6
5,ant_inf,21,0.047619047619047616,0.21295885499997996,6
5,ant_isq,22,0.09090909090909091,0.28747978728803447,6
5,ant_clau,22,0.0,0.0,6
5,fum_act,29,0.3448275862068966,0.4753120259341455,6
5,diabetes,20,0.2,0.4,6
5,hip_art,21,0.5714285714285714,0.49487165930539356,6
5,insf_car,5,0.2,0.4000000000000001,6
5,fibr_aur,186,0.016129032258064516,0.12597176896623638,6
5,trat_est,24,0.08333333333333333,0.2763853991962833,6
5,var171,18,0.0,0.0,6
5,tv_l_esu,360,0.002777777777777778,0.052631375893045625,6
5,tvp_orig,1291,0.278853601859024,0.4484353583174201,6
5,tv_l_ein,286,0.7342657342657343,0.44172340412178346,6
5,tvp_prox,568,0.8644366197183099,0.3423243348175703,6
5,tv_l_svc,474,0.008438818565400843,0.09147461345434091,6
5,tv_l_vre,493,0.014198782961460446,0.118309667922253,6
5,tv_l_vrn,486,0.01440329218106996,0.11914628552924632,6
5,tv_l_vca,929,0.03767491926803014,0.19040882260593267,6
5,tv_l_yug,936,0.009615384615384616,0.09758549581819442,6
5,tv_l_ova,938,0.006396588486140725,0.07972246949185466,6
5,tv_l_sup,940,0.0,0.0,6
5,tv_l_pul,939,0.009584664536741214,0.09743099477301538,6
5,tv_l_ove,486,0.04938271604938271,0.21666578734301545,6
5,fr_antfa,691,0.09840810419681621,0.29786565633722323,6
5,fr_tvs_a,248,0.024193548387096774,0.15364966841336816,6
5,fr_viaje,10,0.1,0.30000000000000004,6
5,fr_estro,15,0.06666666666666667,0.24944382578492946,6
5,fr_varic,25,0.16,0.36660605559646714,6
5,fr_antec,1,0.0,0.0,6
5,ana_dime,181,1.580110497237569,0.5260527345267466,6
5,ana_crea,45,0.8444444444444444,0.36243347622889094,6
5,ana_trop,824,0.8725728155339806,0.33345089162436264,6
5,tension_,60,132.31666666666666,21.115153852677047,6
5,ana_hemo,3,14.5,0.9899494936611667,6
5,ana_plaq,3,138.66666666666666,16.579773487261185,6
5,ana_leuc,15,10.244,4.4786200255584685,6
5,ana_neu,1052,6.621901140684411,3.0667967952544117,6
5,protcrea,1317,29.919696279422936,38.34066367875819,6
5,splanchnic,464,0.008620689655172414,0.0924465973686518,6
1,raza,430,2.925581395348837,0.5698196463981468,7
1,ant_inf,21,0.09523809523809523,0.29354352395090366,7
1,ant_isq,22,0.0,0.0,7
1,ant_clau,22,0.0,0.0,7
1,fum_act,29,0.20689655172413793,0.40508069394726653,7
1,diabetes,20,0.15,0.3570714214271425,7
1,hip_art,21,0.3333333333333333,0.4714045207910316,7
1,insf_car,5,0.0,0.0,7
1,fibr_aur,186,0.010752688172043012,0.1031361617916714,7
1,trat_est,24,0.25,0.4330127018922193,7
1,var171,18,0.05555555555555555,0.2290614236454256,7
1,tv_l_esu,360,0.016666666666666666,0.12801909579781015,7
1,tvp_orig,1291,0.243996901626646,0.4294908772293573,7
1,tv_l_ein,286,0.7202797202797203,0.4488617212833906,7
1,tvp_prox,568,0.8908450704225352,0.31183349872392396,7
1,tv_l_svc,474,0.0,0.0,7
1,tv_l_vre,493,0.016227180527383367,0.12634816634805224,7
1,tv_l_vrn,486,0.006172839506172839,0.0783245527188242,7
1,tv_l_vca,929,0.06566200215285253,0.24769033817678743,7
1,tv_l_yug,936,0.022435897435897436,0.14809634682240921,7
1,tv_l_ova,938,0.010660980810234541,0.10270016698330314,7
1,tv_l_sup,940,0.00425531914893617,0.0650938661309717,7
1,tv_l_pul,939,0.006389776357827476,0.07968028059642125,7
1,tv_l_ove,486,0.05761316872427984,0.23301049657435502,7
1,fr_antfa,691,0.12590448625180897,0.33174168654764663,7
1,fr_tvs_a,248,0.024193548387096774,0.15364966841336816,7
1,fr_viaje,10,0.0,0.0,7
1,fr_estro,15,0.0,0.0,7
1,fr_varic,25,0.08,0.2712931993250107,7
1,fr_antec,1,0.0,0.0,7
1,ana_dime,181,1.5469613259668509,0.5985748670237466,7
1,ana_crea,45,0.8444444444444444,0.36243347622889094,7
1,ana_trop,824,0.875,0.33071891388307384,7
1,tension_,60,131.18333333333334,17.077755186857033,7
1,ana_hemo,3,15.700000000000001,2.011632835948615,7
1,ana_plaq,3,232.33333333333334,88.33396226191198,7
1,ana_leuc,15,9.826666666666666,3.741863469211861,7
1,ana_neu,1052,6.807908745247149,3.0569672959825382,7
1,protcrea,1317,41.17425208807897,49.65762474238636,7
1,splanchnic,464,0.032327586206896554,0.17686863310641665,7
2,raza,430,2.9651162790697674,0.5249069556222068,7
2,ant_inf,21,0.0,0.0,7
2,ant_isq,22,0.09090909090909091,0.2874797872880344,7
2,ant_clau,22,0.0,0.0,7
2,fum_act,29,0.10344827586206896,0.30454347814923605,7
2,diabetes,20,0.05,0.21794494717703364,7
2,hip_art,21,0.42857142857142855,0.49487165930539345,7
2,insf_car,5,0.2,0.4,7
2,fibr_aur,186,0.010752688172043012,0.10313616179167139,7
2,trat_est,24,0.20833333333333334,0.4061164310337068,7
2,var171,18,0.05555555555555555,0.2290614236454256,7
2,tv_l_esu,360,0.008333333333333333,0.09090593428863096,7
2,tvp_orig,1291,0.313710302091402,0.46400015997101046,7
2,tv_l_ein,286,0.6678321678321678,0.47099083158884847,7
2,tvp_prox,568,0.8943661971830986,0.3073683498985239,7
2,tv_l_svc,474,0.016877637130801686,0.1288129748731962,7
2,tv_l_vre,493,0.012170385395537525,0.10964609940559499,7
2,tv_l_vrn,486,0.01646090534979424,0.12723971056576386,7
2,tv_l_vca,929,0.03659849300322928,0.18777391542256838,7
2,tv_l_yug,936,0.02564102564102564,0.15806189751202504,7
2,tv_l_ova,938,0.007462686567164179,0.08606389996022984,7
2,tv_l_sup,940,0.0031914893617021275,0.05640304741196409,7
2,tv_l_pul,939,0.0,0.0,7
2,tv_l_ove,486,0.06584362139917696,0.24800854606287018,7
2,fr_antfa,691,0.13748191027496381,0.34435539000008497,7
2,fr_tvs_a,248,0.024193548387096774,0.15364966841336816,7
2,fr_viaje,10,0.1,0.30000000000000004,7
2,fr_estro,15,0.06666666666666667,0.24944382578492946,7
2,fr_varic,25,0.16,0.36660605559646714,7
2,fr_antec,1,0.0,0.0,7
2,ana_dime,181,1.5635359116022098,0.5588036600437695,7
2,ana_crea,45,0.9111111111111111,0.2845832994414599,7
2,ana_trop,824,0.8883495145631068,0.3149359530739533,7
2,tension_,60,130.75,21.306200193058043,7
2,ana_hemo,3,15.033333333333333,0.8178562764256864,7
2,ana_plaq,3,191.0,51.81376908377412,7
2,ana_leuc,15,10.055333333333333,3.2238090652035964,7
2,ana_neu,1052,6.430266159695817,3.024755799695274,7
2,protcrea,1317,38.467668944570995,47.02489468439786,7
2,splanchnic,464,0.017241379310344827,0.13016955922880602,7
3,raza,430,2.972093023255814,0.359796829875604,7
3,ant_inf,21,0.0,0.0,7
3,ant_isq,22,0.0,0.0,7
3,ant_clau,22,0.0,0.0,7
3,fum_act,29,0.10344827586206896,0.30454347814923605,7
3,diabetes,20,0.0,0.0,7
3,hip_art,21,0.3333333333333333,0.4714045207910317,7
3,insf_car,5,0.4,0.48989794855663565,7
3,fibr_aur,186,0.026881720430107527,0.1617377307149605,7
3,trat_est,24,0.125,0.33071891388307384,7
3,var171,18,0.0,0.0,7
3,tv_l_esu,360,0.011111111111111112,0.10482201257840673,7
3,tvp_orig,1291,0.30286599535243997,0.4594977521290129,7
3,tv_l_ein,286,0.7412587412587412,0.43794316956227064,7
3,tvp_prox,568,0.903169014084507,0.2957274861796356,7
3,tv_l_svc,474,0.008438818565400843,0.09147461345434091,7
3,tv_l_vre,493,0.016227180527383367,0.12634816634805224,7
3,tv_l_vrn,486,0.00205761316872428,0.0453142295175828,7
3,tv_l_vca,929,0.07427341227125941,0.26221531705993634,7
3,tv_l_yug,936,0.018162393162393164,0.13353846126493973,7
3,tv_l_ova,938,0.0031982942430703624,0.05646295384590772,7
3,tv_l_sup,940,0.00425531914893617,0.0650938661309717,7
3,tv_l_pul,939,0.002129925452609159,0.04610193998277607,7
3,tv_l_ove,486,0.03292181069958848,0.17843196204673908,7
3,fr_antfa,691,0.1447178002894356,0.3518160862848978,7
3,fr_tvs_a,248,0.056451612903225805,0.23079174227829327,7
3,fr_viaje,10,0.0,0.0,7
3,fr_estro,15,0.0,0.0,7
3,fr_varic,25,0.04,0.19595917942265426,7
3,fr_antec,1,0.0,0.0,7
3,ana_dime,181,1.5414364640883977,0.5896868094641473,7
3,ana_crea,45,0.9333333333333333,0.24944382578492943,7
3,ana_trop,824,0.8725728155339806,0.33345089162436264,7
3,tension_,60,137.71666666666667,19.24845592652968,7
3,ana_hemo,3,14.933333333333332,1.1115554667022043,7
3,ana_plaq,3,218.33333333333334,26.386023236217735,7
3,ana_leuc,15,9.062000000000001,2.7492840280092317,7
3,ana_neu,1052,6.784505703422053,2.9959596117462297,7
3,protcrea,1317,41.3678967350038,49.70760539467637,7
3,splanchnic,464,0.01293103448275862,0.11297708984552722,7
4,raza,430,2.9465116279069767,0.5862172139726154,7
4,ant_inf,21,0.09523809523809523,0.29354352395090366,7
4,ant_isq,22,0.0,0.0,7
4,ant_clau,22,0.0,0.0,7
4,fum_act,29,0.06896551724137931,0.2533954906327425,7
4,diabetes,20,0.1,0.30000000000000004,7
4,hip_art,21,0.47619047619047616,0.49943278484292924,7
4,insf_car,5,0.0,0.0,7
4,fibr_aur,186,0.021505376344086023,0.14506169422830154,7
4,trat_est,24,0.125,0.33071891388307384,7
4,var171,18,0.05555555555555555,0.2290614236454256,7
4,tv_l_esu,360,0.011111111111111112,0.10482201257840673,7
4,tvp_orig,1291,0.18667699457784662,0.3896520168987057,7
4,tv_l_ein,286,0.6993006993006993,0.45856213456657346,7
4,tvp_prox,568,0.875,0.33071891388307384,7
4,tv_l_svc,474,0.010548523206751054,0.10216286930635657,7
4,tv_l_vre,493,0.012170385395537525,0.10964609940559499,7
4,tv_l_vrn,486,0.00411522633744856,0.06401789788520183,7
4,tv_l_vca,929,0.05382131324004306,0.2256647501963039,7
4,tv_l_yug,936,0.02564102564102564,0.15806189751202504,7
4,tv_l_ova,938,0.006396588486140725,0.07972246949185466,7
4,tv_l_sup,940,0.005319148936170213,0.0727382677190284,7
4,tv_l_pul,939,0.005324813631522897,0.07277678195216139,7
4,tv_l_ove,486,0.047325102880658436,0.21233331702300876,7
4,fr_antfa,691,0.1577424023154848,0.3644992960586132,7
4,fr_tvs_a,248,0.04435483870967742,0.20588221630999587,7
4,fr_viaje,10,0.1,0.30000000000000004,7
4,fr_estro,15,0.0,0.0,7
4,fr_varic,25,0.28,0.448998886412873,7
4,fr_antec,1,0.0,0.0,7
4,ana_dime,181,1.5082872928176796,0.5910827645853911,7
4,ana_crea,45,0.8444444444444444,0.36243347622889094,7
4,ana_trop,824,0.8519417475728155,0.3551577203375883,7
4,tension_,60,131.03333333333333,19.56865407283348,7
4,ana_hemo,3,14.300000000000002,2.546893532652409,7
4,ana_plaq,3,164.33333333333334,38.38691906829143,7
4,ana_leuc,15,8.797333333333333,2.277379976103144,7
4,ana_neu,1052,6.616397338403042,3.131199135863764,7
4,protcrea,1317,40.42536066818527,50.63936936319071,7
4,splanchnic,464,0.017241379310344827,0.13016955922880602,7
5,raza,430,2.9790697674418603,0.5515551542282601,7
5,ant_inf,21,0.0,0.0,7
5,ant_isq,22,0.0,0.0,7
5,ant_clau,22,0.0,0.0,7
5,fum_act,29,0.2413793103448276,0.42791978089623645,7
5,diabetes,20,0.0,0.0,7
5,hip_art,21,0.19047619047619047,0.392676726249301,7
5,insf_car,5,0.0,0.0,7
5,fibr_aur,186,0.010752688172043012,0.1031361617916714,7
5,trat_est,24,0.125,0.33071891388307384,7
5,var171,18,0.0,0.0,7
5,tv_l_esu,360,0.016666666666666666,0.12801909579781015,7
5,tvp_orig,1291,0.27807900852052675,0.44805253435369335,7
5,tv_l_ein,286,0.7412587412587412,0.4379431695622707,7
5,tvp_prox,568,0.8538732394366197,0.35323325213041995,7
5,tv_l_svc,474,0.006329113924050633,0.07930357016545359,7
5,tv_l_vre,493,0.016227180527383367,0.12634816634805227,7
5,tv_l_vrn,486,0.02263374485596708,0.14873284253910454,7
5,tv_l_vca,929,0.06458557588805167,0.24579316360562264,7
5,tv_l_yug,936,0.016025641025641024,0.12557396169333163,7
5,tv_l_ova,938,0.0,0.0,7
5,tv_l_sup,940,0.0010638297872340426,0.0325990498852012,7
5,tv_l_pul,939,0.010649627263045794,0.10264605546344187,7
5,tv_l_ove,486,0.06995884773662552,0.25507764966768287,7
5,fr_antfa,691,0.14037626628075253,0.34737698563063707,7
5,fr_tvs_a,248,0.07661290322580645,0.2659762513554917,7
5,fr_viaje,10,0.0,0.0,7
5,fr_estro,15,0.0,0.0,7
5,fr_varic,25,0.12,0.32496153618543844,7
5,fr_antec,1,1.0,0.0,7
5,ana_dime,181,1.6132596685082874,0.5407595272151229,7
5,ana_crea,45,0.7333333333333333,0.4422166387140533,7
5,ana_trop,824,0.8956310679611651,0.3057385452701507,7
5,tension_,60,128.18333333333334,19.47861362851291,7
5,ana_hemo,3,13.433333333333332,0.910433352249844,7
5,ana_plaq,3,189.66666666666666,77.17656523985906,7
5,ana_leuc,15,8.290000000000001,2.377357075970429,7
5,ana_neu,1052,6.527300380228137,3.120893458933686,7
5,protcrea,1317,37.00848139711466,50.95769279307409,7
5,splanchnic,464,0.021551724137931036,0.1452144873096812,7
1,raza,430,2.9,0.5959163356292285,8
1,ant_inf,21,0.0,0.0,8
1,ant_isq,22,0.0,0.0,8
1,ant_clau,22,0.0,0.0,8
1,fum_act,29,0.1724137931034483,0.37773969483114905,8
1,diabetes,20,0.1,0.30000000000000004,8
1,hip_art,21,0.38095238095238093,0.4856209060564557,8
1,insf_car,5,0.0,0.0,8
1,fibr_aur,186,0.021505376344086023,0.1450616942283015,8
1,trat_est,24,0.20833333333333334,0.4061164310337068,8
1,var171,18,0.1111111111111111,0.31426968052735443,8
1,tv_l_esu,360,0.011111111111111112,0.10482201257840673,8
1,tvp_orig,1291,0.2579395817195972,0.4375005758875255,8
1,tv_l_ein,286,0.7027972027972028,0.4570265796839722,8
1,tvp_prox,568,0.8873239436619719,0.3161963988823049,8
1,tv_l_svc,474,0.004219409282700422,0.06481979534066336,8
1,tv_l_vre,493,0.008113590263691683,0.08970930786002425,8
1,tv_l_vrn,486,0.01440329218106996,0.11914628552924632,8
1,tv_l_vca,929,0.08073196986006459,0.27242305134216926,8
1,tv_l_yug,936,0.017094017094017096,0.12962180246241967,8
1,tv_l_ova,938,0.005330490405117271,0.0728153574265637,8
1,tv_l_sup,940,0.005319148936170213,0.07273826771902842,8
1,tv_l_pul,939,0.008519701810436636,0.09190819599740752,8
1,tv_l_ove,486,0.06378600823045268,0.24437134321453755,8
1,fr_antfa,691,0.1389290882778582,0.34587251510945655,8
1,fr_tvs_a,248,0.056451612903225805,0.23079174227829327,8
1,fr_viaje,10,0.1,0.30000000000000004,8
1,fr_estro,15,0.0,0.0,8
1,fr_varic,25,0.12,0.3249615361854384,8
1,fr_antec,1,1.0,0.0,8
1,ana_dime,181,1.5635359116022098,0.5782395506986052,8
1,ana_crea,45,0.8666666666666667,0.33993463423951903,8
1,ana_trop,824,0.8410194174757282,0.36565797804029254,8
1,tension_,60,134.48333333333332,19.010077736704698,8
1,ana_hemo,3,14.833333333333334,2.023747898221406,8
1,ana_plaq,3,143.66666666666666,27.353650985238193,8
1,ana_leuc,15,9.170666666666666,3.522390223823716,8
1,ana_neu,1052,6.0324144486692015,2.975892598194524,8
1,protcrea,1317,47.55476841305999,50.58201484726947,8
1,splanchnic,464,0.023706896551724137,0.15213441296304395,8
2,raza,430,2.9767441860465116,0.5143689786399721,8
2,ant_inf,21,0.0,0.0,8
2,ant_isq,22,0.045454545454545456,0.2082988952252655,8
2,ant_clau,22,0.0,0.0,8
2,fum_act,29,0.1724137931034483,0.37773969483114894,8
2,diabetes,20,0.1,0.30000000000000004,8
2,hip_art,21,0.47619047619047616,0.49943278484292924,8
2,insf_car,5,0.0,0.0,8
2,fibr_aur,186,0.016129032258064516,0.12597176896623638,8
2,trat_est,24,0.25,0.4330127018922193,8
2,var171,18,0.0,0.0,8
2,tv_l_esu,360,0.019444444444444445,0.13808098357373966,8
2,tvp_orig,1291,0.3718048024786987,0.483286655446304,8
2,tv_l_ein,286,0.7377622377622378,0.4398512456436756,8
2,tvp_prox,568,0.8961267605633803,0.30509603334943963,8
2,tv_l_svc,474,0.006329113924050633,0.07930357016545357,8
2,tv_l_vre,493,0.008113590263691683,0.08970930786002425,8
2,tv_l_vrn,486,0.01440329218106996,0.11914628552924633,8
2,tv_l_vca,929,0.02798708288482239,0.16493576348512312,8
2,tv_l_yug,936,0.0202991452991453,0.1410215940885277,8
2,tv_l_ova,938,0.005330490405117271,0.0728153574265637,8
2,tv_l_sup,940,0.005319148936170213,0.0727382677190284,8
2,tv_l_pul,939,0.010649627263045794,0.10264605546344187,8
2,tv_l_ove,486,0.024691358024691357,0.1551827788885992,8
2,fr_antfa,691,0.11577424023154848,0.3199540053356985,8
2,fr_tvs_a,248,0.07258064516129033,0.2594469022926679,8
2,fr_viaje,10,0.1,0.30000000000000004,8
2,fr_estro,15,0.0,0.0,8
2,fr_varic,25,0.16,0.3666060555964672,8
2,fr_antec,1,0.0,0.0,8
2,ana_dime,181,1.5414364640883977,0.5706409429248777,8
2,ana_crea,45,0.9333333333333333,0.2494438257849294,8
2,ana_trop,824,0.8628640776699029,0.343990786412617,8
2,tension_,60,132.76666666666668,21.132413229181587,8
2,ana_hemo,3,14.299999999999999,2.2196095752781995,8
2,ana_plaq,3,219.0,73.82863039950469,8
2,ana_leuc,15,9.456,3.7473044534260445,8
2,ana_neu,1052,6.237214828897338,2.9992156356510473,8
2,protcrea,1317,80.40793470007593,54.58258355301145,8
2,splanchnic,464,0.010775862068965518,0.10324603075003001,8
3,raza,430,2.953488372093023,0.5520990967711226,8
3,ant_inf,21,0.0,0.0,8
3,ant_isq,22,0.13636363636363635,0.3431742925123068,8
3,ant_clau,22,0.09090909090909091,0.2874797872880344,8
3,fum_act,29,0.2413793103448276,0.4279197808962364,8
3,diabetes,20,0.1,0.30000000000000004,8
3,hip_art,21,0.42857142857142855,0.49487165930539345,8
3,insf_car,5,0.0,0.0,8
3,fibr_aur,186,0.0,0.0,8
3,trat_est,24,0.20833333333333334,0.4061164310337068,8
3,var171,18,0.0,0.0,8
3,tv_l_esu,360,0.008333333333333333,0.09090593428863096,8
3,tvp_orig,1291,0.15879163439194424,0.3654816701820754,8
3,tv_l_ein,286,0.8216783216783217,0.38278330340052474,8
3,tvp_prox,568,0.8327464788732394,0.3732020642995706,8
3,tv_l_svc,474,0.0,0.0,8
3,tv_l_vre,493,0.012170385395537525,0.10964609940559499,8
3,tv_l_vrn,486,0.0102880658436214,0.10090699452871792,8
3,tv_l_vca,929,0.04843918191603875,0.2146924022208137,8
3,tv_l_yug,936,0.018162393162393164,0.13353846126493973,8
3,tv_l_ova,938,0.011727078891257996,0.10765479326038487,8
3,tv_l_sup,940,0.005319148936170213,0.0727382677190284,8
3,tv_l_pul,939,0.002129925452609159,0.04610193998277608,8
3,tv_l_ove,486,0.05761316872427984,0.23301049657435505,8
3,fr_antfa,691,0.15340086830680175,0.36037347559097765,8
3,fr_tvs_a,248,0.04838709677419355,0.21458281767177534,8
3,fr_viaje,10,0.0,0.0,8
3,fr_estro,15,0.06666666666666667,0.24944382578492946,8
3,fr_varic,25,0.2,0.4,8
3,fr_antec,1,0.0,0.0,8
3,ana_dime,181,1.574585635359116,0.5474354772780143,8
3,ana_crea,45,0.8666666666666667,0.33993463423951903,8
3,ana_trop,824,0.8507281553398058,0.3563562277440048,8
3,tension_,60,131.26666666666668,17.289560112648584,8
3,ana_hemo,3,13.700000000000001,1.2832251036613438,8
3,ana_plaq,3,185.33333333333334,3.6817870057290873,8
3,ana_leuc,15,9.080000000000002,3.960621163403539,8
3,ana_neu,1052,6.459790874524715,2.94334555159846,8
3,protcrea,1317,30.29586180713744,43.13032261693492,8
3,splanchnic,464,0.01939655172413793,0.13791419617048414,8
4,raza,430,2.883720930232558,0.6788945297947105,8
4,ant_inf,21,0.047619047619047616,0.21295885499998,8
4,ant_isq,22,0.0,0.0,8
4,ant_clau,22,0.045454545454545456,0.2082988952252655,8
4,fum_act,29,0.2413793103448276,0.42791978089623633,8
4,diabetes,20,0.2,0.4,8
4,hip_art,21,0.47619047619047616,0.4994327848429292,8
4,insf_car,5,0.0,0.0,8
4,fibr_aur,186,0.021505376344086023,0.14506169422830154,8
4,trat_est,24,0.25,0.4330127018922193,8
4,var171,18,0.05555555555555555,0.2290614236454256,8
4,tv_l_esu,360,0.019444444444444445,0.13808098357373966,8
4,tvp_orig,1291,0.243996901626646,0.42949087722935736,8
4,tv_l_ein,286,0.7342657342657343,0.4417234041217834,8
4,tvp_prox,568,0.8855633802816901,0.31834082331010705,8
4,tv_l_svc,474,0.004219409282700422,0.06481979534066336,8
4,tv_l_vre,493,0.012170385395537525,0.10964609940559499,8
4,tv_l_vrn,486,0.00411522633744856,0.06401789788520183,8
4,tv_l_vca,929,0.03659849300322928,0.1877739154225684,8
4,tv_l_yug,936,0.014957264957264958,0.12138181569849386,8
4,tv_l_ova,938,0.007462686567164179,0.08606389996022983,8
4,tv_l_sup,940,0.006382978723404255,0.07963815860516127,8
4,tv_l_pul,939,0.008519701810436636,0.09190819599740753,8
4,tv_l_ove,486,0.06172839506172839,0.24066158876071514,8
4,fr_antfa,691,0.14327062228654125,0.35034861363528824,8
4,fr_tvs_a,248,0.06451612903225806,0.2456701001891583,8
4,fr_viaje,10,0.1,0.30000000000000004,8
4,fr_estro,15,0.13333333333333333,0.33993463423951903,8
4,fr_varic,25,0.2,0.4,8
4,fr_antec,1,0.0,0.0,8
4,ana_dime,181,1.5856353591160222,0.565698375079346,8
4,ana_crea,45,0.8222222222222222,0.3823255674241168,8
4,ana_trop,824,0.8604368932038835,0.34653318169770164,8
4,tension_,60,133.95,19.430581566180667,8
4,ana_hemo,3,13.866666666666667,0.9177266598624134,8
4,ana_plaq,3,186.66666666666666,57.99042066487265,8
4,ana_leuc,15,8.883999999999999,3.2300646020371375,8
4,ana_neu,1052,6.5546102661596946,3.1596981404244664,8
4,protcrea,1317,48.323432042520885,50.21941387307177,8
4,splanchnic,464,0.021551724137931036,0.1452144873096812,8
5,raza,430,2.9651162790697674,0.5336943297824783,8
5,ant_inf,21,0.0,0.0,8
5,ant_isq,22,0.09090909090909091,0.2874797872880344,8
5,ant_clau,22,0.0,0.0,8
5,fum_act,29,0.27586206896551724,0.4469476343729559,8
5,diabetes,20,0.1,0.30000000000000004,8
5,hip_art,21,0.47619047619047616,0.49943278484292924,8
5,insf_car,5,0.2,0.4,8
5,fibr_aur,186,0.010752688172043012,0.1031361617916714,8
5,trat_est,24,0.16666666666666666,0.372677996249965,8
5,var171,18,0.0,0.0,8
5,tv_l_esu,360,0.008333333333333333,0.09090593428863096,8
5,tvp_orig,1291,0.19209914794732766,0.39395058739039646,8
5,tv_l_ein,286,0.7972027972027972,0.40208269962140003,8
5,tvp_prox,568,0.8609154929577465,0.3460346903752091,8
5,tv_l_svc,474,0.010548523206751054,0.10216286930635657,8
5,tv_l_vre,493,0.010141987829614604,0.10019544856169144,8
5,tv_l_vrn,486,0.018518518518518517,0.13481684980149106,8
5,tv_l_vca,929,0.062432723358449946,0.24193982394904973,8
5,tv_l_yug,936,0.003205128205128205,0.05652305156586025,8
5,tv_l_ova,938,0.0042643923240938165,0.06516292874173187,8
5,tv_l_sup,940,0.0010638297872340426,0.0325990498852012,8
5,tv_l_pul,939,0.005324813631522897,0.07277678195216139,8
5,tv_l_ove,486,0.053497942386831275,0.2250242487982274,8
5,fr_antfa,691,0.16208393632416787,0.3685277925880638,8
5,fr_tvs_a,248,0.036290322580645164,0.18701159073072948,8
5,fr_viaje,10,0.0,0.0,8
5,fr_estro,15,0.06666666666666667,0.24944382578492946,8
5,fr_varic,25,0.12,0.32496153618543844,8
5,fr_antec,1,0.0,0.0,8
5,ana_dime,181,1.580110497237569,0.5566692471960221,8
5,ana_crea,45,0.9111111111111111,0.28458329944145994,8
5,ana_trop,824,0.8519417475728155,0.3551577203375883,8
5,tension_,60,136.6,21.159080005205016,8
5,ana_hemo,3,15.133333333333333,1.0656244908763852,8
5,ana_plaq,3,190.0,80.84553172563095,8
5,ana_leuc,15,8.490666666666666,3.2319931243051174,8
5,ana_neu,1052,6.5339163498098864,3.0358510662456255,8
5,protcrea,1317,72.04343204252089,53.93421617983624,8
5,splanchnic,464,0.02586206896551724,0.15872372965105147,8
1,raza,430,2.8930232558139535,0.6595965464663457,9
1,ant_inf,21,0.0,0.0,9
1,ant_isq,22,0.0,0.0,9
1,ant_clau,22,0.045454545454545456,0.2082988952252655,9
1,fum_act,29,0.1724137931034483,0.37773969483114894,9
1,diabetes,20,0.4,0.48989794855663565,9
1,hip_art,21,0.23809523809523808,0.4259177099999599,9
1,insf_car,5,0.0,0.0,9
1,fibr_aur,186,0.010752688172043012,0.1031361617916714,9
1,trat_est,24,0.16666666666666666,0.372677996249965,9
1,var171,18,0.0,0.0,9
1,tv_l_esu,360,0.019444444444444445,0.13808098357373966,9
1,tvp_orig,1291,0.16731216111541442,0.3732543393696904,9
1,tv_l_ein,286,0.6958041958041958,0.4600659919027619,9
1,tvp_prox,568,0.9084507042253521,0.2883886652034263,9
1,tv_l_svc,474,0.004219409282700422,0.06481979534066336,9
1,tv_l_vre,493,0.014198782961460446,0.118309667922253,9
1,tv_l_vrn,486,0.012345679012345678,0.11042310999998962,9
1,tv_l_vca,929,0.05166846071044134,0.22135679541919404,9
1,tv_l_yug,936,0.03205128205128205,0.17613630338505235,9
1,tv_l_ova,938,0.0031982942430703624,0.05646295384590772,9
1,tv_l_sup,940,0.00851063829787234,0.09185971551031023,9
1,tv_l_pul,939,0.007454739084132056,0.08601840471271001,9
1,tv_l_ove,486,0.03497942386831276,0.18372768918743212,9
1,fr_antfa,691,0.16063675832127353,0.3671955748607358,9
1,fr_tvs_a,248,0.04032258064516129,0.19671469222016885,9
1,fr_viaje,10,0.1,0.30000000000000004,9
1,fr_estro,15,0.06666666666666667,0.24944382578492943,9
1,fr_varic,25,0.12,0.32496153618543844,9
1,fr_antec,1,0.0,0.0,9
1,ana_dime,181,1.5414364640883977,0.5199831410321522,9
1,ana_crea,45,0.8222222222222222,0.3823255674241168,9
1,ana_trop,824,0.9029126213592233,0.29607671227139626,9
1,tension_,60,129.63333333333333,22.28823805408484,9
1,ana_hemo,3,13.6,0.9416297927883694,9
1,ana_plaq,3,217.66666666666666,31.116269413639902,9
1,ana_leuc,15,8.674,3.552101349905433,9
1,ana_neu,1052,6.676834600760457,3.036542673189884,9
1,protcrea,1317,59.758116932422176,55.804026738673286,9
1,splanchnic,464,0.01939655172413793,0.13791419617048412,9
2,raza,430,2.986046511627907,0.4469958614598684,9
2,ant_inf,21,0.09523809523809523,0.2935435239509036,9
2,ant_isq,22,0.0,0.0,9
2,ant_clau,22,0.045454545454545456,0.2082988952252655,9
2,fum_act,29,0.2413793103448276,0.4279197808962364,9
2,diabetes,20,0.0,0.0,9
2,hip_art,21,0.42857142857142855,0.4948716593053935,9
2,insf_car,5,0.0,0.0,9
2,fibr_aur,186,0.016129032258064516,0.12597176896623638,9
2,trat_est,24,0.125,0.33071891388307384,9
2,var171,18,0.0,0.0,9
2,tv_l_esu,360,0.011111111111111112,0.10482201257840672,9
2,tvp_orig,1291,0.16189000774593337,0.36834987869952535,9
2,tv_l_ein,286,0.7412587412587412,0.43794316956227064,9
2,tvp_prox,568,0.8626760563380281,0.3441890151633189,9
2,tv_l_svc,474,0.002109704641350211,0.045883044664412544,9
2,tv_l_vre,493,0.006085192697768763,0.07776993717111891,9
2,tv_l_vrn,486,0.006172839506172839,0.0783245527188242,9
2,tv_l_vca,929,0.09472551130247578,0.29283542956917,9
2,tv_l_yug,936,0.026709401709401708,0.16123278069216418,9
2,tv_l_ova,938,0.009594882729211088,0.09748241356585184,9
2,tv_l_sup,940,0.0,0.0,9
2,tv_l_pul,939,0.006389776357827476,0.07968028059642127,9
2,tv_l_ove,486,0.0411522633744856,0.1986422779612703,9
2,fr_antfa,691,0.14905933429811866,0.35614694882410597,9
2,fr_tvs_a,248,0.024193548387096774,0.15364966841336816,9
2,fr_viaje,10,0.0,0.0,9
2,fr_estro,15,0.0,0.0,9
2,fr_varic,25,0.12,0.32496153618543844,9
2,fr_antec,1,0.0,0.0,9
2,ana_dime,181,1.591160220994475,0.5648343831660578,9
2,ana_crea,45,0.8666666666666667,0.33993463423951903,9
2,ana_trop,824,0.8567961165048543,0.3502806464066412,9
2,tension_,60,132.28333333333333,20.182576368959662,9
2,ana_hemo,3,12.700000000000001,3.1208973068654466,9
2,ana_plaq,3,208.66666666666666,29.80305726300948,9
2,ana_leuc,15,7.672666666666667,2.1960706323390924,9
2,ana_neu,1052,6.60703422053232,3.1234130490337946,9
2,protcrea,1317,26.83962794229309,38.34257528336398,9
2,splanchnic,464,0.017241379310344827,0.13016955922880602,9
3,raza,430,2.916279069767442,0.6904431447074794,9
3,ant_inf,21,0.0,0.0,9
3,ant_isq,22,0.0,0.0,9
3,ant_clau,22,0.045454545454545456,0.20829889522526548,9
3,fum_act,29,0.20689655172413793,0.40508069394726653,9
3,diabetes,20,0.25,0.4330127018922193,9
3,hip_art,21,0.47619047619047616,0.49943278484292924,9
3,insf_car,5,0.0,0.0,9
3,fibr_aur,186,0.010752688172043012,0.1031361617916714,9
3,trat_est,24,0.16666666666666666,0.372677996249965,9
3,var171,18,0.0,0.0,9
3,tv_l_esu,360,0.005555555555555556,0.07432826755699806,9
3,tvp_orig,1291,0.20836560805577073,0.40613960830645374,9
3,tv_l_ein,286,0.7902097902097902,0.40715878679747236,9
3,tvp_prox,568,0.8785211267605634,0.32668296036970385,9
3,tv_l_svc,474,0.010548523206751054,0.10216286930635658,9
3,tv_l_vre,493,0.006085192697768763,0.07776993717111891,9
3,tv_l_vrn,486,0.01646090534979424,0.12723971056576386,9
3,tv_l_vca,929,0.03552206673842842,0.18509524443663877,9
3,tv_l_yug,936,0.03739316239316239,0.1897232558212118,9
3,tv_l_ova,938,0.01279317697228145,0.11238109981325747,9
3,tv_l_sup,940,0.0010638297872340426,0.0325990498852012,9
3,tv_l_pul,939,0.0010649627263045794,0.03261638515679138,9
3,tv_l_ove,486,0.0205761316872428,0.14196039761860363,9
3,fr_antfa,691,0.15050651230101303,0.3575671993569853,9
3,fr_tvs_a,248,0.056451612903225805,0.23079174227829327,9
3,fr_viaje,10,0.0,0.0,9
3,fr_estro,15,0.0,0.0,9
3,fr_varic,25,0.28,0.448998886412873,9
3,fr_antec,1,0.0,0.0,9
3,ana_dime,181,1.558011049723757,0.5289460174542068,9
3,ana_crea,45,0.9333333333333333,0.24944382578492943,9
3,ana_trop,824,0.8640776699029126,0.34270606980044255,9
3,tension_,60,138.03333333333333,20.74123643587549,9
3,ana_hemo,3,11.633333333333333,2.531578339473003,9
3,ana_plaq,3,212.0,39.73243846867024,9
3,ana_leuc,15,7.184666666666668,2.1423752135318304,9
3,ana_neu,1052,6.558678707224334,3.130071043454946,9
3,protcrea,1317,43.66481397114655,45.95569444746086,9
3,splanchnic,464,0.017241379310344827,0.13016955922880602,9
4,raza,430,2.927906976744186,0.6555046276938625,9
4,ant_inf,21,0.047619047619047616,0.21295885499997996,9
4,ant_isq,22,0.0,0.0,9
4,ant_clau,22,0.0,0.0,9
4,fum_act,29,0.3448275862068966,0.4753120259341455,9
4,diabetes,20,0.05,0.21794494717703364,9
4,hip_art,21,0.38095238095238093,0.4856209060564557,9
4,insf_car,5,0.0,0.0,9
4,fibr_aur,186,0.021505376344086023,0.14506169422830154,9
4,trat_est,24,0.16666666666666666,0.372677996249965,9
4,var171,18,0.0,0.0,9
4,tv_l_esu,360,0.011111111111111112,0.10482201257840673,9
4,tvp_orig,1291,0.16576297443841984,0.3718677328617631,9
4,tv_l_ein,286,0.8041958041958042,0.39681848836674427,9
4,tvp_prox,568,0.8785211267605634,0.3266829603697039,9
4,tv_l_svc,474,0.006329113924050633,0.07930357016545359,9
4,tv_l_vre,493,0.010141987829614604,0.10019544856169145,9
4,tv_l_vrn,486,0.01440329218106996,0.11914628552924633,9
4,tv_l_vca,929,0.05059203444564048,0.21916313671849927,9
4,tv_l_yug,936,0.011752136752136752,0.10776838142004282,9
4,tv_l_ova,938,0.011727078891257996,0.10765479326038487,9
4,tv_l_sup,940,0.002127659574468085,0.04607746346320792,9
4,tv_l_pul,939,0.005324813631522897,0.07277678195216139,9
4,tv_l_ove,486,0.05555555555555555,0.2290614236454256,9
4,fr_antfa,691,0.1345875542691751,0.34128249955867485,9
4,fr_tvs_a,248,0.06451612903225806,0.2456701001891583,9
4,fr_viaje,10,0.0,0.0,9
4,fr_estro,15,0.0,0.0,9
4,fr_varic,25,0.28,0.448998886412873,9
4,fr_antec,1,0.0,0.0,9
4,ana_dime,181,1.5524861878453038,0.6163131388899157,9
4,ana_crea,45,0.8222222222222222,0.3823255674241168,9
4,ana_trop,824,0.8191747572815534,0.3848733224247447,9
4,tension_,60,130.96666666666667,21.7071160887136,9
4,ana_hemo,3,14.333333333333334,1.649915822768611,9
4,ana_plaq,3,189.33333333333334,22.050447211388303,9
4,ana_leuc,15,7.476,2.5137297653752153,9
4,ana_neu,1052,6.643878326996198,3.1197953124010125,9
4,protcrea,1317,34.06814730447988,42.71564841481893,9
4,splanchnic,464,0.021551724137931036,0.14521448730968117,9
5,raza,430,2.969767441860465,0.5071740601726991,9
5,ant_inf,21,0.047619047619047616,0.21295885499998,9
5,ant_isq,22,0.045454545454545456,0.20829889522526548,9
5,ant_clau,22,0.0,0.0,9
5,fum_act,29,0.10344827586206896,0.30454347814923605,9
5,diabetes,20,0.1,0.30000000000000004,9
5,hip_art,21,0.23809523809523808,0.4259177099999599,9
5,insf_car,5,0.0,0.0,9
5,fibr_aur,186,0.021505376344086023,0.1450616942283015,9
5,trat_est,24,0.25,0.4330127018922193,9
5,var171,18,0.0,0.0,9
5,tv_l_esu,360,0.022222222222222223,0.14740554623801777,9
5,tvp_orig,1291,0.29434546862896976,0.4557479717196359,9
5,tv_l_ein,286,0.7727272727272727,0.4190702026042222,9
5,tvp_prox,568,0.8732394366197183,0.3327045580568371,9
5,tv_l_svc,474,0.002109704641350211,0.045883044664412544,9
5,tv_l_vre,493,0.008113590263691683,0.08970930786002425,9
5,tv_l_vrn,486,0.012345679012345678,0.11042310999998964,9
5,tv_l_vca,929,0.06350914962325081,0.24387648008240229,9
5,tv_l_yug,936,0.005341880341880342,0.07289269274963968,9
5,tv_l_ova,938,0.008528784648187633,0.0919567533170483,9
5,tv_l_sup,940,0.0,0.0,9
5,tv_l_pul,939,0.0010649627263045794,0.03261638515679138,9
5,tv_l_ove,486,0.04526748971193416,0.20789022123975454,9
5,fr_antfa,691,0.15340086830680175,0.36037347559097765,9
5,fr_tvs_a,248,0.024193548387096774,0.15364966841336816,9
5,fr_viaje,10,0.0,0.0,9
5,fr_estro,15,0.0,0.0,9
5,fr_varic,25,0.28,0.44899888641287294,9
5,fr_antec,1,0.0,0.0,9
5,ana_dime,181,1.591160220994475,0.5549668067998976,9
5,ana_crea,45,0.8666666666666667,0.33993463423951903,9
5,ana_trop,824,0.8737864077669902,0.33208992964052564,9
5,tension_,60,134.25,18.037576518664217,9
5,ana_hemo,3,13.133333333333333,0.6342099196813482,9
5,ana_plaq,3,262.3333333333333,48.32068800098865,9
5,ana_leuc,15,7.822666666666666,2.41321767678665,9
5,ana_neu,1052,6.651720532319391,3.0830052350445767,9
5,protcrea,1317,47.414031890660596,49.15504341065741,9
5,splanchnic,464,0.015086206896551725,0.12189591157223509,9
1,raza,430,2.902325581395349,0.7343683798016966,10
1,ant_inf,21,0.0,0.0,10
1,ant_isq,22,0.09090909090909091,0.2874797872880344,10
1,ant_clau,22,0.0,0.0,10
1,fum_act,29,0.13793103448275862,0.3448275862068966,10
1,diabetes,20,0.05,0.21794494717703364,10
1,hip_art,21,0.42857142857142855,0.4948716593053935,10
1,insf_car,5,0.2,0.4000000000000001,10
1,fibr_aur,186,0.016129032258064516,0.1259717689662364,10
1,trat_est,24,0.20833333333333334,0.4061164310337068,10
1,var171,18,0.0,0.0,10
1,tv_l_esu,360,0.016666666666666666,0.12801909579781015,10
1,tvp_orig,1291,0.29434546862896976,0.4557479717196359,10
1,tv_l_ein,286,0.7377622377622378,0.4398512456436756,10
1,tvp_prox,568,0.8908450704225352,0.31183349872392396,10
1,tv_l_svc,474,0.006329113924050633,0.07930357016545357,10
1,tv_l_vre,493,0.008113590263691683,0.08970930786002425,10
1,tv_l_vrn,486,0.00411522633744856,0.06401789788520183,10
1,tv_l_vca,929,0.06458557588805167,0.24579316360562264,10
1,tv_l_yug,936,0.01282051282051282,0.11249954342810412,10
1,tv_l_ova,938,0.0,0.0,10
1,tv_l_sup,940,0.0031914893617021275,0.05640304741196409,10
1,tv_l_pul,939,0.004259850905218318,0.06512836997410291,10
1,tv_l_ove,486,0.04526748971193416,0.20789022123975454,10
1,fr_antfa,691,0.10564399421128799,0.3073814254283647,10
1,fr_tvs_a,248,0.036290322580645164,0.18701159073072948,10
1,fr_viaje,10,0.1,0.30000000000000004,10
1,fr_estro,15,0.0,0.0,10
1,fr_varic,25,0.24,0.4270831300812524,10
1,fr_antec,1,1.0,0.0,10
1,ana_dime,181,1.591160220994475,0.5449205748480863,10
1,ana_crea,45,0.8888888888888888,0.3142696805273545,10
1,ana_trop,824,0.866504854368932,0.34010908797620787,10
1,tension_,60,132.06666666666666,20.31490968612845,10
1,ana_hemo,3,15.4,0.535412613473634,10
1,ana_plaq,3,259.0,60.33793720924396,10
1,ana_leuc,15,9.983333333333333,4.756779956604631,10
1,ana_neu,1052,6.427072243346008,3.1517861407319785,10
1,protcrea,1317,39.229597570235384,51.37370169829901,10
1,splanchnic,464,0.015086206896551725,0.12189591157223509,10
2,raza,430,2.941860465116279,0.6639321057119716,10
2,ant_inf,21,0.0,0.0,10
2,ant_isq,22,0.0,0.0,10
2,ant_clau,22,0.0,0.0,10
2,fum_act,29,0.41379310344827586,0.4925123054167483,10
2,diabetes,20,0.05,0.21794494717703364,10
2,hip_art,21,0.3333333333333333,0.4714045207910316,10
2,insf_car,5,0.0,0.0,10
2,fibr_aur,186,0.021505376344086023,0.14506169422830154,10
2,trat_est,24,0.08333333333333333,0.2763853991962833,10
2,var171,18,0.0,0.0,10
2,tv_l_esu,360,0.002777777777777778,0.05263137589304561,10
2,tvp_orig,1291,0.16963594113090627,0.37531265447295803,10
2,tv_l_ein,286,0.8111888111888111,0.39135856166806215,10
2,tvp_prox,568,0.9049295774647887,0.29331218401932724,10
2,tv_l_svc,474,0.016877637130801686,0.1288129748731962,10
2,tv_l_vre,493,0.012170385395537525,0.10964609940559499,10
2,tv_l_vrn,486,0.01440329218106996,0.11914628552924632,10
2,tv_l_vca,929,0.03982777179763186,0.19555439241108247,10
2,tv_l_yug,936,0.014957264957264958,0.12138181569849386,10
2,tv_l_ova,938,0.008528784648187633,0.0919567533170483,10
2,tv_l_sup,940,0.005319148936170213,0.0727382677190284,10
2,tv_l_pul,939,0.008519701810436636,0.09190819599740753,10
2,tv_l_ove,486,0.047325102880658436,0.21233331702300878,10
2,fr_antfa,691,0.13024602026049203,0.33657390639619633,10
2,fr_tvs_a,248,0.036290322580645164,0.18701159073072948,10
2,fr_viaje,10,0.0,0.0,10
2,fr_estro,15,0.0,0.0,10
2,fr_varic,25,0.04,0.19595917942265426,10
2,fr_antec,1,0.0,0.0,10
2,ana_dime,181,1.4530386740331491,0.6256524935642901,10
2,ana_crea,45,0.9555555555555556,0.20608041101101565,10
2,ana_trop,824,0.8483009708737864,0.358728913928579,10
2,tension_,60,132.36666666666667,24.15779147374381,10
2,ana_hemo,3,12.466666666666669,2.9488227406128624,10
2,ana_plaq,3,223.66666666666666,69.90628647617386,10
2,ana_leuc,15,9.377999999999998,4.056580168894319,10
2,ana_neu,1052,6.640085551330799,3.0384222210616856,10
2,protcrea,1317,34.67031890660592,49.37342752004092,10
2,splanchnic,464,0.008620689655172414,0.0924465973686518,10
3,raza,430,2.9790697674418603,0.4889752642884836,10
3,ant_inf,21,0.047619047619047616,0.21295885499998,10
3,ant_isq,22,0.0,0.0,10
3,ant_clau,22,0.0,0.0,10
3,fum_act,29,0.27586206896551724,0.44694763437295587,10
3,diabetes,20,0.15,0.3570714214271425,10
3,hip_art,21,0.38095238095238093,0.4856209060564557,10
3,insf_car,5,0.0,0.0,10
3,fibr_aur,186,0.010752688172043012,0.1031361617916714,10
3,trat_est,24,0.16666666666666666,0.372677996249965,10
3,var171,18,0.0,0.0,10
3,tv_l_esu,360,0.002777777777777778,0.05263137589304562,10
3,tvp_orig,1291,0.21843532145623548,0.4131843799038712,10
3,tv_l_ein,286,0.7972027972027972,0.40208269962140003,10
3,tvp_prox,568,0.8714788732394366,0.3346691601219906,10
3,tv_l_svc,474,0.008438818565400843,0.09147461345434091,10
3,tv_l_vre,493,0.002028397565922921,0.04499203450876031,10
3,tv_l_vrn,486,0.00411522633744856,0.06401789788520183,10
3,tv_l_vca,929,0.05489773950484392,0.22778054724252073,10
3,tv_l_yug,936,0.00641025641025641,0.07980704870505599,10
3,tv_l_ova,938,0.0,0.0,10
3,tv_l_sup,940,0.002127659574468085,0.04607746346320792,10
3,tv_l_pul,939,0.009584664536741214,0.09743099477301538,10
3,tv_l_ove,486,0.02263374485596708,0.14873284253910454,10
3,fr_antfa,691,0.10564399421128799,0.3073814254283647,10
3,fr_tvs_a,248,0.06451612903225806,0.24567010018915833,10
3,fr_viaje,10,0.1,0.30000000000000004,10
3,fr_estro,15,0.0,0.0,10
3,fr_varic,25,0.08,0.2712931993250107,10
3,fr_antec,1,0.0,0.0,10
3,ana_dime,181,1.5966850828729282,0.5439674747026566,10
3,ana_crea,45,0.9333333333333333,0.2494438257849294,10
3,ana_trop,824,0.8859223300970874,0.31790557581211865,10
3,tension_,60,134.96666666666667,25.8901311099208,10
3,ana_hemo,3,14.5,1.7795130420052185,10
3,ana_plaq,3,351.6666666666667,160.99965493406776,10
3,ana_leuc,15,10.229333333333333,4.907635502176402,10
3,ana_neu,1052,6.163754752851712,3.034816421419417,10
3,protcrea,1317,27.804996203492788,38.2559893874527,10
3,splanchnic,464,0.01293103448275862,0.11297708984552722,10
4,raza,430,2.9465116279069767,0.5862172139726154,10
4,ant_inf,21,0.047619047619047616,0.21295885499998,10
4,ant_isq,22,0.09090909090909091,0.28747978728803447,10
4,ant_clau,22,0.045454545454545456,0.2082988952252655,10
4,fum_act,29,0.27586206896551724,0.4469476343729559,10
4,diabetes,20,0.15,0.3570714214271425,10
4,hip_art,21,0.23809523809523808,0.4259177099999599,10
4,insf_car,5,0.0,0.0,10
4,fibr_aur,186,0.005376344086021506,0.0731261855308357,10
4,trat_est,24,0.20833333333333334,0.4061164310337068,10
4,var171,18,0.0,0.0,10
4,tv_l_esu,360,0.008333333333333333,0.09090593428863096,10
4,tvp_orig,1291,0.24012393493415957,0.4271585546444026,10
4,tv_l_ein,286,0.7972027972027972,0.40208269962140003,10
4,tvp_prox,568,0.8556338028169014,0.3514606639355097,10
4,tv_l_svc,474,0.008438818565400843,0.09147461345434091,10
4,tv_l_vre,493,0.006085192697768763,0.07776993717111891,10
4,tv_l_vrn,486,0.01440329218106996,0.11914628552924633,10
4,tv_l_vca,929,0.0688912809472551,0.25326916977141434,10
4,tv_l_yug,936,0.0202991452991453,0.14102159408852774,10
4,tv_l_ova,938,0.006396588486140725,0.07972246949185467,10
4,tv_l_sup,940,0.0031914893617021275,0.05640304741196409,10
4,tv_l_pul,939,0.014909478168264111,0.12119069943281195,10
4,tv_l_ove,486,0.024691358024691357,0.1551827788885992,10
4,fr_antfa,691,0.12301013024602026,0.3284488363548841,10
4,fr_tvs_a,248,0.04032258064516129,0.19671469222016885,10
4,fr_viaje,10,0.1,0.30000000000000004,10
4,fr_estro,15,0.0,0.0,10
4,fr_varic,25,0.2,0.4,10
4,fr_antec,1,0.0,0.0,10
4,ana_dime,181,1.5524861878453038,0.5398556243229219,10
4,ana_crea,45,0.8666666666666667,0.33993463423951903,10
4,ana_trop,824,0.8398058252427184,0.36678604271579784,10
4,tension_,60,137.73333333333332,17.417296639324434,10
4,ana_hemo,3,13.666666666666666,0.9741092797468307,10
4,ana_plaq,3,260.3333333333333,4.4969125210773475,10
4,ana_leuc,15,9.898666666666665,4.87905573742388,10
4,ana_neu,1052,6.597119771863118,3.1216785805972473,10
4,protcrea,1317,16.406621108580108,24.1552191502658,10
4,splanchnic,464,0.01939655172413793,0.13791419617048414,10
5,raza,430,2.932558139534884,0.4550598888429389,10
5,ant_inf,21,0.0,0.0,10
5,ant_isq,22,0.09090909090909091,0.28747978728803447,10
5,ant_clau,22,0.0,0.0,10
5,fum_act,29,0.27586206896551724,0.44694763437295587,10
5,diabetes,20,0.1,0.30000000000000004,10
5,hip_art,21,0.38095238095238093,0.4856209060564557,10
5,insf_car,5,0.0,0.0,10
5,fibr_aur,186,0.016129032258064516,0.12597176896623638,10
5,trat_est,24,0.25,0.4330127018922193,10
5,var171,18,0.05555555555555555,0.2290614236454256,10
5,tv_l_esu,360,0.011111111111111112,0.10482201257840673,10
5,tvp_orig,1291,0.2579395817195972,0.4375005758875255,10
5,tv_l_ein,286,0.7307692307692307,0.4435600997950306,10
5,tvp_prox,568,0.8908450704225352,0.31183349872392396,10
5,tv_l_svc,474,0.006329113924050633,0.07930357016545357,10
5,tv_l_vre,493,0.010141987829614604,0.10019544856169145,10
5,tv_l_vrn,486,0.012345679012345678,0.11042310999998962,10
5,tv_l_vca,929,0.04736275565123789,0.2124135707255048,10
5,tv_l_yug,936,0.005341880341880342,0.07289269274963968,10
5,tv_l_ova,938,0.008528784648187633,0.09195675331704829,10
5,tv_l_sup,940,0.0,0.0,10
5,tv_l_pul,939,0.0,0.0,10
5,tv_l_ove,486,0.04526748971193416,0.2078902212397546,10
5,fr_antfa,691,0.13314037626628075,0.339726384718576,10
5,fr_tvs_a,248,0.0846774193548387,0.278401066819514,10
5,fr_viaje,10,0.1,0.30000000000000004,10
5,fr_estro,15,0.06666666666666667,0.24944382578492946,10
5,fr_varic,25,0.08,0.2712931993250107,10
5,fr_antec,1,0.0,0.0,10
5,ana_dime,181,1.5414364640883977,0.5509370546880844,10
5,ana_crea,45,0.9333333333333333,0.2494438257849294,10
5,ana_trop,824,0.9004854368932039,0.29935165748072884,10
5,tension_,60,136.41666666666666,23.004558726961537,10
5,ana_hemo,3,13.933333333333332,1.9223827807061615,10
5,ana_plaq,3,227.66666666666666,92.23279725178506,10
5,ana_leuc,15,8.914,4.846092308929605,10
5,ana_neu,1052,6.556615969581749,3.1816645201341283,10
5,protcrea,1317,13.41243735763098,16.35615195623812,10
5,splanchnic,464,0.02586206896551724,0.15872372965105147,10
1,raza,430,2.925581395348837,0.616853615462924,11
1,ant_inf,21,0.047619047619047616,0.21295885499998,11
1,ant_isq,22,0.0,0.0,11
1,ant_clau,22,0.0,0.0,11
1,fum_act,29,0.27586206896551724,0.44694763437295587,11
1,diabetes,20,0.1,0.30000000000000004,11
1,hip_art,21,0.38095238095238093,0.4856209060564557,11
1,insf_car,5,0.0,0.0,11
1,fibr_aur,186,0.010752688172043012,0.1031361617916714,11
1,trat_est,24,0.16666666666666666,0.372677996249965,11
1,var171,18,0.0,0.0,11
1,tv_l_esu,360,0.016666666666666666,0.12801909579781015,11
1,tvp_orig,1291,0.243996901626646,0.42949087722935736,11
1,tv_l_ein,286,0.7622377622377622,0.4257127623839,11
1,tvp_prox,568,0.8996478873239436,0.3004689104674699,11
1,tv_l_svc,474,0.004219409282700422,0.06481979534066336,11
1,tv_l_vre,493,0.006085192697768763,0.07776993717111891,11
1,tv_l_vrn,486,0.0102880658436214,0.10090699452871792,11
1,tv_l_vca,929,0.04628632938643703,0.21010450994295027,11
1,tv_l_yug,936,0.00641025641025641,0.07980704870505599,11
1,tv_l_ova,938,0.0042643923240938165,0.06516292874173187,11
1,tv_l_sup,940,0.009574468085106383,0.09737965724931293,11
1,tv_l_pul,939,0.010649627263045794,0.10264605546344187,11
1,tv_l_ove,486,0.0411522633744856,0.1986422779612703,11
1,fr_antfa,691,0.10998552821997105,0.3128717178048297,11
1,fr_tvs_a,248,0.06048387096774194,0.23838114925576534,11
1,fr_viaje,10,0.0,0.0,11
1,fr_estro,15,0.0,0.0,11
1,fr_varic,25,0.24,0.4270831300812524,11
1,fr_antec,1,0.0,0.0,11
1,ana_dime,181,1.6077348066298343,0.5418872855354355,11
1,ana_crea,45,0.9111111111111111,0.28458329944145994,11
1,ana_trop,824,0.8713592233009708,0.3348019224396712,11
1,tension_,60,132.96666666666667,24.558750420618352,11
1,ana_hemo,3,14.633333333333333,0.49216076867444636,11
1,ana_plaq,3,354.6666666666667,136.17717217735952,11
1,ana_leuc,15,8.570666666666664,2.930489075601925,11
1,ana_neu,1052,6.680019011406845,3.1606884868118814,11
1,protcrea,1317,36.45867881548975,48.79127493124363,11
1,splanchnic,464,0.021551724137931036,0.1452144873096812,11
2,raza,430,2.9093023255813955,0.8204689395048821,11
2,ant_inf,21,0.0,0.0,11
2,ant_isq,22,0.045454545454545456,0.2082988952252655,11
2,ant_clau,22,0.0,0.0,11
2,fum_act,29,0.13793103448275862,0.3448275862068966,11
2,diabetes,20,0.2,0.4,11
2,hip_art,21,0.38095238095238093,0.4856209060564557,11
2,insf_car,5,0.2,0.4000000000000001,11
2,fibr_aur,186,0.016129032258064516,0.12597176896623638,11
2,trat_est,24,0.16666666666666666,0.372677996249965,11
2,var171,18,0.0,0.0,11
2,tv_l_esu,360,0.008333333333333333,0.09090593428863096,11
2,tvp_orig,1291,0.2656855151045701,0.44169754602916844,11
2,tv_l_ein,286,0.7797202797202797,0.4144352363315751,11
2,tvp_prox,568,0.8926056338028169,0.3096139795072058,11
2,tv_l_svc,474,0.002109704641350211,0.045883044664412544,11
2,tv_l_vre,493,0.012170385395537525,0.10964609940559499,11
2,tv_l_vrn,486,0.0102880658436214,0.10090699452871792,11
2,tv_l_vca,929,0.07534983853606028,0.2639549968624385,11
2,tv_l_yug,936,0.01282051282051282,0.11249954342810412,11
2,tv_l_ova,938,0.011727078891257996,0.10765479326038488,11
2,tv_l_sup,940,0.00851063829787234,0.09185971551031025,11
2,tv_l_pul,939,0.011714589989350373,0.10759813367680585,11
2,tv_l_ove,486,0.05555555555555555,0.2290614236454256,11
2,fr_antfa,691,0.11432706222865413,0.31820808454660543,11
2,fr_tvs_a,248,0.04838709677419355,0.21458281767177534,11
2,fr_viaje,10,0.0,0.0,11
2,fr_estro,15,0.0,0.0,11
2,fr_varic,25,0.12,0.32496153618543844,11
2,fr_antec,1,0.0,0.0,11
2,ana_dime,181,1.5635359116022098,0.5386669499463472,11
2,ana_crea,45,0.8444444444444444,0.36243347622889094,11
2,ana_trop,824,0.8507281553398058,0.3563562277440048,11
2,tension_,60,129.4,17.316851137933053,11
2,ana_hemo,3,13.799999999999999,1.3952299690970902,11
2,ana_plaq,3,336.3333333333333,25.772509040103607,11
2,ana_leuc,15,8.474666666666666,3.4324449336037746,11
2,ana_neu,1052,6.5347433460076045,3.009806379126762,11
2,protcrea,1317,31.34273348519362,44.54012267423133,11
2,splanchnic,464,0.032327586206896554,0.17686863310641665,11
3,raza,430,2.8883720930232557,0.6225264736410745,11
3,ant_inf,21,0.047619047619047616,0.21295885499997996,11
3,ant_isq,22,0.045454545454545456,0.2082988952252655,11
3,ant_clau,22,0.045454545454545456,0.20829889522526548,11
3,fum_act,29,0.3103448275862069,0.46263475396547377,11
3,diabetes,20,0.1,0.30000000000000004,11
3,hip_art,21,0.2857142857142857,0.45175395145262565,11
3,insf_car,5,0.0,0.0,11
3,fibr_aur,186,0.005376344086021506,0.07312618553083572,11
3,trat_est,24,0.16666666666666666,0.372677996249965,11
3,var171,18,0.05555555555555555,0.2290614236454256,11
3,tv_l_esu,360,0.016666666666666666,0.12801909579781015,11
3,tvp_orig,1291,0.3160340821068939,0.4649263824023616,11
3,tv_l_ein,286,0.7727272727272727,0.4190702026042222,11
3,tvp_prox,568,0.920774647887324,0.270090162159414,11
3,tv_l_svc,474,0.002109704641350211,0.045883044664412544,11
3,tv_l_vre,493,0.006085192697768763,0.07776993717111891,11
3,tv_l_vrn,486,0.012345679012345678,0.11042310999998965,11
3,tv_l_vca,929,0.04843918191603875,0.2146924022208137,11
3,tv_l_yug,936,0.017094017094017096,0.12962180246241967,11
3,tv_l_ova,938,0.008528784648187633,0.0919567533170483,11
3,tv_l_sup,940,0.0031914893617021275,0.05640304741196409,11
3,tv_l_pul,939,0.004259850905218318,0.06512836997410291,11
3,tv_l_ove,486,0.04938271604938271,0.2166657873430154,11
3,fr_antfa,691,0.1577424023154848,0.3644992960586132,11
3,fr_tvs_a,248,0.06854838709677419,0.2526845973208596,11
3,fr_viaje,10,0.2,0.4000000000000001,11
3,fr_estro,15,0.0,0.0,11
3,fr_varic,25,0.16,0.36660605559646714,11
3,fr_antec,1,0.0,0.0,11
3,ana_dime,181,1.6574585635359116,0.5500498768907688,11
3,ana_crea,45,0.8888888888888888,0.3142696805273545,11
3,ana_trop,824,0.8786407766990292,0.326544272987226,11
3,tension_,60,131.78333333333333,18.898052515772328,11
3,ana_hemo,3,14.966666666666669,1.4817407180595246,11
3,ana_plaq,3,301.3333333333333,77.60297817881877,11
3,ana_leuc,15,8.235333333333333,2.8938160887581565,11
3,ana_neu,1052,6.572100760456274,3.102610463701027,11
3,protcrea,1317,35.65225512528474,47.95183188703967,11
3,splanchnic,464,0.028017241379310345,0.16502204569330667,11
4,raza,430,2.9930232558139536,0.4987870631270302,11
4,ant_inf,21,0.09523809523809523,0.2935435239509036,11
4,ant_isq,22,0.0,0.0,11
4,ant_clau,22,0.045454545454545456,0.2082988952252655,11
4,fum_act,29,0.27586206896551724,0.44694763437295587,11
4,diabetes,20,0.1,0.30000000000000004,11
4,hip_art,21,0.47619047619047616,0.49943278484292924,11
4,insf_car,5,0.0,0.0,11
4,fibr_aur,186,0.021505376344086023,0.14506169422830154,11
4,trat_est,24,0.25,0.4330127018922193,11
4,var171,18,0.05555555555555555,0.2290614236454256,11
4,tv_l_esu,360,0.013888888888888888,0.11702985796078279,11
4,tvp_orig,1291,0.2292796281951975,0.4203694568946102,11
4,tv_l_ein,286,0.7517482517482518,0.4319986316433177,11
4,tvp_prox,568,0.8943661971830986,0.3073683498985239,11
4,tv_l_svc,474,0.008438818565400843,0.09147461345434091,11
4,tv_l_vre,493,0.008113590263691683,0.08970930786002425,11
4,tv_l_vrn,486,0.01440329218106996,0.11914628552924632,11
4,tv_l_vca,929,0.03552206673842842,0.18509524443663877,11
4,tv_l_yug,936,0.024572649572649572,0.15481871484297155,11
4,tv_l_ova,938,0.0021321961620469083,0.04612645554964591,11
4,tv_l_sup,940,0.0,0.0,11
4,tv_l_pul,939,0.005324813631522897,0.07277678195216139,11
4,tv_l_ove,486,0.030864197530864196,0.17294970032249257,11
4,fr_antfa,691,0.1548480463096961,0.3617597667842104,11
4,fr_tvs_a,248,0.020161290322580645,0.1405518149833337,11
4,fr_viaje,10,0.0,0.0,11
4,fr_estro,15,0.06666666666666667,0.24944382578492946,11
4,fr_varic,25,0.12,0.32496153618543844,11
4,fr_antec,1,0.0,0.0,11
4,ana_dime,181,1.5414364640883977,0.6081364820250614,11
4,ana_crea,45,0.9333333333333333,0.24944382578492943,11
4,ana_trop,824,0.8604368932038835,0.34653318169770164,11
4,tension_,60,134.3,23.965461258513958,11
4,ana_hemo,3,14.366666666666667,1.040299102288482,11
4,ana_plaq,3,227.0,95.00526301210897,11
4,ana_leuc,15,7.956666666666667,2.9277014116121127,11
4,ana_neu,1052,6.637889733840304,3.103921552947623,11
4,protcrea,1317,24.434495064540624,36.2258986461027,11
4,splanchnic,464,0.015086206896551725,0.1218959115722351,11
5,raza,430,2.86046511627907,0.6243655514251102,11
5,ant_inf,21,0.047619047619047616,0.21295885499998,11
5,ant_isq,22,0.0,0.0,11
5,ant_clau,22,0.045454545454545456,0.2082988952252655,11
5,fum_act,29,0.27586206896551724,0.44694763437295587,11
5,diabetes,20,0.05,0.21794494717703364,11
5,hip_art,21,0.23809523809523808,0.4259177099999599,11
5,insf_car,5,0.0,0.0,11
5,fibr_aur,186,0.03225806451612903,0.17668469596940845,11
5,trat_est,24,0.16666666666666666,0.372677996249965,11
5,var171,18,0.0,0.0,11
5,tv_l_esu,360,0.013888888888888888,0.11702985796078277,11
5,tvp_orig,1291,0.21378776142525174,0.40997872443583144,11
5,tv_l_ein,286,0.7517482517482518,0.4319986316433177,11
5,tvp_prox,568,0.8609154929577465,0.3460346903752091,11
5,tv_l_svc,474,0.010548523206751054,0.10216286930635657,11
5,tv_l_vre,493,0.010141987829614604,0.10019544856169145,11
5,tv_l_vrn,486,0.00411522633744856,0.06401789788520183,11
5,tv_l_vca,929,0.04520990312163617,0.20776421198408648,11
5,tv_l_yug,936,0.019230769230769232,0.1373351620873625,11
5,tv_l_ova,938,0.0042643923240938165,0.06516292874173187,11
5,tv_l_sup,940,0.01276595744680851,0.11226302943210997,11
5,tv_l_pul,939,0.004259850905218318,0.06512836997410291,11
5,tv_l_ove,486,0.051440329218107,0.2208941414977766,11
5,fr_antfa,691,0.0955137481910275,0.29392324184645297,11
5,fr_tvs_a,248,0.056451612903225805,0.23079174227829327,11
5,fr_viaje,10,0.0,0.0,11
5,fr_estro,15,0.0,0.0,11
5,fr_varic,25,0.08,0.2712931993250107,11
5,fr_antec,1,0.0,0.0,11
5,ana_dime,181,1.558011049723757,0.5594042014960061,11
5,ana_crea,45,0.8222222222222222,0.3823255674241167,11
5,ana_trop,824,0.8701456310679612,0.3361431418329114,11
5,tension_,60,134.18333333333334,21.085928694010345,11
5,ana_hemo,3,15.066666666666668,0.6798692684790377,11
5,ana_plaq,3,203.66666666666666,9.030811456096044,11
5,ana_leuc,15,8.638666666666667,3.1841521460019604,11
5,ana_neu,1052,6.515161596958174,2.993105206331343,11
5,protcrea,1317,21.82676537585421,35.33421198625811,11
5,splanchnic,464,0.02586206896551724,0.15872372965105147,11
1,raza,430,2.9302325581395348,0.6953449482663279,12
1,ant_inf,21,0.047619047619047616,0.21295885499997996,12
1,ant_isq,22,0.045454545454545456,0.2082988952252655,12
1,ant_clau,22,0.0,0.0,12
1,fum_act,29,0.10344827586206896,0.3045434781492361,12
1,diabetes,20,0.1,0.30000000000000004,12
1,hip_art,21,0.47619047619047616,0.49943278484292924,12
1,insf_car,5,0.0,0.0,12
1,fibr_aur,186,0.010752688172043012,0.1031361617916714,12
1,trat_est,24,0.2916666666666667,0.45452967144315476,12
1,var171,18,0.0,0.0,12
1,tv_l_esu,360,0.005555555555555556,0.07432826755699806,12
1,tvp_orig,1291,0.3803253292021689,0.4854667580477892,12
1,tv_l_ein,286,0.7167832167832168,0.45056080269051463,12
1,tvp_prox,568,0.8679577464788732,0.33853669934910935,12
1,tv_l_svc,474,0.016877637130801686,0.1288129748731962,12
1,tv_l_vre,493,0.008113590263691683,0.08970930786002425,12
1,tv_l_vrn,486,0.012345679012345678,0.11042310999998962,12
1,tv_l_vca,929,0.0721205597416577,0.25868742645170767,12
1,tv_l_yug,936,0.021367521367521368,0.14460619073238146,12
1,tv_l_ova,938,0.0031982942430703624,0.05646295384590772,12
1,tv_l_sup,940,0.0031914893617021275,0.05640304741196409,12
1,tv_l_pul,939,0.002129925452609159,0.04610193998277607,12
1,tv_l_ove,486,0.04938271604938271,0.21666578734301536,12
1,fr_antfa,691,0.1678726483357453,0.3737531568782911,12
1,fr_tvs_a,248,0.05241935483870968,0.2228711871844432,12
1,fr_viaje,10,0.0,0.0,12
1,fr_estro,15,0.0,0.0,12
1,fr_varic,25,0.16,0.36660605559646714,12
1,fr_antec,1,0.0,0.0,12
1,ana_dime,181,1.5524861878453038,0.5599495893622067,12
1,ana_crea,45,0.7777777777777778,0.4157397096415491,12
1,ana_trop,824,0.8737864077669902,0.33208992964052564,12
1,tension_,60,131.43333333333334,19.038878351649,12
1,ana_hemo,3,13.766666666666666,1.0208928554075705,12
1,ana_plaq,3,259.6666666666667,17.326921891156037,12
1,ana_leuc,15,7.56,2.742417425071051,12
1,ana_neu,1052,6.557832699619772,2.99316668826205,12
1,protcrea,1317,89.7120425208808,57.90299345351208,12
1,splanchnic,464,0.015086206896551725,0.12189591157223509,12
2,raza,430,2.9348837209302325,0.5502150619404695,12
2,ant_inf,21,0.047619047619047616,0.21295885499998,12
2,ant_isq,22,0.0,0.0,12
2,ant_clau,22,0.045454545454545456,0.2082988952252655,12
2,fum_act,29,0.3103448275862069,0.46263475396547377,12
2,diabetes,20,0.05,0.21794494717703364,12
2,hip_art,21,0.2857142857142857,0.45175395145262565,12
2,insf_car,5,0.2,0.4,12
2,fibr_aur,186,0.0,0.0,12
2,trat_est,24,0.20833333333333334,0.4061164310337068,12
2,var171,18,0.0,0.0,12
2,tv_l_esu,360,0.011111111111111112,0.10482201257840673,12
2,tvp_orig,1291,0.35476374903175834,0.47844166980384345,12
2,tv_l_ein,286,0.7797202797202797,0.4144352363315751,12
2,tvp_prox,568,0.8820422535211268,0.3225580824045479,12
2,tv_l_svc,474,0.0189873417721519,0.13648011805599888,12
2,tv_l_vre,493,0.02231237322515213,0.14769743134602456,12
2,tv_l_vrn,486,0.00411522633744856,0.06401789788520183,12
2,tv_l_vca,929,0.03767491926803014,0.19040882260593267,12
2,tv_l_yug,936,0.014957264957264958,0.12138181569849386,12
2,tv_l_ova,938,0.015991471215351813,0.12544219411234958,12
2,tv_l_sup,940,0.0010638297872340426,0.0325990498852012,12
2,tv_l_pul,939,0.006389776357827476,0.07968028059642125,12
2,tv_l_ove,486,0.02880658436213992,0.16726256323375782,12
2,fr_antfa,691,0.12445730824891461,0.33010253963329217,12
2,fr_tvs_a,248,0.036290322580645164,0.18701159073072948,12
2,fr_viaje,10,0.0,0.0,12
2,fr_estro,15,0.0,0.0,12
2,fr_varic,25,0.24,0.4270831300812524,12
2,fr_antec,1,0.0,0.0,12
2,ana_dime,181,1.569060773480663,0.5379865282643023,12
2,ana_crea,45,0.8444444444444444,0.36243347622889094,12
2,ana_trop,824,0.8677184466019418,0.33879661159559277,12
2,tension_,60,131.33333333333334,20.594227886041814,12
2,ana_hemo,3,14.766666666666666,0.7039570693980955,12
2,ana_plaq,3,296.3333333333333,118.4379818958241,12
2,ana_leuc,15,7.892666666666667,2.6035090849765736,12
2,ana_neu,1052,6.6380418250950575,2.8910131116857416,12
2,protcrea,1317,53.63888382687927,53.61318678421966,12
2,splanchnic,464,0.017241379310344827,0.13016955922880602,12
3,raza,430,2.9627906976744187,0.5611546467667228,12
3,ant_inf,21,0.0,0.0,12
3,ant_isq,22,0.0,0.0,12
3,ant_clau,22,0.045454545454545456,0.2082988952252655,12
3,fum_act,29,0.2413793103448276,0.42791978089623645,12
3,diabetes,20,0.0,0.0,12
3,hip_art,21,0.47619047619047616,0.49943278484292924,12
3,insf_car,5,0.0,0.0,12
3,fibr_aur,186,0.010752688172043012,0.1031361617916714,12
3,trat_est,24,0.16666666666666666,0.372677996249965,12
3,var171,18,0.05555555555555555,0.2290614236454256,12
3,tv_l_esu,360,0.022222222222222223,0.14740554623801774,12
3,tvp_orig,1291,0.5298218435321457,0.4991098653085753,12
3,tv_l_ein,286,0.7447552447552448,0.43599870431550625,12
3,tvp_prox,568,0.8556338028169014,0.3514606639355097,12
3,tv_l_svc,474,0.0189873417721519,0.1364801180559989,12
3,tv_l_vre,493,0.014198782961460446,0.118309667922253,12
3,tv_l_vrn,486,0.012345679012345678,0.11042310999998962,12
3,tv_l_vca,929,0.062432723358449946,0.24193982394904973,12
3,tv_l_yug,936,0.013888888888888888,0.11702985796078279,12
3,tv_l_ova,938,0.010660980810234541,0.10270016698330314,12
3,tv_l_sup,940,0.0010638297872340426,0.032599049885201195,12
3,tv_l_pul,939,0.003194888178913738,0.05643297678164758,12
3,tv_l_ove,486,0.0411522633744856,0.1986422779612703,12
3,fr_antfa,691,0.10998552821997105,0.3128717178048297,12
3,fr_tvs_a,248,0.028225806451612902,0.1656173611122004,12
3,fr_viaje,10,0.0,0.0,12
3,fr_estro,15,0.0,0.0,12
3,fr_varic,25,0.2,0.4,12
3,fr_antec,1,0.0,0.0,12
3,ana_dime,181,1.5856353591160222,0.5458160899548494,12
3,ana_crea,45,0.8444444444444444,0.36243347622889094,12
3,ana_trop,824,0.8883495145631068,0.3149359530739533,12
3,tension_,60,132.03333333333333,21.44447610820921,12
3,ana_hemo,3,15.6,0.7118052168020874,12
3,ana_plaq,3,137.0,33.34666400106613,12
3,ana_leuc,15,8.027333333333335,3.122613150694285,12
3,ana_neu,1052,6.566359315589353,3.0278077746650243,12
3,protcrea,1317,45.220121488230824,51.16700585994503,12
3,splanchnic,464,0.015086206896551725,0.1218959115722351,12
4,raza,430,2.9302325581395348,0.5280657480738593,12
4,ant_inf,21,0.0,0.0,12
4,ant_isq,22,0.09090909090909091,0.28747978728803447,12
4,ant_clau,22,0.045454545454545456,0.2082988952252655,12
4,fum_act,29,0.1724137931034483,0.37773969483114905,12
4,diabetes,20,0.25,0.4330127018922193,12
4,hip_art,21,0.3333333333333333,0.4714045207910317,12
4,insf_car,5,0.0,0.0,12
4,fibr_aur,186,0.005376344086021506,0.0731261855308357,12
4,trat_est,24,0.16666666666666666,0.372677996249965,12
4,var171,18,0.0,0.0,12
4,tv_l_esu,360,0.019444444444444445,0.13808098357373966,12
4,tvp_orig,1291,0.27188226181254843,0.44492954220217973,12
4,tv_l_ein,286,0.7517482517482518,0.43199863164331764,12
4,tvp_prox,568,0.8802816901408451,0.3246318470877777,12
4,tv_l_svc,474,0.012658227848101266,0.11179444134592212,12
4,tv_l_vre,493,0.006085192697768763,0.07776993717111891,12
4,tv_l_vrn,486,0.0102880658436214,0.10090699452871792,12
4,tv_l_vca,929,0.04843918191603875,0.2146924022208137,12
4,tv_l_yug,936,0.042735042735042736,0.20225913788374755,12
4,tv_l_ova,938,0.0042643923240938165,0.06516292874173187,12
4,tv_l_sup,940,0.0010638297872340426,0.0325990498852012,12
4,tv_l_pul,939,0.004259850905218318,0.06512836997410291,12
4,tv_l_ove,486,0.04526748971193416,0.20789022123975454,12
4,fr_antfa,691,0.14182344428364688,0.3488689652794731,12
4,fr_tvs_a,248,0.04435483870967742,0.20588221630999584,12
4,fr_viaje,10,0.0,0.0,12
4,fr_estro,15,0.06666666666666667,0.24944382578492946,12
4,fr_varic,25,0.12,0.32496153618543844,12
4,fr_antec,1,0.0,0.0,12
4,ana_dime,181,1.5856353591160222,0.5458160899548494,12
4,ana_crea,45,0.8666666666666667,0.33993463423951903,12
4,ana_trop,824,0.8737864077669902,0.33208992964052564,12
4,tension_,60,135.03333333333333,21.167559036307317,12
4,ana_hemo,3,16.96666666666667,1.6048537489614298,12
4,ana_plaq,3,237.0,49.64540932117154,12
4,ana_leuc,15,7.704,2.490878827509145,12
4,ana_neu,1052,6.59541825095057,3.0524777562568035,12
4,protcrea,1317,22.427691723614277,32.54485766604757,12
4,splanchnic,464,0.028017241379310345,0.16502204569330667,12
5,raza,430,3.0046511627906978,0.5582170488810233,12
5,ant_inf,21,0.0,0.0,12
5,ant_isq,22,0.045454545454545456,0.20829889522526548,12
5,ant_clau,22,0.045454545454545456,0.2082988952252655,12
5,fum_act,29,0.2413793103448276,0.42791978089623645,12
5,diabetes,20,0.1,0.30000000000000004,12
5,hip_art,21,0.42857142857142855,0.49487165930539345,12
5,insf_car,5,0.2,0.4000000000000001,12
5,fibr_aur,186,0.010752688172043012,0.1031361617916714,12
5,trat_est,24,0.3333333333333333,0.4714045207910317,12
5,var171,18,0.05555555555555555,0.2290614236454256,12
5,tv_l_esu,360,0.002777777777777778,0.05263137589304561,12
5,tvp_orig,1291,0.2819519752130132,0.44995006265861726,12
5,tv_l_ein,286,0.7587412587412588,0.4278468896988606,12
5,tvp_prox,568,0.8838028169014085,0.3204612265759213,12
5,tv_l_svc,474,0.027426160337552744,0.16332166441318063,12
5,tv_l_vre,493,0.006085192697768763,0.07776993717111891,12
5,tv_l_vrn,486,0.0102880658436214,0.10090699452871792,12
5,tv_l_vca,929,0.04305705059203445,0.20298556841891352,12
5,tv_l_yug,936,0.02564102564102564,0.15806189751202504,12
5,tv_l_ova,938,0.0010660980810234541,0.032633748113036175,12
5,tv_l_sup,940,0.002127659574468085,0.04607746346320792,12
5,tv_l_pul,939,0.0,0.0,12
5,tv_l_ove,486,0.02880658436213992,0.16726256323375782,12
5,fr_antfa,691,0.15340086830680175,0.36037347559097765,12
5,fr_tvs_a,248,0.028225806451612902,0.16561736111220043,12
5,fr_viaje,10,0.0,0.0,12
5,fr_estro,15,0.06666666666666667,0.24944382578492943,12
5,fr_varic,25,0.16,0.36660605559646714,12
5,fr_antec,1,1.0,0.0,12
5,ana_dime,181,1.6408839779005524,0.502246107286785,12
5,ana_crea,45,0.8666666666666667,0.33993463423951903,12
5,ana_trop,824,0.8580097087378641,0.3490401817118335,12
5,tension_,60,136.98333333333332,23.535428376999832,12
5,ana_hemo,3,14.700000000000001,0.7483314773547878,12
5,ana_plaq,3,259.6666666666667,137.06770427622823,12
5,ana_leuc,15,7.624,1.959536679932274,12
5,ana_neu,1052,6.468849809885932,2.9551080523420925,12
5,protcrea,1317,27.997418375094913,40.020958063238886,12
5,splanchnic,464,0.017241379310344827,0.13016955922880602,12
1,raza,430,2.972093023255814,0.6206993735109665,13
1,ant_inf,21,0.0,0.0,13
1,ant_isq,22,0.0,0.0,13
1,ant_clau,22,0.0,0.0,13
1,fum_act,29,0.2413793103448276,0.42791978089623633,13
1,diabetes,20,0.05,0.21794494717703367,13
1,hip_art,21,0.2857142857142857,0.45175395145262565,13
1,insf_car,5,0.0,0.0,13
1,fibr_aur,186,0.010752688172043012,0.1031361617916714,13
1,trat_est,24,0.125,0.33071891388307384,13
1,var171,18,0.05555555555555555,0.2290614236454256,13
1,tv_l_esu,360,0.008333333333333333,0.09090593428863096,13
1,tvp_orig,1291,0.2997676219984508,0.45815608126472,13
1,tv_l_ein,286,0.7132867132867133,0.452226467530762,13
1,tvp_prox,568,0.903169014084507,0.2957274861796356,13
1,tv_l_svc,474,0.010548523206751054,0.10216286930635657,13
1,tv_l_vre,493,0.008113590263691683,0.08970930786002425,13
1,tv_l_vrn,486,0.00411522633744856,0.06401789788520183,13
1,tv_l_vca,929,0.05489773950484392,0.22778054724252073,13
1,tv_l_yug,936,0.002136752136752137,0.04617560424139809,13
1,tv_l_ova,938,0.0021321961620469083,0.04612645554964591,13
1,tv_l_sup,940,0.002127659574468085,0.04607746346320792,13
1,tv_l_pul,939,0.004259850905218318,0.06512836997410291,13
1,tv_l_ove,486,0.053497942386831275,0.2250242487982274,13
1,fr_antfa,691,0.1085383502170767,0.3110591209870431,13
1,fr_tvs_a,248,0.0846774193548387,0.278401066819514,13
1,fr_viaje,10,0.0,0.0,13
1,fr_estro,15,0.06666666666666667,0.24944382578492946,13
1,fr_varic,25,0.24,0.4270831300812524,13
1,fr_antec,1,0.0,0.0,13
1,ana_dime,181,1.5359116022099448,0.571015256473115,13
1,ana_crea,45,0.9555555555555556,0.20608041101101562,13
1,ana_trop,824,0.8980582524271845,0.30257169014072666,13
1,tension_,60,127.7,24.51550529766825,13
1,ana_hemo,3,14.299999999999999,2.060744202143164,13
1,ana_plaq,3,196.66666666666666,37.7477004450455,13
1,ana_leuc,15,8.856,2.6557504902883227,13
1,ana_neu,1052,6.347319391634981,3.06637569854135,13
1,protcrea,1317,56.074563401670474,56.467723675251044,13
1,splanchnic,464,0.01939655172413793,0.13791419617048414,13
2,raza,430,2.9604651162790696,0.4878236122720003,13
2,ant_inf,21,0.0,0.0,13
2,ant_isq,22,0.0,0.0,13
2,ant_clau,22,0.0,0.0,13
2,fum_act,29,0.20689655172413793,0.40508069394726653,13
2,diabetes,20,0.0,0.0,13
2,hip_art,21,0.23809523809523808,0.4259177099999599,13
2,insf_car,5,0.0,0.0,13
2,fibr_aur,186,0.005376344086021506,0.0731261855308357,13
2,trat_est,24,0.20833333333333334,0.4061164310337068,13
2,var171,18,0.0,0.0,13
2,tv_l_esu,360,0.013888888888888888,0.11702985796078277,13
2,tvp_orig,1291,0.27807900852052675,0.4480525343536934,13
2,tv_l_ein,286,0.6993006993006993,0.45856213456657346,13
2,tvp_prox,568,0.8890845070422535,0.314027461187213,13
2,tv_l_svc,474,0.004219409282700422,0.06481979534066336,13
2,tv_l_vre,493,0.012170385395537525,0.10964609940559499,13
2,tv_l_vrn,486,0.00205761316872428,0.0453142295175828,13
2,tv_l_vca,929,0.03336921420882669,0.1795987465209937,13
2,tv_l_yug,936,0.022435897435897436,0.14809634682240921,13
2,tv_l_ova,938,0.0042643923240938165,0.06516292874173187,13
2,tv_l_sup,940,0.002127659574468085,0.04607746346320792,13
2,tv_l_pul,939,0.004259850905218318,0.06512836997410291,13
2,tv_l_ove,486,0.053497942386831275,0.2250242487982274,13
2,fr_antfa,691,0.1316931982633864,0.3381569159348169,13
2,fr_tvs_a,248,0.06854838709677419,0.2526845973208596,13
2,fr_viaje,10,0.0,0.0,13
2,fr_estro,15,0.06666666666666667,0.24944382578492943,13
2,fr_varic,25,0.24,0.4270831300812524,13
2,fr_antec,1,1.0,0.0,13
2,ana_dime,181,1.5966850828729282,0.5337142398114176,13
2,ana_crea,45,0.8444444444444444,0.36243347622889094,13
2,ana_trop,824,0.8422330097087378,0.36452238211898447,13
2,tension_,60,128.71666666666667,23.148140074072664,13
2,ana_hemo,3,13.0,2.041241452319315,13
2,ana_plaq,3,192.33333333333334,8.73053390247253,13
2,ana_leuc,15,8.152000000000001,3.0998047250324223,13
2,ana_neu,1052,6.2128041825095055,3.0337967383904347,13
2,protcrea,1317,66.032953682612,48.403432782138964,13
2,splanchnic,464,0.015086206896551725,0.12189591157223509,13
3,raza,430,2.958139534883721,0.5266094082924356,13
3,ant_inf,21,0.0,0.0,13
3,ant_isq,22,0.045454545454545456,0.2082988952252655,13
3,ant_clau,22,0.045454545454545456,0.2082988952252655,13
3,fum_act,29,0.27586206896551724,0.44694763437295587,13
3,diabetes,20,0.05,0.21794494717703367,13
3,hip_art,21,0.3333333333333333,0.4714045207910317,13
3,insf_car,5,0.0,0.0,13
3,fibr_aur,186,0.016129032258064516,0.12597176896623638,13
3,trat_est,24,0.25,0.4330127018922193,13
3,var171,18,0.0,0.0,13
3,tv_l_esu,360,0.005555555555555556,0.07432826755699806,13
3,tvp_orig,1291,0.2618125484120837,0.4396211299585747,13
3,tv_l_ein,286,0.7027972027972028,0.4570265796839722,13
3,tvp_prox,568,0.9102112676056338,0.28587884834205396,13
3,tv_l_svc,474,0.012658227848101266,0.11179444134592212,13
3,tv_l_vre,493,0.014198782961460446,0.118309667922253,13
3,tv_l_vrn,486,0.00823045267489712,0.09034773004156439,13
3,tv_l_vca,929,0.062432723358449946,0.24193982394904973,13
3,tv_l_yug,936,0.013888888888888888,0.11702985796078279,13
3,tv_l_ova,938,0.008528784648187633,0.0919567533170483,13
3,tv_l_sup,940,0.010638297872340425,0.10259202937226548,13
3,tv_l_pul,939,0.014909478168264111,0.12119069943281197,13
3,tv_l_ove,486,0.04526748971193416,0.20789022123975454,13
3,fr_antfa,691,0.13748191027496381,0.34435539000008497,13
3,fr_tvs_a,248,0.06854838709677419,0.2526845973208596,13
3,fr_viaje,10,0.0,0.0,13
3,fr_estro,15,0.0,0.0,13
3,fr_varic,25,0.32,0.46647615158762407,13
3,fr_antec,1,0.0,0.0,13
3,ana_dime,181,1.6187845303867403,0.5497168160810055,13
3,ana_crea,45,0.8888888888888888,0.3142696805273545,13
3,ana_trop,824,0.8470873786407767,0.3599032530948757,13
3,tension_,60,136.98333333333332,20.22662574155385,13
3,ana_hemo,3,14.266666666666666,1.9327585352432297,13
3,ana_plaq,3,151.33333333333334,41.24991582482994,13
3,ana_leuc,15,8.019533333333333,3.988471768596199,13
3,ana_neu,1052,6.692195817490495,3.0229719386530283,13
3,protcrea,1317,56.436833712984054,55.08348657689901,13
3,splanchnic,464,0.023706896551724137,0.15213441296304395,13
4,raza,430,2.9953488372093022,0.554035297495332,13
4,ant_inf,21,0.0,0.0,13
4,ant_isq,22,0.0,0.0,13
4,ant_clau,22,0.045454545454545456,0.2082988952252655,13
4,fum_act,29,0.13793103448275862,0.3448275862068966,13
4,diabetes,20,0.1,0.30000000000000004,13
4,hip_art,21,0.42857142857142855,0.4948716593053935,13
4,insf_car,5,0.0,0.0,13
4,fibr_aur,186,0.010752688172043012,0.10313616179167139,13
4,trat_est,24,0.3333333333333333,0.4714045207910317,13
4,var171,18,0.0,0.0,13
4,tv_l_esu,360,0.008333333333333333,0.09090593428863096,13
4,tvp_orig,1291,0.2509682416731216,0.43357027497814377,13
4,tv_l_ein,286,0.7342657342657343,0.4417234041217834,13
4,tvp_prox,568,0.9137323943661971,0.28075880369458317,13
4,tv_l_svc,474,0.004219409282700422,0.06481979534066336,13
4,tv_l_vre,493,0.02028397565922921,0.14096998258737567,13
4,tv_l_vrn,486,0.01440329218106996,0.11914628552924632,13
4,tv_l_vca,929,0.03444564047362755,0.1823708812447567,13
4,tv_l_yug,936,0.024572649572649572,0.15481871484297155,13
4,tv_l_ova,938,0.005330490405117271,0.0728153574265637,13
4,tv_l_sup,940,0.00425531914893617,0.0650938661309717,13
4,tv_l_pul,939,0.0010649627263045794,0.03261638515679138,13
4,tv_l_ove,486,0.04526748971193416,0.2078902212397546,13
4,fr_antfa,691,0.11143270622286541,0.3146672181952133,13
4,fr_tvs_a,248,0.04435483870967742,0.20588221630999587,13
4,fr_viaje,10,0.0,0.0,13
4,fr_estro,15,0.0,0.0,13
4,fr_varic,25,0.16,0.36660605559646714,13
4,fr_antec,1,0.0,0.0,13
4,ana_dime,181,1.580110497237569,0.5665071707672305,13
4,ana_crea,45,0.9333333333333333,0.2494438257849294,13
4,ana_trop,824,0.8798543689320388,0.3251317554519129,13
4,tension_,60,126.91666666666667,17.765408022959175,13
4,ana_hemo,3,13.433333333333332,1.6131404843417143,13
4,ana_plaq,3,200.33333333333334,67.598487820036,13
4,ana_leuc,15,7.532,3.735054127229394,13
4,ana_neu,1052,6.532091254752852,3.1557681811193525,13
4,protcrea,1317,41.40442672741079,48.591194102813176,13
4,splanchnic,464,0.015086206896551725,0.12189591157223509,13
5,raza,430,2.9232558139534883,0.696281555354343,13
5,ant_inf,21,0.09523809523809523,0.29354352395090366,13
5,ant_isq,22,0.0,0.0,13
5,ant_clau,22,0.13636363636363635,0.3431742925123068,13
5,fum_act,29,0.20689655172413793,0.40508069394726653,13
5,diabetes,20,0.1,0.30000000000000004,13
5,hip_art,21,0.42857142857142855,0.49487165930539345,13
5,insf_car,5,0.2,0.4,13
5,fibr_aur,186,0.021505376344086023,0.14506169422830154,13
5,trat_est,24,0.2916666666666667,0.45452967144315476,13
5,var171,18,0.05555555555555555,0.2290614236454256,13
5,tv_l_esu,360,0.008333333333333333,0.09090593428863096,13
5,tvp_orig,1291,0.2114639814097599,0.4083466247884175,13
5,tv_l_ein,286,0.7412587412587412,0.43794316956227064,13
5,tvp_prox,568,0.8890845070422535,0.314027461187213,13
5,tv_l_svc,474,0.010548523206751054,0.10216286930635657,13
5,tv_l_vre,493,0.008113590263691683,0.08970930786002425,13
5,tv_l_vrn,486,0.01440329218106996,0.11914628552924632,13
5,tv_l_vca,929,0.0581270182992465,0.2339834781408413,13
5,tv_l_yug,936,0.013888888888888888,0.11702985796078279,13
5,tv_l_ova,938,0.007462686567164179,0.08606389996022984,13
5,tv_l_sup,940,0.0031914893617021275,0.05640304741196409,13
5,tv_l_pul,939,0.011714589989350373,0.10759813367680585,13
5,tv_l_ove,486,0.06584362139917696,0.24800854606287018,13
5,fr_antfa,691,0.13314037626628075,0.3397263847185761,13
5,fr_tvs_a,248,0.056451612903225805,0.2307917422782933,13
5,fr_viaje,10,0.1,0.30000000000000004,13
5,fr_estro,15,0.0,0.0,13
5,fr_varic,25,0.08,0.2712931993250107,13
5,fr_antec,1,0.0,0.0,13
5,ana_dime,181,1.6574585635359116,0.48606226404249225,13
5,ana_crea,45,0.8444444444444444,0.36243347622889094,13
5,ana_trop,824,0.8762135922330098,0.3293377187920246,13
5,tension_,60,132.96666666666667,26.035211199877416,13
5,ana_hemo,3,13.866666666666665,0.7845734863959882,13
5,ana_plaq,3,178.66666666666666,49.34459330959056,13
5,ana_leuc,15,8.123333333333331,3.658760567308127,13
5,ana_neu,1052,6.452309885931559,3.124641072463742,13
5,protcrea,1317,33.193978739559604,47.64802222052099,13
5,splanchnic,464,0.015086206896551725,0.12189591157223509,13
1,raza,430,2.8976744186046512,0.6278380668474965,14
1,ant_inf,21,0.09523809523809523,0.2935435239509036,14
1,ant_isq,22,0.045454545454545456,0.2082988952252655,14
1,ant_clau,22,0.045454545454545456,0.20829889522526548,14
1,fum_act,29,0.3103448275862069,0.46263475396547377,14
1,diabetes,20,0.15,0.3570714214271425,14
1,hip_art,21,0.42857142857142855,0.49487165930539345,14
1,insf_car,5,0.0,0.0,14
1,fibr_aur,186,0.016129032258064516,0.1259717689662364,14
1,trat_est,24,0.2916666666666667,0.45452967144315476,14
1,var171,18,0.0,0.0,14
1,tv_l_esu,360,0.019444444444444445,0.13808098357373966,14
1,tvp_orig,1291,0.2641363284275755,0.4408722359509334,14
1,tv_l_ein,286,0.7202797202797203,0.4488617212833906,14
1,tvp_prox,568,0.8943661971830986,0.3073683498985239,14
1,tv_l_svc,474,0.002109704641350211,0.045883044664412544,14
1,tv_l_vre,493,0.010141987829614604,0.10019544856169145,14
1,tv_l_vrn,486,0.006172839506172839,0.0783245527188242,14
1,tv_l_vca,929,0.03552206673842842,0.18509524443663877,14
1,tv_l_yug,936,0.016025641025641024,0.12557396169333163,14
1,tv_l_ova,938,0.008528784648187633,0.09195675331704832,14
1,tv_l_sup,940,0.0,0.0,14
1,tv_l_pul,939,0.005324813631522897,0.0727767819521614,14
1,tv_l_ove,486,0.0411522633744856,0.1986422779612703,14
1,fr_antfa,691,0.11287988422575977,0.31644591317149107,14
1,fr_tvs_a,248,0.036290322580645164,0.18701159073072948,14
1,fr_viaje,10,0.0,0.0,14
1,fr_estro,15,0.13333333333333333,0.33993463423951903,14
1,fr_varic,25,0.28,0.448998886412873,14
1,fr_antec,1,0.0,0.0,14
1,ana_dime,181,1.6685082872928176,0.5047317390301104,14
1,ana_crea,45,0.8444444444444444,0.36243347622889094,14
1,ana_trop,824,0.8810679611650486,0.3237085247155426,14
1,tension_,60,131.53333333333333,18.307982472741834,14
1,ana_hemo,3,14.533333333333333,0.8259674462242573,14
1,ana_plaq,3,202.33333333333334,97.15394427859782,14
1,ana_leuc,15,9.081333333333333,2.8255993267899036,14
1,ana_neu,1052,6.564800380228137,3.061210876825589,14
1,protcrea,1317,69.3047760060744,54.808548539978375,14
1,splanchnic,464,0.008620689655172414,0.0924465973686518,14
2,raza,430,2.9093023255813955,0.6742140828620203,14
2,ant_inf,21,0.047619047619047616,0.21295885499998,14
2,ant_isq,22,0.045454545454545456,0.2082988952252655,14
2,ant_clau,22,0.045454545454545456,0.2082988952252655,14
2,fum_act,29,0.20689655172413793,0.40508069394726653,14
2,diabetes,20,0.2,0.4000000000000001,14
2,hip_art,21,0.5714285714285714,0.4948716593053935,14
2,insf_car,5,0.0,0.0,14
2,fibr_aur,186,0.03225806451612903,0.17668469596940845,14
2,trat_est,24,0.20833333333333334,0.4061164310337068,14
2,var171,18,0.05555555555555555,0.2290614236454256,14
2,tv_l_esu,360,0.022222222222222223,0.14740554623801774,14
2,tvp_orig,1291,0.2587141750580945,0.4379282483262573,14
2,tv_l_ein,286,0.7587412587412588,0.4278468896988606,14
2,tvp_prox,568,0.8556338028169014,0.3514606639355097,14
2,tv_l_svc,474,0.002109704641350211,0.045883044664412544,14
2,tv_l_vre,493,0.014198782961460446,0.118309667922253,14
2,tv_l_vrn,486,0.01440329218106996,0.11914628552924633,14
2,tv_l_vca,929,0.06350914962325081,0.24387648008240226,14
2,tv_l_yug,936,0.017094017094017096,0.12962180246241967,14
2,tv_l_ova,938,0.019189765458422176,0.13719153895219968,14
2,tv_l_sup,940,0.00425531914893617,0.0650938661309717,14
2,tv_l_pul,939,0.0010649627263045794,0.03261638515679138,14
2,tv_l_ove,486,0.03909465020576132,0.19382017059906456,14
2,fr_antfa,691,0.10998552821997105,0.3128717178048297,14
2,fr_tvs_a,248,0.04435483870967742,0.20588221630999587,14
2,fr_viaje,10,0.0,0.0,14
2,fr_estro,15,0.0,0.0,14
2,fr_varic,25,0.08,0.2712931993250107,14
2,fr_antec,1,0.0,0.0,14
2,ana_dime,181,1.4861878453038675,0.5622344412467867,14
2,ana_crea,45,0.9333333333333333,0.2494438257849294,14
2,ana_trop,824,0.8592233009708737,0.3477910580213198,14
2,tension_,60,135.81666666666666,18.237773682357417,14
2,ana_hemo,3,14.233333333333334,2.5460208605237757,14
2,ana_plaq,3,184.0,31.790984046843636,14
2,ana_leuc,15,8.050666666666668,2.6749665833842156,14
2,ana_neu,1052,6.400617870722434,3.0383354987602416,14
2,protcrea,1317,29.021192103264998,41.46791892653275,14
2,splanchnic,464,0.008620689655172414,0.0924465973686518,14
3,raza,430,2.941860465116279,0.6242139459331698,14
3,ant_inf,21,0.047619047619047616,0.21295885499998,14
3,ant_isq,22,0.09090909090909091,0.28747978728803447,14
3,ant_clau,22,0.045454545454545456,0.2082988952252655,14
3,fum_act,29,0.1724137931034483,0.377739694831149,14
3,diabetes,20,0.15,0.3570714214271425,14
3,hip_art,21,0.42857142857142855,0.49487165930539345,14
3,insf_car,5,0.0,0.0,14
3,fibr_aur,186,0.016129032258064516,0.12597176896623638,14
3,trat_est,24,0.041666666666666664,0.19982631347136334,14
3,var171,18,0.05555555555555555,0.2290614236454256,14
3,tv_l_esu,360,0.022222222222222223,0.14740554623801777,14
3,tvp_orig,1291,0.22850503485670023,0.4198696034506885,14
3,tv_l_ein,286,0.7272727272727273,0.4453617714151233,14
3,tvp_prox,568,0.8732394366197183,0.3327045580568371,14
3,tv_l_svc,474,0.006329113924050633,0.07930357016545359,14
3,tv_l_vre,493,0.010141987829614604,0.10019544856169145,14
3,tv_l_vrn,486,0.006172839506172839,0.0783245527188242,14
3,tv_l_vca,929,0.02798708288482239,0.16493576348512312,14
3,tv_l_yug,936,0.022435897435897436,0.14809634682240924,14
3,tv_l_ova,938,0.01279317697228145,0.11238109981325747,14
3,tv_l_sup,940,0.0010638297872340426,0.032599049885201195,14
3,tv_l_pul,939,0.004259850905218318,0.06512836997410291,14
3,tv_l_ove,486,0.08024691358024691,0.27167507511932576,14
3,fr_antfa,691,0.14037626628075253,0.34737698563063707,14
3,fr_tvs_a,248,0.036290322580645164,0.18701159073072948,14
3,fr_viaje,10,0.0,0.0,14
3,fr_estro,15,0.0,0.0,14
3,fr_varic,25,0.08,0.2712931993250107,14
3,fr_antec,1,0.0,0.0,14
3,ana_dime,181,1.558011049723757,0.5183957615796642,14
3,ana_crea,45,0.9333333333333333,0.24944382578492943,14
3,ana_trop,824,0.8543689320388349,0.3527359635841738,14
3,tension_,60,134.06666666666666,21.601594591346466,14
3,ana_hemo,3,15.6,1.8832595855767384,14
3,ana_plaq,3,163.66666666666666,38.43898484033567,14
3,ana_leuc,15,7.7379999999999995,2.678161558482485,14
3,ana_neu,1052,6.592870722433461,3.0892154692132556,14
3,protcrea,1317,43.862012148823084,50.34043088715253,14
3,splanchnic,464,0.008620689655172414,0.0924465973686518,14
4,raza,430,2.9627906976744187,0.7044784499366143,14
4,ant_inf,21,0.047619047619047616,0.21295885499998,14
4,ant_isq,22,0.045454545454545456,0.2082988952252655,14
4,ant_clau,22,0.045454545454545456,0.2082988952252655,14
4,fum_act,29,0.1724137931034483,0.377739694831149,14
4,diabetes,20,0.0,0.0,14
4,hip_art,21,0.23809523809523808,0.4259177099999599,14
4,insf_car,5,0.0,0.0,14
4,fibr_aur,186,0.005376344086021506,0.0731261855308357,14
4,trat_est,24,0.16666666666666666,0.372677996249965,14
4,var171,18,0.0,0.0,14
4,tv_l_esu,360,0.002777777777777778,0.05263137589304561,14
4,tvp_orig,1291,0.17118512780790085,0.376670651664413,14
4,tv_l_ein,286,0.7062937062937062,0.4554590066554904,14
4,tvp_prox,568,0.8943661971830986,0.3073683498985239,14
4,tv_l_svc,474,0.006329113924050633,0.07930357016545357,14
4,tv_l_vre,493,0.014198782961460446,0.118309667922253,14
4,tv_l_vrn,486,0.00411522633744856,0.06401789788520185,14
4,tv_l_vca,929,0.060279870828848225,0.23800463861384213,14
4,tv_l_yug,936,0.014957264957264958,0.12138181569849386,14
4,tv_l_ova,938,0.005330490405117271,0.07281535742656368,14
4,tv_l_sup,940,0.011702127659574468,0.1075415634432264,14
4,tv_l_pul,939,0.005324813631522897,0.0727767819521614,14
4,tv_l_ove,486,0.03292181069958848,0.17843196204673908,14
4,fr_antfa,691,0.08972503617945007,0.2857874281035582,14
4,fr_tvs_a,248,0.05241935483870968,0.2228711871844432,14
4,fr_viaje,10,0.0,0.0,14
4,fr_estro,15,0.06666666666666667,0.24944382578492946,14
4,fr_varic,25,0.2,0.4,14
4,fr_antec,1,0.0,0.0,14
4,ana_dime,181,1.591160220994475,0.5449205748480863,14
4,ana_crea,45,0.8222222222222222,0.3823255674241168,14
4,ana_trop,824,0.8543689320388349,0.3527359635841738,14
4,tension_,60,128.63333333333333,21.7071160887136,14
4,ana_hemo,3,13.700000000000001,0.9092121131323901,14
4,ana_plaq,3,205.0,32.072833779799794,14
4,ana_leuc,15,7.310666666666668,2.860311094191602,14
4,ana_neu,1052,6.58462927756654,3.1902780603120795,14
4,protcrea,1317,76.34435079726653,52.748627655051045,14
4,splanchnic,464,0.01939655172413793,0.13791419617048414,14
5,raza,430,2.9465116279069767,0.5940984325338777,14
5,ant_inf,21,0.047619047619047616,0.21295885499998,14
5,ant_isq,22,0.0,0.0,14
5,ant_clau,22,0.0,0.0,14
5,fum_act,29,0.3448275862068966,0.4753120259341455,14
5,diabetes,20,0.1,0.30000000000000004,14
5,hip_art,21,0.3333333333333333,0.4714045207910316,14
5,insf_car,5,0.0,0.0,14
5,fibr_aur,186,0.005376344086021506,0.0731261855308357,14
5,trat_est,24,0.08333333333333333,0.2763853991962833,14
5,var171,18,0.0,0.0,14
5,tv_l_esu,360,0.011111111111111112,0.10482201257840672,14
5,tvp_orig,1291,0.21843532145623548,0.4131843799038712,14
5,tv_l_ein,286,0.7237762237762237,0.44712884236252687,14
5,tvp_prox,568,0.8961267605633803,0.30509603334943963,14
5,tv_l_svc,474,0.008438818565400843,0.09147461345434091,14
5,tv_l_vre,493,0.012170385395537525,0.10964609940559499,14
5,tv_l_vrn,486,0.00411522633744856,0.06401789788520183,14
5,tv_l_vca,929,0.03659849300322928,0.18777391542256838,14
5,tv_l_yug,936,0.014957264957264958,0.12138181569849386,14
5,tv_l_ova,938,0.0042643923240938165,0.06516292874173187,14
5,tv_l_sup,940,0.00851063829787234,0.09185971551031025,14
5,tv_l_pul,939,0.0,0.0,14
5,tv_l_ove,486,0.04938271604938271,0.2166657873430154,14
5,fr_antfa,691,0.13314037626628075,0.339726384718576,14
5,fr_tvs_a,248,0.020161290322580645,0.14055181498333366,14
5,fr_viaje,10,0.0,0.0,14
5,fr_estro,15,0.06666666666666667,0.24944382578492946,14
5,fr_varic,25,0.24,0.4270831300812524,14
5,fr_antec,1,1.0,0.0,14
5,ana_dime,181,1.558011049723757,0.5691948562735702,14
5,ana_crea,45,0.8,0.4,14
5,ana_trop,824,0.8871359223300971,0.3164265754351632,14
5,tension_,60,131.23333333333332,22.371385493278883,14
5,ana_hemo,3,13.433333333333332,0.7318166133366716,14
5,ana_plaq,3,160.66666666666666,55.76338902501852,14
5,ana_leuc,15,7.2973333333333334,3.1941226581888738,14
5,ana_neu,1052,6.603507604562738,3.095541525402866,14
5,protcrea,1317,21.436249050873197,36.57231489678879,14
5,splanchnic,464,0.017241379310344827,0.13016955922880602,14
1,raza,430,2.937209302325581,0.6385023377109156,15
1,ant_inf,21,0.0,0.0,15
1,ant_isq,22,0.0,0.0,15
1,ant_clau,22,0.0,0.0,15
1,fum_act,29,0.3103448275862069,0.46263475396547377,15
1,diabetes,20,0.1,0.30000000000000004,15
1,hip_art,21,0.23809523809523808,0.4259177099999599,15
1,insf_car,5,0.0,0.0,15
1,fibr_aur,186,0.021505376344086023,0.14506169422830154,15
1,trat_est,24,0.25,0.4330127018922193,15
1,var171,18,0.0,0.0,15
1,tv_l_esu,360,0.013888888888888888,0.11702985796078279,15
1,tvp_orig,1291,0.2517428350116189,0.43401426247524605,15
1,tv_l_ein,286,0.6958041958041958,0.4600659919027619,15
1,tvp_prox,568,0.8890845070422535,0.31402746118721303,15
1,tv_l_svc,474,0.006329113924050633,0.07930357016545357,15
1,tv_l_vre,493,0.010141987829614604,0.10019544856169144,15
1,tv_l_vrn,486,0.01440329218106996,0.11914628552924632,15
1,tv_l_vca,929,0.0581270182992465,0.23398347814084128,15
1,tv_l_yug,936,0.008547008547008548,0.09205409926725647,15
1,tv_l_ova,938,0.005330490405117271,0.0728153574265637,15
1,tv_l_sup,940,0.002127659574468085,0.046077463463207916,15
1,tv_l_pul,939,0.005324813631522897,0.07277678195216139,15
1,tv_l_ove,486,0.0411522633744856,0.1986422779612703,15
1,fr_antfa,691,0.12156295224312591,0.3267803557208747,15
1,fr_tvs_a,248,0.04435483870967742,0.20588221630999584,15
1,fr_viaje,10,0.0,0.0,15
1,fr_estro,15,0.0,0.0,15
1,fr_varic,25,0.2,0.4,15
1,fr_antec,1,0.0,0.0,15
1,ana_dime,181,1.5138121546961325,0.5523204171196104,15
1,ana_crea,45,0.8666666666666667,0.33993463423951903,15
1,ana_trop,824,0.8883495145631068,0.3149359530739533,15
1,tension_,60,134.38333333333333,20.59133447728815,15
1,ana_hemo,3,12.633333333333333,1.1085526098877265,15
1,ana_plaq,3,278.6666666666667,29.95923155816176,15
1,ana_leuc,15,8.754,3.1377843563040893,15
1,ana_neu,1052,6.50227186311787,3.0567406767460206,15
1,protcrea,1317,58.60977980258161,56.60422302366216,15
1,splanchnic,464,0.010775862068965518,0.10324603075003001,15
2,raza,430,3.0093023255813955,0.6022492543899047,15
2,ant_inf,21,0.0,0.0,15
2,ant_isq,22,0.0,0.0,15
2,ant_clau,22,0.0,0.0,15
2,fum_act,29,0.20689655172413793,0.4050806939472666,15
2,diabetes,20,0.05,0.21794494717703364,15
2,hip_art,21,0.42857142857142855,0.49487165930539345,15
2,insf_car,5,0.0,0.0,15
2,fibr_aur,186,0.026881720430107527,0.1617377307149605,15
2,trat_est,24,0.16666666666666666,0.372677996249965,15
2,var171,18,0.0,0.0,15
2,tv_l_esu,360,0.002777777777777778,0.05263137589304561,15
2,tvp_orig,1291,0.2517428350116189,0.43401426247524605,15
2,tv_l_ein,286,0.7972027972027972,0.40208269962140003,15
2,tvp_prox,568,0.8714788732394366,0.3346691601219906,15
2,tv_l_svc,474,0.012658227848101266,0.11179444134592212,15
2,tv_l_vre,493,0.014198782961460446,0.118309667922253,15
2,tv_l_vrn,486,0.0102880658436214,0.10090699452871792,15
2,tv_l_vca,929,0.0688912809472551,0.25326916977141434,15
2,tv_l_yug,936,0.009615384615384616,0.09758549581819442,15
2,tv_l_ova,938,0.015991471215351813,0.12544219411234958,15
2,tv_l_sup,940,0.00425531914893617,0.0650938661309717,15
2,tv_l_pul,939,0.0010649627263045794,0.03261638515679138,15
2,tv_l_ove,486,0.05555555555555555,0.2290614236454256,15
2,fr_antfa,691,0.13603473227206947,0.34282544229933676,15
2,fr_tvs_a,248,0.06854838709677419,0.2526845973208596,15
2,fr_viaje,10,0.1,0.30000000000000004,15
2,fr_estro,15,0.0,0.0,15
2,fr_varic,25,0.04,0.19595917942265426,15
2,fr_antec,1,0.0,0.0,15
2,ana_dime,181,1.5469613259668509,0.5892725580540722,15
2,ana_crea,45,0.8444444444444444,0.36243347622889094,15
2,ana_trop,824,0.8737864077669902,0.33208992964052564,15
2,tension_,60,132.2,17.417232845661793,15
2,ana_hemo,3,13.299999999999999,2.760434748368452,15
2,ana_plaq,3,280.0,131.40268896284684,15
2,ana_leuc,15,9.118666666666666,3.4753932471336566,15
2,ana_neu,1052,6.608422053231939,3.089775635813343,15
2,protcrea,1317,31.92144267274108,45.987250130141625,15
2,splanchnic,464,0.021551724137931036,0.1452144873096812,15
3,raza,430,2.9674418604651165,0.6052948273487418,15
3,ant_inf,21,0.0,0.0,15
3,ant_isq,22,0.09090909090909091,0.28747978728803447,15
3,ant_clau,22,0.0,0.0,15
3,fum_act,29,0.20689655172413793,0.40508069394726653,15
3,diabetes,20,0.05,0.21794494717703364,15
3,hip_art,21,0.38095238095238093,0.4856209060564557,15
3,insf_car,5,0.0,0.0,15
3,fibr_aur,186,0.03763440860215054,0.19031043032718128,15
3,trat_est,24,0.041666666666666664,0.19982631347136334,15
3,var171,18,0.05555555555555555,0.2290614236454256,15
3,tv_l_esu,360,0.013888888888888888,0.11702985796078277,15
3,tvp_orig,1291,0.20526723470178157,0.40389676534934676,15
3,tv_l_ein,286,0.7727272727272727,0.4190702026042222,15
3,tvp_prox,568,0.8679577464788732,0.33853669934910935,15
3,tv_l_svc,474,0.010548523206751054,0.10216286930635658,15
3,tv_l_vre,493,0.012170385395537525,0.10964609940559497,15
3,tv_l_vrn,486,0.012345679012345678,0.11042310999998962,15
3,tv_l_vca,929,0.0581270182992465,0.2339834781408413,15
3,tv_l_yug,936,0.018162393162393164,0.13353846126493973,15
3,tv_l_ova,938,0.0042643923240938165,0.06516292874173187,15
3,tv_l_sup,940,0.007446808510638298,0.08597298153282915,15
3,tv_l_pul,939,0.008519701810436636,0.09190819599740753,15
3,tv_l_ove,486,0.051440329218107,0.2208941414977766,15
3,fr_antfa,691,0.13603473227206947,0.34282544229933676,15
3,fr_tvs_a,248,0.06451612903225806,0.24567010018915833,15
3,fr_viaje,10,0.0,0.0,15
3,fr_estro,15,0.0,0.0,15
3,fr_varic,25,0.24,0.4270831300812524,15
3,fr_antec,1,1.0,0.0,15
3,ana_dime,181,1.5414364640883977,0.5092472319028911,15
3,ana_crea,45,0.8666666666666667,0.33993463423951903,15
3,ana_trop,824,0.8822815533980582,0.32227443884299534,15
3,tension_,60,137.31666666666666,22.74459032141245,15
3,ana_hemo,3,14.633333333333333,1.7931970208417023,15
3,ana_plaq,3,250.0,29.43920288775949,15
3,ana_leuc,15,8.767333333333333,3.0317947746434872,15
3,ana_neu,1052,6.786359315589354,2.988587760540293,15
3,protcrea,1317,66.76025056947609,57.04182316769063,15
3,splanchnic,464,0.01293103448275862,0.11297708984552722,15
4,raza,430,2.8767441860465115,0.6724952526165366,15
4,ant_inf,21,0.0,0.0,15
4,ant_isq,22,0.045454545454545456,0.2082988952252655,15
4,ant_clau,22,0.045454545454545456,0.2082988952252655,15
4,fum_act,29,0.2413793103448276,0.42791978089623633,15
4,diabetes,20,0.0,0.0,15
4,hip_art,21,0.2857142857142857,0.45175395145262565,15
4,insf_car,5,0.0,0.0,15
4,fibr_aur,186,0.03225806451612903,0.17668469596940845,15
4,trat_est,24,0.125,0.33071891388307384,15
4,var171,18,0.05555555555555555,0.2290614236454256,15
4,tv_l_esu,360,0.022222222222222223,0.14740554623801774,15
4,tvp_orig,1291,0.1603408210689388,0.36692184749327394,15
4,tv_l_ein,286,0.7517482517482518,0.4319986316433177,15
4,tvp_prox,568,0.8820422535211268,0.3225580824045479,15
4,tv_l_svc,474,0.016877637130801686,0.1288129748731962,15
4,tv_l_vre,493,0.012170385395537525,0.10964609940559499,15
4,tv_l_vrn,486,0.00823045267489712,0.09034773004156439,15
4,tv_l_vca,929,0.024757804090419805,0.15538614876185136,15
4,tv_l_yug,936,0.018162393162393164,0.13353846126493973,15
4,tv_l_ova,938,0.0042643923240938165,0.06516292874173187,15
4,tv_l_sup,940,0.01702127659574468,0.12935050343464394,15
4,tv_l_pul,939,0.0,0.0,15
4,tv_l_ove,486,0.051440329218107,0.2208941414977766,15
4,fr_antfa,691,0.16642547033285093,0.37246212311769406,15
4,fr_tvs_a,248,0.06048387096774194,0.23838114925576534,15
4,fr_viaje,10,0.0,0.0,15
4,fr_estro,15,0.0,0.0,15
4,fr_varic,25,0.2,0.4,15
4,fr_antec,1,0.0,0.0,15
4,ana_dime,181,1.580110497237569,0.5665071707672305,15
4,ana_crea,45,0.9111111111111111,0.28458329944145994,15
4,ana_trop,824,0.8652912621359223,0.34141220512328624,15
4,tension_,60,131.68333333333334,20.754510888532696,15
4,ana_hemo,3,13.4,1.314026889628468,15
4,ana_plaq,3,190.66666666666666,23.041026211713937,15
4,ana_leuc,15,8.696,2.6720124750207788,15
4,ana_neu,1052,6.424562737642586,3.147138101649634,15
4,protcrea,1317,72.37859529233106,61.40703885082059,15
4,splanchnic,464,0.015086206896551725,0.12189591157223509,15
5,raza,430,2.9604651162790696,0.629373824983073,15
5,ant_inf,21,0.047619047619047616,0.21295885499998,15
5,ant_isq,22,0.0,0.0,15
5,ant_clau,22,0.0,0.0,15
5,fum_act,29,0.1724137931034483,0.377739694831149,15
5,diabetes,20,0.15,0.3570714214271425,15
5,hip_art,21,0.42857142857142855,0.49487165930539345,15
5,insf_car,5,0.0,0.0,15
5,fibr_aur,186,0.026881720430107527,0.1617377307149605,15
5,trat_est,24,0.16666666666666666,0.372677996249965,15
5,var171,18,0.0,0.0,15
5,tv_l_esu,360,0.008333333333333333,0.09090593428863097,15
5,tvp_orig,1291,0.1611154144074361,0.36763737248511097,15
5,tv_l_ein,286,0.7517482517482518,0.4319986316433177,15
5,tvp_prox,568,0.8961267605633803,0.30509603334943963,15
5,tv_l_svc,474,0.008438818565400843,0.09147461345434091,15
5,tv_l_vre,493,0.02028397565922921,0.14096998258737567,15
5,tv_l_vrn,486,0.00823045267489712,0.09034773004156439,15
5,tv_l_vca,929,0.04951560818083961,0.21694195704685892,15
5,tv_l_yug,936,0.019230769230769232,0.13733516208736252,15
5,tv_l_ova,938,0.011727078891257996,0.10765479326038488,15
5,tv_l_sup,940,0.0,0.0,15
5,tv_l_pul,939,0.008519701810436636,0.09190819599740753,15
5,tv_l_ove,486,0.053497942386831275,0.22502424879822738,15
5,fr_antfa,691,0.14037626628075253,0.34737698563063707,15
5,fr_tvs_a,248,0.04032258064516129,0.19671469222016885,15
5,fr_viaje,10,0.2,0.4000000000000001,15
5,fr_estro,15,0.06666666666666667,0.24944382578492943,15
5,fr_varic,25,0.24,0.4270831300812524,15
5,fr_antec,1,1.0,0.0,15
5,ana_dime,181,1.5635359116022098,0.5386669499463472,15
5,ana_crea,45,0.9111111111111111,0.2845832994414599,15
5,ana_trop,824,0.8507281553398058,0.3563562277440048,15
5,tension_,60,132.26666666666668,19.354471203201484,15
5,ana_hemo,3,15.033333333333333,0.20548046676563259,15
5,ana_plaq,3,238.33333333333334,44.81319250201019,15
5,ana_leuc,15,8.376,2.6342052564926166,15
5,ana_neu,1052,6.822442965779468,3.255870396026304,15
5,protcrea,1317,81.80766135155658,57.492777792095765,15
5,splanchnic,464,0.02586206896551724,0.15872372965105147,15
1,raza,430,2.925581395348837,0.6498991060356678,16
1,ant_inf,21,0.047619047619047616,0.21295885499998,16
1,ant_isq,22,0.045454545454545456,0.2082988952252655,16
1,ant_clau,22,0.045454545454545456,0.2082988952252655,16
1,fum_act,29,0.13793103448275862,0.3448275862068965,16
1,diabetes,20,0.1,0.30000000000000004,16
1,hip_art,21,0.38095238095238093,0.4856209060564557,16
1,insf_car,5,0.0,0.0,16
1,fibr_aur,186,0.016129032258064516,0.12597176896623635,16
1,trat_est,24,0.16666666666666666,0.372677996249965,16
1,var171,18,0.05555555555555555,0.2290614236454256,16
1,tv_l_esu,360,0.011111111111111112,0.10482201257840673,16
1,tvp_orig,1291,0.18590240123934934,0.3890278890424096,16
1,tv_l_ein,286,0.7552447552447552,0.429941990180123,16
1,tvp_prox,568,0.8820422535211268,0.3225580824045479,16
1,tv_l_svc,474,0.006329113924050633,0.07930357016545357,16
1,tv_l_vre,493,0.002028397565922921,0.04499203450876032,16
1,tv_l_vrn,486,0.00205761316872428,0.0453142295175828,16
1,tv_l_vca,929,0.0688912809472551,0.2532691697714143,16
1,tv_l_yug,936,0.029914529914529916,0.1703515506666218,16
1,tv_l_ova,938,0.0010660980810234541,0.032633748113036175,16
1,tv_l_sup,940,0.002127659574468085,0.04607746346320792,16
1,tv_l_pul,939,0.008519701810436636,0.09190819599740753,16
1,tv_l_ove,486,0.043209876543209874,0.20332924804939018,16
1,fr_antfa,691,0.10998552821997105,0.3128717178048297,16
1,fr_tvs_a,248,0.036290322580645164,0.18701159073072948,16
1,fr_viaje,10,0.0,0.0,16
1,fr_estro,15,0.0,0.0,16
1,fr_varic,25,0.16,0.36660605559646714,16
1,fr_antec,1,0.0,0.0,16
1,ana_dime,181,1.5193370165745856,0.571816531842458,16
1,ana_crea,45,0.9111111111111111,0.28458329944145994,16
1,ana_trop,824,0.8640776699029126,0.34270606980044255,16
1,tension_,60,132.01666666666668,17.963380961154154,16
1,ana_hemo,3,14.700000000000001,0.8286535263104036,16
1,ana_plaq,3,252.0,64.19241907473706,16
1,ana_leuc,15,7.998,2.7007263220598023,16
1,ana_neu,1052,6.55777566539924,3.053655976726701,16
1,protcrea,1317,26.323621867881553,40.302600587815604,16
1,splanchnic,464,0.02586206896551724,0.15872372965105147,16
2,raza,430,2.883720930232558,0.6650512246604696,16
2,ant_inf,21,0.047619047619047616,0.21295885499998,16
2,ant_isq,22,0.0,0.0,16
2,ant_clau,22,0.0,0.0,16
2,fum_act,29,0.06896551724137931,0.2533954906327426,16
2,diabetes,20,0.05,0.21794494717703364,16
2,hip_art,21,0.23809523809523808,0.4259177099999599,16
2,insf_car,5,0.0,0.0,16
2,fibr_aur,186,0.016129032258064516,0.12597176896623638,16
2,trat_est,24,0.20833333333333334,0.4061164310337068,16
2,var171,18,0.0,0.0,16
2,tv_l_esu,360,0.011111111111111112,0.10482201257840673,16
2,tvp_orig,1291,0.40123934934159566,0.4901492975426249,16
2,tv_l_ein,286,0.7692307692307693,0.4213250442347432,16
2,tvp_prox,568,0.8609154929577465,0.3460346903752092,16
2,tv_l_svc,474,0.010548523206751054,0.10216286930635657,16
2,tv_l_vre,493,0.006085192697768763,0.07776993717111891,16
2,tv_l_vrn,486,0.00205761316872428,0.0453142295175828,16
2,tv_l_vca,929,0.03229278794402583,0.176776592881603,16
2,tv_l_yug,936,0.022435897435897436,0.14809634682240921,16
2,tv_l_ova,938,0.006396588486140725,0.07972246949185466,16
2,tv_l_sup,940,0.00425531914893617,0.0650938661309717,16
2,tv_l_pul,939,0.005324813631522897,0.0727767819521614,16
2,tv_l_ove,486,0.030864197530864196,0.17294970032249257,16
2,fr_antfa,691,0.1577424023154848,0.3644992960586132,16
2,fr_tvs_a,248,0.04838709677419355,0.21458281767177534,16
2,fr_viaje,10,0.0,0.0,16
2,fr_estro,15,0.13333333333333333,0.33993463423951903,16
2,fr_varic,25,0.2,0.4,16
2,fr_antec,1,0.0,0.0,16
2,ana_dime,181,1.5966850828729282,0.5232601322674729,16
2,ana_crea,45,0.9111111111111111,0.28458329944145994,16
2,ana_trop,824,0.8434466019417476,0.3633791843442147,16
2,tension_,60,132.9,21.666179481702198,16
2,ana_hemo,3,13.700000000000001,0.8602325267042626,16
2,ana_plaq,3,195.33333333333334,30.5650490302604,16
2,ana_leuc,15,8.34,4.09528997752296,16
2,ana_neu,1052,6.676378326996198,3.255335763468081,16
2,protcrea,1317,18.691966590736524,33.22166650379984,16
2,splanchnic,464,0.008620689655172414,0.0924465973686518,16
3,raza,430,2.953488372093023,0.6735359099244933,16
3,ant_inf,21,0.047619047619047616,0.21295885499997996,16
3,ant_isq,22,0.045454545454545456,0.2082988952252655,16
3,ant_clau,22,0.045454545454545456,0.2082988952252655,16
3,fum_act,29,0.20689655172413793,0.40508069394726653,16
3,diabetes,20,0.1,0.30000000000000004,16
3,hip_art,21,0.5238095238095238,0.49943278484292924,16
3,insf_car,5,0.0,0.0,16
3,fibr_aur,186,0.005376344086021506,0.0731261855308357,16
3,trat_est,24,0.3333333333333333,0.4714045207910317,16
3,var171,18,0.05555555555555555,0.2290614236454256,16
3,tv_l_esu,360,0.022222222222222223,0.14740554623801777,16
3,tvp_orig,1291,0.21920991479473276,0.4137111650057547,16
3,tv_l_ein,286,0.7692307692307693,0.42132504423474315,16
3,tvp_prox,568,0.8943661971830986,0.3073683498985239,16
3,tv_l_svc,474,0.012658227848101266,0.11179444134592212,16
3,tv_l_vre,493,0.006085192697768763,0.07776993717111892,16
3,tv_l_vrn,486,0.012345679012345678,0.11042310999998962,16
3,tv_l_vca,929,0.07319698600645856,0.26045956931168585,16
3,tv_l_yug,936,0.028846153846153848,0.16737399216855012,16
3,tv_l_ova,938,0.0,0.0,16
3,tv_l_sup,940,0.0,0.0,16
3,tv_l_pul,939,0.006389776357827476,0.07968028059642125,16
3,tv_l_ove,486,0.06995884773662552,0.25507764966768287,16
3,fr_antfa,691,0.15195369030390737,0.35897599683952636,16
3,fr_tvs_a,248,0.06048387096774194,0.2383811492557653,16
3,fr_viaje,10,0.1,0.30000000000000004,16
3,fr_estro,15,0.13333333333333333,0.339934634239519,16
3,fr_varic,25,0.2,0.4,16
3,fr_antec,1,0.0,0.0,16
3,ana_dime,181,1.5856353591160222,0.5355982452330237,16
3,ana_crea,45,0.9555555555555556,0.20608041101101565,16
3,ana_trop,824,0.8677184466019418,0.33879661159559277,16
3,tension_,60,133.06666666666666,19.679826105826123,16
3,ana_hemo,3,15.266666666666666,0.18856180831641284,16
3,ana_plaq,3,205.33333333333334,50.690783733885546,16
3,ana_leuc,15,8.615333333333334,4.5763025346767545,16
3,ana_neu,1052,6.9269391634980995,3.210108461516832,16
3,protcrea,1317,40.5529840546697,49.88718857007752,16
3,splanchnic,464,0.032327586206896554,0.17686863310641665,16
4,raza,430,2.902325581395349,0.5864708688786396,16
4,ant_inf,21,0.09523809523809523,0.29354352395090366,16
4,ant_isq,22,0.045454545454545456,0.2082988952252655,16
4,ant_clau,22,0.09090909090909091,0.28747978728803447,16
4,fum_act,29,0.13793103448275862,0.3448275862068965,16
4,diabetes,20,0.1,0.30000000000000004,16
4,hip_art,21,0.3333333333333333,0.4714045207910317,16
4,insf_car,5,0.0,0.0,16
4,fibr_aur,186,0.021505376344086023,0.14506169422830154,16
4,trat_est,24,0.16666666666666666,0.372677996249965,16
4,var171,18,0.05555555555555555,0.2290614236454256,16
4,tv_l_esu,360,0.005555555555555556,0.07432826755699806,16
4,tvp_orig,1291,0.3005422153369481,0.4584938299882645,16
4,tv_l_ein,286,0.7307692307692307,0.4435600997950306,16
4,tvp_prox,568,0.8609154929577465,0.3460346903752092,16
4,tv_l_svc,474,0.004219409282700422,0.06481979534066336,16
4,tv_l_vre,493,0.008113590263691683,0.08970930786002425,16
4,tv_l_vrn,486,0.01646090534979424,0.12723971056576383,16
4,tv_l_vca,929,0.06350914962325081,0.24387648008240229,16
4,tv_l_yug,936,0.008547008547008548,0.09205409926725647,16
4,tv_l_ova,938,0.006396588486140725,0.07972246949185466,16
4,tv_l_sup,940,0.0,0.0,16
4,tv_l_pul,939,0.010649627263045794,0.10264605546344187,16
4,tv_l_ove,486,0.03497942386831276,0.18372768918743218,16
4,fr_antfa,691,0.16063675832127353,0.36719557486073584,16
4,fr_tvs_a,248,0.04435483870967742,0.20588221630999587,16
4,fr_viaje,10,0.0,0.0,16
4,fr_estro,15,0.0,0.0,16
4,fr_varic,25,0.16,0.36660605559646714,16
4,fr_antec,1,0.0,0.0,16
4,ana_dime,181,1.6187845303867403,0.5292344757935048,16
4,ana_crea,45,0.8666666666666667,0.33993463423951903,16
4,ana_trop,824,0.8677184466019418,0.33879661159559277,16
4,tension_,60,130.83333333333334,22.89626364472791,16
4,ana_hemo,3,13.6,3.0474032661705053,16
4,ana_plaq,3,198.0,42.833009077890694,16
4,ana_leuc,15,8.067333333333334,3.155812556044622,16
4,ana_neu,1052,6.546349809885932,2.9988557677313956,16
4,protcrea,1317,68.01620349278663,51.9477356152178,16
4,splanchnic,464,0.023706896551724137,0.15213441296304395,16
5,raza,430,2.9627906976744187,0.6706550965422675,16
5,ant_inf,21,0.0,0.0,16
5,ant_isq,22,0.0,0.0,16
5,ant_clau,22,0.0,0.0,16
5,fum_act,29,0.3793103448275862,0.48521542343000995,16
5,diabetes,20,0.0,0.0,16
5,hip_art,21,0.38095238095238093,0.4856209060564557,16
5,insf_car,5,0.0,0.0,16
5,fibr_aur,186,0.021505376344086023,0.14506169422830154,16
5,trat_est,24,0.16666666666666666,0.372677996249965,16
5,var171,18,0.05555555555555555,0.2290614236454256,16
5,tv_l_esu,360,0.011111111111111112,0.10482201257840672,16
5,tvp_orig,1291,0.3439194422927963,0.47501458872944974,16
5,tv_l_ein,286,0.7622377622377622,0.4257127623839,16
5,tvp_prox,568,0.8397887323943662,0.3668018775004155,16
5,tv_l_svc,474,0.014767932489451477,0.12062272032846248,16
5,tv_l_vre,493,0.014198782961460446,0.118309667922253,16
5,tv_l_vrn,486,0.00823045267489712,0.09034773004156439,16
5,tv_l_vca,929,0.06781485468245425,0.25142792240889206,16
5,tv_l_yug,936,0.017094017094017096,0.12962180246241967,16
5,tv_l_ova,938,0.0010660980810234541,0.032633748113036175,16
5,tv_l_sup,940,0.002127659574468085,0.04607746346320791,16
5,tv_l_pul,939,0.012779552715654952,0.1123220180910348,16
5,tv_l_ove,486,0.026748971193415638,0.16134888823140203,16
5,fr_antfa,691,0.1476121562952243,0.35471510766966013,16
5,fr_tvs_a,248,0.06048387096774194,0.23838114925576534,16
5,fr_viaje,10,0.0,0.0,16
5,fr_estro,15,0.0,0.0,16
5,fr_varic,25,0.28,0.448998886412873,16
5,fr_antec,1,0.0,0.0,16
5,ana_dime,181,1.6022099447513811,0.5326837919643735,16
5,ana_crea,45,0.8444444444444444,0.36243347622889094,16
5,ana_trop,824,0.8410194174757282,0.36565797804029254,16
5,tension_,60,128.46666666666667,22.35804602871687,16
5,ana_hemo,3,15.200000000000001,0.5887840577551899,16
5,ana_plaq,3,174.0,60.13872850889572,16
5,ana_leuc,15,7.9446666666666665,2.735701900589479,16
5,ana_neu,1052,6.388821292775665,3.0959110986592253,16
5,protcrea,1317,35.95790432801822,46.241746204478936,16
5,splanchnic,464,0.01293103448275862,0.11297708984552722,16
1,raza,430,2.9813953488372094,0.5145582047007689,17
1,ant_inf,21,0.0,0.0,17
1,ant_isq,22,0.045454545454545456,0.2082988952252655,17
1,ant_clau,22,0.0,0.0,17
1,fum_act,29,0.2413793103448276,0.42791978089623633,17
1,diabetes,20,0.05,0.21794494717703364,17
1,hip_art,21,0.42857142857142855,0.4948716593053935,17
1,insf_car,5,0.2,0.4,17
1,fibr_aur,186,0.005376344086021506,0.0731261855308357,17
1,trat_est,24,0.16666666666666666,0.372677996249965,17
1,var171,18,0.05555555555555555,0.2290614236454256,17
1,tv_l_esu,360,0.005555555555555556,0.07432826755699806,17
1,tvp_orig,1291,0.21223857474825716,0.40889284921246255,17
1,tv_l_ein,286,0.7657342657342657,0.42353901829072443,17
1,tvp_prox,568,0.8169014084507042,0.38674733007735157,17
1,tv_l_svc,474,0.006329113924050633,0.07930357016545357,17
1,tv_l_vre,493,0.010141987829614604,0.10019544856169145,17
1,tv_l_vrn,486,0.0205761316872428,0.14196039761860363,17
1,tv_l_vca,929,0.06350914962325081,0.24387648008240229,17
1,tv_l_yug,936,0.016025641025641024,0.12557396169333163,17
1,tv_l_ova,938,0.008528784648187633,0.0919567533170483,17
1,tv_l_sup,940,0.0,0.0,17
1,tv_l_pul,939,0.005324813631522897,0.0727767819521614,17
1,tv_l_ove,486,0.03292181069958848,0.17843196204673908,17
1,fr_antfa,691,0.11287988422575977,0.316445913171491,17
1,fr_tvs_a,248,0.036290322580645164,0.18701159073072948,17
1,fr_viaje,10,0.1,0.30000000000000004,17
1,fr_estro,15,0.0,0.0,17
1,fr_varic,25,0.08,0.2712931993250107,17
1,fr_antec,1,0.0,0.0,17
1,ana_dime,181,1.5414364640883977,0.6081364820250613,17
1,ana_crea,45,0.9111111111111111,0.28458329944145994,17
1,ana_trop,824,0.8980582524271845,0.30257169014072666,17
1,tension_,60,136.61666666666667,23.08469310074439,17
1,ana_hemo,3,15.366666666666667,0.5185449728701355,17
1,ana_plaq,3,243.33333333333334,51.525613910839425,17
1,ana_leuc,15,8.596,2.4296468879242514,17
1,ana_neu,1052,6.609695817490494,3.026903872897515,17
1,protcrea,1317,54.529066059225514,54.40041226388666,17
1,splanchnic,464,0.032327586206896554,0.17686863310641668,17
2,raza,430,2.9209302325581397,0.7522240325411733,17
2,ant_inf,21,0.0,0.0,17
2,ant_isq,22,0.13636363636363635,0.3431742925123068,17
2,ant_clau,22,0.0,0.0,17
2,fum_act,29,0.13793103448275862,0.3448275862068966,17
2,diabetes,20,0.1,0.30000000000000004,17
2,hip_art,21,0.38095238095238093,0.4856209060564557,17
2,insf_car,5,0.0,0.0,17
2,fibr_aur,186,0.0,0.0,17
2,trat_est,24,0.16666666666666666,0.372677996249965,17
2,var171,18,0.0,0.0,17
2,tv_l_esu,360,0.013888888888888888,0.11702985796078277,17
2,tvp_orig,1291,0.24786986831913246,0.431775863960213,17
2,tv_l_ein,286,0.7447552447552448,0.43599870431550625,17
2,tvp_prox,568,0.7975352112676056,0.4018367803672796,17
2,tv_l_svc,474,0.004219409282700422,0.06481979534066336,17
2,tv_l_vre,493,0.010141987829614604,0.10019544856169145,17
2,tv_l_vrn,486,0.00823045267489712,0.09034773004156439,17
2,tv_l_vca,929,0.04628632938643703,0.21010450994295027,17
2,tv_l_yug,936,0.017094017094017096,0.12962180246241967,17
2,tv_l_ova,938,0.007462686567164179,0.08606389996022983,17
2,tv_l_sup,940,0.005319148936170213,0.0727382677190284,17
2,tv_l_pul,939,0.005324813631522897,0.0727767819521614,17
2,tv_l_ove,486,0.0411522633744856,0.19864227796127032,17
2,fr_antfa,691,0.14616497829232997,0.3532715349601956,17
2,fr_tvs_a,248,0.05241935483870968,0.22287118718444318,17
2,fr_viaje,10,0.0,0.0,17
2,fr_estro,15,0.0,0.0,17
2,fr_varic,25,0.24,0.4270831300812524,17
2,fr_antec,1,0.0,0.0,17
2,ana_dime,181,1.4861878453038675,0.6183897714755014,17
2,ana_crea,45,0.8666666666666667,0.33993463423951903,17
2,ana_trop,824,0.875,0.33071891388307384,17
2,tension_,60,134.11666666666667,22.28234851974889,17
2,ana_hemo,3,12.566666666666668,1.8553226733434327,17
2,ana_plaq,3,345.0,81.49028571962836,17
2,ana_leuc,15,8.628666666666668,2.4428749911164553,17
2,ana_neu,1052,6.748507604562738,3.107048707390063,17
2,protcrea,1317,67.4808807896735,56.468609520539886,17
2,splanchnic,464,0.023706896551724137,0.15213441296304395,17
3,raza,430,2.937209302325581,0.6670041511024392,17
3,ant_inf,21,0.0,0.0,17
3,ant_isq,22,0.09090909090909091,0.2874797872880344,17
3,ant_clau,22,0.0,0.0,17
3,fum_act,29,0.3448275862068966,0.47531202593414557,17
3,diabetes,20,0.1,0.30000000000000004,17
3,hip_art,21,0.3333333333333333,0.4714045207910316,17
3,insf_car,5,0.0,0.0,17
3,fibr_aur,186,0.016129032258064516,0.12597176896623638,17
3,trat_est,24,0.08333333333333333,0.2763853991962833,17
3,var171,18,0.0,0.0,17
3,tv_l_esu,360,0.005555555555555556,0.07432826755699806,17
3,tvp_orig,1291,0.2703330751355538,0.4441318538714701,17
3,tv_l_ein,286,0.7132867132867133,0.452226467530762,17
3,tvp_prox,568,0.8186619718309859,0.38529799857874675,17
3,tv_l_svc,474,0.010548523206751054,0.10216286930635658,17
3,tv_l_vre,493,0.012170385395537525,0.10964609940559497,17
3,tv_l_vrn,486,0.00823045267489712,0.0903477300415644,17
3,tv_l_vca,929,0.060279870828848225,0.23800463861384213,17
3,tv_l_yug,936,0.010683760683760684,0.10280864721127701,17
3,tv_l_ova,938,0.009594882729211088,0.09748241356585184,17
3,tv_l_sup,940,0.0031914893617021275,0.05640304741196409,17
3,tv_l_pul,939,0.011714589989350373,0.10759813367680585,17
3,tv_l_ove,486,0.051440329218107,0.2208941414977766,17
3,fr_antfa,691,0.12011577424023155,0.325096870207791,17
3,fr_tvs_a,248,0.028225806451612902,0.1656173611122004,17
3,fr_viaje,10,0.0,0.0,17
3,fr_estro,15,0.0,0.0,17
3,fr_varic,25,0.12,0.32496153618543844,17
3,fr_antec,1,0.0,0.0,17
3,ana_dime,181,1.5082872928176796,0.5910827645853911,17
3,ana_crea,45,0.8,0.4,17
3,ana_trop,824,0.8713592233009708,0.3348019224396712,17
3,tension_,60,134.58333333333334,20.361149007089182,17
3,ana_hemo,3,11.590000000000002,3.0868862412901885,17
3,ana_plaq,3,234.66666666666666,46.599952312803445,17
3,ana_leuc,15,9.065333333333333,3.515876119673287,17
3,ana_neu,1052,6.757756653992395,3.046536353085033,17
3,protcrea,1317,31.55776006074412,42.861071771696416,17
3,splanchnic,464,0.021551724137931036,0.14521448730968117,17
4,raza,430,2.9209302325581397,0.6704937921898027,17
4,ant_inf,21,0.0,0.0,17
4,ant_isq,22,0.0,0.0,17
4,ant_clau,22,0.0,0.0,17
4,fum_act,29,0.2413793103448276,0.42791978089623633,17
4,diabetes,20,0.05,0.21794494717703364,17
4,hip_art,21,0.42857142857142855,0.49487165930539345,17
4,insf_car,5,0.0,0.0,17
4,fibr_aur,186,0.010752688172043012,0.10313616179167139,17
4,trat_est,24,0.16666666666666666,0.372677996249965,17
4,var171,18,0.0,0.0,17
4,tv_l_esu,360,0.008333333333333333,0.09090593428863096,17
4,tvp_orig,1291,0.25406661502711075,0.4353352388169108,17
4,tv_l_ein,286,0.6993006993006993,0.45856213456657346,17
4,tvp_prox,568,0.8133802816901409,0.3896059535579609,17
4,tv_l_svc,474,0.004219409282700422,0.06481979534066336,17
4,tv_l_vre,493,0.006085192697768763,0.0777699371711189,17
4,tv_l_vrn,486,0.006172839506172839,0.0783245527188242,17
4,tv_l_vca,929,0.04198062432723358,0.20054488651753072,17
4,tv_l_yug,936,0.017094017094017096,0.12962180246241967,17
4,tv_l_ova,938,0.013859275053304905,0.11690678144702189,17
4,tv_l_sup,940,0.0,0.0,17
4,tv_l_pul,939,0.008519701810436636,0.09190819599740753,17
4,tv_l_ove,486,0.03497942386831276,0.18372768918743215,17
4,fr_antfa,691,0.12156295224312591,0.32678035572087466,17
4,fr_tvs_a,248,0.03225806451612903,0.17668469596940847,17
4,fr_viaje,10,0.1,0.30000000000000004,17
4,fr_estro,15,0.0,0.0,17
4,fr_varic,25,0.12,0.32496153618543844,17
4,fr_antec,1,0.0,0.0,17
4,ana_dime,181,1.569060773480663,0.5581477869773283,17
4,ana_crea,45,0.8444444444444444,0.36243347622889094,17
4,ana_trop,824,0.8070388349514563,0.3946227994321316,17
4,tension_,60,133.41666666666666,21.691236069487193,17
4,ana_hemo,3,14.1,1.3589211407093005,17
4,ana_plaq,3,213.66666666666666,121.95718738785163,17
4,ana_leuc,15,9.693999999999997,3.897662205305466,17
4,ana_neu,1052,6.0445532319391635,2.9887748310156064,17
4,protcrea,1317,46.90185269552013,52.2956931046568,17
4,splanchnic,464,0.01939655172413793,0.13791419617048414,17
5,raza,430,2.9511627906976745,0.6212785365766443,17
5,ant_inf,21,0.0,0.0,17
5,ant_isq,22,0.045454545454545456,0.2082988952252655,17
5,ant_clau,22,0.0,0.0,17
5,fum_act,29,0.13793103448275862,0.3448275862068966,17
5,diabetes,20,0.15,0.3570714214271425,17
5,hip_art,21,0.42857142857142855,0.49487165930539345,17
5,insf_car,5,0.0,0.0,17
5,fibr_aur,186,0.010752688172043012,0.10313616179167141,17
5,trat_est,24,0.125,0.33071891388307384,17
5,var171,18,0.0,0.0,17
5,tv_l_esu,360,0.008333333333333333,0.09090593428863096,17
5,tvp_orig,1291,0.23237800154918667,0.42234874919335663,17
5,tv_l_ein,286,0.7237762237762237,0.44712884236252687,17
5,tvp_prox,568,0.8644366197183099,0.34232433481757035,17
5,tv_l_svc,474,0.006329113924050633,0.07930357016545357,17
5,tv_l_vre,493,0.010141987829614604,0.10019544856169145,17
5,tv_l_vrn,486,0.012345679012345678,0.11042310999998962,17
5,tv_l_vca,929,0.03659849300322928,0.18777391542256838,17
5,tv_l_yug,936,0.01282051282051282,0.11249954342810412,17
5,tv_l_ova,938,0.0031982942430703624,0.05646295384590773,17
5,tv_l_sup,940,0.007446808510638298,0.08597298153282915,17
5,tv_l_pul,939,0.005324813631522897,0.0727767819521614,17
5,tv_l_ove,486,0.04526748971193416,0.20789022123975454,17
5,fr_antfa,691,0.10130246020260492,0.3017288049880299,17
5,fr_tvs_a,248,0.056451612903225805,0.23079174227829327,17
5,fr_viaje,10,0.1,0.30000000000000004,17
5,fr_estro,15,0.0,0.0,17
5,fr_varic,25,0.2,0.4,17
5,fr_antec,1,0.0,0.0,17
5,ana_dime,181,1.5524861878453038,0.5499943807622019,17
5,ana_crea,45,0.8,0.4,17
5,ana_trop,824,0.8737864077669902,0.33208992964052564,17
5,tension_,60,136.15,24.092063008385146,17
5,ana_hemo,3,14.533333333333333,1.1897712198383166,17
5,ana_plaq,3,218.66666666666666,46.54985380094001,17
5,ana_leuc,15,9.49,4.761762978841626,17
5,ana_neu,1052,6.540123574144488,3.06881965455481,17
5,protcrea,1317,37.81296127562642,46.8559908112705,17
5,splanchnic,464,0.032327586206896554,0.17686863310641665,17
1,raza,430,2.9976744186046513,0.43401230938123103,18
1,ant_inf,21,0.047619047619047616,0.21295885499998,18
1,ant_isq,22,0.0,0.0,18
1,ant_clau,22,0.0,0.0,18
1,fum_act,29,0.1724137931034483,0.377739694831149,18
1,diabetes,20,0.05,0.21794494717703364,18
1,hip_art,21,0.42857142857142855,0.4948716593053935,18
1,insf_car,5,0.2,0.4,18
1,fibr_aur,186,0.04838709677419355,0.21458281767177534,18
1,trat_est,24,0.20833333333333334,0.4061164310337068,18
1,var171,18,0.05555555555555555,0.2290614236454256,18
1,tv_l_esu,360,0.005555555555555556,0.07432826755699806,18
1,tvp_orig,1291,0.15104570100697134,0.3580934196746485,18
1,tv_l_ein,286,0.7272727272727273,0.4453617714151233,18
1,tvp_prox,568,0.8996478873239436,0.3004689104674699,18
1,tv_l_svc,474,0.004219409282700422,0.06481979534066336,18
1,tv_l_vre,493,0.002028397565922921,0.04499203450876032,18
1,tv_l_vrn,486,0.00411522633744856,0.06401789788520183,18
1,tv_l_vca,929,0.04413347685683531,0.20539160907243142,18
1,tv_l_yug,936,0.010683760683760684,0.10280864721127701,18
1,tv_l_ova,938,0.0,0.0,18
1,tv_l_sup,940,0.00851063829787234,0.09185971551031023,18
1,tv_l_pul,939,0.004259850905218318,0.06512836997410291,18
1,tv_l_ove,486,0.051440329218107,0.2208941414977766,18
1,fr_antfa,691,0.12735166425470332,0.3333664918168301,18
1,fr_tvs_a,248,0.036290322580645164,0.1870115907307295,18
1,fr_viaje,10,0.0,0.0,18
1,fr_estro,15,0.13333333333333333,0.339934634239519,18
1,fr_varic,25,0.2,0.4,18
1,fr_antec,1,0.0,0.0,18
1,ana_dime,181,1.5193370165745856,0.571816531842458,18
1,ana_crea,45,0.8888888888888888,0.3142696805273545,18
1,ana_trop,824,0.8628640776699029,0.343990786412617,18
1,tension_,60,134.15,18.0386852809917,18
1,ana_hemo,3,14.533333333333333,0.3681787005729088,18
1,ana_plaq,3,340.3333333333333,136.44127756006327,18
1,ana_leuc,15,8.527333333333335,2.405614174292203,18
1,ana_neu,1052,6.877642585551332,3.1256085876765782,18
1,protcrea,1317,40.51566438876234,55.05929304764408,18
1,splanchnic,464,0.008620689655172414,0.0924465973686518,18
2,raza,430,2.925581395348837,0.5615978132435289,18
2,ant_inf,21,0.09523809523809523,0.2935435239509036,18
2,ant_isq,22,0.045454545454545456,0.20829889522526548,18
2,ant_clau,22,0.0,0.0,18
2,fum_act,29,0.13793103448275862,0.3448275862068966,18
2,diabetes,20,0.05,0.21794494717703364,18
2,hip_art,21,0.3333333333333333,0.4714045207910316,18
2,insf_car,5,0.0,0.0,18
2,fibr_aur,186,0.010752688172043012,0.1031361617916714,18
2,trat_est,24,0.25,0.4330127018922193,18
2,var171,18,0.0,0.0,18
2,tv_l_esu,360,0.013888888888888888,0.11702985796078277,18
2,tvp_orig,1291,0.32378001549186675,0.4679172117586115,18
2,tv_l_ein,286,0.7447552447552448,0.43599870431550625,18
2,tvp_prox,568,0.9014084507042254,0.29811282378192566,18
2,tv_l_svc,474,0.0,0.0,18
2,tv_l_vre,493,0.006085192697768763,0.07776993717111891,18
2,tv_l_vrn,486,0.00823045267489712,0.0903477300415644,18
2,tv_l_vca,929,0.03552206673842842,0.18509524443663877,18
2,tv_l_yug,936,0.018162393162393164,0.13353846126493973,18
2,tv_l_ova,938,0.005330490405117271,0.0728153574265637,18
2,tv_l_sup,940,0.0,0.0,18
2,tv_l_pul,939,0.0,0.0,18
2,tv_l_ove,486,0.05761316872427984,0.23301049657435502,18
2,fr_antfa,691,0.14616497829232997,0.3532715349601956,18
2,fr_tvs_a,248,0.03225806451612903,0.17668469596940845,18
2,fr_viaje,10,0.0,0.0,18
2,fr_estro,15,0.0,0.0,18
2,fr_varic,25,0.28,0.448998886412873,18
2,fr_antec,1,0.0,0.0,18
2,ana_dime,181,1.6077348066298343,0.5315939300519302,18
2,ana_crea,45,0.8888888888888888,0.3142696805273545,18
2,ana_trop,824,0.8543689320388349,0.35273596358417375,18
2,tension_,60,129.73333333333332,16.840295589910394,18
2,ana_hemo,3,12.6,2.004993765576342,18
2,ana_plaq,3,200.33333333333334,26.144895401503437,18
2,ana_leuc,15,8.681999999999999,2.5406408640341125,18
2,ana_neu,1052,6.835218631178707,2.9573312668962846,18
2,protcrea,1317,10.306089597570235,16.744155742445773,18
2,splanchnic,464,0.01939655172413793,0.13791419617048414,18
3,raza,430,2.958139534883721,0.6085562625723793,18
3,ant_inf,21,0.0,0.0,18
3,ant_isq,22,0.0,0.0,18
3,ant_clau,22,0.045454545454545456,0.2082988952252655,18
3,fum_act,29,0.20689655172413793,0.4050806939472666,18
3,diabetes,20,0.0,0.0,18
3,hip_art,21,0.38095238095238093,0.4856209060564557,18
3,insf_car,5,0.0,0.0,18
3,fibr_aur,186,0.026881720430107527,0.1617377307149605,18
3,trat_est,24,0.16666666666666666,0.372677996249965,18
3,var171,18,0.1111111111111111,0.3142696805273545,18
3,tv_l_esu,360,0.013888888888888888,0.11702985796078277,18
3,tvp_orig,1291,0.29202168861347794,0.4546922277682024,18
3,tv_l_ein,286,0.7657342657342657,0.4235390182907245,18
3,tvp_prox,568,0.9102112676056338,0.28587884834205396,18
3,tv_l_svc,474,0.006329113924050633,0.07930357016545357,18
3,tv_l_vre,493,0.016227180527383367,0.12634816634805227,18
3,tv_l_vrn,486,0.006172839506172839,0.0783245527188242,18
3,tv_l_vca,929,0.060279870828848225,0.23800463861384213,18
3,tv_l_yug,936,0.0202991452991453,0.1410215940885277,18
3,tv_l_ova,938,0.010660980810234541,0.10270016698330314,18
3,tv_l_sup,940,0.002127659574468085,0.04607746346320791,18
3,tv_l_pul,939,0.008519701810436636,0.09190819599740753,18
3,tv_l_ove,486,0.043209876543209874,0.20332924804939018,18
3,fr_antfa,691,0.10419681620839363,0.30551569468756895,18
3,fr_tvs_a,248,0.06451612903225806,0.24567010018915833,18
3,fr_viaje,10,0.0,0.0,18
3,fr_estro,15,0.0,0.0,18
3,fr_varic,25,0.28,0.448998886412873,18
3,fr_antec,1,1.0,0.0,18
3,ana_dime,181,1.5469613259668509,0.550493644511874,18
3,ana_crea,45,0.9111111111111111,0.2845832994414599,18
3,ana_trop,824,0.8628640776699029,0.343990786412617,18
3,tension_,60,133.55,19.55967365099258,18
3,ana_hemo,3,12.6,3.3236526092037155,18
3,ana_plaq,3,189.0,35.52463933666322,18
3,ana_leuc,15,8.616666666666667,2.807356209833175,18
3,ana_neu,1052,6.3428326996197715,2.9475530804592225,18
3,protcrea,1317,99.53655277145027,50.88529512936043,18
3,splanchnic,464,0.017241379310344827,0.13016955922880602,18
4,raza,430,2.911627906976744,0.7418422393328719,18
4,ant_inf,21,0.047619047619047616,0.21295885499997996,18
4,ant_isq,22,0.045454545454545456,0.2082988952252655,18
4,ant_clau,22,0.045454545454545456,0.2082988952252655,18
4,fum_act,29,0.2413793103448276,0.42791978089623645,18
4,diabetes,20,0.1,0.30000000000000004,18
4,hip_art,21,0.38095238095238093,0.4856209060564557,18
4,insf_car,5,0.0,0.0,18
4,fibr_aur,186,0.016129032258064516,0.12597176896623638,18
4,trat_est,24,0.125,0.33071891388307384,18
4,var171,18,0.0,0.0,18
4,tv_l_esu,360,0.008333333333333333,0.09090593428863096,18
4,tvp_orig,1291,0.09604957397366383,0.29465921555780583,18
4,tv_l_ein,286,0.7517482517482518,0.4319986316433177,18
4,tvp_prox,568,0.8943661971830986,0.3073683498985239,18
4,tv_l_svc,474,0.004219409282700422,0.06481979534066336,18
4,tv_l_vre,493,0.006085192697768763,0.0777699371711189,18
4,tv_l_vrn,486,0.00205761316872428,0.0453142295175828,18
4,tv_l_vca,929,0.02906350914962325,0.16798458734518779,18
4,tv_l_yug,936,0.004273504273504274,0.0652322116345032,18
4,tv_l_ova,938,0.0042643923240938165,0.06516292874173187,18
4,tv_l_sup,940,0.00425531914893617,0.0650938661309717,18
4,tv_l_pul,939,0.004259850905218318,0.06512836997410291,18
4,tv_l_ove,486,0.043209876543209874,0.20332924804939018,18
4,fr_antfa,691,0.170767004341534,0.37630524122014636,18
4,fr_tvs_a,248,0.05241935483870968,0.2228711871844432,18
4,fr_viaje,10,0.0,0.0,18
4,fr_estro,15,0.0,0.0,18
4,fr_varic,25,0.16,0.36660605559646714,18
4,fr_antec,1,0.0,0.0,18
4,ana_dime,181,1.558011049723757,0.5289460174542068,18
4,ana_crea,45,0.8222222222222222,0.3823255674241167,18
4,ana_trop,824,0.8604368932038835,0.34653318169770164,18
4,tension_,60,130.6,20.22720939724509,18
4,ana_hemo,3,14.333333333333334,1.1953614051360741,18
4,ana_plaq,3,309.3333333333333,34.79782879561437,18
4,ana_leuc,15,8.046666666666669,2.7549099602144693,18
4,ana_neu,1052,6.0078326996197715,2.956841595852093,18
4,protcrea,1317,40.78597570235384,53.02178691516786,18
4,splanchnic,464,0.034482758620689655,0.18246560765962697,18
5,raza,430,2.9069767441860463,0.6892514810360076,18
5,ant_inf,21,0.09523809523809523,0.2935435239509036,18
5,ant_isq,22,0.0,0.0,18
5,ant_clau,22,0.045454545454545456,0.20829889522526548,18
5,fum_act,29,0.1724137931034483,0.377739694831149,18
5,diabetes,20,0.05,0.21794494717703364,18
5,hip_art,21,0.14285714285714285,0.3499271061118826,18
5,insf_car,5,0.0,0.0,18
5,fibr_aur,186,0.021505376344086023,0.14506169422830154,18
5,trat_est,24,0.25,0.4330127018922193,18
5,var171,18,0.0,0.0,18
5,tv_l_esu,360,0.019444444444444445,0.13808098357373966,18
5,tvp_orig,1291,0.2029434546862897,0.4021907618112126,18
5,tv_l_ein,286,0.7202797202797203,0.4488617212833906,18
5,tvp_prox,568,0.8785211267605634,0.3266829603697039,18
5,tv_l_svc,474,0.004219409282700422,0.06481979534066336,18
5,tv_l_vre,493,0.004056795131845842,0.06356364955777848,18
5,tv_l_vrn,486,0.01440329218106996,0.1191462855292463,18
5,tv_l_vca,929,0.04951560818083961,0.21694195704685895,18
5,tv_l_yug,936,0.018162393162393164,0.13353846126493973,18
5,tv_l_ova,938,0.0031982942430703624,0.05646295384590772,18
5,tv_l_sup,940,0.009574468085106383,0.09737965724931293,18
5,tv_l_pul,939,0.004259850905218318,0.06512836997410291,18
5,tv_l_ove,486,0.06378600823045268,0.24437134321453755,18
5,fr_antfa,691,0.12156295224312591,0.3267803557208747,18
5,fr_tvs_a,248,0.036290322580645164,0.18701159073072948,18
5,fr_viaje,10,0.0,0.0,18
5,fr_estro,15,0.06666666666666667,0.24944382578492946,18
5,fr_varic,25,0.2,0.4,18
5,fr_antec,1,0.0,0.0,18
5,ana_dime,181,1.5635359116022098,0.5488276657762495,18
5,ana_crea,45,0.8666666666666667,0.33993463423951903,18
5,ana_trop,824,0.8592233009708737,0.3477910580213198,18
5,tension_,60,132.06666666666666,22.762444703697554,18
5,ana_hemo,3,13.633333333333333,0.8653836657164778,18
5,ana_plaq,3,251.66666666666666,160.7510152032916,18
5,ana_leuc,15,8.262000000000002,3.523924327602207,18
5,ana_neu,1052,6.3883174904942965,3.0013801517884398,18
5,protcrea,1317,39.259164768413065,52.25044267000302,18
5,splanchnic,464,0.023706896551724137,0.15213441296304395,18
1,raza,430,2.86046511627907,0.7918596113781554,19
1,ant_inf,21,0.0,0.0,19
1,ant_isq,22,0.0,0.0,19
1,ant_clau,22,0.045454545454545456,0.2082988952252655,19
1,fum_act,29,0.2413793103448276,0.4279197808962364,19
1,diabetes,20,0.1,0.30000000000000004,19
1,hip_art,21,0.47619047619047616,0.49943278484292924,19
1,insf_car,5,0.0,0.0,19
1,fibr_aur,186,0.016129032258064516,0.12597176896623638,19
1,trat_est,24,0.16666666666666666,0.372677996249965,19
1,var171,18,0.0,0.0,19
1,tv_l_esu,360,0.022222222222222223,0.14740554623801777,19
1,tvp_orig,1291,0.23315259488768397,0.4228385772192782,19
1,tv_l_ein,286,0.7377622377622378,0.4398512456436756,19
1,tvp_prox,568,0.8855633802816901,0.31834082331010705,19
1,tv_l_svc,474,0.008438818565400843,0.09147461345434091,19
1,tv_l_vre,493,0.014198782961460446,0.118309667922253,19
1,tv_l_vrn,486,0.00411522633744856,0.06401789788520183,19
1,tv_l_vca,929,0.04305705059203445,0.20298556841891352,19
1,tv_l_yug,936,0.0202991452991453,0.14102159408852774,19
1,tv_l_ova,938,0.0,0.0,19
1,tv_l_sup,940,0.005319148936170213,0.0727382677190284,19
1,tv_l_pul,939,0.005324813631522897,0.0727767819521614,19
1,tv_l_ove,486,0.07613168724279835,0.26520869789726564,19
1,fr_antfa,691,0.170767004341534,0.3763052412201463,19
1,fr_tvs_a,248,0.036290322580645164,0.18701159073072948,19
1,fr_viaje,10,0.0,0.0,19
1,fr_estro,15,0.06666666666666667,0.24944382578492943,19
1,fr_varic,25,0.2,0.4,19
1,fr_antec,1,0.0,0.0,19
1,ana_dime,181,1.569060773480663,0.5964292473842252,19
1,ana_crea,45,0.8888888888888888,0.3142696805273545,19
1,ana_trop,824,0.8531553398058253,0.3539509937359014,19
1,tension_,60,135.26666666666668,21.747694641552748,19
1,ana_hemo,3,15.566666666666668,0.6548960901462825,19
1,ana_plaq,3,315.6666666666667,247.02811355975032,19
1,ana_leuc,15,7.643333333333333,1.7377443872893261,19
1,ana_neu,1052,6.662148288973384,3.1305147757645773,19
1,protcrea,1317,35.50570235383447,47.09225040489044,19
1,splanchnic,464,0.017241379310344827,0.13016955922880602,19
2,raza,430,2.8790697674418606,0.7148127546443696,19
2,ant_inf,21,0.0,0.0,19
2,ant_isq,22,0.0,0.0,19
2,ant_clau,22,0.0,0.0,19
2,fum_act,29,0.1724137931034483,0.377739694831149,19
2,diabetes,20,0.0,0.0,19
2,hip_art,21,0.42857142857142855,0.4948716593053935,19
2,insf_car,5,0.2,0.4000000000000001,19
2,fibr_aur,186,0.016129032258064516,0.12597176896623638,19
2,trat_est,24,0.25,0.4330127018922193,19
2,var171,18,0.0,0.0,19
2,tv_l_esu,360,0.019444444444444445,0.13808098357373966,19
2,tvp_orig,1291,0.2238574748257165,0.41682766917560815,19
2,tv_l_ein,286,0.7412587412587412,0.43794316956227064,19
2,tvp_prox,568,0.8820422535211268,0.3225580824045479,19
2,tv_l_svc,474,0.006329113924050633,0.07930357016545357,19
2,tv_l_vre,493,0.012170385395537525,0.10964609940559499,19
2,tv_l_vrn,486,0.00205761316872428,0.0453142295175828,19
2,tv_l_vca,929,0.06350914962325081,0.24387648008240229,19
2,tv_l_yug,936,0.022435897435897436,0.14809634682240921,19
2,tv_l_ova,938,0.015991471215351813,0.12544219411234958,19
2,tv_l_sup,940,0.002127659574468085,0.04607746346320791,19
2,tv_l_pul,939,0.004259850905218318,0.06512836997410291,19
2,tv_l_ove,486,0.051440329218107,0.2208941414977766,19
2,fr_antfa,691,0.12590448625180897,0.33174168654764663,19
2,fr_tvs_a,248,0.04032258064516129,0.19671469222016888,19
2,fr_viaje,10,0.0,0.0,19
2,fr_estro,15,0.0,0.0,19
2,fr_varic,25,0.12,0.32496153618543844,19
2,fr_antec,1,1.0,0.0,19
2,ana_dime,181,1.6353591160220995,0.5252397592884036,19
2,ana_crea,45,0.8666666666666667,0.33993463423951903,19
2,ana_trop,824,0.866504854368932,0.34010908797620787,19
2,tension_,60,129.45,21.753486310627697,19
2,ana_hemo,3,13.933333333333332,0.7586537784494026,19
2,ana_plaq,3,148.0,59.570686303472,19
2,ana_leuc,15,7.686000000000001,2.014817775052292,19
2,ana_neu,1052,6.583555133079847,2.8695119720933313,19
2,protcrea,1317,41.65899772209567,51.53148419690687,19
2,splanchnic,464,0.015086206896551725,0.12189591157223509,19
3,raza,430,2.9348837209302325,0.6253868462075377,19
3,ant_inf,21,0.0,0.0,19
3,ant_isq,22,0.0,0.0,19
3,ant_clau,22,0.0,0.0,19
3,fum_act,29,0.27586206896551724,0.44694763437295587,19
3,diabetes,20,0.05,0.21794494717703364,19
3,hip_art,21,0.47619047619047616,0.49943278484292924,19
3,insf_car,5,0.0,0.0,19
3,fibr_aur,186,0.016129032258064516,0.12597176896623638,19
3,trat_est,24,0.125,0.33071891388307384,19
3,var171,18,0.0,0.0,19
3,tv_l_esu,360,0.019444444444444445,0.13808098357373966,19
3,tvp_orig,1291,0.24089852827265684,0.427628842980364,19
3,tv_l_ein,286,0.8076923076923077,0.39411349099844606,19
3,tvp_prox,568,0.8996478873239436,0.3004689104674699,19
3,tv_l_svc,474,0.004219409282700422,0.06481979534066336,19
3,tv_l_vre,493,0.006085192697768763,0.07776993717111892,19
3,tv_l_vrn,486,0.006172839506172839,0.0783245527188242,19
3,tv_l_vca,929,0.04951560818083961,0.21694195704685892,19
3,tv_l_yug,936,0.018162393162393164,0.13353846126493973,19
3,tv_l_ova,938,0.005330490405117271,0.07281535742656368,19
3,tv_l_sup,940,0.0010638297872340426,0.032599049885201195,19
3,tv_l_pul,939,0.011714589989350373,0.10759813367680585,19
3,tv_l_ove,486,0.04938271604938271,0.2166657873430154,19
3,fr_antfa,691,0.1316931982633864,0.3381569159348169,19
3,fr_tvs_a,248,0.07258064516129033,0.2594469022926679,19
3,fr_viaje,10,0.0,0.0,19
3,fr_estro,15,0.0,0.0,19
3,fr_varic,25,0.12,0.32496153618543844,19
3,fr_antec,1,0.0,0.0,19
3,ana_dime,181,1.6574585635359116,0.5295804184009617,19
3,ana_crea,45,0.8444444444444444,0.36243347622889094,19
3,ana_trop,824,0.8398058252427184,0.3667860427157979,19
3,tension_,60,135.88333333333333,22.652513963992803,19
3,ana_hemo,3,16.066666666666666,1.291854825005074,19
3,ana_plaq,3,278.0,36.851051545376556,19
3,ana_leuc,15,6.9926666666666675,1.9211297602076636,19
3,ana_neu,1052,6.5863022813688215,3.1006851499499706,19
3,protcrea,1317,41.155398633257406,50.30344419808261,19
3,splanchnic,464,0.028017241379310345,0.16502204569330667,19
4,raza,430,2.9767441860465116,0.5822319562152964,19
4,ant_inf,21,0.047619047619047616,0.21295885499997996,19
4,ant_isq,22,0.0,0.0,19
4,ant_clau,22,0.09090909090909091,0.28747978728803447,19
4,fum_act,29,0.3448275862068966,0.4753120259341455,19
4,diabetes,20,0.0,0.0,19
4,hip_art,21,0.42857142857142855,0.49487165930539345,19
4,insf_car,5,0.0,0.0,19
4,fibr_aur,186,0.026881720430107527,0.16173773071496048,19
4,trat_est,24,0.20833333333333334,0.4061164310337068,19
4,var171,18,0.05555555555555555,0.2290614236454256,19
4,tv_l_esu,360,0.005555555555555556,0.07432826755699806,19
4,tvp_orig,1291,0.20604182804027885,0.40446086725182573,19
4,tv_l_ein,286,0.8251748251748252,0.3798174996923152,19
4,tvp_prox,568,0.8573943661971831,0.34967022608525566,19
4,tv_l_svc,474,0.002109704641350211,0.045883044664412544,19
4,tv_l_vre,493,0.010141987829614604,0.10019544856169145,19
4,tv_l_vrn,486,0.00823045267489712,0.09034773004156439,19
4,tv_l_vca,929,0.04736275565123789,0.2124135707255048,19
4,tv_l_yug,936,0.024572649572649572,0.15481871484297155,19
4,tv_l_ova,938,0.008528784648187633,0.0919567533170483,19
4,tv_l_sup,940,0.0031914893617021275,0.05640304741196409,19
4,tv_l_pul,939,0.007454739084132056,0.08601840471271,19
4,tv_l_ove,486,0.06172839506172839,0.24066158876071517,19
4,fr_antfa,691,0.14182344428364688,0.3488689652794731,19
4,fr_tvs_a,248,0.05241935483870968,0.2228711871844432,19
4,fr_viaje,10,0.1,0.30000000000000004,19
4,fr_estro,15,0.06666666666666667,0.24944382578492943,19
4,fr_varic,25,0.16,0.36660605559646714,19
4,fr_antec,1,0.0,0.0,19
4,ana_dime,181,1.591160220994475,0.5242508801890148,19
4,ana_crea,45,0.9111111111111111,0.28458329944145994,19
4,ana_trop,824,0.8713592233009708,0.3348019224396713,19
4,tension_,60,133.81666666666666,23.37697704057468,19
4,ana_hemo,3,14.533333333333333,1.0498677165349082,19
4,ana_plaq,3,174.66666666666666,54.322084725173134,19
4,ana_leuc,15,7.537333333333333,1.9660941539565755,19
4,ana_neu,1052,6.621634980988593,3.1017575337734025,19
4,protcrea,1317,40.61069096431283,49.31905078609404,19
4,splanchnic,464,0.01939655172413793,0.13791419617048414,19
5,raza,430,2.986046511627907,0.5704267661243528,19
5,ant_inf,21,0.047619047619047616,0.21295885499997996,19
5,ant_isq,22,0.045454545454545456,0.20829889522526548,19
5,ant_clau,22,0.045454545454545456,0.2082988952252655,19
5,fum_act,29,0.2413793103448276,0.42791978089623645,19
5,diabetes,20,0.15,0.3570714214271425,19
5,hip_art,21,0.3333333333333333,0.47140452079103157,19
5,insf_car,5,0.0,0.0,19
5,fibr_aur,186,0.016129032258064516,0.12597176896623638,19
5,trat_est,24,0.25,0.4330127018922193,19
5,var171,18,0.0,0.0,19
5,tv_l_esu,360,0.005555555555555556,0.07432826755699806,19
5,tvp_orig,1291,0.26258714175058095,0.4400399240271742,19
5,tv_l_ein,286,0.7027972027972028,0.45702657968397215,19
5,tvp_prox,568,0.8697183098591549,0.336613088507993,19
5,tv_l_svc,474,0.010548523206751054,0.10216286930635657,19
5,tv_l_vre,493,0.018255578093306288,0.1338742393509128,19
5,tv_l_vrn,486,0.006172839506172839,0.0783245527188242,19
5,tv_l_vca,929,0.06350914962325081,0.24387648008240229,19
5,tv_l_yug,936,0.04807692307692308,0.2139288025123749,19
5,tv_l_ova,938,0.009594882729211088,0.09748241356585184,19
5,tv_l_sup,940,0.0,0.0,19
5,tv_l_pul,939,0.009584664536741214,0.09743099477301538,19
5,tv_l_ove,486,0.06584362139917696,0.24800854606287018,19
5,fr_antfa,691,0.11577424023154848,0.3199540053356985,19
5,fr_tvs_a,248,0.04838709677419355,0.21458281767177534,19
5,fr_viaje,10,0.0,0.0,19
5,fr_estro,15,0.0,0.0,19
5,fr_varic,25,0.04,0.19595917942265428,19
5,fr_antec,1,0.0,0.0,19
5,ana_dime,181,1.6077348066298343,0.5716563666186889,19
5,ana_crea,45,0.8222222222222222,0.3823255674241168,19
5,ana_trop,824,0.8774271844660194,0.32794621575199395,19
5,tension_,60,129.38333333333333,18.899816283645603,19
5,ana_hemo,3,14.466666666666667,0.9568466729604888,19
5,ana_plaq,3,188.0,39.02136167109839,19
5,ana_leuc,15,8.88,3.6197329551593533,19
5,ana_neu,1052,6.523117870722433,2.9802203094017012,19
5,protcrea,1317,35.57314350797267,47.18094020301314,19
5,splanchnic,464,0.015086206896551725,0.1218959115722351,19
1,raza,430,2.9627906976744187,0.5485809413530445,20
1,ant_inf,21,0.0,0.0,20
1,ant_isq,22,0.045454545454545456,0.2082988952252655,20
1,ant_clau,22,0.045454545454545456,0.20829889522526548,20
1,fum_act,29,0.13793103448275862,0.3448275862068966,20
1,diabetes,20,0.2,0.4000000000000001,20
1,hip_art,21,0.38095238095238093,0.4856209060564557,20
1,insf_car,5,0.2,0.4,20
1,fibr_aur,186,0.021505376344086023,0.14506169422830154,20
1,trat_est,24,0.125,0.33071891388307384,20
1,var171,18,0.05555555555555555,0.2290614236454256,20
1,tv_l_esu,360,0.022222222222222223,0.14740554623801777,20
1,tvp_orig,1291,0.14407436096049575,0.35116511710920334,20
1,tv_l_ein,286,0.6713286713286714,0.46973022723766894,20
1,tvp_prox,568,0.9049295774647887,0.2933121840193272,20
1,tv_l_svc,474,0.006329113924050633,0.07930357016545357,20
1,tv_l_vre,493,0.004056795131845842,0.06356364955777848,20
1,tv_l_vrn,486,0.00205761316872428,0.0453142295175828,20
1,tv_l_vca,929,0.03444564047362755,0.1823708812447567,20
1,tv_l_yug,936,0.03739316239316239,0.1897232558212118,20
1,tv_l_ova,938,0.009594882729211088,0.09748241356585184,20
1,tv_l_sup,940,0.00425531914893617,0.0650938661309717,20
1,tv_l_pul,939,0.0,0.0,20
1,tv_l_ove,486,0.04938271604938271,0.2166657873430154,20
1,fr_antfa,691,0.11866859623733719,0.3233981454869478,20
1,fr_tvs_a,248,0.04435483870967742,0.20588221630999587,20
1,fr_viaje,10,0.0,0.0,20
1,fr_estro,15,0.06666666666666667,0.24944382578492943,20
1,fr_varic,25,0.12,0.32496153618543844,20
1,fr_antec,1,1.0,0.0,20
1,ana_dime,181,1.569060773480663,0.5581477869773283,20
1,ana_crea,45,0.8666666666666667,0.33993463423951903,20
1,ana_trop,824,0.8652912621359223,0.34141220512328624,20
1,tension_,60,135.25,21.04251648448921,20
1,ana_hemo,3,14.433333333333332,1.4007934259633796,20
1,ana_plaq,3,228.0,118.83882642750503,20
1,ana_leuc,15,8.962666666666667,3.1542468021524392,20
1,ana_neu,1052,6.6813878326996194,3.0239516257931656,20
1,protcrea,1317,26.671890660592258,38.64580419361052,20
1,splanchnic,464,0.02586206896551724,0.15872372965105147,20
2,raza,430,2.9348837209302325,0.5870239173172024,20
2,ant_inf,21,0.0,0.0,20
2,ant_isq,22,0.045454545454545456,0.20829889522526548,20
2,ant_clau,22,0.0,0.0,20
2,fum_act,29,0.13793103448275862,0.3448275862068966,20
2,diabetes,20,0.1,0.30000000000000004,20
2,hip_art,21,0.3333333333333333,0.4714045207910317,20
2,insf_car,5,0.0,0.0,20
2,fibr_aur,186,0.03763440860215054,0.19031043032718128,20
2,trat_est,24,0.20833333333333334,0.4061164310337068,20
2,var171,18,0.0,0.0,20
2,tv_l_esu,360,0.022222222222222223,0.14740554623801777,20
2,tvp_orig,1291,0.15801704105344694,0.3647569818251053,20
2,tv_l_ein,286,0.6888111888111889,0.4629798429518348,20
2,tvp_prox,568,0.9014084507042254,0.29811282378192566,20
2,tv_l_svc,474,0.004219409282700422,0.06481979534066336,20
2,tv_l_vre,493,0.006085192697768763,0.0777699371711189,20
2,tv_l_vrn,486,0.0,0.0,20
2,tv_l_vca,929,0.03229278794402583,0.176776592881603,20
2,tv_l_yug,936,0.021367521367521368,0.14460619073238146,20
2,tv_l_ova,938,0.008528784648187633,0.09195675331704829,20
2,tv_l_sup,940,0.007446808510638298,0.08597298153282915,20
2,tv_l_pul,939,0.004259850905218318,0.06512836997410291,20
2,tv_l_ove,486,0.059670781893004114,0.2368758739958159,20
2,fr_antfa,691,0.11287988422575977,0.31644591317149107,20
2,fr_tvs_a,248,0.06854838709677419,0.2526845973208596,20
2,fr_viaje,10,0.2,0.4000000000000001,20
2,fr_estro,15,0.0,0.0,20
2,fr_varic,25,0.2,0.4000000000000001,20
2,fr_antec,1,0.0,0.0,20
2,ana_dime,181,1.4640883977900552,0.5710152564731149,20
2,ana_crea,45,0.9111111111111111,0.28458329944145994,20
2,ana_trop,824,0.866504854368932,0.34010908797620787,20
2,tension_,60,131.48333333333332,21.732841252097916,20
2,ana_hemo,3,14.466666666666667,1.8354533197248268,20
2,ana_plaq,3,258.6666666666667,65.59640911581127,20
2,ana_leuc,15,8.466666666666667,3.2269855214356875,20
2,ana_neu,1052,6.283764258555133,3.1263290547980773,20
2,protcrea,1317,13.94970387243736,31.105735954188837,20
2,splanchnic,464,0.021551724137931036,0.1452144873096812,20
3,raza,430,2.916279069767442,0.5964742270336698,20
3,ant_inf,21,0.0,0.0,20
3,ant_isq,22,0.0,0.0,20
3,ant_clau,22,0.045454545454545456,0.2082988952252655,20
3,fum_act,29,0.13793103448275862,0.3448275862068966,20
3,diabetes,20,0.1,0.30000000000000004,20
3,hip_art,21,0.5238095238095238,0.49943278484292924,20
3,insf_car,5,0.0,0.0,20
3,fibr_aur,186,0.010752688172043012,0.1031361617916714,20
3,trat_est,24,0.2916666666666667,0.45452967144315476,20
3,var171,18,0.0,0.0,20
3,tv_l_esu,360,0.019444444444444445,0.13808098357373966,20
3,tvp_orig,1291,0.21378776142525174,0.40997872443583144,20
3,tv_l_ein,286,0.6818181818181818,0.46577048936179993,20
3,tvp_prox,568,0.829225352112676,0.37631192849321754,20
3,tv_l_svc,474,0.006329113924050633,0.07930357016545359,20
3,tv_l_vre,493,0.016227180527383367,0.12634816634805227,20
3,tv_l_vrn,486,0.0102880658436214,0.10090699452871792,20
3,tv_l_vca,929,0.07104413347685684,0.25689854918893446,20
3,tv_l_yug,936,0.023504273504273504,0.1514985895357109,20
3,tv_l_ova,938,0.01279317697228145,0.11238109981325747,20
3,tv_l_sup,940,0.00425531914893617,0.0650938661309717,20
3,tv_l_pul,939,0.003194888178913738,0.056432976781647576,20
3,tv_l_ove,486,0.05555555555555555,0.22906142364542556,20
3,fr_antfa,691,0.13024602026049203,0.33657390639619633,20
3,fr_tvs_a,248,0.04435483870967742,0.20588221630999587,20
3,fr_viaje,10,0.0,0.0,20
3,fr_estro,15,0.0,0.0,20
3,fr_varic,25,0.24,0.4270831300812524,20
3,fr_antec,1,0.0,0.0,20
3,ana_dime,181,1.5303867403314917,0.5996447978437629,20
3,ana_crea,45,0.8444444444444444,0.36243347622889094,20
3,ana_trop,824,0.8980582524271845,0.30257169014072666,20
3,tension_,60,134.0,17.61628034896508,20
3,ana_hemo,3,15.433333333333332,1.9938795238317573,20
3,ana_plaq,3,317.6666666666667,72.00617257491811,20
3,ana_leuc,15,8.37,3.3108226570848927,20
3,ana_neu,1052,5.942290874524715,2.963542187893135,20
3,protcrea,1317,57.31463933181473,49.81766453972548,20
3,splanchnic,464,0.021551724137931036,0.1452144873096812,20
4,raza,430,2.9558139534883723,0.6436821133611794,20
4,ant_inf,21,0.047619047619047616,0.21295885499998,20
4,ant_isq,22,0.09090909090909091,0.28747978728803447,20
4,ant_clau,22,0.045454545454545456,0.2082988952252655,20
4,fum_act,29,0.27586206896551724,0.44694763437295587,20
4,diabetes,20,0.25,0.4330127018922193,20
4,hip_art,21,0.42857142857142855,0.49487165930539345,20
4,insf_car,5,0.0,0.0,20
4,fibr_aur,186,0.010752688172043012,0.1031361617916714,20
4,trat_est,24,0.2916666666666667,0.45452967144315476,20
4,var171,18,0.05555555555555555,0.2290614236454256,20
4,tv_l_esu,360,0.013888888888888888,0.11702985796078277,20
4,tvp_orig,1291,0.2300542215336948,0.42086729106479687,20
4,tv_l_ein,286,0.7692307692307693,0.4213250442347432,20
4,tvp_prox,568,0.8433098591549296,0.3635083776297631,20
4,tv_l_svc,474,0.010548523206751054,0.10216286930635658,20
4,tv_l_vre,493,0.018255578093306288,0.1338742393509128,20
4,tv_l_vrn,486,0.01440329218106996,0.11914628552924633,20
4,tv_l_vca,929,0.023681377825618945,0.15205449736821083,20
4,tv_l_yug,936,0.013888888888888888,0.11702985796078279,20
4,tv_l_ova,938,0.0021321961620469083,0.04612645554964591,20
4,tv_l_sup,940,0.005319148936170213,0.0727382677190284,20
4,tv_l_pul,939,0.004259850905218318,0.06512836997410291,20
4,tv_l_ove,486,0.04526748971193416,0.20789022123975454,20
4,fr_antfa,691,0.11143270622286541,0.3146672181952133,20
4,fr_tvs_a,248,0.04838709677419355,0.21458281767177534,20
4,fr_viaje,10,0.0,0.0,20
4,fr_estro,15,0.0,0.0,20
4,fr_varic,25,0.16,0.36660605559646714,20
4,fr_antec,1,0.0,0.0,20
4,ana_dime,181,1.591160220994475,0.5242508801890148,20
4,ana_crea,45,0.9555555555555556,0.20608041101101562,20
4,ana_trop,824,0.8592233009708737,0.3477910580213198,20
4,tension_,60,134.43333333333334,21.4486725825995,20
4,ana_hemo,3,15.0,1.0614455552060444,20
4,ana_plaq,3,251.0,42.05551886098502,20
4,ana_leuc,15,8.294000000000002,3.054768512779105,20
4,ana_neu,1052,6.829344106463878,3.0548090005562893,20
4,protcrea,1317,72.23679574791193,46.69524140953393,20
4,splanchnic,464,0.017241379310344827,0.13016955922880602,20
5,raza,430,2.9511627906976745,0.5325987594948638,20
5,ant_inf,21,0.09523809523809523,0.2935435239509036,20
5,ant_isq,22,0.045454545454545456,0.20829889522526548,20
5,ant_clau,22,0.09090909090909091,0.2874797872880344,20
5,fum_act,29,0.2413793103448276,0.42791978089623633,20
5,diabetes,20,0.15,0.3570714214271425,20
5,hip_art,21,0.38095238095238093,0.4856209060564557,20
5,insf_car,5,0.0,0.0,20
5,fibr_aur,186,0.010752688172043012,0.10313616179167141,20
5,trat_est,24,0.375,0.4841229182759271,20
5,var171,18,0.0,0.0,20
5,tv_l_esu,360,0.011111111111111112,0.10482201257840673,20
5,tvp_orig,1291,0.22075910147172734,0.41475838820827104,20
5,tv_l_ein,286,0.6958041958041958,0.4600659919027619,20
5,tvp_prox,568,0.9172535211267606,0.27549863721499596,20
5,tv_l_svc,474,0.016877637130801686,0.1288129748731962,20
5,tv_l_vre,493,0.016227180527383367,0.12634816634805227,20
5,tv_l_vrn,486,0.00823045267489712,0.09034773004156439,20
5,tv_l_vca,929,0.05166846071044134,0.22135679541919404,20
5,tv_l_yug,936,0.013888888888888888,0.11702985796078279,20
5,tv_l_ova,938,0.006396588486140725,0.07972246949185464,20
5,tv_l_sup,940,0.005319148936170213,0.0727382677190284,20
5,tv_l_pul,939,0.003194888178913738,0.056432976781647576,20
5,tv_l_ove,486,0.06172839506172839,0.24066158876071514,20
5,fr_antfa,691,0.1345875542691751,0.3412824995586749,20
5,fr_tvs_a,248,0.06048387096774194,0.23838114925576534,20
5,fr_viaje,10,0.0,0.0,20
5,fr_estro,15,0.0,0.0,20
5,fr_varic,25,0.2,0.4,20
5,fr_antec,1,0.0,0.0,20
5,ana_dime,181,1.6022099447513811,0.5326837919643735,20
5,ana_crea,45,0.8888888888888888,0.3142696805273545,20
5,ana_trop,824,0.8762135922330098,0.3293377187920246,20
5,tension_,60,134.85,20.4220673129175,20
5,ana_hemo,3,13.633333333333333,1.873202842430282,20
5,ana_plaq,3,242.0,67.38446903157038,20
5,ana_leuc,15,8.663333333333332,3.4843988800875763,20
5,ana_neu,1052,6.911967680608365,3.0711545906821436,20
5,protcrea,1317,57.69803340926347,51.87770811627589,20
5,splanchnic,464,0.015086206896551725,0.12189591157223509,20
