iteration,variable,missing_n,imputed_mean,imputed_sd,imputation
1,raza,444,2.9324324324324325,0.664364786663884,1
1,ant_inf,31,0.0,0.0,1
1,ant_isq,30,0.0,0.0,1
1,ant_clau,32,0.0,0.0,1
1,fum_act,37,0.21621621621621623,0.4116634111277789,1
1,diabetes,30,0.1,0.30000000000000004,1
1,hip_art,31,0.3548387096774194,0.47846441852230076,1
1,insf_car,6,0.0,0.0,1
1,fibr_aur,188,0.031914893617021274,0.17577352810487562,1
1,trat_est,35,0.17142857142857143,0.3768830273792263,1
1,var171,21,0.047619047619047616,0.21295885499997996,1
1,tv_l_esu,369,0.005420054200542005,0.07342123135037433,1
1,tvp_orig,1285,0.354863813229572,0.4784720339682763,1
1,tv_l_ein,278,0.44244604316546765,0.4966764963763524,1
1,tvp_prox,542,0.8579335793357934,0.34911825043080646,1
1,tv_l_svc,500,0.008,0.08908422980528033,1
1,tv_l_vre,513,0.011695906432748537,0.10751331175935812,1
1,tv_l_vrn,504,0.003968253968253968,0.06286896634029705,1
1,tv_l_vca,936,0.05128205128205128,0.22057244274468277,1
1,tv_l_yug,942,0.024416135881104035,0.1543372547045576,1
1,tv_l_ova,943,0.0021208907741251328,0.0460042671547908,1
1,tv_l_sup,942,0.0010615711252653928,0.032564462102288694,1
1,tv_l_pul,942,0.0021231422505307855,0.04602862715218429,1
1,tv_l_ove,503,0.06560636182902585,0.24759274447484275,1
1,fr_antfa,704,0.13494318181818182,0.3416628740424791,1
1,fr_tvs_a,258,0.050387596899224806,0.21874342727941803,1
1,fr_viaje,8,0.0,0.0,1
1,fr_estro,10,0.0,0.0,1
1,fr_varic,28,0.21428571428571427,0.41032590332414487,1
1,fr_antec,1,0.0,0.0,1
1,ana_dime,191,1.581151832460733,0.5720000118847188,1
1,ana_crea,54,0.8703703703703703,0.3358955027262418,1
1,ana_trop,863,0.8760139049826188,0.3295656888386929,1
1,tension_,64,132.5625,21.011064793341628,1
1,ana_hemo,5,13.9,2.4157814470684222,1
1,ana_plaq,5,227.6,62.7840744138193,1
1,ana_leuc,16,8.084375,2.69124267010149,1
1,ana_neu,1043,6.718977948226271,3.082408431679082,1
1,protcrea,1318,34.68026403641882,45.01013106705906,1
1,splanchnic,484,0.022727272727272728,0.14903269373413638,1
2,raza,444,2.8626126126126126,0.7175712435505283,1
2,ant_inf,31,0.03225806451612903,0.17668469596940847,1
2,ant_isq,30,0.0,0.0,1
2,ant_clau,32,0.0,0.0,1
2,fum_act,37,0.21621621621621623,0.4116634111277789,1
2,diabetes,30,0.1,0.3,1
2,hip_art,31,0.3225806451612903,0.4674637660061109,1
2,insf_car,6,0.0,0.0,1
2,fibr_aur,188,0.02127659574468085,0.14430489325798443,1
2,trat_est,35,0.05714285714285714,0.23211538298959886,1
2,var171,21,0.0,0.0,1
2,tv_l_esu,369,0.02981029810298103,0.17006364758522746,1
2,tvp_orig,1285,0.35019455252918286,0.4770307410514214,1
2,tv_l_ein,278,0.4748201438848921,0.49936557234757634,1
2,tvp_prox,542,0.8339483394833949,0.3721270032613641,1
2,tv_l_svc,500,0.004,0.063118935352238,1
2,tv_l_vre,513,0.003898635477582846,0.0623172216886775,1
2,tv_l_vrn,504,0.013888888888888888,0.11702985796078279,1
2,tv_l_vca,936,0.07051282051282051,0.256009301893793,1
2,tv_l_yug,942,0.006369426751592357,0.07955411462927897,1
2,tv_l_ova,943,0.0021208907741251328,0.0460042671547908,1
2,tv_l_sup,942,0.0074309978768577496,0.08588235061647932,1
2,tv_l_pul,942,0.025477707006369428,0.1575709156287004,1
2,tv_l_ove,503,0.06560636182902585,0.24759274447484275,1
2,fr_antfa,704,0.15056818181818182,0.35762746600638595,1
2,fr_tvs_a,258,0.05813953488372093,0.2340071139243966,1
2,fr_viaje,8,0.0,0.0,1
2,fr_estro,10,0.1,0.30000000000000004,1
2,fr_varic,28,0.10714285714285714,0.30929478706587094,1
2,fr_antec,1,0.0,0.0,1
2,ana_dime,191,1.513089005235602,0.5203566914328148,1
2,ana_crea,54,0.8703703703703703,0.33589550272624175,1
2,ana_trop,863,0.8609501738122828,0.34599851448363605,1
2,tension_,64,134.96875,21.985768656963078,1
2,ana_hemo,5,12.6,2.2671568097509267,1
2,ana_plaq,5,322.6,179.75605692159584,1
2,ana_leuc,16,7.95875,2.8485783186530083,1
2,ana_neu,1043,6.611558964525408,3.12385036512091,1
2,protcrea,1318,45.092459787556905,52.22283010382176,1
2,splanchnic,484,0.012396694214876033,0.11064816395864367,1
3,raza,444,2.93018018018018,0.6055962470012091,1
3,ant_inf,31,0.0,0.0,1
3,ant_isq,30,0.03333333333333333,0.17950549357115012,1
3,ant_clau,32,0.0625,0.24206145913796356,1
3,fum_act,37,0.21621621621621623,0.4116634111277789,1
3,diabetes,30,0.13333333333333333,0.33993463423951903,1
3,hip_art,31,0.41935483870967744,0.49345350131543086,1
3,insf_car,6,0.0,0.0,1
3,fibr_aur,188,0.02127659574468085,0.14430489325798446,1
3,trat_est,35,0.2,0.4,1
3,var171,21,0.047619047619047616,0.21295885499997996,1
3,tv_l_esu,369,0.04065040650406504,0.19747898864213204,1
3,tvp_orig,1285,0.2988326848249027,0.4577463394777101,1
3,tv_l_ein,278,0.42805755395683454,0.4947972154906758,1
3,tvp_prox,542,0.8560885608856088,0.3509999099806381,1
3,tv_l_svc,500,0.002,0.044676615807377355,1
3,tv_l_vre,513,0.007797270955165692,0.08795722551796084,1
3,tv_l_vrn,504,0.001984126984126984,0.044499328357154394,1
3,tv_l_vca,936,0.038461538461538464,0.1923076923076923,1
3,tv_l_yug,942,0.020169851380042462,0.14058103881871642,1
3,tv_l_ova,943,0.0042417815482502655,0.0649906826979621,1
3,tv_l_sup,942,0.0074309978768577496,0.08588235061647932,1
3,tv_l_pul,942,0.009554140127388535,0.09727722515478511,1
3,tv_l_ove,503,0.07157057654075547,0.25777554017862003,1
3,fr_antfa,704,0.1377840909090909,0.34467322959789937,1
3,fr_tvs_a,258,0.06589147286821706,0.24809229466364746,1
3,fr_viaje,8,0.125,0.33071891388307384,1
3,fr_estro,10,0.0,0.0,1
3,fr_varic,28,0.14285714285714285,0.3499271061118826,1
3,fr_antec,1,1.0,0.0,1
3,ana_dime,191,1.549738219895288,0.5755829592591335,1
3,ana_crea,54,0.8518518518518519,0.3552467795046459,1
3,ana_trop,863,0.8679026651216686,0.3385965578625591,1
3,tension_,64,129.5,18.366919992203375,1
3,ana_hemo,5,13.440000000000001,2.1143320458244017,1
3,ana_plaq,5,359.6,194.20051493237602,1
3,ana_leuc,16,8.000625,2.9197826733123478,1
3,ana_neu,1043,6.570944391179291,3.1663160320077144,1
3,protcrea,1318,49.26410015174507,53.75644238198914,1
3,splanchnic,484,0.03925619834710744,0.1942038857449562,1
4,raza,444,2.9279279279279278,0.5649158705077797,1
4,ant_inf,31,0.0,0.0,1
4,ant_isq,30,0.03333333333333333,0.17950549357115012,1
4,ant_clau,32,0.03125,0.17399263633843817,1
4,fum_act,37,0.08108108108108109,0.27295959292870475,1
4,diabetes,30,0.16666666666666666,0.3726779962499649,1
4,hip_art,31,0.41935483870967744,0.49345350131543086,1
4,insf_car,6,0.0,0.0,1
4,fibr_aur,188,0.005319148936170213,0.0727382677190284,1
4,trat_est,35,0.11428571428571428,0.318157963590287,1
4,var171,21,0.0,0.0,1
4,tv_l_esu,369,0.018970189701897018,0.1364196525599265,1
4,tvp_orig,1285,0.3408560311284047,0.47399704342094445,1
4,tv_l_ein,278,0.3669064748201439,0.4819606971063086,1
4,tvp_prox,542,0.8745387453874539,0.3312411933977898,1
4,tv_l_svc,500,0.012,0.10888526071052962,1
4,tv_l_vre,513,0.011695906432748537,0.10751331175935812,1
4,tv_l_vrn,504,0.005952380952380952,0.07692171418642908,1
4,tv_l_vca,936,0.056623931623931624,0.2311226124622598,1
4,tv_l_yug,942,0.009554140127388535,0.09727722515478512,1
4,tv_l_ova,943,0.003181336161187699,0.056313544209339365,1
4,tv_l_sup,942,0.0031847133757961785,0.056343331251446284,1
4,tv_l_pul,942,0.0010615711252653928,0.032564462102288694,1
4,tv_l_ove,503,0.07952286282306163,0.2705530948104016,1
4,fr_antfa,704,0.12642045454545456,0.3323226191789767,1
4,fr_tvs_a,258,0.031007751937984496,0.17333860290696043,1
4,fr_viaje,8,0.0,0.0,1
4,fr_estro,10,0.0,0.0,1
4,fr_varic,28,0.21428571428571427,0.410325903324145,1
4,fr_antec,1,0.0,0.0,1
4,ana_dime,191,1.5026178010471205,0.5955713131124555,1
4,ana_crea,54,0.8518518518518519,0.3552467795046459,1
4,ana_trop,863,0.8887601390498262,0.31442893360179147,1
4,tension_,64,130.328125,22.015658268250238,1
4,ana_hemo,5,14.3,0.9316651759081693,1
4,ana_plaq,5,280.4,142.15990996057926,1
4,ana_leuc,16,7.910625,2.56656255707415,1
4,ana_neu,1043,6.486827420901247,3.104378645035185,1
4,protcrea,1318,47.809655538695,53.98000163068046,1
4,splanchnic,484,0.026859504132231406,0.16167272859082343,1
5,raza,444,2.849099099099099,0.7982097644211115,1
5,ant_inf,31,0.12903225806451613,0.3352356401746214,1
5,ant_isq,30,0.03333333333333333,0.1795054935711501,1
5,ant_clau,32,0.0,0.0,1
5,fum_act,37,0.21621621621621623,0.4116634111277789,1
5,diabetes,30,0.23333333333333334,0.4229525846816506,1
5,hip_art,31,0.3548387096774194,0.47846441852230076,1
5,insf_car,6,0.0,0.0,1
5,fibr_aur,188,0.02127659574468085,0.14430489325798443,1
5,trat_est,35,0.17142857142857143,0.3768830273792263,1
5,var171,21,0.09523809523809523,0.2935435239509036,1
5,tv_l_esu,369,0.02168021680216802,0.1456371690248716,1
5,tvp_orig,1285,0.34007782101167316,0.47373504901751307,1
5,tv_l_ein,278,0.44964028776978415,0.4974574347460191,1
5,tvp_prox,542,0.8468634686346863,0.36011905548958933,1
5,tv_l_svc,500,0.012,0.10888526071052962,1
5,tv_l_vre,513,0.003898635477582846,0.06231722168867751,1
5,tv_l_vrn,504,0.013888888888888888,0.11702985796078279,1
5,tv_l_vca,936,0.07478632478632478,0.26304625146783434,1
5,tv_l_yug,942,0.013800424628450107,0.11666178855359868,1
5,tv_l_ova,943,0.0,0.0,1
5,tv_l_sup,942,0.0,0.0,1
5,tv_l_pul,942,0.0074309978768577496,0.08588235061647932,1
5,tv_l_ove,503,0.05964214711729622,0.23682263701879308,1
5,fr_antfa,704,0.16051136363636365,0.36707964500903434,1
5,fr_tvs_a,258,0.03875968992248062,0.1930216991936238,1
5,fr_viaje,8,0.0,0.0,1
5,fr_estro,10,0.0,0.0,1
5,fr_varic,28,0.14285714285714285,0.3499271061118826,1
5,fr_antec,1,0.0,0.0,1
5,ana_dime,191,1.5078534031413613,0.5498130091235635,1
5,ana_crea,54,0.8888888888888888,0.3142696805273545,1
5,ana_trop,863,0.8945538818076477,0.3071273910782247,1
5,tension_,64,130.3125,20.8138137723484,1
5,ana_hemo,5,13.440000000000001,1.723484841824842,1
5,ana_plaq,5,283.4,102.82917873833283,1
5,ana_leuc,16,7.600625,2.845855470570317,1
5,ana_neu,1043,6.598826462128476,3.1219039949648075,1
5,protcrea,1318,50.977581183611534,56.392122508290065,1
5,splanchnic,484,0.03305785123966942,0.17878766655193337,1
1,raza,444,2.9279279279279278,0.7034242080190574,2
1,ant_inf,31,0.03225806451612903,0.17668469596940847,2
1,ant_isq,30,0.03333333333333333,0.17950549357115014,2
1,ant_clau,32,0.03125,0.17399263633843817,2
1,fum_act,37,0.16216216216216217,0.36859950532394203,2
1,diabetes,30,0.06666666666666667,0.24944382578492943,2
1,hip_art,31,0.3870967741935484,0.4870860925981129,2
1,insf_car,6,0.0,0.0,2
1,fibr_aur,188,0.010638297872340425,0.10259202937226548,2
1,trat_est,35,0.2,0.4,2
1,var171,21,0.0,0.0,2
1,tv_l_esu,369,0.02168021680216802,0.1456371690248716,2
1,tvp_orig,1285,0.1821011673151751,0.38592788468524236,2
1,tv_l_ein,278,0.7553956834532374,0.4298523524112131,2
1,tvp_prox,542,0.8819188191881919,0.32270422301218366,2
1,tv_l_svc,500,0.008,0.08908422980528033,2
1,tv_l_vre,513,0.005847953216374269,0.0762479813473994,2
1,tv_l_vrn,504,0.007936507936507936,0.08873285624999165,2
1,tv_l_vca,936,0.05128205128205128,0.22057244274468277,2
1,tv_l_yug,942,0.008492569002123142,0.09176298422494399,2
1,tv_l_ova,943,0.006362672322375398,0.07951219229334251,2
1,tv_l_sup,942,0.005307855626326964,0.07266142232971382,2
1,tv_l_pul,942,0.0074309978768577496,0.08588235061647932,2
1,tv_l_ove,503,0.03578528827037773,0.18575441155941277,2
1,fr_antfa,704,0.18039772727272727,0.38451838352354756,2
1,fr_tvs_a,258,0.050387596899224806,0.21874342727941803,2
1,fr_viaje,8,0.0,0.0,2
1,fr_estro,10,0.0,0.0,2
1,fr_varic,28,0.17857142857142858,0.3829930462415574,2
1,fr_antec,1,0.0,0.0,2
1,ana_dime,191,1.549738219895288,0.5181394772246284,2
1,ana_crea,54,0.8888888888888888,0.3142696805273545,2
1,ana_trop,863,0.8157589803012746,0.3876806241729128,2
1,tension_,64,133.015625,19.711586208607745,2
1,ana_hemo,5,12.34,1.4051334456200235,2
1,ana_plaq,5,268.6,67.80737423024136,2
1,ana_leuc,16,8.374374999999999,2.788449319850551,2
1,ana_neu,1043,6.307299137104506,3.1176003774981846,2
1,protcrea,1318,40.136412746585734,49.89659053383267,2
1,splanchnic,484,0.01652892561983471,0.12749792248381414,2
2,raza,444,2.8986486486486487,0.6981945655238251,2
2,ant_inf,31,0.03225806451612903,0.17668469596940845,2
2,ant_isq,30,0.03333333333333333,0.17950549357115012,2
2,ant_clau,32,0.0625,0.24206145913796356,2
2,fum_act,37,0.21621621621621623,0.4116634111277789,2
2,diabetes,30,0.16666666666666666,0.37267799624996495,2
2,hip_art,31,0.3548387096774194,0.47846441852230076,2
2,insf_car,6,0.0,0.0,2
2,fibr_aur,188,0.0,0.0,2
2,trat_est,35,0.2,0.4000000000000001,2
2,var171,21,0.047619047619047616,0.21295885499998,2
2,tv_l_esu,369,0.013550135501355014,0.11561370735881596,2
2,tvp_orig,1285,0.2085603112840467,0.4062793470521831,2
2,tv_l_ein,278,0.8453237410071942,0.36159578799648123,2
2,tvp_prox,542,0.8985239852398524,0.30195799904712894,2
2,tv_l_svc,500,0.018,0.132951118836962,2
2,tv_l_vre,513,0.007797270955165692,0.08795722551796084,2
2,tv_l_vrn,504,0.007936507936507936,0.08873285624999165,2
2,tv_l_vca,936,0.03205128205128205,0.17613630338505235,2
2,tv_l_yug,942,0.021231422505307854,0.14415494859250919,2
2,tv_l_ova,943,0.0021208907741251328,0.0460042671547908,2
2,tv_l_sup,942,0.0021231422505307855,0.04602862715218429,2
2,tv_l_pul,942,0.0074309978768577496,0.08588235061647932,2
2,tv_l_ove,503,0.04970178926441352,0.2173281422373305,2
2,fr_antfa,704,0.13920454545454544,0.34615984743950134,2
2,fr_tvs_a,258,0.06589147286821706,0.24809229466364746,2
2,fr_viaje,8,0.0,0.0,2
2,fr_estro,10,0.0,0.0,2
2,fr_varic,28,0.25,0.4330127018922193,2
2,fr_antec,1,0.0,0.0,2
2,ana_dime,191,1.5078534031413613,0.5955252857300989,2
2,ana_crea,54,0.8703703703703703,0.3358955027262418,2
2,ana_trop,863,0.8794901506373117,0.32555679315485103,2
2,tension_,64,126.40625,21.902995478644012,2
2,ana_hemo,5,13.580000000000002,0.8518215775618742,2
2,ana_plaq,5,301.6,93.08619661367628,2
2,ana_leuc,16,8.32125,2.6867309946289746,2
2,ana_neu,1043,7.182859060402684,3.153953126223963,2
2,protcrea,1318,41.38376934749621,49.34805360909364,2
2,splanchnic,484,0.01859504132231405,0.13508984329154983,2
3,raza,444,2.90990990990991,0.5663149340220406,2
3,ant_inf,31,0.06451612903225806,0.24567010018915833,2
3,ant_isq,30,0.03333333333333333,0.1795054935711501,2
3,ant_clau,32,0.03125,0.17399263633843817,2
3,fum_act,37,0.2702702702702703,0.44409937095013474,2
3,diabetes,30,0.06666666666666667,0.24944382578492943,2
3,hip_art,31,0.3548387096774194,0.47846441852230076,2
3,insf_car,6,0.0,0.0,2
3,fibr_aur,188,0.031914893617021274,0.17577352810487562,2
3,trat_est,35,0.17142857142857143,0.3768830273792263,2
3,var171,21,0.0,0.0,2
3,tv_l_esu,369,0.016260162601626018,0.12647438362686217,2
3,tvp_orig,1285,0.17120622568093385,0.3766890680243097,2
3,tv_l_ein,278,0.7949640287769785,0.4037279055597394,2
3,tvp_prox,542,0.9169741697416974,0.2759212600874063,2
3,tv_l_svc,500,0.002,0.044676615807377355,2
3,tv_l_vre,513,0.009746588693957114,0.09824251983122143,2
3,tv_l_vrn,504,0.00992063492063492,0.099107093204303,2
3,tv_l_vca,936,0.06837606837606838,0.25239013778176755,2
3,tv_l_yug,942,0.02335456475583864,0.1510269150214755,2
3,tv_l_ova,943,0.0042417815482502655,0.0649906826979621,2
3,tv_l_sup,942,0.009554140127388535,0.09727722515478511,2
3,tv_l_pul,942,0.0010615711252653928,0.03256446210228869,2
3,tv_l_ove,503,0.055666003976143144,0.2292755983035943,2
3,fr_antfa,704,0.14204545454545456,0.34909675362058257,2
3,fr_tvs_a,258,0.04263565891472868,0.20203430278949067,2
3,fr_viaje,8,0.0,0.0,2
3,fr_estro,10,0.1,0.30000000000000004,2
3,fr_varic,28,0.32142857142857145,0.4670248868079293,2
3,fr_antec,1,0.0,0.0,2
3,ana_dime,191,1.5759162303664922,0.5727183945664703,2
3,ana_crea,54,0.8518518518518519,0.3552467795046459,2
3,ana_trop,863,0.8447276940903824,0.3621640745948274,2
3,tension_,64,137.0,25.375307879905616,2
3,ana_hemo,5,12.4,1.679285562374667,2
3,ana_plaq,5,231.4,83.44243524730088,2
3,ana_leuc,16,9.359375,3.750292436514118,2
3,ana_neu,1043,5.72980824544583,3.002815100047126,2
3,protcrea,1318,33.48444006069803,41.20275072318446,2
3,splanchnic,484,0.028925619834710745,0.16759751893118383,2
4,raza,444,2.945945945945946,0.4809494708122213,2
4,ant_inf,31,0.06451612903225806,0.24567010018915833,2
4,ant_isq,30,0.03333333333333333,0.1795054935711501,2
4,ant_clau,32,0.0,0.0,2
4,fum_act,37,0.2972972972972973,0.457068500683453,2
4,diabetes,30,0.1,0.3,2
4,hip_art,31,0.3870967741935484,0.487086092598113,2
4,insf_car,6,0.0,0.0,2
4,fibr_aur,188,0.010638297872340425,0.10259202937226548,2
4,trat_est,35,0.2,0.4,2
4,var171,21,0.09523809523809523,0.2935435239509036,2
4,tv_l_esu,369,0.016260162601626018,0.12647438362686217,2
4,tvp_orig,1285,0.24669260700389106,0.4310862612674113,2
4,tv_l_ein,278,0.7949640287769785,0.4037279055597394,2
4,tvp_prox,542,0.8856088560885609,0.31828573657339965,2
4,tv_l_svc,500,0.004,0.06311893535223802,2
4,tv_l_vre,513,0.005847953216374269,0.0762479813473994,2
4,tv_l_vrn,504,0.023809523809523808,0.1524553389864964,2
4,tv_l_vca,936,0.05982905982905983,0.23716986197455736,2
4,tv_l_yug,942,0.029723991507430998,0.16982483869062612,2
4,tv_l_ova,943,0.008483563096500531,0.09171473302413426,2
4,tv_l_sup,942,0.0,0.0,2
4,tv_l_pul,942,0.0,0.0,2
4,tv_l_ove,503,0.05765407554671968,0.23308814452814372,2
4,fr_antfa,704,0.13636363636363635,0.3431742925123068,2
4,fr_tvs_a,258,0.05426356589147287,0.22653704180158843,2
4,fr_viaje,8,0.125,0.33071891388307384,2
4,fr_estro,10,0.0,0.0,2
4,fr_varic,28,0.07142857142857142,0.25753937681885636,2
4,fr_antec,1,0.0,0.0,2
4,ana_dime,191,1.581151832460733,0.5438477737664037,2
4,ana_crea,54,0.8703703703703703,0.3358955027262418,2
4,ana_trop,863,0.8366164542294322,0.36971524548225565,2
4,tension_,64,136.9375,20.082544503872015,2
4,ana_hemo,5,12.559999999999999,2.5780612870915234,2
4,ana_plaq,5,263.0,243.7629996533518,2
4,ana_leuc,16,9.2075,4.509644525902236,2
4,ana_neu,1043,7.0309894534995205,3.0428330205379837,2
4,protcrea,1318,47.06916388467375,51.731377749450075,2
4,splanchnic,484,0.022727272727272728,0.14903269373413638,2
5,raza,444,2.939189189189189,0.5439224161937816,2
5,ant_inf,31,0.06451612903225806,0.24567010018915833,2
5,ant_isq,30,0.06666666666666667,0.24944382578492943,2
5,ant_clau,32,0.0,0.0,2
5,fum_act,37,0.1891891891891892,0.3916588309780929,2
5,diabetes,30,0.1,0.3,2
5,hip_art,31,0.3548387096774194,0.4784644185223008,2
5,insf_car,6,0.0,0.0,2
5,fibr_aur,188,0.010638297872340425,0.10259202937226548,2
5,trat_est,35,0.22857142857142856,0.4199125273342591,2
5,var171,21,0.09523809523809523,0.29354352395090366,2
5,tv_l_esu,369,0.008130081300813009,0.08979968306656308,2
5,tvp_orig,1285,0.24124513618677043,0.4278386617090571,2
5,tv_l_ein,278,0.7805755395683454,0.41385669814071135,2
5,tvp_prox,542,0.8782287822878229,0.32702138806058345,2
5,tv_l_svc,500,0.008,0.08908422980528033,2
5,tv_l_vre,513,0.007797270955165692,0.08795722551796084,2
5,tv_l_vrn,504,0.005952380952380952,0.07692171418642908,2
5,tv_l_vca,936,0.024572649572649572,0.15481871484297155,2
5,tv_l_yug,942,0.01592356687898089,0.12517989813397162,2
5,tv_l_ova,943,0.0010604453870625664,0.03254720944479916,2
5,tv_l_sup,942,0.005307855626326964,0.07266142232971382,2
5,tv_l_pul,942,0.0,0.0,2
5,tv_l_ove,503,0.0437375745526839,0.20451063328084512,2
5,fr_antfa,704,0.12073863636363637,0.3258232926797683,2
5,fr_tvs_a,258,0.046511627906976744,0.21059035204970736,2
5,fr_viaje,8,0.0,0.0,2
5,fr_estro,10,0.0,0.0,2
5,fr_varic,28,0.10714285714285714,0.30929478706587094,2
5,fr_antec,1,0.0,0.0,2
5,ana_dime,191,1.486910994764398,0.5497132878913795,2
5,ana_crea,54,0.9259259259259259,0.261891400439462,2
5,ana_trop,863,0.8528389339513326,0.35426640637814816,2
5,tension_,64,131.6875,19.89572425799071,2
5,ana_hemo,5,13.780000000000001,2.3412817002659034,2
5,ana_plaq,5,237.8,90.1296843442825,2
5,ana_leuc,16,9.050625,5.1592580241130594,2
5,ana_neu,1043,6.168611697027805,3.1392084625841923,2
5,protcrea,1318,59.063294385432464,56.569968386827206,2
5,splanchnic,484,0.012396694214876033,0.11064816395864367,2
1,raza,444,2.894144144144144,0.5889844190546405,3
1,ant_inf,31,0.03225806451612903,0.17668469596940847,3
1,ant_isq,30,0.0,0.0,3
1,ant_clau,32,0.03125,0.17399263633843817,3
1,fum_act,37,0.24324324324324326,0.4290407531456093,3
1,diabetes,30,0.1,0.30000000000000004,3
1,hip_art,31,0.3548387096774194,0.47846441852230076,3
1,insf_car,6,0.0,0.0,3
1,fibr_aur,188,0.005319148936170213,0.07273826771902842,3
1,trat_est,35,0.2,0.4000000000000001,3
1,var171,21,0.047619047619047616,0.21295885499997996,3
1,tv_l_esu,369,0.008130081300813009,0.08979968306656308,3
1,tvp_orig,1285,0.24980544747081712,0.4329003186470552,3
1,tv_l_ein,278,0.7985611510791367,0.4010751040220534,3
1,tvp_prox,542,0.8929889298892989,0.30912732164023243,3
1,tv_l_svc,500,0.008,0.08908422980528033,3
1,tv_l_vre,513,0.009746588693957114,0.09824251983122144,3
1,tv_l_vrn,504,0.00992063492063492,0.09910709320430298,3
1,tv_l_vca,936,0.05555555555555555,0.2290614236454256,3
1,tv_l_yug,942,0.01592356687898089,0.12517989813397162,3
1,tv_l_ova,943,0.003181336161187699,0.056313544209339365,3
1,tv_l_sup,942,0.006369426751592357,0.07955411462927896,3
1,tv_l_pul,942,0.0021231422505307855,0.04602862715218428,3
1,tv_l_ove,503,0.08349900596421471,0.27663499772661226,3
1,fr_antfa,704,0.1590909090909091,0.3657608395325246,3
1,fr_tvs_a,258,0.05426356589147287,0.22653704180158843,3
1,fr_viaje,8,0.0,0.0,3
1,fr_estro,10,0.0,0.0,3
1,fr_varic,28,0.25,0.4330127018922193,3
1,fr_antec,1,0.0,0.0,3
1,ana_dime,191,1.5759162303664922,0.5727183945664703,3
1,ana_crea,54,0.9074074074074074,0.2898606637499727,3
1,ana_trop,863,0.880648899188876,0.32420119609017006,3
1,tension_,64,131.109375,20.944209512640363,3
1,ana_hemo,5,13.12,4.370995309995196,3
1,ana_plaq,5,337.8,95.82776215690316,3
1,ana_leuc,16,9.543125,3.3286347027535172,3
1,ana_neu,1043,6.50369606903164,3.181691822589783,3
1,protcrea,1318,50.57115174506828,55.37196545630672,3
1,splanchnic,484,0.0371900826446281,0.18922732465876546,3
2,raza,444,2.963963963963964,0.560371947390414,3
2,ant_inf,31,0.03225806451612903,0.17668469596940847,3
2,ant_isq,30,0.0,0.0,3
2,ant_clau,32,0.03125,0.17399263633843817,3
2,fum_act,37,0.24324324324324326,0.4290407531456093,3
2,diabetes,30,0.13333333333333333,0.33993463423951903,3
2,hip_art,31,0.25806451612903225,0.4375696763306625,3
2,insf_car,6,0.0,0.0,3
2,fibr_aur,188,0.010638297872340425,0.10259202937226548,3
2,trat_est,35,0.14285714285714285,0.3499271061118826,3
2,var171,21,0.047619047619047616,0.21295885499997996,3
2,tv_l_esu,369,0.01084010840108401,0.10354999010592301,3
2,tvp_orig,1285,0.2443579766536965,0.4297058946528521,3
2,tv_l_ein,278,0.7769784172661871,0.4162726947191204,3
2,tvp_prox,542,0.8191881918819188,0.3848621807389645,3
2,tv_l_svc,500,0.012,0.10888526071052962,3
2,tv_l_vre,513,0.005847953216374269,0.07624798134739938,3
2,tv_l_vrn,504,0.00992063492063492,0.09910709320430297,3
2,tv_l_vca,936,0.042735042735042736,0.20225913788374753,3
2,tv_l_yug,942,0.02335456475583864,0.1510269150214755,3
2,tv_l_ova,943,0.0021208907741251328,0.0460042671547908,3
2,tv_l_sup,942,0.010615711252653927,0.10248423257874456,3
2,tv_l_pul,942,0.0074309978768577496,0.08588235061647932,3
2,tv_l_ove,503,0.02584493041749503,0.1586725243676733,3
2,fr_antfa,704,0.15767045454545456,0.3644317251679446,3
2,fr_tvs_a,258,0.050387596899224806,0.21874342727941803,3
2,fr_viaje,8,0.0,0.0,3
2,fr_estro,10,0.1,0.30000000000000004,3
2,fr_varic,28,0.25,0.4330127018922193,3
2,fr_antec,1,0.0,0.0,3
2,ana_dime,191,1.5654450261780104,0.5648144632248109,3
2,ana_crea,54,0.8888888888888888,0.3142696805273545,3
2,ana_trop,863,0.8574739281575898,0.349588888106562,3
2,tension_,64,137.46875,24.18223053064998,3
2,ana_hemo,5,14.62,2.740364939200617,3
2,ana_plaq,5,204.2,82.78743866070505,3
2,ana_leuc,16,8.716875,3.4519029511814208,3
2,ana_neu,1043,6.541710450623203,3.0688359810483954,3
2,protcrea,1318,23.364572078907436,37.99814758519701,3
2,splanchnic,484,0.014462809917355372,0.11938859680325344,3
3,raza,444,2.90990990990991,0.6650821198303332,3
3,ant_inf,31,0.06451612903225806,0.24567010018915833,3
3,ant_isq,30,0.0,0.0,3
3,ant_clau,32,0.0,0.0,3
3,fum_act,37,0.2702702702702703,0.44409937095013474,3
3,diabetes,30,0.2,0.4,3
3,hip_art,31,0.3548387096774194,0.4784644185223008,3
3,insf_car,6,0.0,0.0,3
3,fibr_aur,188,0.005319148936170213,0.0727382677190284,3
3,trat_est,35,0.17142857142857143,0.3768830273792263,3
3,var171,21,0.047619047619047616,0.21295885499998,3
3,tv_l_esu,369,0.01084010840108401,0.10354999010592303,3
3,tvp_orig,1285,0.22801556420233463,0.4195526983393452,3
3,tv_l_ein,278,0.7805755395683454,0.4138566981407114,3
3,tvp_prox,542,0.8782287822878229,0.3270213880605834,3
3,tv_l_svc,500,0.014,0.11749042514179611,3
3,tv_l_vre,513,0.01364522417153996,0.11601306835373497,3
3,tv_l_vrn,504,0.003968253968253968,0.06286896634029705,3
3,tv_l_vca,936,0.0405982905982906,0.19735771937977836,3
3,tv_l_yug,942,0.014861995753715499,0.12100048279214443,3
3,tv_l_ova,943,0.006362672322375398,0.07951219229334251,3
3,tv_l_sup,942,0.006369426751592357,0.07955411462927897,3
3,tv_l_pul,942,0.004246284501061571,0.06502502263742486,3
3,tv_l_ove,503,0.04572564612326044,0.20888947175449218,3
3,fr_antfa,704,0.1534090909090909,0.3603813837249882,3
3,fr_tvs_a,258,0.06589147286821706,0.24809229466364746,3
3,fr_viaje,8,0.0,0.0,3
3,fr_estro,10,0.0,0.0,3
3,fr_varic,28,0.10714285714285714,0.30929478706587094,3
3,fr_antec,1,0.0,0.0,3
3,ana_dime,191,1.4240837696335078,0.5727183945664702,3
3,ana_crea,54,0.9074074074074074,0.2898606637499727,3
3,ana_trop,863,0.8748551564310545,0.3308830785897787,3
3,tension_,64,134.40625,18.74643195217426,3
3,ana_hemo,5,14.64,1.2009995836801943,3
3,ana_plaq,5,213.2,48.2095426238416,3
3,ana_leuc,16,8.225,3.7865848729429,3
3,ana_neu,1043,6.491229146692234,3.1180750241789212,3
3,protcrea,1318,47.604940819423376,51.82075463398471,3
3,splanchnic,484,0.012396694214876033,0.11064816395864367,3
4,raza,444,2.8896396396396398,0.6568974688296683,3
4,ant_inf,31,0.03225806451612903,0.17668469596940847,3
4,ant_isq,30,0.0,0.0,3
4,ant_clau,32,0.0,0.0,3
4,fum_act,37,0.13513513513513514,0.3418678551533383,3
4,diabetes,30,0.13333333333333333,0.33993463423951903,3
4,hip_art,31,0.25806451612903225,0.43756967633066257,3
4,insf_car,6,0.0,0.0,3
4,fibr_aur,188,0.0,0.0,3
4,trat_est,35,0.2,0.4000000000000001,3
4,var171,21,0.047619047619047616,0.21295885499997996,3
4,tv_l_esu,369,0.02981029810298103,0.17006364758522746,3
4,tvp_orig,1285,0.16575875486381322,0.3718639402386463,3
4,tv_l_ein,278,0.737410071942446,0.4400414273000698,3
4,tvp_prox,542,0.8856088560885609,0.31828573657339965,3
4,tv_l_svc,500,0.014,0.11749042514179613,3
4,tv_l_vre,513,0.009746588693957114,0.09824251983122144,3
4,tv_l_vrn,504,0.003968253968253968,0.06286896634029705,3
4,tv_l_vca,936,0.03311965811965812,0.17894900493072063,3
4,tv_l_yug,942,0.027600849256900213,0.1638262566782202,3
4,tv_l_ova,943,0.0010604453870625664,0.03254720944479916,3
4,tv_l_sup,942,0.005307855626326964,0.07266142232971383,3
4,tv_l_pul,942,0.0010615711252653928,0.03256446210228868,3
4,tv_l_ove,503,0.07157057654075547,0.25777554017862003,3
4,fr_antfa,704,0.125,0.33071891388307384,3
4,fr_tvs_a,258,0.03875968992248062,0.1930216991936238,3
4,fr_viaje,8,0.0,0.0,3
4,fr_estro,10,0.0,0.0,3
4,fr_varic,28,0.17857142857142858,0.3829930462415574,3
4,fr_antec,1,0.0,0.0,3
4,ana_dime,191,1.5287958115183247,0.5197241668577328,3
4,ana_crea,54,0.8888888888888888,0.3142696805273545,3
4,ana_trop,863,0.8377752027809965,0.36865690334816287,3
4,tension_,64,136.765625,24.626422666708518,3
4,ana_hemo,5,12.86,1.4961283367412035,3
4,ana_plaq,5,224.4,55.391696128571475,3
4,ana_leuc,16,7.88,3.45597851555822,3
4,ana_neu,1043,6.5155177372962605,3.2482099577236823,3
4,protcrea,1318,42.30176024279211,48.68320257030076,3
4,splanchnic,484,0.01859504132231405,0.13508984329154983,3
5,raza,444,2.921171171171171,0.5699711368363807,3
5,ant_inf,31,0.12903225806451613,0.3352356401746213,3
5,ant_isq,30,0.03333333333333333,0.17950549357115012,3
5,ant_clau,32,0.03125,0.17399263633843817,3
5,fum_act,37,0.1891891891891892,0.3916588309780929,3
5,diabetes,30,0.1,0.3,3
5,hip_art,31,0.22580645161290322,0.4181123031230878,3
5,insf_car,6,0.0,0.0,3
5,fibr_aur,188,0.010638297872340425,0.10259202937226548,3
5,trat_est,35,0.22857142857142856,0.4199125273342591,3
5,var171,21,0.047619047619047616,0.21295885499997996,3
5,tv_l_esu,369,0.013550135501355014,0.11561370735881596,3
5,tvp_orig,1285,0.21167315175097276,0.4084943433865179,3
5,tv_l_ein,278,0.7841726618705036,0.41139506346750493,3
5,tvp_prox,542,0.9022140221402214,0.29702505011157815,3
5,tv_l_svc,500,0.006,0.0772269383052313,3
5,tv_l_vre,513,0.009746588693957114,0.09824251983122144,3
5,tv_l_vrn,504,0.001984126984126984,0.04449932835715438,3
5,tv_l_vca,936,0.026709401709401708,0.16123278069216418,3
5,tv_l_yug,942,0.020169851380042462,0.14058103881871642,3
5,tv_l_ova,943,0.0010604453870625664,0.03254720944479916,3
5,tv_l_sup,942,0.0021231422505307855,0.04602862715218429,3
5,tv_l_pul,942,0.005307855626326964,0.07266142232971382,3
5,tv_l_ove,503,0.0437375745526839,0.20451063328084512,3
5,fr_antfa,704,0.14914772727272727,0.35623402802386445,3
5,fr_tvs_a,258,0.05426356589147287,0.22653704180158843,3
5,fr_viaje,8,0.0,0.0,3
5,fr_estro,10,0.0,0.0,3
5,fr_varic,28,0.10714285714285714,0.30929478706587094,3
5,fr_antec,1,0.0,0.0,3
5,ana_dime,191,1.5340314136125655,0.6033449336497563,3
5,ana_crea,54,0.9074074074074074,0.28986066374997266,3
5,ana_trop,863,0.8563151796060255,0.3507698572886869,3
5,tension_,64,133.109375,24.420225472124024,3
5,ana_hemo,5,13.24,1.813945974939717,3
5,ana_plaq,5,284.6,81.6592921840497,3
5,ana_leuc,16,7.92375,3.0329170673627064,3
5,ana_neu,1043,6.497790028763183,3.129484963555526,3
5,protcrea,1318,25.676699544764794,38.50503135820135,3
5,splanchnic,484,0.0371900826446281,0.18922732465876546,3
1,raza,444,2.9054054054054053,0.703957645869401,4
1,ant_inf,31,0.03225806451612903,0.17668469596940847,4
1,ant_isq,30,0.0,0.0,4
1,ant_clau,32,0.0,0.0,4
1,fum_act,37,0.24324324324324326,0.4290407531456093,4
1,diabetes,30,0.06666666666666667,0.24944382578492943,4
1,hip_art,31,0.3225806451612903,0.4674637660061109,4
1,insf_car,6,0.0,0.0,4
1,fibr_aur,188,0.015957446808510637,0.12531084031265685,4
1,trat_est,35,0.17142857142857143,0.3768830273792263,4
1,var171,21,0.0,0.0,4
1,tv_l_esu,369,0.024390243902439025,0.15425744683748188,4
1,tvp_orig,1285,0.28326848249027237,0.4505856736714236,4
1,tv_l_ein,278,0.46402877697841727,0.49870439251557785,4
1,tvp_prox,542,0.8708487084870848,0.33536731416979376,4
1,tv_l_svc,500,0.006,0.07722693830523131,4
1,tv_l_vre,513,0.005847953216374269,0.0762479813473994,4
1,tv_l_vrn,504,0.001984126984126984,0.04449932835715438,4
1,tv_l_vca,936,0.023504273504273504,0.1514985895357109,4
1,tv_l_yug,942,0.01167728237791932,0.10742869008875447,4
1,tv_l_ova,943,0.0,0.0,4
1,tv_l_sup,942,0.010615711252653927,0.10248423257874456,4
1,tv_l_pul,942,0.010615711252653927,0.10248423257874456,4
1,tv_l_ove,503,0.0437375745526839,0.20451063328084512,4
1,fr_antfa,704,0.13494318181818182,0.3416628740424791,4
1,fr_tvs_a,258,0.03875968992248062,0.1930216991936238,4
1,fr_viaje,8,0.125,0.33071891388307384,4
1,fr_estro,10,0.0,0.0,4
1,fr_varic,28,0.21428571428571427,0.41032590332414487,4
1,fr_antec,1,0.0,0.0,4
1,ana_dime,191,1.5968586387434556,0.5508589921492203,4
1,ana_crea,54,0.8703703703703703,0.33589550272624175,4
1,ana_trop,863,0.8852838933951332,0.31867902580855173,4
1,tension_,64,129.21875,19.63691417808562,4
1,ana_hemo,5,12.379999999999999,1.6809521111560553,4
1,ana_plaq,5,464.2,340.19018210406955,4
1,ana_leuc,16,8.680625,3.6077823325936667,4
1,ana_neu,1043,6.606619367209971,3.039684784568726,4
1,protcrea,1318,67.62795144157815,57.83369994273173,4
1,splanchnic,484,0.022727272727272728,0.14903269373413638,4
2,raza,444,2.918918918918919,0.645638661879961,4
2,ant_inf,31,0.06451612903225806,0.24567010018915833,4
2,ant_isq,30,0.1,0.3,4
2,ant_clau,32,0.03125,0.17399263633843817,4
2,fum_act,37,0.2702702702702703,0.44409937095013474,4
2,diabetes,30,0.13333333333333333,0.33993463423951903,4
2,hip_art,31,0.25806451612903225,0.4375696763306625,4
2,insf_car,6,0.0,0.0,4
2,fibr_aur,188,0.026595744680851064,0.16089876023674654,4
2,trat_est,35,0.2,0.4,4
2,var171,21,0.0,0.0,4
2,tv_l_esu,369,0.01084010840108401,0.10354999010592301,4
2,tvp_orig,1285,0.3463035019455253,0.475791326618919,4
2,tv_l_ein,278,0.460431654676259,0.4984318870701805,4
2,tvp_prox,542,0.8542435424354243,0.3528618889066964,4
2,tv_l_svc,500,0.012,0.10888526071052959,4
2,tv_l_vre,513,0.011695906432748537,0.10751331175935812,4
2,tv_l_vrn,504,0.011904761904761904,0.10845754260886069,4
2,tv_l_vca,936,0.028846153846153848,0.16737399216855012,4
2,tv_l_yug,942,0.012738853503184714,0.11214533032903828,4
2,tv_l_ova,943,0.010604453870625663,0.1024304614298473,4
2,tv_l_sup,942,0.005307855626326964,0.07266142232971383,4
2,tv_l_pul,942,0.004246284501061571,0.06502502263742486,4
2,tv_l_ove,503,0.073558648111332,0.26105128499849456,4
2,fr_antfa,704,0.13068181818181818,0.3370520443173612,4
2,fr_tvs_a,258,0.04263565891472868,0.20203430278949064,4
2,fr_viaje,8,0.0,0.0,4
2,fr_estro,10,0.0,0.0,4
2,fr_varic,28,0.25,0.4330127018922193,4
2,fr_antec,1,0.0,0.0,4
2,ana_dime,191,1.6020942408376964,0.5593524785921183,4
2,ana_crea,54,0.8148148148148148,0.3884477215445006,4
2,ana_trop,863,0.880648899188876,0.32420119609017006,4
2,tension_,64,128.875,19.447445204962012,4
2,ana_hemo,5,13.16,1.2306096050332127,4
2,ana_plaq,5,337.6,162.14512018559176,4
2,ana_leuc,16,8.911875000000002,4.307245666824102,4
2,ana_neu,1043,5.655639501438159,3.0525766854210814,4
2,protcrea,1318,73.51394233687407,65.29533191388782,4
2,splanchnic,484,0.03512396694214876,0.18409311200692874,4
3,raza,444,2.9414414414414414,0.6480696865638504,4
3,ant_inf,31,0.03225806451612903,0.17668469596940847,4
3,ant_isq,30,0.0,0.0,4
3,ant_clau,32,0.03125,0.17399263633843817,4
3,fum_act,37,0.1891891891891892,0.3916588309780929,4
3,diabetes,30,0.1,0.3,4
3,hip_art,31,0.25806451612903225,0.4375696763306625,4
3,insf_car,6,0.0,0.0,4
3,fibr_aur,188,0.031914893617021274,0.17577352810487562,4
3,trat_est,35,0.11428571428571428,0.318157963590287,4
3,var171,21,0.047619047619047616,0.21295885499998,4
3,tv_l_esu,369,0.024390243902439025,0.15425744683748188,4
3,tvp_orig,1285,0.22412451361867705,0.4170044556283164,4
3,tv_l_ein,278,0.44244604316546765,0.4966764963763524,4
3,tvp_prox,542,0.8413284132841329,0.3653695585088284,4
3,tv_l_svc,500,0.01,0.09949874371066199,4
3,tv_l_vre,513,0.007797270955165692,0.08795722551796084,4
3,tv_l_vrn,504,0.005952380952380952,0.07692171418642907,4
3,tv_l_vca,936,0.0202991452991453,0.1410215940885277,4
3,tv_l_yug,942,0.028662420382165606,0.16685588404369095,4
3,tv_l_ova,943,0.009544008483563097,0.0972261301586604,4
3,tv_l_sup,942,0.0031847133757961785,0.056343331251446284,4
3,tv_l_pul,942,0.0021231422505307855,0.04602862715218428,4
3,tv_l_ove,503,0.05168986083499006,0.2214001335181382,4
3,fr_antfa,704,0.14204545454545456,0.34909675362058257,4
3,fr_tvs_a,258,0.04263565891472868,0.20203430278949067,4
3,fr_viaje,8,0.0,0.0,4
3,fr_estro,10,0.0,0.0,4
3,fr_varic,28,0.10714285714285714,0.30929478706587094,4
3,fr_antec,1,1.0,0.0,4
3,ana_dime,191,1.486910994764398,0.5684427035870143,4
3,ana_crea,54,0.9259259259259259,0.261891400439462,4
3,ana_trop,863,0.8586326767091541,0.34840006199257106,4
3,tension_,64,129.3125,21.314516033679958,4
3,ana_hemo,5,14.039999999999997,1.4263239463740347,4
3,ana_plaq,5,375.2,403.07686611861016,4
3,ana_leuc,16,8.87875,3.752820397714231,4
3,ana_neu,1043,6.730981783317354,3.256778937773385,4
3,protcrea,1318,61.27924886191199,50.73235112330205,4
3,splanchnic,484,0.010330578512396695,0.10111309341522444,4
4,raza,444,2.894144144144144,0.6188203955310203,4
4,ant_inf,31,0.03225806451612903,0.17668469596940847,4
4,ant_isq,30,0.03333333333333333,0.17950549357115012,4
4,ant_clau,32,0.03125,0.17399263633843817,4
4,fum_act,37,0.21621621621621623,0.4116634111277789,4
4,diabetes,30,0.06666666666666667,0.24944382578492943,4
4,hip_art,31,0.3870967741935484,0.4870860925981129,4
4,insf_car,6,0.0,0.0,4
4,fibr_aur,188,0.026595744680851064,0.16089876023674654,4
4,trat_est,35,0.17142857142857143,0.3768830273792263,4
4,var171,21,0.0,0.0,4
4,tv_l_esu,369,0.02710027100271003,0.16237563337610017,4
4,tvp_orig,1285,0.2132295719844358,0.40958847837282986,4
4,tv_l_ein,278,0.4028776978417266,0.4904765625628579,4
4,tvp_prox,542,0.9114391143911439,0.28410887903941195,4
4,tv_l_svc,500,0.006,0.0772269383052313,4
4,tv_l_vre,513,0.001949317738791423,0.04410802533717254,4
4,tv_l_vrn,504,0.005952380952380952,0.07692171418642907,4
4,tv_l_vca,936,0.049145299145299144,0.21617131798001835,4
4,tv_l_yug,942,0.02335456475583864,0.1510269150214755,4
4,tv_l_ova,943,0.0021208907741251328,0.0460042671547908,4
4,tv_l_sup,942,0.0074309978768577496,0.08588235061647932,4
4,tv_l_pul,942,0.006369426751592357,0.07955411462927897,4
4,tv_l_ove,503,0.055666003976143144,0.22927559830359434,4
4,fr_antfa,704,0.11221590909090909,0.31563190402399116,4
4,fr_tvs_a,258,0.03488372093023256,0.18348527718673838,4
4,fr_viaje,8,0.125,0.33071891388307384,4
4,fr_estro,10,0.0,0.0,4
4,fr_varic,28,0.17857142857142858,0.3829930462415574,4
4,fr_antec,1,0.0,0.0,4
4,ana_dime,191,1.5078534031413613,0.5866678461918927,4
4,ana_crea,54,0.8888888888888888,0.3142696805273545,4
4,ana_trop,863,0.899188876013905,0.30107846363822705,4
4,tension_,64,128.8125,21.205007515914726,4
4,ana_hemo,5,12.440000000000001,2.3087659041141437,4
4,ana_plaq,5,249.6,112.07783010033697,4
4,ana_leuc,16,8.28125,2.9069891533165375,4
4,ana_neu,1043,6.926329817833173,3.160537591039626,4
4,protcrea,1318,65.86462518968133,53.38445001874021,4
4,splanchnic,484,0.030991735537190084,0.17329526209790896,4
5,raza,444,2.9144144144144146,0.641555941800005,4
5,ant_inf,31,0.0,0.0,4
5,ant_isq,30,0.0,0.0,4
5,ant_clau,32,0.0,0.0,4
5,fum_act,37,0.32432432432432434,0.46812183988348033,4
5,diabetes,30,0.06666666666666667,0.24944382578492943,4
5,hip_art,31,0.22580645161290322,0.4181123031230878,4
5,insf_car,6,0.0,0.0,4
5,fibr_aur,188,0.005319148936170213,0.07273826771902839,4
5,trat_est,35,0.11428571428571428,0.318157963590287,4
5,var171,21,0.047619047619047616,0.21295885499997996,4
5,tv_l_esu,369,0.024390243902439025,0.15425744683748188,4
5,tvp_orig,1285,0.2482490272373541,0.4319970459540916,4
5,tv_l_ein,278,0.4244604316546763,0.49426083560626377,4
5,tvp_prox,542,0.8450184501845018,0.36188709431573324,4
5,tv_l_svc,500,0.004,0.063118935352238,4
5,tv_l_vre,513,0.009746588693957114,0.09824251983122145,4
5,tv_l_vrn,504,0.001984126984126984,0.04449932835715437,4
5,tv_l_vca,936,0.035256410256410256,0.184427210010459,4
5,tv_l_yug,942,0.016985138004246284,0.12921549091042836,4
5,tv_l_ova,943,0.007423117709437964,0.08583714250200664,4
5,tv_l_sup,942,0.006369426751592357,0.07955411462927897,4
5,tv_l_pul,942,0.0031847133757961785,0.056343331251446284,4
5,tv_l_ove,503,0.06759443339960239,0.2510486526014213,4
5,fr_antfa,704,0.1434659090909091,0.3505473463308888,4
5,fr_tvs_a,258,0.023255813953488372,0.1507148999629735,4
5,fr_viaje,8,0.0,0.0,4
5,fr_estro,10,0.0,0.0,4
5,fr_varic,28,0.25,0.4330127018922193,4
5,fr_antec,1,0.0,0.0,4
5,ana_dime,191,1.581151832460733,0.5141563852226563,4
5,ana_crea,54,0.9074074074074074,0.28986066374997266,4
5,ana_trop,863,0.8794901506373117,0.32555679315485103,4
5,tension_,64,128.953125,22.35608815813659,4
5,ana_hemo,5,12.894,3.0008238868684045,4
5,ana_plaq,5,255.0,22.441033844277317,4
5,ana_leuc,16,8.065625,2.728307554029604,4
5,ana_neu,1043,6.4442003835091075,3.1441838495375944,4
5,protcrea,1318,65.34317905918057,54.94151427352074,4
5,splanchnic,484,0.030991735537190084,0.17329526209790896,4
1,raza,444,2.876126126126126,0.6299344613002544,5
1,ant_inf,31,0.0967741935483871,0.29565004483586066,5
1,ant_isq,30,0.06666666666666667,0.24944382578492943,5
1,ant_clau,32,0.03125,0.17399263633843817,5
1,fum_act,37,0.24324324324324326,0.4290407531456093,5
1,diabetes,30,0.06666666666666667,0.24944382578492943,5
1,hip_art,31,0.2903225806451613,0.4539112025635577,5
1,insf_car,6,0.0,0.0,5
1,fibr_aur,188,0.010638297872340425,0.10259202937226548,5
1,trat_est,35,0.11428571428571428,0.318157963590287,5
1,var171,21,0.0,0.0,5
1,tv_l_esu,369,0.01084010840108401,0.10354999010592301,5
1,tvp_orig,1285,0.2311284046692607,0.4215543443309571,5
1,tv_l_ein,278,0.43884892086330934,0.4962464564310945,5
1,tvp_prox,542,0.8634686346863468,0.3433519354820108,5
1,tv_l_svc,500,0.014,0.11749042514179613,5
1,tv_l_vre,513,0.009746588693957114,0.09824251983122145,5
1,tv_l_vrn,504,0.003968253968253968,0.06286896634029705,5
1,tv_l_vca,936,0.06517094017094018,0.24682724470401543,5
1,tv_l_yug,942,0.014861995753715499,0.12100048279214443,5
1,tv_l_ova,943,0.003181336161187699,0.056313544209339365,5
1,tv_l_sup,942,0.004246284501061571,0.06502502263742486,5
1,tv_l_pul,942,0.006369426751592357,0.07955411462927897,5
1,tv_l_ove,503,0.05168986083499006,0.22140013351813817,5
1,fr_antfa,704,0.14772727272727273,0.35482943172718173,5
1,fr_tvs_a,258,0.06589147286821706,0.24809229466364746,5
1,fr_viaje,8,0.0,0.0,5
1,fr_estro,10,0.0,0.0,5
1,fr_varic,28,0.14285714285714285,0.3499271061118826,5
1,fr_antec,1,0.0,0.0,5
1,ana_dime,191,1.4973821989528795,0.5867145684351233,5
1,ana_crea,54,0.8148148148148148,0.3884477215445006,5
1,ana_trop,863,0.8505214368482039,0.3565595634811533,5
1,tension_,64,127.859375,17.171803912500717,5
1,ana_hemo,5,14.559999999999999,0.9264987857520375,5
1,ana_plaq,5,260.6,118.011185910489,5
1,ana_leuc,16,7.786874999999999,2.6112873232133995,5
1,ana_neu,1043,6.227941514860977,3.0297946579987847,5
1,protcrea,1318,28.029854324734444,42.950109897877795,5
1,splanchnic,484,0.024793388429752067,0.15549493985311388,5
2,raza,444,2.9166666666666665,0.6400954789890506,5
2,ant_inf,31,0.12903225806451613,0.3352356401746214,5
2,ant_isq,30,0.06666666666666667,0.24944382578492943,5
2,ant_clau,32,0.0,0.0,5
2,fum_act,37,0.21621621621621623,0.4116634111277789,5
2,diabetes,30,0.13333333333333333,0.33993463423951903,5
2,hip_art,31,0.45161290322580644,0.4976531813077906,5
2,insf_car,6,0.0,0.0,5
2,fibr_aur,188,0.02127659574468085,0.14430489325798443,5
2,trat_est,35,0.22857142857142856,0.4199125273342591,5
2,var171,21,0.047619047619047616,0.21295885499998,5
2,tv_l_esu,369,0.005420054200542005,0.07342123135037434,5
2,tvp_orig,1285,0.2731517509727626,0.44557813222068754,5
2,tv_l_ein,278,0.44244604316546765,0.4966764963763524,5
2,tvp_prox,542,0.8782287822878229,0.3270213880605834,5
2,tv_l_svc,500,0.01,0.09949874371066199,5
2,tv_l_vre,513,0.01364522417153996,0.11601306835373497,5
2,tv_l_vrn,504,0.007936507936507936,0.08873285624999165,5
2,tv_l_vca,936,0.03205128205128205,0.17613630338505235,5
2,tv_l_yug,942,0.016985138004246284,0.12921549091042836,5
2,tv_l_ova,943,0.003181336161187699,0.056313544209339365,5
2,tv_l_sup,942,0.014861995753715499,0.12100048279214443,5
2,tv_l_pul,942,0.0,0.0,5
2,tv_l_ove,503,0.05765407554671968,0.23308814452814375,5
2,fr_antfa,704,0.13920454545454544,0.34615984743950134,5
2,fr_tvs_a,258,0.027131782945736434,0.16246737918709062,5
2,fr_viaje,8,0.125,0.33071891388307384,5
2,fr_estro,10,0.0,0.0,5
2,fr_varic,28,0.21428571428571427,0.410325903324145,5
2,fr_antec,1,0.0,0.0,5
2,ana_dime,191,1.549738219895288,0.5570936497686345,5
2,ana_crea,54,0.9629629629629629,0.18885257457751053,5
2,ana_trop,863,0.8933951332560834,0.30861022201221455,5
2,tension_,64,133.0,18.382226470153174,5
2,ana_hemo,5,12.4,1.772004514666935,5
2,ana_plaq,5,188.0,39.59292866156784,5
2,ana_leuc,16,6.868125,2.4366606728009956,5
2,ana_neu,1043,6.592018216682646,3.207057034014031,5
2,protcrea,1318,51.66751441578149,52.01822585176974,5
2,splanchnic,484,0.0371900826446281,0.18922732465876546,5
3,raza,444,2.936936936936937,0.6155533550879135,5
3,ant_inf,31,0.0,0.0,5
3,ant_isq,30,0.06666666666666667,0.24944382578492943,5
3,ant_clau,32,0.09375,0.2914805954090255,5
3,fum_act,37,0.24324324324324326,0.4290407531456093,5
3,diabetes,30,0.1,0.3,5
3,hip_art,31,0.1935483870967742,0.3950789907714804,5
3,insf_car,6,0.0,0.0,5
3,fibr_aur,188,0.02127659574468085,0.14430489325798443,5
3,trat_est,35,0.02857142857142857,0.1665986255670086,5
3,var171,21,0.09523809523809523,0.29354352395090366,5
3,tv_l_esu,369,0.01084010840108401,0.10354999010592301,5
3,tvp_orig,1285,0.2140077821011673,0.4101322363595754,5
3,tv_l_ein,278,0.4856115107913669,0.4997929284996868,5
3,tvp_prox,542,0.8856088560885609,0.31828573657339965,5
3,tv_l_svc,500,0.01,0.09949874371066199,5
3,tv_l_vre,513,0.011695906432748537,0.10751331175935812,5
3,tv_l_vrn,504,0.005952380952380952,0.07692171418642907,5
3,tv_l_vca,936,0.050213675213675216,0.21838558110647038,5
3,tv_l_yug,942,0.004246284501061571,0.06502502263742486,5
3,tv_l_ova,943,0.005302226935312832,0.07262309085159675,5
3,tv_l_sup,942,0.0021231422505307855,0.04602862715218429,5
3,tv_l_pul,942,0.0010615711252653928,0.03256446210228869,5
3,tv_l_ove,503,0.061630218687872766,0.2404827121278321,5
3,fr_antfa,704,0.13352272727272727,0.34013880780407896,5
3,fr_tvs_a,258,0.027131782945736434,0.16246737918709062,5
3,fr_viaje,8,0.125,0.33071891388307384,5
3,fr_estro,10,0.0,0.0,5
3,fr_varic,28,0.14285714285714285,0.3499271061118826,5
3,fr_antec,1,0.0,0.0,5
3,ana_dime,191,1.450261780104712,0.584608370773104,5
3,ana_crea,54,0.9259259259259259,0.2618914004394621,5
3,ana_trop,863,0.8702201622247973,0.33606105320647445,5
3,tension_,64,131.96875,21.313851680010817,5
3,ana_hemo,5,13.6,1.84499322491981,5
3,ana_plaq,5,253.6,84.4241671560934,5
3,ana_leuc,16,7.805625,2.7041934304659123,5
3,ana_neu,1043,6.4155129434324065,3.106240895833496,5
3,protcrea,1318,38.22459939301973,49.67682496404847,5
3,splanchnic,484,0.024793388429752067,0.15549493985311388,5
4,raza,444,2.885135135135135,0.6797288342014053,5
4,ant_inf,31,0.06451612903225806,0.2456701001891583,5
4,ant_isq,30,0.0,0.0,5
4,ant_clau,32,0.0,0.0,5
4,fum_act,37,0.2972972972972973,0.457068500683453,5
4,diabetes,30,0.16666666666666666,0.37267799624996495,5
4,hip_art,31,0.5483870967741935,0.4976531813077907,5
4,insf_car,6,0.0,0.0,5
4,fibr_aur,188,0.015957446808510637,0.12531084031265685,5
4,trat_est,35,0.2571428571428571,0.4370588154508102,5
4,var171,21,0.0,0.0,5
4,tv_l_esu,369,0.02710027100271003,0.16237563337610017,5
4,tvp_orig,1285,0.22879377431906614,0.4200561666633432,5
4,tv_l_ein,278,0.4712230215827338,0.4991711986014139,5
4,tvp_prox,542,0.8450184501845018,0.36188709431573324,5
4,tv_l_svc,500,0.02,0.13999999999999999,5
4,tv_l_vre,513,0.015594541910331383,0.12390057373934274,5
4,tv_l_vrn,504,0.007936507936507936,0.08873285624999165,5
4,tv_l_vca,936,0.05982905982905983,0.23716986197455736,5
4,tv_l_yug,942,0.013800424628450107,0.11666178855359868,5
4,tv_l_ova,943,0.008483563096500531,0.09171473302413426,5
4,tv_l_sup,942,0.004246284501061571,0.06502502263742485,5
4,tv_l_pul,942,0.004246284501061571,0.06502502263742485,5
4,tv_l_ove,503,0.073558648111332,0.2610512849984946,5
4,fr_antfa,704,0.16051136363636365,0.3670796450090344,5
4,fr_tvs_a,258,0.03488372093023256,0.1834852771867384,5
4,fr_viaje,8,0.125,0.33071891388307384,5
4,fr_estro,10,0.0,0.0,5
4,fr_varic,28,0.14285714285714285,0.3499271061118826,5
4,fr_antec,1,0.0,0.0,5
4,ana_dime,191,1.4921465968586387,0.5592544583550402,5
4,ana_crea,54,0.8888888888888888,0.3142696805273545,5
4,ana_trop,863,0.8609501738122828,0.34599851448363605,5
4,tension_,64,129.421875,17.599542507814657,5
4,ana_hemo,5,12.72,1.5816447135814036,5
4,ana_plaq,5,298.4,135.1378555401853,5
4,ana_leuc,16,8.06375,2.705824446910775,5
4,ana_neu,1043,6.449619367209971,3.1631513516629455,5
4,protcrea,1318,49.21817905918058,53.12651114173006,5
4,splanchnic,484,0.022727272727272728,0.14903269373413638,5
5,raza,444,2.9234234234234235,0.49181681108676983,5
5,ant_inf,31,0.06451612903225806,0.24567010018915833,5
5,ant_isq,30,0.03333333333333333,0.1795054935711501,5
5,ant_clau,32,0.0,0.0,5
5,fum_act,37,0.1891891891891892,0.3916588309780929,5
5,diabetes,30,0.16666666666666666,0.37267799624996495,5
5,hip_art,31,0.3225806451612903,0.4674637660061109,5
5,insf_car,6,0.0,0.0,5
5,fibr_aur,188,0.010638297872340425,0.10259202937226548,5
5,trat_est,35,0.3142857142857143,0.46423076597919777,5
5,var171,21,0.0,0.0,5
5,tv_l_esu,369,0.02981029810298103,0.17006364758522746,5
5,tvp_orig,1285,0.23424124513618677,0.42352365248382007,5
5,tv_l_ein,278,0.4748201438848921,0.49936557234757634,5
5,tvp_prox,542,0.8874538745387454,0.3160371736123999,5
5,tv_l_svc,500,0.006,0.07722693830523131,5
5,tv_l_vre,513,0.01364522417153996,0.11601306835373497,5
5,tv_l_vrn,504,0.005952380952380952,0.07692171418642908,5
5,tv_l_vca,936,0.022435897435897436,0.14809634682240921,5
5,tv_l_yug,942,0.014861995753715499,0.12100048279214444,5
5,tv_l_ova,943,0.012725344644750796,0.11208661939956575,5
5,tv_l_sup,942,0.004246284501061571,0.06502502263742486,5
5,tv_l_pul,942,0.009554140127388535,0.09727722515478511,5
5,tv_l_ove,503,0.03777335984095427,0.1906476675107253,5
5,fr_antfa,704,0.11363636363636363,0.31736909190383955,5
5,fr_tvs_a,258,0.046511627906976744,0.21059035204970736,5
5,fr_viaje,8,0.125,0.33071891388307384,5
5,fr_estro,10,0.1,0.30000000000000004,5
5,fr_varic,28,0.14285714285714285,0.3499271061118826,5
5,fr_antec,1,0.0,0.0,5
5,ana_dime,191,1.581151832460733,0.5533910057266518,5
5,ana_crea,54,0.9074074074074074,0.28986066374997266,5
5,ana_trop,863,0.8736964078794901,0.33219120207790837,5
5,tension_,64,127.734375,18.61303490458703,5
5,ana_hemo,5,14.62,1.4091131963046837,5
5,ana_plaq,5,218.6,72.98109344206895,5
5,ana_leuc,16,8.096875,2.8904059376452644,5
5,ana_neu,1043,6.74451677852349,3.12963514922491,5
5,protcrea,1318,21.970701062215475,39.11326184658314,5
5,splanchnic,484,0.028925619834710745,0.16759751893118383,5
1,raza,444,2.9436936936936937,0.5995349968790421,6
1,ant_inf,31,0.03225806451612903,0.17668469596940847,6
1,ant_isq,30,0.03333333333333333,0.17950549357115012,6
1,ant_clau,32,0.03125,0.17399263633843817,6
1,fum_act,37,0.21621621621621623,0.4116634111277789,6
1,diabetes,30,0.03333333333333333,0.1795054935711501,6
1,hip_art,31,0.3548387096774194,0.47846441852230076,6
1,insf_car,6,0.0,0.0,6
1,fibr_aur,188,0.005319148936170213,0.0727382677190284,6
1,trat_est,35,0.2571428571428571,0.4370588154508102,6
1,var171,21,0.047619047619047616,0.21295885499997996,6
1,tv_l_esu,369,0.013550135501355014,0.11561370735881596,6
1,tvp_orig,1285,0.24669260700389106,0.4310862612674113,6
1,tv_l_ein,278,0.7661870503597122,0.42325459740066146,6
1,tvp_prox,542,0.8265682656826568,0.37862008378983497,6
1,tv_l_svc,500,0.006,0.07722693830523131,6
1,tv_l_vre,513,0.01364522417153996,0.11601306835373498,6
1,tv_l_vrn,504,0.001984126984126984,0.04449932835715438,6
1,tv_l_vca,936,0.0641025641025641,0.2449355535197795,6
1,tv_l_yug,942,0.016985138004246284,0.12921549091042836,6
1,tv_l_ova,943,0.003181336161187699,0.056313544209339365,6
1,tv_l_sup,942,0.005307855626326964,0.07266142232971383,6
1,tv_l_pul,942,0.0031847133757961785,0.056343331251446284,6
1,tv_l_ove,503,0.073558648111332,0.2610512849984946,6
1,fr_antfa,704,0.13494318181818182,0.3416628740424791,6
1,fr_tvs_a,258,0.06201550387596899,0.24118370831169067,6
1,fr_viaje,8,0.125,0.33071891388307384,6
1,fr_estro,10,0.0,0.0,6
1,fr_varic,28,0.14285714285714285,0.3499271061118826,6
1,fr_antec,1,1.0,0.0,6
1,ana_dime,191,1.5602094240837696,0.5653965463025685,6
1,ana_crea,54,0.8888888888888888,0.3142696805273545,6
1,ana_trop,863,0.8690614136732329,0.33733317793765094,6
1,tension_,64,126.75,19.044356119333624,6
1,ana_hemo,5,13.26,2.5452701231892854,6
1,ana_plaq,5,262.4,87.08754216304419,6
1,ana_leuc,16,8.373750000000001,3.4846930908618052,6
1,ana_neu,1043,6.671871524448705,3.04348695676148,6
1,protcrea,1318,67.12718512898331,54.12627069833352,6
1,splanchnic,484,0.024793388429752067,0.15549493985311388,6
2,raza,444,2.945945945945946,0.6090583166776359,6
2,ant_inf,31,0.03225806451612903,0.17668469596940847,6
2,ant_isq,30,0.0,0.0,6
2,ant_clau,32,0.03125,0.17399263633843817,6
2,fum_act,37,0.24324324324324326,0.4290407531456093,6
2,diabetes,30,0.06666666666666667,0.24944382578492943,6
2,hip_art,31,0.3225806451612903,0.4674637660061109,6
2,insf_car,6,0.0,0.0,6
2,fibr_aur,188,0.005319148936170213,0.07273826771902839,6
2,trat_est,35,0.17142857142857143,0.3768830273792263,6
2,var171,21,0.0,0.0,6
2,tv_l_esu,369,0.018970189701897018,0.1364196525599265,6
2,tvp_orig,1285,0.17898832684824903,0.38334254355642994,6
2,tv_l_ein,278,0.8093525179856115,0.3928116846734093,6
2,tvp_prox,542,0.8394833948339483,0.3670844924973235,6
2,tv_l_svc,500,0.01,0.09949874371066199,6
2,tv_l_vre,513,0.005847953216374269,0.0762479813473994,6
2,tv_l_vrn,504,0.001984126984126984,0.04449932835715439,6
2,tv_l_vca,936,0.0673076923076923,0.2505541196306804,6
2,tv_l_yug,942,0.018046709129511677,0.13312034186820013,6
2,tv_l_ova,943,0.0,0.0,6
2,tv_l_sup,942,0.004246284501061571,0.06502502263742486,6
2,tv_l_pul,942,0.005307855626326964,0.07266142232971383,6
2,tv_l_ove,503,0.04771371769383698,0.21315984339849242,6
2,fr_antfa,704,0.12073863636363637,0.3258232926797683,6
2,fr_tvs_a,258,0.06201550387596899,0.24118370831169067,6
2,fr_viaje,8,0.25,0.4330127018922193,6
2,fr_estro,10,0.1,0.30000000000000004,6
2,fr_varic,28,0.25,0.4330127018922193,6
2,fr_antec,1,0.0,0.0,6
2,ana_dime,191,1.513089005235602,0.5684427035870143,6
2,ana_crea,54,0.8703703703703703,0.33589550272624175,6
2,ana_trop,863,0.847045191193511,0.35994393350834425,6
2,tension_,64,128.84375,19.32875024251439,6
2,ana_hemo,5,13.7,1.388524396616783,6
2,ana_plaq,5,186.2,67.67392407715101,6
2,ana_leuc,16,7.473750000000001,2.904681297061693,6
2,ana_neu,1043,6.590079578139981,3.0313875164003266,6
2,protcrea,1318,31.21108952959029,43.2043749544819,6
2,splanchnic,484,0.02066115702479339,0.1422472270913926,6
3,raza,444,2.876126126126126,0.7042134084443017,6
3,ant_inf,31,0.0,0.0,6
3,ant_isq,30,0.06666666666666667,0.24944382578492943,6
3,ant_clau,32,0.0,0.0,6
3,fum_act,37,0.1891891891891892,0.3916588309780929,6
3,diabetes,30,0.13333333333333333,0.33993463423951903,6
3,hip_art,31,0.2903225806451613,0.4539112025635577,6
3,insf_car,6,0.0,0.0,6
3,fibr_aur,188,0.005319148936170213,0.0727382677190284,6
3,trat_est,35,0.2,0.4000000000000001,6
3,var171,21,0.0,0.0,6
3,tv_l_esu,369,0.02168021680216802,0.1456371690248716,6
3,tvp_orig,1285,0.19143968871595332,0.3934342820602854,6
3,tv_l_ein,278,0.8165467625899281,0.38703765591197425,6
3,tvp_prox,542,0.8948339483394834,0.30676726233197404,6
3,tv_l_svc,500,0.008,0.08908422980528034,6
3,tv_l_vre,513,0.005847953216374269,0.0762479813473994,6
3,tv_l_vrn,504,0.0,0.0,6
3,tv_l_vca,936,0.06196581196581197,0.24109344684837372,6
3,tv_l_yug,942,0.013800424628450107,0.11666178855359867,6
3,tv_l_ova,943,0.0,0.0,6
3,tv_l_sup,942,0.004246284501061571,0.06502502263742486,6
3,tv_l_pul,942,0.004246284501061571,0.06502502263742486,6
3,tv_l_ove,503,0.0437375745526839,0.20451063328084512,6
3,fr_antfa,704,0.12357954545454546,0.3291012631391642,6
3,fr_tvs_a,258,0.06976744186046512,0.25475467790937956,6
3,fr_viaje,8,0.0,0.0,6
3,fr_estro,10,0.0,0.0,6
3,fr_varic,28,0.2857142857142857,0.45175395145262565,6
3,fr_antec,1,1.0,0.0,6
3,ana_dime,191,1.5287958115183247,0.5491145801937966,6
3,ana_crea,54,0.9259259259259259,0.261891400439462,6
3,ana_trop,863,0.8621089223638471,0.34478562665008733,6
3,tension_,64,127.34375,21.548070352992166,6
3,ana_hemo,5,14.680000000000001,1.5131424255502193,6
3,ana_plaq,5,239.4,107.6932681275854,6
3,ana_leuc,16,7.373125,2.8094477187474056,6
3,ana_neu,1043,6.33347171620326,3.0353083735031787,6
3,protcrea,1318,78.10138846737482,57.15499594856918,6
3,splanchnic,484,0.014462809917355372,0.11938859680325344,6
4,raza,444,2.8873873873873874,0.6948481092843654,6
4,ant_inf,31,0.03225806451612903,0.17668469596940847,6
4,ant_isq,30,0.1,0.3,6
4,ant_clau,32,0.03125,0.17399263633843817,6
4,fum_act,37,0.1891891891891892,0.3916588309780929,6
4,diabetes,30,0.03333333333333333,0.17950549357115012,6
4,hip_art,31,0.41935483870967744,0.49345350131543086,6
4,insf_car,6,0.0,0.0,6
4,fibr_aur,188,0.015957446808510637,0.12531084031265685,6
4,trat_est,35,0.2,0.4000000000000001,6
4,var171,21,0.047619047619047616,0.21295885499997996,6
4,tv_l_esu,369,0.008130081300813009,0.08979968306656308,6
4,tvp_orig,1285,0.28249027237354085,0.4502105267403946,6
4,tv_l_ein,278,0.7913669064748201,0.4063315466602284,6
4,tvp_prox,542,0.8597785977859779,0.3472165902936603,6
4,tv_l_svc,500,0.008,0.08908422980528033,6
4,tv_l_vre,513,0.0,0.0,6
4,tv_l_vrn,504,0.007936507936507936,0.08873285624999165,6
4,tv_l_vca,936,0.06623931623931624,0.24869995822971924,6
4,tv_l_yug,942,0.012738853503184714,0.11214533032903828,6
4,tv_l_ova,943,0.010604453870625663,0.1024304614298473,6
4,tv_l_sup,942,0.006369426751592357,0.07955411462927897,6
4,tv_l_pul,942,0.0,0.0,6
4,tv_l_ove,503,0.06560636182902585,0.24759274447484275,6
4,fr_antfa,704,0.125,0.33071891388307384,6
4,fr_tvs_a,258,0.046511627906976744,0.21059035204970736,6
4,fr_viaje,8,0.0,0.0,6
4,fr_estro,10,0.0,0.0,6
4,fr_varic,28,0.2857142857142857,0.45175395145262565,6
4,fr_antec,1,0.0,0.0,6
4,ana_dime,191,1.5340314136125655,0.5946039898725429,6
4,ana_crea,54,0.8518518518518519,0.3552467795046459,6
4,ana_trop,863,0.8852838933951332,0.31867902580855173,6
4,tension_,64,128.171875,20.22803954871492,6
4,ana_hemo,5,14.179999999999998,0.7782030583337488,6
4,ana_plaq,5,253.6,86.11759402119871,6
4,ana_leuc,16,7.971875,3.187001370312696,6
4,ana_neu,1043,7.20281975071908,3.1000101178372503,6
4,protcrea,1318,36.69789833080425,49.69209253293987,6
4,splanchnic,484,0.01652892561983471,0.12749792248381414,6
5,raza,444,2.8783783783783785,0.7250853202862872,6
5,ant_inf,31,0.0967741935483871,0.29565004483586066,6
5,ant_isq,30,0.03333333333333333,0.17950549357115012,6
5,ant_clau,32,0.0,0.0,6
5,fum_act,37,0.16216216216216217,0.36859950532394203,6
5,diabetes,30,0.06666666666666667,0.24944382578492943,6
5,hip_art,31,0.2903225806451613,0.4539112025635577,6
5,insf_car,6,0.16666666666666666,0.372677996249965,6
5,fibr_aur,188,0.026595744680851064,0.16089876023674654,6
5,trat_est,35,0.22857142857142856,0.4199125273342591,6
5,var171,21,0.047619047619047616,0.21295885499997996,6
5,tv_l_esu,369,0.013550135501355014,0.11561370735881595,6
5,tvp_orig,1285,0.3727626459143969,0.48353971473426555,6
5,tv_l_ein,278,0.8093525179856115,0.39281168467340927,6
5,tvp_prox,542,0.8468634686346863,0.36011905548958933,6
5,tv_l_svc,500,0.014,0.11749042514179613,6
5,tv_l_vre,513,0.007797270955165692,0.08795722551796084,6
5,tv_l_vrn,504,0.011904761904761904,0.10845754260886069,6
5,tv_l_vca,936,0.024572649572649572,0.15481871484297155,6
5,tv_l_yug,942,0.01167728237791932,0.10742869008875448,6
5,tv_l_ova,943,0.014846235418875928,0.12093727594403322,6
5,tv_l_sup,942,0.0031847133757961785,0.056343331251446284,6
5,tv_l_pul,942,0.0074309978768577496,0.08588235061647932,6
5,tv_l_ove,503,0.033797216699801194,0.1807068478036952,6
5,fr_antfa,704,0.140625,0.3476343040826092,6
5,fr_tvs_a,258,0.06201550387596899,0.24118370831169067,6
5,fr_viaje,8,0.0,0.0,6
5,fr_estro,10,0.1,0.30000000000000004,6
5,fr_varic,28,0.10714285714285714,0.30929478706587094,6
5,fr_antec,1,0.0,0.0,6
5,ana_dime,191,1.5602094240837696,0.5560593946534766,6
5,ana_crea,54,0.9259259259259259,0.261891400439462,6
5,ana_trop,863,0.8621089223638471,0.3447856266500873,6
5,tension_,64,135.609375,19.795530735733635,6
5,ana_hemo,5,13.339999999999998,1.3093509842666329,6
5,ana_plaq,5,285.6,112.56749086659077,6
5,ana_leuc,16,7.338749999999999,3.438046092986538,6
5,ana_neu,1043,6.093300095877277,3.037207572747054,6
5,protcrea,1318,52.9448937784522,53.06340768796447,6
5,splanchnic,484,0.01859504132231405,0.13508984329154983,6
1,raza,444,2.9234234234234235,0.5185661025313807,7
1,ant_inf,31,0.03225806451612903,0.17668469596940847,7
1,ant_isq,30,0.03333333333333333,0.17950549357115012,7
1,ant_clau,32,0.03125,0.17399263633843817,7
1,fum_act,37,0.3783783783783784,0.4849826606736854,7
1,diabetes,30,0.06666666666666667,0.24944382578492943,7
1,hip_art,31,0.41935483870967744,0.49345350131543086,7
1,insf_car,6,0.0,0.0,7
1,fibr_aur,188,0.005319148936170213,0.07273826771902842,7
1,trat_est,35,0.17142857142857143,0.3768830273792263,7
1,var171,21,0.047619047619047616,0.21295885499997996,7
1,tv_l_esu,369,0.016260162601626018,0.12647438362686217,7
1,tvp_orig,1285,0.3120622568093385,0.46333508898463643,7
1,tv_l_ein,278,0.7302158273381295,0.443847578390398,7
1,tvp_prox,542,0.8616236162361623,0.34529459911831917,7
1,tv_l_svc,500,0.012,0.1088852607105296,7
1,tv_l_vre,513,0.003898635477582846,0.06231722168867751,7
1,tv_l_vrn,504,0.003968253968253968,0.06286896634029705,7
1,tv_l_vca,936,0.05876068376068376,0.2351762441333322,7
1,tv_l_yug,942,0.010615711252653927,0.10248423257874456,7
1,tv_l_ova,943,0.007423117709437964,0.08583714250200665,7
1,tv_l_sup,942,0.0031847133757961785,0.056343331251446284,7
1,tv_l_pul,942,0.008492569002123142,0.09176298422494399,7
1,tv_l_ove,503,0.05964214711729622,0.23682263701879308,7
1,fr_antfa,704,0.16619318181818182,0.37225395650728893,7
1,fr_tvs_a,258,0.03875968992248062,0.1930216991936238,7
1,fr_viaje,8,0.125,0.33071891388307384,7
1,fr_estro,10,0.0,0.0,7
1,fr_varic,28,0.25,0.4330127018922193,7
1,fr_antec,1,0.0,0.0,7
1,ana_dime,191,1.5340314136125655,0.5582733094268618,7
1,ana_crea,54,0.8518518518518519,0.3552467795046459,7
1,ana_trop,863,0.7902665121668598,0.4071183512376791,7
1,tension_,64,128.4375,21.470819587291025,7
1,ana_hemo,5,12.3,1.949358868961793,7
1,ana_plaq,5,430.6,297.22489801495436,7
1,ana_leuc,16,8.46875,2.7156211881446204,7
1,ana_neu,1043,5.902954937679769,3.0603711000891467,7
1,protcrea,1318,36.86572382397573,44.0953870535425,7
1,splanchnic,484,0.024793388429752067,0.15549493985311388,7
2,raza,444,2.9279279279279278,0.5487366606429211,7
2,ant_inf,31,0.06451612903225806,0.24567010018915833,7
2,ant_isq,30,0.03333333333333333,0.1795054935711501,7
2,ant_clau,32,0.03125,0.17399263633843817,7
2,fum_act,37,0.24324324324324326,0.4290407531456093,7
2,diabetes,30,0.2,0.4,7
2,hip_art,31,0.3548387096774194,0.47846441852230076,7
2,insf_car,6,0.0,0.0,7
2,fibr_aur,188,0.010638297872340425,0.10259202937226548,7
2,trat_est,35,0.22857142857142856,0.41991252733425904,7
2,var171,21,0.0,0.0,7
2,tv_l_esu,369,0.02981029810298103,0.1700636475852275,7
2,tvp_orig,1285,0.41867704280155643,0.4933422510108981,7
2,tv_l_ein,278,0.8237410071942446,0.3810403656580967,7
2,tvp_prox,542,0.8542435424354243,0.3528618889066964,7
2,tv_l_svc,500,0.004,0.063118935352238,7
2,tv_l_vre,513,0.009746588693957114,0.09824251983122145,7
2,tv_l_vrn,504,0.015873015873015872,0.12498425196844144,7
2,tv_l_vca,936,0.05448717948717949,0.22697648944045148,7
2,tv_l_yug,942,0.014861995753715499,0.12100048279214444,7
2,tv_l_ova,943,0.0010604453870625664,0.03254720944479916,7
2,tv_l_sup,942,0.004246284501061571,0.06502502263742486,7
2,tv_l_pul,942,0.0,0.0,7
2,tv_l_ove,503,0.055666003976143144,0.22927559830359434,7
2,fr_antfa,704,0.15198863636363635,0.35900987560227177,7
2,fr_tvs_a,258,0.046511627906976744,0.21059035204970736,7
2,fr_viaje,8,0.0,0.0,7
2,fr_estro,10,0.0,0.0,7
2,fr_varic,28,0.32142857142857145,0.4670248868079293,7
2,fr_antec,1,0.0,0.0,7
2,ana_dime,191,1.5235602094240839,0.5681050482536351,7
2,ana_crea,54,0.9259259259259259,0.261891400439462,7
2,ana_trop,863,0.7902665121668598,0.40711835123767903,7
2,tension_,64,129.515625,20.710046012970974,7
2,ana_hemo,5,13.48,1.7554486605993354,7
2,ana_plaq,5,261.8,66.13138437988425,7
2,ana_leuc,16,8.993125,2.4703661640281185,7
2,ana_neu,1043,6.115972195589645,3.055132912388936,7
2,protcrea,1318,58.19163125948407,51.24748836950641,7
2,splanchnic,484,0.006198347107438017,0.0784852062529859,7
3,raza,444,2.936936936936937,0.5699577869508697,7
3,ant_inf,31,0.06451612903225806,0.24567010018915833,7
3,ant_isq,30,0.06666666666666667,0.24944382578492943,7
3,ant_clau,32,0.03125,0.17399263633843817,7
3,fum_act,37,0.21621621621621623,0.4116634111277789,7
3,diabetes,30,0.03333333333333333,0.1795054935711501,7
3,hip_art,31,0.22580645161290322,0.4181123031230877,7
3,insf_car,6,0.16666666666666666,0.372677996249965,7
3,fibr_aur,188,0.015957446808510637,0.12531084031265685,7
3,trat_est,35,0.11428571428571428,0.318157963590287,7
3,var171,21,0.0,0.0,7
3,tv_l_esu,369,0.013550135501355014,0.11561370735881595,7
3,tvp_orig,1285,0.3377431906614786,0.47294051192859626,7
3,tv_l_ein,278,0.8165467625899281,0.3870376559119742,7
3,tvp_prox,542,0.8597785977859779,0.34721659029366025,7
3,tv_l_svc,500,0.016,0.125475097130865,7
3,tv_l_vre,513,0.001949317738791423,0.04410802533717255,7
3,tv_l_vrn,504,0.003968253968253968,0.06286896634029705,7
3,tv_l_vca,936,0.03205128205128205,0.17613630338505235,7
3,tv_l_yug,942,0.014861995753715499,0.12100048279214443,7
3,tv_l_ova,943,0.007423117709437964,0.08583714250200664,7
3,tv_l_sup,942,0.006369426751592357,0.07955411462927897,7
3,tv_l_pul,942,0.004246284501061571,0.06502502263742486,7
3,tv_l_ove,503,0.03578528827037773,0.18575441155941275,7
3,fr_antfa,704,0.11647727272727272,0.32079638038059166,7
3,fr_tvs_a,258,0.050387596899224806,0.21874342727941803,7
3,fr_viaje,8,0.125,0.33071891388307384,7
3,fr_estro,10,0.0,0.0,7
3,fr_varic,28,0.17857142857142858,0.3829930462415574,7
3,fr_antec,1,1.0,0.0,7
3,ana_dime,191,1.5078534031413613,0.5685391397067321,7
3,ana_crea,54,0.9629629629629629,0.18885257457751053,7
3,ana_trop,863,0.7937427578215527,0.4046173404927038,7
3,tension_,64,135.765625,21.410235714708396,7
3,ana_hemo,5,13.1,2.6092144411680698,7
3,ana_plaq,5,424.0,306.9638415188343,7
3,ana_leuc,16,8.66,2.2633189125706523,7
3,ana_neu,1043,7.0659664429530205,3.111559383423828,7
3,protcrea,1318,23.03998482549317,40.67514004030849,7
3,splanchnic,484,0.012396694214876033,0.11064816395864367,7
4,raza,444,2.9684684684684686,0.5725684163033313,7
4,ant_inf,31,0.0,0.0,7
4,ant_isq,30,0.0,0.0,7
4,ant_clau,32,0.0,0.0,7
4,fum_act,37,0.16216216216216217,0.36859950532394203,7
4,diabetes,30,0.0,0.0,7
4,hip_art,31,0.2903225806451613,0.4539112025635577,7
4,insf_car,6,0.0,0.0,7
4,fibr_aur,188,0.015957446808510637,0.12531084031265685,7
4,trat_est,35,0.2,0.4,7
4,var171,21,0.047619047619047616,0.21295885499997996,7
4,tv_l_esu,369,0.01084010840108401,0.10354999010592303,7
4,tvp_orig,1285,0.2708171206225681,0.44438182658640474,7
4,tv_l_ein,278,0.8129496402877698,0.3899519491472706,7
4,tvp_prox,542,0.8487084870848709,0.3583327936918145,7
4,tv_l_svc,500,0.008,0.08908422980528033,7
4,tv_l_vre,513,0.003898635477582846,0.06231722168867751,7
4,tv_l_vrn,504,0.003968253968253968,0.06286896634029705,7
4,tv_l_vca,936,0.03632478632478633,0.18709702355527985,7
4,tv_l_yug,942,0.022292993630573247,0.14763473868151922,7
4,tv_l_ova,943,0.003181336161187699,0.056313544209339365,7
4,tv_l_sup,942,0.0010615711252653928,0.03256446210228868,7
4,tv_l_pul,942,0.0010615711252653928,0.03256446210228869,7
4,tv_l_ove,503,0.07554671968190854,0.26427147562158826,7
4,fr_antfa,704,0.1690340909090909,0.37478202600929,7
4,fr_tvs_a,258,0.03875968992248062,0.1930216991936238,7
4,fr_viaje,8,0.0,0.0,7
4,fr_estro,10,0.0,0.0,7
4,fr_varic,28,0.25,0.4330127018922193,7
4,fr_antec,1,0.0,0.0,7
4,ana_dime,191,1.5183246073298429,0.5774373059251199,7
4,ana_crea,54,0.8518518518518519,0.3552467795046459,7
4,ana_trop,863,0.7670915411355735,0.4226844078669383,7
4,tension_,64,131.34375,18.71097501301041,7
4,ana_hemo,5,12.8,1.8253766734567414,7
4,ana_plaq,5,251.2,40.84801096748775,7
4,ana_leuc,16,8.798750000000002,2.652785976572554,7
4,ana_neu,1043,6.214328859060402,3.082742217301509,7
4,protcrea,1318,47.11589529590288,49.277041183289704,7
4,splanchnic,484,0.014462809917355372,0.11938859680325344,7
5,raza,444,2.9144144144144146,0.630936219395731,7
5,ant_inf,31,0.03225806451612903,0.17668469596940847,7
5,ant_isq,30,0.06666666666666667,0.24944382578492943,7
5,ant_clau,32,0.0,0.0,7
5,fum_act,37,0.16216216216216217,0.36859950532394203,7
5,diabetes,30,0.23333333333333334,0.4229525846816506,7
5,hip_art,31,0.41935483870967744,0.49345350131543086,7
5,insf_car,6,0.0,0.0,7
5,fibr_aur,188,0.005319148936170213,0.0727382677190284,7
5,trat_est,35,0.22857142857142856,0.4199125273342591,7
5,var171,21,0.09523809523809523,0.29354352395090366,7
5,tv_l_esu,369,0.008130081300813009,0.08979968306656308,7
5,tvp_orig,1285,0.25214007782101167,0.4342412451361867,7
5,tv_l_ein,278,0.8129496402877698,0.3899519491472706,7
5,tvp_prox,542,0.8154981549815498,0.3878929158972073,7
5,tv_l_svc,500,0.004,0.063118935352238,7
5,tv_l_vre,513,0.005847953216374269,0.0762479813473994,7
5,tv_l_vrn,504,0.001984126984126984,0.04449932835715439,7
5,tv_l_vca,936,0.03632478632478633,0.18709702355527985,7
5,tv_l_yug,942,0.006369426751592357,0.07955411462927897,7
5,tv_l_ova,943,0.0010604453870625664,0.03254720944479916,7
5,tv_l_sup,942,0.0,0.0,7
5,tv_l_pul,942,0.0031847133757961785,0.056343331251446284,7
5,tv_l_ove,503,0.0536779324055666,0.22538103730844355,7
5,fr_antfa,704,0.11221590909090909,0.3156319040239911,7
5,fr_tvs_a,258,0.07751937984496124,0.2674137722582998,7
5,fr_viaje,8,0.0,0.0,7
5,fr_estro,10,0.0,0.0,7
5,fr_varic,28,0.25,0.4330127018922193,7
5,fr_antec,1,1.0,0.0,7
5,ana_dime,191,1.418848167539267,0.6075103541093313,7
5,ana_crea,54,0.9074074074074074,0.28986066374997266,7
5,ana_trop,863,0.813441483198146,0.3895567180919184,7
5,tension_,64,132.421875,23.672772260222818,7
5,ana_hemo,5,14.1,1.6697305171793444,7
5,ana_plaq,5,229.0,26.42725865465429,7
5,ana_leuc,16,7.671875,2.438550334599432,7
5,ana_neu,1043,6.70485426653883,3.1418685907379222,7
5,protcrea,1318,59.34279210925645,52.40853350660923,7
5,splanchnic,484,0.022727272727272728,0.14903269373413638,7
1,raza,444,2.921171171171171,0.6371406264771045,8
1,ant_inf,31,0.0,0.0,8
1,ant_isq,30,0.0,0.0,8
1,ant_clau,32,0.0,0.0,8
1,fum_act,37,0.21621621621621623,0.4116634111277789,8
1,diabetes,30,0.16666666666666666,0.37267799624996495,8
1,hip_art,31,0.3548387096774194,0.47846441852230076,8
1,insf_car,6,0.0,0.0,8
1,fibr_aur,188,0.010638297872340425,0.10259202937226548,8
1,trat_est,35,0.11428571428571428,0.31815796359028703,8
1,var171,21,0.0,0.0,8
1,tv_l_esu,369,0.01084010840108401,0.10354999010592301,8
1,tvp_orig,1285,0.245136186770428,0.4301679168720999,8
1,tv_l_ein,278,0.7841726618705036,0.41139506346750493,8
1,tvp_prox,542,0.8671586715867159,0.33940316716064706,8
1,tv_l_svc,500,0.006,0.07722693830523131,8
1,tv_l_vre,513,0.011695906432748537,0.10751331175935812,8
1,tv_l_vrn,504,0.005952380952380952,0.07692171418642908,8
1,tv_l_vca,936,0.045940170940170943,0.20935537163913137,8
1,tv_l_yug,942,0.013800424628450107,0.11666178855359868,8
1,tv_l_ova,943,0.003181336161187699,0.056313544209339365,8
1,tv_l_sup,942,0.004246284501061571,0.06502502263742486,8
1,tv_l_pul,942,0.0021231422505307855,0.04602862715218429,8
1,tv_l_ove,503,0.04970178926441352,0.2173281422373305,8
1,fr_antfa,704,0.13210227272727273,0.3386019230122032,8
1,fr_tvs_a,258,0.04263565891472868,0.20203430278949067,8
1,fr_viaje,8,0.0,0.0,8
1,fr_estro,10,0.0,0.0,8
1,fr_varic,28,0.10714285714285714,0.30929478706587094,8
1,fr_antec,1,0.0,0.0,8
1,ana_dime,191,1.5549738219895288,0.584139295538486,8
1,ana_crea,54,0.8518518518518519,0.3552467795046459,8
1,ana_trop,863,0.8586326767091541,0.34840006199257106,8
1,tension_,64,127.484375,18.66647411428776,8
1,ana_hemo,5,13.14,4.078038744298539,8
1,ana_plaq,5,337.6,194.04803529023425,8
1,ana_leuc,16,8.571874999999999,3.5989481427738026,8
1,ana_neu,1043,6.543002876318313,3.14254029691411,8
1,protcrea,1318,41.96494840667678,51.53052465275542,8
1,splanchnic,484,0.012396694214876033,0.11064816395864367,8
2,raza,444,2.8963963963963963,0.5310923517742843,8
2,ant_inf,31,0.1935483870967742,0.39507899077148034,8
2,ant_isq,30,0.03333333333333333,0.1795054935711501,8
2,ant_clau,32,0.03125,0.17399263633843817,8
2,fum_act,37,0.21621621621621623,0.4116634111277789,8
2,diabetes,30,0.2,0.4,8
2,hip_art,31,0.3870967741935484,0.487086092598113,8
2,insf_car,6,0.0,0.0,8
2,fibr_aur,188,0.02127659574468085,0.14430489325798443,8
2,trat_est,35,0.2857142857142857,0.45175395145262565,8
2,var171,21,0.047619047619047616,0.21295885499997996,8
2,tv_l_esu,369,0.01084010840108401,0.10354999010592301,8
2,tvp_orig,1285,0.2708171206225681,0.44438182658640474,8
2,tv_l_ein,278,0.8093525179856115,0.39281168467340927,8
2,tvp_prox,542,0.8782287822878229,0.3270213880605834,8
2,tv_l_svc,500,0.004,0.063118935352238,8
2,tv_l_vre,513,0.01364522417153996,0.11601306835373497,8
2,tv_l_vrn,504,0.003968253968253968,0.06286896634029705,8
2,tv_l_vca,936,0.057692307692307696,0.23316068563427195,8
2,tv_l_yug,942,0.013800424628450107,0.11666178855359868,8
2,tv_l_ova,943,0.0,0.0,8
2,tv_l_sup,942,0.0010615711252653928,0.03256446210228869,8
2,tv_l_pul,942,0.006369426751592357,0.07955411462927896,8
2,tv_l_ove,503,0.041749502982107355,0.2000162043006875,8
2,fr_antfa,704,0.17045454545454544,0.37603163881305224,8
2,fr_tvs_a,258,0.01937984496124031,0.1378559631300677,8
2,fr_viaje,8,0.0,0.0,8
2,fr_estro,10,0.1,0.30000000000000004,8
2,fr_varic,28,0.14285714285714285,0.3499271061118826,8
2,fr_antec,1,0.0,0.0,8
2,ana_dime,191,1.6020942408376964,0.5205673621667224,8
2,ana_crea,54,0.8888888888888888,0.3142696805273545,8
2,ana_trop,863,0.884125144843569,0.32007479297643415,8
2,tension_,64,131.125,23.558769598601707,8
2,ana_hemo,5,13.780000000000001,2.870818698559699,8
2,ana_plaq,5,192.0,28.41830396065184,8
2,ana_leuc,16,7.80875,3.6324008503330134,8
2,ana_neu,1043,6.46256184084372,3.2361063830322805,8
2,protcrea,1318,39.10638846737481,47.37728381840756,8
2,splanchnic,484,0.008264462809917356,0.09053265413308531,8
3,raza,444,2.880630630630631,0.6414254667005628,8
3,ant_inf,31,0.03225806451612903,0.17668469596940847,8
3,ant_isq,30,0.06666666666666667,0.24944382578492943,8
3,ant_clau,32,0.0,0.0,8
3,fum_act,37,0.1891891891891892,0.3916588309780929,8
3,diabetes,30,0.06666666666666667,0.24944382578492943,8
3,hip_art,31,0.3870967741935484,0.487086092598113,8
3,insf_car,6,0.0,0.0,8
3,fibr_aur,188,0.02127659574468085,0.14430489325798443,8
3,trat_est,35,0.17142857142857143,0.3768830273792263,8
3,var171,21,0.0,0.0,8
3,tv_l_esu,369,0.02168021680216802,0.1456371690248716,8
3,tvp_orig,1285,0.2754863813229572,0.44675903463560696,8
3,tv_l_ein,278,0.8165467625899281,0.3870376559119742,8
3,tvp_prox,542,0.8892988929889298,0.31376164825802677,8
3,tv_l_svc,500,0.004,0.063118935352238,8
3,tv_l_vre,513,0.001949317738791423,0.04410802533717255,8
3,tv_l_vrn,504,0.011904761904761904,0.10845754260886069,8
3,tv_l_vca,936,0.05982905982905983,0.23716986197455736,8
3,tv_l_yug,942,0.027600849256900213,0.1638262566782202,8
3,tv_l_ova,943,0.003181336161187699,0.056313544209339365,8
3,tv_l_sup,942,0.009554140127388535,0.09727722515478512,8
3,tv_l_pul,942,0.0031847133757961785,0.056343331251446284,8
3,tv_l_ove,503,0.06958250497017893,0.2544420955193027,8
3,fr_antfa,704,0.171875,0.37727176461405115,8
3,fr_tvs_a,258,0.04263565891472868,0.20203430278949067,8
3,fr_viaje,8,0.0,0.0,8
3,fr_estro,10,0.0,0.0,8
3,fr_varic,28,0.14285714285714285,0.3499271061118826,8
3,fr_antec,1,0.0,0.0,8
3,ana_dime,191,1.5654450261780104,0.5554675271151768,8
3,ana_crea,54,0.9444444444444444,0.2290614236454256,8
3,ana_trop,863,0.8458864426419467,0.36105756991994964,8
3,tension_,64,137.828125,24.84423643391712,8
3,ana_hemo,5,12.319999999999999,3.0115776596329047,8
3,ana_plaq,5,371.4,182.52517634562088,8
3,ana_leuc,16,7.625625,3.212835524793481,8
3,ana_neu,1043,6.587243528283796,3.2794177540391245,8
3,protcrea,1318,37.89035660091047,48.15560509413304,8
3,splanchnic,484,0.010330578512396695,0.10111309341522444,8
4,raza,444,2.8896396396396398,0.646529791302235,8
4,ant_inf,31,0.03225806451612903,0.17668469596940845,8
4,ant_isq,30,0.06666666666666667,0.24944382578492943,8
4,ant_clau,32,0.0,0.0,8
4,fum_act,37,0.21621621621621623,0.4116634111277789,8
4,diabetes,30,0.06666666666666667,0.24944382578492943,8
4,hip_art,31,0.1935483870967742,0.39507899077148045,8
4,insf_car,6,0.0,0.0,8
4,fibr_aur,188,0.031914893617021274,0.17577352810487562,8
4,trat_est,35,0.14285714285714285,0.3499271061118826,8
4,var171,21,0.047619047619047616,0.21295885499997996,8
4,tv_l_esu,369,0.018970189701897018,0.13641965255992647,8
4,tvp_orig,1285,0.20622568093385213,0.4045944258850104,8
4,tv_l_ein,278,0.8165467625899281,0.38703765591197425,8
4,tvp_prox,542,0.8653136531365314,0.3413882464761229,8
4,tv_l_svc,500,0.026,0.15913516267626082,8
4,tv_l_vre,513,0.011695906432748537,0.10751331175935812,8
4,tv_l_vrn,504,0.017857142857142856,0.13243211584099399,8
4,tv_l_vca,936,0.038461538461538464,0.19230769230769226,8
4,tv_l_yug,942,0.014861995753715499,0.12100048279214443,8
4,tv_l_ova,943,0.0021208907741251328,0.0460042671547908,8
4,tv_l_sup,942,0.009554140127388535,0.0972772251547851,8
4,tv_l_pul,942,0.012738853503184714,0.11214533032903828,8
4,tv_l_ove,503,0.0536779324055666,0.22538103730844355,8
4,fr_antfa,704,0.140625,0.3476343040826092,8
4,fr_tvs_a,258,0.03875968992248062,0.19302169919362377,8
4,fr_viaje,8,0.125,0.33071891388307384,8
4,fr_estro,10,0.0,0.0,8
4,fr_varic,28,0.14285714285714285,0.3499271061118826,8
4,fr_antec,1,0.0,0.0,8
4,ana_dime,191,1.5183246073298429,0.5201986323926375,8
4,ana_crea,54,0.9444444444444444,0.22906142364542553,8
4,ana_trop,863,0.8632676709154113,0.3435645489099427,8
4,tension_,64,131.5625,18.865374201165476,8
4,ana_hemo,5,11.8,2.213594362117865,8
4,ana_plaq,5,304.0,128.92943806594366,8
4,ana_leuc,16,7.49,3.768739842440706,8
4,ana_neu,1043,6.47498849472675,3.1375451298526174,8
4,protcrea,1318,40.63907587253414,47.278660848382735,8
4,splanchnic,484,0.014462809917355372,0.11938859680325344,8
5,raza,444,2.8783783783783785,0.6668340427824502,8
5,ant_inf,31,0.0,0.0,8
5,ant_isq,30,0.03333333333333333,0.17950549357115012,8
5,ant_clau,32,0.0,0.0,8
5,fum_act,37,0.16216216216216217,0.36859950532394203,8
5,diabetes,30,0.06666666666666667,0.24944382578492943,8
5,hip_art,31,0.2903225806451613,0.4539112025635577,8
5,insf_car,6,0.0,0.0,8
5,fibr_aur,188,0.005319148936170213,0.07273826771902842,8
5,trat_est,35,0.17142857142857143,0.3768830273792263,8
5,var171,21,0.047619047619047616,0.21295885499997996,8
5,tv_l_esu,369,0.013550135501355014,0.11561370735881595,8
5,tvp_orig,1285,0.18443579766536966,0.38783918601001177,8
5,tv_l_ein,278,0.762589928057554,0.4254956282768704,8
5,tvp_prox,542,0.8819188191881919,0.32270422301218366,8
5,tv_l_svc,500,0.008,0.08908422980528033,8
5,tv_l_vre,513,0.009746588693957114,0.09824251983122145,8
5,tv_l_vrn,504,0.007936507936507936,0.08873285624999167,8
5,tv_l_vca,936,0.050213675213675216,0.21838558110647038,8
5,tv_l_yug,942,0.010615711252653927,0.10248423257874456,8
5,tv_l_ova,943,0.012725344644750796,0.11208661939956575,8
5,tv_l_sup,942,0.0074309978768577496,0.08588235061647932,8
5,tv_l_pul,942,0.0,0.0,8
5,tv_l_ove,503,0.04572564612326044,0.20888947175449218,8
5,fr_antfa,704,0.16619318181818182,0.37225395650728893,8
5,fr_tvs_a,258,0.04263565891472868,0.20203430278949067,8
5,fr_viaje,8,0.125,0.33071891388307384,8
5,fr_estro,10,0.0,0.0,8
5,fr_varic,28,0.14285714285714285,0.3499271061118826,8
5,fr_antec,1,0.0,0.0,8
5,ana_dime,191,1.5549738219895288,0.5276281753861413,8
5,ana_crea,54,0.9259259259259259,0.261891400439462,8
5,ana_trop,863,0.8435689455388181,0.36326351270303026,8
5,tension_,64,131.125,18.26583217376093,8
5,ana_hemo,5,13.220000000000002,1.307516730294492,8
5,ana_plaq,5,247.2,66.82933487623531,8
5,ana_leuc,16,7.095625,3.547726329548969,8
5,ana_neu,1043,6.675690316395014,3.090506763400364,8
5,protcrea,1318,39.70687253414264,48.07801848444286,8
5,splanchnic,484,0.026859504132231406,0.16167272859082343,8
1,raza,444,2.8828828828828827,0.6608585562195786,9
1,ant_inf,31,0.06451612903225806,0.2456701001891583,9
1,ant_isq,30,0.06666666666666667,0.24944382578492943,9
1,ant_clau,32,0.0,0.0,9
1,fum_act,37,0.2972972972972973,0.457068500683453,9
1,diabetes,30,0.16666666666666666,0.37267799624996495,9
1,hip_art,31,0.3870967741935484,0.487086092598113,9
1,insf_car,6,0.0,0.0,9
1,fibr_aur,188,0.010638297872340425,0.10259202937226548,9
1,trat_est,35,0.2857142857142857,0.45175395145262565,9
1,var171,21,0.047619047619047616,0.21295885499997996,9
1,tv_l_esu,369,0.016260162601626018,0.12647438362686217,9
1,tvp_orig,1285,0.154863813229572,0.3617748092136436,9
1,tv_l_ein,278,0.7769784172661871,0.4162726947191204,9
1,tvp_prox,542,0.8763837638376384,0.3291432246293593,9
1,tv_l_svc,500,0.008,0.08908422980528034,9
1,tv_l_vre,513,0.001949317738791423,0.04410802533717255,9
1,tv_l_vrn,504,0.013888888888888888,0.11702985796078279,9
1,tv_l_vca,936,0.042735042735042736,0.20225913788374753,9
1,tv_l_yug,942,0.01910828025477707,0.1369056386000298,9
1,tv_l_ova,943,0.0010604453870625664,0.032547209444799156,9
1,tv_l_sup,942,0.004246284501061571,0.06502502263742486,9
1,tv_l_pul,942,0.0010615711252653928,0.03256446210228868,9
1,tv_l_ove,503,0.061630218687872766,0.24048271212783207,9
1,fr_antfa,704,0.1590909090909091,0.3657608395325246,9
1,fr_tvs_a,258,0.03875968992248062,0.1930216991936238,9
1,fr_viaje,8,0.0,0.0,9
1,fr_estro,10,0.0,0.0,9
1,fr_varic,28,0.25,0.4330127018922193,9
1,fr_antec,1,0.0,0.0,9
1,ana_dime,191,1.544502617801047,0.5575363146376602,9
1,ana_crea,54,0.7777777777777778,0.4157397096415491,9
1,ana_trop,863,0.8829663962920047,0.32146032307442746,9
1,tension_,64,131.296875,20.628923632472322,9
1,ana_hemo,5,13.1,0.7536577472566711,9
1,ana_plaq,5,233.8,91.60654998415778,9
1,ana_leuc,16,7.795,2.8362342992073133,9
1,ana_neu,1043,6.226097794822627,2.9395472251362555,9
1,protcrea,1318,74.36476024279212,55.432480918762614,9
1,splanchnic,484,0.014462809917355372,0.11938859680325344,9
2,raza,444,2.894144144144144,0.6576383743933425,9
2,ant_inf,31,0.0967741935483871,0.29565004483586066,9
2,ant_isq,30,0.03333333333333333,0.1795054935711501,9
2,ant_clau,32,0.0625,0.24206145913796356,9
2,fum_act,37,0.13513513513513514,0.3418678551533383,9
2,diabetes,30,0.03333333333333333,0.17950549357115012,9
2,hip_art,31,0.22580645161290322,0.4181123031230878,9
2,insf_car,6,0.0,0.0,9
2,fibr_aur,188,0.0,0.0,9
2,trat_est,35,0.17142857142857143,0.3768830273792263,9
2,var171,21,0.0,0.0,9
2,tv_l_esu,369,0.013550135501355014,0.11561370735881596,9
2,tvp_orig,1285,0.13229571984435798,0.3388119867348573,9
2,tv_l_ein,278,0.7877697841726619,0.40888696643109035,9
2,tvp_prox,542,0.8690036900369004,0.33739631998460085,9
2,tv_l_svc,500,0.008,0.08908422980528034,9
2,tv_l_vre,513,0.01949317738791423,0.13825047350095238,9
2,tv_l_vrn,504,0.005952380952380952,0.07692171418642907,9
2,tv_l_vca,936,0.0202991452991453,0.1410215940885277,9
2,tv_l_yug,942,0.02335456475583864,0.15102691502147553,9
2,tv_l_ova,943,0.009544008483563097,0.0972261301586604,9
2,tv_l_sup,942,0.010615711252653927,0.10248423257874456,9
2,tv_l_pul,942,0.006369426751592357,0.07955411462927897,9
2,tv_l_ove,503,0.039761431411530816,0.19539820875237557,9
2,fr_antfa,704,0.15482954545454544,0.36174211437000847,9
2,fr_tvs_a,258,0.03488372093023256,0.1834852771867384,9
2,fr_viaje,8,0.125,0.33071891388307384,9
2,fr_estro,10,0.0,0.0,9
2,fr_varic,28,0.14285714285714285,0.3499271061118826,9
2,fr_antec,1,0.0,0.0,9
2,ana_dime,191,1.5026178010471205,0.5685873516330182,9
2,ana_crea,54,0.8703703703703703,0.3358955027262418,9
2,ana_trop,863,0.8783314020857474,0.3269026616530256,9
2,tension_,64,130.703125,20.22427354033699,9
2,ana_hemo,5,15.38,2.767959537276511,9
2,ana_plaq,5,234.0,89.00561780022652,9
2,ana_leuc,16,8.140625,2.8420161609982095,9
2,ana_neu,1043,6.534962607861937,3.0324077273151193,9
2,protcrea,1318,49.603210925644916,49.317890885730456,9
2,splanchnic,484,0.010330578512396695,0.10111309341522444,9
3,raza,444,2.9481981981981984,0.6469062872636638,9
3,ant_inf,31,0.03225806451612903,0.17668469596940847,9
3,ant_isq,30,0.06666666666666667,0.24944382578492943,9
3,ant_clau,32,0.03125,0.17399263633843817,9
3,fum_act,37,0.24324324324324326,0.4290407531456093,9
3,diabetes,30,0.03333333333333333,0.17950549357115012,9
3,hip_art,31,0.3548387096774194,0.4784644185223008,9
3,insf_car,6,0.0,0.0,9
3,fibr_aur,188,0.010638297872340425,0.10259202937226548,9
3,trat_est,35,0.11428571428571428,0.318157963590287,9
3,var171,21,0.0,0.0,9
3,tv_l_esu,369,0.016260162601626018,0.12647438362686217,9
3,tvp_orig,1285,0.18054474708171206,0.38464053528315584,9
3,tv_l_ein,278,0.802158273381295,0.3983721599550283,9
3,tvp_prox,542,0.8118081180811808,0.3908653188742542,9
3,tv_l_svc,500,0.01,0.099498743710662,9
3,tv_l_vre,513,0.007797270955165692,0.08795722551796084,9
3,tv_l_vrn,504,0.01984126984126984,0.13945463008575854,9
3,tv_l_vca,936,0.035256410256410256,0.184427210010459,9
3,tv_l_yug,942,0.022292993630573247,0.14763473868151925,9
3,tv_l_ova,943,0.006362672322375398,0.07951219229334251,9
3,tv_l_sup,942,0.009554140127388535,0.09727722515478511,9
3,tv_l_pul,942,0.0010615711252653928,0.03256446210228869,9
3,tv_l_ove,503,0.061630218687872766,0.24048271212783207,9
3,fr_antfa,704,0.13920454545454544,0.34615984743950134,9
3,fr_tvs_a,258,0.06976744186046512,0.25475467790937956,9
3,fr_viaje,8,0.0,0.0,9
3,fr_estro,10,0.1,0.30000000000000004,9
3,fr_varic,28,0.25,0.4330127018922193,9
3,fr_antec,1,0.0,0.0,9
3,ana_dime,191,1.5392670157068062,0.567235868750252,9
3,ana_crea,54,0.8518518518518519,0.3552467795046459,9
3,ana_trop,863,0.8586326767091541,0.34840006199257106,9
3,tension_,64,130.59375,19.202635520612787,9
3,ana_hemo,5,12.66,1.8607525359380812,9
3,ana_plaq,5,166.4,78.54069009118777,9
3,ana_leuc,16,8.276875,2.825753702001468,9
3,ana_neu,1043,6.766569511025887,3.111052158020455,9
3,protcrea,1318,36.860389984825495,43.60577827300874,9
3,splanchnic,484,0.012396694214876033,0.11064816395864367,9
4,raza,444,2.921171171171171,0.4891640943905946,9
4,ant_inf,31,0.0,0.0,9
4,ant_isq,30,0.03333333333333333,0.1795054935711501,9
4,ant_clau,32,0.03125,0.17399263633843817,9
4,fum_act,37,0.24324324324324326,0.42904075314560924,9
4,diabetes,30,0.1,0.30000000000000004,9
4,hip_art,31,0.3225806451612903,0.4674637660061109,9
4,insf_car,6,0.0,0.0,9
4,fibr_aur,188,0.005319148936170213,0.0727382677190284,9
4,trat_est,35,0.2,0.4,9
4,var171,21,0.047619047619047616,0.21295885499997996,9
4,tv_l_esu,369,0.008130081300813009,0.0897996830665631,9
4,tvp_orig,1285,0.20233463035019456,0.4017403735140952,9
4,tv_l_ein,278,0.7733812949640287,0.41864384333678034,9
4,tvp_prox,542,0.915129151291513,0.2786894109003573,9
4,tv_l_svc,500,0.008,0.08908422980528034,9
4,tv_l_vre,513,0.005847953216374269,0.07624798134739938,9
4,tv_l_vrn,504,0.017857142857142856,0.13243211584099399,9
4,tv_l_vca,936,0.049145299145299144,0.21617131798001832,9
4,tv_l_yug,942,0.020169851380042462,0.14058103881871642,9
4,tv_l_ova,943,0.009544008483563097,0.0972261301586604,9
4,tv_l_sup,942,0.0021231422505307855,0.04602862715218428,9
4,tv_l_pul,942,0.005307855626326964,0.07266142232971383,9
4,tv_l_ove,503,0.033797216699801194,0.18070684780369523,9
4,fr_antfa,704,0.13494318181818182,0.3416628740424791,9
4,fr_tvs_a,258,0.03488372093023256,0.18348527718673838,9
4,fr_viaje,8,0.0,0.0,9
4,fr_estro,10,0.0,0.0,9
4,fr_varic,28,0.14285714285714285,0.3499271061118826,9
4,fr_antec,1,1.0,0.0,9
4,ana_dime,191,1.4816753926701571,0.5399527993446592,9
4,ana_crea,54,0.8888888888888888,0.3142696805273545,9
4,ana_trop,863,0.8505214368482039,0.3565595634811533,9
4,tension_,64,129.328125,17.574888590952007,9
4,ana_hemo,5,12.84,1.0365326815879952,9
4,ana_plaq,5,307.0,77.12846426579489,9
4,ana_leuc,16,8.281875,2.9813696909935543,9
4,ana_neu,1043,6.330453499520614,3.0067655684472525,9
4,protcrea,1318,46.98493019726859,51.16492026072627,9
4,splanchnic,484,0.014462809917355372,0.11938859680325344,9
5,raza,444,2.93018018018018,0.6275140169023927,9
5,ant_inf,31,0.06451612903225806,0.2456701001891583,9
5,ant_isq,30,0.03333333333333333,0.1795054935711501,9
5,ant_clau,32,0.0625,0.24206145913796356,9
5,fum_act,37,0.2972972972972973,0.457068500683453,9
5,diabetes,30,0.13333333333333333,0.33993463423951903,9
5,hip_art,31,0.3548387096774194,0.47846441852230076,9
5,insf_car,6,0.0,0.0,9
5,fibr_aur,188,0.010638297872340425,0.10259202937226548,9
5,trat_est,35,0.17142857142857143,0.3768830273792263,9
5,var171,21,0.047619047619047616,0.21295885499998,9
5,tv_l_esu,369,0.008130081300813009,0.08979968306656307,9
5,tvp_orig,1285,0.2046692607003891,0.40345973085891146,9
5,tv_l_ein,278,0.7985611510791367,0.4010751040220534,9
5,tvp_prox,542,0.8745387453874539,0.3312411933977898,9
5,tv_l_svc,500,0.002,0.044676615807377355,9
5,tv_l_vre,513,0.007797270955165692,0.08795722551796084,9
5,tv_l_vrn,504,0.005952380952380952,0.07692171418642907,9
5,tv_l_vca,936,0.04807692307692308,0.2139288025123749,9
5,tv_l_yug,942,0.006369426751592357,0.07955411462927897,9
5,tv_l_ova,943,0.0010604453870625664,0.03254720944479916,9
5,tv_l_sup,942,0.005307855626326964,0.07266142232971383,9
5,tv_l_pul,942,0.0,0.0,9
5,tv_l_ove,503,0.05964214711729622,0.23682263701879308,9
5,fr_antfa,704,0.1534090909090909,0.3603813837249881,9
5,fr_tvs_a,258,0.05426356589147287,0.22653704180158848,9
5,fr_viaje,8,0.0,0.0,9
5,fr_estro,10,0.0,0.0,9
5,fr_varic,28,0.25,0.4330127018922193,9
5,fr_antec,1,0.0,0.0,9
5,ana_dime,191,1.5549738219895288,0.5566013870147593,9
5,ana_crea,54,0.9074074074074074,0.2898606637499727,9
5,ana_trop,863,0.8725376593279258,0.333490168344541,9
5,tension_,64,128.609375,25.70725650685765,9
5,ana_hemo,5,13.76,2.290502128355265,9
5,ana_plaq,5,240.2,114.32130160210738,9
5,ana_leuc,16,8.92875,3.4582417407549753,9
5,ana_neu,1043,6.929923298178331,3.085096453653438,9
5,protcrea,1318,67.34569195751138,51.54623651968836,9
5,splanchnic,484,0.028925619834710745,0.16759751893118383,9
1,raza,444,2.885135135135135,0.6135517113163453,10
1,ant_inf,31,0.03225806451612903,0.17668469596940847,10
1,ant_isq,30,0.06666666666666667,0.24944382578492943,10
1,ant_clau,32,0.0,0.0,10
1,fum_act,37,0.16216216216216217,0.36859950532394203,10
1,diabetes,30,0.13333333333333333,0.33993463423951903,10
1,hip_art,31,0.3225806451612903,0.4674637660061109,10
1,insf_car,6,0.0,0.0,10
1,fibr_aur,188,0.010638297872340425,0.10259202937226548,10
1,trat_est,35,0.17142857142857143,0.3768830273792263,10
1,var171,21,0.0,0.0,10
1,tv_l_esu,369,0.016260162601626018,0.12647438362686217,10
1,tvp_orig,1285,0.2988326848249027,0.4577463394777101,10
1,tv_l_ein,278,0.7661870503597122,0.42325459740066146,10
1,tvp_prox,542,0.8597785977859779,0.3472165902936603,10
1,tv_l_svc,500,0.006,0.0772269383052313,10
1,tv_l_vre,513,0.005847953216374269,0.07624798134739938,10
1,tv_l_vrn,504,0.013888888888888888,0.11702985796078279,10
1,tv_l_vca,936,0.06837606837606838,0.25239013778176755,10
1,tv_l_yug,942,0.010615711252653927,0.10248423257874456,10
1,tv_l_ova,943,0.0021208907741251328,0.0460042671547908,10
1,tv_l_sup,942,0.0074309978768577496,0.08588235061647932,10
1,tv_l_pul,942,0.004246284501061571,0.06502502263742485,10
1,tv_l_ove,503,0.04970178926441352,0.2173281422373305,10
1,fr_antfa,704,0.14488636363636365,0.3519862288053256,10
1,fr_tvs_a,258,0.06589147286821706,0.2480922946636475,10
1,fr_viaje,8,0.0,0.0,10
1,fr_estro,10,0.0,0.0,10
1,fr_varic,28,0.25,0.4330127018922193,10
1,fr_antec,1,0.0,0.0,10
1,ana_dime,191,1.5549738219895288,0.5659295965181848,10
1,ana_crea,54,0.9074074074074074,0.28986066374997266,10
1,ana_trop,863,0.8435689455388181,0.36326351270303026,10
1,tension_,64,135.203125,21.91758689350575,10
1,ana_hemo,5,13.12,0.9195651146058115,10
1,ana_plaq,5,205.4,100.14110045331037,10
1,ana_leuc,16,7.223125,3.135418071705111,10
1,ana_neu,1043,6.486827420901247,3.215415461426978,10
1,protcrea,1318,57.32058270106221,52.020711222526415,10
1,splanchnic,484,0.022727272727272728,0.14903269373413638,10
2,raza,444,2.9481981981981984,0.46935013188776226,10
2,ant_inf,31,0.0,0.0,10
2,ant_isq,30,0.03333333333333333,0.17950549357115012,10
2,ant_clau,32,0.0,0.0,10
2,fum_act,37,0.2972972972972973,0.457068500683453,10
2,diabetes,30,0.13333333333333333,0.33993463423951903,10
2,hip_art,31,0.22580645161290322,0.4181123031230878,10
2,insf_car,6,0.0,0.0,10
2,fibr_aur,188,0.015957446808510637,0.12531084031265688,10
2,trat_est,35,0.14285714285714285,0.3499271061118826,10
2,var171,21,0.047619047619047616,0.21295885499998,10
2,tv_l_esu,369,0.008130081300813009,0.0897996830665631,10
2,tvp_orig,1285,0.28949416342412454,0.4535276097080428,10
2,tv_l_ein,278,0.8237410071942446,0.3810403656580967,10
2,tvp_prox,542,0.8505535055350554,0.3565280350226107,10
2,tv_l_svc,500,0.006,0.07722693830523131,10
2,tv_l_vre,513,0.01364522417153996,0.11601306835373495,10
2,tv_l_vrn,504,0.001984126984126984,0.04449932835715438,10
2,tv_l_vca,936,0.05235042735042735,0.2227327100060855,10
2,tv_l_yug,942,0.025477707006369428,0.1575709156287004,10
2,tv_l_ova,943,0.0042417815482502655,0.0649906826979621,10
2,tv_l_sup,942,0.005307855626326964,0.07266142232971382,10
2,tv_l_pul,942,0.0021231422505307855,0.04602862715218428,10
2,tv_l_ove,503,0.04572564612326044,0.20888947175449218,10
2,fr_antfa,704,0.13352272727272727,0.34013880780407896,10
2,fr_tvs_a,258,0.031007751937984496,0.17333860290696043,10
2,fr_viaje,8,0.0,0.0,10
2,fr_estro,10,0.0,0.0,10
2,fr_varic,28,0.17857142857142858,0.3829930462415574,10
2,fr_antec,1,0.0,0.0,10
2,ana_dime,191,1.4921465968586387,0.5776746121883432,10
2,ana_crea,54,0.9074074074074074,0.2898606637499726,10
2,ana_trop,863,0.8667439165701043,0.3398512905063336,10
2,tension_,64,128.734375,17.879144788254695,10
2,ana_hemo,5,14.7,1.70293863659264,10
2,ana_plaq,5,173.6,49.65319727872516,10
2,ana_leuc,16,7.850625000000001,2.8916852109756,10
2,ana_neu,1043,6.982466922339405,3.1767557085554614,10
2,protcrea,1318,73.95105918057662,57.819903811401964,10
2,splanchnic,484,0.01859504132231405,0.13508984329154983,10
3,raza,444,2.9527027027027026,0.6437620929621731,10
3,ant_inf,31,0.06451612903225806,0.24567010018915833,10
3,ant_isq,30,0.0,0.0,10
3,ant_clau,32,0.0,0.0,10
3,fum_act,37,0.16216216216216217,0.36859950532394203,10
3,diabetes,30,0.06666666666666667,0.24944382578492943,10
3,hip_art,31,0.3548387096774194,0.4784644185223008,10
3,insf_car,6,0.0,0.0,10
3,fibr_aur,188,0.02127659574468085,0.14430489325798443,10
3,trat_est,35,0.14285714285714285,0.3499271061118826,10
3,var171,21,0.047619047619047616,0.21295885499998,10
3,tv_l_esu,369,0.01084010840108401,0.10354999010592303,10
3,tvp_orig,1285,0.23190661478599223,0.42204968523207503,10
3,tv_l_ein,278,0.7661870503597122,0.42325459740066146,10
3,tvp_prox,542,0.8782287822878229,0.3270213880605834,10
3,tv_l_svc,500,0.01,0.09949874371066199,10
3,tv_l_vre,513,0.005847953216374269,0.0762479813473994,10
3,tv_l_vrn,504,0.0,0.0,10
3,tv_l_vca,936,0.049145299145299144,0.21617131798001835,10
3,tv_l_yug,942,0.01592356687898089,0.12517989813397162,10
3,tv_l_ova,943,0.007423117709437964,0.08583714250200664,10
3,tv_l_sup,942,0.01167728237791932,0.10742869008875448,10
3,tv_l_pul,942,0.0,0.0,10
3,tv_l_ove,503,0.05765407554671968,0.23308814452814375,10
3,fr_antfa,704,0.16193181818181818,0.3683882523128944,10
3,fr_tvs_a,258,0.03488372093023256,0.1834852771867384,10
3,fr_viaje,8,0.0,0.0,10
3,fr_estro,10,0.0,0.0,10
3,fr_varic,28,0.17857142857142858,0.3829930462415574,10
3,fr_antec,1,0.0,0.0,10
3,ana_dime,191,1.5235602094240839,0.5493641210293058,10
3,ana_crea,54,0.9444444444444444,0.2290614236454256,10
3,ana_trop,863,0.847045191193511,0.35994393350834425,10
3,tension_,64,133.203125,22.992648069206275,10
3,ana_hemo,5,13.4,2.0832666655999654,10
3,ana_plaq,5,244.6,110.62477118620403,10
3,ana_leuc,16,8.364374999999999,3.258506116209543,10
3,ana_neu,1043,6.141325023969318,2.9757013161489927,10
3,protcrea,1318,22.00656449165402,42.81522136106833,10
3,splanchnic,484,0.008264462809917356,0.0905326541330853,10
4,raza,444,2.9594594594594597,0.560064085518788,10
4,ant_inf,31,0.03225806451612903,0.17668469596940847,10
4,ant_isq,30,0.03333333333333333,0.17950549357115014,10
4,ant_clau,32,0.0625,0.24206145913796356,10
4,fum_act,37,0.24324324324324326,0.4290407531456093,10
4,diabetes,30,0.03333333333333333,0.1795054935711501,10
4,hip_art,31,0.3225806451612903,0.4674637660061109,10
4,insf_car,6,0.0,0.0,10
4,fibr_aur,188,0.010638297872340425,0.10259202937226548,10
4,trat_est,35,0.17142857142857143,0.3768830273792263,10
4,var171,21,0.0,0.0,10
4,tv_l_esu,369,0.018970189701897018,0.1364196525599265,10
4,tvp_orig,1285,0.18832684824902723,0.3909729485240828,10
4,tv_l_ein,278,0.762589928057554,0.4254956282768704,10
4,tvp_prox,542,0.8708487084870848,0.33536731416979376,10
4,tv_l_svc,500,0.004,0.06311893535223802,10
4,tv_l_vre,513,0.007797270955165692,0.08795722551796084,10
4,tv_l_vrn,504,0.0,0.0,10
4,tv_l_vca,936,0.0438034188034188,0.2046574682354668,10
4,tv_l_yug,942,0.01910828025477707,0.13690563860002977,10
4,tv_l_ova,943,0.01166489925768823,0.10737238650135433,10
4,tv_l_sup,942,0.006369426751592357,0.07955411462927897,10
4,tv_l_pul,942,0.0074309978768577496,0.08588235061647932,10
4,tv_l_ove,503,0.0636182902584493,0.24407171774509434,10
4,fr_antfa,704,0.1434659090909091,0.3505473463308888,10
4,fr_tvs_a,258,0.05813953488372093,0.2340071139243966,10
4,fr_viaje,8,0.125,0.33071891388307384,10
4,fr_estro,10,0.0,0.0,10
4,fr_varic,28,0.17857142857142858,0.3829930462415574,10
4,fr_antec,1,0.0,0.0,10
4,ana_dime,191,1.5549738219895288,0.5659295965181848,10
4,ana_crea,54,0.7962962962962963,0.4027511698320656,10
4,ana_trop,863,0.8852838933951332,0.31867902580855173,10
4,tension_,64,135.3125,20.651781854116123,10
4,ana_hemo,5,12.959999999999999,1.767031408888931,10
4,ana_plaq,5,213.4,66.88676999227874,10
4,ana_leuc,16,8.4275,3.415075950839161,10
4,ana_neu,1043,6.480249280920422,3.166064597971773,10
4,protcrea,1318,59.29010470409711,53.52806995892652,10
4,splanchnic,484,0.010330578512396695,0.10111309341522444,10
5,raza,444,2.936936936936937,0.6192014514392643,10
5,ant_inf,31,0.03225806451612903,0.17668469596940847,10
5,ant_isq,30,0.0,0.0,10
5,ant_clau,32,0.0,0.0,10
5,fum_act,37,0.2702702702702703,0.44409937095013474,10
5,diabetes,30,0.03333333333333333,0.17950549357115012,10
5,hip_art,31,0.3225806451612903,0.4674637660061109,10
5,insf_car,6,0.16666666666666666,0.372677996249965,10
5,fibr_aur,188,0.026595744680851064,0.16089876023674654,10
5,trat_est,35,0.08571428571428572,0.27994168488950605,10
5,var171,21,0.0,0.0,10
5,tv_l_esu,369,0.01084010840108401,0.10354999010592301,10
5,tvp_orig,1285,0.1867704280155642,0.38972712919996627,10
5,tv_l_ein,278,0.841726618705036,0.3649971480277934,10
5,tvp_prox,542,0.8487084870848709,0.3583327936918144,10
5,tv_l_svc,500,0.0,0.0,10
5,tv_l_vre,513,0.003898635477582846,0.06231722168867751,10
5,tv_l_vrn,504,0.003968253968253968,0.06286896634029705,10
5,tv_l_vca,936,0.03311965811965812,0.17894900493072063,10
5,tv_l_yug,942,0.022292993630573247,0.14763473868151925,10
5,tv_l_ova,943,0.007423117709437964,0.08583714250200664,10
5,tv_l_sup,942,0.0021231422505307855,0.04602862715218428,10
5,tv_l_pul,942,0.0021231422505307855,0.04602862715218428,10
5,tv_l_ove,503,0.05964214711729622,0.2368226370187931,10
5,fr_antfa,704,0.1590909090909091,0.3657608395325246,10
5,fr_tvs_a,258,0.06201550387596899,0.24118370831169067,10
5,fr_viaje,8,0.0,0.0,10
5,fr_estro,10,0.0,0.0,10
5,fr_varic,28,0.17857142857142858,0.3829930462415574,10
5,fr_antec,1,0.0,0.0,10
5,ana_dime,191,1.5602094240837696,0.5465627559520583,10
5,ana_crea,54,0.8518518518518519,0.3552467795046459,10
5,ana_trop,863,0.8679026651216686,0.33859655786255916,10
5,tension_,64,130.796875,20.918128865516987,10
5,ana_hemo,5,13.6,2.1071307505705477,10
5,ana_plaq,5,171.8,59.374742104703074,10
5,ana_leuc,16,7.907500000000001,3.5876846642368108,10
5,ana_neu,1043,6.360732502396932,3.198319106164865,10
5,protcrea,1318,35.83461305007587,64.04880788718745,10
5,splanchnic,484,0.008264462809917356,0.0905326541330853,10
1,raza,444,2.939189189189189,0.4486167632216687,11
1,ant_inf,31,0.03225806451612903,0.17668469596940847,11
1,ant_isq,30,0.03333333333333333,0.1795054935711501,11
1,ant_clau,32,0.0,0.0,11
1,fum_act,37,0.1891891891891892,0.3916588309780929,11
1,diabetes,30,0.06666666666666667,0.24944382578492943,11
1,hip_art,31,0.16129032258064516,0.3677985242255284,11
1,insf_car,6,0.0,0.0,11
1,fibr_aur,188,0.0,0.0,11
1,trat_est,35,0.14285714285714285,0.3499271061118826,11
1,var171,21,0.047619047619047616,0.21295885499997996,11
1,tv_l_esu,369,0.018970189701897018,0.1364196525599265,11
1,tvp_orig,1285,0.17120622568093385,0.3766890680243097,11
1,tv_l_ein,278,0.7338129496402878,0.4419632389469833,11
1,tvp_prox,542,0.8505535055350554,0.3565280350226107,11
1,tv_l_svc,500,0.016,0.125475097130865,11
1,tv_l_vre,513,0.007797270955165692,0.08795722551796084,11
1,tv_l_vrn,504,0.001984126984126984,0.04449932835715438,11
1,tv_l_vca,936,0.05235042735042735,0.2227327100060855,11
1,tv_l_yug,942,0.03503184713375796,0.1838603187753001,11
1,tv_l_ova,943,0.0010604453870625664,0.03254720944479916,11
1,tv_l_sup,942,0.0010615711252653928,0.03256446210228869,11
1,tv_l_pul,942,0.0074309978768577496,0.08588235061647932,11
1,tv_l_ove,503,0.05168986083499006,0.2214001335181382,11
1,fr_antfa,704,0.13920454545454544,0.34615984743950134,11
1,fr_tvs_a,258,0.05813953488372093,0.23400711392439658,11
1,fr_viaje,8,0.125,0.33071891388307384,11
1,fr_estro,10,0.0,0.0,11
1,fr_varic,28,0.03571428571428571,0.1855768722395226,11
1,fr_antec,1,1.0,0.0,11
1,ana_dime,191,1.5602094240837696,0.5465627559520583,11
1,ana_crea,54,0.9444444444444444,0.22906142364542553,11
1,ana_trop,863,0.8736964078794901,0.33219120207790837,11
1,tension_,64,129.28125,15.464140727421618,11
1,ana_hemo,5,13.540000000000001,3.757445941061561,11
1,ana_plaq,5,328.8,123.90544782211958,11
1,ana_leuc,16,7.77375,2.642590762395873,11
1,ana_neu,1043,6.188037392138063,3.04419251345977,11
1,protcrea,1318,33.33921699544765,41.68141902501948,11
1,splanchnic,484,0.028925619834710745,0.16759751893118383,11
2,raza,444,2.97972972972973,0.3761396124247779,11
2,ant_inf,31,0.0,0.0,11
2,ant_isq,30,0.03333333333333333,0.17950549357115012,11
2,ant_clau,32,0.0,0.0,11
2,fum_act,37,0.16216216216216217,0.36859950532394203,11
2,diabetes,30,0.16666666666666666,0.37267799624996495,11
2,hip_art,31,0.25806451612903225,0.43756967633066257,11
2,insf_car,6,0.16666666666666666,0.372677996249965,11
2,fibr_aur,188,0.03723404255319149,0.18933480564423072,11
2,trat_est,35,0.14285714285714285,0.3499271061118826,11
2,var171,21,0.0,0.0,11
2,tv_l_esu,369,0.01084010840108401,0.10354999010592301,11
2,tvp_orig,1285,0.26926070038910505,0.4435756706753355,11
2,tv_l_ein,278,0.7661870503597122,0.42325459740066146,11
2,tvp_prox,542,0.8081180811808119,0.39378071061119113,11
2,tv_l_svc,500,0.004,0.063118935352238,11
2,tv_l_vre,513,0.007797270955165692,0.08795722551796084,11
2,tv_l_vrn,504,0.0,0.0,11
2,tv_l_vca,936,0.0641025641025641,0.24493555351977947,11
2,tv_l_yug,942,0.02335456475583864,0.15102691502147553,11
2,tv_l_ova,943,0.0,0.0,11
2,tv_l_sup,942,0.008492569002123142,0.09176298422494399,11
2,tv_l_pul,942,0.0021231422505307855,0.04602862715218429,11
2,tv_l_ove,503,0.04572564612326044,0.20888947175449218,11
2,fr_antfa,704,0.16619318181818182,0.37225395650728893,11
2,fr_tvs_a,258,0.05813953488372093,0.23400711392439658,11
2,fr_viaje,8,0.0,0.0,11
2,fr_estro,10,0.0,0.0,11
2,fr_varic,28,0.17857142857142858,0.3829930462415574,11
2,fr_antec,1,0.0,0.0,11
2,ana_dime,191,1.513089005235602,0.5865743905407715,11
2,ana_crea,54,0.9629629629629629,0.18885257457751053,11
2,ana_trop,863,0.8192352259559675,0.3848231678431566,11
2,tension_,64,129.6875,18.672234567667576,11
2,ana_hemo,5,13.34,2.081922188747696,11
2,ana_plaq,5,251.6,78.0297379208722,11
2,ana_leuc,16,7.791875,2.7026034178870932,11
2,ana_neu,1043,6.318919463087248,3.089766786824758,11
2,protcrea,1318,57.5523717754173,45.41821953585538,11
2,splanchnic,484,0.022727272727272728,0.14903269373413638,11
3,raza,444,2.828828828828829,0.695854829453244,11
3,ant_inf,31,0.0,0.0,11
3,ant_isq,30,0.0,0.0,11
3,ant_clau,32,0.0625,0.24206145913796356,11
3,fum_act,37,0.16216216216216217,0.36859950532394203,11
3,diabetes,30,0.0,0.0,11
3,hip_art,31,0.3548387096774194,0.47846441852230076,11
3,insf_car,6,0.0,0.0,11
3,fibr_aur,188,0.0,0.0,11
3,trat_est,35,0.14285714285714285,0.3499271061118826,11
3,var171,21,0.047619047619047616,0.21295885499997996,11
3,tv_l_esu,369,0.016260162601626018,0.12647438362686217,11
3,tvp_orig,1285,0.28171206225680934,0.449833720652226,11
3,tv_l_ein,278,0.7517985611510791,0.4319693097920803,11
3,tvp_prox,542,0.8856088560885609,0.31828573657339965,11
3,tv_l_svc,500,0.006,0.0772269383052313,11
3,tv_l_vre,513,0.003898635477582846,0.06231722168867751,11
3,tv_l_vrn,504,0.003968253968253968,0.06286896634029705,11
3,tv_l_vca,936,0.041666666666666664,0.19982631347136337,11
3,tv_l_yug,942,0.05307855626326964,0.22419014948983945,11
3,tv_l_ova,943,0.007423117709437964,0.08583714250200664,11
3,tv_l_sup,942,0.0031847133757961785,0.056343331251446284,11
3,tv_l_pul,942,0.005307855626326964,0.07266142232971382,11
3,tv_l_ove,503,0.04970178926441352,0.2173281422373305,11
3,fr_antfa,704,0.13636363636363635,0.3431742925123068,11
3,fr_tvs_a,258,0.023255813953488372,0.1507148999629735,11
3,fr_viaje,8,0.0,0.0,11
3,fr_estro,10,0.0,0.0,11
3,fr_varic,28,0.17857142857142858,0.3829930462415574,11
3,fr_antec,1,0.0,0.0,11
3,ana_dime,191,1.617801047120419,0.5272643834465396,11
3,ana_crea,54,0.9444444444444444,0.22906142364542553,11
3,ana_trop,863,0.8632676709154113,0.3435645489099427,11
3,tension_,64,130.78125,19.767767917433165,11
3,ana_hemo,5,13.98,1.64608626748418,11
3,ana_plaq,5,225.2,55.43428541976527,11
3,ana_leuc,16,7.6075,2.615070505741671,11
3,ana_neu,1043,6.310116011505273,3.157073824938195,11
3,protcrea,1318,60.310248861911994,51.41867829720875,11
3,splanchnic,484,0.012396694214876033,0.11064816395864367,11
4,raza,444,2.9684684684684686,0.6216053007388719,11
4,ant_inf,31,0.0,0.0,11
4,ant_isq,30,0.03333333333333333,0.17950549357115012,11
4,ant_clau,32,0.03125,0.17399263633843817,11
4,fum_act,37,0.24324324324324326,0.4290407531456093,11
4,diabetes,30,0.13333333333333333,0.33993463423951903,11
4,hip_art,31,0.2903225806451613,0.4539112025635577,11
4,insf_car,6,0.0,0.0,11
4,fibr_aur,188,0.015957446808510637,0.12531084031265688,11
4,trat_est,35,0.2857142857142857,0.4517539514526256,11
4,var171,21,0.047619047619047616,0.21295885499997996,11
4,tv_l_esu,369,0.008130081300813009,0.08979968306656308,11
4,tvp_orig,1285,0.22879377431906614,0.4200561666633432,11
4,tv_l_ein,278,0.8237410071942446,0.3810403656580967,11
4,tvp_prox,542,0.8523985239852399,0.35470449714237384,11
4,tv_l_svc,500,0.008,0.08908422980528033,11
4,tv_l_vre,513,0.007797270955165692,0.08795722551796084,11
4,tv_l_vrn,504,0.007936507936507936,0.08873285624999165,11
4,tv_l_vca,936,0.0641025641025641,0.24493555351977947,11
4,tv_l_yug,942,0.036093418259023353,0.18652260832779108,11
4,tv_l_ova,943,0.0,0.0,11
4,tv_l_sup,942,0.0021231422505307855,0.04602862715218428,11
4,tv_l_pul,942,0.004246284501061571,0.06502502263742486,11
4,tv_l_ove,503,0.04572564612326044,0.20888947175449218,11
4,fr_antfa,704,0.14204545454545456,0.34909675362058257,11
4,fr_tvs_a,258,0.023255813953488372,0.1507148999629735,11
4,fr_viaje,8,0.0,0.0,11
4,fr_estro,10,0.0,0.0,11
4,fr_varic,28,0.21428571428571427,0.41032590332414487,11
4,fr_antec,1,1.0,0.0,11
4,ana_dime,191,1.486910994764398,0.5865743905407713,11
4,ana_crea,54,0.9259259259259259,0.261891400439462,11
4,ana_trop,863,0.8736964078794901,0.33219120207790837,11
4,tension_,64,127.890625,20.240057117245865,11
4,ana_hemo,5,13.8,1.2083045973594573,11
4,ana_plaq,5,214.6,41.42269909119877,11
4,ana_leuc,16,7.24625,2.023344616594019,11
4,ana_neu,1043,6.3567804410354745,3.0398944370834218,11
4,protcrea,1318,26.366292867981795,35.54871495619978,11
4,splanchnic,484,0.026859504132231406,0.16167272859082343,11
5,raza,444,2.9166666666666665,0.6941140355116688,11
5,ant_inf,31,0.03225806451612903,0.17668469596940847,11
5,ant_isq,30,0.03333333333333333,0.17950549357115012,11
5,ant_clau,32,0.0,0.0,11
5,fum_act,37,0.2702702702702703,0.44409937095013474,11
5,diabetes,30,0.03333333333333333,0.17950549357115012,11
5,hip_art,31,0.5161290322580645,0.4997397866074087,11
5,insf_car,6,0.0,0.0,11
5,fibr_aur,188,0.0,0.0,11
5,trat_est,35,0.14285714285714285,0.3499271061118826,11
5,var171,21,0.14285714285714285,0.34992710611188255,11
5,tv_l_esu,369,0.016260162601626018,0.12647438362686217,11
5,tvp_orig,1285,0.32140077821011676,0.46701425885731596,11
5,tv_l_ein,278,0.8129496402877698,0.3899519491472706,11
5,tvp_prox,542,0.8265682656826568,0.37862008378983497,11
5,tv_l_svc,500,0.01,0.09949874371066199,11
5,tv_l_vre,513,0.007797270955165692,0.08795722551796084,11
5,tv_l_vrn,504,0.007936507936507936,0.08873285624999165,11
5,tv_l_vca,936,0.050213675213675216,0.21838558110647036,11
5,tv_l_yug,942,0.016985138004246284,0.12921549091042836,11
5,tv_l_ova,943,0.0021208907741251328,0.0460042671547908,11
5,tv_l_sup,942,0.0074309978768577496,0.08588235061647932,11
5,tv_l_pul,942,0.0074309978768577496,0.08588235061647932,11
5,tv_l_ove,503,0.05964214711729622,0.23682263701879308,11
5,fr_antfa,704,0.12926136363636365,0.3354889916334535,11
5,fr_tvs_a,258,0.046511627906976744,0.21059035204970736,11
5,fr_viaje,8,0.0,0.0,11
5,fr_estro,10,0.1,0.30000000000000004,11
5,fr_varic,28,0.32142857142857145,0.4670248868079293,11
5,fr_antec,1,0.0,0.0,11
5,ana_dime,191,1.5863874345549738,0.543040727840388,11
5,ana_crea,54,0.8518518518518519,0.3552467795046459,11
5,ana_trop,863,0.8933951332560834,0.30861022201221455,11
5,tension_,64,128.921875,17.35142707342468,11
5,ana_hemo,5,13.580000000000002,1.1106754701531858,11
5,ana_plaq,5,241.4,101.22766420302308,11
5,ana_leuc,16,7.703749999999999,2.0789687197021514,11
5,ana_neu,1043,6.582282837967401,3.13429251568607,11
5,protcrea,1318,40.71489074355083,45.15968639856003,11
5,splanchnic,484,0.026859504132231406,0.16167272859082343,11
1,raza,444,2.945945945945946,0.6016170078257316,12
1,ant_inf,31,0.0,0.0,12
1,ant_isq,30,0.03333333333333333,0.17950549357115014,12
1,ant_clau,32,0.03125,0.17399263633843817,12
1,fum_act,37,0.16216216216216217,0.36859950532394203,12
1,diabetes,30,0.0,0.0,12
1,hip_art,31,0.3548387096774194,0.47846441852230076,12
1,insf_car,6,0.0,0.0,12
1,fibr_aur,188,0.010638297872340425,0.10259202937226548,12
1,trat_est,35,0.17142857142857143,0.3768830273792263,12
1,var171,21,0.0,0.0,12
1,tv_l_esu,369,0.005420054200542005,0.07342123135037433,12
1,tvp_orig,1285,0.21867704280155642,0.41334899752282295,12
1,tv_l_ein,278,0.762589928057554,0.4254956282768704,12
1,tvp_prox,542,0.8265682656826568,0.37862008378983497,12
1,tv_l_svc,500,0.006,0.0772269383052313,12
1,tv_l_vre,513,0.005847953216374269,0.0762479813473994,12
1,tv_l_vrn,504,0.00992063492063492,0.09910709320430297,12
1,tv_l_vca,936,0.05448717948717949,0.22697648944045146,12
1,tv_l_yug,942,0.013800424628450107,0.1166617885535987,12
1,tv_l_ova,943,0.009544008483563097,0.0972261301586604,12
1,tv_l_sup,942,0.008492569002123142,0.09176298422494399,12
1,tv_l_pul,942,0.005307855626326964,0.07266142232971382,12
1,tv_l_ove,503,0.055666003976143144,0.22927559830359434,12
1,fr_antfa,704,0.125,0.33071891388307384,12
1,fr_tvs_a,258,0.05813953488372093,0.23400711392439658,12
1,fr_viaje,8,0.0,0.0,12
1,fr_estro,10,0.0,0.0,12
1,fr_varic,28,0.17857142857142858,0.3829930462415574,12
1,fr_antec,1,0.0,0.0,12
1,ana_dime,191,1.4293193717277486,0.5356202624443615,12
1,ana_crea,54,0.9444444444444444,0.22906142364542553,12
1,ana_trop,863,0.8760139049826188,0.32956568883869286,12
1,tension_,64,130.21875,20.146703165468537,12
1,ana_hemo,5,13.720000000000002,0.6493073232299169,12
1,ana_plaq,5,306.6,86.28232727505674,12
1,ana_leuc,16,8.811250000000001,2.334488367394449,12
1,ana_neu,1043,6.457241610738255,3.1655182086590434,12
1,protcrea,1318,45.420843702579674,52.77378121703717,12
1,splanchnic,484,0.012396694214876033,0.11064816395864367,12
2,raza,444,2.9774774774774775,0.5885062300656377,12
2,ant_inf,31,0.06451612903225806,0.24567010018915833,12
2,ant_isq,30,0.0,0.0,12
2,ant_clau,32,0.03125,0.17399263633843817,12
2,fum_act,37,0.2972972972972973,0.457068500683453,12
2,diabetes,30,0.16666666666666666,0.37267799624996495,12
2,hip_art,31,0.3225806451612903,0.4674637660061109,12
2,insf_car,6,0.0,0.0,12
2,fibr_aur,188,0.005319148936170213,0.0727382677190284,12
2,trat_est,35,0.14285714285714285,0.3499271061118826,12
2,var171,21,0.0,0.0,12
2,tv_l_esu,369,0.013550135501355014,0.11561370735881596,12
2,tvp_orig,1285,0.35019455252918286,0.4770307410514214,12
2,tv_l_ein,278,0.8057553956834532,0.3956180456076984,12
2,tvp_prox,542,0.915129151291513,0.2786894109003573,12
2,tv_l_svc,500,0.008,0.08908422980528033,12
2,tv_l_vre,513,0.007797270955165692,0.08795722551796084,12
2,tv_l_vrn,504,0.001984126984126984,0.04449932835715438,12
2,tv_l_vca,936,0.049145299145299144,0.21617131798001835,12
2,tv_l_yug,942,0.018046709129511677,0.13312034186820013,12
2,tv_l_ova,943,0.006362672322375398,0.07951219229334251,12
2,tv_l_sup,942,0.006369426751592357,0.07955411462927897,12
2,tv_l_pul,942,0.006369426751592357,0.07955411462927897,12
2,tv_l_ove,503,0.03578528827037773,0.18575441155941272,12
2,fr_antfa,704,0.15625,0.3630921887069453,12
2,fr_tvs_a,258,0.05426356589147287,0.22653704180158843,12
2,fr_viaje,8,0.0,0.0,12
2,fr_estro,10,0.1,0.30000000000000004,12
2,fr_varic,28,0.14285714285714285,0.3499271061118826,12
2,fr_antec,1,0.0,0.0,12
2,ana_dime,191,1.5235602094240839,0.5681050482536351,12
2,ana_crea,54,0.9444444444444444,0.22906142364542553,12
2,ana_trop,863,0.8516801853997682,0.3554167232941982,12
2,tension_,64,129.96875,22.261913067782384,12
2,ana_hemo,5,13.1,1.9616319736382766,12
2,ana_plaq,5,234.2,92.85558680014897,12
2,ana_leuc,16,8.77125,2.813218519329773,12
2,ana_neu,1043,6.5001284755512945,3.108409798180883,12
2,protcrea,1318,78.12532625189681,58.67776092188204,12
2,splanchnic,484,0.03512396694214876,0.1840931120069287,12
3,raza,444,2.9436936936936937,0.6143779215603138,12
3,ant_inf,31,0.06451612903225806,0.2456701001891583,12
3,ant_isq,30,0.03333333333333333,0.1795054935711501,12
3,ant_clau,32,0.0,0.0,12
3,fum_act,37,0.24324324324324326,0.4290407531456093,12
3,diabetes,30,0.23333333333333334,0.4229525846816506,12
3,hip_art,31,0.3870967741935484,0.4870860925981129,12
3,insf_car,6,0.0,0.0,12
3,fibr_aur,188,0.015957446808510637,0.12531084031265685,12
3,trat_est,35,0.2,0.4,12
3,var171,21,0.09523809523809523,0.2935435239509036,12
3,tv_l_esu,369,0.013550135501355014,0.11561370735881595,12
3,tvp_orig,1285,0.22023346303501945,0.4144040115571062,12
3,tv_l_ein,278,0.8057553956834532,0.3956180456076984,12
3,tvp_prox,542,0.8800738007380073,0.3248752160331186,12
3,tv_l_svc,500,0.002,0.044676615807377355,12
3,tv_l_vre,513,0.011695906432748537,0.10751331175935812,12
3,tv_l_vrn,504,0.001984126984126984,0.04449932835715438,12
3,tv_l_vca,936,0.021367521367521368,0.14460619073238146,12
3,tv_l_yug,942,0.008492569002123142,0.09176298422494399,12
3,tv_l_ova,943,0.008483563096500531,0.09171473302413426,12
3,tv_l_sup,942,0.009554140127388535,0.0972772251547851,12
3,tv_l_pul,942,0.0031847133757961785,0.056343331251446284,12
3,tv_l_ove,503,0.04572564612326044,0.20888947175449218,12
3,fr_antfa,704,0.1690340909090909,0.37478202600929,12
3,fr_tvs_a,258,0.05813953488372093,0.2340071139243966,12
3,fr_viaje,8,0.125,0.33071891388307384,12
3,fr_estro,10,0.1,0.30000000000000004,12
3,fr_varic,28,0.17857142857142858,0.3829930462415574,12
3,fr_antec,1,1.0,0.0,12
3,ana_dime,191,1.4816753926701571,0.5864341791390932,12
3,ana_crea,54,0.9074074074074074,0.28986066374997266,12
3,ana_trop,863,0.8690614136732329,0.33733317793765094,12
3,tension_,64,127.5625,18.146000764631307,12
3,ana_hemo,5,12.0,3.146426544510455,12
3,ana_plaq,5,346.6,208.63039088301588,12
3,ana_leuc,16,8.945625,2.737402894967235,12
3,ana_neu,1043,6.477863854266539,3.1196000036553757,12
3,protcrea,1318,33.81311077389985,45.08831127398853,12
3,splanchnic,484,0.008264462809917356,0.09053265413308532,12
4,raza,444,2.891891891891892,0.6274695549321027,12
4,ant_inf,31,0.03225806451612903,0.17668469596940847,12
4,ant_isq,30,0.06666666666666667,0.24944382578492943,12
4,ant_clau,32,0.0,0.0,12
4,fum_act,37,0.24324324324324326,0.4290407531456093,12
4,diabetes,30,0.1,0.3,12
4,hip_art,31,0.3548387096774194,0.47846441852230076,12
4,insf_car,6,0.0,0.0,12
4,fibr_aur,188,0.010638297872340425,0.10259202937226548,12
4,trat_est,35,0.2571428571428571,0.4370588154508102,12
4,var171,21,0.09523809523809523,0.29354352395090366,12
4,tv_l_esu,369,0.01084010840108401,0.10354999010592303,12
4,tvp_orig,1285,0.32140077821011676,0.46701425885731596,12
4,tv_l_ein,278,0.8129496402877698,0.3899519491472706,12
4,tvp_prox,542,0.8745387453874539,0.3312411933977898,12
4,tv_l_svc,500,0.01,0.09949874371066199,12
4,tv_l_vre,513,0.011695906432748537,0.10751331175935812,12
4,tv_l_vrn,504,0.001984126984126984,0.04449932835715438,12
4,tv_l_vca,936,0.053418803418803416,0.22486714935736313,12
4,tv_l_yug,942,0.012738853503184714,0.11214533032903828,12
4,tv_l_ova,943,0.007423117709437964,0.08583714250200662,12
4,tv_l_sup,942,0.010615711252653927,0.10248423257874456,12
4,tv_l_pul,942,0.01167728237791932,0.10742869008875448,12
4,tv_l_ove,503,0.041749502982107355,0.20001620430068748,12
4,fr_antfa,704,0.1434659090909091,0.3505473463308888,12
4,fr_tvs_a,258,0.05813953488372093,0.2340071139243966,12
4,fr_viaje,8,0.0,0.0,12
4,fr_estro,10,0.1,0.30000000000000004,12
4,fr_varic,28,0.2857142857142857,0.45175395145262565,12
4,fr_antec,1,0.0,0.0,12
4,ana_dime,191,1.544502617801047,0.5480652679665646,12
4,ana_crea,54,0.8703703703703703,0.33589550272624175,12
4,ana_trop,863,0.86558516801854,0.3410974712964842,12
4,tension_,64,126.75,20.80264406271472,12
4,ana_hemo,5,13.9,1.0564090116995402,12
4,ana_plaq,5,226.2,54.17527111145822,12
4,ana_leuc,16,8.110624999999999,2.9737233999440833,12
4,ana_neu,1043,6.414049856184085,3.049159747422164,12
4,protcrea,1318,79.95364188163886,59.089358809785445,12
4,splanchnic,484,0.010330578512396695,0.10111309341522444,12
5,raza,444,2.9054054054054053,0.6078077336229467,12
5,ant_inf,31,0.03225806451612903,0.17668469596940847,12
5,ant_isq,30,0.0,0.0,12
5,ant_clau,32,0.03125,0.17399263633843817,12
5,fum_act,37,0.24324324324324326,0.4290407531456093,12
5,diabetes,30,0.13333333333333333,0.33993463423951903,12
5,hip_art,31,0.41935483870967744,0.49345350131543086,12
5,insf_car,6,0.0,0.0,12
5,fibr_aur,188,0.02127659574468085,0.14430489325798443,12
5,trat_est,35,0.14285714285714285,0.3499271061118826,12
5,var171,21,0.0,0.0,12
5,tv_l_esu,369,0.013550135501355014,0.11561370735881596,12
5,tvp_orig,1285,0.2622568093385214,0.43986154104911224,12
5,tv_l_ein,278,0.7769784172661871,0.4162726947191204,12
5,tvp_prox,542,0.8800738007380073,0.3248752160331186,12
5,tv_l_svc,500,0.008,0.08908422980528033,12
5,tv_l_vre,513,0.007797270955165692,0.08795722551796084,12
5,tv_l_vrn,504,0.011904761904761904,0.10845754260886069,12
5,tv_l_vca,936,0.049145299145299144,0.21617131798001832,12
5,tv_l_yug,942,0.013800424628450107,0.1166617885535987,12
5,tv_l_ova,943,0.008483563096500531,0.09171473302413426,12
5,tv_l_sup,942,0.0021231422505307855,0.04602862715218429,12
5,tv_l_pul,942,0.010615711252653927,0.10248423257874456,12
5,tv_l_ove,503,0.04771371769383698,0.21315984339849242,12
5,fr_antfa,704,0.16051136363636365,0.36707964500903434,12
5,fr_tvs_a,258,0.06976744186046512,0.25475467790937956,12
5,fr_viaje,8,0.0,0.0,12
5,fr_estro,10,0.0,0.0,12
5,fr_varic,28,0.21428571428571427,0.41032590332414487,12
5,fr_antec,1,0.0,0.0,12
5,ana_dime,191,1.617801047120419,0.5272643834465396,12
5,ana_crea,54,0.8888888888888888,0.31426968052735454,12
5,ana_trop,863,0.86558516801854,0.3410974712964842,12
5,tension_,64,132.828125,20.58105522038107,12
5,ana_hemo,5,13.84,1.3573503600765722,12
5,ana_plaq,5,204.2,60.7993421017037,12
5,ana_leuc,16,8.096250000000001,2.9733185899765266,12
5,ana_neu,1043,6.473021093000959,3.023512615245766,12
5,protcrea,1318,36.6010440060698,47.36778325645861,12
5,splanchnic,484,0.030991735537190084,0.17329526209790896,12
1,raza,444,2.945945945945946,0.6484609337992112,13
1,ant_inf,31,0.03225806451612903,0.17668469596940847,13
1,ant_isq,30,0.06666666666666667,0.24944382578492943,13
1,ant_clau,32,0.03125,0.17399263633843817,13
1,fum_act,37,0.1891891891891892,0.3916588309780929,13
1,diabetes,30,0.13333333333333333,0.33993463423951903,13
1,hip_art,31,0.25806451612903225,0.4375696763306625,13
1,insf_car,6,0.0,0.0,13
1,fibr_aur,188,0.005319148936170213,0.07273826771902839,13
1,trat_est,35,0.2571428571428571,0.4370588154508102,13
1,var171,21,0.047619047619047616,0.21295885499997996,13
1,tv_l_esu,369,0.013550135501355014,0.11561370735881595,13
1,tvp_orig,1285,0.1509727626459144,0.3580223283329893,13
1,tv_l_ein,278,0.737410071942446,0.4400414273000698,13
1,tvp_prox,542,0.9188191881918819,0.2731125914385732,13
1,tv_l_svc,500,0.0,0.0,13
1,tv_l_vre,513,0.009746588693957114,0.09824251983122145,13
1,tv_l_vrn,504,0.003968253968253968,0.06286896634029705,13
1,tv_l_vca,936,0.053418803418803416,0.22486714935736313,13
1,tv_l_yug,942,0.009554140127388535,0.09727722515478511,13
1,tv_l_ova,943,0.0,0.0,13
1,tv_l_sup,942,0.0031847133757961785,0.056343331251446284,13
1,tv_l_pul,942,0.005307855626326964,0.07266142232971383,13
1,tv_l_ove,503,0.05964214711729622,0.23682263701879308,13
1,fr_antfa,704,0.13920454545454544,0.34615984743950134,13
1,fr_tvs_a,258,0.046511627906976744,0.21059035204970736,13
1,fr_viaje,8,0.125,0.33071891388307384,13
1,fr_estro,10,0.1,0.30000000000000004,13
1,fr_varic,28,0.17857142857142858,0.3829930462415574,13
1,fr_antec,1,0.0,0.0,13
1,ana_dime,191,1.5287958115183247,0.6207225271321019,13
1,ana_crea,54,0.9074074074074074,0.2898606637499726,13
1,ana_trop,863,0.8516801853997682,0.3554167232941982,13
1,tension_,64,130.59375,18.56047442651992,13
1,ana_hemo,5,14.260000000000002,1.4499655168313488,13
1,ana_plaq,5,155.0,47.64871456818116,13
1,ana_leuc,16,8.245000000000001,3.2473412201368674,13
1,ana_neu,1043,6.4685829338446785,3.207428408665948,13
1,protcrea,1318,55.01162367223065,58.35647822823819,13
1,splanchnic,484,0.012396694214876033,0.11064816395864367,13
2,raza,444,2.954954954954955,0.587211878936161,13
2,ant_inf,31,0.0967741935483871,0.29565004483586066,13
2,ant_isq,30,0.06666666666666667,0.24944382578492943,13
2,ant_clau,32,0.0625,0.24206145913796356,13
2,fum_act,37,0.3783783783783784,0.4849826606736854,13
2,diabetes,30,0.1,0.29999999999999993,13
2,hip_art,31,0.25806451612903225,0.4375696763306625,13
2,insf_car,6,0.0,0.0,13
2,fibr_aur,188,0.0,0.0,13
2,trat_est,35,0.2857142857142857,0.45175395145262565,13
2,var171,21,0.047619047619047616,0.21295885499997996,13
2,tv_l_esu,369,0.01084010840108401,0.10354999010592301,13
2,tvp_orig,1285,0.18054474708171206,0.38464053528315584,13
2,tv_l_ein,278,0.762589928057554,0.4254956282768703,13
2,tvp_prox,542,0.8025830258302583,0.398049635698119,13
2,tv_l_svc,500,0.018,0.132951118836962,13
2,tv_l_vre,513,0.005847953216374269,0.0762479813473994,13
2,tv_l_vrn,504,0.00992063492063492,0.09910709320430298,13
2,tv_l_vca,936,0.0438034188034188,0.2046574682354668,13
2,tv_l_yug,942,0.01167728237791932,0.10742869008875447,13
2,tv_l_ova,943,0.003181336161187699,0.056313544209339365,13
2,tv_l_sup,942,0.0,0.0,13
2,tv_l_pul,942,0.008492569002123142,0.09176298422494399,13
2,tv_l_ove,503,0.07157057654075547,0.25777554017862003,13
2,fr_antfa,704,0.1534090909090909,0.3603813837249881,13
2,fr_tvs_a,258,0.03875968992248062,0.19302169919362377,13
2,fr_viaje,8,0.0,0.0,13
2,fr_estro,10,0.0,0.0,13
2,fr_varic,28,0.17857142857142858,0.3829930462415574,13
2,fr_antec,1,0.0,0.0,13
2,ana_dime,191,1.4712041884816753,0.653591059029413,13
2,ana_crea,54,0.9259259259259259,0.261891400439462,13
2,ana_trop,863,0.8632676709154113,0.34356454890994265,13
2,tension_,64,132.6875,23.599440538919563,13
2,ana_hemo,5,13.76,0.9178235124467017,13
2,ana_plaq,5,276.8,70.64672674653795,13
2,ana_leuc,16,8.079375,3.149121839398247,13
2,ana_neu,1043,6.552379674017257,3.0990814424303212,13
2,protcrea,1318,54.13158118361153,57.795415517611985,13
2,splanchnic,484,0.024793388429752067,0.15549493985311388,13
3,raza,444,2.8783783783783785,0.6900718601313331,13
3,ant_inf,31,0.03225806451612903,0.17668469596940847,13
3,ant_isq,30,0.16666666666666666,0.37267799624996495,13
3,ant_clau,32,0.0,0.0,13
3,fum_act,37,0.24324324324324326,0.4290407531456093,13
3,diabetes,30,0.13333333333333333,0.33993463423951903,13
3,hip_art,31,0.3548387096774194,0.47846441852230076,13
3,insf_car,6,0.0,0.0,13
3,fibr_aur,188,0.026595744680851064,0.16089876023674654,13
3,trat_est,35,0.2,0.4000000000000001,13
3,var171,21,0.0,0.0,13
3,tv_l_esu,369,0.01084010840108401,0.10354999010592301,13
3,tvp_orig,1285,0.15797665369649805,0.36471911189757356,13
3,tv_l_ein,278,0.8165467625899281,0.38703765591197425,13
3,tvp_prox,542,0.8726937269372693,0.33331574505505746,13
3,tv_l_svc,500,0.008,0.08908422980528033,13
3,tv_l_vre,513,0.003898635477582846,0.06231722168867751,13
3,tv_l_vrn,504,0.007936507936507936,0.08873285624999165,13
3,tv_l_vca,936,0.04487179487179487,0.20702250335839922,13
3,tv_l_yug,942,0.013800424628450107,0.11666178855359868,13
3,tv_l_ova,943,0.0,0.0,13
3,tv_l_sup,942,0.008492569002123142,0.09176298422494399,13
3,tv_l_pul,942,0.0,0.0,13
3,tv_l_ove,503,0.04970178926441352,0.21732814223733052,13
3,fr_antfa,704,0.15482954545454544,0.36174211437000847,13
3,fr_tvs_a,258,0.03488372093023256,0.1834852771867384,13
3,fr_viaje,8,0.0,0.0,13
3,fr_estro,10,0.1,0.30000000000000004,13
3,fr_varic,28,0.21428571428571427,0.410325903324145,13
3,fr_antec,1,0.0,0.0,13
3,ana_dime,191,1.4712041884816753,0.5948805284456854,13
3,ana_crea,54,0.9629629629629629,0.18885257457751053,13
3,ana_trop,863,0.847045191193511,0.3599439335083443,13
3,tension_,64,132.296875,21.563626555715878,13
3,ana_hemo,5,14.680000000000001,1.419013742005341,13
3,ana_plaq,5,205.0,47.21440458165283,13
3,ana_leuc,16,7.761875,3.268685169051158,13
3,ana_neu,1043,6.532982742090124,3.101295909766153,13
3,protcrea,1318,44.65939908952959,53.939870371099765,13
3,splanchnic,484,0.03925619834710744,0.1942038857449562,13
4,raza,444,2.8986486486486487,0.6549176228873707,13
4,ant_inf,31,0.03225806451612903,0.17668469596940847,13
4,ant_isq,30,0.03333333333333333,0.17950549357115014,13
4,ant_clau,32,0.03125,0.17399263633843817,13
4,fum_act,37,0.24324324324324326,0.4290407531456093,13
4,diabetes,30,0.03333333333333333,0.17950549357115014,13
4,hip_art,31,0.45161290322580644,0.4976531813077907,13
4,insf_car,6,0.0,0.0,13
4,fibr_aur,188,0.0425531914893617,0.2018475102235136,13
4,trat_est,35,0.2,0.4000000000000001,13
4,var171,21,0.0,0.0,13
4,tv_l_esu,369,0.032520325203252036,0.17737743275830428,13
4,tvp_orig,1285,0.21945525291828794,0.4138775723385578,13
4,tv_l_ein,278,0.7697841726618705,0.4209709018223825,13
4,tvp_prox,542,0.8985239852398524,0.3019579990471289,13
4,tv_l_svc,500,0.006,0.07722693830523131,13
4,tv_l_vre,513,0.003898635477582846,0.06231722168867751,13
4,tv_l_vrn,504,0.005952380952380952,0.07692171418642907,13
4,tv_l_vca,936,0.050213675213675216,0.21838558110647038,13
4,tv_l_yug,942,0.01167728237791932,0.10742869008875447,13
4,tv_l_ova,943,0.0021208907741251328,0.0460042671547908,13
4,tv_l_sup,942,0.004246284501061571,0.06502502263742488,13
4,tv_l_pul,942,0.006369426751592357,0.07955411462927896,13
4,tv_l_ove,503,0.061630218687872766,0.24048271212783207,13
4,fr_antfa,704,0.140625,0.3476343040826092,13
4,fr_tvs_a,258,0.027131782945736434,0.16246737918709062,13
4,fr_viaje,8,0.0,0.0,13
4,fr_estro,10,0.0,0.0,13
4,fr_varic,28,0.17857142857142858,0.3829930462415574,13
4,fr_antec,1,0.0,0.0,13
4,ana_dime,191,1.4973821989528795,0.5498628629577434,13
4,ana_crea,54,0.8518518518518519,0.3552467795046459,13
4,ana_trop,863,0.8667439165701043,0.3398512905063336,13
4,tension_,64,126.546875,21.558010175671942,13
4,ana_hemo,5,12.8,1.5999999999999999,13
4,ana_plaq,5,263.2,61.10450065257059,13
4,ana_leuc,16,7.8525,3.294300950125838,13
4,ana_neu,1043,6.3762636625119855,3.1133809996199697,13
4,protcrea,1318,44.452679817905924,53.158548245947756,13
4,splanchnic,484,0.03925619834710744,0.1942038857449562,13
5,raza,444,2.873873873873874,0.6488675806706276,13
5,ant_inf,31,0.03225806451612903,0.17668469596940847,13
5,ant_isq,30,0.03333333333333333,0.17950549357115012,13
5,ant_clau,32,0.0,0.0,13
5,fum_act,37,0.05405405405405406,0.22612433149569605,13
5,diabetes,30,0.16666666666666666,0.37267799624996495,13
5,hip_art,31,0.25806451612903225,0.4375696763306625,13
5,insf_car,6,0.16666666666666666,0.372677996249965,13
5,fibr_aur,188,0.015957446808510637,0.12531084031265685,13
5,trat_est,35,0.17142857142857143,0.3768830273792263,13
5,var171,21,0.047619047619047616,0.21295885499997996,13
5,tv_l_esu,369,0.008130081300813009,0.0897996830665631,13
5,tvp_orig,1285,0.21556420233463036,0.4112131770827206,13
5,tv_l_ein,278,0.7410071942446043,0.43808165029175045,13
5,tvp_prox,542,0.8892988929889298,0.31376164825802677,13
5,tv_l_svc,500,0.004,0.063118935352238,13
5,tv_l_vre,513,0.009746588693957114,0.09824251983122145,13
5,tv_l_vrn,504,0.005952380952380952,0.07692171418642908,13
5,tv_l_vca,936,0.03952991452991453,0.19485199610774376,13
5,tv_l_yug,942,0.01167728237791932,0.10742869008875448,13
5,tv_l_ova,943,0.0021208907741251328,0.0460042671547908,13
5,tv_l_sup,942,0.006369426751592357,0.07955411462927897,13
5,tv_l_pul,942,0.004246284501061571,0.06502502263742486,13
5,tv_l_ove,503,0.06759443339960239,0.2510486526014213,13
5,fr_antfa,704,0.11647727272727272,0.32079638038059166,13
5,fr_tvs_a,258,0.06589147286821706,0.24809229466364746,13
5,fr_viaje,8,0.25,0.4330127018922193,13
5,fr_estro,10,0.1,0.30000000000000004,13
5,fr_varic,28,0.10714285714285714,0.30929478706587094,13
5,fr_antec,1,0.0,0.0,13
5,ana_dime,191,1.5340314136125655,0.5488149814190014,13
5,ana_crea,54,0.7962962962962963,0.4027511698320657,13
5,ana_trop,863,0.880648899188876,0.32420119609017006,13
5,tension_,64,128.671875,20.52441738477307,13
5,ana_hemo,5,13.98,2.743282705081633,13
5,ana_plaq,5,228.2,114.39475512452483,13
5,ana_leuc,16,8.27375,2.982178052615236,13
5,ana_neu,1043,6.504716203259827,3.0324403897122787,13
5,protcrea,1318,39.10955235204856,52.32246029408417,13
5,splanchnic,484,0.01652892561983471,0.12749792248381414,13
1,raza,444,2.891891891891892,0.6691577515210781,14
1,ant_inf,31,0.03225806451612903,0.17668469596940845,14
1,ant_isq,30,0.0,0.0,14
1,ant_clau,32,0.0,0.0,14
1,fum_act,37,0.24324324324324326,0.4290407531456093,14
1,diabetes,30,0.1,0.30000000000000004,14
1,hip_art,31,0.3870967741935484,0.4870860925981129,14
1,insf_car,6,0.0,0.0,14
1,fibr_aur,188,0.005319148936170213,0.07273826771902842,14
1,trat_est,35,0.14285714285714285,0.3499271061118826,14
1,var171,21,0.09523809523809523,0.29354352395090366,14
1,tv_l_esu,369,0.013550135501355014,0.11561370735881596,14
1,tvp_orig,1285,0.29571984435797666,0.4563656626115408,14
1,tv_l_ein,278,0.7733812949640287,0.41864384333678034,14
1,tvp_prox,542,0.8671586715867159,0.33940316716064706,14
1,tv_l_svc,500,0.002,0.044676615807377355,14
1,tv_l_vre,513,0.017543859649122806,0.13128622409733126,14
1,tv_l_vrn,504,0.001984126984126984,0.04449932835715438,14
1,tv_l_vca,936,0.045940170940170943,0.20935537163913137,14
1,tv_l_yug,942,0.010615711252653927,0.10248423257874456,14
1,tv_l_ova,943,0.010604453870625663,0.1024304614298473,14
1,tv_l_sup,942,0.010615711252653927,0.10248423257874456,14
1,tv_l_pul,942,0.0021231422505307855,0.04602862715218429,14
1,tv_l_ove,503,0.073558648111332,0.2610512849984946,14
1,fr_antfa,704,0.1690340909090909,0.37478202600929,14
1,fr_tvs_a,258,0.031007751937984496,0.17333860290696043,14
1,fr_viaje,8,0.0,0.0,14
1,fr_estro,10,0.0,0.0,14
1,fr_varic,28,0.17857142857142858,0.3829930462415574,14
1,fr_antec,1,0.0,0.0,14
1,ana_dime,191,1.5654450261780104,0.5648144632248109,14
1,ana_crea,54,0.8518518518518519,0.3552467795046459,14
1,ana_trop,863,0.847045191193511,0.35994393350834425,14
1,tension_,64,131.90625,21.734706368789528,14
1,ana_hemo,5,12.36,1.709502851708648,14
1,ana_plaq,5,415.6,380.92025412151554,14
1,ana_leuc,16,7.274375,3.6202433770915183,14
1,ana_neu,1043,6.594469798657717,3.0896353258265075,14
1,protcrea,1318,46.19956904400607,51.47551419743323,14
1,splanchnic,484,0.01652892561983471,0.12749792248381414,14
2,raza,444,2.939189189189189,0.49172913355223036,14
2,ant_inf,31,0.03225806451612903,0.17668469596940847,14
2,ant_isq,30,0.0,0.0,14
2,ant_clau,32,0.0,0.0,14
2,fum_act,37,0.16216216216216217,0.36859950532394203,14
2,diabetes,30,0.03333333333333333,0.1795054935711501,14
2,hip_art,31,0.16129032258064516,0.3677985242255284,14
2,insf_car,6,0.0,0.0,14
2,fibr_aur,188,0.015957446808510637,0.12531084031265685,14
2,trat_est,35,0.14285714285714285,0.3499271061118826,14
2,var171,21,0.0,0.0,14
2,tv_l_esu,369,0.013550135501355014,0.11561370735881596,14
2,tvp_orig,1285,0.15797665369649805,0.3647191118975736,14
2,tv_l_ein,278,0.7877697841726619,0.40888696643109035,14
2,tvp_prox,542,0.8985239852398524,0.3019579990471289,14
2,tv_l_svc,500,0.006,0.07722693830523131,14
2,tv_l_vre,513,0.005847953216374269,0.07624798134739938,14
2,tv_l_vrn,504,0.017857142857142856,0.13243211584099399,14
2,tv_l_vca,936,0.057692307692307696,0.23316068563427195,14
2,tv_l_yug,942,0.009554140127388535,0.09727722515478511,14
2,tv_l_ova,943,0.003181336161187699,0.056313544209339365,14
2,tv_l_sup,942,0.0010615711252653928,0.03256446210228868,14
2,tv_l_pul,942,0.009554140127388535,0.09727722515478511,14
2,tv_l_ove,503,0.06958250497017893,0.2544420955193027,14
2,fr_antfa,704,0.15056818181818182,0.35762746600638595,14
2,fr_tvs_a,258,0.04263565891472868,0.20203430278949067,14
2,fr_viaje,8,0.0,0.0,14
2,fr_estro,10,0.0,0.0,14
2,fr_varic,28,0.14285714285714285,0.3499271061118826,14
2,fr_antec,1,0.0,0.0,14
2,ana_dime,191,1.5183246073298429,0.6040260382131764,14
2,ana_crea,54,0.9074074074074074,0.28986066374997266,14
2,ana_trop,863,0.8829663962920047,0.32146032307442746,14
2,tension_,64,128.921875,16.2329763593857,14
2,ana_hemo,5,13.02,1.4524462124292243,14
2,ana_plaq,5,212.2,34.654869787664765,14
2,ana_leuc,16,7.535,4.052172256950586,14
2,ana_neu,1043,6.547540747842762,3.1468523433994173,14
2,protcrea,1318,49.01396661608498,54.586771880601844,14
2,splanchnic,484,0.022727272727272728,0.14903269373413638,14
3,raza,444,2.8671171171171173,0.7057675999948566,14
3,ant_inf,31,0.03225806451612903,0.17668469596940847,14
3,ant_isq,30,0.0,0.0,14
3,ant_clau,32,0.09375,0.2914805954090255,14
3,fum_act,37,0.16216216216216217,0.36859950532394203,14
3,diabetes,30,0.06666666666666667,0.24944382578492943,14
3,hip_art,31,0.3870967741935484,0.487086092598113,14
3,insf_car,6,0.0,0.0,14
3,fibr_aur,188,0.010638297872340425,0.10259202937226548,14
3,trat_est,35,0.2857142857142857,0.4517539514526256,14
3,var171,21,0.14285714285714285,0.34992710611188255,14
3,tv_l_esu,369,0.01084010840108401,0.10354999010592301,14
3,tvp_orig,1285,0.19688715953307392,0.3976463327431448,14
3,tv_l_ein,278,0.7949640287769785,0.4037279055597394,14
3,tvp_prox,542,0.8616236162361623,0.34529459911831917,14
3,tv_l_svc,500,0.006,0.07722693830523131,14
3,tv_l_vre,513,0.003898635477582846,0.06231722168867751,14
3,tv_l_vrn,504,0.005952380952380952,0.07692171418642907,14
3,tv_l_vca,936,0.042735042735042736,0.20225913788374755,14
3,tv_l_yug,942,0.004246284501061571,0.06502502263742486,14
3,tv_l_ova,943,0.0010604453870625664,0.03254720944479916,14
3,tv_l_sup,942,0.004246284501061571,0.06502502263742486,14
3,tv_l_pul,942,0.0074309978768577496,0.08588235061647932,14
3,tv_l_ove,503,0.0536779324055666,0.22538103730844355,14
3,fr_antfa,704,0.12357954545454546,0.3291012631391642,14
3,fr_tvs_a,258,0.03488372093023256,0.1834852771867384,14
3,fr_viaje,8,0.0,0.0,14
3,fr_estro,10,0.0,0.0,14
3,fr_varic,28,0.07142857142857142,0.25753937681885636,14
3,fr_antec,1,0.0,0.0,14
3,ana_dime,191,1.4607329842931938,0.5763919976763511,14
3,ana_crea,54,0.9444444444444444,0.22906142364542553,14
3,ana_trop,863,0.8818076477404403,0.3228357479073714,14
3,tension_,64,128.484375,21.207304304398875,14
3,ana_hemo,5,15.0,1.1661903789690604,14
3,ana_plaq,5,214.2,33.09017981214366,14
3,ana_leuc,16,7.21375,3.1547620254941573,14
3,ana_neu,1043,6.5117286673058485,3.077295475906305,14
3,protcrea,1318,62.354694992412746,56.710429828996354,14
3,splanchnic,484,0.01652892561983471,0.12749792248381414,14
4,raza,444,2.894144144144144,0.5615791256426834,14
4,ant_inf,31,0.03225806451612903,0.17668469596940847,14
4,ant_isq,30,0.0,0.0,14
4,ant_clau,32,0.0,0.0,14
4,fum_act,37,0.35135135135135137,0.47739247926096473,14
4,diabetes,30,0.06666666666666667,0.24944382578492943,14
4,hip_art,31,0.25806451612903225,0.4375696763306625,14
4,insf_car,6,0.0,0.0,14
4,fibr_aur,188,0.026595744680851064,0.16089876023674654,14
4,trat_est,35,0.11428571428571428,0.318157963590287,14
4,var171,21,0.047619047619047616,0.21295885499997996,14
4,tv_l_esu,369,0.0027100271002710027,0.051987333586045736,14
4,tvp_orig,1285,0.154863813229572,0.3617748092136436,14
4,tv_l_ein,278,0.8525179856115108,0.35458577216296017,14
4,tvp_prox,542,0.8431734317343174,0.3636371759758507,14
4,tv_l_svc,500,0.0,0.0,14
4,tv_l_vre,513,0.007797270955165692,0.08795722551796084,14
4,tv_l_vrn,504,0.011904761904761904,0.10845754260886069,14
4,tv_l_vca,936,0.04700854700854701,0.21165713670153488,14
4,tv_l_yug,942,0.009554140127388535,0.09727722515478511,14
4,tv_l_ova,943,0.006362672322375398,0.07951219229334251,14
4,tv_l_sup,942,0.0021231422505307855,0.04602862715218428,14
4,tv_l_pul,942,0.0010615711252653928,0.03256446210228869,14
4,tv_l_ove,503,0.073558648111332,0.2610512849984946,14
4,fr_antfa,704,0.1590909090909091,0.3657608395325246,14
4,fr_tvs_a,258,0.06589147286821706,0.24809229466364746,14
4,fr_viaje,8,0.125,0.33071891388307384,14
4,fr_estro,10,0.1,0.30000000000000004,14
4,fr_varic,28,0.21428571428571427,0.41032590332414487,14
4,fr_antec,1,0.0,0.0,14
4,ana_dime,191,1.544502617801047,0.5668491389498846,14
4,ana_crea,54,0.9074074074074074,0.28986066374997266,14
4,ana_trop,863,0.816917728852839,0.3867339565369952,14
4,tension_,64,134.09375,21.587553380072972,14
4,ana_hemo,5,13.66,2.882776439476361,14
4,ana_plaq,5,216.6,61.023274248437374,14
4,ana_leuc,16,7.47125,2.259678835033864,14
4,ana_neu,1043,6.627915627996164,3.2718800226509677,14
4,protcrea,1318,49.56009559939302,52.56573563717487,14
4,splanchnic,484,0.01859504132231405,0.13508984329154983,14
5,raza,444,2.873873873873874,0.7211991655184109,14
5,ant_inf,31,0.12903225806451613,0.3352356401746214,14
5,ant_isq,30,0.0,0.0,14
5,ant_clau,32,0.0,0.0,14
5,fum_act,37,0.2972972972972973,0.457068500683453,14
5,diabetes,30,0.03333333333333333,0.17950549357115012,14
5,hip_art,31,0.3548387096774194,0.47846441852230076,14
5,insf_car,6,0.0,0.0,14
5,fibr_aur,188,0.02127659574468085,0.14430489325798443,14
5,trat_est,35,0.2,0.4,14
5,var171,21,0.047619047619047616,0.21295885499997996,14
5,tv_l_esu,369,0.01084010840108401,0.10354999010592301,14
5,tvp_orig,1285,0.17509727626459143,0.3800502862902655,14
5,tv_l_ein,278,0.8309352517985612,0.3748090968973711,14
5,tvp_prox,542,0.8892988929889298,0.31376164825802677,14
5,tv_l_svc,500,0.004,0.063118935352238,14
5,tv_l_vre,513,0.005847953216374269,0.07624798134739938,14
5,tv_l_vrn,504,0.001984126984126984,0.04449932835715439,14
5,tv_l_vca,936,0.04487179487179487,0.20702250335839925,14
5,tv_l_yug,942,0.01910828025477707,0.13690563860002977,14
5,tv_l_ova,943,0.003181336161187699,0.056313544209339365,14
5,tv_l_sup,942,0.0010615711252653928,0.03256446210228869,14
5,tv_l_pul,942,0.0021231422505307855,0.04602862715218429,14
5,tv_l_ove,503,0.08151093439363817,0.2736181681977901,14
5,fr_antfa,704,0.13352272727272727,0.34013880780407896,14
5,fr_tvs_a,258,0.06589147286821706,0.2480922946636475,14
5,fr_viaje,8,0.0,0.0,14
5,fr_estro,10,0.0,0.0,14
5,fr_varic,28,0.14285714285714285,0.3499271061118826,14
5,fr_antec,1,0.0,0.0,14
5,ana_dime,191,1.5602094240837696,0.5745819861076,14
5,ana_crea,54,0.9074074074074074,0.28986066374997266,14
5,ana_trop,863,0.8632676709154113,0.3435645489099427,14
5,tension_,64,132.390625,21.85864902296972,14
5,ana_hemo,5,12.260000000000002,1.892722906291357,14
5,ana_plaq,5,233.4,53.87244193462925,14
5,ana_leuc,16,6.797499999999999,2.1692870372544064,14
5,ana_neu,1043,6.507154362416108,3.140830305936324,14
5,protcrea,1318,58.88993171471927,59.68476598914457,14
5,splanchnic,484,0.01652892561983471,0.12749792248381414,14
1,raza,444,2.9234234234234235,0.6320928992839716,15
1,ant_inf,31,0.06451612903225806,0.24567010018915833,15
1,ant_isq,30,0.03333333333333333,0.1795054935711501,15
1,ant_clau,32,0.0,0.0,15
1,fum_act,37,0.24324324324324326,0.42904075314560935,15
1,diabetes,30,0.06666666666666667,0.24944382578492943,15
1,hip_art,31,0.2903225806451613,0.4539112025635577,15
1,insf_car,6,0.0,0.0,15
1,fibr_aur,188,0.0,0.0,15
1,trat_est,35,0.2857142857142857,0.4517539514526256,15
1,var171,21,0.0,0.0,15
1,tv_l_esu,369,0.013550135501355014,0.11561370735881595,15
1,tvp_orig,1285,0.14708171206225681,0.35418735443136895,15
1,tv_l_ein,278,0.7841726618705036,0.41139506346750493,15
1,tvp_prox,542,0.8173431734317343,0.3863849250116731,15
1,tv_l_svc,500,0.012,0.1088852607105296,15
1,tv_l_vre,513,0.001949317738791423,0.04410802533717255,15
1,tv_l_vrn,504,0.003968253968253968,0.06286896634029705,15
1,tv_l_vca,936,0.060897435897435896,0.2391420878861635,15
1,tv_l_yug,942,0.006369426751592357,0.07955411462927897,15
1,tv_l_ova,943,0.007423117709437964,0.08583714250200664,15
1,tv_l_sup,942,0.0021231422505307855,0.04602862715218429,15
1,tv_l_pul,942,0.0021231422505307855,0.04602862715218429,15
1,tv_l_ove,503,0.04970178926441352,0.2173281422373305,15
1,fr_antfa,704,0.13920454545454544,0.34615984743950134,15
1,fr_tvs_a,258,0.08139534883720931,0.2734413027047639,15
1,fr_viaje,8,0.125,0.33071891388307384,15
1,fr_estro,10,0.0,0.0,15
1,fr_varic,28,0.21428571428571427,0.41032590332414487,15
1,fr_antec,1,0.0,0.0,15
1,ana_dime,191,1.544502617801047,0.5575363146376602,15
1,ana_crea,54,0.9074074074074074,0.2898606637499727,15
1,ana_trop,863,0.8435689455388181,0.3632635127030303,15
1,tension_,64,131.328125,20.366988215845144,15
1,ana_hemo,5,13.1,2.1651789764358975,15
1,ana_plaq,5,249.6,44.77767300787302,15
1,ana_leuc,16,8.5725,3.1428659293708345,15
1,ana_neu,1043,6.6041447746883986,3.055833778468485,15
1,protcrea,1318,42.424952959028836,47.913751186111966,15
1,splanchnic,484,0.024793388429752067,0.15549493985311388,15
2,raza,444,2.873873873873874,0.6989969276133629,15
2,ant_inf,31,0.06451612903225806,0.2456701001891583,15
2,ant_isq,30,0.06666666666666667,0.24944382578492943,15
2,ant_clau,32,0.09375,0.2914805954090255,15
2,fum_act,37,0.24324324324324326,0.42904075314560924,15
2,diabetes,30,0.1,0.3,15
2,hip_art,31,0.3225806451612903,0.4674637660061109,15
2,insf_car,6,0.0,0.0,15
2,fibr_aur,188,0.015957446808510637,0.12531084031265685,15
2,trat_est,35,0.22857142857142856,0.41991252733425904,15
2,var171,21,0.047619047619047616,0.21295885499998,15
2,tv_l_esu,369,0.01084010840108401,0.10354999010592301,15
2,tvp_orig,1285,0.17198443579766537,0.3773669164633064,15
2,tv_l_ein,278,0.8093525179856115,0.39281168467340927,15
2,tvp_prox,542,0.8247232472324724,0.38020364636178683,15
2,tv_l_svc,500,0.014,0.11749042514179613,15
2,tv_l_vre,513,0.001949317738791423,0.04410802533717255,15
2,tv_l_vrn,504,0.00992063492063492,0.09910709320430297,15
2,tv_l_vca,936,0.05235042735042735,0.2227327100060855,15
2,tv_l_yug,942,0.014861995753715499,0.12100048279214443,15
2,tv_l_ova,943,0.0,0.0,15
2,tv_l_sup,942,0.010615711252653927,0.10248423257874456,15
2,tv_l_pul,942,0.004246284501061571,0.06502502263742486,15
2,tv_l_ove,503,0.039761431411530816,0.19539820875237557,15
2,fr_antfa,704,0.15056818181818182,0.35762746600638595,15
2,fr_tvs_a,258,0.03488372093023256,0.1834852771867384,15
2,fr_viaje,8,0.0,0.0,15
2,fr_estro,10,0.1,0.30000000000000004,15
2,fr_varic,28,0.14285714285714285,0.3499271061118826,15
2,fr_antec,1,1.0,0.0,15
2,ana_dime,191,1.5706806282722514,0.564183195519338,15
2,ana_crea,54,0.9259259259259259,0.261891400439462,15
2,ana_trop,863,0.8644264194669756,0.3423351936253121,15
2,tension_,64,128.796875,19.810965782474486,15
2,ana_hemo,5,13.680000000000001,1.3287588193498472,15
2,ana_plaq,5,242.6,79.87139663233641,15
2,ana_leuc,16,8.633125,3.501813313752605,15
2,ana_neu,1043,6.569330776605944,3.146251310771171,15
2,protcrea,1318,56.599637329286786,47.32078007756421,15
2,splanchnic,484,0.022727272727272728,0.14903269373413638,15
3,raza,444,2.9572072072072073,0.6440772030988674,15
3,ant_inf,31,0.03225806451612903,0.17668469596940847,15
3,ant_isq,30,0.0,0.0,15
3,ant_clau,32,0.0625,0.24206145913796356,15
3,fum_act,37,0.24324324324324326,0.4290407531456093,15
3,diabetes,30,0.13333333333333333,0.33993463423951903,15
3,hip_art,31,0.3870967741935484,0.487086092598113,15
3,insf_car,6,0.0,0.0,15
3,fibr_aur,188,0.010638297872340425,0.10259202937226548,15
3,trat_est,35,0.2,0.4,15
3,var171,21,0.047619047619047616,0.21295885499997996,15
3,tv_l_esu,369,0.008130081300813009,0.0897996830665631,15
3,tvp_orig,1285,0.16108949416342414,0.36761347776380054,15
3,tv_l_ein,278,0.762589928057554,0.4254956282768704,15
3,tvp_prox,542,0.8671586715867159,0.33940316716064706,15
3,tv_l_svc,500,0.004,0.063118935352238,15
3,tv_l_vre,513,0.011695906432748537,0.10751331175935812,15
3,tv_l_vrn,504,0.005952380952380952,0.07692171418642908,15
3,tv_l_vca,936,0.08012820512820513,0.27149157605925345,15
3,tv_l_yug,942,0.01592356687898089,0.12517989813397162,15
3,tv_l_ova,943,0.008483563096500531,0.09171473302413426,15
3,tv_l_sup,942,0.004246284501061571,0.06502502263742486,15
3,tv_l_pul,942,0.006369426751592357,0.07955411462927897,15
3,tv_l_ove,503,0.041749502982107355,0.20001620430068748,15
3,fr_antfa,704,0.18892045454545456,0.39144541943902394,15
3,fr_tvs_a,258,0.050387596899224806,0.21874342727941803,15
3,fr_viaje,8,0.0,0.0,15
3,fr_estro,10,0.0,0.0,15
3,fr_varic,28,0.07142857142857142,0.25753937681885636,15
3,fr_antec,1,0.0,0.0,15
3,ana_dime,191,1.5026178010471205,0.5777220617438209,15
3,ana_crea,54,0.8703703703703703,0.3358955027262418,15
3,ana_trop,863,0.8539976825028969,0.3531085396624927,15
3,tension_,64,133.15625,21.616847270994445,15
3,ana_hemo,5,12.74,1.723484841824842,15
3,ana_plaq,5,288.8,37.488131455168585,15
3,ana_leuc,16,8.443750000000001,3.0205315653871256,15
3,ana_neu,1043,6.477509108341324,3.086587265868432,15
3,protcrea,1318,42.56196054628225,46.934392398402736,15
3,splanchnic,484,0.014462809917355372,0.11938859680325344,15
4,raza,444,2.9774774774774775,0.6073401891432773,15
4,ant_inf,31,0.06451612903225806,0.2456701001891583,15
4,ant_isq,30,0.0,0.0,15
4,ant_clau,32,0.0,0.0,15
4,fum_act,37,0.1891891891891892,0.3916588309780929,15
4,diabetes,30,0.13333333333333333,0.33993463423951903,15
4,hip_art,31,0.3225806451612903,0.4674637660061109,15
4,insf_car,6,0.0,0.0,15
4,fibr_aur,188,0.026595744680851064,0.16089876023674654,15
4,trat_est,35,0.2857142857142857,0.45175395145262565,15
4,var171,21,0.047619047619047616,0.21295885499998,15
4,tv_l_esu,369,0.024390243902439025,0.15425744683748188,15
4,tvp_orig,1285,0.29494163424124514,0.45601652013095834,15
4,tv_l_ein,278,0.7661870503597122,0.42325459740066146,15
4,tvp_prox,542,0.8376383763837638,0.3687822213623317,15
4,tv_l_svc,500,0.006,0.07722693830523128,15
4,tv_l_vre,513,0.017543859649122806,0.13128622409733126,15
4,tv_l_vrn,504,0.003968253968253968,0.06286896634029707,15
4,tv_l_vca,936,0.027777777777777776,0.16433554953054486,15
4,tv_l_yug,942,0.01167728237791932,0.10742869008875447,15
4,tv_l_ova,943,0.003181336161187699,0.056313544209339365,15
4,tv_l_sup,942,0.0010615711252653928,0.03256446210228868,15
4,tv_l_pul,942,0.0074309978768577496,0.08588235061647932,15
4,tv_l_ove,503,0.055666003976143144,0.2292755983035943,15
4,fr_antfa,704,0.14914772727272727,0.35623402802386445,15
4,fr_tvs_a,258,0.03488372093023256,0.1834852771867384,15
4,fr_viaje,8,0.0,0.0,15
4,fr_estro,10,0.0,0.0,15
4,fr_varic,28,0.10714285714285714,0.30929478706587094,15
4,fr_antec,1,0.0,0.0,15
4,ana_dime,191,1.4712041884816753,0.6036174676997839,15
4,ana_crea,54,0.8888888888888888,0.3142696805273545,15
4,ana_trop,863,0.8609501738122828,0.34599851448363605,15
4,tension_,64,128.78125,17.72662964123468,15
4,ana_hemo,5,12.86,3.186596930896658,15
4,ana_plaq,5,303.8,140.82528182112756,15
4,ana_leuc,16,8.285,3.1482574545294097,15
4,ana_neu,1043,6.461161073825504,3.2063021437697463,15
4,protcrea,1318,43.333613050075876,48.76413206774708,15
4,splanchnic,484,0.01859504132231405,0.13508984329154983,15
5,raza,444,2.9144144144144146,0.5467919292073345,15
5,ant_inf,31,0.03225806451612903,0.17668469596940847,15
5,ant_isq,30,0.0,0.0,15
5,ant_clau,32,0.0,0.0,15
5,fum_act,37,0.2972972972972973,0.457068500683453,15
5,diabetes,30,0.03333333333333333,0.17950549357115012,15
5,hip_art,31,0.2903225806451613,0.4539112025635577,15
5,insf_car,6,0.0,0.0,15
5,fibr_aur,188,0.010638297872340425,0.10259202937226548,15
5,trat_est,35,0.2,0.4000000000000001,15
5,var171,21,0.0,0.0,15
5,tv_l_esu,369,0.01084010840108401,0.10354999010592301,15
5,tvp_orig,1285,0.2723735408560311,0.4451810812440024,15
5,tv_l_ein,278,0.762589928057554,0.4254956282768703,15
5,tvp_prox,542,0.8431734317343174,0.3636371759758507,15
5,tv_l_svc,500,0.008,0.08908422980528034,15
5,tv_l_vre,513,0.003898635477582846,0.06231722168867751,15
5,tv_l_vrn,504,0.007936507936507936,0.08873285624999167,15
5,tv_l_vca,936,0.04487179487179487,0.20702250335839925,15
5,tv_l_yug,942,0.01167728237791932,0.10742869008875447,15
5,tv_l_ova,943,0.0,0.0,15
5,tv_l_sup,942,0.005307855626326964,0.07266142232971383,15
5,tv_l_pul,942,0.004246284501061571,0.06502502263742486,15
5,tv_l_ove,503,0.033797216699801194,0.18070684780369523,15
5,fr_antfa,704,0.13920454545454544,0.34615984743950134,15
5,fr_tvs_a,258,0.09689922480620156,0.2958204946215843,15
5,fr_viaje,8,0.0,0.0,15
5,fr_estro,10,0.0,0.0,15
5,fr_varic,28,0.10714285714285714,0.30929478706587094,15
5,fr_antec,1,0.0,0.0,15
5,ana_dime,191,1.5549738219895288,0.6017982427434981,15
5,ana_crea,54,0.9444444444444444,0.2290614236454256,15
5,ana_trop,863,0.8597914252607184,0.34720329824018215,15
5,tension_,64,129.28125,21.38520863675405,15
5,ana_hemo,5,13.6,1.565886330485071,15
5,ana_plaq,5,244.0,54.735728733616035,15
5,ana_leuc,16,8.605,3.1173305888211473,15
5,ana_neu,1043,6.849322147651007,3.0123880506577074,15
5,protcrea,1318,38.55152655538695,47.642689829836236,15
5,splanchnic,484,0.01859504132231405,0.13508984329154983,15
1,raza,444,2.894144144144144,0.6745448495076073,16
1,ant_inf,31,0.0967741935483871,0.29565004483586066,16
1,ant_isq,30,0.03333333333333333,0.17950549357115012,16
1,ant_clau,32,0.0625,0.24206145913796356,16
1,fum_act,37,0.2702702702702703,0.44409937095013474,16
1,diabetes,30,0.03333333333333333,0.17950549357115012,16
1,hip_art,31,0.2903225806451613,0.45391120256355766,16
1,insf_car,6,0.0,0.0,16
1,fibr_aur,188,0.005319148936170213,0.07273826771902842,16
1,trat_est,35,0.22857142857142856,0.4199125273342591,16
1,var171,21,0.047619047619047616,0.21295885499998,16
1,tv_l_esu,369,0.018970189701897018,0.13641965255992647,16
1,tvp_orig,1285,0.10505836575875487,0.30662861174856887,16
1,tv_l_ein,278,0.42805755395683454,0.49479721549067573,16
1,tvp_prox,542,0.8985239852398524,0.3019579990471289,16
1,tv_l_svc,500,0.006,0.0772269383052313,16
1,tv_l_vre,513,0.007797270955165692,0.08795722551796084,16
1,tv_l_vrn,504,0.001984126984126984,0.04449932835715437,16
1,tv_l_vca,936,0.05982905982905983,0.23716986197455736,16
1,tv_l_yug,942,0.02335456475583864,0.1510269150214755,16
1,tv_l_ova,943,0.006362672322375398,0.07951219229334251,16
1,tv_l_sup,942,0.01167728237791932,0.10742869008875447,16
1,tv_l_pul,942,0.0031847133757961785,0.056343331251446284,16
1,tv_l_ove,503,0.05765407554671968,0.23308814452814375,16
1,fr_antfa,704,0.10227272727272728,0.30300662786303145,16
1,fr_tvs_a,258,0.023255813953488372,0.1507148999629735,16
1,fr_viaje,8,0.0,0.0,16
1,fr_estro,10,0.0,0.0,16
1,fr_varic,28,0.14285714285714285,0.3499271061118826,16
1,fr_antec,1,0.0,0.0,16
1,ana_dime,191,1.5287958115183247,0.567863742951047,16
1,ana_crea,54,0.9259259259259259,0.261891400439462,16
1,ana_trop,863,0.8146002317497103,0.3886215307764465,16
1,tension_,64,132.90625,20.500547820424213,16
1,ana_hemo,5,14.36,1.437497826085313,16
1,ana_plaq,5,213.8,63.64715233221357,16
1,ana_leuc,16,8.005625,3.2925217705240764,16
1,ana_neu,1043,6.48650431447747,3.002594486724303,16
1,protcrea,1318,37.94183611532625,46.77022259716124,16
1,splanchnic,484,0.01652892561983471,0.12749792248381414,16
2,raza,444,2.9436936936936937,0.6359931269501251,16
2,ant_inf,31,0.03225806451612903,0.17668469596940847,16
2,ant_isq,30,0.03333333333333333,0.1795054935711501,16
2,ant_clau,32,0.09375,0.2914805954090255,16
2,fum_act,37,0.21621621621621623,0.4116634111277789,16
2,diabetes,30,0.13333333333333333,0.33993463423951903,16
2,hip_art,31,0.45161290322580644,0.4976531813077906,16
2,insf_car,6,0.0,0.0,16
2,fibr_aur,188,0.02127659574468085,0.14430489325798443,16
2,trat_est,35,0.2857142857142857,0.45175395145262565,16
2,var171,21,0.047619047619047616,0.21295885499997996,16
2,tv_l_esu,369,0.018970189701897018,0.13641965255992647,16
2,tvp_orig,1285,0.1330739299610895,0.33965461740686015,16
2,tv_l_ein,278,0.48201438848920863,0.4996764130700817,16
2,tvp_prox,542,0.8616236162361623,0.34529459911831917,16
2,tv_l_svc,500,0.012,0.10888526071052962,16
2,tv_l_vre,513,0.011695906432748537,0.10751331175935812,16
2,tv_l_vrn,504,0.001984126984126984,0.04449932835715438,16
2,tv_l_vca,936,0.04487179487179487,0.20702250335839925,16
2,tv_l_yug,942,0.013800424628450107,0.11666178855359868,16
2,tv_l_ova,943,0.0,0.0,16
2,tv_l_sup,942,0.0021231422505307855,0.04602862715218428,16
2,tv_l_pul,942,0.0010615711252653928,0.03256446210228869,16
2,tv_l_ove,503,0.073558648111332,0.26105128499849456,16
2,fr_antfa,704,0.1534090909090909,0.3603813837249881,16
2,fr_tvs_a,258,0.046511627906976744,0.21059035204970736,16
2,fr_viaje,8,0.0,0.0,16
2,fr_estro,10,0.1,0.30000000000000004,16
2,fr_varic,28,0.10714285714285714,0.30929478706587094,16
2,fr_antec,1,0.0,0.0,16
2,ana_dime,191,1.6335078534031413,0.5620901053990709,16
2,ana_crea,54,0.8518518518518519,0.3552467795046459,16
2,ana_trop,863,0.8435689455388181,0.36326351270303026,16
2,tension_,64,128.46875,20.469465636344786,16
2,ana_hemo,5,13.6,1.842823919966311,16
2,ana_plaq,5,255.0,148.13912379921788,16
2,ana_leuc,16,7.834375,3.474902820133967,16
2,ana_neu,1043,6.971834132310643,3.213656014597407,16
2,protcrea,1318,47.92950531107739,51.93611687925657,16
2,splanchnic,484,0.01859504132231405,0.13508984329154983,16
3,raza,444,2.934684684684685,0.6560629499293077,16
3,ant_inf,31,0.0967741935483871,0.29565004483586066,16
3,ant_isq,30,0.0,0.0,16
3,ant_clau,32,0.0,0.0,16
3,fum_act,37,0.21621621621621623,0.4116634111277789,16
3,diabetes,30,0.16666666666666666,0.37267799624996495,16
3,hip_art,31,0.3548387096774194,0.47846441852230076,16
3,insf_car,6,0.0,0.0,16
3,fibr_aur,188,0.015957446808510637,0.12531084031265685,16
3,trat_est,35,0.22857142857142856,0.41991252733425904,16
3,var171,21,0.0,0.0,16
3,tv_l_esu,369,0.02710027100271003,0.16237563337610017,16
3,tvp_orig,1285,0.14785992217898833,0.3549610761649956,16
3,tv_l_ein,278,0.4748201438848921,0.49936557234757634,16
3,tvp_prox,542,0.8745387453874539,0.3312411933977898,16
3,tv_l_svc,500,0.018,0.132951118836962,16
3,tv_l_vre,513,0.003898635477582846,0.06231722168867751,16
3,tv_l_vrn,504,0.001984126984126984,0.04449932835715438,16
3,tv_l_vca,936,0.03311965811965812,0.17894900493072063,16
3,tv_l_yug,942,0.016985138004246284,0.1292154909104284,16
3,tv_l_ova,943,0.009544008483563097,0.0972261301586604,16
3,tv_l_sup,942,0.005307855626326964,0.07266142232971383,16
3,tv_l_pul,942,0.006369426751592357,0.07955411462927897,16
3,tv_l_ove,503,0.0536779324055666,0.22538103730844355,16
3,fr_antfa,704,0.11079545454545454,0.31387867369020256,16
3,fr_tvs_a,258,0.03488372093023256,0.18348527718673838,16
3,fr_viaje,8,0.0,0.0,16
3,fr_estro,10,0.0,0.0,16
3,fr_varic,28,0.21428571428571427,0.41032590332414487,16
3,fr_antec,1,0.0,0.0,16
3,ana_dime,191,1.544502617801047,0.5668491389498846,16
3,ana_crea,54,0.8888888888888888,0.3142696805273545,16
3,ana_trop,863,0.8876013904982619,0.3158562364174782,16
3,tension_,64,131.09375,18.576462551775027,16
3,ana_hemo,5,14.76,3.317589486359034,16
3,ana_plaq,5,208.0,48.228622207149975,16
3,ana_leuc,16,8.68625,3.629481497059876,16
3,ana_neu,1043,6.480347075743048,3.180763790332941,16
3,protcrea,1318,89.05764795144158,50.42200297817706,16
3,splanchnic,484,0.04132231404958678,0.19903462113706277,16
4,raza,444,2.876126126126126,0.7800827758932725,16
4,ant_inf,31,0.0967741935483871,0.29565004483586066,16
4,ant_isq,30,0.0,0.0,16
4,ant_clau,32,0.0,0.0,16
4,fum_act,37,0.24324324324324326,0.4290407531456093,16
4,diabetes,30,0.06666666666666667,0.24944382578492943,16
4,hip_art,31,0.3225806451612903,0.4674637660061109,16
4,insf_car,6,0.0,0.0,16
4,fibr_aur,188,0.010638297872340425,0.10259202937226548,16
4,trat_est,35,0.17142857142857143,0.3768830273792263,16
4,var171,21,0.0,0.0,16
4,tv_l_esu,369,0.016260162601626018,0.12647438362686217,16
4,tvp_orig,1285,0.11361867704280156,0.3173475591049112,16
4,tv_l_ein,278,0.46402877697841727,0.49870439251557785,16
4,tvp_prox,542,0.8339483394833949,0.37212700326136405,16
4,tv_l_svc,500,0.014,0.11749042514179613,16
4,tv_l_vre,513,0.01364522417153996,0.11601306835373497,16
4,tv_l_vrn,504,0.015873015873015872,0.12498425196844144,16
4,tv_l_vca,936,0.03632478632478633,0.18709702355527985,16
4,tv_l_yug,942,0.016985138004246284,0.12921549091042836,16
4,tv_l_ova,943,0.015906680805938492,0.12511458073172962,16
4,tv_l_sup,942,0.009554140127388535,0.09727722515478512,16
4,tv_l_pul,942,0.006369426751592357,0.07955411462927897,16
4,tv_l_ove,503,0.05765407554671968,0.23308814452814375,16
4,fr_antfa,704,0.171875,0.37727176461405115,16
4,fr_tvs_a,258,0.05426356589147287,0.22653704180158843,16
4,fr_viaje,8,0.0,0.0,16
4,fr_estro,10,0.0,0.0,16
4,fr_varic,28,0.17857142857142858,0.3829930462415574,16
4,fr_antec,1,1.0,0.0,16
4,ana_dime,191,1.4921465968586387,0.5498130091235635,16
4,ana_crea,54,0.8703703703703703,0.3358955027262418,16
4,ana_trop,863,0.8736964078794901,0.33219120207790837,16
4,tension_,64,130.125,19.305520583501497,16
4,ana_hemo,5,12.739999999999998,2.352530552405218,16
4,ana_plaq,5,177.6,57.20349639663646,16
4,ana_leuc,16,8.0325,3.138579495568019,16
4,ana_neu,1043,6.967642377756472,3.093057698891814,16
4,protcrea,1318,30.336021244309563,40.075883407768494,16
4,splanchnic,484,0.026859504132231406,0.16167272859082343,16
5,raza,444,2.9481981981981984,0.5530597905187516,16
5,ant_inf,31,0.0,0.0,16
5,ant_isq,30,0.06666666666666667,0.24944382578492943,16
5,ant_clau,32,0.03125,0.17399263633843817,16
5,fum_act,37,0.1891891891891892,0.3916588309780929,16
5,diabetes,30,0.16666666666666666,0.37267799624996495,16
5,hip_art,31,0.41935483870967744,0.49345350131543086,16
5,insf_car,6,0.0,0.0,16
5,fibr_aur,188,0.005319148936170213,0.0727382677190284,16
5,trat_est,35,0.11428571428571428,0.318157963590287,16
5,var171,21,0.0,0.0,16
5,tv_l_esu,369,0.024390243902439025,0.15425744683748188,16
5,tvp_orig,1285,0.10739299610894941,0.3096122421605654,16
5,tv_l_ein,278,0.4172661870503597,0.49310761117104435,16
5,tvp_prox,542,0.8745387453874539,0.3312411933977898,16
5,tv_l_svc,500,0.01,0.09949874371066199,16
5,tv_l_vre,513,0.011695906432748537,0.10751331175935812,16
5,tv_l_vrn,504,0.001984126984126984,0.04449932835715437,16
5,tv_l_vca,936,0.021367521367521368,0.14460619073238146,16
5,tv_l_yug,942,0.010615711252653927,0.10248423257874456,16
5,tv_l_ova,943,0.006362672322375398,0.07951219229334251,16
5,tv_l_sup,942,0.0010615711252653928,0.03256446210228869,16
5,tv_l_pul,942,0.0,0.0,16
5,tv_l_ove,503,0.05765407554671968,0.23308814452814375,16
5,fr_antfa,704,0.15482954545454544,0.36174211437000847,16
5,fr_tvs_a,258,0.06589147286821706,0.24809229466364746,16
5,fr_viaje,8,0.0,0.0,16
5,fr_estro,10,0.0,0.0,16
5,fr_varic,28,0.14285714285714285,0.3499271061118826,16
5,fr_antec,1,0.0,0.0,16
5,ana_dime,191,1.5392670157068062,0.585404936068886,16
5,ana_crea,54,0.8888888888888888,0.3142696805273545,16
5,ana_trop,863,0.8273464658169177,0.377947471637493,16
5,tension_,64,132.4375,21.168870866203516,16
5,ana_hemo,5,14.26,0.700285656000464,16
5,ana_plaq,5,269.2,27.036271932350438,16
5,ana_leuc,16,7.641875,3.1281548450124714,16
5,ana_neu,1043,6.379732502396932,3.184236775303732,16
5,protcrea,1318,69.16946889226101,49.903169034212915,16
5,splanchnic,484,0.028925619834710745,0.16759751893118383,16
1,raza,444,2.885135135135135,0.5638148134810377,17
1,ant_inf,31,0.0,0.0,17
1,ant_isq,30,0.0,0.0,17
1,ant_clau,32,0.03125,0.17399263633843817,17
1,fum_act,37,0.1891891891891892,0.3916588309780929,17
1,diabetes,30,0.13333333333333333,0.33993463423951903,17
1,hip_art,31,0.3548387096774194,0.47846441852230076,17
1,insf_car,6,0.0,0.0,17
1,fibr_aur,188,0.0,0.0,17
1,trat_est,35,0.17142857142857143,0.3768830273792263,17
1,var171,21,0.09523809523809523,0.2935435239509036,17
1,tv_l_esu,369,0.01084010840108401,0.10354999010592301,17
1,tvp_orig,1285,0.21867704280155642,0.41334899752282295,17
1,tv_l_ein,278,0.7733812949640287,0.41864384333678034,17
1,tvp_prox,542,0.8819188191881919,0.32270422301218366,17
1,tv_l_svc,500,0.008,0.08908422980528034,17
1,tv_l_vre,513,0.009746588693957114,0.09824251983122145,17
1,tv_l_vrn,504,0.003968253968253968,0.06286896634029705,17
1,tv_l_vca,936,0.05128205128205128,0.22057244274468277,17
1,tv_l_yug,942,0.014861995753715499,0.12100048279214444,17
1,tv_l_ova,943,0.0021208907741251328,0.0460042671547908,17
1,tv_l_sup,942,0.006369426751592357,0.07955411462927897,17
1,tv_l_pul,942,0.0021231422505307855,0.04602862715218428,17
1,tv_l_ove,503,0.03180914512922465,0.17549166195398735,17
1,fr_antfa,704,0.15625,0.3630921887069453,17
1,fr_tvs_a,258,0.03875968992248062,0.1930216991936238,17
1,fr_viaje,8,0.0,0.0,17
1,fr_estro,10,0.0,0.0,17
1,fr_varic,28,0.2857142857142857,0.45175395145262565,17
1,fr_antec,1,0.0,0.0,17
1,ana_dime,191,1.4764397905759161,0.6209432912771947,17
1,ana_crea,54,0.9629629629629629,0.18885257457751053,17
1,ana_trop,863,0.8424101969872537,0.36435594821431155,17
1,tension_,64,128.234375,16.1919561313442,17
1,ana_hemo,5,14.16,1.4122322755127783,17
1,ana_plaq,5,289.2,69.42161046821084,17
1,ana_leuc,16,7.836875,1.8531854964830152,17
1,ana_neu,1043,6.393222435282838,3.138043816403353,17
1,protcrea,1318,57.65255538694992,60.051154589312034,17
1,splanchnic,484,0.004132231404958678,0.06414948221595053,17
2,raza,444,2.8873873873873874,0.654797557205281,17
2,ant_inf,31,0.0,0.0,17
2,ant_isq,30,0.06666666666666667,0.24944382578492943,17
2,ant_clau,32,0.09375,0.2914805954090255,17
2,fum_act,37,0.3783783783783784,0.48498266067368545,17
2,diabetes,30,0.16666666666666666,0.37267799624996495,17
2,hip_art,31,0.25806451612903225,0.4375696763306625,17
2,insf_car,6,0.0,0.0,17
2,fibr_aur,188,0.010638297872340425,0.10259202937226548,17
2,trat_est,35,0.2,0.4,17
2,var171,21,0.047619047619047616,0.21295885499998,17
2,tv_l_esu,369,0.013550135501355014,0.11561370735881595,17
2,tvp_orig,1285,0.1680933852140078,0.3739491931550367,17
2,tv_l_ein,278,0.7733812949640287,0.41864384333678034,17
2,tvp_prox,542,0.8542435424354243,0.3528618889066964,17
2,tv_l_svc,500,0.014,0.11749042514179613,17
2,tv_l_vre,513,0.005847953216374269,0.0762479813473994,17
2,tv_l_vrn,504,0.007936507936507936,0.08873285624999165,17
2,tv_l_vca,936,0.06517094017094018,0.24682724470401543,17
2,tv_l_yug,942,0.0074309978768577496,0.08588235061647934,17
2,tv_l_ova,943,0.0,0.0,17
2,tv_l_sup,942,0.010615711252653927,0.10248423257874456,17
2,tv_l_pul,942,0.006369426751592357,0.07955411462927897,17
2,tv_l_ove,503,0.0437375745526839,0.20451063328084512,17
2,fr_antfa,704,0.15625,0.3630921887069453,17
2,fr_tvs_a,258,0.050387596899224806,0.21874342727941803,17
2,fr_viaje,8,0.0,0.0,17
2,fr_estro,10,0.0,0.0,17
2,fr_varic,28,0.07142857142857142,0.25753937681885636,17
2,fr_antec,1,0.0,0.0,17
2,ana_dime,191,1.549738219895288,0.584608370773104,17
2,ana_crea,54,0.8888888888888888,0.3142696805273545,17
2,ana_trop,863,0.8250289687137891,0.3799423239083147,17
2,tension_,64,129.234375,19.698304327006806,17
2,ana_hemo,5,15.059999999999999,1.904310898986822,17
2,ana_plaq,5,328.4,133.16546098744976,17
2,ana_leuc,16,8.640625,2.432846760356065,17
2,ana_neu,1043,6.429553211888782,3.143480696239235,17
2,protcrea,1318,61.55339908952959,64.27000343729651,17
2,splanchnic,484,0.022727272727272728,0.14903269373413636,17
3,raza,444,2.876126126126126,0.6945523818397193,17
3,ant_inf,31,0.0,0.0,17
3,ant_isq,30,0.0,0.0,17
3,ant_clau,32,0.0,0.0,17
3,fum_act,37,0.24324324324324326,0.4290407531456093,17
3,diabetes,30,0.16666666666666666,0.37267799624996495,17
3,hip_art,31,0.2903225806451613,0.4539112025635577,17
3,insf_car,6,0.0,0.0,17
3,fibr_aur,188,0.010638297872340425,0.10259202937226548,17
3,trat_est,35,0.05714285714285714,0.23211538298959888,17
3,var171,21,0.0,0.0,17
3,tv_l_esu,369,0.013550135501355014,0.11561370735881596,17
3,tvp_orig,1285,0.25058365758754864,0.43334915269052365,17
3,tv_l_ein,278,0.737410071942446,0.4400414273000698,17
3,tvp_prox,542,0.8708487084870848,0.33536731416979376,17
3,tv_l_svc,500,0.004,0.063118935352238,17
3,tv_l_vre,513,0.01364522417153996,0.11601306835373497,17
3,tv_l_vrn,504,0.003968253968253968,0.06286896634029705,17
3,tv_l_vca,936,0.03311965811965812,0.17894900493072063,17
3,tv_l_yug,942,0.01167728237791932,0.10742869008875448,17
3,tv_l_ova,943,0.008483563096500531,0.09171473302413426,17
3,tv_l_sup,942,0.004246284501061571,0.06502502263742486,17
3,tv_l_pul,942,0.005307855626326964,0.07266142232971383,17
3,tv_l_ove,503,0.04970178926441352,0.2173281422373305,17
3,fr_antfa,704,0.140625,0.3476343040826092,17
3,fr_tvs_a,258,0.04263565891472868,0.20203430278949067,17
3,fr_viaje,8,0.0,0.0,17
3,fr_estro,10,0.0,0.0,17
3,fr_varic,28,0.21428571428571427,0.410325903324145,17
3,fr_antec,1,0.0,0.0,17
3,ana_dime,191,1.4240837696335078,0.5817882464121089,17
3,ana_crea,54,0.8703703703703703,0.33589550272624175,17
3,ana_trop,863,0.8366164542294322,0.3697152454822557,17
3,tension_,64,129.09375,19.751359723763322,17
3,ana_hemo,5,13.440000000000001,2.0441134997841974,17
3,ana_plaq,5,326.0,160.0037499560557,17
3,ana_leuc,16,8.489374999999999,3.06826797385349,17
3,ana_neu,1043,6.047250239693192,3.1112627580845915,17
3,protcrea,1318,51.258496206373295,45.56121352125288,17
3,splanchnic,484,0.024793388429752067,0.15549493985311388,17
4,raza,444,2.8986486486486487,0.5935827795614254,17
4,ant_inf,31,0.0,0.0,17
4,ant_isq,30,0.1,0.3,17
4,ant_clau,32,0.0,0.0,17
4,fum_act,37,0.1891891891891892,0.3916588309780929,17
4,diabetes,30,0.03333333333333333,0.1795054935711501,17
4,hip_art,31,0.3225806451612903,0.4674637660061109,17
4,insf_car,6,0.0,0.0,17
4,fibr_aur,188,0.0,0.0,17
4,trat_est,35,0.2,0.4000000000000001,17
4,var171,21,0.09523809523809523,0.29354352395090366,17
4,tv_l_esu,369,0.01084010840108401,0.10354999010592301,17
4,tvp_orig,1285,0.2140077821011673,0.4101322363595754,17
4,tv_l_ein,278,0.7697841726618705,0.4209709018223825,17
4,tvp_prox,542,0.9280442804428044,0.2584145777238618,17
4,tv_l_svc,500,0.012,0.10888526071052962,17
4,tv_l_vre,513,0.003898635477582846,0.06231722168867751,17
4,tv_l_vrn,504,0.003968253968253968,0.06286896634029705,17
4,tv_l_vca,936,0.05982905982905983,0.23716986197455736,17
4,tv_l_yug,942,0.018046709129511677,0.13312034186820013,17
4,tv_l_ova,943,0.010604453870625663,0.1024304614298473,17
4,tv_l_sup,942,0.004246284501061571,0.06502502263742486,17
4,tv_l_pul,942,0.008492569002123142,0.09176298422494399,17
4,tv_l_ove,503,0.039761431411530816,0.19539820875237557,17
4,fr_antfa,704,0.16761363636363635,0.37352283098706973,17
4,fr_tvs_a,258,0.07751937984496124,0.2674137722582998,17
4,fr_viaje,8,0.0,0.0,17
4,fr_estro,10,0.0,0.0,17
4,fr_varic,28,0.14285714285714285,0.3499271061118826,17
4,fr_antec,1,0.0,0.0,17
4,ana_dime,191,1.5287958115183247,0.5394957071126032,17
4,ana_crea,54,0.9444444444444444,0.2290614236454256,17
4,ana_trop,863,0.8667439165701043,0.3398512905063336,17
4,tension_,64,129.8125,21.64043885299002,17
4,ana_hemo,5,13.24,1.0326664514740467,17
4,ana_plaq,5,260.4,121.04478510039166,17
4,ana_leuc,16,8.40875,2.7817010870149224,17
4,ana_neu,1043,6.726810162991371,3.0142013931962457,17
4,protcrea,1318,42.08727617602428,42.59515301991755,17
4,splanchnic,484,0.01652892561983471,0.12749792248381414,17
5,raza,444,2.9617117117117115,0.593411838931072,17
5,ant_inf,31,0.03225806451612903,0.17668469596940847,17
5,ant_isq,30,0.03333333333333333,0.1795054935711501,17
5,ant_clau,32,0.03125,0.17399263633843817,17
5,fum_act,37,0.21621621621621623,0.4116634111277789,17
5,diabetes,30,0.16666666666666666,0.37267799624996495,17
5,hip_art,31,0.2903225806451613,0.4539112025635577,17
5,insf_car,6,0.0,0.0,17
5,fibr_aur,188,0.005319148936170213,0.0727382677190284,17
5,trat_est,35,0.2571428571428571,0.4370588154508102,17
5,var171,21,0.19047619047619047,0.39267672624930106,17
5,tv_l_esu,369,0.008130081300813009,0.08979968306656308,17
5,tvp_orig,1285,0.222568093385214,0.41597059654750196,17
5,tv_l_ein,278,0.7913669064748201,0.40633154666022847,17
5,tvp_prox,542,0.8856088560885609,0.31828573657339965,17
5,tv_l_svc,500,0.004,0.063118935352238,17
5,tv_l_vre,513,0.005847953216374269,0.0762479813473994,17
5,tv_l_vrn,504,0.0,0.0,17
5,tv_l_vca,936,0.05235042735042735,0.2227327100060855,17
5,tv_l_yug,942,0.012738853503184714,0.11214533032903828,17
5,tv_l_ova,943,0.006362672322375398,0.07951219229334251,17
5,tv_l_sup,942,0.01167728237791932,0.1074286900887545,17
5,tv_l_pul,942,0.0031847133757961785,0.056343331251446284,17
5,tv_l_ove,503,0.03777335984095427,0.1906476675107253,17
5,fr_antfa,704,0.16193181818181818,0.3683882523128944,17
5,fr_tvs_a,258,0.03875968992248062,0.1930216991936238,17
5,fr_viaje,8,0.0,0.0,17
5,fr_estro,10,0.1,0.30000000000000004,17
5,fr_varic,28,0.21428571428571427,0.41032590332414487,17
5,fr_antec,1,0.0,0.0,17
5,ana_dime,191,1.4921465968586387,0.5592544583550402,17
5,ana_crea,54,0.9074074074074074,0.2898606637499727,17
5,ana_trop,863,0.86558516801854,0.3410974712964842,17
5,tension_,64,132.015625,19.346747294038217,17
5,ana_hemo,5,14.739999999999998,1.882126456962974,17
5,ana_plaq,5,250.8,57.15382751837361,17
5,ana_leuc,16,8.301875,2.7696372026630134,17
5,ana_neu,1043,6.080711409395974,3.0918463572081385,17
5,protcrea,1318,51.34687405159332,47.98804610287539,17
5,splanchnic,484,0.012396694214876033,0.11064816395864367,17
1,raza,444,2.925675675675676,0.6161258231472432,18
1,ant_inf,31,0.03225806451612903,0.17668469596940847,18
1,ant_isq,30,0.06666666666666667,0.24944382578492943,18
1,ant_clau,32,0.0625,0.24206145913796356,18
1,fum_act,37,0.2702702702702703,0.44409937095013474,18
1,diabetes,30,0.1,0.3,18
1,hip_art,31,0.5483870967741935,0.49765318130779074,18
1,insf_car,6,0.0,0.0,18
1,fibr_aur,188,0.010638297872340425,0.10259202937226548,18
1,trat_est,35,0.2571428571428571,0.4370588154508102,18
1,var171,21,0.047619047619047616,0.21295885499997996,18
1,tv_l_esu,369,0.02168021680216802,0.1456371690248716,18
1,tvp_orig,1285,0.17976653696498054,0.38399287643470525,18
1,tv_l_ein,278,0.3776978417266187,0.4848114912846774,18
1,tvp_prox,542,0.9169741697416974,0.27592126008740625,18
1,tv_l_svc,500,0.006,0.07722693830523131,18
1,tv_l_vre,513,0.005847953216374269,0.0762479813473994,18
1,tv_l_vrn,504,0.011904761904761904,0.10845754260886069,18
1,tv_l_vca,936,0.03739316239316239,0.18972325582121177,18
1,tv_l_yug,942,0.016985138004246284,0.12921549091042836,18
1,tv_l_ova,943,0.005302226935312832,0.07262309085159677,18
1,tv_l_sup,942,0.009554140127388535,0.09727722515478511,18
1,tv_l_pul,942,0.009554140127388535,0.09727722515478511,18
1,tv_l_ove,503,0.06759443339960239,0.2510486526014213,18
1,fr_antfa,704,0.11505681818181818,0.3190904993441426,18
1,fr_tvs_a,258,0.027131782945736434,0.16246737918709062,18
1,fr_viaje,8,0.125,0.33071891388307384,18
1,fr_estro,10,0.1,0.30000000000000004,18
1,fr_varic,28,0.17857142857142858,0.3829930462415574,18
1,fr_antec,1,0.0,0.0,18
1,ana_dime,191,1.5235602094240839,0.5681050482536351,18
1,ana_crea,54,0.8518518518518519,0.3552467795046459,18
1,ana_trop,863,0.8597914252607184,0.34720329824018215,18
1,tension_,64,133.578125,19.901950821072166,18
1,ana_hemo,5,14.479999999999999,1.259206099095775,18
1,ana_plaq,5,233.4,70.64446192023831,18
1,ana_leuc,16,8.59375,3.4822906882539257,18
1,ana_neu,1043,6.658969319271333,3.159486999304011,18
1,protcrea,1318,30.07469347496206,42.106286470424,18
1,splanchnic,484,0.01859504132231405,0.13508984329154983,18
2,raza,444,2.9076576576576576,0.6528074574447003,18
2,ant_inf,31,0.0967741935483871,0.29565004483586066,18
2,ant_isq,30,0.03333333333333333,0.17950549357115012,18
2,ant_clau,32,0.03125,0.17399263633843817,18
2,fum_act,37,0.32432432432432434,0.46812183988348033,18
2,diabetes,30,0.06666666666666667,0.24944382578492943,18
2,hip_art,31,0.3225806451612903,0.4674637660061109,18
2,insf_car,6,0.0,0.0,18
2,fibr_aur,188,0.005319148936170213,0.0727382677190284,18
2,trat_est,35,0.17142857142857143,0.3768830273792263,18
2,var171,21,0.0,0.0,18
2,tv_l_esu,369,0.018970189701897018,0.1364196525599265,18
2,tvp_orig,1285,0.3276264591439689,0.4693478053775837,18
2,tv_l_ein,278,0.4568345323741007,0.4981332576777397,18
2,tvp_prox,542,0.8671586715867159,0.33940316716064706,18
2,tv_l_svc,500,0.01,0.09949874371066199,18
2,tv_l_vre,513,0.009746588693957114,0.09824251983122144,18
2,tv_l_vrn,504,0.001984126984126984,0.04449932835715437,18
2,tv_l_vca,936,0.03311965811965812,0.1789490049307206,18
2,tv_l_yug,942,0.01592356687898089,0.12517989813397162,18
2,tv_l_ova,943,0.0021208907741251328,0.0460042671547908,18
2,tv_l_sup,942,0.005307855626326964,0.07266142232971382,18
2,tv_l_pul,942,0.010615711252653927,0.10248423257874456,18
2,tv_l_ove,503,0.05964214711729622,0.2368226370187931,18
2,fr_antfa,704,0.13636363636363635,0.3431742925123068,18
2,fr_tvs_a,258,0.04263565891472868,0.20203430278949067,18
2,fr_viaje,8,0.125,0.33071891388307384,18
2,fr_estro,10,0.1,0.30000000000000004,18
2,fr_varic,28,0.2857142857142857,0.45175395145262565,18
2,fr_antec,1,0.0,0.0,18
2,ana_dime,191,1.5026178010471205,0.5955713131124555,18
2,ana_crea,54,0.9259259259259259,0.261891400439462,18
2,ana_trop,863,0.8400926998841252,0.36652006150486005,18
2,tension_,64,132.109375,22.190311221552864,18
2,ana_hemo,5,12.919999999999998,2.1710826792179057,18
2,ana_plaq,5,312.2,126.83753387700347,18
2,ana_leuc,16,8.155625,3.1281463535734706,18
2,ana_neu,1043,6.428950143815916,3.0733795869891267,18
2,protcrea,1318,67.23390591805766,58.399137942093084,18
2,splanchnic,484,0.04132231404958678,0.19903462113706277,18
3,raza,444,2.8716216216216215,0.6396832557138051,18
3,ant_inf,31,0.03225806451612903,0.17668469596940847,18
3,ant_isq,30,0.03333333333333333,0.17950549357115012,18
3,ant_clau,32,0.0,0.0,18
3,fum_act,37,0.1891891891891892,0.3916588309780929,18
3,diabetes,30,0.1,0.3,18
3,hip_art,31,0.1935483870967742,0.3950789907714804,18
3,insf_car,6,0.0,0.0,18
3,fibr_aur,188,0.005319148936170213,0.0727382677190284,18
3,trat_est,35,0.17142857142857143,0.3768830273792263,18
3,var171,21,0.047619047619047616,0.21295885499998,18
3,tv_l_esu,369,0.02168021680216802,0.1456371690248716,18
3,tvp_orig,1285,0.36342412451361866,0.48098547819568155,18
3,tv_l_ein,278,0.39928057553956836,0.48975054623385506,18
3,tvp_prox,542,0.8726937269372693,0.33331574505505746,18
3,tv_l_svc,500,0.008,0.08908422980528034,18
3,tv_l_vre,513,0.005847953216374269,0.0762479813473994,18
3,tv_l_vrn,504,0.005952380952380952,0.07692171418642908,18
3,tv_l_vca,936,0.041666666666666664,0.19982631347136337,18
3,tv_l_yug,942,0.005307855626326964,0.07266142232971382,18
3,tv_l_ova,943,0.0,0.0,18
3,tv_l_sup,942,0.012738853503184714,0.11214533032903828,18
3,tv_l_pul,942,0.005307855626326964,0.07266142232971382,18
3,tv_l_ove,503,0.06560636182902585,0.24759274447484275,18
3,fr_antfa,704,0.16335227272727273,0.36968676974177406,18
3,fr_tvs_a,258,0.04263565891472868,0.20203430278949067,18
3,fr_viaje,8,0.0,0.0,18
3,fr_estro,10,0.1,0.30000000000000004,18
3,fr_varic,28,0.14285714285714285,0.3499271061118826,18
3,fr_antec,1,0.0,0.0,18
3,ana_dime,191,1.5863874345549738,0.543040727840388,18
3,ana_crea,54,0.8518518518518519,0.3552467795046459,18
3,ana_trop,863,0.8760139049826188,0.32956568883869286,18
3,tension_,64,127.390625,17.012511193512115,18
3,ana_hemo,5,13.24,1.5538339679644027,18
3,ana_plaq,5,209.6,84.52360617011084,18
3,ana_leuc,16,8.953125,4.59480102772416,18
3,ana_neu,1043,6.741238734419942,3.2199999377028647,18
3,protcrea,1318,27.997177541729894,41.536224675440366,18
3,splanchnic,484,0.01652892561983471,0.12749792248381417,18
4,raza,444,2.9144144144144146,0.5171555687747617,18
4,ant_inf,31,0.03225806451612903,0.17668469596940847,18
4,ant_isq,30,0.0,0.0,18
4,ant_clau,32,0.0,0.0,18
4,fum_act,37,0.10810810810810811,0.31051689981286645,18
4,diabetes,30,0.06666666666666667,0.24944382578492943,18
4,hip_art,31,0.3548387096774194,0.47846441852230076,18
4,insf_car,6,0.0,0.0,18
4,fibr_aur,188,0.026595744680851064,0.16089876023674654,18
4,trat_est,35,0.14285714285714285,0.3499271061118826,18
4,var171,21,0.047619047619047616,0.21295885499997996,18
4,tv_l_esu,369,0.02981029810298103,0.17006364758522746,18
4,tvp_orig,1285,0.45136186770428016,0.4976287090660908,18
4,tv_l_ein,278,0.33093525179856115,0.4705497964249736,18
4,tvp_prox,542,0.8911439114391144,0.31145856954675405,18
4,tv_l_svc,500,0.008,0.08908422980528033,18
4,tv_l_vre,513,0.021442495126705652,0.14485411464451697,18
4,tv_l_vrn,504,0.011904761904761904,0.10845754260886069,18
4,tv_l_vca,936,0.05448717948717949,0.22697648944045148,18
4,tv_l_yug,942,0.01167728237791932,0.10742869008875447,18
4,tv_l_ova,943,0.005302226935312832,0.07262309085159677,18
4,tv_l_sup,942,0.0031847133757961785,0.056343331251446284,18
4,tv_l_pul,942,0.0,0.0,18
4,tv_l_ove,503,0.06759443339960239,0.25104865260142123,18
4,fr_antfa,704,0.10653409090909091,0.30851998052519136,18
4,fr_tvs_a,258,0.04263565891472868,0.20203430278949064,18
4,fr_viaje,8,0.0,0.0,18
4,fr_estro,10,0.0,0.0,18
4,fr_varic,28,0.14285714285714285,0.3499271061118826,18
4,fr_antec,1,0.0,0.0,18
4,ana_dime,191,1.4816753926701571,0.5590093325670844,18
4,ana_crea,54,0.8333333333333334,0.37267799624996495,18
4,ana_trop,863,0.8238702201622248,0.3809305454962519,18
4,tension_,64,128.703125,21.49758684676899,18
4,ana_hemo,5,13.8,1.74355957741627,18
4,ana_plaq,5,414.8,381.966176513052,18
4,ana_leuc,16,9.243125,5.312991999276397,18
4,ana_neu,1043,6.691871524448705,3.1815236508510387,18
4,protcrea,1318,25.038663125948407,37.54597517622304,18
4,splanchnic,484,0.0371900826446281,0.18922732465876546,18
5,raza,444,2.9234234234234235,0.5314360885450856,18
5,ant_inf,31,0.03225806451612903,0.17668469596940847,18
5,ant_isq,30,0.03333333333333333,0.17950549357115012,18
5,ant_clau,32,0.03125,0.17399263633843817,18
5,fum_act,37,0.16216216216216217,0.36859950532394203,18
5,diabetes,30,0.06666666666666667,0.24944382578492943,18
5,hip_art,31,0.25806451612903225,0.43756967633066257,18
5,insf_car,6,0.0,0.0,18
5,fibr_aur,188,0.005319148936170213,0.07273826771902842,18
5,trat_est,35,0.14285714285714285,0.3499271061118826,18
5,var171,21,0.09523809523809523,0.29354352395090366,18
5,tv_l_esu,369,0.02168021680216802,0.1456371690248716,18
5,tvp_orig,1285,0.38287937743190664,0.4860892508266998,18
5,tv_l_ein,278,0.49640287769784175,0.4999870605437138,18
5,tvp_prox,542,0.8487084870848709,0.3583327936918145,18
5,tv_l_svc,500,0.012,0.1088852607105296,18
5,tv_l_vre,513,0.017543859649122806,0.13128622409733126,18
5,tv_l_vrn,504,0.003968253968253968,0.06286896634029705,18
5,tv_l_vca,936,0.05128205128205128,0.22057244274468274,18
5,tv_l_yug,942,0.0074309978768577496,0.08588235061647932,18
5,tv_l_ova,943,0.016967126193001062,0.12914814292800275,18
5,tv_l_sup,942,0.006369426751592357,0.07955411462927897,18
5,tv_l_pul,942,0.004246284501061571,0.06502502263742486,18
5,tv_l_ove,503,0.06958250497017893,0.2544420955193027,18
5,fr_antfa,704,0.1377840909090909,0.34467322959789937,18
5,fr_tvs_a,258,0.03875968992248062,0.1930216991936238,18
5,fr_viaje,8,0.0,0.0,18
5,fr_estro,10,0.1,0.30000000000000004,18
5,fr_varic,28,0.25,0.4330127018922193,18
5,fr_antec,1,0.0,0.0,18
5,ana_dime,191,1.4816753926701571,0.5864341791390932,18
5,ana_crea,54,0.9814814814814815,0.13481684980149108,18
5,ana_trop,863,0.8539976825028969,0.3531085396624927,18
5,tension_,64,130.921875,18.478285133755648,18
5,ana_hemo,5,13.16,4.1783250232599185,18
5,ana_plaq,5,218.4,47.94413415632824,18
5,ana_leuc,16,9.18125,4.799800614348475,18
5,ana_neu,1043,6.42915723873442,3.1549859671232805,18
5,protcrea,1318,61.391094081942335,58.74044214777831,18
5,splanchnic,484,0.04338842975206612,0.20372990432363178,18
1,raza,444,2.984234234234234,0.5345909433069878,19
1,ant_inf,31,0.03225806451612903,0.17668469596940847,19
1,ant_isq,30,0.06666666666666667,0.24944382578492943,19
1,ant_clau,32,0.0,0.0,19
1,fum_act,37,0.2702702702702703,0.44409937095013474,19
1,diabetes,30,0.1,0.3,19
1,hip_art,31,0.2903225806451613,0.4539112025635577,19
1,insf_car,6,0.0,0.0,19
1,fibr_aur,188,0.015957446808510637,0.12531084031265685,19
1,trat_est,35,0.14285714285714285,0.3499271061118826,19
1,var171,21,0.0,0.0,19
1,tv_l_esu,369,0.02168021680216802,0.1456371690248716,19
1,tvp_orig,1285,0.24124513618677043,0.4278386617090571,19
1,tv_l_ein,278,0.7482014388489209,0.4340461332085858,19
1,tvp_prox,542,0.8763837638376384,0.3291432246293593,19
1,tv_l_svc,500,0.002,0.044676615807377355,19
1,tv_l_vre,513,0.003898635477582846,0.06231722168867751,19
1,tv_l_vrn,504,0.00992063492063492,0.09910709320430298,19
1,tv_l_vca,936,0.04700854700854701,0.21165713670153488,19
1,tv_l_yug,942,0.016985138004246284,0.1292154909104284,19
1,tv_l_ova,943,0.0021208907741251328,0.0460042671547908,19
1,tv_l_sup,942,0.005307855626326964,0.07266142232971382,19
1,tv_l_pul,942,0.008492569002123142,0.09176298422494399,19
1,tv_l_ove,503,0.05168986083499006,0.22140013351813817,19
1,fr_antfa,704,0.15198863636363635,0.35900987560227177,19
1,fr_tvs_a,258,0.050387596899224806,0.21874342727941803,19
1,fr_viaje,8,0.0,0.0,19
1,fr_estro,10,0.1,0.30000000000000004,19
1,fr_varic,28,0.10714285714285714,0.30929478706587094,19
1,fr_antec,1,0.0,0.0,19
1,ana_dime,191,1.4345549738219896,0.6179341413118564,19
1,ana_crea,54,0.9444444444444444,0.22906142364542553,19
1,ana_trop,863,0.8621089223638471,0.34478562665008733,19
1,tension_,64,125.796875,13.637241848496162,19
1,ana_hemo,5,14.48,1.1142710621747296,19
1,ana_plaq,5,228.8,40.390097796365886,19
1,ana_leuc,16,8.229375000000001,2.952887292020303,19
1,ana_neu,1043,6.4631735378715245,3.1114009872007853,19
1,protcrea,1318,27.757918057663126,44.224328786111116,19
1,splanchnic,484,0.012396694214876033,0.11064816395864367,19
2,raza,444,2.873873873873874,0.6094912531741565,19
2,ant_inf,31,0.03225806451612903,0.17668469596940847,19
2,ant_isq,30,0.1,0.3,19
2,ant_clau,32,0.03125,0.17399263633843817,19
2,fum_act,37,0.08108108108108109,0.27295959292870475,19
2,diabetes,30,0.06666666666666667,0.24944382578492943,19
2,hip_art,31,0.25806451612903225,0.4375696763306625,19
2,insf_car,6,0.0,0.0,19
2,fibr_aur,188,0.005319148936170213,0.0727382677190284,19
2,trat_est,35,0.2,0.4,19
2,var171,21,0.09523809523809523,0.29354352395090366,19
2,tv_l_esu,369,0.016260162601626018,0.12647438362686217,19
2,tvp_orig,1285,0.15252918287937745,0.3595330739299611,19
2,tv_l_ein,278,0.7661870503597122,0.42325459740066146,19
2,tvp_prox,542,0.8966789667896679,0.3043777214361813,19
2,tv_l_svc,500,0.002,0.044676615807377355,19
2,tv_l_vre,513,0.007797270955165692,0.08795722551796084,19
2,tv_l_vrn,504,0.005952380952380952,0.07692171418642907,19
2,tv_l_vca,936,0.03205128205128205,0.17613630338505235,19
2,tv_l_yug,942,0.02335456475583864,0.15102691502147553,19
2,tv_l_ova,943,0.0042417815482502655,0.0649906826979621,19
2,tv_l_sup,942,0.010615711252653927,0.10248423257874456,19
2,tv_l_pul,942,0.01167728237791932,0.10742869008875447,19
2,tv_l_ove,503,0.03578528827037773,0.18575441155941275,19
2,fr_antfa,704,0.14772727272727273,0.35482943172718173,19
2,fr_tvs_a,258,0.06201550387596899,0.24118370831169067,19
2,fr_viaje,8,0.0,0.0,19
2,fr_estro,10,0.0,0.0,19
2,fr_varic,28,0.17857142857142858,0.3829930462415574,19
2,fr_antec,1,0.0,0.0,19
2,ana_dime,191,1.581151832460733,0.5341340626118052,19
2,ana_crea,54,0.8148148148148148,0.38844772154450063,19
2,ana_trop,863,0.8748551564310545,0.3308830785897787,19
2,tension_,64,132.125,21.9527190798771,19
2,ana_hemo,5,13.560000000000002,1.5957443404254952,19
2,ana_plaq,5,296.8,29.026884090442778,19
2,ana_leuc,16,8.863125,3.2221163828103725,19
2,ana_neu,1043,6.030922339405561,3.0035284834061926,19
2,protcrea,1318,52.07048558421851,52.53370825375034,19
2,splanchnic,484,0.01859504132231405,0.13508984329154983,19
3,raza,444,2.934684684684685,0.5872248365697418,19
3,ant_inf,31,0.0,0.0,19
3,ant_isq,30,0.03333333333333333,0.1795054935711501,19
3,ant_clau,32,0.0,0.0,19
3,fum_act,37,0.35135135135135137,0.47739247926096473,19
3,diabetes,30,0.06666666666666667,0.24944382578492943,19
3,hip_art,31,0.3548387096774194,0.4784644185223008,19
3,insf_car,6,0.0,0.0,19
3,fibr_aur,188,0.005319148936170213,0.0727382677190284,19
3,trat_est,35,0.14285714285714285,0.3499271061118826,19
3,var171,21,0.09523809523809523,0.2935435239509036,19
3,tv_l_esu,369,0.024390243902439025,0.15425744683748188,19
3,tvp_orig,1285,0.1688715953307393,0.3746384652183894,19
3,tv_l_ein,278,0.8201438848920863,0.384067563022709,19
3,tvp_prox,542,0.8745387453874539,0.3312411933977898,19
3,tv_l_svc,500,0.008,0.08908422980528034,19
3,tv_l_vre,513,0.005847953216374269,0.0762479813473994,19
3,tv_l_vrn,504,0.007936507936507936,0.08873285624999165,19
3,tv_l_vca,936,0.057692307692307696,0.23316068563427195,19
3,tv_l_yug,942,0.014861995753715499,0.12100048279214443,19
3,tv_l_ova,943,0.0,0.0,19
3,tv_l_sup,942,0.010615711252653927,0.10248423257874456,19
3,tv_l_pul,942,0.004246284501061571,0.06502502263742486,19
3,tv_l_ove,503,0.07157057654075547,0.25777554017862003,19
3,fr_antfa,704,0.14630681818181818,0.35341354407454534,19
3,fr_tvs_a,258,0.03875968992248062,0.1930216991936238,19
3,fr_viaje,8,0.0,0.0,19
3,fr_estro,10,0.1,0.30000000000000004,19
3,fr_varic,28,0.21428571428571427,0.41032590332414487,19
3,fr_antec,1,1.0,0.0,19
3,ana_dime,191,1.4712041884816753,0.6122297375175281,19
3,ana_crea,54,0.9259259259259259,0.261891400439462,19
3,ana_trop,863,0.831981460023175,0.37388274926891324,19
3,tension_,64,135.234375,23.267293425737662,19
3,ana_hemo,5,13.36,3.1947456862792687,19
3,ana_plaq,5,186.2,60.99311436547571,19
3,ana_leuc,16,8.758125,3.201972475580482,19
3,ana_neu,1043,6.768274209012463,3.084165835495896,19
3,protcrea,1318,62.379596358118356,56.16614853361046,19
3,splanchnic,484,0.022727272727272728,0.14903269373413638,19
4,raza,444,2.9144144144144146,0.623755965050731,19
4,ant_inf,31,0.03225806451612903,0.17668469596940847,19
4,ant_isq,30,0.03333333333333333,0.1795054935711501,19
4,ant_clau,32,0.03125,0.17399263633843817,19
4,fum_act,37,0.2702702702702703,0.44409937095013474,19
4,diabetes,30,0.1,0.3,19
4,hip_art,31,0.12903225806451613,0.3352356401746214,19
4,insf_car,6,0.0,0.0,19
4,fibr_aur,188,0.005319148936170213,0.0727382677190284,19
4,trat_est,35,0.17142857142857143,0.3768830273792263,19
4,var171,21,0.047619047619047616,0.21295885499997996,19
4,tv_l_esu,369,0.013550135501355014,0.11561370735881596,19
4,tvp_orig,1285,0.14785992217898833,0.3549610761649956,19
4,tv_l_ein,278,0.8345323741007195,0.37160205957251674,19
4,tvp_prox,542,0.8468634686346863,0.36011905548958933,19
4,tv_l_svc,500,0.006,0.0772269383052313,19
4,tv_l_vre,513,0.007797270955165692,0.08795722551796084,19
4,tv_l_vrn,504,0.00992063492063492,0.09910709320430298,19
4,tv_l_vca,936,0.03418803418803419,0.18171189423478035,19
4,tv_l_yug,942,0.006369426751592357,0.07955411462927897,19
4,tv_l_ova,943,0.0,0.0,19
4,tv_l_sup,942,0.006369426751592357,0.07955411462927897,19
4,tv_l_pul,942,0.005307855626326964,0.07266142232971383,19
4,tv_l_ove,503,0.039761431411530816,0.19539820875237557,19
4,fr_antfa,704,0.1377840909090909,0.34467322959789937,19
4,fr_tvs_a,258,0.031007751937984496,0.17333860290696043,19
4,fr_viaje,8,0.125,0.33071891388307384,19
4,fr_estro,10,0.0,0.0,19
4,fr_varic,28,0.21428571428571427,0.410325903324145,19
4,fr_antec,1,0.0,0.0,19
4,ana_dime,191,1.4764397905759161,0.6209432912771947,19
4,ana_crea,54,0.9259259259259259,0.261891400439462,19
4,ana_trop,863,0.8621089223638471,0.34478562665008733,19
4,tension_,64,134.921875,19.26485197151473,19
4,ana_hemo,5,13.040000000000001,2.5397637685422634,19
4,ana_plaq,5,241.2,54.08289933056474,19
4,ana_leuc,16,9.1325,3.3524850857237234,19
4,ana_neu,1043,6.445514860977948,3.131503619509731,19
4,protcrea,1318,49.90963429438542,55.493526378441814,19
4,splanchnic,484,0.02066115702479339,0.14224722709139262,19
5,raza,444,2.9662162162162162,0.7047030606581741,19
5,ant_inf,31,0.0,0.0,19
5,ant_isq,30,0.0,0.0,19
5,ant_clau,32,0.0,0.0,19
5,fum_act,37,0.24324324324324326,0.4290407531456093,19
5,diabetes,30,0.1,0.3,19
5,hip_art,31,0.2903225806451613,0.4539112025635577,19
5,insf_car,6,0.0,0.0,19
5,fibr_aur,188,0.015957446808510637,0.12531084031265685,19
5,trat_est,35,0.08571428571428572,0.27994168488950605,19
5,var171,21,0.047619047619047616,0.21295885499997996,19
5,tv_l_esu,369,0.016260162601626018,0.12647438362686217,19
5,tvp_orig,1285,0.2171206225680934,0.41228540821103155,19
5,tv_l_ein,278,0.8093525179856115,0.39281168467340927,19
5,tvp_prox,542,0.8597785977859779,0.3472165902936603,19
5,tv_l_svc,500,0.02,0.13999999999999999,19
5,tv_l_vre,513,0.009746588693957114,0.09824251983122145,19
5,tv_l_vrn,504,0.001984126984126984,0.04449932835715438,19
5,tv_l_vca,936,0.05555555555555555,0.2290614236454256,19
5,tv_l_yug,942,0.036093418259023353,0.18652260832779108,19
5,tv_l_ova,943,0.007423117709437964,0.08583714250200664,19
5,tv_l_sup,942,0.0074309978768577496,0.08588235061647932,19
5,tv_l_pul,942,0.004246284501061571,0.06502502263742486,19
5,tv_l_ove,503,0.04970178926441352,0.2173281422373305,19
5,fr_antfa,704,0.1278409090909091,0.3339125799572681,19
5,fr_tvs_a,258,0.05426356589147287,0.22653704180158846,19
5,fr_viaje,8,0.125,0.33071891388307384,19
5,fr_estro,10,0.0,0.0,19
5,fr_varic,28,0.14285714285714285,0.3499271061118826,19
5,fr_antec,1,0.0,0.0,19
5,ana_dime,191,1.486910994764398,0.5684427035870143,19
5,ana_crea,54,0.9074074074074074,0.28986066374997266,19
5,ana_trop,863,0.8539976825028969,0.3531085396624927,19
5,tension_,64,126.8125,21.88383750053907,19
5,ana_hemo,5,13.139999999999997,1.5692036196746426,19
5,ana_plaq,5,337.8,168.01357088045,19
5,ana_leuc,16,8.784375,3.4908827120622368,19
5,ana_neu,1043,6.791689357622244,3.2073043590429378,19
5,protcrea,1318,29.721364188163886,46.80758492215991,19
5,splanchnic,484,0.014462809917355372,0.11938859680325344,19
1,raza,444,2.894144144144144,0.7352525685659494,20
1,ant_inf,31,0.03225806451612903,0.17668469596940847,20
1,ant_isq,30,0.06666666666666667,0.24944382578492943,20
1,ant_clau,32,0.0,0.0,20
1,fum_act,37,0.13513513513513514,0.34186785515333834,20
1,diabetes,30,0.13333333333333333,0.33993463423951903,20
1,hip_art,31,0.3225806451612903,0.4674637660061109,20
1,insf_car,6,0.0,0.0,20
1,fibr_aur,188,0.026595744680851064,0.16089876023674654,20
1,trat_est,35,0.2857142857142857,0.45175395145262565,20
1,var171,21,0.047619047619047616,0.21295885499997996,20
1,tv_l_esu,369,0.013550135501355014,0.11561370735881596,20
1,tvp_orig,1285,0.24202334630350195,0.42830835404829204,20
1,tv_l_ein,278,0.7805755395683454,0.4138566981407114,20
1,tvp_prox,542,0.8892988929889298,0.31376164825802677,20
1,tv_l_svc,500,0.002,0.044676615807377355,20
1,tv_l_vre,513,0.003898635477582846,0.06231722168867751,20
1,tv_l_vrn,504,0.011904761904761904,0.10845754260886069,20
1,tv_l_vca,936,0.06196581196581197,0.24109344684837372,20
1,tv_l_yug,942,0.029723991507430998,0.1698248386906261,20
1,tv_l_ova,943,0.0042417815482502655,0.06499068269796211,20
1,tv_l_sup,942,0.009554140127388535,0.09727722515478511,20
1,tv_l_pul,942,0.0,0.0,20
1,tv_l_ove,503,0.04970178926441352,0.2173281422373305,20
1,fr_antfa,704,0.14630681818181818,0.35341354407454534,20
1,fr_tvs_a,258,0.07751937984496124,0.2674137722582998,20
1,fr_viaje,8,0.125,0.33071891388307384,20
1,fr_estro,10,0.0,0.0,20
1,fr_varic,28,0.10714285714285714,0.30929478706587094,20
1,fr_antec,1,0.0,0.0,20
1,ana_dime,191,1.549738219895288,0.5755829592591335,20
1,ana_crea,54,0.8148148148148148,0.3884477215445006,20
1,ana_trop,863,0.8632676709154113,0.3435645489099427,20
1,tension_,64,128.625,20.863769434117124,20
1,ana_hemo,5,14.180000000000001,1.9863534428696212,20
1,ana_plaq,5,219.6,94.2498806365292,20
1,ana_leuc,16,7.99875,2.8751171171797507,20
1,ana_neu,1043,6.587290508149568,3.0565257674351836,20
1,protcrea,1318,63.62188012139606,58.05876049186801,20
1,splanchnic,484,0.028925619834710745,0.16759751893118383,20
2,raza,444,2.8671171171171173,0.7025691430015948,20
2,ant_inf,31,0.03225806451612903,0.17668469596940847,20
2,ant_isq,30,0.03333333333333333,0.1795054935711501,20
2,ant_clau,32,0.125,0.33071891388307384,20
2,fum_act,37,0.24324324324324326,0.4290407531456093,20
2,diabetes,30,0.03333333333333333,0.1795054935711501,20
2,hip_art,31,0.3548387096774194,0.4784644185223008,20
2,insf_car,6,0.0,0.0,20
2,fibr_aur,188,0.010638297872340425,0.10259202937226548,20
2,trat_est,35,0.17142857142857143,0.3768830273792263,20
2,var171,21,0.047619047619047616,0.21295885499997996,20
2,tv_l_esu,369,0.02168021680216802,0.1456371690248716,20
2,tvp_orig,1285,0.1556420233463035,0.36251563264909303,20
2,tv_l_ein,278,0.7877697841726619,0.40888696643109035,20
2,tvp_prox,542,0.8763837638376384,0.3291432246293593,20
2,tv_l_svc,500,0.008,0.08908422980528033,20
2,tv_l_vre,513,0.011695906432748537,0.10751331175935812,20
2,tv_l_vrn,504,0.007936507936507936,0.08873285624999167,20
2,tv_l_vca,936,0.05555555555555555,0.2290614236454256,20
2,tv_l_yug,942,0.010615711252653927,0.10248423257874456,20
2,tv_l_ova,943,0.003181336161187699,0.056313544209339365,20
2,tv_l_sup,942,0.006369426751592357,0.07955411462927897,20
2,tv_l_pul,942,0.0031847133757961785,0.056343331251446284,20
2,tv_l_ove,503,0.04970178926441352,0.21732814223733052,20
2,fr_antfa,704,0.14630681818181818,0.35341354407454534,20
2,fr_tvs_a,258,0.027131782945736434,0.16246737918709062,20
2,fr_viaje,8,0.0,0.0,20
2,fr_estro,10,0.0,0.0,20
2,fr_varic,28,0.10714285714285714,0.30929478706587094,20
2,fr_antec,1,0.0,0.0,20
2,ana_dime,191,1.5235602094240839,0.5862471784394603,20
2,ana_crea,54,0.9074074074074074,0.28986066374997266,20
2,ana_trop,863,0.8736964078794901,0.33219120207790837,20
2,tension_,64,133.28125,19.53559951569186,20
2,ana_hemo,5,13.9,1.7966635745180566,20
2,ana_plaq,5,205.6,91.20438585945305,20
2,ana_leuc,16,8.654375,2.968136976181355,20
2,ana_neu,1043,6.452305848513902,3.0123060735207203,20
2,protcrea,1318,79.78858270106221,59.64936008881337,20
2,splanchnic,484,0.010330578512396695,0.10111309341522444,20
3,raza,444,2.9121621621621623,0.5881225364221111,20
3,ant_inf,31,0.03225806451612903,0.17668469596940847,20
3,ant_isq,30,0.0,0.0,20
3,ant_clau,32,0.0,0.0,20
3,fum_act,37,0.21621621621621623,0.4116634111277789,20
3,diabetes,30,0.13333333333333333,0.33993463423951903,20
3,hip_art,31,0.25806451612903225,0.4375696763306625,20
3,insf_car,6,0.0,0.0,20
3,fibr_aur,188,0.005319148936170213,0.07273826771902842,20
3,trat_est,35,0.17142857142857143,0.3768830273792263,20
3,var171,21,0.047619047619047616,0.21295885499998,20
3,tv_l_esu,369,0.02168021680216802,0.1456371690248716,20
3,tvp_orig,1285,0.1369649805447471,0.3438103760056176,20
3,tv_l_ein,278,0.7877697841726619,0.4088869664310903,20
3,tvp_prox,542,0.8948339483394834,0.30676726233197404,20
3,tv_l_svc,500,0.006,0.07722693830523131,20
3,tv_l_vre,513,0.009746588693957114,0.09824251983122144,20
3,tv_l_vrn,504,0.005952380952380952,0.07692171418642907,20
3,tv_l_vca,936,0.042735042735042736,0.20225913788374753,20
3,tv_l_yug,942,0.01167728237791932,0.10742869008875447,20
3,tv_l_ova,943,0.0,0.0,20
3,tv_l_sup,942,0.0074309978768577496,0.08588235061647932,20
3,tv_l_pul,942,0.0021231422505307855,0.04602862715218428,20
3,tv_l_ove,503,0.0437375745526839,0.20451063328084512,20
3,fr_antfa,704,0.13920454545454544,0.34615984743950134,20
3,fr_tvs_a,258,0.05426356589147287,0.22653704180158843,20
3,fr_viaje,8,0.125,0.33071891388307384,20
3,fr_estro,10,0.0,0.0,20
3,fr_varic,28,0.10714285714285714,0.30929478706587094,20
3,fr_antec,1,0.0,0.0,20
3,ana_dime,191,1.4450261780104712,0.593034502184047,20
3,ana_crea,54,0.9074074074074074,0.28986066374997266,20
3,ana_trop,863,0.8203939745075318,0.383858959904894,20
3,tension_,64,128.3125,17.666064749966246,20
3,ana_hemo,5,13.680000000000001,2.5102987869972764,20
3,ana_plaq,5,283.4,54.974903365081055,20
3,ana_leuc,16,8.761875,3.364498883099086,20
3,ana_neu,1043,6.492649089165868,2.997705786804992,20
3,protcrea,1318,57.809230652503786,56.63015153912597,20
3,splanchnic,484,0.012396694214876033,0.11064816395864367,20
4,raza,444,2.9436936936936937,0.5607113048955834,20
4,ant_inf,31,0.03225806451612903,0.17668469596940847,20
4,ant_isq,30,0.03333333333333333,0.17950549357115012,20
4,ant_clau,32,0.03125,0.17399263633843817,20
4,fum_act,37,0.21621621621621623,0.4116634111277789,20
4,diabetes,30,0.1,0.3,20
4,hip_art,31,0.2903225806451613,0.4539112025635577,20
4,insf_car,6,0.0,0.0,20
4,fibr_aur,188,0.02127659574468085,0.14430489325798443,20
4,trat_est,35,0.2,0.4,20
4,var171,21,0.09523809523809523,0.29354352395090366,20
4,tv_l_esu,369,0.01084010840108401,0.10354999010592301,20
4,tvp_orig,1285,0.1735408560311284,0.3787141762848488,20
4,tv_l_ein,278,0.7949640287769785,0.4037279055597394,20
4,tvp_prox,542,0.8966789667896679,0.3043777214361813,20
4,tv_l_svc,500,0.008,0.08908422980528033,20
4,tv_l_vre,513,0.007797270955165692,0.08795722551796084,20
4,tv_l_vrn,504,0.005952380952380952,0.07692171418642908,20
4,tv_l_vca,936,0.04807692307692308,0.2139288025123749,20
4,tv_l_yug,942,0.021231422505307854,0.14415494859250919,20
4,tv_l_ova,943,0.0021208907741251328,0.0460042671547908,20
4,tv_l_sup,942,0.004246284501061571,0.06502502263742485,20
4,tv_l_pul,942,0.0,0.0,20
4,tv_l_ove,503,0.073558648111332,0.2610512849984946,20
4,fr_antfa,704,0.12642045454545456,0.33232261917897676,20
4,fr_tvs_a,258,0.027131782945736434,0.16246737918709062,20
4,fr_viaje,8,0.0,0.0,20
4,fr_estro,10,0.1,0.30000000000000004,20
4,fr_varic,28,0.2857142857142857,0.45175395145262565,20
4,fr_antec,1,0.0,0.0,20
4,ana_dime,191,1.4659685863874345,0.5767248012660665,20
4,ana_crea,54,0.7777777777777778,0.41573970964154905,20
4,ana_trop,863,0.8621089223638471,0.34478562665008733,20
4,tension_,64,131.171875,18.762957762154,20
4,ana_hemo,5,13.919999999999998,1.0067770358922579,20
4,ana_plaq,5,249.8,60.416554022883496,20
4,ana_leuc,16,8.9675,3.275371162173838,20
4,ana_neu,1043,6.501048897411313,3.075633404742885,20
4,protcrea,1318,20.71524886191199,35.55125783052697,20
4,splanchnic,484,0.010330578512396695,0.10111309341522444,20
5,raza,444,2.891891891891892,0.5344248630617618,20
5,ant_inf,31,0.0,0.0,20
5,ant_isq,30,0.06666666666666667,0.24944382578492943,20
5,ant_clau,32,0.0,0.0,20
5,fum_act,37,0.16216216216216217,0.36859950532394203,20
5,diabetes,30,0.1,0.3,20
5,hip_art,31,0.3870967741935484,0.487086092598113,20
5,insf_car,6,0.0,0.0,20
5,fibr_aur,188,0.02127659574468085,0.14430489325798443,20
5,trat_est,35,0.17142857142857143,0.3768830273792263,20
5,var171,21,0.09523809523809523,0.29354352395090366,20
5,tv_l_esu,369,0.005420054200542005,0.07342123135037434,20
5,tvp_orig,1285,0.1642023346303502,0.3704590772707462,20
5,tv_l_ein,278,0.762589928057554,0.4254956282768704,20
5,tvp_prox,542,0.9114391143911439,0.2841088790394119,20
5,tv_l_svc,500,0.01,0.09949874371066199,20
5,tv_l_vre,513,0.005847953216374269,0.0762479813473994,20
5,tv_l_vrn,504,0.005952380952380952,0.07692171418642908,20
5,tv_l_vca,936,0.057692307692307696,0.23316068563427195,20
5,tv_l_yug,942,0.02335456475583864,0.15102691502147553,20
5,tv_l_ova,943,0.010604453870625663,0.1024304614298473,20
5,tv_l_sup,942,0.004246284501061571,0.06502502263742486,20
5,tv_l_pul,942,0.0031847133757961785,0.056343331251446284,20
5,tv_l_ove,503,0.0536779324055666,0.22538103730844353,20
5,fr_antfa,704,0.15767045454545456,0.3644317251679446,20
5,fr_tvs_a,258,0.03488372093023256,0.1834852771867384,20
5,fr_viaje,8,0.0,0.0,20
5,fr_estro,10,0.0,0.0,20
5,fr_varic,28,0.25,0.4330127018922193,20
5,fr_antec,1,0.0,0.0,20
5,ana_dime,191,1.4712041884816753,0.612229737517528,20
5,ana_crea,54,0.9074074074074074,0.28986066374997266,20
5,ana_trop,863,0.8771726535341831,0.32823892125399007,20
5,tension_,64,128.546875,20.0810309181171,20
5,ana_hemo,5,13.16,1.1288932633336066,20
5,ana_plaq,5,252.0,75.43208866258443,20
5,ana_leuc,16,9.4375,3.6968897400382392,20
5,ana_neu,1043,6.599947267497603,3.1633705949049373,20
5,protcrea,1318,43.06513050075873,51.320080694956424,20
5,splanchnic,484,0.022727272727272728,0.14903269373413638,20
