iteration,variable,missing_n,imputed_mean,imputed_sd,imputation
1,raza,425,2.8258823529411763,0.6775653545515601,1
1,ant_inf,21,0.09523809523809523,0.2935435239509036,1
1,ant_isq,21,0.0,0.0,1
1,ant_clau,22,0.0,0.0,1
1,fum_act,32,0.34375,0.47495887979908324,1
1,diabetes,21,0.19047619047619047,0.392676726249301,1
1,hip_art,22,0.36363636363636365,0.4810456929208347,1
1,insf_car,4,0.0,0.0,1
1,fibr_aur,202,0.024752475247524754,0.15536984976708135,1
1,trat_est,26,0.19230769230769232,0.3941134909984461,1
1,var171,20,0.0,0.0,1
1,tv_l_esu,372,0.008064516129032258,0.08943981053555984,1
1,tvp_orig,1283,0.2049883086515978,0.40369307891980893,1
1,tv_l_ein,279,0.7275985663082437,0.4451953420852828,1
1,tvp_prox,547,0.8610603290676416,0.3458835624506697,1
1,tv_l_svc,485,0.008247422680412371,0.09044005030705694,1
1,tv_l_vre,501,0.001996007984031936,0.04463209535927722,1
1,tv_l_vrn,493,0.008113590263691683,0.08970930786002425,1
1,tv_l_vca,959,0.04692387904066736,0.21147583459214475,1
1,tv_l_yug,971,0.008238928939237899,0.09039385481973922,1
1,tv_l_ova,973,0.003083247687564234,0.05544133179552384,1
1,tv_l_sup,971,0.003089598352214212,0.0554982228025025,1
1,tv_l_ove,499,0.036072144288577156,0.18646968840806596,1
1,fr_antfa,727,0.12104539202200826,0.3261800194558928,1
1,fr_tvs_a,272,0.07352941176470588,0.26100351984263015,1
1,fr_viaje,11,0.0,0.0,1
1,fr_estro,17,0.058823529411764705,0.23529411764705885,1
1,fr_varic,28,0.10714285714285714,0.30929478706587094,1
1,ana_dime,196,1.510204081632653,0.5845790035674492,1
1,ana_crea,54,0.8518518518518519,0.3552467795046459,1
1,ana_trop,872,0.8130733944954128,0.3898525999132488,1
1,tension_,59,131.22033898305085,22.310647907548137,1
1,ana_hemo,2,13.0,0.6999999999999993,1
1,ana_plaq,3,233.33333333333334,67.44050876307371,1
1,ana_leuc,11,6.823636363636364,3.7113052659218844,1
1,ana_neu,1053,6.663364672364673,3.240826615674467,1
1,protcrea,1322,41.33068078668684,43.84953735748446,1
1,splanchnic,472,0.029661016949152543,0.1696503493149797,1
2,raza,425,2.8941176470588235,0.6439497498072474,1
2,ant_inf,21,0.047619047619047616,0.21295885499998,1
2,ant_isq,21,0.047619047619047616,0.21295885499998,1
2,ant_clau,22,0.0,0.0,1
2,fum_act,32,0.21875,0.41339864235384227,1
2,diabetes,21,0.14285714285714285,0.3499271061118826,1
2,hip_art,22,0.18181818181818182,0.38569460791993493,1
2,insf_car,4,0.0,0.0,1
2,fibr_aur,202,0.01485148514851485,0.12095833388980809,1
2,trat_est,26,0.11538461538461539,0.31948553318915673,1
2,var171,20,0.0,0.0,1
2,tv_l_esu,372,0.026881720430107527,0.1617377307149605,1
2,tvp_orig,1283,0.2112236944660951,0.40817673299955354,1
2,tv_l_ein,279,0.7240143369175627,0.44700959369501764,1
2,tvp_prox,547,0.8354661791590493,0.37075927856282787,1
2,tv_l_svc,485,0.002061855670103093,0.04536082474226804,1
2,tv_l_vre,501,0.01996007984031936,0.13986305821441,1
2,tv_l_vrn,493,0.004056795131845842,0.06356364955777849,1
2,tv_l_vca,959,0.04275286757038582,0.20229943125203015,1
2,tv_l_yug,971,0.01132852729145211,0.10583095842360561,1
2,tv_l_ova,973,0.0020554984583761563,0.045290985686599596,1
2,tv_l_sup,971,0.007209062821833162,0.0845995994970663,1
2,tv_l_ove,499,0.052104208416833664,0.2222371703430567,1
2,fr_antfa,727,0.14718019257221457,0.3542854548053312,1
2,fr_tvs_a,272,0.0625,0.24206145913796356,1
2,fr_viaje,11,0.0,0.0,1
2,fr_estro,17,0.058823529411764705,0.23529411764705885,1
2,fr_varic,28,0.10714285714285714,0.30929478706587094,1
2,ana_dime,196,1.6326530612244898,0.5418742060143573,1
2,ana_crea,54,0.9814814814814815,0.13481684980149108,1
2,ana_trop,872,0.8486238532110092,0.35841513496545974,1
2,tension_,59,125.27118644067797,21.860753866445403,1
2,ana_hemo,2,14.85,2.3499999999999996,1
2,ana_plaq,3,178.33333333333334,62.098488083223266,1
2,ana_leuc,11,8.052727272727273,4.005453307473089,1
2,ana_neu,1053,6.525994301994302,3.0684428811804936,1
2,protcrea,1322,45.207760968229955,35.544818423673384,1
2,splanchnic,472,0.012711864406779662,0.11202800056273124,1
3,raza,425,2.863529411764706,0.6436745722935627,1
3,ant_inf,21,0.047619047619047616,0.21295885499997996,1
3,ant_isq,21,0.0,0.0,1
3,ant_clau,22,0.0,0.0,1
3,fum_act,32,0.1875,0.3903123748998999,1
3,diabetes,21,0.19047619047619047,0.39267672624930106,1
3,hip_art,22,0.36363636363636365,0.4810456929208346,1
3,insf_car,4,0.0,0.0,1
3,fibr_aur,202,0.0049504950495049506,0.07018538058791002,1
3,trat_est,26,0.2692307692307692,0.44356009979503064,1
3,var171,20,0.0,0.0,1
3,tv_l_esu,372,0.016129032258064516,0.12597176896623638,1
3,tvp_orig,1283,0.24318004676539362,0.42900292728671974,1
3,tv_l_ein,279,0.7275985663082437,0.4451953420852828,1
3,tvp_prox,547,0.8756855575868373,0.32993993668646293,1
3,tv_l_svc,485,0.002061855670103093,0.04536082474226804,1
3,tv_l_vre,501,0.01996007984031936,0.13986305821441,1
3,tv_l_vrn,493,0.008113590263691683,0.08970930786002425,1
3,tv_l_vca,959,0.04171011470281543,0.19992593887310722,1
3,tv_l_yug,971,0.013388259526261586,0.11493047477983832,1
3,tv_l_ova,973,0.009249743062692703,0.09572975146717383,1
3,tv_l_sup,971,0.01132852729145211,0.10583095842360561,1
3,tv_l_ove,499,0.07414829659318638,0.2620120735872972,1
3,fr_antfa,727,0.10453920220082531,0.30595875114799426,1
3,fr_tvs_a,272,0.04411764705882353,0.20535647123189618,1
3,fr_viaje,11,0.09090909090909091,0.2874797872880344,1
3,fr_estro,17,0.0,0.0,1
3,fr_varic,28,0.21428571428571427,0.41032590332414487,1
3,ana_dime,196,1.5255102040816326,0.5927816173045889,1
3,ana_crea,54,0.8518518518518519,0.3552467795046459,1
3,ana_trop,872,0.8623853211009175,0.3444951074407081,1
3,tension_,59,128.47457627118644,21.07320246447107,1
3,ana_hemo,2,13.7,3.0,1
3,ana_plaq,3,317.0,38.60915262818736,1
3,ana_leuc,11,8.085454545454546,3.406307955000182,1
3,ana_neu,1053,6.5055289648622985,3.0302689277236152,1
3,protcrea,1322,59.65432677760968,46.131616242375046,1
3,splanchnic,472,0.02754237288135593,0.16365754054555592,1
4,raza,425,2.875294117647059,0.5788235294117647,1
4,ant_inf,21,0.09523809523809523,0.2935435239509036,1
4,ant_isq,21,0.0,0.0,1
4,ant_clau,22,0.045454545454545456,0.2082988952252655,1
4,fum_act,32,0.34375,0.47495887979908324,1
4,diabetes,21,0.0,0.0,1
4,hip_art,22,0.4090909090909091,0.4916660830178166,1
4,insf_car,4,0.0,0.0,1
4,fibr_aur,202,0.019801980198019802,0.13931927999475532,1
4,trat_est,26,0.11538461538461539,0.31948553318915673,1
4,var171,20,0.0,0.0,1
4,tv_l_esu,372,0.01881720430107527,0.13587905329139902,1
4,tvp_orig,1283,0.2127825409197194,0.4092751289773999,1
4,tv_l_ein,279,0.7526881720430108,0.43144951930621245,1
4,tvp_prox,547,0.8976234003656307,0.3031429225327112,1
4,tv_l_svc,485,0.006185567010309278,0.07840475604878987,1
4,tv_l_vre,501,0.00998003992015968,0.09940039599192599,1
4,tv_l_vrn,493,0.014198782961460446,0.118309667922253,1
4,tv_l_vca,959,0.061522419186652764,0.240286102644482,1
4,tv_l_yug,971,0.010298661174047374,0.10095840109703375,1
4,tv_l_ova,973,0.0041109969167523125,0.0639851281244538,1
4,tv_l_sup,971,0.010298661174047374,0.10095840109703375,1
4,tv_l_ove,499,0.052104208416833664,0.2222371703430567,1
4,fr_antfa,727,0.14030261348005502,0.34730072002620627,1
4,fr_tvs_a,272,0.06985294117647059,0.25489901487739636,1
4,fr_viaje,11,0.0,0.0,1
4,fr_estro,17,0.0,0.0,1
4,fr_varic,28,0.14285714285714285,0.3499271061118826,1
4,ana_dime,196,1.586734693877551,0.5026740241057027,1
4,ana_crea,54,0.8703703703703703,0.3358955027262418,1
4,ana_trop,872,0.8268348623853211,0.3783899744041433,1
4,tension_,59,129.83050847457628,19.56488773146535,1
4,ana_hemo,2,12.65,2.3499999999999996,1
4,ana_plaq,3,351.0,91.21768834314246,1
4,ana_leuc,11,9.054545454545455,2.970036313326714,1
4,ana_neu,1053,6.642804368471036,2.96890979919,1
4,protcrea,1322,30.921379727685324,40.171191725614875,1
4,splanchnic,472,0.02754237288135593,0.16365754054555592,1
5,raza,425,2.8941176470588235,0.5945542949879188,1
5,ant_inf,21,0.09523809523809523,0.2935435239509036,1
5,ant_isq,21,0.047619047619047616,0.21295885499998,1
5,ant_clau,22,0.045454545454545456,0.2082988952252655,1
5,fum_act,32,0.34375,0.47495887979908324,1
5,diabetes,21,0.047619047619047616,0.21295885499998,1
5,hip_art,22,0.22727272727272727,0.41907020260422206,1
5,insf_car,4,0.0,0.0,1
5,fibr_aur,202,0.009900990099009901,0.09900990099009899,1
5,trat_est,26,0.19230769230769232,0.3941134909984461,1
5,var171,20,0.05,0.21794494717703364,1
5,tv_l_esu,372,0.008064516129032258,0.08943981053555983,1
5,tvp_orig,1283,0.2735775526110678,0.44579465600027807,1
5,tv_l_ein,279,0.7634408602150538,0.42496930850257,1
5,tvp_prox,547,0.8628884826325411,0.3439650406257181,1
5,tv_l_svc,485,0.006185567010309278,0.07840475604878988,1
5,tv_l_vre,501,0.00998003992015968,0.09940039599192599,1
5,tv_l_vrn,493,0.004056795131845842,0.06356364955777848,1
5,tv_l_vca,959,0.07820646506777894,0.2684962083333417,1
5,tv_l_yug,971,0.021627188465499485,0.14546289280973773,1
5,tv_l_ova,973,0.003083247687564234,0.05544133179552384,1
5,tv_l_sup,971,0.01132852729145211,0.10583095842360561,1
5,tv_l_ove,499,0.04809619238476954,0.21396950404872367,1
5,fr_antfa,727,0.14030261348005502,0.34730072002620627,1
5,fr_tvs_a,272,0.029411764705882353,0.16895772489817729,1
5,fr_viaje,11,0.0,0.0,1
5,fr_estro,17,0.0,0.0,1
5,fr_varic,28,0.17857142857142858,0.3829930462415574,1
5,ana_dime,196,1.5459183673469388,0.5559820081046778,1
5,ana_crea,54,0.7962962962962963,0.40275116983206566,1
5,ana_trop,872,0.8623853211009175,0.34449510744070805,1
5,tension_,59,129.864406779661,18.71594772445042,1
5,ana_hemo,2,12.6,0.40000000000000036,1
5,ana_plaq,3,258.6666666666667,56.95807424959364,1
5,ana_leuc,11,8.35909090909091,3.1959987898093467,1
5,ana_neu,1053,5.910029439696107,3.038904529731678,1
5,protcrea,1322,41.57001512859304,41.73228902059423,1
5,splanchnic,472,0.019067796610169493,0.13676335672468232,1
1,raza,425,2.8705882352941177,0.624749084581259,2
1,ant_inf,21,0.0,0.0,2
1,ant_isq,21,0.0,0.0,2
1,ant_clau,22,0.0,0.0,2
1,fum_act,32,0.375,0.4841229182759271,2
1,diabetes,21,0.047619047619047616,0.21295885499997996,2
1,hip_art,22,0.22727272727272727,0.4190702026042222,2
1,insf_car,4,0.0,0.0,2
1,fibr_aur,202,0.0297029702970297,0.16976661583645786,2
1,trat_est,26,0.07692307692307693,0.26646935501059654,2
1,var171,20,0.1,0.30000000000000004,2
1,tv_l_esu,372,0.010752688172043012,0.1031361617916714,2
1,tvp_orig,1283,0.2805923616523772,0.4492886469016536,2
1,tv_l_ein,279,0.7598566308243727,0.42717037750364395,2
1,tvp_prox,547,0.8683729433272395,0.33808486305131497,2
1,tv_l_svc,485,0.012371134020618556,0.11053546518499144,2
1,tv_l_vre,501,0.007984031936127744,0.08899599524793592,2
1,tv_l_vrn,493,0.008113590263691683,0.08970930786002425,2
1,tv_l_vca,959,0.05735140771637122,0.23251284641783082,2
1,tv_l_yug,971,0.014418125643666324,0.11920672504766575,2
1,tv_l_ova,973,0.0,0.0,2
1,tv_l_sup,971,0.0020597322348094747,0.04533750917210122,2
1,tv_l_ove,499,0.04008016032064128,0.1961472433385516,2
1,fr_antfa,727,0.11141678129298486,0.3146475522537813,2
1,fr_tvs_a,272,0.01838235294117647,0.13432960225327287,2
1,fr_viaje,11,0.09090909090909091,0.2874797872880344,2
1,fr_estro,17,0.0,0.0,2
1,fr_varic,28,0.14285714285714285,0.3499271061118826,2
1,ana_dime,196,1.5357142857142858,0.5567306167185676,2
1,ana_crea,54,0.9259259259259259,0.261891400439462,2
1,ana_trop,872,0.8795871559633027,0.32544368334274254,2
1,tension_,59,135.88135593220338,18.53360186691858,2
1,ana_hemo,2,14.85,1.1500000000000004,2
1,ana_plaq,3,226.0,25.80697580112788,2
1,ana_leuc,11,7.713636363636363,2.3953677748645417,2
1,ana_neu,1053,6.467484330484331,3.0469223519160065,2
1,protcrea,1322,15.867255673222392,23.731839928650263,2
1,splanchnic,472,0.023305084745762712,0.1508706657066095,2
2,raza,425,2.9011764705882355,0.5777225301122572,2
2,ant_inf,21,0.0,0.0,2
2,ant_isq,21,0.0,0.0,2
2,ant_clau,22,0.0,0.0,2
2,fum_act,32,0.3125,0.46351240544347894,2
2,diabetes,21,0.09523809523809523,0.29354352395090366,2
2,hip_art,22,0.4090909090909091,0.4916660830178166,2
2,insf_car,4,0.0,0.0,2
2,fibr_aur,202,0.0049504950495049506,0.07018538058791002,2
2,trat_est,26,0.19230769230769232,0.3941134909984461,2
2,var171,20,0.05,0.21794494717703364,2
2,tv_l_esu,372,0.01881720430107527,0.13587905329139904,2
2,tvp_orig,1283,0.23850350740452064,0.4261684929230016,2
2,tv_l_ein,279,0.7741935483870968,0.4181123031230877,2
2,tvp_prox,547,0.8848263254113345,0.31923141961656853,2
2,tv_l_svc,485,0.004123711340206186,0.06408358873369097,2
2,tv_l_vre,501,0.015968063872255488,0.12535184405674718,2
2,tv_l_vrn,493,0.012170385395537525,0.10964609940559499,2
2,tv_l_vca,959,0.047966631908237745,0.2136956577275668,2
2,tv_l_yug,971,0.013388259526261586,0.11493047477983831,2
2,tv_l_ova,973,0.0020554984583761563,0.0452909856865996,2
2,tv_l_sup,971,0.007209062821833162,0.0845995994970663,2
2,tv_l_ove,499,0.04609218436873747,0.20968475125496314,2
2,fr_antfa,727,0.15818431911966988,0.36491374364953194,2
2,fr_tvs_a,272,0.0625,0.24206145913796356,2
2,fr_viaje,11,0.0,0.0,2
2,fr_estro,17,0.058823529411764705,0.23529411764705885,2
2,fr_varic,28,0.14285714285714285,0.3499271061118826,2
2,ana_dime,196,1.5153061224489797,0.5931328172864047,2
2,ana_crea,54,0.9259259259259259,0.2618914004394621,2
2,ana_trop,872,0.8577981651376146,0.34925703002825326,2
2,tension_,59,131.11864406779662,15.276086047843176,2
2,ana_hemo,2,12.65,3.25,2
2,ana_plaq,3,359.3333333333333,123.45129493943035,2
2,ana_leuc,11,8.117272727272727,2.5759449842695537,2
2,ana_neu,1053,6.428808167141501,3.0284367367691964,2
2,protcrea,1322,41.10747806354009,44.472623854923384,2
2,splanchnic,472,0.036016949152542374,0.18633230671648315,2
3,raza,425,2.9623529411764706,0.3477580195170319,2
3,ant_inf,21,0.047619047619047616,0.21295885499998,2
3,ant_isq,21,0.0,0.0,2
3,ant_clau,22,0.0,0.0,2
3,fum_act,32,0.3125,0.46351240544347894,2
3,diabetes,21,0.047619047619047616,0.21295885499997996,2
3,hip_art,22,0.36363636363636365,0.4810456929208347,2
3,insf_car,4,0.0,0.0,2
3,fibr_aur,202,0.019801980198019802,0.13931927999475532,2
3,trat_est,26,0.11538461538461539,0.31948553318915673,2
3,var171,20,0.0,0.0,2
3,tv_l_esu,372,0.010752688172043012,0.1031361617916714,2
3,tvp_orig,1283,0.23928293063133282,0.4266457661102634,2
3,tv_l_ein,279,0.7956989247311828,0.40318996256457357,2
3,tvp_prox,547,0.8829981718464351,0.32142246399760016,2
3,tv_l_svc,485,0.018556701030927835,0.13495313956250368,2
3,tv_l_vre,501,0.007984031936127744,0.08899599524793592,2
3,tv_l_vrn,493,0.002028397565922921,0.04499203450876032,2
3,tv_l_vca,959,0.04171011470281543,0.19992593887310722,2
3,tv_l_yug,971,0.024716786817713696,0.1552606430075613,2
3,tv_l_ova,973,0.003083247687564234,0.05544133179552384,2
3,tv_l_sup,971,0.009268795056642637,0.09582736819322855,2
3,tv_l_ove,499,0.05410821643286573,0.22623111489651435,2
3,fr_antfa,727,0.11691884456671252,0.32132355710700305,2
3,fr_tvs_a,272,0.03676470588235294,0.18818358664808424,2
3,fr_viaje,11,0.0,0.0,2
3,fr_estro,17,0.0,0.0,2
3,fr_varic,28,0.17857142857142858,0.3829930462415574,2
3,ana_dime,196,1.5510204081632653,0.5368549566516697,2
3,ana_crea,54,0.9444444444444444,0.22906142364542556,2
3,ana_trop,872,0.8061926605504587,0.3952797169410942,2
3,tension_,59,134.59322033898306,24.893072104140927,2
3,ana_hemo,2,13.899999999999999,2.999999999999999,2
3,ana_plaq,3,266.6666666666667,99.75414221419022,2
3,ana_leuc,11,8.334545454545454,3.0949147840709865,2
3,ana_neu,1053,6.488424501424501,3.1777971619825776,2
3,protcrea,1322,40.6103691376702,46.50011592004699,2
3,splanchnic,472,0.01694915254237288,0.1290809000993883,2
4,raza,425,2.8305882352941176,0.6787572605026935,2
4,ant_inf,21,0.047619047619047616,0.21295885499997996,2
4,ant_isq,21,0.0,0.0,2
4,ant_clau,22,0.0,0.0,2
4,fum_act,32,0.28125,0.4496092053105675,2
4,diabetes,21,0.23809523809523808,0.4259177099999599,2
4,hip_art,22,0.3181818181818182,0.46577048936179993,2
4,insf_car,4,0.0,0.0,2
4,fibr_aur,202,0.009900990099009901,0.099009900990099,2
4,trat_est,26,0.15384615384615385,0.36080121229411,2
4,var171,20,0.05,0.21794494717703364,2
4,tv_l_esu,372,0.005376344086021506,0.0731261855308357,2
4,tvp_orig,1283,0.2626656274356976,0.4400822600372673,2
4,tv_l_ein,279,0.7885304659498208,0.408350548204333,2
4,tvp_prox,547,0.8829981718464351,0.32142246399760016,2
4,tv_l_svc,485,0.01443298969072165,0.11926725661014081,2
4,tv_l_vre,501,0.005988023952095809,0.07715029177679716,2
4,tv_l_vrn,493,0.008113590263691683,0.08970930786002425,2
4,tv_l_vca,959,0.05943691345151199,0.2364406199680365,2
4,tv_l_yug,971,0.009268795056642637,0.09582736819322855,2
4,tv_l_ova,973,0.0010277492291880781,0.03204204988308304,2
4,tv_l_sup,971,0.0020597322348094747,0.04533750917210121,2
4,tv_l_ove,499,0.036072144288577156,0.18646968840806596,2
4,fr_antfa,727,0.08665749656121045,0.28133249874650856,2
4,fr_tvs_a,272,0.03676470588235294,0.18818358664808424,2
4,fr_viaje,11,0.0,0.0,2
4,fr_estro,17,0.0,0.0,2
4,fr_varic,28,0.21428571428571427,0.410325903324145,2
4,ana_dime,196,1.586734693877551,0.5602728480896955,2
4,ana_crea,54,0.9074074074074074,0.28986066374997266,2
4,ana_trop,872,0.8428899082568807,0.36390453530505484,2
4,tension_,59,132.76271186440678,21.868124766000964,2
4,ana_hemo,2,12.45,3.05,2
4,ana_plaq,3,290.3333333333333,182.07385558857396,2
4,ana_leuc,11,7.703636363636363,1.9644859273300195,2
4,ana_neu,1053,6.727560303893637,3.0949422167765674,2
4,protcrea,1322,23.425325264750377,24.815984382449894,2
4,splanchnic,472,0.025423728813559324,0.15740826797463311,2
5,raza,425,2.8423529411764705,0.7299277112617523,2
5,ant_inf,21,0.0,0.0,2
5,ant_isq,21,0.0,0.0,2
5,ant_clau,22,0.0,0.0,2
5,fum_act,32,0.375,0.4841229182759271,2
5,diabetes,21,0.047619047619047616,0.21295885499998,2
5,hip_art,22,0.22727272727272727,0.41907020260422206,2
5,insf_car,4,0.25,0.4330127018922193,2
5,fibr_aur,202,0.01485148514851485,0.12095833388980809,2
5,trat_est,26,0.07692307692307693,0.26646935501059654,2
5,var171,20,0.0,0.0,2
5,tv_l_esu,372,0.013440860215053764,0.11515295693873061,2
5,tvp_orig,1283,0.2805923616523772,0.4492886469016536,2
5,tv_l_ein,279,0.8028673835125448,0.3978333168605479,2
5,tvp_prox,547,0.8756855575868373,0.32993993668646293,2
5,tv_l_svc,485,0.026804123711340205,0.16151056517580323,2
5,tv_l_vre,501,0.001996007984031936,0.04463209535927723,2
5,tv_l_vrn,493,0.008113590263691683,0.08970930786002425,2
5,tv_l_vca,959,0.045881126173096975,0.20922726503538044,2
5,tv_l_yug,971,0.02368692070030896,0.152071859619215,2
5,tv_l_ova,973,0.0020554984583761563,0.045290985686599596,2
5,tv_l_sup,971,0.009268795056642637,0.09582736819322855,2
5,tv_l_ove,499,0.05410821643286573,0.22623111489651437,2
5,fr_antfa,727,0.1485557083906465,0.35564998227920624,2
5,fr_tvs_a,272,0.03676470588235294,0.18818358664808424,2
5,fr_viaje,11,0.0,0.0,2
5,fr_estro,17,0.0,0.0,2
5,fr_varic,28,0.14285714285714285,0.3499271061118826,2
5,ana_dime,196,1.5255102040816326,0.5841112601051199,2
5,ana_crea,54,0.8333333333333334,0.3726779962499649,2
5,ana_trop,872,0.8990825688073395,0.30121936072260563,2
5,tension_,59,129.66101694915255,22.588890451882985,2
5,ana_hemo,2,13.75,2.75,2
5,ana_plaq,3,213.0,75.55571895407168,2
5,ana_leuc,11,7.8136363636363635,2.453614301493996,2
5,ana_neu,1053,6.724039886039886,3.102437242800024,2
5,protcrea,1322,48.891104387291975,48.80259165903098,2
5,splanchnic,472,0.023305084745762712,0.1508706657066095,2
1,raza,425,2.896470588235294,0.5929878599736462,3
1,ant_inf,21,0.09523809523809523,0.29354352395090366,3
1,ant_isq,21,0.047619047619047616,0.21295885499998,3
1,ant_clau,22,0.045454545454545456,0.2082988952252655,3
1,fum_act,32,0.15625,0.3630921887069453,3
1,diabetes,21,0.23809523809523808,0.4259177099999599,3
1,hip_art,22,0.36363636363636365,0.4810456929208346,3
1,insf_car,4,0.0,0.0,3
1,fibr_aur,202,0.0,0.0,3
1,trat_est,26,0.19230769230769232,0.3941134909984461,3
1,var171,20,0.0,0.0,3
1,tv_l_esu,372,0.01881720430107527,0.13587905329139904,3
1,tvp_orig,1283,0.21434138737334374,0.4103646634789769,3
1,tv_l_ein,279,0.7455197132616488,0.4355686747229624,3
1,tvp_prox,547,0.8957952468007313,0.3055259769805969,3
1,tv_l_svc,485,0.018556701030927835,0.13495313956250368,3
1,tv_l_vre,501,0.011976047904191617,0.10877785703344284,3
1,tv_l_vrn,493,0.008113590263691683,0.08970930786002425,3
1,tv_l_vca,959,0.05943691345151199,0.2364406199680365,3
1,tv_l_yug,971,0.01132852729145211,0.10583095842360561,3
1,tv_l_ova,973,0.0051387461459403904,0.07150062540976809,3
1,tv_l_sup,971,0.004119464469618949,0.06405071804517491,3
1,tv_l_ove,499,0.04408817635270541,0.20529103501760168,3
1,fr_antfa,727,0.15543328748280605,0.3623172375489378,3
1,fr_tvs_a,272,0.0625,0.24206145913796356,3
1,fr_viaje,11,0.0,0.0,3
1,fr_estro,17,0.058823529411764705,0.23529411764705885,3
1,fr_varic,28,0.17857142857142858,0.3829930462415574,3
1,ana_dime,196,1.5153061224489797,0.5756721077808107,3
1,ana_crea,54,0.9259259259259259,0.2618914004394621,3
1,ana_trop,872,0.8211009174311926,0.383267792574391,3
1,tension_,59,129.67796610169492,16.814481932040568,3
1,ana_hemo,2,12.5,3.5,3
1,ana_plaq,3,181.0,11.343133018115703,3
1,ana_leuc,11,7.972727272727273,3.9690761254045253,3
1,ana_neu,1053,6.274847103513771,2.9966127418121524,3
1,protcrea,1322,65.8874069591528,61.99381242785186,3
1,splanchnic,472,0.01694915254237288,0.1290809000993883,3
2,raza,425,2.868235294117647,0.6732208386390417,3
2,ant_inf,21,0.14285714285714285,0.3499271061118826,3
2,ant_isq,21,0.0,0.0,3
2,ant_clau,22,0.045454545454545456,0.2082988952252655,3
2,fum_act,32,0.375,0.4841229182759271,3
2,diabetes,21,0.19047619047619047,0.39267672624930094,3
2,hip_art,22,0.2727272727272727,0.4453617714151233,3
2,insf_car,4,0.0,0.0,3
2,fibr_aur,202,0.01485148514851485,0.12095833388980808,3
2,trat_est,26,0.11538461538461539,0.31948553318915673,3
2,var171,20,0.0,0.0,3
2,tv_l_esu,372,0.024193548387096774,0.15364966841336813,3
2,tvp_orig,1283,0.22369446609508964,0.4167196322871319,3
2,tv_l_ein,279,0.7240143369175627,0.44700959369501764,3
2,tvp_prox,547,0.8793418647166362,0.3257295652428641,3
2,tv_l_svc,485,0.012371134020618556,0.11053546518499142,3
2,tv_l_vre,501,0.017964071856287425,0.13282079648394512,3
2,tv_l_vrn,493,0.014198782961460446,0.118309667922253,3
2,tv_l_vca,959,0.06360792492179354,0.2440531843859797,3
2,tv_l_yug,971,0.003089598352214212,0.0554982228025025,3
2,tv_l_ova,973,0.0020554984583761563,0.045290985686599596,3
2,tv_l_sup,971,0.0010298661174047373,0.032074997945205845,3
2,tv_l_ove,499,0.026052104208416832,0.15929027614619362,3
2,fr_antfa,727,0.0921595598349381,0.28925105940336426,3
2,fr_tvs_a,272,0.05514705882352941,0.22826708200404983,3
2,fr_viaje,11,0.0,0.0,3
2,fr_estro,17,0.058823529411764705,0.23529411764705885,3
2,fr_varic,28,0.14285714285714285,0.3499271061118826,3
2,ana_dime,196,1.6581632653061225,0.4849623316716033,3
2,ana_crea,54,0.9074074074074074,0.2898606637499727,3
2,ana_trop,872,0.838302752293578,0.36817285042570697,3
2,tension_,59,130.05084745762713,17.73765861606657,3
2,ana_hemo,2,13.2,1.0,3
2,ana_plaq,3,268.6666666666667,19.70335560817553,3
2,ana_leuc,11,7.48,1.4727278338943939,3
2,ana_neu,1053,6.392708452041784,3.1564677653282467,3
2,protcrea,1322,60.397785173978825,64.2934298524105,3
2,splanchnic,472,0.019067796610169493,0.13676335672468232,3
3,raza,425,2.807058823529412,0.739123206364711,3
3,ant_inf,21,0.047619047619047616,0.21295885499998,3
3,ant_isq,21,0.0,0.0,3
3,ant_clau,22,0.045454545454545456,0.20829889522526548,3
3,fum_act,32,0.25,0.4330127018922193,3
3,diabetes,21,0.14285714285714285,0.34992710611188255,3
3,hip_art,22,0.36363636363636365,0.4810456929208346,3
3,insf_car,4,0.0,0.0,3
3,fibr_aur,202,0.009900990099009901,0.099009900990099,3
3,trat_est,26,0.15384615384615385,0.36080121229410994,3
3,var171,20,0.0,0.0,3
3,tv_l_esu,372,0.016129032258064516,0.12597176896623638,3
3,tvp_orig,1283,0.1465315666406859,0.3536383274173094,3
3,tv_l_ein,279,0.8100358422939068,0.3922725793285936,3
3,tvp_prox,547,0.8884826325411335,0.31477173350526677,3
3,tv_l_svc,485,0.018556701030927835,0.13495313956250365,3
3,tv_l_vre,501,0.011976047904191617,0.10877785703344282,3
3,tv_l_vrn,493,0.012170385395537525,0.10964609940559499,3
3,tv_l_vca,959,0.061522419186652764,0.24028610264448197,3
3,tv_l_yug,971,0.008238928939237899,0.0903938548197392,3
3,tv_l_ova,973,0.01644398766700925,0.12717540224672574,3
3,tv_l_sup,971,0.009268795056642637,0.09582736819322855,3
3,tv_l_ove,499,0.036072144288577156,0.18646968840806596,3
3,fr_antfa,727,0.11966987620357634,0.3245751021458625,3
3,fr_tvs_a,272,0.04779411764705882,0.21333035406476486,3
3,fr_viaje,11,0.2727272727272727,0.4453617714151233,3
3,fr_estro,17,0.0,0.0,3
3,fr_varic,28,0.17857142857142858,0.3829930462415574,3
3,ana_dime,196,1.6173469387755102,0.516567460123047,3
3,ana_crea,54,0.8703703703703703,0.3358955027262418,3
3,ana_trop,872,0.8738532110091743,0.33201472349600675,3
3,tension_,59,136.135593220339,20.63357279636769,3
3,ana_hemo,2,11.9,1.0999999999999996,3
3,ana_plaq,3,319.6666666666667,133.4899080663237,3
3,ana_leuc,11,7.547272727272728,1.5758696929810532,3
3,ana_neu,1053,6.515597340930674,3.175475245147966,3
3,protcrea,1322,47.943092284417546,63.4334440168249,3
3,splanchnic,472,0.01059322033898305,0.10237677481652174,3
4,raza,425,2.8305882352941176,0.6958741484275924,3
4,ant_inf,21,0.047619047619047616,0.21295885499998,3
4,ant_isq,21,0.09523809523809523,0.2935435239509036,3
4,ant_clau,22,0.0,0.0,3
4,fum_act,32,0.3125,0.46351240544347894,3
4,diabetes,21,0.09523809523809523,0.2935435239509036,3
4,hip_art,22,0.45454545454545453,0.49792959773196915,3
4,insf_car,4,0.0,0.0,3
4,fibr_aur,202,0.009900990099009901,0.099009900990099,3
4,trat_est,26,0.23076923076923078,0.42132504423474315,3
4,var171,20,0.0,0.0,3
4,tv_l_esu,372,0.013440860215053764,0.11515295693873061,3
4,tvp_orig,1283,0.32034294621979736,0.46660834007443264,3
4,tv_l_ein,279,0.8136200716845878,0.3894129564312851,3
4,tvp_prox,547,0.8464351005484461,0.36053116523816364,3
4,tv_l_svc,485,0.012371134020618556,0.11053546518499142,3
4,tv_l_vre,501,0.005988023952095809,0.07715029177679716,3
4,tv_l_vrn,493,0.014198782961460446,0.118309667922253,3
4,tv_l_vca,959,0.05526590198123045,0.22849853841858914,3
4,tv_l_yug,971,0.005149330587023687,0.0715738428584719,3
4,tv_l_ova,973,0.0020554984583761563,0.045290985686599596,3
4,tv_l_sup,971,0.01132852729145211,0.10583095842360561,3
4,tv_l_ove,499,0.04809619238476954,0.21396950404872367,3
4,fr_antfa,727,0.12242090784044017,0.32777130619375855,3
4,fr_tvs_a,272,0.0625,0.24206145913796356,3
4,fr_viaje,11,0.09090909090909091,0.2874797872880344,3
4,fr_estro,17,0.0,0.0,3
4,fr_varic,28,0.14285714285714285,0.3499271061118826,3
4,ana_dime,196,1.5459183673469388,0.546728371043114,3
4,ana_crea,54,0.8703703703703703,0.33589550272624175,3
4,ana_trop,872,0.8337155963302753,0.3723357366221094,3
4,tension_,59,132.35593220338984,18.70807195662842,3
4,ana_hemo,2,14.05,1.9500000000000002,3
4,ana_plaq,3,227.66666666666666,55.37949881399153,3
4,ana_leuc,11,7.6390909090909105,1.651470168973168,3
4,ana_neu,1053,6.4824520417853755,3.033965713304021,3
4,protcrea,1322,73.55424508320726,58.53329058218634,3
4,splanchnic,472,0.019067796610169493,0.13676335672468232,3
5,raza,425,2.863529411764706,0.6963513411428305,3
5,ant_inf,21,0.047619047619047616,0.21295885499998,3
5,ant_isq,21,0.047619047619047616,0.21295885499997996,3
5,ant_clau,22,0.0,0.0,3
5,fum_act,32,0.1875,0.3903123748998999,3
5,diabetes,21,0.14285714285714285,0.34992710611188255,3
5,hip_art,22,0.2727272727272727,0.4453617714151233,3
5,insf_car,4,0.0,0.0,3
5,fibr_aur,202,0.009900990099009901,0.09900990099009899,3
5,trat_est,26,0.15384615384615385,0.36080121229411,3
5,var171,20,0.0,0.0,3
5,tv_l_esu,372,0.016129032258064516,0.12597176896623638,3
5,tvp_orig,1283,0.1730319563522993,0.3782748979686536,3
5,tv_l_ein,279,0.7562724014336918,0.4293302414964601,3
5,tvp_prox,547,0.8793418647166362,0.3257295652428641,3
5,tv_l_svc,485,0.012371134020618556,0.11053546518499142,3
5,tv_l_vre,501,0.007984031936127744,0.08899599524793593,3
5,tv_l_vrn,493,0.008113590263691683,0.08970930786002425,3
5,tv_l_vca,959,0.06882168925964546,0.25315067518593404,3
5,tv_l_yug,971,0.018537590113285273,0.13488494306658955,3
5,tv_l_ova,973,0.0041109969167523125,0.0639851281244538,3
5,tv_l_sup,971,0.004119464469618949,0.06405071804517491,3
5,tv_l_ove,499,0.07214428857715431,0.2587266708378759,3
5,fr_antfa,727,0.13892709766162312,0.3458704370092086,3
5,fr_tvs_a,272,0.05514705882352941,0.22826708200404983,3
5,fr_viaje,11,0.09090909090909091,0.2874797872880344,3
5,fr_estro,17,0.0,0.0,3
5,fr_varic,28,0.14285714285714285,0.3499271061118826,3
5,ana_dime,196,1.653061224489796,0.5458945255140921,3
5,ana_crea,54,0.8518518518518519,0.3552467795046459,3
5,ana_trop,872,0.8623853211009175,0.3444951074407081,3
5,tension_,59,132.64406779661016,21.154606592021516,3
5,ana_hemo,2,13.35,1.25,3
5,ana_plaq,3,223.66666666666666,76.61302471222211,3
5,ana_leuc,11,8.591818181818182,2.0670612348840396,3
5,ana_neu,1053,6.687334283000951,3.069509960291227,3
5,protcrea,1322,55.51334644478064,64.96293640627682,3
5,splanchnic,472,0.014830508474576272,0.12087416801352471,3
1,raza,425,2.856470588235294,0.6584200445136077,4
1,ant_inf,21,0.047619047619047616,0.21295885499997996,4
1,ant_isq,21,0.047619047619047616,0.21295885499997996,4
1,ant_clau,22,0.13636363636363635,0.3431742925123068,4
1,fum_act,32,0.1875,0.3903123748998999,4
1,diabetes,21,0.047619047619047616,0.21295885499998,4
1,hip_art,22,0.36363636363636365,0.4810456929208346,4
1,insf_car,4,0.0,0.0,4
1,fibr_aur,202,0.0,0.0,4
1,trat_est,26,0.15384615384615385,0.36080121229410994,4
1,var171,20,0.0,0.0,4
1,tv_l_esu,372,0.013440860215053764,0.1151529569387306,4
1,tvp_orig,1283,0.289166017147311,0.4533751555549466,4
1,tv_l_ein,279,0.7777777777777778,0.41573970964154905,4
1,tvp_prox,547,0.8848263254113345,0.31923141961656853,4
1,tv_l_svc,485,0.008247422680412371,0.09044005030705693,4
1,tv_l_vre,501,0.003992015968063872,0.06305616366838848,4
1,tv_l_vrn,493,0.012170385395537525,0.10964609940559499,4
1,tv_l_vca,959,0.056308654848800835,0.23051678949247806,4
1,tv_l_yug,971,0.030895983522142123,0.17303589721309753,4
1,tv_l_ova,973,0.006166495375128468,0.07828454323758291,4
1,tv_l_sup,971,0.0010298661174047373,0.032074997945205845,4
1,tv_l_ove,499,0.06012024048096192,0.23770948059653244,4
1,fr_antfa,727,0.12379642365887207,0.3293491599323507,4
1,fr_tvs_a,272,0.0661764705882353,0.24859031624083777,4
1,fr_viaje,11,0.0,0.0,4
1,fr_estro,17,0.058823529411764705,0.23529411764705885,4
1,fr_varic,28,0.17857142857142858,0.3829930462415574,4
1,ana_dime,196,1.5255102040816326,0.5663724930787908,4
1,ana_crea,54,0.8518518518518519,0.3552467795046459,4
1,ana_trop,872,0.8394495412844036,0.36711579770122665,4
1,tension_,59,134.61016949152543,25.54691062230723,4
1,ana_hemo,2,10.95,1.6499999999999995,4
1,ana_plaq,3,182.0,40.099875311526844,4
1,ana_leuc,11,8.532727272727273,3.2174074569133535,4
1,ana_neu,1053,5.979660018993353,3.0693457268863593,4
1,protcrea,1322,44.95430408472012,45.90832673698236,4
1,splanchnic,472,0.0211864406779661,0.14400547006751213,4
2,raza,425,2.856470588235294,0.6291819261499584,4
2,ant_inf,21,0.0,0.0,4
2,ant_isq,21,0.09523809523809523,0.2935435239509036,4
2,ant_clau,22,0.045454545454545456,0.2082988952252655,4
2,fum_act,32,0.375,0.4841229182759271,4
2,diabetes,21,0.09523809523809523,0.2935435239509036,4
2,hip_art,22,0.36363636363636365,0.4810456929208346,4
2,insf_car,4,0.0,0.0,4
2,fibr_aur,202,0.009900990099009901,0.099009900990099,4
2,trat_est,26,0.2692307692307692,0.4435600997950307,4
2,var171,20,0.05,0.21794494717703364,4
2,tv_l_esu,372,0.021505376344086023,0.14506169422830154,4
2,tvp_orig,1283,0.25175370226032734,0.4340204783861538,4
2,tv_l_ein,279,0.7706093189964157,0.42044095479900156,4
2,tvp_prox,547,0.8665447897623401,0.3400660481407721,4
2,tv_l_svc,485,0.010309278350515464,0.10100988630033722,4
2,tv_l_vre,501,0.011976047904191617,0.10877785703344284,4
2,tv_l_vrn,493,0.008113590263691683,0.08970930786002425,4
2,tv_l_vca,959,0.07507820646506778,0.26351749349721815,4
2,tv_l_yug,971,0.0,0.0,4
2,tv_l_ova,973,0.0,0.0,4
2,tv_l_sup,971,0.004119464469618949,0.06405071804517491,4
2,tv_l_ove,499,0.03807615230460922,0.19138014246594504,4
2,fr_antfa,727,0.11966987620357634,0.32457510214586244,4
2,fr_tvs_a,272,0.05514705882352941,0.22826708200404983,4
2,fr_viaje,11,0.09090909090909091,0.2874797872880344,4
2,fr_estro,17,0.058823529411764705,0.23529411764705885,4
2,fr_varic,28,0.10714285714285714,0.30929478706587094,4
2,ana_dime,196,1.4948979591836735,0.610264654696096,4
2,ana_crea,54,0.8518518518518519,0.35524677950464595,4
2,ana_trop,872,0.8818807339449541,0.3227492913108612,4
2,tension_,59,137.03389830508473,20.23419333006561,4
2,ana_hemo,2,12.05,0.14999999999999947,4
2,ana_plaq,3,274.6666666666667,75.8961278473561,4
2,ana_leuc,11,8.02,2.525286662395524,4
2,ana_neu,1053,5.96125641025641,3.025242730918864,4
2,protcrea,1322,47.792612708018154,47.435986812994855,4
2,splanchnic,472,0.01694915254237288,0.1290809000993883,4
3,raza,425,2.8658823529411763,0.5848183108858723,4
3,ant_inf,21,0.09523809523809523,0.29354352395090366,4
3,ant_isq,21,0.047619047619047616,0.21295885499998,4
3,ant_clau,22,0.0,0.0,4
3,fum_act,32,0.1875,0.3903123748998999,4
3,diabetes,21,0.14285714285714285,0.34992710611188255,4
3,hip_art,22,0.36363636363636365,0.4810456929208346,4
3,insf_car,4,0.0,0.0,4
3,fibr_aur,202,0.01485148514851485,0.12095833388980809,4
3,trat_est,26,0.038461538461538464,0.1923076923076923,4
3,var171,20,0.0,0.0,4
3,tv_l_esu,372,0.02956989247311828,0.16939750273320592,4
3,tvp_orig,1283,0.2704598597038192,0.4441973930504428,4
3,tv_l_ein,279,0.7670250896057348,0.4227263908499791,4
3,tvp_prox,547,0.8903107861060329,0.3125019843925645,4
3,tv_l_svc,485,0.002061855670103093,0.04536082474226804,4
3,tv_l_vre,501,0.015968063872255488,0.12535184405674718,4
3,tv_l_vrn,493,0.004056795131845842,0.06356364955777848,4
3,tv_l_vca,959,0.03858185610010428,0.1925962005855129,4
3,tv_l_yug,971,0.0,0.0,4
3,tv_l_ova,973,0.008221993833504625,0.0903016757923486,4
3,tv_l_sup,971,0.007209062821833162,0.0845995994970663,4
3,tv_l_ove,499,0.09619238476953908,0.2948548963166256,4
3,fr_antfa,727,0.12104539202200826,0.3261800194558928,4
3,fr_tvs_a,272,0.04779411764705882,0.21333035406476486,4
3,fr_viaje,11,0.0,0.0,4
3,fr_estro,17,0.0,0.0,4
3,fr_varic,28,0.14285714285714285,0.3499271061118826,4
3,ana_dime,196,1.6071428571428572,0.5088502445991074,4
3,ana_crea,54,0.8333333333333334,0.37267799624996495,4
3,ana_trop,872,0.8761467889908257,0.32941401477759147,4
3,tension_,59,129.8135593220339,23.42349579221336,4
3,ana_hemo,2,12.2,2.3999999999999995,4
3,ana_plaq,3,280.3333333333333,174.413939300224,4
3,ana_leuc,11,8.27090909090909,3.1799212527283944,4
3,ana_neu,1053,6.314504273504273,3.03435747703114,4
3,protcrea,1322,44.12478668683813,46.248116381268055,4
3,splanchnic,472,0.012711864406779662,0.11202800056273124,4
4,raza,425,2.8776470588235292,0.635494521768073,4
4,ant_inf,21,0.0,0.0,4
4,ant_isq,21,0.0,0.0,4
4,ant_clau,22,0.0,0.0,4
4,fum_act,32,0.21875,0.41339864235384227,4
4,diabetes,21,0.09523809523809523,0.2935435239509036,4
4,hip_art,22,0.3181818181818182,0.46577048936179993,4
4,insf_car,4,0.0,0.0,4
4,fibr_aur,202,0.039603960396039604,0.19502688716427932,4
4,trat_est,26,0.11538461538461539,0.31948553318915673,4
4,var171,20,0.0,0.0,4
4,tv_l_esu,372,0.021505376344086023,0.1450616942283015,4
4,tvp_orig,1283,0.2190179267342167,0.4135807956170861,4
4,tv_l_ein,279,0.7813620071684588,0.41332241763801797,4
4,tvp_prox,547,0.8884826325411335,0.31477173350526677,4
4,tv_l_svc,485,0.010309278350515464,0.10100988630033722,4
4,tv_l_vre,501,0.00998003992015968,0.09940039599192599,4
4,tv_l_vrn,493,0.02231237322515213,0.14769743134602456,4
4,tv_l_vca,959,0.03962460896767466,0.19507562464806705,4
4,tv_l_yug,971,0.01956745623069001,0.1385083784012723,4
4,tv_l_ova,973,0.003083247687564234,0.05544133179552385,4
4,tv_l_sup,971,0.005149330587023687,0.0715738428584719,4
4,tv_l_ove,499,0.03406813627254509,0.18140424020253879,4
4,fr_antfa,727,0.11966987620357634,0.3245751021458625,4
4,fr_tvs_a,272,0.058823529411764705,0.23529411764705885,4
4,fr_viaje,11,0.0,0.0,4
4,fr_estro,17,0.0,0.0,4
4,fr_varic,28,0.21428571428571427,0.410325903324145,4
4,ana_dime,196,1.5051020408163265,0.5392497526287061,4
4,ana_crea,54,0.8333333333333334,0.37267799624996495,4
4,ana_trop,872,0.8887614678899083,0.3144272906159449,4
4,tension_,59,140.27118644067798,26.19602150442229,4
4,ana_hemo,2,12.100000000000001,0.20000000000000018,4
4,ana_plaq,3,280.6666666666667,124.8367823288562,4
4,ana_leuc,11,8.707272727272727,2.9393817869164596,4
4,ana_neu,1053,6.5569553656220325,3.202744036990594,4
4,protcrea,1322,40.95863842662633,43.66013617158457,4
4,splanchnic,472,0.0211864406779661,0.14400547006751213,4
5,raza,425,2.868235294117647,0.6336099681156395,4
5,ant_inf,21,0.0,0.0,4
5,ant_isq,21,0.0,0.0,4
5,ant_clau,22,0.0,0.0,4
5,fum_act,32,0.34375,0.47495887979908324,4
5,diabetes,21,0.047619047619047616,0.21295885499998,4
5,hip_art,22,0.2727272727272727,0.4453617714151233,4
5,insf_car,4,0.0,0.0,4
5,fibr_aur,202,0.01485148514851485,0.12095833388980809,4
5,trat_est,26,0.15384615384615385,0.36080121229411,4
5,var171,20,0.0,0.0,4
5,tv_l_esu,372,0.016129032258064516,0.12597176896623638,4
5,tvp_orig,1283,0.2221356196414653,0.41568183280962323,4
5,tv_l_ein,279,0.7706093189964157,0.42044095479900156,4
5,tvp_prox,547,0.8628884826325411,0.3439650406257181,4
5,tv_l_svc,485,0.006185567010309278,0.07840475604878987,4
5,tv_l_vre,501,0.011976047904191617,0.10877785703344284,4
5,tv_l_vrn,493,0.012170385395537525,0.10964609940559499,4
5,tv_l_vca,959,0.05735140771637122,0.23251284641783082,4
5,tv_l_yug,971,0.021627188465499485,0.14546289280973773,4
5,tv_l_ova,973,0.008221993833504625,0.0903016757923486,4
5,tv_l_sup,971,0.007209062821833162,0.0845995994970663,4
5,tv_l_ove,499,0.036072144288577156,0.18646968840806596,4
5,fr_antfa,727,0.12929848693259974,0.33553001089252815,4
5,fr_tvs_a,272,0.06985294117647059,0.25489901487739636,4
5,fr_viaje,11,0.0,0.0,4
5,fr_estro,17,0.0,0.0,4
5,fr_varic,28,0.07142857142857142,0.25753937681885636,4
5,ana_dime,196,1.586734693877551,0.5417540964692679,4
5,ana_crea,54,0.9444444444444444,0.2290614236454256,4
5,ana_trop,872,0.8658256880733946,0.3408395017389086,4
5,tension_,59,132.01694915254237,18.103742028599846,4
5,ana_hemo,2,14.5,1.8000000000000007,4
5,ana_plaq,3,177.33333333333334,26.83695627716046,4
5,ana_leuc,11,7.611818181818182,2.804168384847549,4
5,ana_neu,1053,6.368504273504273,3.194232508648591,4
5,protcrea,1322,38.69726323751891,43.80438893945269,4
5,splanchnic,472,0.0211864406779661,0.14400547006751213,4
1,raza,425,2.92,0.5966179189200326,5
1,ant_inf,21,0.0,0.0,5
1,ant_isq,21,0.0,0.0,5
1,ant_clau,22,0.045454545454545456,0.2082988952252655,5
1,fum_act,32,0.15625,0.3630921887069453,5
1,diabetes,21,0.0,0.0,5
1,hip_art,22,0.2727272727272727,0.4453617714151233,5
1,insf_car,4,0.0,0.0,5
1,fibr_aur,202,0.009900990099009901,0.099009900990099,5
1,trat_est,26,0.11538461538461539,0.31948553318915673,5
1,var171,20,0.0,0.0,5
1,tv_l_esu,372,0.013440860215053764,0.1151529569387306,5
1,tvp_orig,1283,0.36944660950896335,0.4826549618840512,5
1,tv_l_ein,279,0.7706093189964157,0.42044095479900156,5
1,tvp_prox,547,0.8482632541133455,0.35876553044346854,5
1,tv_l_svc,485,0.012371134020618556,0.11053546518499142,5
1,tv_l_vre,501,0.011976047904191617,0.10877785703344282,5
1,tv_l_vrn,493,0.010141987829614604,0.10019544856169145,5
1,tv_l_vca,959,0.0364963503649635,0.1875216434841625,5
1,tv_l_yug,971,0.012358393408856848,0.1104792447530701,5
1,tv_l_ova,973,0.003083247687564234,0.055441331795523845,5
1,tv_l_sup,971,0.005149330587023687,0.0715738428584719,5
1,tv_l_ove,499,0.050100200400801605,0.21815171399876995,5
1,fr_antfa,727,0.10866574965612105,0.31121938324563636,5
1,fr_tvs_a,272,0.05514705882352941,0.22826708200404983,5
1,fr_viaje,11,0.09090909090909091,0.2874797872880344,5
1,fr_estro,17,0.0,0.0,5
1,fr_varic,28,0.25,0.4330127018922193,5
1,ana_dime,196,1.586734693877551,0.5225795037847607,5
1,ana_crea,54,0.8703703703703703,0.33589550272624175,5
1,ana_trop,872,0.8715596330275229,0.3345794959414765,5
1,tension_,59,125.08474576271186,21.754631796387184,5
1,ana_hemo,2,16.35,0.6500000000000004,5
1,ana_plaq,3,204.0,36.5057073163453,5
1,ana_leuc,11,8.735454545454546,3.5499074600905605,5
1,ana_neu,1053,6.749678062678063,3.2027625349876714,5
1,protcrea,1322,47.83220272314674,45.42094901153736,5
1,splanchnic,472,0.02754237288135593,0.16365754054555592,5
2,raza,425,2.8588235294117648,0.6920207609342467,5
2,ant_inf,21,0.0,0.0,5
2,ant_isq,21,0.047619047619047616,0.21295885499997996,5
2,ant_clau,22,0.045454545454545456,0.2082988952252655,5
2,fum_act,32,0.21875,0.41339864235384227,5
2,diabetes,21,0.0,0.0,5
2,hip_art,22,0.2727272727272727,0.4453617714151233,5
2,insf_car,4,0.0,0.0,5
2,fibr_aur,202,0.009900990099009901,0.099009900990099,5
2,trat_est,26,0.11538461538461539,0.31948553318915673,5
2,var171,20,0.1,0.30000000000000004,5
2,tv_l_esu,372,0.010752688172043012,0.10313616179167139,5
2,tvp_orig,1283,0.2798129384255651,0.4489071818485599,5
2,tv_l_ein,279,0.7849462365591398,0.4108596381622107,5
2,tvp_prox,547,0.7696526508226691,0.42105516016824646,5
2,tv_l_svc,485,0.012371134020618556,0.11053546518499142,5
2,tv_l_vre,501,0.00998003992015968,0.099400395991926,5
2,tv_l_vrn,493,0.004056795131845842,0.06356364955777848,5
2,tv_l_vca,959,0.03128258602711158,0.1740804005009408,5
2,tv_l_yug,971,0.02368692070030896,0.152071859619215,5
2,tv_l_ova,973,0.0010277492291880781,0.03204204988308304,5
2,tv_l_sup,971,0.009268795056642637,0.09582736819322855,5
2,tv_l_ove,499,0.028056112224448898,0.16513317895352836,5
2,fr_antfa,727,0.11691884456671252,0.32132355710700305,5
2,fr_tvs_a,272,0.04044117647058824,0.1969915930091002,5
2,fr_viaje,11,0.0,0.0,5
2,fr_estro,17,0.058823529411764705,0.23529411764705885,5
2,fr_varic,28,0.07142857142857142,0.25753937681885636,5
2,ana_dime,196,1.6326530612244898,0.5512093402477349,5
2,ana_crea,54,0.8518518518518519,0.3552467795046459,5
2,ana_trop,872,0.8944954128440367,0.3072024889954719,5
2,tension_,59,129.83050847457628,16.761692142211274,5
2,ana_hemo,2,12.5,2.5,5
2,ana_plaq,3,197.33333333333334,90.5145783224387,5
2,ana_leuc,11,9.181818181818182,2.6155299069624256,5
2,ana_neu,1053,6.396547008547008,3.02041677610085,5
2,protcrea,1322,91.2108925869894,59.5066427847506,5
2,splanchnic,472,0.0211864406779661,0.14400547006751213,5
3,raza,425,2.816470588235294,0.6750768250526626,5
3,ant_inf,21,0.0,0.0,5
3,ant_isq,21,0.0,0.0,5
3,ant_clau,22,0.0,0.0,5
3,fum_act,32,0.1875,0.3903123748998999,5
3,diabetes,21,0.0,0.0,5
3,hip_art,22,0.4090909090909091,0.4916660830178166,5
3,insf_car,4,0.25,0.4330127018922193,5
3,fibr_aur,202,0.0049504950495049506,0.07018538058791003,5
3,trat_est,26,0.11538461538461539,0.31948553318915673,5
3,var171,20,0.05,0.21794494717703364,5
3,tv_l_esu,372,0.013440860215053764,0.11515295693873061,5
3,tvp_orig,1283,0.3000779423226812,0.4582915784236787,5
3,tv_l_ein,279,0.7526881720430108,0.43144951930621245,5
3,tvp_prox,547,0.8336380255941499,0.37240524684493553,5
3,tv_l_svc,485,0.010309278350515464,0.10100988630033723,5
3,tv_l_vre,501,0.0,0.0,5
3,tv_l_vrn,493,0.010141987829614604,0.10019544856169145,5
3,tv_l_vca,959,0.06986444212721585,0.25491842195782705,5
3,tv_l_yug,971,0.012358393408856848,0.1104792447530701,5
3,tv_l_ova,973,0.0020554984583761563,0.045290985686599596,5
3,tv_l_sup,971,0.0020597322348094747,0.04533750917210122,5
3,tv_l_ove,499,0.05410821643286573,0.22623111489651435,5
3,fr_antfa,727,0.14305364511691884,0.35012754781033933,5
3,fr_tvs_a,272,0.0661764705882353,0.24859031624083774,5
3,fr_viaje,11,0.0,0.0,5
3,fr_estro,17,0.058823529411764705,0.23529411764705885,5
3,fr_varic,28,0.17857142857142858,0.3829930462415574,5
3,ana_dime,196,1.5357142857142858,0.5567306167185677,5
3,ana_crea,54,0.8518518518518519,0.3552467795046459,5
3,ana_trop,872,0.8612385321100917,0.3456974441892017,5
3,tension_,59,129.35593220338984,20.317615894991732,5
3,ana_hemo,2,14.649999999999999,0.4500000000000002,5
3,ana_plaq,3,284.6666666666667,139.37080835749725,5
3,ana_leuc,11,8.756363636363636,2.0897249611427675,5
3,ana_neu,1053,6.67719943019943,3.164686800794382,5
3,protcrea,1322,39.80249621785174,36.93195138498964,5
3,splanchnic,472,0.01694915254237288,0.1290809000993883,5
4,raza,425,2.844705882352941,0.6430636017127318,5
4,ant_inf,21,0.0,0.0,5
4,ant_isq,21,0.047619047619047616,0.21295885499998,5
4,ant_clau,22,0.045454545454545456,0.2082988952252655,5
4,fum_act,32,0.3125,0.46351240544347894,5
4,diabetes,21,0.19047619047619047,0.392676726249301,5
4,hip_art,22,0.2727272727272727,0.4453617714151233,5
4,insf_car,4,0.0,0.0,5
4,fibr_aur,202,0.009900990099009901,0.099009900990099,5
4,trat_est,26,0.19230769230769232,0.3941134909984461,5
4,var171,20,0.0,0.0,5
4,tv_l_esu,372,0.016129032258064516,0.12597176896623638,5
4,tvp_orig,1283,0.33125487139516757,0.47066451063590775,5
4,tv_l_ein,279,0.7491039426523297,0.4335288061421811,5
4,tvp_prox,547,0.8007312614259597,0.3994505080747188,5
4,tv_l_svc,485,0.008247422680412371,0.09044005030705694,5
4,tv_l_vre,501,0.0,0.0,5
4,tv_l_vrn,493,0.016227180527383367,0.12634816634805224,5
4,tv_l_vca,959,0.049009384775808136,0.21588762118219038,5
4,tv_l_yug,971,0.008238928939237899,0.09039385481973922,5
4,tv_l_ova,973,0.0020554984583761563,0.045290985686599596,5
4,tv_l_sup,971,0.005149330587023687,0.0715738428584719,5
4,tv_l_ove,499,0.04008016032064128,0.1961472433385516,5
4,fr_antfa,727,0.09903713892709766,0.29871187462207194,5
4,fr_tvs_a,272,0.04779411764705882,0.21333035406476486,5
4,fr_viaje,11,0.0,0.0,5
4,fr_estro,17,0.0,0.0,5
4,fr_varic,28,0.07142857142857142,0.25753937681885636,5
4,ana_dime,196,1.6275510204081634,0.5430978060982706,5
4,ana_crea,54,0.8703703703703703,0.3358955027262418,5
4,ana_trop,872,0.8142201834862385,0.38892888333199754,5
4,tension_,59,127.61016949152543,24.659729711876363,5
4,ana_hemo,2,14.0,1.0,5
4,ana_plaq,3,271.0,86.09684469634568,5
4,ana_leuc,11,9.287272727272727,2.488976024973435,5
4,ana_neu,1053,5.9747226970560305,3.0229138155756976,5
4,protcrea,1322,46.415682299546134,46.7138544300454,5
4,splanchnic,472,0.029661016949152543,0.1696503493149797,5
5,raza,425,2.863529411764706,0.6251300210776916,5
5,ant_inf,21,0.0,0.0,5
5,ant_isq,21,0.0,0.0,5
5,ant_clau,22,0.0,0.0,5
5,fum_act,32,0.21875,0.41339864235384227,5
5,diabetes,21,0.09523809523809523,0.29354352395090366,5
5,hip_art,22,0.3181818181818182,0.46577048936179993,5
5,insf_car,4,0.0,0.0,5
5,fibr_aur,202,0.009900990099009901,0.099009900990099,5
5,trat_est,26,0.15384615384615385,0.36080121229411,5
5,var171,20,0.05,0.21794494717703364,5
5,tv_l_esu,372,0.024193548387096774,0.15364966841336816,5
5,tvp_orig,1283,0.24395946999220577,0.429468563451771,5
5,tv_l_ein,279,0.7706093189964157,0.42044095479900156,5
5,tvp_prox,547,0.8372943327239488,0.36909691560931,5
5,tv_l_svc,485,0.004123711340206186,0.06408358873369095,5
5,tv_l_vre,501,0.007984031936127744,0.08899599524793593,5
5,tv_l_vrn,493,0.006085192697768763,0.0777699371711189,5
5,tv_l_vca,959,0.05005213764337852,0.21805256513214147,5
5,tv_l_yug,971,0.01132852729145211,0.10583095842360561,5
5,tv_l_ova,973,0.0010277492291880781,0.03204204988308304,5
5,tv_l_sup,971,0.018537590113285273,0.13488494306658955,5
5,tv_l_ove,499,0.052104208416833664,0.2222371703430567,5
5,fr_antfa,727,0.16918844566712518,0.37491827845527537,5
5,fr_tvs_a,272,0.051470588235294115,0.22095557648995173,5
5,fr_viaje,11,0.0,0.0,5
5,fr_estro,17,0.0,0.0,5
5,fr_varic,28,0.17857142857142858,0.3829930462415574,5
5,ana_dime,196,1.530612244897959,0.547798593121206,5
5,ana_crea,54,0.9074074074074074,0.28986066374997266,5
5,ana_trop,872,0.8486238532110092,0.35841513496545974,5
5,tension_,59,129.72881355932202,19.63638140960663,5
5,ana_hemo,2,15.0,1.1000000000000005,5
5,ana_plaq,3,200.0,87.31933730089038,5
5,ana_leuc,11,9.434545454545454,3.3221279151016327,5
5,ana_neu,1053,6.39746628679962,3.0856591954582155,5
5,protcrea,1322,39.62128290468986,36.850845486846794,5
5,splanchnic,472,0.023305084745762712,0.1508706657066095,5
1,raza,425,2.844705882352941,0.6357035717548459,6
1,ant_inf,21,0.09523809523809523,0.2935435239509036,6
1,ant_isq,21,0.0,0.0,6
1,ant_clau,22,0.045454545454545456,0.20829889522526548,6
1,fum_act,32,0.21875,0.41339864235384227,6
1,diabetes,21,0.14285714285714285,0.34992710611188255,6
1,hip_art,22,0.45454545454545453,0.49792959773196915,6
1,insf_car,4,0.0,0.0,6
1,fibr_aur,202,0.009900990099009901,0.09900990099009899,6
1,trat_est,26,0.15384615384615385,0.36080121229411,6
1,var171,20,0.1,0.30000000000000004,6
1,tv_l_esu,372,0.010752688172043012,0.1031361617916714,6
1,tvp_orig,1283,0.23460639127045985,0.4237525603999482,6
1,tv_l_ein,279,0.7204301075268817,0.44878788719804746,6
1,tvp_prox,547,0.8354661791590493,0.37075927856282787,6
1,tv_l_svc,485,0.008247422680412371,0.09044005030705694,6
1,tv_l_vre,501,0.007984031936127744,0.08899599524793593,6
1,tv_l_vrn,493,0.0,0.0,6
1,tv_l_vca,959,0.05213764337851929,0.22230454228704735,6
1,tv_l_yug,971,0.009268795056642637,0.09582736819322855,6
1,tv_l_ova,973,0.0041109969167523125,0.0639851281244538,6
1,tv_l_sup,971,0.010298661174047374,0.10095840109703375,6
1,tv_l_ove,499,0.0841683366733467,0.27764010476692463,6
1,fr_antfa,727,0.1361760660247593,0.34297542924643987,6
1,fr_tvs_a,272,0.04779411764705882,0.21333035406476483,6
1,fr_viaje,11,0.09090909090909091,0.2874797872880344,6
1,fr_estro,17,0.0,0.0,6
1,fr_varic,28,0.17857142857142858,0.3829930462415574,6
1,ana_dime,196,1.5612244897959184,0.5452265309139814,6
1,ana_crea,54,0.9074074074074074,0.2898606637499727,6
1,ana_trop,872,0.8509174311926605,0.3561698421892909,6
1,tension_,59,126.35593220338983,20.912053706718805,6
1,ana_hemo,2,11.75,2.1500000000000004,6
1,ana_plaq,3,312.0,180.81482240126223,6
1,ana_leuc,11,7.130909090909091,1.3028601721210045,6
1,ana_neu,1053,6.435957264957265,3.117671580008837,6
1,protcrea,1322,86.18565809379727,54.25561834218167,6
1,splanchnic,472,0.036016949152542374,0.18633230671648315,6
2,raza,425,2.8823529411764706,0.5863499197353934,6
2,ant_inf,21,0.0,0.0,6
2,ant_isq,21,0.0,0.0,6
2,ant_clau,22,0.045454545454545456,0.2082988952252655,6
2,fum_act,32,0.25,0.4330127018922193,6
2,diabetes,21,0.14285714285714285,0.34992710611188255,6
2,hip_art,22,0.36363636363636365,0.4810456929208346,6
2,insf_car,4,0.0,0.0,6
2,fibr_aur,202,0.009900990099009901,0.09900990099009899,6
2,trat_est,26,0.15384615384615385,0.36080121229411,6
2,var171,20,0.05,0.21794494717703364,6
2,tv_l_esu,372,0.016129032258064516,0.12597176896623638,6
2,tvp_orig,1283,0.3343725643024162,0.47177065672235563,6
2,tv_l_ein,279,0.7849462365591398,0.4108596381622107,6
2,tvp_prox,547,0.7989031078610603,0.4008203239744703,6
2,tv_l_svc,485,0.0,0.0,6
2,tv_l_vre,501,0.00998003992015968,0.09940039599192599,6
2,tv_l_vrn,493,0.004056795131845842,0.06356364955777848,6
2,tv_l_vca,959,0.06047966631908238,0.238373396756045,6
2,tv_l_yug,971,0.026776519052523172,0.1614296660467122,6
2,tv_l_ova,973,0.0020554984583761563,0.045290985686599596,6
2,tv_l_sup,971,0.004119464469618949,0.06405071804517491,6
2,tv_l_ove,499,0.03006012024048096,0.1707527727786837,6
2,fr_antfa,727,0.13342503438789546,0.3400335197983933,6
2,fr_tvs_a,272,0.08455882352941177,0.2782240623898903,6
2,fr_viaje,11,0.0,0.0,6
2,fr_estro,17,0.0,0.0,6
2,fr_varic,28,0.10714285714285714,0.30929478706587094,6
2,ana_dime,196,1.5459183673469388,0.5559820081046778,6
2,ana_crea,54,0.9259259259259259,0.2618914004394621,6
2,ana_trop,872,0.838302752293578,0.36817285042570697,6
2,tension_,59,131.0677966101695,20.683133558267738,6
2,ana_hemo,2,11.05,1.0499999999999998,6
2,ana_plaq,3,253.0,29.743346594938952,6
2,ana_leuc,11,7.444545454545454,1.573845109835166,6
2,ana_neu,1053,6.152461538461539,3.1530238371833548,6
2,protcrea,1322,55.14046596066566,63.665080967392925,6
2,splanchnic,472,0.023305084745762712,0.1508706657066095,6
3,raza,425,2.863529411764706,0.5862838218160069,6
3,ant_inf,21,0.0,0.0,6
3,ant_isq,21,0.0,0.0,6
3,ant_clau,22,0.045454545454545456,0.20829889522526548,6
3,fum_act,32,0.1875,0.3903123748998999,6
3,diabetes,21,0.0,0.0,6
3,hip_art,22,0.22727272727272727,0.41907020260422206,6
3,insf_car,4,0.0,0.0,6
3,fibr_aur,202,0.0,0.0,6
3,trat_est,26,0.07692307692307693,0.2664693550105965,6
3,var171,20,0.0,0.0,6
3,tv_l_esu,372,0.016129032258064516,0.12597176896623638,6
3,tvp_orig,1283,0.3304754481683554,0.4703843389466534,6
3,tv_l_ein,279,0.7455197132616488,0.4355686747229624,6
3,tvp_prox,547,0.7769652650822669,0.41628144558448626,6
3,tv_l_svc,485,0.006185567010309278,0.07840475604878987,6
3,tv_l_vre,501,0.007984031936127744,0.08899599524793592,6
3,tv_l_vrn,493,0.02028397565922921,0.14096998258737567,6
3,tv_l_vca,959,0.040667361835245046,0.19751842323339439,6
3,tv_l_yug,971,0.02368692070030896,0.152071859619215,6
3,tv_l_ova,973,0.0051387461459403904,0.07150062540976809,6
3,tv_l_sup,971,0.013388259526261586,0.11493047477983832,6
3,tv_l_ove,499,0.056112224448897796,0.2301383121435766,6
3,fr_antfa,727,0.14580467675378267,0.35291029028707516,6
3,fr_tvs_a,272,0.05514705882352941,0.22826708200404983,6
3,fr_viaje,11,0.0,0.0,6
3,fr_estro,17,0.0,0.0,6
3,fr_varic,28,0.25,0.4330127018922193,6
3,ana_dime,196,1.586734693877551,0.5510912652854207,6
3,ana_crea,54,0.9074074074074074,0.28986066374997266,6
3,ana_trop,872,0.8474770642201835,0.35952703631427013,6
3,tension_,59,136.4406779661017,22.435044610140764,6
3,ana_hemo,2,14.0,2.0,6
3,ana_plaq,3,219.0,38.79003308411411,6
3,ana_leuc,11,7.333636363636364,1.9382432192218564,6
3,ana_neu,1053,6.839879392212725,3.1379412997757585,6
3,protcrea,1322,86.76498335854765,55.89734109190667,6
3,splanchnic,472,0.014830508474576272,0.1208741680135247,6
4,raza,425,2.8729411764705883,0.5923806874744766,6
4,ant_inf,21,0.0,0.0,6
4,ant_isq,21,0.0,0.0,6
4,ant_clau,22,0.0,0.0,6
4,fum_act,32,0.375,0.4841229182759271,6
4,diabetes,21,0.09523809523809523,0.2935435239509036,6
4,hip_art,22,0.5,0.5,6
4,insf_car,4,0.0,0.0,6
4,fibr_aur,202,0.019801980198019802,0.13931927999475532,6
4,trat_est,26,0.23076923076923078,0.42132504423474315,6
4,var171,20,0.0,0.0,6
4,tv_l_esu,372,0.024193548387096774,0.15364966841336813,6
4,tvp_orig,1283,0.2766952455183164,0.44736448967913744,6
4,tv_l_ein,279,0.7741935483870968,0.4181123031230877,6
4,tvp_prox,547,0.7513711151736746,0.4322181884839452,6
4,tv_l_svc,485,0.008247422680412371,0.09044005030705694,6
4,tv_l_vre,501,0.00998003992015968,0.099400395991926,6
4,tv_l_vrn,493,0.008113590263691683,0.08970930786002425,6
4,tv_l_vca,959,0.04171011470281543,0.19992593887310722,6
4,tv_l_yug,971,0.003089598352214212,0.055498222802502495,6
4,tv_l_ova,973,0.0,0.0,6
4,tv_l_sup,971,0.007209062821833162,0.08459959949706632,6
4,tv_l_ove,499,0.07615230460921844,0.2652416466392924,6
4,fr_antfa,727,0.10041265474552957,0.3005494194179797,6
4,fr_tvs_a,272,0.051470588235294115,0.22095557648995173,6
4,fr_viaje,11,0.09090909090909091,0.2874797872880344,6
4,fr_estro,17,0.0,0.0,6
4,fr_varic,28,0.21428571428571427,0.41032590332414487,6
4,ana_dime,196,1.5204081632653061,0.6182528350898412,6
4,ana_crea,54,0.8703703703703703,0.33589550272624175,6
4,ana_trop,872,0.8394495412844036,0.36711579770122665,6
4,tension_,59,132.05084745762713,22.668146641557875,6
4,ana_hemo,2,13.399999999999999,1.2000000000000002,6
4,ana_plaq,3,245.0,25.664502073226878,6
4,ana_leuc,11,8.280000000000001,1.5528858765068814,6
4,ana_neu,1053,6.51353371320038,3.1141725096409787,6
4,protcrea,1322,61.594248108925875,64.03482496630187,6
4,splanchnic,472,0.012711864406779662,0.11202800056273124,6
5,raza,425,2.844705882352941,0.6821257228180916,6
5,ant_inf,21,0.0,0.0,6
5,ant_isq,21,0.14285714285714285,0.34992710611188255,6
5,ant_clau,22,0.0,0.0,6
5,fum_act,32,0.15625,0.3630921887069453,6
5,diabetes,21,0.14285714285714285,0.3499271061118826,6
5,hip_art,22,0.3181818181818182,0.46577048936179993,6
5,insf_car,4,0.0,0.0,6
5,fibr_aur,202,0.01485148514851485,0.12095833388980809,6
5,trat_est,26,0.19230769230769232,0.3941134909984461,6
5,var171,20,0.0,0.0,6
5,tv_l_esu,372,0.01881720430107527,0.13587905329139902,6
5,tvp_orig,1283,0.24473889321901793,0.4299322823014667,6
5,tv_l_ein,279,0.7455197132616488,0.43556867472296235,6
5,tvp_prox,547,0.8025594149908593,0.39806758270473247,6
5,tv_l_svc,485,0.006185567010309278,0.07840475604878987,6
5,tv_l_vre,501,0.011976047904191617,0.10877785703344282,6
5,tv_l_vrn,493,0.004056795131845842,0.06356364955777848,6
5,tv_l_vca,959,0.027111574556830033,0.16240854990387504,6
5,tv_l_yug,971,0.008238928939237899,0.09039385481973922,6
5,tv_l_ova,973,0.003083247687564234,0.055441331795523845,6
5,tv_l_sup,971,0.008238928939237899,0.0903938548197392,6
5,tv_l_ove,499,0.06813627254509018,0.25197960415230314,6
5,fr_antfa,727,0.11829436038514443,0.3229563510541541,6
5,fr_tvs_a,272,0.04411764705882353,0.2053564712318962,6
5,fr_viaje,11,0.0,0.0,6
5,fr_estro,17,0.058823529411764705,0.23529411764705882,6
5,fr_varic,28,0.21428571428571427,0.410325903324145,6
5,ana_dime,196,1.5,0.5933302759227196,6
5,ana_crea,54,0.8888888888888888,0.3142696805273545,6
5,ana_trop,872,0.8520642201834863,0.35503631485609144,6
5,tension_,59,135.45762711864407,22.135424506845304,6
5,ana_hemo,2,12.45,2.25,6
5,ana_plaq,3,227.66666666666666,47.35914789023224,6
5,ana_leuc,11,8.24,1.9693146015809662,6
5,ana_neu,1053,6.109287749287749,3.0417486295497023,6
5,protcrea,1322,88.76675189107412,51.762468581166054,6
5,splanchnic,472,0.019067796610169493,0.13676335672468232,6
1,raza,425,2.9105882352941177,0.6070223427251044,7
1,ant_inf,21,0.0,0.0,7
1,ant_isq,21,0.0,0.0,7
1,ant_clau,22,0.0,0.0,7
1,fum_act,32,0.15625,0.3630921887069453,7
1,diabetes,21,0.14285714285714285,0.34992710611188255,7
1,hip_art,22,0.2727272727272727,0.4453617714151233,7
1,insf_car,4,0.0,0.0,7
1,fibr_aur,202,0.0049504950495049506,0.07018538058791002,7
1,trat_est,26,0.15384615384615385,0.36080121229411,7
1,var171,20,0.0,0.0,7
1,tv_l_esu,372,0.01881720430107527,0.13587905329139902,7
1,tvp_orig,1283,0.32268121590023385,0.4675019238520634,7
1,tv_l_ein,279,0.7777777777777778,0.41573970964154905,7
1,tvp_prox,547,0.8884826325411335,0.3147717335052668,7
1,tv_l_svc,485,0.006185567010309278,0.07840475604878985,7
1,tv_l_vre,501,0.013972055888223553,0.11737477387616091,7
1,tv_l_vrn,493,0.010141987829614604,0.10019544856169145,7
1,tv_l_vca,959,0.05735140771637122,0.2325128464178308,7
1,tv_l_yug,971,0.008238928939237899,0.09039385481973922,7
1,tv_l_ova,973,0.0051387461459403904,0.07150062540976809,7
1,tv_l_sup,971,0.006179196704428424,0.07836462360348836,7
1,tv_l_ove,499,0.03206412825651302,0.17617042866401528,7
1,fr_antfa,727,0.10178817056396149,0.30236954029333607,7
1,fr_tvs_a,272,0.03676470588235294,0.18818358664808424,7
1,fr_viaje,11,0.0,0.0,7
1,fr_estro,17,0.0,0.0,7
1,fr_varic,28,0.17857142857142858,0.3829930462415574,7
1,ana_dime,196,1.5714285714285714,0.5532833351724882,7
1,ana_crea,54,0.8703703703703703,0.3358955027262418,7
1,ana_trop,872,0.8646788990825688,0.3420662224831993,7
1,tension_,59,131.94915254237287,22.894321499204434,7
1,ana_hemo,2,11.85,1.3499999999999996,7
1,ana_plaq,3,241.0,62.35917467916543,7
1,ana_leuc,11,8.643636363636363,2.71021727652054,7
1,ana_neu,1053,6.497934472934474,2.9787330577167372,7
1,protcrea,1322,35.543487140695916,45.592704107729546,7
1,splanchnic,472,0.023305084745762712,0.1508706657066095,7
2,raza,425,2.863529411764706,0.6175562958522185,7
2,ant_inf,21,0.14285714285714285,0.3499271061118826,7
2,ant_isq,21,0.047619047619047616,0.21295885499998,7
2,ant_clau,22,0.0,0.0,7
2,fum_act,32,0.1875,0.3903123748998999,7
2,diabetes,21,0.14285714285714285,0.3499271061118826,7
2,hip_art,22,0.2727272727272727,0.4453617714151233,7
2,insf_car,4,0.0,0.0,7
2,fibr_aur,202,0.0,0.0,7
2,trat_est,26,0.11538461538461539,0.31948553318915673,7
2,var171,20,0.0,0.0,7
2,tv_l_esu,372,0.021505376344086023,0.14506169422830154,7
2,tvp_orig,1283,0.35151987529228373,0.47744492097704955,7
2,tv_l_ein,279,0.7204301075268817,0.44878788719804746,7
2,tvp_prox,547,0.8665447897623401,0.3400660481407721,7
2,tv_l_svc,485,0.010309278350515464,0.10100988630033722,7
2,tv_l_vre,501,0.003992015968063872,0.06305616366838848,7
2,tv_l_vrn,493,0.006085192697768763,0.07776993717111891,7
2,tv_l_vca,959,0.06569343065693431,0.2477454415836079,7
2,tv_l_yug,971,0.003089598352214212,0.0554982228025025,7
2,tv_l_ova,973,0.007194244604316547,0.08451323830554482,7
2,tv_l_sup,971,0.0,0.0,7
2,tv_l_ove,499,0.06012024048096192,0.2377094805965324,7
2,fr_antfa,727,0.10729023383768914,0.30948188890586653,7
2,fr_tvs_a,272,0.058823529411764705,0.23529411764705885,7
2,fr_viaje,11,0.0,0.0,7
2,fr_estro,17,0.0,0.0,7
2,fr_varic,28,0.2857142857142857,0.45175395145262565,7
2,ana_dime,196,1.5,0.5846680551337464,7
2,ana_crea,54,0.9629629629629629,0.18885257457751053,7
2,ana_trop,872,0.8727064220183486,0.333301549630782,7
2,tension_,59,133.6271186440678,22.390901833515482,7
2,ana_hemo,2,14.76,0.2400000000000002,7
2,ana_plaq,3,215.33333333333334,52.28341568370946,7
2,ana_leuc,11,8.815454545454545,2.585116011591826,7
2,ana_neu,1053,6.478391263057929,3.091700687996686,7
2,protcrea,1322,50.73173676248109,53.16896533999475,7
2,splanchnic,472,0.03177966101694915,0.1754129817390861,7
3,raza,425,2.8494117647058825,0.6065570201433012,7
3,ant_inf,21,0.0,0.0,7
3,ant_isq,21,0.14285714285714285,0.3499271061118826,7
3,ant_clau,22,0.0,0.0,7
3,fum_act,32,0.375,0.4841229182759271,7
3,diabetes,21,0.047619047619047616,0.21295885499998,7
3,hip_art,22,0.2727272727272727,0.4453617714151233,7
3,insf_car,4,0.0,0.0,7
3,fibr_aur,202,0.009900990099009901,0.099009900990099,7
3,trat_est,26,0.15384615384615385,0.36080121229411,7
3,var171,20,0.0,0.0,7
3,tv_l_esu,372,0.024193548387096774,0.15364966841336816,7
3,tvp_orig,1283,0.18004676539360873,0.38422640157192156,7
3,tv_l_ein,279,0.7526881720430108,0.43144951930621245,7
3,tvp_prox,547,0.8829981718464351,0.32142246399760016,7
3,tv_l_svc,485,0.006185567010309278,0.07840475604878987,7
3,tv_l_vre,501,0.013972055888223553,0.11737477387616092,7
3,tv_l_vrn,493,0.004056795131845842,0.06356364955777848,7
3,tv_l_vca,959,0.054223149113660066,0.22645749979600552,7
3,tv_l_yug,971,0.004119464469618949,0.06405071804517491,7
3,tv_l_ova,973,0.009249743062692703,0.09572975146717383,7
3,tv_l_sup,971,0.007209062821833162,0.0845995994970663,7
3,tv_l_ove,499,0.036072144288577156,0.18646968840806596,7
3,fr_antfa,727,0.09903713892709766,0.29871187462207194,7
3,fr_tvs_a,272,0.0661764705882353,0.24859031624083774,7
3,fr_viaje,11,0.09090909090909091,0.2874797872880344,7
3,fr_estro,17,0.0,0.0,7
3,fr_varic,28,0.14285714285714285,0.3499271061118826,7
3,ana_dime,196,1.5,0.5846680551337464,7
3,ana_crea,54,0.8518518518518519,0.3552467795046459,7
3,ana_trop,872,0.8084862385321101,0.393492364139776,7
3,tension_,59,129.1864406779661,20.479402282286003,7
3,ana_hemo,2,14.35,0.6500000000000004,7
3,ana_plaq,3,258.0,126.06612021739491,7
3,ana_leuc,11,8.627272727272727,2.285297239107942,7
3,ana_neu,1053,6.521068376068376,2.98260082733673,7
3,protcrea,1322,52.132497730711044,50.83506631234689,7
3,splanchnic,472,0.019067796610169493,0.13676335672468232,7
4,raza,425,2.816470588235294,0.6888775284003303,7
4,ant_inf,21,0.0,0.0,7
4,ant_isq,21,0.0,0.0,7
4,ant_clau,22,0.0,0.0,7
4,fum_act,32,0.21875,0.41339864235384227,7
4,diabetes,21,0.0,0.0,7
4,hip_art,22,0.18181818181818182,0.38569460791993493,7
4,insf_car,4,0.0,0.0,7
4,fibr_aur,202,0.009900990099009901,0.099009900990099,7
4,trat_est,26,0.07692307692307693,0.26646935501059654,7
4,var171,20,0.0,0.0,7
4,tv_l_esu,372,0.024193548387096774,0.15364966841336813,7
4,tvp_orig,1283,0.32268121590023385,0.4675019238520634,7
4,tv_l_ein,279,0.7741935483870968,0.4181123031230877,7
4,tvp_prox,547,0.8720292504570384,0.3340572358210105,7
4,tv_l_svc,485,0.006185567010309278,0.07840475604878988,7
4,tv_l_vre,501,0.005988023952095809,0.07715029177679716,7
4,tv_l_vrn,493,0.018255578093306288,0.1338742393509128,7
4,tv_l_vca,959,0.06569343065693431,0.24774544158360792,7
4,tv_l_yug,971,0.006179196704428424,0.07836462360348836,7
4,tv_l_ova,973,0.0020554984583761563,0.045290985686599596,7
4,tv_l_sup,971,0.016477857878475798,0.12730411650144138,7
4,tv_l_ove,499,0.028056112224448898,0.16513317895352836,7
4,fr_antfa,727,0.11004126547455295,0.31294118515675096,7
4,fr_tvs_a,272,0.07720588235294118,0.2669178414475979,7
4,fr_viaje,11,0.0,0.0,7
4,fr_estro,17,0.058823529411764705,0.23529411764705885,7
4,fr_varic,28,0.17857142857142858,0.3829930462415574,7
4,ana_dime,196,1.5612244897959184,0.5357871670540847,7
4,ana_crea,54,0.9259259259259259,0.261891400439462,7
4,ana_trop,872,0.8784403669724771,0.326776511771787,7
4,tension_,59,130.77966101694915,19.398643842700395,7
4,ana_hemo,2,13.05,2.05,7
4,ana_plaq,3,160.66666666666666,59.47735329985318,7
4,ana_leuc,11,8.969090909090909,1.9943714186108619,7
4,ana_neu,1053,6.6155764482431145,3.225686136525552,7
4,protcrea,1322,58.64026928895614,50.64812121964923,7
4,splanchnic,472,0.0211864406779661,0.14400547006751213,7
5,raza,425,2.9035294117647057,0.5636951739503789,7
5,ant_inf,21,0.0,0.0,7
5,ant_isq,21,0.047619047619047616,0.21295885499997996,7
5,ant_clau,22,0.0,0.0,7
5,fum_act,32,0.3125,0.46351240544347894,7
5,diabetes,21,0.0,0.0,7
5,hip_art,22,0.36363636363636365,0.4810456929208346,7
5,insf_car,4,0.0,0.0,7
5,fibr_aur,202,0.019801980198019802,0.13931927999475532,7
5,trat_est,26,0.15384615384615385,0.36080121229410994,7
5,var171,20,0.0,0.0,7
5,tv_l_esu,372,0.005376344086021506,0.07312618553083572,7
5,tvp_orig,1283,0.2151208106001559,0.41090612972659313,7
5,tv_l_ein,279,0.7849462365591398,0.4108596381622107,7
5,tvp_prox,547,0.8683729433272395,0.33808486305131497,7
5,tv_l_svc,485,0.004123711340206186,0.06408358873369097,7
5,tv_l_vre,501,0.005988023952095809,0.07715029177679716,7
5,tv_l_vrn,493,0.002028397565922921,0.04499203450876031,7
5,tv_l_vca,959,0.06465067778936393,0.24590845380088047,7
5,tv_l_yug,971,0.008238928939237899,0.0903938548197392,7
5,tv_l_ova,973,0.006166495375128468,0.07828454323758291,7
5,tv_l_sup,971,0.005149330587023687,0.0715738428584719,7
5,tv_l_ove,499,0.026052104208416832,0.15929027614619362,7
5,fr_antfa,727,0.09628610729023383,0.29498320771380765,7
5,fr_tvs_a,272,0.025735294117647058,0.15834452549527964,7
5,fr_viaje,11,0.09090909090909091,0.2874797872880344,7
5,fr_estro,17,0.0,0.0,7
5,fr_varic,28,0.17857142857142858,0.3829930462415574,7
5,ana_dime,196,1.4795918367346939,0.5929791928884749,7
5,ana_crea,54,0.8703703703703703,0.33589550272624175,7
5,ana_trop,872,0.8692660550458715,0.337109152339208,7
5,tension_,59,131.10169491525423,16.76931713360035,7
5,ana_hemo,2,13.65,0.34999999999999964,7
5,ana_plaq,3,377.3333333333333,137.56533801151446,7
5,ana_leuc,11,9.489090909090908,1.4054080904941617,7
5,ana_neu,1053,6.466052231718898,3.051248795787729,7
5,protcrea,1322,46.12598184568835,49.08113853424885,7
5,splanchnic,472,0.019067796610169493,0.13676335672468232,7
1,raza,425,2.823529411764706,0.6717224669938916,8
1,ant_inf,21,0.0,0.0,8
1,ant_isq,21,0.09523809523809523,0.2935435239509036,8
1,ant_clau,22,0.0,0.0,8
1,fum_act,32,0.1875,0.3903123748998999,8
1,diabetes,21,0.14285714285714285,0.3499271061118826,8
1,hip_art,22,0.2727272727272727,0.4453617714151233,8
1,insf_car,4,0.25,0.4330127018922193,8
1,fibr_aur,202,0.01485148514851485,0.12095833388980808,8
1,trat_est,26,0.23076923076923078,0.42132504423474315,8
1,var171,20,0.0,0.0,8
1,tv_l_esu,372,0.005376344086021506,0.0731261855308357,8
1,tvp_orig,1283,0.3951675759937646,0.4888866564726193,8
1,tv_l_ein,279,0.7419354838709677,0.43756967633066246,8
1,tvp_prox,547,0.8683729433272395,0.33808486305131497,8
1,tv_l_svc,485,0.008247422680412371,0.09044005030705694,8
1,tv_l_vre,501,0.007984031936127744,0.08899599524793592,8
1,tv_l_vrn,493,0.008113590263691683,0.08970930786002425,8
1,tv_l_vca,959,0.043795620437956206,0.20464008421717061,8
1,tv_l_yug,971,0.010298661174047374,0.10095840109703375,8
1,tv_l_ova,973,0.015416238437821172,0.12320137186837418,8
1,tv_l_sup,971,0.0,0.0,8
1,tv_l_ove,499,0.05410821643286573,0.2262311148965144,8
1,fr_antfa,727,0.10041265474552957,0.3005494194179797,8
1,fr_tvs_a,272,0.04044117647058824,0.1969915930091002,8
1,fr_viaje,11,0.0,0.0,8
1,fr_estro,17,0.0,0.0,8
1,fr_varic,28,0.07142857142857142,0.25753937681885636,8
1,ana_dime,196,1.5051020408163265,0.6018462155224474,8
1,ana_crea,54,0.9074074074074074,0.2898606637499727,8
1,ana_trop,872,0.8715596330275229,0.3345794959414765,8
1,tension_,59,135.05084745762713,17.441839166759443,8
1,ana_hemo,2,15.85,0.34999999999999964,8
1,ana_plaq,3,190.66666666666666,48.72599123899094,8
1,ana_leuc,11,9.926363636363636,2.0092435153888717,8
1,ana_neu,1053,6.902585944919278,3.0227505385181965,8
1,protcrea,1322,77.38113313161875,61.11264833259005,8
1,splanchnic,472,0.023305084745762712,0.15087066570660954,8
2,raza,425,2.868235294117647,0.6446543560345538,8
2,ant_inf,21,0.047619047619047616,0.21295885499998,8
2,ant_isq,21,0.047619047619047616,0.21295885499998,8
2,ant_clau,22,0.0,0.0,8
2,fum_act,32,0.1875,0.3903123748998999,8
2,diabetes,21,0.0,0.0,8
2,hip_art,22,0.22727272727272727,0.41907020260422206,8
2,insf_car,4,0.0,0.0,8
2,fibr_aur,202,0.019801980198019802,0.1393192799947553,8
2,trat_est,26,0.15384615384615385,0.36080121229411,8
2,var171,20,0.0,0.0,8
2,tv_l_esu,372,0.026881720430107527,0.1617377307149605,8
2,tvp_orig,1283,0.20031176929072486,0.4002336372349834,8
2,tv_l_ein,279,0.7849462365591398,0.4108596381622107,8
2,tvp_prox,547,0.8793418647166362,0.3257295652428641,8
2,tv_l_svc,485,0.008247422680412371,0.09044005030705694,8
2,tv_l_vre,501,0.003992015968063872,0.0630561636683885,8
2,tv_l_vrn,493,0.004056795131845842,0.06356364955777849,8
2,tv_l_vca,959,0.08342022940563086,0.2765163552695261,8
2,tv_l_yug,971,0.017507723995880537,0.13115335907388956,8
2,tv_l_ova,973,0.0041109969167523125,0.06398512812445378,8
2,tv_l_sup,971,0.005149330587023687,0.0715738428584719,8
2,tv_l_ove,499,0.06412825651302605,0.24498127118134067,8
2,fr_antfa,727,0.12242090784044017,0.32777130619375855,8
2,fr_tvs_a,272,0.0661764705882353,0.24859031624083777,8
2,fr_viaje,11,0.0,0.0,8
2,fr_estro,17,0.058823529411764705,0.23529411764705885,8
2,fr_varic,28,0.0,0.0,8
2,ana_dime,196,1.5918367346938775,0.5502640311311331,8
2,ana_crea,54,0.9444444444444444,0.2290614236454256,8
2,ana_trop,872,0.8727064220183486,0.333301549630782,8
2,tension_,59,134.8135593220339,21.613299872972274,8
2,ana_hemo,2,11.75,4.15,8
2,ana_plaq,3,194.0,7.118052168020874,8
2,ana_leuc,11,9.201818181818183,1.9478744507881038,8
2,ana_neu,1053,6.362224121557455,3.1879575150652015,8
2,protcrea,1322,41.222426626323745,39.51840553164471,8
2,splanchnic,472,0.025423728813559324,0.15740826797463311,8
3,raza,425,2.88,0.6414689025519292,8
3,ant_inf,21,0.047619047619047616,0.21295885499997996,8
3,ant_isq,21,0.047619047619047616,0.21295885499997996,8
3,ant_clau,22,0.0,0.0,8
3,fum_act,32,0.25,0.4330127018922193,8
3,diabetes,21,0.047619047619047616,0.21295885499998,8
3,hip_art,22,0.22727272727272727,0.4190702026042222,8
3,insf_car,4,0.0,0.0,8
3,fibr_aur,202,0.0,0.0,8
3,trat_est,26,0.11538461538461539,0.31948553318915673,8
3,var171,20,0.0,0.0,8
3,tv_l_esu,372,0.016129032258064516,0.1259717689662364,8
3,tvp_orig,1283,0.38347622759158223,0.4862326711191991,8
3,tv_l_ein,279,0.7670250896057348,0.4227263908499791,8
3,tvp_prox,547,0.8574040219378428,0.34966035677876606,8
3,tv_l_svc,485,0.01443298969072165,0.11926725661014081,8
3,tv_l_vre,501,0.017964071856287425,0.13282079648394512,8
3,tv_l_vrn,493,0.006085192697768763,0.07776993717111891,8
3,tv_l_vca,959,0.053180396246089674,0.22439305181132185,8
3,tv_l_yug,971,0.006179196704428424,0.07836462360348836,8
3,tv_l_ova,973,0.0020554984583761563,0.0452909856865996,8
3,tv_l_sup,971,0.0020597322348094747,0.04533750917210121,8
3,tv_l_ove,499,0.04809619238476954,0.21396950404872367,8
3,fr_antfa,727,0.12104539202200826,0.3261800194558928,8
3,fr_tvs_a,272,0.03308823529411765,0.17886700081132556,8
3,fr_viaje,11,0.09090909090909091,0.2874797872880344,8
3,fr_estro,17,0.0,0.0,8
3,fr_varic,28,0.10714285714285714,0.30929478706587094,8
3,ana_dime,196,1.5918367346938775,0.4914936562772365,8
3,ana_crea,54,0.8888888888888888,0.3142696805273545,8
3,ana_trop,872,0.8944954128440367,0.3072024889954719,8
3,tension_,59,135.28813559322035,19.391637938753814,8
3,ana_hemo,2,14.25,1.0500000000000007,8
3,ana_plaq,3,311.6666666666667,177.21988852521292,8
3,ana_leuc,11,9.354545454545455,2.392804986303593,8
3,ana_neu,1053,6.4134700854700855,3.13892058441114,8
3,protcrea,1322,56.128417549167935,59.20753962492318,8
3,splanchnic,472,0.03177966101694915,0.17541298173908612,8
4,raza,425,2.856470588235294,0.6101970865458682,8
4,ant_inf,21,0.047619047619047616,0.21295885499998,8
4,ant_isq,21,0.047619047619047616,0.21295885499998,8
4,ant_clau,22,0.045454545454545456,0.2082988952252655,8
4,fum_act,32,0.15625,0.3630921887069453,8
4,diabetes,21,0.23809523809523808,0.4259177099999599,8
4,hip_art,22,0.3181818181818182,0.46577048936179993,8
4,insf_car,4,0.0,0.0,8
4,fibr_aur,202,0.0049504950495049506,0.07018538058791002,8
4,trat_est,26,0.2692307692307692,0.44356009979503064,8
4,var171,20,0.0,0.0,8
4,tv_l_esu,372,0.010752688172043012,0.1031361617916714,8
4,tvp_orig,1283,0.2922837100545596,0.4548119863100595,8
4,tv_l_ein,279,0.7741935483870968,0.4181123031230877,8
4,tvp_prox,547,0.8756855575868373,0.32993993668646293,8
4,tv_l_svc,485,0.004123711340206186,0.06408358873369095,8
4,tv_l_vre,501,0.013972055888223553,0.11737477387616092,8
4,tv_l_vrn,493,0.010141987829614604,0.10019544856169145,8
4,tv_l_vca,959,0.053180396246089674,0.22439305181132185,8
4,tv_l_yug,971,0.021627188465499485,0.14546289280973773,8
4,tv_l_ova,973,0.006166495375128468,0.07828454323758291,8
4,tv_l_sup,971,0.02059732234809475,0.14203194239389752,8
4,tv_l_ove,499,0.06212424849699399,0.24138108096053787,8
4,fr_antfa,727,0.12517193947730398,0.33091377282427237,8
4,fr_tvs_a,272,0.051470588235294115,0.22095557648995173,8
4,fr_viaje,11,0.09090909090909091,0.2874797872880344,8
4,fr_estro,17,0.0,0.0,8
4,fr_varic,28,0.25,0.4330127018922193,8
4,ana_dime,196,1.489795918367347,0.5932425246428014,8
4,ana_crea,54,0.8518518518518519,0.3552467795046459,8
4,ana_trop,872,0.9013761467889908,0.2981563160304046,8
4,tension_,59,131.61016949152543,22.2619360093979,8
4,ana_hemo,2,16.2,2.0,8
4,ana_plaq,3,206.0,18.01850900231944,8
4,ana_leuc,11,9.649999999999999,2.422125287653574,8
4,ana_neu,1053,6.116879392212726,3.0741228830633314,8
4,protcrea,1322,44.71045234493192,43.07969320359077,8
4,splanchnic,472,0.025423728813559324,0.15740826797463311,8
5,raza,425,2.8847058823529412,0.6423313937347003,8
5,ant_inf,21,0.0,0.0,8
5,ant_isq,21,0.0,0.0,8
5,ant_clau,22,0.0,0.0,8
5,fum_act,32,0.25,0.4330127018922193,8
5,diabetes,21,0.14285714285714285,0.34992710611188255,8
5,hip_art,22,0.3181818181818182,0.46577048936179993,8
5,insf_car,4,0.0,0.0,8
5,fibr_aur,202,0.0,0.0,8
5,trat_est,26,0.0,0.0,8
5,var171,20,0.0,0.0,8
5,tv_l_esu,372,0.02956989247311828,0.16939750273320592,8
5,tvp_orig,1283,0.3133281371784879,0.4638465431915458,8
5,tv_l_ein,279,0.7741935483870968,0.4181123031230877,8
5,tvp_prox,547,0.8756855575868373,0.32993993668646293,8
5,tv_l_svc,485,0.018556701030927835,0.13495313956250368,8
5,tv_l_vre,501,0.015968063872255488,0.12535184405674718,8
5,tv_l_vrn,493,0.010141987829614604,0.10019544856169144,8
5,tv_l_vca,959,0.0740354535974974,0.26182857981532537,8
5,tv_l_yug,971,0.012358393408856848,0.1104792447530701,8
5,tv_l_ova,973,0.011305241521068859,0.1057233797947226,8
5,tv_l_sup,971,0.003089598352214212,0.0554982228025025,8
5,tv_l_ove,499,0.050100200400801605,0.21815171399876995,8
5,fr_antfa,727,0.13342503438789546,0.34003351979839336,8
5,fr_tvs_a,272,0.04411764705882353,0.2053564712318962,8
5,fr_viaje,11,0.0,0.0,8
5,fr_estro,17,0.11764705882352941,0.32218973970892123,8
5,fr_varic,28,0.14285714285714285,0.3499271061118826,8
5,ana_dime,196,1.5357142857142858,0.5567306167185677,8
5,ana_crea,54,0.7962962962962963,0.4027511698320656,8
5,ana_trop,872,0.8692660550458715,0.337109152339208,8
5,tension_,59,130.91525423728814,22.036401422356324,8
5,ana_hemo,2,11.75,0.34999999999999964,8
5,ana_plaq,3,312.0,97.10132165252266,8
5,ana_leuc,11,9.681818181818182,2.5105443748022536,8
5,ana_neu,1053,6.760153846153846,3.138634022944947,8
5,protcrea,1322,74.91121482602118,59.195267757901426,8
5,splanchnic,472,0.01694915254237288,0.1290809000993883,8
1,raza,425,2.8823529411764706,0.617619046983844,9
1,ant_inf,21,0.23809523809523808,0.4259177099999599,9
1,ant_isq,21,0.047619047619047616,0.21295885499997996,9
1,ant_clau,22,0.045454545454545456,0.2082988952252655,9
1,fum_act,32,0.1875,0.3903123748998999,9
1,diabetes,21,0.09523809523809523,0.2935435239509036,9
1,hip_art,22,0.3181818181818182,0.46577048936179993,9
1,insf_car,4,0.0,0.0,9
1,fibr_aur,202,0.019801980198019802,0.1393192799947553,9
1,trat_est,26,0.23076923076923078,0.42132504423474315,9
1,var171,20,0.1,0.30000000000000004,9
1,tv_l_esu,372,0.010752688172043012,0.1031361617916714,9
1,tvp_orig,1283,0.2860483242400624,0.45191224860531776,9
1,tv_l_ein,279,0.7634408602150538,0.4249693085025699,9
1,tvp_prox,547,0.8903107861060329,0.3125019843925645,9
1,tv_l_svc,485,0.010309278350515464,0.10100988630033723,9
1,tv_l_vre,501,0.007984031936127744,0.08899599524793592,9
1,tv_l_vrn,493,0.004056795131845842,0.06356364955777848,9
1,tv_l_vca,959,0.07507820646506778,0.26351749349721815,9
1,tv_l_yug,971,0.008238928939237899,0.09039385481973922,9
1,tv_l_ova,973,0.006166495375128468,0.07828454323758291,9
1,tv_l_sup,971,0.005149330587023687,0.0715738428584719,9
1,tv_l_ove,499,0.050100200400801605,0.21815171399876995,9
1,fr_antfa,727,0.14167812929848694,0.3487197111964968,9
1,fr_tvs_a,272,0.04779411764705882,0.21333035406476486,9
1,fr_viaje,11,0.2727272727272727,0.4453617714151233,9
1,fr_estro,17,0.0,0.0,9
1,fr_varic,28,0.14285714285714285,0.3499271061118826,9
1,ana_dime,196,1.4591836734693877,0.5832415984670709,9
1,ana_crea,54,0.7962962962962963,0.40275116983206566,9
1,ana_trop,872,0.8635321100917431,0.3432847286615657,9
1,tension_,59,129.25423728813558,22.65256615114124,9
1,ana_hemo,2,13.0,0.6999999999999993,9
1,ana_plaq,3,206.33333333333334,107.00259602250571,9
1,ana_leuc,11,6.803636363636364,2.120687164479188,9
1,ana_neu,1053,6.635568850902184,3.088003683689954,9
1,protcrea,1322,24.554319213313164,32.48983230031576,9
1,splanchnic,472,0.03177966101694915,0.1754129817390861,9
2,raza,425,2.9129411764705884,0.5219394229656107,9
2,ant_inf,21,0.09523809523809523,0.2935435239509036,9
2,ant_isq,21,0.047619047619047616,0.21295885499998,9
2,ant_clau,22,0.045454545454545456,0.2082988952252655,9
2,fum_act,32,0.28125,0.4496092053105675,9
2,diabetes,21,0.14285714285714285,0.34992710611188255,9
2,hip_art,22,0.2727272727272727,0.4453617714151233,9
2,insf_car,4,0.0,0.0,9
2,fibr_aur,202,0.019801980198019802,0.1393192799947553,9
2,trat_est,26,0.15384615384615385,0.36080121229411,9
2,var171,20,0.0,0.0,9
2,tv_l_esu,372,0.021505376344086023,0.14506169422830154,9
2,tvp_orig,1283,0.2073265783320343,0.40539149997152774,9
2,tv_l_ein,279,0.7849462365591398,0.41085963816221066,9
2,tvp_prox,547,0.9122486288848263,0.28293297436421355,9
2,tv_l_svc,485,0.008247422680412371,0.09044005030705694,9
2,tv_l_vre,501,0.011976047904191617,0.10877785703344282,9
2,tv_l_vrn,493,0.006085192697768763,0.0777699371711189,9
2,tv_l_vca,959,0.08654848800834203,0.281172273227308,9
2,tv_l_yug,971,0.021627188465499485,0.14546289280973773,9
2,tv_l_ova,973,0.0,0.0,9
2,tv_l_sup,971,0.0010298661174047373,0.032074997945205845,9
2,tv_l_ove,499,0.056112224448897796,0.23013831214357663,9
2,fr_antfa,727,0.12104539202200826,0.3261800194558928,9
2,fr_tvs_a,272,0.051470588235294115,0.22095557648995173,9
2,fr_viaje,11,0.09090909090909091,0.28747978728803447,9
2,fr_estro,17,0.058823529411764705,0.23529411764705885,9
2,fr_varic,28,0.17857142857142858,0.3829930462415574,9
2,ana_dime,196,1.5357142857142858,0.57476703355111,9
2,ana_crea,54,0.9074074074074074,0.2898606637499726,9
2,ana_trop,872,0.8876146788990825,0.31583992892280277,9
2,tension_,59,135.74576271186442,22.108816571245562,9
2,ana_hemo,2,14.05,1.8500000000000005,9
2,ana_plaq,3,211.0,24.752104287649296,9
2,ana_leuc,11,6.112727272727272,1.629211135985706,9
2,ana_neu,1053,6.01095061728395,3.1027897182290736,9
2,protcrea,1322,26.579727685325267,33.836603881826676,9
2,splanchnic,472,0.02754237288135593,0.16365754054555592,9
3,raza,425,2.8941176470588235,0.562003337058644,9
3,ant_inf,21,0.14285714285714285,0.3499271061118826,9
3,ant_isq,21,0.047619047619047616,0.21295885499997996,9
3,ant_clau,22,0.0,0.0,9
3,fum_act,32,0.21875,0.41339864235384227,9
3,diabetes,21,0.047619047619047616,0.21295885499998,9
3,hip_art,22,0.22727272727272727,0.4190702026042222,9
3,insf_car,4,0.0,0.0,9
3,fibr_aur,202,0.01485148514851485,0.12095833388980809,9
3,trat_est,26,0.2692307692307692,0.44356009979503064,9
3,var171,20,0.05,0.21794494717703367,9
3,tv_l_esu,372,0.016129032258064516,0.12597176896623638,9
3,tvp_orig,1283,0.24240062353858144,0.4285353675563878,9
3,tv_l_ein,279,0.7741935483870968,0.4181123031230877,9
3,tvp_prox,547,0.8665447897623401,0.3400660481407721,9
3,tv_l_svc,485,0.004123711340206186,0.06408358873369095,9
3,tv_l_vre,501,0.013972055888223553,0.11737477387616092,9
3,tv_l_vrn,493,0.006085192697768763,0.07776993717111894,9
3,tv_l_vca,959,0.05213764337851929,0.22230454228704735,9
3,tv_l_yug,971,0.008238928939237899,0.0903938548197392,9
3,tv_l_ova,973,0.0041109969167523125,0.0639851281244538,9
3,tv_l_sup,971,0.008238928939237899,0.09039385481973922,9
3,tv_l_ove,499,0.0841683366733467,0.27764010476692463,9
3,fr_antfa,727,0.1609353507565337,0.36747130994596733,9
3,fr_tvs_a,272,0.04411764705882353,0.20535647123189618,9
3,fr_viaje,11,0.09090909090909091,0.2874797872880344,9
3,fr_estro,17,0.0,0.0,9
3,fr_varic,28,0.17857142857142858,0.3829930462415574,9
3,ana_dime,196,1.4846938775510203,0.5844676700292792,9
3,ana_crea,54,0.9074074074074074,0.28986066374997266,9
3,ana_trop,872,0.8807339449541285,0.3241013161955173,9
3,tension_,59,131.47457627118644,20.097521503488082,9
3,ana_hemo,2,14.3,0.2999999999999998,9
3,ana_plaq,3,182.33333333333334,43.622114676948996,9
3,ana_leuc,11,6.955454545454547,1.4147043612543455,9
3,ana_neu,1053,5.925689458689458,3.005249932397583,9
3,protcrea,1322,91.11989409984871,51.665773149323705,9
3,splanchnic,472,0.019067796610169493,0.13676335672468232,9
4,raza,425,2.908235294117647,0.5388903118131648,9
4,ant_inf,21,0.0,0.0,9
4,ant_isq,21,0.047619047619047616,0.21295885499998,9
4,ant_clau,22,0.045454545454545456,0.2082988952252655,9
4,fum_act,32,0.21875,0.41339864235384227,9
4,diabetes,21,0.0,0.0,9
4,hip_art,22,0.3181818181818182,0.46577048936179993,9
4,insf_car,4,0.0,0.0,9
4,fibr_aur,202,0.01485148514851485,0.12095833388980808,9
4,trat_est,26,0.07692307692307693,0.2664693550105965,9
4,var171,20,0.05,0.21794494717703364,9
4,tv_l_esu,372,0.008064516129032258,0.08943981053555981,9
4,tvp_orig,1283,0.2151208106001559,0.4109061297265931,9
4,tv_l_ein,279,0.7491039426523297,0.43352880614218103,9
4,tvp_prox,547,0.8939670932358318,0.3078797321151709,9
4,tv_l_svc,485,0.004123711340206186,0.06408358873369095,9
4,tv_l_vre,501,0.00998003992015968,0.099400395991926,9
4,tv_l_vrn,493,0.004056795131845842,0.06356364955777849,9
4,tv_l_vca,959,0.05943691345151199,0.2364406199680365,9
4,tv_l_yug,971,0.0020597322348094747,0.04533750917210122,9
4,tv_l_ova,973,0.0051387461459403904,0.07150062540976809,9
4,tv_l_sup,971,0.012358393408856848,0.1104792447530701,9
4,tv_l_ove,499,0.03807615230460922,0.19138014246594504,9
4,fr_antfa,727,0.09903713892709766,0.29871187462207194,9
4,fr_tvs_a,272,0.04044117647058824,0.1969915930091002,9
4,fr_viaje,11,0.0,0.0,9
4,fr_estro,17,0.058823529411764705,0.23529411764705885,9
4,fr_varic,28,0.17857142857142858,0.3829930462415574,9
4,ana_dime,196,1.5918367346938775,0.540912582885656,9
4,ana_crea,54,0.9259259259259259,0.261891400439462,9
4,ana_trop,872,0.8486238532110092,0.35841513496545974,9
4,tension_,59,136.4406779661017,18.691311483255816,9
4,ana_hemo,2,14.05,1.4500000000000002,9
4,ana_plaq,3,173.0,51.07510809255979,9
4,ana_leuc,11,6.5218181818181815,1.9475710661876346,9
4,ana_neu,1053,6.298976258309592,3.03002614527198,9
4,protcrea,1322,67.58413615733737,54.87082026281629,9
4,splanchnic,472,0.03177966101694915,0.1754129817390861,9
5,raza,425,2.8941176470588235,0.5744261466227624,9
5,ant_inf,21,0.0,0.0,9
5,ant_isq,21,0.047619047619047616,0.21295885499997996,9
5,ant_clau,22,0.0,0.0,9
5,fum_act,32,0.125,0.33071891388307384,9
5,diabetes,21,0.09523809523809523,0.2935435239509036,9
5,hip_art,22,0.3181818181818182,0.46577048936179993,9
5,insf_car,4,0.0,0.0,9
5,fibr_aur,202,0.009900990099009901,0.099009900990099,9
5,trat_est,26,0.11538461538461539,0.31948553318915673,9
5,var171,20,0.0,0.0,9
5,tv_l_esu,372,0.008064516129032258,0.08943981053555983,9
5,tvp_orig,1283,0.20265003897116135,0.4019738805894584,9
5,tv_l_ein,279,0.7706093189964157,0.42044095479900156,9
5,tvp_prox,547,0.8610603290676416,0.3458835624506697,9
5,tv_l_svc,485,0.008247422680412371,0.09044005030705694,9
5,tv_l_vre,501,0.005988023952095809,0.07715029177679716,9
5,tv_l_vrn,493,0.012170385395537525,0.10964609940559499,9
5,tv_l_vca,959,0.03441084462982273,0.18228202983751562,9
5,tv_l_yug,971,0.01956745623069001,0.1385083784012723,9
5,tv_l_ova,973,0.007194244604316547,0.08451323830554482,9
5,tv_l_sup,971,0.015447991761071062,0.12332619880471846,9
5,tv_l_ove,499,0.06813627254509018,0.25197960415230314,9
5,fr_antfa,727,0.13342503438789546,0.34003351979839336,9
5,fr_tvs_a,272,0.051470588235294115,0.22095557648995173,9
5,fr_viaje,11,0.09090909090909091,0.28747978728803447,9
5,fr_estro,17,0.058823529411764705,0.23529411764705885,9
5,fr_varic,28,0.25,0.4330127018922193,9
5,ana_dime,196,1.5510204081632653,0.5824376813400137,9
5,ana_crea,54,0.8888888888888888,0.3142696805273545,9
5,ana_trop,872,0.8543577981651376,0.3527471486483705,9
5,tension_,59,126.84745762711864,15.810116434483758,9
5,ana_hemo,2,13.5,1.9000000000000004,9
5,ana_plaq,3,196.33333333333334,75.57042337375708,9
5,ana_leuc,11,6.526363636363637,1.6368610355148592,9
5,ana_neu,1053,6.624928774928775,3.1364859450101283,9
5,protcrea,1322,94.39633888048412,58.380833540397006,9
5,splanchnic,472,0.023305084745762712,0.1508706657066095,9
1,raza,425,2.8705882352941177,0.6648880541621078,10
1,ant_inf,21,0.047619047619047616,0.21295885499998,10
1,ant_isq,21,0.0,0.0,10
1,ant_clau,22,0.0,0.0,10
1,fum_act,32,0.21875,0.41339864235384227,10
1,diabetes,21,0.09523809523809523,0.29354352395090366,10
1,hip_art,22,0.18181818181818182,0.38569460791993493,10
1,insf_car,4,0.0,0.0,10
1,fibr_aur,202,0.0049504950495049506,0.07018538058791002,10
1,trat_est,26,0.2692307692307692,0.44356009979503064,10
1,var171,20,0.0,0.0,10
1,tv_l_esu,372,0.010752688172043012,0.10313616179167139,10
1,tvp_orig,1283,0.18939984411535463,0.39182590925618227,10
1,tv_l_ein,279,0.7562724014336918,0.4293302414964601,10
1,tvp_prox,547,0.8263254113345521,0.37882941532744707,10
1,tv_l_svc,485,0.024742268041237112,0.15533862434505044,10
1,tv_l_vre,501,0.013972055888223553,0.11737477387616092,10
1,tv_l_vrn,493,0.002028397565922921,0.04499203450876032,10
1,tv_l_vca,959,0.09176225234619395,0.28869004380225405,10
1,tv_l_yug,971,0.007209062821833162,0.0845995994970663,10
1,tv_l_ova,973,0.0,0.0,10
1,tv_l_sup,971,0.010298661174047374,0.10095840109703375,10
1,tv_l_ove,499,0.056112224448897796,0.23013831214357663,10
1,fr_antfa,727,0.11416781292984869,0.3180149735793329,10
1,fr_tvs_a,272,0.03676470588235294,0.18818358664808424,10
1,fr_viaje,11,0.0,0.0,10
1,fr_estro,17,0.0,0.0,10
1,fr_varic,28,0.17857142857142858,0.3829930462415574,10
1,ana_dime,196,1.5816326530612246,0.5234007593155985,10
1,ana_crea,54,0.8703703703703703,0.3358955027262418,10
1,ana_trop,872,0.841743119266055,0.36498169876626263,10
1,tension_,59,133.23728813559322,26.69243464395975,10
1,ana_hemo,2,11.9,3.5,10
1,ana_plaq,3,172.33333333333334,44.39469437769438,10
1,ana_leuc,11,11.23,5.2725257014762175,10
1,ana_neu,1053,6.565272554605888,3.185592123660148,10
1,protcrea,1322,55.10796520423602,43.404029702579344,10
1,splanchnic,472,0.03389830508474576,0.1809674280005307,10
2,raza,425,2.8588235294117648,0.6463097268150764,10
2,ant_inf,21,0.19047619047619047,0.392676726249301,10
2,ant_isq,21,0.047619047619047616,0.21295885499997996,10
2,ant_clau,22,0.0,0.0,10
2,fum_act,32,0.1875,0.3903123748998999,10
2,diabetes,21,0.09523809523809523,0.2935435239509036,10
2,hip_art,22,0.5,0.5,10
2,insf_car,4,0.25,0.4330127018922193,10
2,fibr_aur,202,0.009900990099009901,0.099009900990099,10
2,trat_est,26,0.23076923076923078,0.42132504423474315,10
2,var171,20,0.05,0.21794494717703364,10
2,tv_l_esu,372,0.016129032258064516,0.12597176896623638,10
2,tvp_orig,1283,0.2338269680436477,0.42326341332456635,10
2,tv_l_ein,279,0.7419354838709677,0.43756967633066246,10
2,tvp_prox,547,0.8409506398537477,0.36572210923503107,10
2,tv_l_svc,485,0.010309278350515464,0.10100988630033723,10
2,tv_l_vre,501,0.011976047904191617,0.10877785703344284,10
2,tv_l_vrn,493,0.002028397565922921,0.04499203450876031,10
2,tv_l_vca,959,0.06569343065693431,0.2477454415836079,10
2,tv_l_yug,971,0.013388259526261586,0.11493047477983832,10
2,tv_l_ova,973,0.0051387461459403904,0.07150062540976809,10
2,tv_l_sup,971,0.004119464469618949,0.06405071804517491,10
2,tv_l_ove,499,0.07214428857715431,0.258726670837876,10
2,fr_antfa,727,0.11279229711141678,0.3163387343082517,10
2,fr_tvs_a,272,0.04779411764705882,0.21333035406476486,10
2,fr_viaje,11,0.0,0.0,10
2,fr_estro,17,0.0,0.0,10
2,fr_varic,28,0.25,0.4330127018922193,10
2,ana_dime,196,1.5714285714285714,0.5532833351724882,10
2,ana_crea,54,0.9074074074074074,0.28986066374997266,10
2,ana_trop,872,0.8245412844036697,0.38035898138155794,10
2,tension_,59,130.11864406779662,19.49105378943029,10
2,ana_hemo,2,11.6,2.4000000000000004,10
2,ana_plaq,3,207.0,27.58018612458347,10
2,ana_leuc,11,11.074545454545454,7.059803452886521,10
2,ana_neu,1053,6.83081101614435,3.081717810603388,10
2,protcrea,1322,75.21680030257187,48.298081869033865,10
2,splanchnic,472,0.029661016949152543,0.1696503493149797,10
3,raza,425,2.9176470588235293,0.5227025856828956,10
3,ant_inf,21,0.0,0.0,10
3,ant_isq,21,0.0,0.0,10
3,ant_clau,22,0.09090909090909091,0.2874797872880344,10
3,fum_act,32,0.21875,0.41339864235384227,10
3,diabetes,21,0.047619047619047616,0.21295885499998,10
3,hip_art,22,0.36363636363636365,0.4810456929208346,10
3,insf_car,4,0.25,0.4330127018922193,10
3,fibr_aur,202,0.009900990099009901,0.099009900990099,10
3,trat_est,26,0.2692307692307692,0.4435600997950307,10
3,var171,20,0.0,0.0,10
3,tv_l_esu,372,0.03225806451612903,0.17668469596940845,10
3,tvp_orig,1283,0.21200311769290725,0.40872704312461955,10
3,tv_l_ein,279,0.7777777777777778,0.41573970964154905,10
3,tvp_prox,547,0.8263254113345521,0.378829415327447,10
3,tv_l_svc,485,0.002061855670103093,0.04536082474226804,10
3,tv_l_vre,501,0.005988023952095809,0.07715029177679716,10
3,tv_l_vrn,493,0.006085192697768763,0.0777699371711189,10
3,tv_l_vca,959,0.058394160583941604,0.2344872759738541,10
3,tv_l_yug,971,0.003089598352214212,0.055498222802502495,10
3,tv_l_ova,973,0.0,0.0,10
3,tv_l_sup,971,0.007209062821833162,0.08459959949706632,10
3,tv_l_ove,499,0.052104208416833664,0.22223717034305673,10
3,fr_antfa,727,0.1361760660247593,0.34297542924643987,10
3,fr_tvs_a,272,0.0661764705882353,0.24859031624083774,10
3,fr_viaje,11,0.18181818181818182,0.38569460791993493,10
3,fr_estro,17,0.0,0.0,10
3,fr_varic,28,0.21428571428571427,0.410325903324145,10
3,ana_dime,196,1.586734693877551,0.5869564798215436,10
3,ana_crea,54,0.8148148148148148,0.38844772154450063,10
3,ana_trop,872,0.8119266055045872,0.39077076755866175,10
3,tension_,59,135.11864406779662,19.882779147695228,10
3,ana_hemo,2,11.55,3.3500000000000005,10
3,ana_plaq,3,165.33333333333334,44.58200932613464,10
3,ana_leuc,11,9.043636363636365,3.6830379573174805,10
3,ana_neu,1053,6.618599240265907,2.9452344914729633,10
3,protcrea,1322,58.89972768532527,44.54946600077928,10
3,splanchnic,472,0.012711864406779662,0.11202800056273124,10
4,raza,425,2.844705882352941,0.6821257228180916,10
4,ant_inf,21,0.09523809523809523,0.29354352395090366,10
4,ant_isq,21,0.09523809523809523,0.29354352395090366,10
4,ant_clau,22,0.0,0.0,10
4,fum_act,32,0.15625,0.3630921887069453,10
4,diabetes,21,0.047619047619047616,0.21295885499998,10
4,hip_art,22,0.5,0.5,10
4,insf_car,4,0.0,0.0,10
4,fibr_aur,202,0.0,0.0,10
4,trat_est,26,0.07692307692307693,0.2664693550105965,10
4,var171,20,0.0,0.0,10
4,tv_l_esu,372,0.016129032258064516,0.12597176896623638,10
4,tvp_orig,1283,0.19641465315666407,0.3972857122802322,10
4,tv_l_ein,279,0.7992831541218638,0.40053663210606427,10
4,tvp_prox,547,0.8427787934186471,0.36400920150795146,10
4,tv_l_svc,485,0.01443298969072165,0.11926725661014081,10
4,tv_l_vre,501,0.011976047904191617,0.10877785703344282,10
4,tv_l_vrn,493,0.002028397565922921,0.04499203450876032,10
4,tv_l_vca,959,0.08029197080291971,0.27174467837936184,10
4,tv_l_yug,971,0.013388259526261586,0.11493047477983832,10
4,tv_l_ova,973,0.0010277492291880781,0.03204204988308304,10
4,tv_l_sup,971,0.005149330587023687,0.0715738428584719,10
4,tv_l_ove,499,0.03406813627254509,0.18140424020253879,10
4,fr_antfa,727,0.1031636863823934,0.30417255003433263,10
4,fr_tvs_a,272,0.05514705882352941,0.22826708200404983,10
4,fr_viaje,11,0.0,0.0,10
4,fr_estro,17,0.058823529411764705,0.23529411764705885,10
4,fr_varic,28,0.21428571428571427,0.410325903324145,10
4,ana_dime,196,1.5,0.5933302759227196,10
4,ana_crea,54,0.9259259259259259,0.261891400439462,10
4,ana_trop,872,0.875,0.33071891388307384,10
4,tension_,59,128.25423728813558,17.22197376465526,10
4,ana_hemo,2,11.25,1.9499999999999993,10
4,ana_plaq,3,315.3333333333333,95.82043391446084,10
4,ana_leuc,11,8.639999999999999,3.161075766254267,10
4,ana_neu,1053,6.4113437796771136,3.129674669376439,10
4,protcrea,1322,54.85239788199697,43.69079456506499,10
4,splanchnic,472,0.03177966101694915,0.1754129817390861,10
5,raza,425,2.8305882352941176,0.6856552948756419,10
5,ant_inf,21,0.047619047619047616,0.21295885499997996,10
5,ant_isq,21,0.047619047619047616,0.21295885499998,10
5,ant_clau,22,0.0,0.0,10
5,fum_act,32,0.21875,0.41339864235384227,10
5,diabetes,21,0.14285714285714285,0.34992710611188255,10
5,hip_art,22,0.4090909090909091,0.4916660830178166,10
5,insf_car,4,0.0,0.0,10
5,fibr_aur,202,0.019801980198019802,0.13931927999475532,10
5,trat_est,26,0.15384615384615385,0.36080121229411,10
5,var171,20,0.0,0.0,10
5,tv_l_esu,372,0.016129032258064516,0.12597176896623638,10
5,tvp_orig,1283,0.23616523772408418,0.42472487355323446,10
5,tv_l_ein,279,0.7885304659498208,0.408350548204333,10
5,tvp_prox,547,0.8409506398537477,0.3657221092350311,10
5,tv_l_svc,485,0.01443298969072165,0.1192672566101408,10
5,tv_l_vre,501,0.00998003992015968,0.09940039599192599,10
5,tv_l_vrn,493,0.006085192697768763,0.07776993717111891,10
5,tv_l_vca,959,0.08133472367049009,0.27334847063032036,10
5,tv_l_yug,971,0.012358393408856848,0.1104792447530701,10
5,tv_l_ova,973,0.0,0.0,10
5,tv_l_sup,971,0.009268795056642637,0.09582736819322855,10
5,tv_l_ove,499,0.07214428857715431,0.258726670837876,10
5,fr_antfa,727,0.11141678129298486,0.3146475522537813,10
5,fr_tvs_a,272,0.058823529411764705,0.23529411764705885,10
5,fr_viaje,11,0.09090909090909091,0.2874797872880344,10
5,fr_estro,17,0.11764705882352941,0.32218973970892123,10
5,fr_varic,28,0.14285714285714285,0.3499271061118826,10
5,ana_dime,196,1.5714285714285714,0.5714285714285714,10
5,ana_crea,54,0.8888888888888888,0.3142696805273545,10
5,ana_trop,872,0.8841743119266054,0.32001577782309304,10
5,tension_,59,133.72881355932202,21.25537260774446,10
5,ana_hemo,2,14.149999999999999,2.749999999999999,10
5,ana_plaq,3,234.0,87.13208364316786,10
5,ana_leuc,11,7.742727272727273,2.348570516521567,10
5,ana_neu,1053,6.335032288698955,2.973228950504793,10
5,protcrea,1322,64.59934190620272,45.83406189284526,10
5,splanchnic,472,0.023305084745762712,0.1508706657066095,10
1,raza,425,2.9105882352941177,0.5327008937617177,11
1,ant_inf,21,0.0,0.0,11
1,ant_isq,21,0.0,0.0,11
1,ant_clau,22,0.0,0.0,11
1,fum_act,32,0.21875,0.41339864235384227,11
1,diabetes,21,0.14285714285714285,0.34992710611188255,11
1,hip_art,22,0.45454545454545453,0.49792959773196915,11
1,insf_car,4,0.0,0.0,11
1,fibr_aur,202,0.009900990099009901,0.09900990099009899,11
1,trat_est,26,0.23076923076923078,0.42132504423474315,11
1,var171,20,0.05,0.21794494717703364,11
1,tv_l_esu,372,0.01881720430107527,0.13587905329139904,11
1,tvp_orig,1283,0.2954014029618083,0.4562229872441805,11
1,tv_l_ein,279,0.7240143369175627,0.44700959369501764,11
1,tvp_prox,547,0.8519195612431444,0.35517970439544083,11
1,tv_l_svc,485,0.010309278350515464,0.10100988630033722,11
1,tv_l_vre,501,0.017964071856287425,0.1328207964839451,11
1,tv_l_vrn,493,0.002028397565922921,0.04499203450876032,11
1,tv_l_vca,959,0.049009384775808136,0.21588762118219038,11
1,tv_l_yug,971,0.006179196704428424,0.07836462360348836,11
1,tv_l_ova,973,0.009249743062692703,0.09572975146717383,11
1,tv_l_sup,971,0.006179196704428424,0.07836462360348836,11
1,tv_l_ove,499,0.04408817635270541,0.20529103501760168,11
1,fr_antfa,727,0.15268225584594222,0.3596809483357945,11
1,fr_tvs_a,272,0.04044117647058824,0.1969915930091002,11
1,fr_viaje,11,0.0,0.0,11
1,fr_estro,17,0.0,0.0,11
1,fr_varic,28,0.21428571428571427,0.410325903324145,11
1,ana_dime,196,1.5765306122448979,0.5338158782951602,11
1,ana_crea,54,0.8518518518518519,0.3552467795046459,11
1,ana_trop,872,0.8967889908256881,0.3042342793958827,11
1,tension_,59,130.25423728813558,22.78833571714384,11
1,ana_hemo,2,13.35,2.25,11
1,ana_plaq,3,276.6666666666667,129.63624321753372,11
1,ana_leuc,11,7.919090909090909,2.8824246565741225,11
1,ana_neu,1053,7.001180436847104,3.1468869278801943,11
1,protcrea,1322,37.94605748865355,35.27885270307279,11
1,splanchnic,472,0.025423728813559324,0.15740826797463311,11
2,raza,425,2.9035294117647057,0.4827487615540892,11
2,ant_inf,21,0.0,0.0,11
2,ant_isq,21,0.09523809523809523,0.29354352395090366,11
2,ant_clau,22,0.045454545454545456,0.20829889522526548,11
2,fum_act,32,0.21875,0.41339864235384227,11
2,diabetes,21,0.047619047619047616,0.21295885499997996,11
2,hip_art,22,0.4090909090909091,0.4916660830178166,11
2,insf_car,4,0.25,0.4330127018922193,11
2,fibr_aur,202,0.0297029702970297,0.16976661583645786,11
2,trat_est,26,0.15384615384615385,0.36080121229410994,11
2,var171,20,0.0,0.0,11
2,tv_l_esu,372,0.03225806451612903,0.17668469596940847,11
2,tvp_orig,1283,0.24551831644583008,0.43039409003311757,11
2,tv_l_ein,279,0.7634408602150538,0.4249693085025699,11
2,tvp_prox,547,0.8720292504570384,0.33405723582101043,11
2,tv_l_svc,485,0.006185567010309278,0.07840475604878987,11
2,tv_l_vre,501,0.011976047904191617,0.10877785703344282,11
2,tv_l_vrn,493,0.006085192697768763,0.0777699371711189,11
2,tv_l_vca,959,0.07612095933263817,0.26519155130380195,11
2,tv_l_yug,971,0.024716786817713696,0.1552606430075613,11
2,tv_l_ova,973,0.0041109969167523125,0.0639851281244538,11
2,tv_l_sup,971,0.02265705458290422,0.14880763576017034,11
2,tv_l_ove,499,0.03406813627254509,0.18140424020253879,11
2,fr_antfa,727,0.1031636863823934,0.30417255003433263,11
2,fr_tvs_a,272,0.04044117647058824,0.1969915930091002,11
2,fr_viaje,11,0.09090909090909091,0.2874797872880344,11
2,fr_estro,17,0.0,0.0,11
2,fr_varic,28,0.14285714285714285,0.3499271061118826,11
2,ana_dime,196,1.586734693877551,0.5322531534980134,11
2,ana_crea,54,0.9444444444444444,0.22906142364542553,11
2,ana_trop,872,0.8887614678899083,0.3144272906159448,11
2,tension_,59,124.15254237288136,18.080623169965857,11
2,ana_hemo,2,13.95,1.6499999999999995,11
2,ana_plaq,3,257.0,108.52956586417669,11
2,ana_leuc,11,7.8090909090909095,3.053449478705725,11
2,ana_neu,1053,6.614773029439696,3.0461511556412098,11
2,protcrea,1322,40.58098184568834,34.52864343111841,11
2,splanchnic,472,0.00847457627118644,0.09166655785077936,11
3,raza,425,2.8729411764705883,0.5721760805276882,11
3,ant_inf,21,0.0,0.0,11
3,ant_isq,21,0.0,0.0,11
3,ant_clau,22,0.0,0.0,11
3,fum_act,32,0.28125,0.4496092053105675,11
3,diabetes,21,0.14285714285714285,0.3499271061118826,11
3,hip_art,22,0.18181818181818182,0.38569460791993493,11
3,insf_car,4,0.0,0.0,11
3,fibr_aur,202,0.01485148514851485,0.12095833388980808,11
3,trat_est,26,0.19230769230769232,0.3941134909984461,11
3,var171,20,0.0,0.0,11
3,tv_l_esu,372,0.013440860215053764,0.11515295693873061,11
3,tvp_orig,1283,0.2852689010132502,0.4515424178612045,11
3,tv_l_ein,279,0.6953405017921147,0.4602630643008461,11
3,tvp_prox,547,0.9159049360146252,0.2775303302319775,11
3,tv_l_svc,485,0.018556701030927835,0.13495313956250368,11
3,tv_l_vre,501,0.011976047904191617,0.10877785703344282,11
3,tv_l_vrn,493,0.008113590263691683,0.08970930786002425,11
3,tv_l_vca,959,0.028154327424400417,0.16541360667031016,11
3,tv_l_yug,971,0.018537590113285273,0.13488494306658955,11
3,tv_l_ova,973,0.0010277492291880781,0.03204204988308304,11
3,tv_l_sup,971,0.006179196704428424,0.07836462360348836,11
3,tv_l_ove,499,0.04609218436873747,0.20968475125496314,11
3,fr_antfa,727,0.14030261348005502,0.34730072002620627,11
3,fr_tvs_a,272,0.09558823529411764,0.2940257209284148,11
3,fr_viaje,11,0.09090909090909091,0.2874797872880344,11
3,fr_estro,17,0.0,0.0,11
3,fr_varic,28,0.10714285714285714,0.30929478706587094,11
3,ana_dime,196,1.5918367346938775,0.5502640311311331,11
3,ana_crea,54,0.8888888888888888,0.3142696805273545,11
3,ana_trop,872,0.8589449541284404,0.3480783243836534,11
3,tension_,59,137.76271186440678,23.48554476661707,11
3,ana_hemo,2,11.55,1.5499999999999998,11
3,ana_plaq,3,294.3333333333333,203.83217497626705,11
3,ana_leuc,11,9.260909090909092,2.968453697697153,11
3,ana_neu,1053,6.9940313390313396,3.120754162871011,11
3,protcrea,1322,39.173031770045384,41.88194811607356,11
3,splanchnic,472,0.02754237288135593,0.1636575405455559,11
4,raza,425,2.828235294117647,0.7070421843985203,11
4,ant_inf,21,0.047619047619047616,0.21295885499998,11
4,ant_isq,21,0.0,0.0,11
4,ant_clau,22,0.0,0.0,11
4,fum_act,32,0.25,0.4330127018922193,11
4,diabetes,21,0.0,0.0,11
4,hip_art,22,0.36363636363636365,0.4810456929208347,11
4,insf_car,4,0.0,0.0,11
4,fibr_aur,202,0.0297029702970297,0.16976661583645786,11
4,trat_est,26,0.19230769230769232,0.3941134909984461,11
4,var171,20,0.05,0.21794494717703367,11
4,tv_l_esu,372,0.010752688172043012,0.1031361617916714,11
4,tvp_orig,1283,0.31488698363211226,0.4644708507228221,11
4,tv_l_ein,279,0.7777777777777778,0.41573970964154905,11
4,tvp_prox,547,0.8391224862888482,0.36741793545398665,11
4,tv_l_svc,485,0.008247422680412371,0.09044005030705694,11
4,tv_l_vre,501,0.01996007984031936,0.13986305821441,11
4,tv_l_vrn,493,0.0,0.0,11
4,tv_l_vca,959,0.04692387904066736,0.21147583459214475,11
4,tv_l_yug,971,0.006179196704428424,0.07836462360348836,11
4,tv_l_ova,973,0.0,0.0,11
4,tv_l_sup,971,0.009268795056642637,0.09582736819322855,11
4,tv_l_ove,499,0.08216432865731463,0.27461491538808924,11
4,fr_antfa,727,0.12379642365887207,0.3293491599323507,11
4,fr_tvs_a,272,0.04411764705882353,0.20535647123189618,11
4,fr_viaje,11,0.0,0.0,11
4,fr_estro,17,0.058823529411764705,0.23529411764705885,11
4,fr_varic,28,0.21428571428571427,0.41032590332414487,11
4,ana_dime,196,1.4795918367346939,0.5665792780368057,11
4,ana_crea,54,0.8888888888888888,0.3142696805273545,11
4,ana_trop,872,0.8692660550458715,0.337109152339208,11
4,tension_,59,126.50847457627118,20.392232553610704,11
4,ana_hemo,2,11.2,2.2,11
4,ana_plaq,3,260.3333333333333,79.0119540885358,11
4,ana_leuc,11,8.873636363636363,3.03775716525224,11
4,ana_neu,1053,6.523801519468186,3.0731420587896627,11
4,protcrea,1322,71.78972465960666,54.64381585048575,11
4,splanchnic,472,0.038135593220338986,0.19152354881338177,11
5,raza,425,2.847058823529412,0.6417967857405109,11
5,ant_inf,21,0.0,0.0,11
5,ant_isq,21,0.0,0.0,11
5,ant_clau,22,0.0,0.0,11
5,fum_act,32,0.3125,0.46351240544347894,11
5,diabetes,21,0.0,0.0,11
5,hip_art,22,0.36363636363636365,0.4810456929208347,11
5,insf_car,4,0.0,0.0,11
5,fibr_aur,202,0.0049504950495049506,0.07018538058791002,11
5,trat_est,26,0.15384615384615385,0.36080121229411,11
5,var171,20,0.05,0.21794494717703364,11
5,tv_l_esu,372,0.013440860215053764,0.11515295693873061,11
5,tvp_orig,1283,0.23616523772408418,0.42472487355323446,11
5,tv_l_ein,279,0.7634408602150538,0.4249693085025699,11
5,tvp_prox,547,0.8592321755027422,0.3477818915406135,11
5,tv_l_svc,485,0.020618556701030927,0.14210359538237344,11
5,tv_l_vre,501,0.005988023952095809,0.07715029177679716,11
5,tv_l_vrn,493,0.006085192697768763,0.07776993717111891,11
5,tv_l_vca,959,0.05213764337851929,0.22230454228704732,11
5,tv_l_yug,971,0.01956745623069001,0.13850837840127234,11
5,tv_l_ova,973,0.007194244604316547,0.08451323830554482,11
5,tv_l_sup,971,0.008238928939237899,0.09039385481973922,11
5,tv_l_ove,499,0.056112224448897796,0.23013831214357658,11
5,fr_antfa,727,0.09903713892709766,0.29871187462207194,11
5,fr_tvs_a,272,0.04411764705882353,0.2053564712318962,11
5,fr_viaje,11,0.0,0.0,11
5,fr_estro,17,0.0,0.0,11
5,fr_varic,28,0.32142857142857145,0.46702488680792925,11
5,ana_dime,196,1.5459183673469388,0.5179765118279956,11
5,ana_crea,54,0.9074074074074074,0.2898606637499727,11
5,ana_trop,872,0.8623853211009175,0.34449510744070805,11
5,tension_,59,127.91525423728814,18.080130620115778,11
5,ana_hemo,2,13.1,1.0999999999999996,11
5,ana_plaq,3,234.0,159.8144757732123,11
5,ana_leuc,11,8.680909090909092,2.6684024997789306,11
5,ana_neu,1053,6.7336305792972455,3.1911083885805094,11
5,protcrea,1322,65.08882299546143,58.26745765523042,11
5,splanchnic,472,0.03177966101694915,0.1754129817390861,11
1,raza,425,2.9435294117647057,0.491443745526689,12
1,ant_inf,21,0.14285714285714285,0.3499271061118826,12
1,ant_isq,21,0.0,0.0,12
1,ant_clau,22,0.0,0.0,12
1,fum_act,32,0.28125,0.4496092053105675,12
1,diabetes,21,0.19047619047619047,0.392676726249301,12
1,hip_art,22,0.4090909090909091,0.4916660830178166,12
1,insf_car,4,0.0,0.0,12
1,fibr_aur,202,0.024752475247524754,0.15536984976708135,12
1,trat_est,26,0.23076923076923078,0.42132504423474315,12
1,var171,20,0.0,0.0,12
1,tv_l_esu,372,0.01881720430107527,0.13587905329139902,12
1,tvp_orig,1283,0.19875292283710055,0.3990616474942313,12
1,tv_l_ein,279,0.7383512544802867,0.43953234179941025,12
1,tvp_prox,547,0.8829981718464351,0.32142246399760016,12
1,tv_l_svc,485,0.010309278350515464,0.1010098863003372,12
1,tv_l_vre,501,0.011976047904191617,0.10877785703344284,12
1,tv_l_vrn,493,0.010141987829614604,0.10019544856169145,12
1,tv_l_vca,959,0.061522419186652764,0.240286102644482,12
1,tv_l_yug,971,0.007209062821833162,0.0845995994970663,12
1,tv_l_ova,973,0.0041109969167523125,0.0639851281244538,12
1,tv_l_sup,971,0.008238928939237899,0.0903938548197392,12
1,tv_l_ove,499,0.04609218436873747,0.20968475125496314,12
1,fr_antfa,727,0.1279229711141678,0.3340040188014084,12
1,fr_tvs_a,272,0.05514705882352941,0.22826708200404983,12
1,fr_viaje,11,0.18181818181818182,0.38569460791993493,12
1,fr_estro,17,0.0,0.0,12
1,fr_varic,28,0.17857142857142858,0.3829930462415574,12
1,ana_dime,196,1.596938775510204,0.5400215569455052,12
1,ana_crea,54,0.8518518518518519,0.3552467795046459,12
1,ana_trop,872,0.7970183486238532,0.40221897093593084,12
1,tension_,59,128.10169491525423,20.20294903398103,12
1,ana_hemo,2,13.65,1.6500000000000004,12
1,ana_plaq,3,248.66666666666666,84.11235871671231,12
1,ana_leuc,11,7.235454545454545,2.712735498403322,12
1,ana_neu,1053,6.380229819563152,3.1610923596673453,12
1,protcrea,1322,53.40960665658094,31.98362061889949,12
1,splanchnic,472,0.01059322033898305,0.10237677481652177,12
2,raza,425,2.9129411764705884,0.4988901176421204,12
2,ant_inf,21,0.0,0.0,12
2,ant_isq,21,0.0,0.0,12
2,ant_clau,22,0.045454545454545456,0.2082988952252655,12
2,fum_act,32,0.34375,0.47495887979908324,12
2,diabetes,21,0.14285714285714285,0.3499271061118826,12
2,hip_art,22,0.22727272727272727,0.41907020260422206,12
2,insf_car,4,0.0,0.0,12
2,fibr_aur,202,0.009900990099009901,0.099009900990099,12
2,trat_est,26,0.19230769230769232,0.3941134909984461,12
2,var171,20,0.0,0.0,12
2,tv_l_esu,372,0.024193548387096774,0.15364966841336816,12
2,tvp_orig,1283,0.2049883086515978,0.40369307891980893,12
2,tv_l_ein,279,0.7275985663082437,0.4451953420852828,12
2,tvp_prox,547,0.8555758683729433,0.3515192766134274,12
2,tv_l_svc,485,0.0,0.0,12
2,tv_l_vre,501,0.013972055888223553,0.11737477387616092,12
2,tv_l_vrn,493,0.002028397565922921,0.04499203450876031,12
2,tv_l_vca,959,0.03858185610010428,0.19259620058551294,12
2,tv_l_yug,971,0.008238928939237899,0.0903938548197392,12
2,tv_l_ova,973,0.003083247687564234,0.05544133179552385,12
2,tv_l_sup,971,0.01956745623069001,0.1385083784012723,12
2,tv_l_ove,499,0.056112224448897796,0.23013831214357663,12
2,fr_antfa,727,0.09628610729023383,0.2949832077138077,12
2,fr_tvs_a,272,0.058823529411764705,0.23529411764705885,12
2,fr_viaje,11,0.09090909090909091,0.2874797872880344,12
2,fr_estro,17,0.0,0.0,12
2,fr_varic,28,0.17857142857142858,0.3829930462415574,12
2,ana_dime,196,1.5153061224489797,0.5197825371065125,12
2,ana_crea,54,0.8703703703703703,0.3358955027262418,12
2,ana_trop,872,0.8956422018348624,0.3057241372990723,12
2,tension_,59,130.6271186440678,20.516961404094662,12
2,ana_hemo,2,12.899999999999999,0.7000000000000002,12
2,ana_plaq,3,221.66666666666666,19.601587237318874,12
2,ana_leuc,11,7.427272727272726,2.637988527472093,12
2,ana_neu,1053,5.8830322886989554,3.1638485737512636,12
2,protcrea,1322,62.543736762481096,54.70716193354663,12
2,splanchnic,472,0.019067796610169493,0.13676335672468232,12
3,raza,425,2.9058823529411764,0.5318896261391678,12
3,ant_inf,21,0.047619047619047616,0.21295885499997996,12
3,ant_isq,21,0.0,0.0,12
3,ant_clau,22,0.0,0.0,12
3,fum_act,32,0.1875,0.3903123748998999,12
3,diabetes,21,0.14285714285714285,0.3499271061118826,12
3,hip_art,22,0.22727272727272727,0.41907020260422206,12
3,insf_car,4,0.0,0.0,12
3,fibr_aur,202,0.01485148514851485,0.12095833388980809,12
3,trat_est,26,0.038461538461538464,0.1923076923076923,12
3,var171,20,0.1,0.30000000000000004,12
3,tv_l_esu,372,0.013440860215053764,0.11515295693873061,12
3,tvp_orig,1283,0.17926734216679657,0.3835760188010315,12
3,tv_l_ein,279,0.7455197132616488,0.43556867472296235,12
3,tvp_prox,547,0.8574040219378428,0.34966035677876606,12
3,tv_l_svc,485,0.004123711340206186,0.06408358873369095,12
3,tv_l_vre,501,0.00998003992015968,0.099400395991926,12
3,tv_l_vrn,493,0.006085192697768763,0.07776993717111892,12
3,tv_l_vca,959,0.040667361835245046,0.19751842323339439,12
3,tv_l_yug,971,0.0020597322348094747,0.04533750917210122,12
3,tv_l_ova,973,0.0,0.0,12
3,tv_l_sup,971,0.009268795056642637,0.09582736819322855,12
3,tv_l_ove,499,0.08216432865731463,0.2746149153880892,12
3,fr_antfa,727,0.13892709766162312,0.3458704370092086,12
3,fr_tvs_a,272,0.058823529411764705,0.23529411764705882,12
3,fr_viaje,11,0.09090909090909091,0.2874797872880344,12
3,fr_estro,17,0.0,0.0,12
3,fr_varic,28,0.14285714285714285,0.3499271061118826,12
3,ana_dime,196,1.5612244897959184,0.5163910583216325,12
3,ana_crea,54,0.9444444444444444,0.22906142364542553,12
3,ana_trop,872,0.8497706422018348,0.35729609269304363,12
3,tension_,59,129.38983050847457,21.710746342558878,12
3,ana_hemo,2,12.4,2.5999999999999996,12
3,ana_plaq,3,221.33333333333334,74.3071702835975,12
3,ana_leuc,11,8.336363636363636,2.721885284895789,12
3,ana_neu,1053,6.234446343779677,3.1083629352055344,12
3,protcrea,1322,55.48194856278366,42.9912186838747,12
3,splanchnic,472,0.02754237288135593,0.1636575405455559,12
4,raza,425,2.875294117647059,0.6219335849454063,12
4,ant_inf,21,0.0,0.0,12
4,ant_isq,21,0.047619047619047616,0.21295885499998,12
4,ant_clau,22,0.045454545454545456,0.2082988952252655,12
4,fum_act,32,0.28125,0.4496092053105675,12
4,diabetes,21,0.047619047619047616,0.21295885499997996,12
4,hip_art,22,0.2727272727272727,0.44536177141512334,12
4,insf_car,4,0.0,0.0,12
4,fibr_aur,202,0.009900990099009901,0.099009900990099,12
4,trat_est,26,0.15384615384615385,0.36080121229410994,12
4,var171,20,0.0,0.0,12
4,tv_l_esu,372,0.021505376344086023,0.14506169422830154,12
4,tvp_orig,1283,0.284489477786438,0.45117093746742803,12
4,tv_l_ein,279,0.7491039426523297,0.43352880614218103,12
4,tvp_prox,547,0.870201096892139,0.33608205524820445,12
4,tv_l_svc,485,0.010309278350515464,0.10100988630033722,12
4,tv_l_vre,501,0.013972055888223553,0.11737477387616092,12
4,tv_l_vrn,493,0.002028397565922921,0.04499203450876032,12
4,tv_l_vca,959,0.02502606882168926,0.1562042403426403,12
4,tv_l_yug,971,0.006179196704428424,0.07836462360348836,12
4,tv_l_ova,973,0.009249743062692703,0.09572975146717383,12
4,tv_l_sup,971,0.014418125643666324,0.11920672504766575,12
4,tv_l_ove,499,0.052104208416833664,0.22223717034305673,12
4,fr_antfa,727,0.14030261348005502,0.34730072002620627,12
4,fr_tvs_a,272,0.058823529411764705,0.23529411764705882,12
4,fr_viaje,11,0.0,0.0,12
4,fr_estro,17,0.0,0.0,12
4,fr_varic,28,0.21428571428571427,0.410325903324145,12
4,ana_dime,196,1.4948979591836735,0.5933083393194799,12
4,ana_crea,54,0.9259259259259259,0.261891400439462,12
4,ana_trop,872,0.8589449541284404,0.3480783243836534,12
4,tension_,59,132.15254237288136,18.477483832778137,12
4,ana_hemo,2,10.9,1.5,12
4,ana_plaq,3,274.0,70.7153920067383,12
4,ana_leuc,11,8.876363636363637,2.63656895752199,12
4,ana_neu,1053,6.330589743589744,3.145209760807211,12
4,protcrea,1322,48.8658532526475,46.018750400628534,12
4,splanchnic,472,0.036016949152542374,0.18633230671648315,12
5,raza,425,2.891764705882353,0.6155268933209858,12
5,ant_inf,21,0.0,0.0,12
5,ant_isq,21,0.09523809523809523,0.2935435239509036,12
5,ant_clau,22,0.0,0.0,12
5,fum_act,32,0.25,0.4330127018922193,12
5,diabetes,21,0.09523809523809523,0.2935435239509036,12
5,hip_art,22,0.22727272727272727,0.4190702026042222,12
5,insf_car,4,0.0,0.0,12
5,fibr_aur,202,0.0049504950495049506,0.07018538058791002,12
5,trat_est,26,0.15384615384615385,0.36080121229411,12
5,var171,20,0.05,0.21794494717703364,12
5,tv_l_esu,372,0.010752688172043012,0.1031361617916714,12
5,tvp_orig,1283,0.2922837100545596,0.4548119863100594,12
5,tv_l_ein,279,0.7777777777777778,0.41573970964154905,12
5,tvp_prox,547,0.8628884826325411,0.3439650406257181,12
5,tv_l_svc,485,0.006185567010309278,0.07840475604878988,12
5,tv_l_vre,501,0.003992015968063872,0.0630561636683885,12
5,tv_l_vrn,493,0.010141987829614604,0.10019544856169145,12
5,tv_l_vca,959,0.03336809176225235,0.1795958301698518,12
5,tv_l_yug,971,0.017507723995880537,0.13115335907388956,12
5,tv_l_ova,973,0.008221993833504625,0.0903016757923486,12
5,tv_l_sup,971,0.003089598352214212,0.0554982228025025,12
5,tv_l_ove,499,0.07214428857715431,0.258726670837876,12
5,fr_antfa,727,0.15405777166437415,0.361004119996132,12
5,fr_tvs_a,272,0.03308823529411765,0.1788670008113256,12
5,fr_viaje,11,0.0,0.0,12
5,fr_estro,17,0.0,0.0,12
5,fr_varic,28,0.07142857142857142,0.25753937681885636,12
5,ana_dime,196,1.5561224489795917,0.5457753007271384,12
5,ana_crea,54,0.8888888888888888,0.3142696805273545,12
5,ana_trop,872,0.8291284403669725,0.3763966919907828,12
5,tension_,59,136.45762711864407,25.71178061056924,12
5,ana_hemo,2,12.600000000000001,2.3,12
5,ana_plaq,3,210.0,57.28874234961002,12
5,ana_leuc,11,9.160909090909088,3.34875405472069,12
5,ana_neu,1053,6.466850902184235,3.0878464824125293,12
5,protcrea,1322,76.77435400907716,66.0419599909408,12
5,splanchnic,472,0.03389830508474576,0.1809674280005307,12
1,raza,425,2.9035294117647057,0.6117375559586334,13
1,ant_inf,21,0.0,0.0,13
1,ant_isq,21,0.0,0.0,13
1,ant_clau,22,0.0,0.0,13
1,fum_act,32,0.21875,0.41339864235384227,13
1,diabetes,21,0.047619047619047616,0.21295885499998,13
1,hip_art,22,0.2727272727272727,0.4453617714151233,13
1,insf_car,4,0.0,0.0,13
1,fibr_aur,202,0.01485148514851485,0.12095833388980808,13
1,trat_est,26,0.038461538461538464,0.1923076923076923,13
1,var171,20,0.0,0.0,13
1,tv_l_esu,372,0.01881720430107527,0.13587905329139904,13
1,tvp_orig,1283,0.2540919719407638,0.4353495626918878,13
1,tv_l_ein,279,0.7956989247311828,0.40318996256457357,13
1,tvp_prox,547,0.8372943327239488,0.36909691560931,13
1,tv_l_svc,485,0.016494845360824743,0.1273686203008701,13
1,tv_l_vre,501,0.017964071856287425,0.13282079648394512,13
1,tv_l_vrn,493,0.008113590263691683,0.08970930786002425,13
1,tv_l_vca,959,0.072992700729927,0.2601245208935104,13
1,tv_l_yug,971,0.01132852729145211,0.10583095842360561,13
1,tv_l_ova,973,0.0041109969167523125,0.0639851281244538,13
1,tv_l_sup,971,0.008238928939237899,0.0903938548197392,13
1,tv_l_ove,499,0.052104208416833664,0.2222371703430567,13
1,fr_antfa,727,0.11691884456671252,0.32132355710700305,13
1,fr_tvs_a,272,0.04411764705882353,0.2053564712318962,13
1,fr_viaje,11,0.0,0.0,13
1,fr_estro,17,0.058823529411764705,0.23529411764705885,13
1,fr_varic,28,0.21428571428571427,0.410325903324145,13
1,ana_dime,196,1.5204081632653061,0.5755138225389214,13
1,ana_crea,54,0.9259259259259259,0.261891400439462,13
1,ana_trop,872,0.8486238532110092,0.35841513496545974,13
1,tension_,59,138.9322033898305,20.39679636425128,13
1,ana_hemo,2,13.7,0.10000000000000053,13
1,ana_plaq,3,274.0,34.1272129929572,13
1,ana_leuc,11,7.242727272727273,1.7975897545379578,13
1,ana_neu,1053,6.438891737891738,3.1057562477632614,13
1,protcrea,1322,64.86261119515885,50.71027880391477,13
1,splanchnic,472,0.03177966101694915,0.17541298173908607,13
2,raza,425,2.8094117647058825,0.728515578486065,13
2,ant_inf,21,0.047619047619047616,0.21295885499997996,13
2,ant_isq,21,0.047619047619047616,0.21295885499998,13
2,ant_clau,22,0.0,0.0,13
2,fum_act,32,0.1875,0.3903123748998999,13
2,diabetes,21,0.047619047619047616,0.21295885499998,13
2,hip_art,22,0.4090909090909091,0.4916660830178166,13
2,insf_car,4,0.0,0.0,13
2,fibr_aur,202,0.024752475247524754,0.15536984976708135,13
2,trat_est,26,0.23076923076923078,0.42132504423474315,13
2,var171,20,0.0,0.0,13
2,tv_l_esu,372,0.01881720430107527,0.13587905329139902,13
2,tvp_orig,1283,0.36788776305533905,0.4822306054674234,13
2,tv_l_ein,279,0.7706093189964157,0.42044095479900156,13
2,tvp_prox,547,0.8720292504570384,0.33405723582101043,13
2,tv_l_svc,485,0.012371134020618556,0.11053546518499142,13
2,tv_l_vre,501,0.00998003992015968,0.099400395991926,13
2,tv_l_vrn,493,0.004056795131845842,0.06356364955777849,13
2,tv_l_vca,959,0.07194994786235662,0.25840501710485575,13
2,tv_l_yug,971,0.0,0.0,13
2,tv_l_ova,973,0.003083247687564234,0.05544133179552385,13
2,tv_l_sup,971,0.004119464469618949,0.06405071804517491,13
2,tv_l_ove,499,0.07014028056112225,0.2553832837206251,13
2,fr_antfa,727,0.1609353507565337,0.36747130994596733,13
2,fr_tvs_a,272,0.05514705882352941,0.22826708200404983,13
2,fr_viaje,11,0.0,0.0,13
2,fr_estro,17,0.058823529411764705,0.23529411764705885,13
2,fr_varic,28,0.17857142857142858,0.3829930462415574,13
2,ana_dime,196,1.5561224489795917,0.5819682168421318,13
2,ana_crea,54,0.8888888888888888,0.3142696805273545,13
2,ana_trop,872,0.8555045871559633,0.35159136580847383,13
2,tension_,59,135.89830508474577,22.46480857354245,13
2,ana_hemo,2,12.4,3.5,13
2,ana_plaq,3,195.33333333333334,45.580210130664774,13
2,ana_leuc,11,7.47,1.6829033354187748,13
2,ana_neu,1053,6.425989553656221,3.15457571625068,13
2,protcrea,1322,77.72842511346445,43.21192184811011,13
2,splanchnic,472,0.025423728813559324,0.1574082679746331,13
3,raza,425,2.8823529411764706,0.582323231565392,13
3,ant_inf,21,0.047619047619047616,0.21295885499998,13
3,ant_isq,21,0.0,0.0,13
3,ant_clau,22,0.045454545454545456,0.2082988952252655,13
3,fum_act,32,0.25,0.4330127018922193,13
3,diabetes,21,0.047619047619047616,0.21295885499998,13
3,hip_art,22,0.4090909090909091,0.4916660830178166,13
3,insf_car,4,0.0,0.0,13
3,fibr_aur,202,0.0049504950495049506,0.07018538058791002,13
3,trat_est,26,0.15384615384615385,0.36080121229411,13
3,var171,20,0.0,0.0,13
3,tv_l_esu,372,0.01881720430107527,0.13587905329139902,13
3,tvp_orig,1283,0.24395946999220577,0.429468563451771,13
3,tv_l_ein,279,0.7132616487455197,0.4522382880455198,13
3,tvp_prox,547,0.8683729433272395,0.33808486305131497,13
3,tv_l_svc,485,0.010309278350515464,0.10100988630033723,13
3,tv_l_vre,501,0.00998003992015968,0.099400395991926,13
3,tv_l_vrn,493,0.006085192697768763,0.07776993717111891,13
3,tv_l_vca,959,0.056308654848800835,0.23051678949247803,13
3,tv_l_yug,971,0.013388259526261586,0.11493047477983832,13
3,tv_l_ova,973,0.0041109969167523125,0.06398512812445378,13
3,tv_l_sup,971,0.009268795056642637,0.09582736819322855,13
3,tv_l_ove,499,0.04809619238476954,0.21396950404872367,13
3,fr_antfa,727,0.12929848693259974,0.33553001089252815,13
3,fr_tvs_a,272,0.05514705882352941,0.22826708200404983,13
3,fr_viaje,11,0.09090909090909091,0.2874797872880344,13
3,fr_estro,17,0.058823529411764705,0.23529411764705885,13
3,fr_varic,28,0.25,0.4330127018922193,13
3,ana_dime,196,1.5714285714285714,0.5976143046671968,13
3,ana_crea,54,0.8888888888888888,0.3142696805273545,13
3,ana_trop,872,0.8279816513761468,0.37739639155743887,13
3,tension_,59,131.84745762711864,20.070058278416933,13
3,ana_hemo,2,13.0,1.0999999999999996,13
3,ana_plaq,3,322.0,124.51773635376875,13
3,ana_leuc,11,7.36090909090909,1.803125844170993,13
3,ana_neu,1053,6.434041785375119,3.110077310557761,13
3,protcrea,1322,84.66943419062027,38.717468592944826,13
3,splanchnic,472,0.03177966101694915,0.17541298173908612,13
4,raza,425,2.9835294117647058,0.352752890953603,13
4,ant_inf,21,0.047619047619047616,0.21295885499998,13
4,ant_isq,21,0.0,0.0,13
4,ant_clau,22,0.0,0.0,13
4,fum_act,32,0.125,0.33071891388307384,13
4,diabetes,21,0.047619047619047616,0.21295885499998,13
4,hip_art,22,0.45454545454545453,0.49792959773196915,13
4,insf_car,4,0.0,0.0,13
4,fibr_aur,202,0.009900990099009901,0.099009900990099,13
4,trat_est,26,0.19230769230769232,0.3941134909984461,13
4,var171,20,0.0,0.0,13
4,tv_l_esu,372,0.02956989247311828,0.16939750273320592,13
4,tvp_orig,1283,0.2112236944660951,0.4081767329995535,13
4,tv_l_ein,279,0.7275985663082437,0.44519534208528283,13
4,tvp_prox,547,0.8738574040219378,0.3320100020450853,13
4,tv_l_svc,485,0.010309278350515464,0.10100988630033722,13
4,tv_l_vre,501,0.007984031936127744,0.08899599524793593,13
4,tv_l_vrn,493,0.002028397565922921,0.04499203450876031,13
4,tv_l_vca,959,0.07194994786235662,0.25840501710485575,13
4,tv_l_yug,971,0.015447991761071062,0.12332619880471846,13
4,tv_l_ova,973,0.020554984583761562,0.14188896078456173,13
4,tv_l_sup,971,0.0,0.0,13
4,tv_l_ove,499,0.036072144288577156,0.18646968840806596,13
4,fr_antfa,727,0.1361760660247593,0.34297542924643987,13
4,fr_tvs_a,272,0.04044117647058824,0.1969915930091002,13
4,fr_viaje,11,0.0,0.0,13
4,fr_estro,17,0.0,0.0,13
4,fr_varic,28,0.17857142857142858,0.3829930462415574,13
4,ana_dime,196,1.5561224489795917,0.564162070817513,13
4,ana_crea,54,0.9074074074074074,0.2898606637499727,13
4,ana_trop,872,0.8360091743119266,0.37026724777951575,13
4,tension_,59,128.71186440677965,18.681134186394814,13
4,ana_hemo,2,11.55,2.3500000000000005,13
4,ana_plaq,3,391.6666666666667,190.03566916648978,13
4,ana_leuc,11,5.944545454545454,2.0494405606336206,13
4,ana_neu,1053,6.761807217473884,3.1807037160079417,13
4,protcrea,1322,76.82267170953101,43.72255165808994,13
4,splanchnic,472,0.038135593220338986,0.19152354881338174,13
5,raza,425,2.9341176470588235,0.5943959744097058,13
5,ant_inf,21,0.047619047619047616,0.21295885499998,13
5,ant_isq,21,0.047619047619047616,0.21295885499998,13
5,ant_clau,22,0.0,0.0,13
5,fum_act,32,0.28125,0.4496092053105675,13
5,diabetes,21,0.19047619047619047,0.392676726249301,13
5,hip_art,22,0.4090909090909091,0.4916660830178166,13
5,insf_car,4,0.0,0.0,13
5,fibr_aur,202,0.009900990099009901,0.09900990099009899,13
5,trat_est,26,0.19230769230769232,0.3941134909984461,13
5,var171,20,0.0,0.0,13
5,tv_l_esu,372,0.024193548387096774,0.15364966841336813,13
5,tvp_orig,1283,0.2915042868277475,0.45445520966184755,13
5,tv_l_ein,279,0.7419354838709677,0.43756967633066246,13
5,tvp_prox,547,0.8519195612431444,0.35517970439544083,13
5,tv_l_svc,485,0.012371134020618556,0.11053546518499144,13
5,tv_l_vre,501,0.007984031936127744,0.08899599524793593,13
5,tv_l_vrn,493,0.012170385395537525,0.10964609940559499,13
5,tv_l_vca,959,0.047966631908237745,0.21369565772756682,13
5,tv_l_yug,971,0.008238928939237899,0.0903938548197392,13
5,tv_l_ova,973,0.011305241521068859,0.1057233797947226,13
5,tv_l_sup,971,0.003089598352214212,0.05549822280250251,13
5,tv_l_ove,499,0.04809619238476954,0.21396950404872364,13
5,fr_antfa,727,0.14030261348005502,0.34730072002620627,13
5,fr_tvs_a,272,0.04411764705882353,0.20535647123189618,13
5,fr_viaje,11,0.18181818181818182,0.385694607919935,13
5,fr_estro,17,0.0,0.0,13
5,fr_varic,28,0.14285714285714285,0.3499271061118826,13
5,ana_dime,196,1.5765306122448979,0.5526007194940479,13
5,ana_crea,54,0.9074074074074074,0.28986066374997266,13
5,ana_trop,872,0.8669724770642202,0.3396044774106348,13
5,tension_,59,129.76271186440678,21.131821119634534,13
5,ana_hemo,2,12.950000000000001,3.1500000000000004,13
5,ana_plaq,3,171.66666666666666,67.58862494697036,13
5,ana_leuc,11,6.835454545454545,1.7068704144047513,13
5,ana_neu,1053,6.192110161443495,2.974442990657843,13
5,protcrea,1322,67.05449621785175,50.814758786690426,13
5,splanchnic,472,0.029661016949152543,0.1696503493149797,13
1,raza,425,2.8188235294117647,0.7276867648113857,14
1,ant_inf,21,0.047619047619047616,0.21295885499998,14
1,ant_isq,21,0.0,0.0,14
1,ant_clau,22,0.045454545454545456,0.2082988952252655,14
1,fum_act,32,0.21875,0.41339864235384227,14
1,diabetes,21,0.047619047619047616,0.21295885499998,14
1,hip_art,22,0.3181818181818182,0.46577048936179993,14
1,insf_car,4,0.0,0.0,14
1,fibr_aur,202,0.01485148514851485,0.12095833388980809,14
1,trat_est,26,0.11538461538461539,0.31948553318915673,14
1,var171,20,0.0,0.0,14
1,tv_l_esu,372,0.008064516129032258,0.08943981053555983,14
1,tvp_orig,1283,0.2657833203429462,0.44174941649132377,14
1,tv_l_ein,279,0.7849462365591398,0.4108596381622107,14
1,tvp_prox,547,0.8464351005484461,0.3605311652381637,14
1,tv_l_svc,485,0.008247422680412371,0.09044005030705694,14
1,tv_l_vre,501,0.001996007984031936,0.04463209535927723,14
1,tv_l_vrn,493,0.002028397565922921,0.04499203450876032,14
1,tv_l_vca,959,0.03128258602711158,0.1740804005009408,14
1,tv_l_yug,971,0.015447991761071062,0.12332619880471846,14
1,tv_l_ova,973,0.003083247687564234,0.05544133179552384,14
1,tv_l_sup,971,0.0010298661174047373,0.032074997945205845,14
1,tv_l_ove,499,0.036072144288577156,0.18646968840806596,14
1,fr_antfa,727,0.12104539202200826,0.3261800194558928,14
1,fr_tvs_a,272,0.06985294117647059,0.2548990148773964,14
1,fr_viaje,11,0.0,0.0,14
1,fr_estro,17,0.0,0.0,14
1,fr_varic,28,0.07142857142857142,0.25753937681885636,14
1,ana_dime,196,1.5357142857142858,0.57476703355111,14
1,ana_crea,54,0.9629629629629629,0.18885257457751053,14
1,ana_trop,872,0.8681192660550459,0.3383610585736697,14
1,tension_,59,130.16949152542372,17.528816509280652,14
1,ana_hemo,2,12.05,2.05,14
1,ana_plaq,3,201.33333333333334,32.96799795087486,14
1,ana_leuc,11,5.818181818181818,1.5146665890660749,14
1,ana_neu,1053,6.344903133903133,3.0330211805384937,14
1,protcrea,1322,63.256399394856274,53.89080877613061,14
1,splanchnic,472,0.014830508474576272,0.1208741680135247,14
2,raza,425,2.8941176470588235,0.6365999651044085,14
2,ant_inf,21,0.047619047619047616,0.21295885499998,14
2,ant_isq,21,0.0,0.0,14
2,ant_clau,22,0.045454545454545456,0.20829889522526548,14
2,fum_act,32,0.34375,0.47495887979908324,14
2,diabetes,21,0.047619047619047616,0.21295885499998,14
2,hip_art,22,0.36363636363636365,0.4810456929208346,14
2,insf_car,4,0.0,0.0,14
2,fibr_aur,202,0.0049504950495049506,0.07018538058791002,14
2,trat_est,26,0.19230769230769232,0.3941134909984461,14
2,var171,20,0.05,0.21794494717703364,14
2,tv_l_esu,372,0.024193548387096774,0.15364966841336816,14
2,tvp_orig,1283,0.23850350740452064,0.4261684929230016,14
2,tv_l_ein,279,0.7132616487455197,0.4522382880455198,14
2,tvp_prox,547,0.8555758683729433,0.3515192766134274,14
2,tv_l_svc,485,0.012371134020618556,0.11053546518499141,14
2,tv_l_vre,501,0.013972055888223553,0.11737477387616092,14
2,tv_l_vrn,493,0.002028397565922921,0.04499203450876032,14
2,tv_l_vca,959,0.05005213764337852,0.21805256513214147,14
2,tv_l_yug,971,0.0020597322348094747,0.04533750917210121,14
2,tv_l_ova,973,0.0,0.0,14
2,tv_l_sup,971,0.005149330587023687,0.0715738428584719,14
2,tv_l_ove,499,0.04609218436873747,0.20968475125496314,14
2,fr_antfa,727,0.14718019257221457,0.3542854548053312,14
2,fr_tvs_a,272,0.058823529411764705,0.23529411764705885,14
2,fr_viaje,11,0.0,0.0,14
2,fr_estro,17,0.0,0.0,14
2,fr_varic,28,0.25,0.4330127018922193,14
2,ana_dime,196,1.5357142857142858,0.5922544268491785,14
2,ana_crea,54,0.8888888888888888,0.3142696805273545,14
2,ana_trop,872,0.8577981651376146,0.3492570300282533,14
2,tension_,59,133.22033898305085,21.244395310021897,14
2,ana_hemo,2,15.3,1.7000000000000002,14
2,ana_plaq,3,246.66666666666666,85.88881701879988,14
2,ana_leuc,11,5.368181818181817,1.4457261037078046,14
2,ana_neu,1053,6.585738841405507,3.0197324150778297,14
2,protcrea,1322,19.764901664145235,30.83766969947814,14
2,splanchnic,472,0.029661016949152543,0.1696503493149797,14
3,raza,425,2.8611764705882354,0.6770340364451335,14
3,ant_inf,21,0.0,0.0,14
3,ant_isq,21,0.047619047619047616,0.21295885499998,14
3,ant_clau,22,0.045454545454545456,0.2082988952252655,14
3,fum_act,32,0.3125,0.46351240544347894,14
3,diabetes,21,0.23809523809523808,0.4259177099999599,14
3,hip_art,22,0.22727272727272727,0.41907020260422206,14
3,insf_car,4,0.0,0.0,14
3,fibr_aur,202,0.0297029702970297,0.16976661583645788,14
3,trat_est,26,0.11538461538461539,0.31948553318915673,14
3,var171,20,0.05,0.21794494717703364,14
3,tv_l_esu,372,0.005376344086021506,0.0731261855308357,14
3,tvp_orig,1283,0.22135619641465315,0.4151597652994455,14
3,tv_l_ein,279,0.7813620071684588,0.41332241763801797,14
3,tvp_prox,547,0.8884826325411335,0.31477173350526677,14
3,tv_l_svc,485,0.010309278350515464,0.10100988630033723,14
3,tv_l_vre,501,0.013972055888223553,0.11737477387616092,14
3,tv_l_vrn,493,0.016227180527383367,0.12634816634805224,14
3,tv_l_vca,959,0.06465067778936393,0.24590845380088047,14
3,tv_l_yug,971,0.008238928939237899,0.09039385481973922,14
3,tv_l_ova,973,0.007194244604316547,0.08451323830554483,14
3,tv_l_sup,971,0.007209062821833162,0.08459959949706629,14
3,tv_l_ove,499,0.036072144288577156,0.18646968840806596,14
3,fr_antfa,727,0.10866574965612105,0.31121938324563636,14
3,fr_tvs_a,272,0.058823529411764705,0.23529411764705885,14
3,fr_viaje,11,0.09090909090909091,0.28747978728803447,14
3,fr_estro,17,0.058823529411764705,0.23529411764705885,14
3,fr_varic,28,0.17857142857142858,0.3829930462415574,14
3,ana_dime,196,1.5510204081632653,0.5462758699724153,14
3,ana_crea,54,0.9074074074074074,0.2898606637499727,14
3,ana_trop,872,0.8600917431192661,0.34689182252876544,14
3,tension_,59,135.10169491525423,20.298363393369826,14
3,ana_hemo,2,11.6,3.5,14
3,ana_plaq,3,176.33333333333334,59.64524755213576,14
3,ana_leuc,11,5.943636363636364,1.0075016149526668,14
3,ana_neu,1053,6.559859449192784,3.0284027240556832,14
3,protcrea,1322,46.86875945537065,51.016588057304496,14
3,splanchnic,472,0.036016949152542374,0.18633230671648315,14
4,raza,425,2.8141176470588234,0.71999231060869,14
4,ant_inf,21,0.0,0.0,14
4,ant_isq,21,0.0,0.0,14
4,ant_clau,22,0.0,0.0,14
4,fum_act,32,0.15625,0.3630921887069453,14
4,diabetes,21,0.047619047619047616,0.21295885499998,14
4,hip_art,22,0.3181818181818182,0.46577048936179993,14
4,insf_car,4,0.0,0.0,14
4,fibr_aur,202,0.0049504950495049506,0.07018538058791002,14
4,trat_est,26,0.11538461538461539,0.31948553318915673,14
4,var171,20,0.0,0.0,14
4,tv_l_esu,372,0.013440860215053764,0.11515295693873061,14
4,tvp_orig,1283,0.23538581449727203,0.4242397115201827,14
4,tv_l_ein,279,0.7096774193548387,0.45391120256355777,14
4,tvp_prox,547,0.8994515539305301,0.3007298722483098,14
4,tv_l_svc,485,0.008247422680412371,0.09044005030705693,14
4,tv_l_vre,501,0.007984031936127744,0.08899599524793593,14
4,tv_l_vrn,493,0.010141987829614604,0.10019544856169145,14
4,tv_l_vca,959,0.049009384775808136,0.21588762118219038,14
4,tv_l_yug,971,0.02265705458290422,0.14880763576017034,14
4,tv_l_ova,973,0.0,0.0,14
4,tv_l_sup,971,0.007209062821833162,0.0845995994970663,14
4,tv_l_ove,499,0.050100200400801605,0.21815171399876995,14
4,fr_antfa,727,0.11829436038514443,0.32295635105415404,14
4,fr_tvs_a,272,0.058823529411764705,0.23529411764705885,14
4,fr_viaje,11,0.09090909090909091,0.2874797872880344,14
4,fr_estro,17,0.0,0.0,14
4,fr_varic,28,0.14285714285714285,0.3499271061118826,14
4,ana_dime,196,1.5561224489795917,0.5267471078406528,14
4,ana_crea,54,0.8888888888888888,0.3142696805273545,14
4,ana_trop,872,0.823394495412844,0.3813344992741569,14
4,tension_,59,133.71186440677965,25.112661974375428,14
4,ana_hemo,2,13.7,1.0,14
4,ana_plaq,3,232.0,52.17917847826532,14
4,ana_leuc,11,6.426363636363636,1.8727338923095718,14
4,ana_neu,1053,6.6168812915479585,3.049792536365903,14
4,protcrea,1322,72.21750378214827,50.914852400642225,14
4,splanchnic,472,0.029661016949152543,0.1696503493149797,14
5,raza,425,2.8847058823529412,0.6639464688473082,14
5,ant_inf,21,0.047619047619047616,0.21295885499998,14
5,ant_isq,21,0.047619047619047616,0.21295885499997996,14
5,ant_clau,22,0.0,0.0,14
5,fum_act,32,0.21875,0.41339864235384227,14
5,diabetes,21,0.0,0.0,14
5,hip_art,22,0.22727272727272727,0.41907020260422206,14
5,insf_car,4,0.0,0.0,14
5,fibr_aur,202,0.009900990099009901,0.09900990099009899,14
5,trat_est,26,0.038461538461538464,0.1923076923076923,14
5,var171,20,0.0,0.0,14
5,tv_l_esu,372,0.021505376344086023,0.14506169422830154,14
5,tvp_orig,1283,0.3094310210444271,0.4622590878066438,14
5,tv_l_ein,279,0.7347670250896058,0.44145718244307275,14
5,tvp_prox,547,0.870201096892139,0.33608205524820445,14
5,tv_l_svc,485,0.0,0.0,14
5,tv_l_vre,501,0.007984031936127744,0.08899599524793593,14
5,tv_l_vrn,493,0.006085192697768763,0.07776993717111891,14
5,tv_l_vca,959,0.07090719499478623,0.2566697580408678,14
5,tv_l_yug,971,0.01132852729145211,0.10583095842360561,14
5,tv_l_ova,973,0.007194244604316547,0.08451323830554482,14
5,tv_l_sup,971,0.009268795056642637,0.09582736819322855,14
5,tv_l_ove,499,0.04809619238476954,0.21396950404872367,14
5,fr_antfa,727,0.13342503438789546,0.34003351979839336,14
5,fr_tvs_a,272,0.07720588235294118,0.2669178414475979,14
5,fr_viaje,11,0.0,0.0,14
5,fr_estro,17,0.0,0.0,14
5,fr_varic,28,0.14285714285714285,0.3499271061118826,14
5,ana_dime,196,1.5255102040816326,0.5193817408737235,14
5,ana_crea,54,0.9259259259259259,0.261891400439462,14
5,ana_trop,872,0.8635321100917431,0.3432847286615657,14
5,tension_,59,132.94915254237287,18.001340561016004,14
5,ana_hemo,2,11.3,1.2999999999999998,14
5,ana_plaq,3,238.0,39.65686153324121,14
5,ana_leuc,11,7.149090909090909,1.6199071496705353,14
5,ana_neu,1053,6.451920227920227,3.094238336412582,14
5,protcrea,1322,61.73111951588503,54.22201329977266,14
5,splanchnic,472,0.03389830508474576,0.1809674280005307,14
1,raza,425,2.8305882352941176,0.6822149961984582,15
1,ant_inf,21,0.047619047619047616,0.21295885499997996,15
1,ant_isq,21,0.09523809523809523,0.29354352395090366,15
1,ant_clau,22,0.045454545454545456,0.2082988952252655,15
1,fum_act,32,0.375,0.4841229182759271,15
1,diabetes,21,0.09523809523809523,0.29354352395090366,15
1,hip_art,22,0.3181818181818182,0.46577048936179993,15
1,insf_car,4,0.0,0.0,15
1,fibr_aur,202,0.01485148514851485,0.12095833388980809,15
1,trat_est,26,0.23076923076923078,0.42132504423474315,15
1,var171,20,0.0,0.0,15
1,tv_l_esu,372,0.013440860215053764,0.11515295693873061,15
1,tvp_orig,1283,0.20810600155884645,0.405953068314597,15
1,tv_l_ein,279,0.7562724014336918,0.4293302414964601,15
1,tvp_prox,547,0.8848263254113345,0.31923141961656853,15
1,tv_l_svc,485,0.008247422680412371,0.09044005030705694,15
1,tv_l_vre,501,0.015968063872255488,0.12535184405674718,15
1,tv_l_vrn,493,0.004056795131845842,0.06356364955777848,15
1,tv_l_vca,959,0.061522419186652764,0.240286102644482,15
1,tv_l_yug,971,0.017507723995880537,0.13115335907388956,15
1,tv_l_ova,973,0.0020554984583761563,0.045290985686599596,15
1,tv_l_sup,971,0.018537590113285273,0.13488494306658955,15
1,tv_l_ove,499,0.036072144288577156,0.18646968840806596,15
1,fr_antfa,727,0.14718019257221457,0.3542854548053312,15
1,fr_tvs_a,272,0.025735294117647058,0.15834452549527964,15
1,fr_viaje,11,0.09090909090909091,0.2874797872880344,15
1,fr_estro,17,0.058823529411764705,0.23529411764705885,15
1,fr_varic,28,0.21428571428571427,0.410325903324145,15
1,ana_dime,196,1.5255102040816326,0.5753102489517616,15
1,ana_crea,54,0.9074074074074074,0.28986066374997266,15
1,ana_trop,872,0.8222477064220184,0.3823040880055413,15
1,tension_,59,130.6949152542373,20.055223958950588,15
1,ana_hemo,2,15.8,0.10000000000000053,15
1,ana_plaq,3,275.6666666666667,27.644569488820444,15
1,ana_leuc,11,9.46909090909091,1.6819277605579668,15
1,ana_neu,1053,6.096174738841405,3.107761923425797,15
1,protcrea,1322,48.230960665658095,41.53575313949804,15
1,splanchnic,472,0.0211864406779661,0.14400547006751213,15
2,raza,425,2.8823529411764706,0.632674336929353,15
2,ant_inf,21,0.0,0.0,15
2,ant_isq,21,0.0,0.0,15
2,ant_clau,22,0.0,0.0,15
2,fum_act,32,0.1875,0.3903123748998999,15
2,diabetes,21,0.09523809523809523,0.29354352395090366,15
2,hip_art,22,0.3181818181818182,0.46577048936179993,15
2,insf_car,4,0.25,0.4330127018922193,15
2,fibr_aur,202,0.01485148514851485,0.12095833388980809,15
2,trat_est,26,0.19230769230769232,0.3941134909984461,15
2,var171,20,0.05,0.21794494717703364,15
2,tv_l_esu,372,0.01881720430107527,0.13587905329139904,15
2,tvp_orig,1283,0.2782540919719408,0.44813921081825847,15
2,tv_l_ein,279,0.7562724014336918,0.4293302414964601,15
2,tvp_prox,547,0.8628884826325411,0.3439650406257181,15
2,tv_l_svc,485,0.012371134020618556,0.11053546518499142,15
2,tv_l_vre,501,0.013972055888223553,0.11737477387616092,15
2,tv_l_vrn,493,0.012170385395537525,0.10964609940559499,15
2,tv_l_vca,959,0.09071949947862357,0.28720980466023716,15
2,tv_l_yug,971,0.024716786817713696,0.1552606430075613,15
2,tv_l_ova,973,0.0010277492291880781,0.03204204988308304,15
2,tv_l_sup,971,0.007209062821833162,0.0845995994970663,15
2,tv_l_ove,499,0.05410821643286573,0.2262311148965144,15
2,fr_antfa,727,0.11691884456671252,0.32132355710700305,15
2,fr_tvs_a,272,0.0661764705882353,0.24859031624083774,15
2,fr_viaje,11,0.0,0.0,15
2,fr_estro,17,0.0,0.0,15
2,fr_varic,28,0.35714285714285715,0.47915742374995496,15
2,ana_dime,196,1.5714285714285714,0.5802884574739972,15
2,ana_crea,54,0.8148148148148148,0.38844772154450063,15
2,ana_trop,872,0.8256880733944955,0.37937748858963916,15
2,tension_,59,131.15254237288136,19.947230009747315,15
2,ana_hemo,2,12.95,0.04999999999999982,15
2,ana_plaq,3,257.3333333333333,39.83577398380618,15
2,ana_leuc,11,8.738181818181818,2.37832186132009,15
2,ana_neu,1053,6.552442545109211,3.1309057183296507,15
2,protcrea,1322,80.52648260211801,52.96240716942638,15
2,splanchnic,472,0.012711864406779662,0.11202800056273124,15
3,raza,425,2.8305882352941176,0.6611974038972138,15
3,ant_inf,21,0.0,0.0,15
3,ant_isq,21,0.0,0.0,15
3,ant_clau,22,0.0,0.0,15
3,fum_act,32,0.3125,0.46351240544347894,15
3,diabetes,21,0.0,0.0,15
3,hip_art,22,0.3181818181818182,0.46577048936179993,15
3,insf_car,4,0.0,0.0,15
3,fibr_aur,202,0.009900990099009901,0.099009900990099,15
3,trat_est,26,0.07692307692307693,0.26646935501059654,15
3,var171,20,0.05,0.21794494717703367,15
3,tv_l_esu,372,0.01881720430107527,0.13587905329139904,15
3,tvp_orig,1283,0.22135619641465315,0.4151597652994455,15
3,tv_l_ein,279,0.7526881720430108,0.43144951930621245,15
3,tvp_prox,547,0.8574040219378428,0.3496603567787661,15
3,tv_l_svc,485,0.004123711340206186,0.06408358873369097,15
3,tv_l_vre,501,0.00998003992015968,0.09940039599192599,15
3,tv_l_vrn,493,0.006085192697768763,0.07776993717111891,15
3,tv_l_vca,959,0.06256517205422316,0.2421792131873597,15
3,tv_l_yug,971,0.017507723995880537,0.13115335907388956,15
3,tv_l_ova,973,0.009249743062692703,0.09572975146717383,15
3,tv_l_sup,971,0.0010298661174047373,0.032074997945205845,15
3,tv_l_ove,499,0.05410821643286573,0.22623111489651437,15
3,fr_antfa,727,0.14030261348005502,0.34730072002620627,15
3,fr_tvs_a,272,0.05514705882352941,0.22826708200404983,15
3,fr_viaje,11,0.0,0.0,15
3,fr_estro,17,0.058823529411764705,0.23529411764705885,15
3,fr_varic,28,0.14285714285714285,0.3499271061118826,15
3,ana_dime,196,1.5510204081632653,0.5911325860391935,15
3,ana_crea,54,0.8518518518518519,0.3552467795046459,15
3,ana_trop,872,0.8646788990825688,0.3420662224831993,15
3,tension_,59,131.5084745762712,19.25156641776168,15
3,ana_hemo,2,12.7,2.0,15
3,ana_plaq,3,213.33333333333334,47.541794478355804,15
3,ana_leuc,11,9.044545454545457,3.031793239641167,15
3,ana_neu,1053,6.21770180436847,3.048386156000189,15
3,protcrea,1322,71.26155824508321,45.79037382562828,15
3,splanchnic,472,0.0211864406779661,0.14400547006751213,15
4,raza,425,2.898823529411765,0.6261918739298512,15
4,ant_inf,21,0.0,0.0,15
4,ant_isq,21,0.0,0.0,15
4,ant_clau,22,0.0,0.0,15
4,fum_act,32,0.1875,0.3903123748998999,15
4,diabetes,21,0.09523809523809523,0.2935435239509036,15
4,hip_art,22,0.4090909090909091,0.4916660830178166,15
4,insf_car,4,0.25,0.4330127018922193,15
4,fibr_aur,202,0.0049504950495049506,0.07018538058791002,15
4,trat_est,26,0.11538461538461539,0.31948553318915673,15
4,var171,20,0.0,0.0,15
4,tv_l_esu,372,0.016129032258064516,0.12597176896623638,15
4,tvp_orig,1283,0.2151208106001559,0.41090612972659313,15
4,tv_l_ein,279,0.7849462365591398,0.4108596381622107,15
4,tvp_prox,547,0.8555758683729433,0.35151927661342736,15
4,tv_l_svc,485,0.004123711340206186,0.06408358873369095,15
4,tv_l_vre,501,0.011976047904191617,0.10877785703344282,15
4,tv_l_vrn,493,0.010141987829614604,0.10019544856169145,15
4,tv_l_vca,959,0.053180396246089674,0.22439305181132188,15
4,tv_l_yug,971,0.003089598352214212,0.055498222802502495,15
4,tv_l_ova,973,0.003083247687564234,0.055441331795523845,15
4,tv_l_sup,971,0.0020597322348094747,0.04533750917210122,15
4,tv_l_ove,499,0.07214428857715431,0.258726670837876,15
4,fr_antfa,727,0.14030261348005502,0.34730072002620627,15
4,fr_tvs_a,272,0.051470588235294115,0.22095557648995173,15
4,fr_viaje,11,0.18181818181818182,0.38569460791993493,15
4,fr_estro,17,0.11764705882352941,0.32218973970892123,15
4,fr_varic,28,0.21428571428571427,0.41032590332414487,15
4,ana_dime,196,1.4387755102040816,0.5987457388645143,15
4,ana_crea,54,0.9074074074074074,0.2898606637499726,15
4,ana_trop,872,0.8142201834862385,0.38892888333199754,15
4,tension_,59,124.88135593220339,23.19050415379559,15
4,ana_hemo,2,14.2,0.7000000000000002,15
4,ana_plaq,3,161.0,16.990193249832878,15
4,ana_leuc,11,8.93909090909091,2.4109728498356486,15
4,ana_neu,1053,6.494824311490978,3.09887393273668,15
4,protcrea,1322,64.22701210287443,41.02004286768509,15
4,splanchnic,472,0.02754237288135593,0.16365754054555592,15
5,raza,425,2.891764705882353,0.5841457845245952,15
5,ant_inf,21,0.09523809523809523,0.2935435239509036,15
5,ant_isq,21,0.0,0.0,15
5,ant_clau,22,0.0,0.0,15
5,fum_act,32,0.28125,0.4496092053105675,15
5,diabetes,21,0.09523809523809523,0.2935435239509036,15
5,hip_art,22,0.2727272727272727,0.4453617714151233,15
5,insf_car,4,0.0,0.0,15
5,fibr_aur,202,0.019801980198019802,0.1393192799947553,15
5,trat_est,26,0.23076923076923078,0.4213250442347432,15
5,var171,20,0.0,0.0,15
5,tv_l_esu,372,0.01881720430107527,0.13587905329139902,15
5,tvp_orig,1283,0.20576773187840997,0.40426151485891504,15
5,tv_l_ein,279,0.7455197132616488,0.43556867472296235,15
5,tvp_prox,547,0.8848263254113345,0.31923141961656853,15
5,tv_l_svc,485,0.006185567010309278,0.07840475604878988,15
5,tv_l_vre,501,0.00998003992015968,0.099400395991926,15
5,tv_l_vrn,493,0.014198782961460446,0.118309667922253,15
5,tv_l_vca,959,0.047966631908237745,0.21369565772756682,15
5,tv_l_yug,971,0.003089598352214212,0.055498222802502495,15
5,tv_l_ova,973,0.0051387461459403904,0.07150062540976809,15
5,tv_l_sup,971,0.0,0.0,15
5,tv_l_ove,499,0.07214428857715431,0.258726670837876,15
5,fr_antfa,727,0.12379642365887207,0.3293491599323507,15
5,fr_tvs_a,272,0.03308823529411765,0.17886700081132556,15
5,fr_viaje,11,0.0,0.0,15
5,fr_estro,17,0.0,0.0,15
5,fr_varic,28,0.07142857142857142,0.25753937681885636,15
5,ana_dime,196,1.510204081632653,0.5577816477027122,15
5,ana_crea,54,0.9444444444444444,0.2290614236454256,15
5,ana_trop,872,0.8543577981651376,0.35274714864837053,15
5,tension_,59,128.79661016949152,19.50730385684517,15
5,ana_hemo,2,12.5,3.0999999999999996,15
5,ana_plaq,3,218.0,47.54646849837185,15
5,ana_leuc,11,9.892727272727273,2.2077964782235244,15
5,ana_neu,1053,6.44242260208927,3.111825583549489,15
5,protcrea,1322,81.75689107413011,44.83920487069259,15
5,splanchnic,472,0.025423728813559324,0.15740826797463311,15
1,raza,425,2.8705882352941177,0.6209714456657246,16
1,ant_inf,21,0.0,0.0,16
1,ant_isq,21,0.047619047619047616,0.21295885499998,16
1,ant_clau,22,0.0,0.0,16
1,fum_act,32,0.25,0.4330127018922193,16
1,diabetes,21,0.047619047619047616,0.21295885499997996,16
1,hip_art,22,0.3181818181818182,0.46577048936179993,16
1,insf_car,4,0.0,0.0,16
1,fibr_aur,202,0.009900990099009901,0.099009900990099,16
1,trat_est,26,0.19230769230769232,0.3941134909984461,16
1,var171,20,0.0,0.0,16
1,tv_l_esu,372,0.013440860215053764,0.11515295693873061,16
1,tvp_orig,1283,0.24551831644583008,0.43039409003311757,16
1,tv_l_ein,279,0.7526881720430108,0.43144951930621245,16
1,tvp_prox,547,0.850091407678245,0.3569818010345414,16
1,tv_l_svc,485,0.02268041237113402,0.14888254184359334,16
1,tv_l_vre,501,0.0,0.0,16
1,tv_l_vrn,493,0.004056795131845842,0.06356364955777848,16
1,tv_l_vca,959,0.05213764337851929,0.22230454228704735,16
1,tv_l_yug,971,0.018537590113285273,0.13488494306658955,16
1,tv_l_ova,973,0.009249743062692703,0.09572975146717383,16
1,tv_l_sup,971,0.009268795056642637,0.09582736819322855,16
1,tv_l_ove,499,0.056112224448897796,0.2301383121435766,16
1,fr_antfa,727,0.11966987620357634,0.3245751021458625,16
1,fr_tvs_a,272,0.058823529411764705,0.23529411764705885,16
1,fr_viaje,11,0.0,0.0,16
1,fr_estro,17,0.0,0.0,16
1,fr_varic,28,0.07142857142857142,0.25753937681885636,16
1,ana_dime,196,1.586734693877551,0.5869564798215435,16
1,ana_crea,54,0.8333333333333334,0.37267799624996495,16
1,ana_trop,872,0.9048165137614679,0.29346820983883637,16
1,tension_,59,138.3050847457627,22.87568040094933,16
1,ana_hemo,2,12.15,0.15000000000000036,16
1,ana_plaq,3,282.3333333333333,146.20153517965838,16
1,ana_leuc,11,9.382727272727273,2.1327024721490675,16
1,ana_neu,1053,6.165802469135802,3.01818868074024,16
1,protcrea,1322,58.144111951588506,55.59319047085504,16
1,splanchnic,472,0.023305084745762712,0.15087066570660954,16
2,raza,425,2.908235294117647,0.521132649864049,16
2,ant_inf,21,0.0,0.0,16
2,ant_isq,21,0.047619047619047616,0.21295885499998,16
2,ant_clau,22,0.0,0.0,16
2,fum_act,32,0.15625,0.3630921887069453,16
2,diabetes,21,0.047619047619047616,0.21295885499998,16
2,hip_art,22,0.3181818181818182,0.46577048936179993,16
2,insf_car,4,0.25,0.4330127018922193,16
2,fibr_aur,202,0.019801980198019802,0.13931927999475532,16
2,trat_est,26,0.19230769230769232,0.3941134909984461,16
2,var171,20,0.0,0.0,16
2,tv_l_esu,372,0.008064516129032258,0.08943981053555984,16
2,tvp_orig,1283,0.17926734216679657,0.3835760188010315,16
2,tv_l_ein,279,0.7741935483870968,0.4181123031230877,16
2,tvp_prox,547,0.8537477148080439,0.35335895951296725,16
2,tv_l_svc,485,0.008247422680412371,0.09044005030705694,16
2,tv_l_vre,501,0.007984031936127744,0.08899599524793592,16
2,tv_l_vrn,493,0.006085192697768763,0.07776993717111891,16
2,tv_l_vca,959,0.058394160583941604,0.23448727597385413,16
2,tv_l_yug,971,0.010298661174047374,0.10095840109703375,16
2,tv_l_ova,973,0.0051387461459403904,0.07150062540976809,16
2,tv_l_sup,971,0.0,0.0,16
2,tv_l_ove,499,0.06613226452905811,0.24851315481743982,16
2,fr_antfa,727,0.11966987620357634,0.32457510214586244,16
2,fr_tvs_a,272,0.04044117647058824,0.1969915930091002,16
2,fr_viaje,11,0.0,0.0,16
2,fr_estro,17,0.058823529411764705,0.23529411764705885,16
2,fr_varic,28,0.17857142857142858,0.3829930462415574,16
2,ana_dime,196,1.586734693877551,0.5510912652854207,16
2,ana_crea,54,0.9074074074074074,0.28986066374997266,16
2,ana_trop,872,0.8841743119266054,0.32001577782309304,16
2,tension_,59,133.72881355932202,23.6348138138655,16
2,ana_hemo,2,12.100000000000001,3.3,16
2,ana_plaq,3,297.3333333333333,66.78489516516608,16
2,ana_leuc,11,9.477272727272727,2.4696635431833474,16
2,ana_neu,1053,6.295660968660969,3.125448252138506,16
2,protcrea,1322,73.54128895612708,62.3722184902184,16
2,splanchnic,472,0.0211864406779661,0.14400547006751213,16
3,raza,425,2.8611764705882354,0.6376600823501793,16
3,ant_inf,21,0.0,0.0,16
3,ant_isq,21,0.0,0.0,16
3,ant_clau,22,0.0,0.0,16
3,fum_act,32,0.25,0.4330127018922193,16
3,diabetes,21,0.14285714285714285,0.3499271061118826,16
3,hip_art,22,0.5,0.5,16
3,insf_car,4,0.0,0.0,16
3,fibr_aur,202,0.0,0.0,16
3,trat_est,26,0.23076923076923078,0.4213250442347432,16
3,var171,20,0.0,0.0,16
3,tv_l_esu,372,0.005376344086021506,0.0731261855308357,16
3,tvp_orig,1283,0.1270459859703819,0.3330244787086911,16
3,tv_l_ein,279,0.8136200716845878,0.38941295643128515,16
3,tvp_prox,547,0.8903107861060329,0.3125019843925645,16
3,tv_l_svc,485,0.002061855670103093,0.04536082474226804,16
3,tv_l_vre,501,0.001996007984031936,0.04463209535927723,16
3,tv_l_vrn,493,0.014198782961460446,0.118309667922253,16
3,tv_l_vca,959,0.043795620437956206,0.20464008421717064,16
3,tv_l_yug,971,0.01132852729145211,0.10583095842360561,16
3,tv_l_ova,973,0.0051387461459403904,0.07150062540976809,16
3,tv_l_sup,971,0.004119464469618949,0.06405071804517491,16
3,tv_l_ove,499,0.08216432865731463,0.27461491538808924,16
3,fr_antfa,727,0.13480055020632736,0.34151041253583875,16
3,fr_tvs_a,272,0.04044117647058824,0.1969915930091002,16
3,fr_viaje,11,0.0,0.0,16
3,fr_estro,17,0.0,0.0,16
3,fr_varic,28,0.14285714285714285,0.3499271061118826,16
3,ana_dime,196,1.4846938775510203,0.5576649643033846,16
3,ana_crea,54,0.9074074074074074,0.2898606637499727,16
3,ana_trop,872,0.8841743119266054,0.32001577782309304,16
3,tension_,59,132.9322033898305,23.63914048652538,16
3,ana_hemo,2,13.95,1.6499999999999995,16
3,ana_plaq,3,281.0,91.54598116065317,16
3,ana_leuc,11,9.785454545454545,2.115550062304294,16
3,ana_neu,1053,6.758886989553656,3.1076548114172438,16
3,protcrea,1322,57.59251285930408,63.261736863044696,16
3,splanchnic,472,0.019067796610169493,0.13676335672468232,16
4,raza,425,2.9105882352941177,0.5669367698765554,16
4,ant_inf,21,0.0,0.0,16
4,ant_isq,21,0.047619047619047616,0.21295885499998,16
4,ant_clau,22,0.0,0.0,16
4,fum_act,32,0.21875,0.41339864235384227,16
4,diabetes,21,0.047619047619047616,0.21295885499998,16
4,hip_art,22,0.36363636363636365,0.4810456929208346,16
4,insf_car,4,0.0,0.0,16
4,fibr_aur,202,0.019801980198019802,0.13931927999475532,16
4,trat_est,26,0.15384615384615385,0.36080121229410994,16
4,var171,20,0.0,0.0,16
4,tv_l_esu,372,0.013440860215053764,0.11515295693873061,16
4,tvp_orig,1283,0.16601714731098988,0.3720960280756984,16
4,tv_l_ein,279,0.7956989247311828,0.40318996256457357,16
4,tvp_prox,547,0.8738574040219378,0.3320100020450853,16
4,tv_l_svc,485,0.016494845360824743,0.12736862030087012,16
4,tv_l_vre,501,0.0,0.0,16
4,tv_l_vrn,493,0.008113590263691683,0.08970930786002425,16
4,tv_l_vca,959,0.05213764337851929,0.22230454228704738,16
4,tv_l_yug,971,0.005149330587023687,0.0715738428584719,16
4,tv_l_ova,973,0.0010277492291880781,0.03204204988308304,16
4,tv_l_sup,971,0.0,0.0,16
4,tv_l_ove,499,0.06613226452905811,0.24851315481743982,16
4,fr_antfa,727,0.11691884456671252,0.32132355710700305,16
4,fr_tvs_a,272,0.04779411764705882,0.21333035406476486,16
4,fr_viaje,11,0.09090909090909091,0.28747978728803447,16
4,fr_estro,17,0.0,0.0,16
4,fr_varic,28,0.2857142857142857,0.45175395145262565,16
4,ana_dime,196,1.5714285714285714,0.5345224838248488,16
4,ana_crea,54,0.8703703703703703,0.33589550272624175,16
4,ana_trop,872,0.8371559633027523,0.36922331509452805,16
4,tension_,59,129.40677966101694,19.147171888410362,16
4,ana_hemo,2,14.55,0.5499999999999998,16
4,ana_plaq,3,299.0,114.73738129601297,16
4,ana_leuc,11,9.68909090909091,2.1959071620773973,16
4,ana_neu,1053,6.748332383665717,3.0108434226213077,16
4,protcrea,1322,53.47563993948563,66.00403241450286,16
4,splanchnic,472,0.023305084745762712,0.1508706657066095,16
5,raza,425,2.898823529411765,0.5586736641150885,16
5,ant_inf,21,0.0,0.0,16
5,ant_isq,21,0.047619047619047616,0.21295885499998,16
5,ant_clau,22,0.0,0.0,16
5,fum_act,32,0.25,0.4330127018922193,16
5,diabetes,21,0.0,0.0,16
5,hip_art,22,0.18181818181818182,0.38569460791993493,16
5,insf_car,4,0.0,0.0,16
5,fibr_aur,202,0.0,0.0,16
5,trat_est,26,0.15384615384615385,0.36080121229411,16
5,var171,20,0.0,0.0,16
5,tv_l_esu,372,0.03494623655913978,0.18364366885218894,16
5,tvp_orig,1283,0.2790335151987529,0.44852403792280776,16
5,tv_l_ein,279,0.7813620071684588,0.41332241763801797,16
5,tvp_prox,547,0.8555758683729433,0.3515192766134274,16
5,tv_l_svc,485,0.016494845360824743,0.1273686203008701,16
5,tv_l_vre,501,0.011976047904191617,0.10877785703344282,16
5,tv_l_vrn,493,0.004056795131845842,0.06356364955777848,16
5,tv_l_vca,959,0.04275286757038582,0.20229943125203012,16
5,tv_l_yug,971,0.0020597322348094747,0.04533750917210122,16
5,tv_l_ova,973,0.0041109969167523125,0.0639851281244538,16
5,tv_l_sup,971,0.012358393408856848,0.11047924475307011,16
5,tv_l_ove,499,0.050100200400801605,0.21815171399876995,16
5,fr_antfa,727,0.1361760660247593,0.3429754292464399,16
5,fr_tvs_a,272,0.025735294117647058,0.1583445254952796,16
5,fr_viaje,11,0.0,0.0,16
5,fr_estro,17,0.0,0.0,16
5,fr_varic,28,0.21428571428571427,0.41032590332414487,16
5,ana_dime,196,1.5561224489795917,0.5457753007271384,16
5,ana_crea,54,0.9074074074074074,0.2898606637499727,16
5,ana_trop,872,0.823394495412844,0.38133449927415686,16
5,tension_,59,139.32203389830508,24.913028841005044,16
5,ana_hemo,2,12.55,2.05,16
5,ana_plaq,3,229.66666666666666,43.70608907489004,16
5,ana_leuc,11,8.457272727272729,2.7829059073666502,16
5,ana_neu,1053,6.519567901234568,3.134816495732029,16
5,protcrea,1322,78.94334947049924,58.44770220595705,16
5,splanchnic,472,0.0211864406779661,0.14400547006751213,16
1,raza,425,2.887058823529412,0.6766332285304625,17
1,ant_inf,21,0.0,0.0,17
1,ant_isq,21,0.0,0.0,17
1,ant_clau,22,0.0,0.0,17
1,fum_act,32,0.3125,0.46351240544347894,17
1,diabetes,21,0.0,0.0,17
1,hip_art,22,0.5,0.5,17
1,insf_car,4,0.0,0.0,17
1,fibr_aur,202,0.009900990099009901,0.09900990099009899,17
1,trat_est,26,0.23076923076923078,0.42132504423474315,17
1,var171,20,0.05,0.21794494717703364,17
1,tv_l_esu,372,0.053763440860215055,0.22555028992906484,17
1,tvp_orig,1283,0.2720187061574435,0.4449994715253872,17
1,tv_l_ein,279,0.6487455197132617,0.47736230513649874,17
1,tvp_prox,547,0.8190127970749543,0.3850075782402394,17
1,tv_l_svc,485,0.010309278350515464,0.10100988630033722,17
1,tv_l_vre,501,0.00998003992015968,0.09940039599192599,17
1,tv_l_vrn,493,0.008113590263691683,0.08970930786002425,17
1,tv_l_vca,959,0.06777893639207508,0.25136617149814355,17
1,tv_l_yug,971,0.015447991761071062,0.12332619880471846,17
1,tv_l_ova,973,0.0051387461459403904,0.07150062540976809,17
1,tv_l_sup,971,0.009268795056642637,0.09582736819322855,17
1,tv_l_ove,499,0.056112224448897796,0.23013831214357663,17
1,fr_antfa,727,0.14442916093535077,0.3515243638879975,17
1,fr_tvs_a,272,0.04411764705882353,0.20535647123189618,17
1,fr_viaje,11,0.0,0.0,17
1,fr_estro,17,0.0,0.0,17
1,fr_varic,28,0.21428571428571427,0.41032590332414487,17
1,ana_dime,196,1.4591836734693877,0.5832415984670709,17
1,ana_crea,54,0.9259259259259259,0.261891400439462,17
1,ana_trop,872,0.8715596330275229,0.3345794959414765,17
1,tension_,59,133.9322033898305,21.72389483977217,17
1,ana_hemo,2,13.85,1.1500000000000004,17
1,ana_plaq,3,247.33333333333334,129.11579643439796,17
1,ana_leuc,11,6.8572727272727265,2.540587229573978,17
1,ana_neu,1053,6.408320037986705,3.0237704727599053,17
1,protcrea,1322,79.81091527987897,59.9256058358203,17
1,splanchnic,472,0.029661016949152543,0.1696503493149797,17
2,raza,425,2.896470588235294,0.6239244031929302,17
2,ant_inf,21,0.0,0.0,17
2,ant_isq,21,0.0,0.0,17
2,ant_clau,22,0.0,0.0,17
2,fum_act,32,0.25,0.4330127018922193,17
2,diabetes,21,0.0,0.0,17
2,hip_art,22,0.3181818181818182,0.46577048936179993,17
2,insf_car,4,0.0,0.0,17
2,fibr_aur,202,0.01485148514851485,0.12095833388980809,17
2,trat_est,26,0.15384615384615385,0.36080121229411,17
2,var171,20,0.05,0.21794494717703364,17
2,tv_l_esu,372,0.07526881720430108,0.26382460529860857,17
2,tvp_orig,1283,0.24473889321901793,0.4299322823014667,17
2,tv_l_ein,279,0.7060931899641577,0.45554977450372813,17
2,tvp_prox,547,0.8519195612431444,0.35517970439544083,17
2,tv_l_svc,485,0.012371134020618556,0.11053546518499142,17
2,tv_l_vre,501,0.01996007984031936,0.13986305821441,17
2,tv_l_vrn,493,0.002028397565922921,0.04499203450876032,17
2,tv_l_vca,959,0.04275286757038582,0.20229943125203015,17
2,tv_l_yug,971,0.014418125643666324,0.11920672504766575,17
2,tv_l_ova,973,0.0,0.0,17
2,tv_l_sup,971,0.009268795056642637,0.09582736819322855,17
2,tv_l_ove,499,0.09018036072144289,0.2864399819536255,17
2,fr_antfa,727,0.1279229711141678,0.3340040188014084,17
2,fr_tvs_a,272,0.04044117647058824,0.1969915930091002,17
2,fr_viaje,11,0.09090909090909091,0.28747978728803447,17
2,fr_estro,17,0.058823529411764705,0.23529411764705885,17
2,fr_varic,28,0.2857142857142857,0.45175395145262565,17
2,ana_dime,196,1.5051020408163265,0.5578516460273528,17
2,ana_crea,54,0.8703703703703703,0.3358955027262418,17
2,ana_trop,872,0.9025229357798165,0.2966062814088699,17
2,tension_,59,133.22033898305085,25.645608073204514,17
2,ana_hemo,2,13.5,0.8000000000000007,17
2,ana_plaq,3,255.0,112.81843820936363,17
2,ana_leuc,11,6.8209090909090895,1.8052975304790395,17
2,ana_neu,1053,6.704581196581197,3.055438938614982,17
2,protcrea,1322,76.36254765506808,61.237461373691225,17
2,splanchnic,472,0.025423728813559324,0.15740826797463311,17
3,raza,425,2.8588235294117648,0.6851868131087547,17
3,ant_inf,21,0.19047619047619047,0.39267672624930106,17
3,ant_isq,21,0.0,0.0,17
3,ant_clau,22,0.09090909090909091,0.2874797872880344,17
3,fum_act,32,0.28125,0.4496092053105675,17
3,diabetes,21,0.09523809523809523,0.29354352395090366,17
3,hip_art,22,0.36363636363636365,0.4810456929208346,17
3,insf_car,4,0.0,0.0,17
3,fibr_aur,202,0.0,0.0,17
3,trat_est,26,0.2692307692307692,0.4435600997950307,17
3,var171,20,0.0,0.0,17
3,tv_l_esu,372,0.04838709677419355,0.21458281767177534,17
3,tvp_orig,1283,0.2720187061574435,0.4449994715253872,17
3,tv_l_ein,279,0.7311827956989247,0.4433446909266302,17
3,tvp_prox,547,0.8738574040219378,0.3320100020450853,17
3,tv_l_svc,485,0.008247422680412371,0.09044005030705694,17
3,tv_l_vre,501,0.011976047904191617,0.10877785703344282,17
3,tv_l_vrn,493,0.018255578093306288,0.1338742393509128,17
3,tv_l_vca,959,0.047966631908237745,0.2136956577275668,17
3,tv_l_yug,971,0.006179196704428424,0.07836462360348836,17
3,tv_l_ova,973,0.006166495375128468,0.07828454323758291,17
3,tv_l_sup,971,0.014418125643666324,0.11920672504766575,17
3,tv_l_ove,499,0.04208416833667335,0.2007812020884522,17
3,fr_antfa,727,0.14167812929848694,0.3487197111964968,17
3,fr_tvs_a,272,0.06985294117647059,0.2548990148773964,17
3,fr_viaje,11,0.0,0.0,17
3,fr_estro,17,0.0,0.0,17
3,fr_varic,28,0.03571428571428571,0.1855768722395226,17
3,ana_dime,196,1.586734693877551,0.5602728480896955,17
3,ana_crea,54,0.9259259259259259,0.261891400439462,17
3,ana_trop,872,0.8681192660550459,0.3383610585736697,17
3,tension_,59,130.83050847457628,18.52085635386325,17
3,ana_hemo,2,12.25,2.25,17
3,ana_plaq,3,269.0,22.861904265976328,17
3,ana_leuc,11,7.450909090909092,1.9117219964564767,17
3,ana_neu,1053,6.592509971509972,3.0915042406931055,17
3,protcrea,1322,49.842379727685326,50.60579029182375,17
3,splanchnic,472,0.012711864406779662,0.11202800056273124,17
4,raza,425,2.9176470588235293,0.5782685048209181,17
4,ant_inf,21,0.047619047619047616,0.21295885499997996,17
4,ant_isq,21,0.0,0.0,17
4,ant_clau,22,0.0,0.0,17
4,fum_act,32,0.3125,0.46351240544347894,17
4,diabetes,21,0.09523809523809523,0.29354352395090366,17
4,hip_art,22,0.3181818181818182,0.46577048936179993,17
4,insf_car,4,0.0,0.0,17
4,fibr_aur,202,0.024752475247524754,0.15536984976708135,17
4,trat_est,26,0.11538461538461539,0.31948553318915673,17
4,var171,20,0.0,0.0,17
4,tv_l_esu,372,0.053763440860215055,0.22555028992906484,17
4,tvp_orig,1283,0.2377240841777085,0.425689257533683,17
4,tv_l_ein,279,0.8028673835125448,0.3978333168605479,17
4,tvp_prox,547,0.8756855575868373,0.32993993668646293,17
4,tv_l_svc,485,0.008247422680412371,0.09044005030705694,17
4,tv_l_vre,501,0.011976047904191617,0.10877785703344282,17
4,tv_l_vrn,493,0.006085192697768763,0.0777699371711189,17
4,tv_l_vca,959,0.022940563086548488,0.14971403959489094,17
4,tv_l_yug,971,0.007209062821833162,0.0845995994970663,17
4,tv_l_ova,973,0.006166495375128468,0.07828454323758291,17
4,tv_l_sup,971,0.013388259526261586,0.11493047477983831,17
4,tv_l_ove,499,0.04809619238476954,0.21396950404872367,17
4,fr_antfa,727,0.13342503438789546,0.34003351979839336,17
4,fr_tvs_a,272,0.058823529411764705,0.23529411764705885,17
4,fr_viaje,11,0.09090909090909091,0.2874797872880344,17
4,fr_estro,17,0.058823529411764705,0.23529411764705885,17
4,fr_varic,28,0.10714285714285714,0.30929478706587094,17
4,ana_dime,196,1.4846938775510203,0.5931328172864047,17
4,ana_crea,54,0.8703703703703703,0.3358955027262418,17
4,ana_trop,872,0.8818807339449541,0.3227492913108613,17
4,tension_,59,134.6271186440678,20.18045564408477,17
4,ana_hemo,2,15.45,0.4500000000000002,17
4,ana_plaq,3,220.0,68.70710783220807,17
4,ana_leuc,11,7.787272727272727,1.6966281582709917,17
4,ana_neu,1053,7.056916429249763,3.266078017002791,17
4,protcrea,1322,82.25122692889562,60.701622953862774,17
4,splanchnic,472,0.014830508474576272,0.1208741680135247,17
5,raza,425,2.8329411764705883,0.698129978677343,17
5,ant_inf,21,0.0,0.0,17
5,ant_isq,21,0.0,0.0,17
5,ant_clau,22,0.0,0.0,17
5,fum_act,32,0.34375,0.47495887979908324,17
5,diabetes,21,0.19047619047619047,0.39267672624930106,17
5,hip_art,22,0.4090909090909091,0.4916660830178166,17
5,insf_car,4,0.0,0.0,17
5,fibr_aur,202,0.01485148514851485,0.12095833388980809,17
5,trat_est,26,0.19230769230769232,0.3941134909984461,17
5,var171,20,0.0,0.0,17
5,tv_l_esu,372,0.03225806451612903,0.17668469596940845,17
5,tvp_orig,1283,0.25954793452844893,0.43838659218829323,17
5,tv_l_ein,279,0.7598566308243727,0.42717037750364384,17
5,tvp_prox,547,0.8647166361974405,0.34202598626540615,17
5,tv_l_svc,485,0.002061855670103093,0.04536082474226804,17
5,tv_l_vre,501,0.00998003992015968,0.099400395991926,17
5,tv_l_vrn,493,0.008113590263691683,0.08970930786002425,17
5,tv_l_vca,959,0.05943691345151199,0.23644061996803648,17
5,tv_l_yug,971,0.010298661174047374,0.10095840109703375,17
5,tv_l_ova,973,0.0,0.0,17
5,tv_l_sup,971,0.007209062821833162,0.0845995994970663,17
5,tv_l_ove,499,0.03807615230460922,0.19138014246594504,17
5,fr_antfa,727,0.15268225584594222,0.3596809483357945,17
5,fr_tvs_a,272,0.025735294117647058,0.15834452549527964,17
5,fr_viaje,11,0.0,0.0,17
5,fr_estro,17,0.0,0.0,17
5,fr_varic,28,0.07142857142857142,0.25753937681885636,17
5,ana_dime,196,1.5357142857142858,0.5474896327412818,17
5,ana_crea,54,0.8888888888888888,0.3142696805273545,17
5,ana_trop,872,0.8612385321100917,0.3456974441892017,17
5,tension_,59,132.22033898305085,19.33037286601911,17
5,ana_hemo,2,12.7,2.5,17
5,ana_plaq,3,279.0,190.0333304098696,17
5,ana_leuc,11,8.715454545454547,2.608152824706557,17
5,ana_neu,1053,6.070609686609687,3.0865538998712223,17
5,protcrea,1322,53.787335854765516,57.474384145770664,17
5,splanchnic,472,0.019067796610169493,0.13676335672468232,17
1,raza,425,2.847058823529412,0.6079063850712383,18
1,ant_inf,21,0.047619047619047616,0.21295885499998,18
1,ant_isq,21,0.0,0.0,18
1,ant_clau,22,0.0,0.0,18
1,fum_act,32,0.21875,0.41339864235384227,18
1,diabetes,21,0.09523809523809523,0.2935435239509036,18
1,hip_art,22,0.36363636363636365,0.4810456929208346,18
1,insf_car,4,0.0,0.0,18
1,fibr_aur,202,0.0049504950495049506,0.07018538058791002,18
1,trat_est,26,0.038461538461538464,0.1923076923076923,18
1,var171,20,0.05,0.21794494717703364,18
1,tv_l_esu,372,0.03225806451612903,0.17668469596940842,18
1,tvp_orig,1283,0.34138737334372565,0.47417510970652743,18
1,tv_l_ein,279,0.7491039426523297,0.43352880614218103,18
1,tvp_prox,547,0.850091407678245,0.3569818010345414,18
1,tv_l_svc,485,0.010309278350515464,0.10100988630033722,18
1,tv_l_vre,501,0.011976047904191617,0.10877785703344282,18
1,tv_l_vrn,493,0.014198782961460446,0.118309667922253,18
1,tv_l_vca,959,0.08133472367049009,0.27334847063032036,18
1,tv_l_yug,971,0.01132852729145211,0.10583095842360561,18
1,tv_l_ova,973,0.0041109969167523125,0.0639851281244538,18
1,tv_l_sup,971,0.013388259526261586,0.11493047477983831,18
1,tv_l_ove,499,0.056112224448897796,0.23013831214357663,18
1,fr_antfa,727,0.14718019257221457,0.3542854548053312,18
1,fr_tvs_a,272,0.05514705882352941,0.22826708200404983,18
1,fr_viaje,11,0.09090909090909091,0.28747978728803447,18
1,fr_estro,17,0.0,0.0,18
1,fr_varic,28,0.14285714285714285,0.3499271061118826,18
1,ana_dime,196,1.5765306122448979,0.5707676571518796,18
1,ana_crea,54,0.8888888888888888,0.3142696805273545,18
1,ana_trop,872,0.8302752293577982,0.3753908268360507,18
1,tension_,59,134.98305084745763,22.437477369176992,18
1,ana_hemo,2,12.0,2.5999999999999996,18
1,ana_plaq,3,263.6666666666667,58.97645481225726,18
1,ana_leuc,11,7.859999999999999,2.7215002547057816,18
1,ana_neu,1053,6.587247863247864,3.1695039780033416,18
1,protcrea,1322,65.02617246596067,53.675955750627544,18
1,splanchnic,472,0.029661016949152543,0.1696503493149797,18
2,raza,425,2.9011764705882355,0.5777225301122573,18
2,ant_inf,21,0.047619047619047616,0.21295885499997996,18
2,ant_isq,21,0.0,0.0,18
2,ant_clau,22,0.0,0.0,18
2,fum_act,32,0.1875,0.3903123748998999,18
2,diabetes,21,0.047619047619047616,0.21295885499997996,18
2,hip_art,22,0.36363636363636365,0.4810456929208347,18
2,insf_car,4,0.0,0.0,18
2,fibr_aur,202,0.01485148514851485,0.12095833388980809,18
2,trat_est,26,0.15384615384615385,0.36080121229411,18
2,var171,20,0.0,0.0,18
2,tv_l_esu,372,0.04032258064516129,0.19671469222016885,18
2,tvp_orig,1283,0.25019485580670303,0.43312514350308284,18
2,tv_l_ein,279,0.7670250896057348,0.4227263908499791,18
2,tvp_prox,547,0.8957952468007313,0.3055259769805969,18
2,tv_l_svc,485,0.012371134020618556,0.11053546518499144,18
2,tv_l_vre,501,0.011976047904191617,0.10877785703344282,18
2,tv_l_vrn,493,0.006085192697768763,0.07776993717111891,18
2,tv_l_vca,959,0.072992700729927,0.2601245208935104,18
2,tv_l_yug,971,0.01132852729145211,0.10583095842360563,18
2,tv_l_ova,973,0.003083247687564234,0.055441331795523845,18
2,tv_l_sup,971,0.008238928939237899,0.09039385481973922,18
2,tv_l_ove,499,0.06613226452905811,0.24851315481743982,18
2,fr_antfa,727,0.08665749656121045,0.28133249874650856,18
2,fr_tvs_a,272,0.0661764705882353,0.24859031624083777,18
2,fr_viaje,11,0.0,0.0,18
2,fr_estro,17,0.058823529411764705,0.23529411764705885,18
2,fr_varic,28,0.17857142857142858,0.3829930462415574,18
2,ana_dime,196,1.4642857142857142,0.5835762370845783,18
2,ana_crea,54,0.9074074074074074,0.28986066374997266,18
2,ana_trop,872,0.8428899082568807,0.36390453530505484,18
2,tension_,59,131.61016949152543,18.841908706394005,18
2,ana_hemo,2,12.5,2.5,18
2,ana_plaq,3,219.66666666666666,81.15965062079117,18
2,ana_leuc,11,8.334545454545456,3.117243431554592,18
2,ana_neu,1053,6.585871794871795,2.9319730039367955,18
2,protcrea,1322,32.02190771558245,45.31123458442571,18
2,splanchnic,472,0.023305084745762712,0.1508706657066095,18
3,raza,425,2.931764705882353,0.48754167597565323,18
3,ant_inf,21,0.0,0.0,18
3,ant_isq,21,0.047619047619047616,0.21295885499997996,18
3,ant_clau,22,0.0,0.0,18
3,fum_act,32,0.15625,0.3630921887069453,18
3,diabetes,21,0.047619047619047616,0.21295885499997996,18
3,hip_art,22,0.36363636363636365,0.4810456929208346,18
3,insf_car,4,0.0,0.0,18
3,fibr_aur,202,0.019801980198019802,0.13931927999475532,18
3,trat_est,26,0.2692307692307692,0.44356009979503064,18
3,var171,20,0.0,0.0,18
3,tv_l_esu,372,0.0456989247311828,0.20883135063873068,18
3,tvp_orig,1283,0.3172252533125487,0.4653959518231095,18
3,tv_l_ein,279,0.7240143369175627,0.44700959369501764,18
3,tvp_prox,547,0.8281535648994516,0.37724691893212514,18
3,tv_l_svc,485,0.008247422680412371,0.09044005030705693,18
3,tv_l_vre,501,0.011976047904191617,0.10877785703344284,18
3,tv_l_vrn,493,0.0,0.0,18
3,tv_l_vca,959,0.04483837330552659,0.2069490120412292,18
3,tv_l_yug,971,0.012358393408856848,0.1104792447530701,18
3,tv_l_ova,973,0.006166495375128468,0.07828454323758291,18
3,tv_l_sup,971,0.0020597322348094747,0.04533750917210122,18
3,tv_l_ove,499,0.04408817635270541,0.20529103501760168,18
3,fr_antfa,727,0.1279229711141678,0.3340040188014084,18
3,fr_tvs_a,272,0.058823529411764705,0.23529411764705885,18
3,fr_viaje,11,0.0,0.0,18
3,fr_estro,17,0.058823529411764705,0.23529411764705885,18
3,fr_varic,28,0.21428571428571427,0.41032590332414487,18
3,ana_dime,196,1.5255102040816326,0.5094637485831219,18
3,ana_crea,54,0.9444444444444444,0.22906142364542553,18
3,ana_trop,872,0.8405963302752294,0.3660520998478863,18
3,tension_,59,131.83050847457628,21.434292611174588,18
3,ana_hemo,2,13.6,0.09999999999999964,18
3,ana_plaq,3,316.0,177.99438193381272,18
3,ana_leuc,11,8.287272727272727,3.1536475012251244,18
3,ana_neu,1053,5.800418803418804,3.0850688018524077,18
3,protcrea,1322,36.73305597579426,46.242064508360286,18
3,splanchnic,472,0.01059322033898305,0.10237677481652177,18
4,raza,425,2.875294117647059,0.6657867318581373,18
4,ant_inf,21,0.0,0.0,18
4,ant_isq,21,0.0,0.0,18
4,ant_clau,22,0.0,0.0,18
4,fum_act,32,0.25,0.4330127018922193,18
4,diabetes,21,0.14285714285714285,0.3499271061118826,18
4,hip_art,22,0.22727272727272727,0.41907020260422206,18
4,insf_car,4,0.0,0.0,18
4,fibr_aur,202,0.0049504950495049506,0.07018538058791002,18
4,trat_est,26,0.15384615384615385,0.36080121229411,18
4,var171,20,0.0,0.0,18
4,tv_l_esu,372,0.03494623655913978,0.1836436688521889,18
4,tvp_orig,1283,0.23928293063133282,0.4266457661102634,18
4,tv_l_ein,279,0.7741935483870968,0.4181123031230877,18
4,tvp_prox,547,0.8263254113345521,0.378829415327447,18
4,tv_l_svc,485,0.008247422680412371,0.09044005030705694,18
4,tv_l_vre,501,0.011976047904191617,0.10877785703344282,18
4,tv_l_vrn,493,0.006085192697768763,0.07776993717111891,18
4,tv_l_vca,959,0.053180396246089674,0.22439305181132185,18
4,tv_l_yug,971,0.012358393408856848,0.11047924475307011,18
4,tv_l_ova,973,0.0020554984583761563,0.045290985686599596,18
4,tv_l_sup,971,0.005149330587023687,0.0715738428584719,18
4,tv_l_ove,499,0.036072144288577156,0.18646968840806596,18
4,fr_antfa,727,0.14030261348005502,0.34730072002620627,18
4,fr_tvs_a,272,0.0625,0.24206145913796356,18
4,fr_viaje,11,0.09090909090909091,0.28747978728803447,18
4,fr_estro,17,0.0,0.0,18
4,fr_varic,28,0.17857142857142858,0.3829930462415574,18
4,ana_dime,196,1.5561224489795917,0.5267471078406528,18
4,ana_crea,54,0.9444444444444444,0.2290614236454256,18
4,ana_trop,872,0.8600917431192661,0.3468918225287655,18
4,tension_,59,135.11864406779662,19.480615959497992,18
4,ana_hemo,2,13.2,0.39999999999999947,18
4,ana_plaq,3,210.66666666666666,138.11669783998684,18
4,ana_leuc,11,7.1018181818181825,2.4182894712879497,18
4,ana_neu,1053,6.656089268755935,3.159443989456914,18
4,protcrea,1322,27.956239031770046,38.96582720624856,18
4,splanchnic,472,0.025423728813559324,0.15740826797463311,18
5,raza,425,2.875294117647059,0.5623283282824434,18
5,ant_inf,21,0.0,0.0,18
5,ant_isq,21,0.047619047619047616,0.21295885499997996,18
5,ant_clau,22,0.045454545454545456,0.2082988952252655,18
5,fum_act,32,0.3125,0.46351240544347894,18
5,diabetes,21,0.047619047619047616,0.21295885499997996,18
5,hip_art,22,0.4090909090909091,0.4916660830178166,18
5,insf_car,4,0.0,0.0,18
5,fibr_aur,202,0.01485148514851485,0.12095833388980809,18
5,trat_est,26,0.19230769230769232,0.39411349099844606,18
5,var171,20,0.0,0.0,18
5,tv_l_esu,372,0.02956989247311828,0.16939750273320592,18
5,tvp_orig,1283,0.3328137178487919,0.47122048667312477,18
5,tv_l_ein,279,0.7491039426523297,0.4335288061421811,18
5,tvp_prox,547,0.8665447897623401,0.3400660481407721,18
5,tv_l_svc,485,0.004123711340206186,0.06408358873369097,18
5,tv_l_vre,501,0.007984031936127744,0.08899599524793593,18
5,tv_l_vrn,493,0.006085192697768763,0.07776993717111891,18
5,tv_l_vca,959,0.058394160583941604,0.23448727597385413,18
5,tv_l_yug,971,0.016477857878475798,0.12730411650144138,18
5,tv_l_ova,973,0.003083247687564234,0.05544133179552384,18
5,tv_l_sup,971,0.0,0.0,18
5,tv_l_ove,499,0.0841683366733467,0.27764010476692463,18
5,fr_antfa,727,0.10178817056396149,0.30236954029333607,18
5,fr_tvs_a,272,0.04411764705882353,0.20535647123189618,18
5,fr_viaje,11,0.0,0.0,18
5,fr_estro,17,0.0,0.0,18
5,fr_varic,28,0.10714285714285714,0.30929478706587094,18
5,ana_dime,196,1.5204081632653061,0.5843117674375677,18
5,ana_crea,54,0.8518518518518519,0.3552467795046459,18
5,ana_trop,872,0.8268348623853211,0.3783899744041433,18
5,tension_,59,129.15254237288136,19.106138475229507,18
5,ana_hemo,2,14.350000000000001,1.5499999999999998,18
5,ana_plaq,3,250.33333333333334,50.61181241128947,18
5,ana_leuc,11,7.545454545454546,2.5989136319077057,18
5,ana_neu,1053,6.127666666666667,3.1003740622279747,18
5,protcrea,1322,62.90428139183055,55.01212015106646,18
5,splanchnic,472,0.014830508474576272,0.12087416801352469,18
1,raza,425,2.863529411764706,0.6363216091815668,19
1,ant_inf,21,0.047619047619047616,0.21295885499997996,19
1,ant_isq,21,0.047619047619047616,0.21295885499998,19
1,ant_clau,22,0.0,0.0,19
1,fum_act,32,0.15625,0.3630921887069453,19
1,diabetes,21,0.14285714285714285,0.34992710611188255,19
1,hip_art,22,0.2727272727272727,0.44536177141512334,19
1,insf_car,4,0.0,0.0,19
1,fibr_aur,202,0.009900990099009901,0.09900990099009899,19
1,trat_est,26,0.23076923076923078,0.42132504423474315,19
1,var171,20,0.05,0.21794494717703364,19
1,tv_l_esu,372,0.024193548387096774,0.15364966841336816,19
1,tvp_orig,1283,0.31644583008573657,0.46508909545063054,19
1,tv_l_ein,279,0.7921146953405018,0.4057942887302947,19
1,tvp_prox,547,0.8226691042047533,0.3819484902335682,19
1,tv_l_svc,485,0.002061855670103093,0.04536082474226804,19
1,tv_l_vre,501,0.005988023952095809,0.07715029177679716,19
1,tv_l_vrn,493,0.016227180527383367,0.12634816634805224,19
1,tv_l_vca,959,0.05005213764337852,0.21805256513214147,19
1,tv_l_yug,971,0.012358393408856848,0.11047924475307011,19
1,tv_l_ova,973,0.0041109969167523125,0.06398512812445378,19
1,tv_l_sup,971,0.012358393408856848,0.11047924475307011,19
1,tv_l_ove,499,0.06212424849699399,0.24138108096053787,19
1,fr_antfa,727,0.14167812929848694,0.3487197111964968,19
1,fr_tvs_a,272,0.04779411764705882,0.21333035406476486,19
1,fr_viaje,11,0.09090909090909091,0.2874797872880344,19
1,fr_estro,17,0.058823529411764705,0.23529411764705885,19
1,fr_varic,28,0.14285714285714285,0.3499271061118826,19
1,ana_dime,196,1.5561224489795917,0.564162070817513,19
1,ana_crea,54,0.8333333333333334,0.37267799624996495,19
1,ana_trop,872,0.8555045871559633,0.35159136580847383,19
1,tension_,59,124.50847457627118,18.708624750257936,19
1,ana_hemo,2,13.6,0.5999999999999996,19
1,ana_plaq,3,236.66666666666666,13.767917618708921,19
1,ana_leuc,11,11.379090909090909,8.699992115508918,19
1,ana_neu,1053,7.1336685660019,3.1131206286853064,19
1,protcrea,1322,67.63053555219365,39.14014199558834,19
1,splanchnic,472,0.01694915254237288,0.1290809000993883,19
2,raza,425,2.8823529411764706,0.5404086624873341,19
2,ant_inf,21,0.0,0.0,19
2,ant_isq,21,0.047619047619047616,0.21295885499997996,19
2,ant_clau,22,0.0,0.0,19
2,fum_act,32,0.21875,0.41339864235384227,19
2,diabetes,21,0.0,0.0,19
2,hip_art,22,0.22727272727272727,0.41907020260422206,19
2,insf_car,4,0.0,0.0,19
2,fibr_aur,202,0.01485148514851485,0.12095833388980809,19
2,trat_est,26,0.07692307692307693,0.2664693550105965,19
2,var171,20,0.0,0.0,19
2,tv_l_esu,372,0.008064516129032258,0.08943981053555983,19
2,tvp_orig,1283,0.35074045206547155,0.4772018308330137,19
2,tv_l_ein,279,0.7956989247311828,0.40318996256457357,19
2,tvp_prox,547,0.8976234003656307,0.3031429225327112,19
2,tv_l_svc,485,0.01443298969072165,0.11926725661014083,19
2,tv_l_vre,501,0.007984031936127744,0.08899599524793592,19
2,tv_l_vrn,493,0.004056795131845842,0.06356364955777849,19
2,tv_l_vca,959,0.051094890510948905,0.22019128655472053,19
2,tv_l_yug,971,0.0020597322348094747,0.04533750917210122,19
2,tv_l_ova,973,0.0010277492291880781,0.03204204988308304,19
2,tv_l_sup,971,0.010298661174047374,0.10095840109703376,19
2,tv_l_ove,499,0.04408817635270541,0.20529103501760168,19
2,fr_antfa,727,0.1375515818431912,0.34442872147314757,19
2,fr_tvs_a,272,0.04779411764705882,0.21333035406476486,19
2,fr_viaje,11,0.09090909090909091,0.2874797872880344,19
2,fr_estro,17,0.0,0.0,19
2,fr_varic,28,0.14285714285714285,0.3499271061118826,19
2,ana_dime,196,1.5,0.5846680551337464,19
2,ana_crea,54,0.9074074074074074,0.2898606637499727,19
2,ana_trop,872,0.8681192660550459,0.3383610585736697,19
2,tension_,59,125.61016949152543,20.137676089270016,19
2,ana_hemo,2,14.7,3.8,19
2,ana_plaq,3,287.3333333333333,174.86057938318237,19
2,ana_leuc,11,9.777272727272727,3.4948900123390305,19
2,ana_neu,1053,6.565899335232668,3.1812051708973894,19
2,protcrea,1322,71.98568835098337,34.47404238355195,19
2,splanchnic,472,0.025423728813559324,0.15740826797463311,19
3,raza,425,2.8847058823529412,0.6532283417274438,19
3,ant_inf,21,0.0,0.0,19
3,ant_isq,21,0.047619047619047616,0.21295885499998,19
3,ant_clau,22,0.045454545454545456,0.20829889522526548,19
3,fum_act,32,0.34375,0.47495887979908324,19
3,diabetes,21,0.047619047619047616,0.21295885499998,19
3,hip_art,22,0.36363636363636365,0.4810456929208346,19
3,insf_car,4,0.25,0.4330127018922193,19
3,fibr_aur,202,0.0,0.0,19
3,trat_est,26,0.15384615384615385,0.36080121229411,19
3,var171,20,0.0,0.0,19
3,tv_l_esu,372,0.013440860215053764,0.1151529569387306,19
3,tvp_orig,1283,0.2720187061574435,0.4449994715253872,19
3,tv_l_ein,279,0.7311827956989247,0.4433446909266302,19
3,tvp_prox,547,0.7989031078610603,0.4008203239744703,19
3,tv_l_svc,485,0.010309278350515464,0.10100988630033723,19
3,tv_l_vre,501,0.001996007984031936,0.04463209535927724,19
3,tv_l_vrn,493,0.004056795131845842,0.06356364955777848,19
3,tv_l_vca,959,0.06882168925964546,0.253150675185934,19
3,tv_l_yug,971,0.0010298661174047373,0.032074997945205845,19
3,tv_l_ova,973,0.0041109969167523125,0.0639851281244538,19
3,tv_l_sup,971,0.0,0.0,19
3,tv_l_ove,499,0.052104208416833664,0.22223717034305673,19
3,fr_antfa,727,0.15405777166437415,0.36100411999613197,19
3,fr_tvs_a,272,0.05514705882352941,0.22826708200404983,19
3,fr_viaje,11,0.0,0.0,19
3,fr_estro,17,0.0,0.0,19
3,fr_varic,28,0.07142857142857142,0.25753937681885636,19
3,ana_dime,196,1.586734693877551,0.5869564798215435,19
3,ana_crea,54,0.8888888888888888,0.3142696805273545,19
3,ana_trop,872,0.8279816513761468,0.37739639155743887,19
3,tension_,59,129.4406779661017,17.14768471443844,19
3,ana_hemo,2,12.7,3.3,19
3,ana_plaq,3,297.6666666666667,129.4921705054874,19
3,ana_leuc,11,10.088181818181818,3.487079575653838,19
3,ana_neu,1053,6.405717948717948,3.083025932659945,19
3,protcrea,1322,48.42928895612708,46.76349207310248,19
3,splanchnic,472,0.025423728813559324,0.15740826797463311,19
4,raza,425,2.835294117647059,0.7169717169502395,19
4,ant_inf,21,0.0,0.0,19
4,ant_isq,21,0.0,0.0,19
4,ant_clau,22,0.0,0.0,19
4,fum_act,32,0.1875,0.3903123748998999,19
4,diabetes,21,0.047619047619047616,0.21295885499998,19
4,hip_art,22,0.2727272727272727,0.4453617714151233,19
4,insf_car,4,0.25,0.4330127018922193,19
4,fibr_aur,202,0.0049504950495049506,0.07018538058791002,19
4,trat_est,26,0.15384615384615385,0.36080121229411,19
4,var171,20,0.0,0.0,19
4,tv_l_esu,372,0.021505376344086023,0.1450616942283015,19
4,tvp_orig,1283,0.2377240841777085,0.425689257533683,19
4,tv_l_ein,279,0.7347670250896058,0.44145718244307275,19
4,tvp_prox,547,0.8592321755027422,0.3477818915406135,19
4,tv_l_svc,485,0.018556701030927835,0.13495313956250368,19
4,tv_l_vre,501,0.015968063872255488,0.12535184405674718,19
4,tv_l_vrn,493,0.010141987829614604,0.10019544856169144,19
4,tv_l_vca,959,0.03962460896767466,0.19507562464806705,19
4,tv_l_yug,971,0.012358393408856848,0.1104792447530701,19
4,tv_l_ova,973,0.0051387461459403904,0.07150062540976809,19
4,tv_l_sup,971,0.008238928939237899,0.09039385481973922,19
4,tv_l_ove,499,0.04008016032064128,0.1961472433385516,19
4,fr_antfa,727,0.11829436038514443,0.3229563510541541,19
4,fr_tvs_a,272,0.07352941176470588,0.26100351984263015,19
4,fr_viaje,11,0.09090909090909091,0.2874797872880344,19
4,fr_estro,17,0.058823529411764705,0.23529411764705885,19
4,fr_varic,28,0.21428571428571427,0.41032590332414487,19
4,ana_dime,196,1.6071428571428572,0.5474896327412818,19
4,ana_crea,54,0.8703703703703703,0.33589550272624175,19
4,ana_trop,872,0.8704128440366973,0.33584866379464035,19
4,tension_,59,130.3728813559322,20.98255797455151,19
4,ana_hemo,2,12.100000000000001,0.7999999999999998,19
4,ana_plaq,3,375.3333333333333,101.39800567839367,19
4,ana_leuc,11,11.351818181818182,3.772659583182468,19
4,ana_neu,1053,6.311979107312441,3.0565204816022886,19
4,protcrea,1322,52.41530105900153,45.813147289445546,19
4,splanchnic,472,0.0211864406779661,0.14400547006751213,19
5,raza,425,2.8517647058823528,0.6465495321921244,19
5,ant_inf,21,0.0,0.0,19
5,ant_isq,21,0.0,0.0,19
5,ant_clau,22,0.0,0.0,19
5,fum_act,32,0.3125,0.46351240544347894,19
5,diabetes,21,0.047619047619047616,0.21295885499998,19
5,hip_art,22,0.36363636363636365,0.4810456929208346,19
5,insf_car,4,0.0,0.0,19
5,fibr_aur,202,0.01485148514851485,0.12095833388980809,19
5,trat_est,26,0.11538461538461539,0.31948553318915673,19
5,var171,20,0.0,0.0,19
5,tv_l_esu,372,0.021505376344086023,0.1450616942283015,19
5,tvp_orig,1283,0.36788776305533905,0.4822306054674234,19
5,tv_l_ein,279,0.7992831541218638,0.40053663210606427,19
5,tvp_prox,547,0.8683729433272395,0.33808486305131497,19
5,tv_l_svc,485,0.016494845360824743,0.12736862030087012,19
5,tv_l_vre,501,0.011976047904191617,0.10877785703344284,19
5,tv_l_vrn,493,0.006085192697768763,0.07776993717111891,19
5,tv_l_vca,959,0.05943691345151199,0.23644061996803648,19
5,tv_l_yug,971,0.009268795056642637,0.09582736819322855,19
5,tv_l_ova,973,0.0,0.0,19
5,tv_l_sup,971,0.0,0.0,19
5,tv_l_ove,499,0.04208416833667335,0.2007812020884522,19
5,fr_antfa,727,0.10866574965612105,0.31121938324563636,19
5,fr_tvs_a,272,0.04411764705882353,0.20535647123189618,19
5,fr_viaje,11,0.0,0.0,19
5,fr_estro,17,0.058823529411764705,0.23529411764705885,19
5,fr_varic,28,0.10714285714285714,0.30929478706587094,19
5,ana_dime,196,1.596938775510204,0.5676579312084055,19
5,ana_crea,54,0.8703703703703703,0.3358955027262418,19
5,ana_trop,872,0.8532110091743119,0.35389544077038365,19
5,tension_,59,131.16949152542372,18.99433683877496,19
5,ana_hemo,2,13.95,1.75,19
5,ana_plaq,3,326.3333333333333,66.45967866976855,19
5,ana_leuc,11,11.557272727272727,3.1666388573521553,19
5,ana_neu,1053,5.921937321937323,3.1100133056795047,19
5,protcrea,1322,50.63543419062028,44.46353394986415,19
5,splanchnic,472,0.014830508474576272,0.12087416801352471,19
1,raza,425,2.8517647058823528,0.6854130166988425,20
1,ant_inf,21,0.0,0.0,20
1,ant_isq,21,0.047619047619047616,0.21295885499998,20
1,ant_clau,22,0.045454545454545456,0.2082988952252655,20
1,fum_act,32,0.28125,0.4496092053105675,20
1,diabetes,21,0.19047619047619047,0.392676726249301,20
1,hip_art,22,0.3181818181818182,0.46577048936179993,20
1,insf_car,4,0.0,0.0,20
1,fibr_aur,202,0.034653465346534656,0.18290052675159568,20
1,trat_est,26,0.11538461538461539,0.31948553318915673,20
1,var171,20,0.0,0.0,20
1,tv_l_esu,372,0.005376344086021506,0.0731261855308357,20
1,tvp_orig,1283,0.1636788776305534,0.36998392214818704,20
1,tv_l_ein,279,0.7526881720430108,0.43144951930621245,20
1,tvp_prox,547,0.8153564899451554,0.3880080981751168,20
1,tv_l_svc,485,0.008247422680412371,0.09044005030705693,20
1,tv_l_vre,501,0.001996007984031936,0.04463209535927723,20
1,tv_l_vrn,493,0.002028397565922921,0.04499203450876031,20
1,tv_l_vca,959,0.06256517205422316,0.2421792131873597,20
1,tv_l_yug,971,0.008238928939237899,0.0903938548197392,20
1,tv_l_ova,973,0.003083247687564234,0.05544133179552384,20
1,tv_l_sup,971,0.009268795056642637,0.09582736819322855,20
1,tv_l_ove,499,0.04609218436873747,0.20968475125496314,20
1,fr_antfa,727,0.10178817056396149,0.30236954029333607,20
1,fr_tvs_a,272,0.04411764705882353,0.20535647123189618,20
1,fr_viaje,11,0.0,0.0,20
1,fr_estro,17,0.058823529411764705,0.23529411764705885,20
1,fr_varic,28,0.10714285714285714,0.30929478706587094,20
1,ana_dime,196,1.4183673469387754,0.6296009326898918,20
1,ana_crea,54,0.9259259259259259,0.261891400439462,20
1,ana_trop,872,0.8509174311926605,0.3561698421892908,20
1,tension_,59,135.91525423728814,24.647541312106036,20
1,ana_hemo,2,13.350000000000001,0.9500000000000002,20
1,ana_plaq,3,182.33333333333334,5.792715732327588,20
1,ana_leuc,11,5.430909090909091,1.931021653969518,20
1,ana_neu,1053,6.431255460588794,3.0817942970833907,20
1,protcrea,1322,44.40882299546143,50.164486554295685,20
1,splanchnic,472,0.014830508474576272,0.12087416801352471,20
2,raza,425,2.835294117647059,0.7299808027053446,20
2,ant_inf,21,0.14285714285714285,0.34992710611188255,20
2,ant_isq,21,0.19047619047619047,0.392676726249301,20
2,ant_clau,22,0.0,0.0,20
2,fum_act,32,0.15625,0.3630921887069453,20
2,diabetes,21,0.047619047619047616,0.21295885499998,20
2,hip_art,22,0.36363636363636365,0.4810456929208347,20
2,insf_car,4,0.0,0.0,20
2,fibr_aur,202,0.0049504950495049506,0.07018538058791002,20
2,trat_est,26,0.34615384615384615,0.47574295680203776,20
2,var171,20,0.05,0.21794494717703364,20
2,tv_l_esu,372,0.013440860215053764,0.11515295693873061,20
2,tvp_orig,1283,0.16601714731098988,0.37209602807569836,20
2,tv_l_ein,279,0.7885304659498208,0.408350548204333,20
2,tvp_prox,547,0.8756855575868373,0.3299399366864629,20
2,tv_l_svc,485,0.006185567010309278,0.07840475604878985,20
2,tv_l_vre,501,0.011976047904191617,0.10877785703344282,20
2,tv_l_vrn,493,0.004056795131845842,0.06356364955777849,20
2,tv_l_vca,959,0.04483837330552659,0.2069490120412292,20
2,tv_l_yug,971,0.012358393408856848,0.11047924475307011,20
2,tv_l_ova,973,0.007194244604316547,0.08451323830554482,20
2,tv_l_sup,971,0.0020597322348094747,0.04533750917210122,20
2,tv_l_ove,499,0.06412825651302605,0.2449812711813407,20
2,fr_antfa,727,0.15268225584594222,0.3596809483357945,20
2,fr_tvs_a,272,0.03676470588235294,0.18818358664808424,20
2,fr_viaje,11,0.0,0.0,20
2,fr_estro,17,0.0,0.0,20
2,fr_varic,28,0.10714285714285714,0.30929478706587094,20
2,ana_dime,196,1.5459183673469388,0.546728371043114,20
2,ana_crea,54,0.9074074074074074,0.2898606637499727,20
2,ana_trop,872,0.8589449541284404,0.3480783243836534,20
2,tension_,59,124.1864406779661,17.28374819702041,20
2,ana_hemo,2,14.65,2.3499999999999996,20
2,ana_plaq,3,229.33333333333334,36.353205574688396,20
2,ana_leuc,11,5.54,1.6527717765785286,20
2,ana_neu,1053,6.60838081671415,3.1404740183779323,20
2,protcrea,1322,91.16483963691377,51.51415574439215,20
2,splanchnic,472,0.023305084745762712,0.1508706657066095,20
3,raza,425,2.8823529411764706,0.6060822057595886,20
3,ant_inf,21,0.0,0.0,20
3,ant_isq,21,0.047619047619047616,0.21295885499998,20
3,ant_clau,22,0.0,0.0,20
3,fum_act,32,0.3125,0.46351240544347894,20
3,diabetes,21,0.0,0.0,20
3,hip_art,22,0.2727272727272727,0.4453617714151233,20
3,insf_car,4,0.0,0.0,20
3,fibr_aur,202,0.01485148514851485,0.12095833388980809,20
3,trat_est,26,0.11538461538461539,0.31948553318915673,20
3,var171,20,0.0,0.0,20
3,tv_l_esu,372,0.026881720430107527,0.1617377307149605,20
3,tvp_orig,1283,0.3367108339828527,0.4725850698672404,20
3,tv_l_ein,279,0.7777777777777778,0.41573970964154905,20
3,tvp_prox,547,0.8647166361974405,0.34202598626540615,20
3,tv_l_svc,485,0.004123711340206186,0.06408358873369094,20
3,tv_l_vre,501,0.003992015968063872,0.0630561636683885,20
3,tv_l_vrn,493,0.012170385395537525,0.10964609940559497,20
3,tv_l_vca,959,0.05526590198123045,0.22849853841858916,20
3,tv_l_yug,971,0.008238928939237899,0.0903938548197392,20
3,tv_l_ova,973,0.0,0.0,20
3,tv_l_sup,971,0.017507723995880537,0.13115335907388956,20
3,tv_l_ove,499,0.052104208416833664,0.2222371703430567,20
3,fr_antfa,727,0.13204951856946354,0.3385445956074863,20
3,fr_tvs_a,272,0.051470588235294115,0.22095557648995173,20
3,fr_viaje,11,0.0,0.0,20
3,fr_estro,17,0.0,0.0,20
3,fr_varic,28,0.10714285714285714,0.30929478706587094,20
3,ana_dime,196,1.5153061224489797,0.6426749012821537,20
3,ana_crea,54,0.9259259259259259,0.261891400439462,20
3,ana_trop,872,0.838302752293578,0.36817285042570697,20
3,tension_,59,131.54237288135593,26.107549420470612,20
3,ana_hemo,2,14.7,2.1999999999999993,20
3,ana_plaq,3,285.6666666666667,97.28423419147741,20
3,ana_leuc,11,6.116363636363636,1.4862721684394435,20
3,ana_neu,1053,6.3647150997151,2.950591872398537,20
3,protcrea,1322,58.83633888048411,55.955151134793084,20
3,splanchnic,472,0.014830508474576272,0.12087416801352469,20
4,raza,425,2.8823529411764706,0.679303530976567,20
4,ant_inf,21,0.047619047619047616,0.21295885499997996,20
4,ant_isq,21,0.09523809523809523,0.29354352395090366,20
4,ant_clau,22,0.0,0.0,20
4,fum_act,32,0.375,0.4841229182759271,20
4,diabetes,21,0.047619047619047616,0.21295885499997996,20
4,hip_art,22,0.2727272727272727,0.4453617714151233,20
4,insf_car,4,0.0,0.0,20
4,fibr_aur,202,0.009900990099009901,0.099009900990099,20
4,trat_est,26,0.19230769230769232,0.3941134909984461,20
4,var171,20,0.05,0.21794494717703364,20
4,tv_l_esu,372,0.010752688172043012,0.10313616179167139,20
4,tvp_orig,1283,0.20187061574434917,0.4013961512562702,20
4,tv_l_ein,279,0.7419354838709677,0.43756967633066246,20
4,tvp_prox,547,0.9140767824497258,0.28025063467561045,20
4,tv_l_svc,485,0.006185567010309278,0.07840475604878987,20
4,tv_l_vre,501,0.007984031936127744,0.08899599524793592,20
4,tv_l_vrn,493,0.006085192697768763,0.0777699371711189,20
4,tv_l_vca,959,0.0740354535974974,0.26182857981532537,20
4,tv_l_yug,971,0.015447991761071062,0.12332619880471847,20
4,tv_l_ova,973,0.010277492291880781,0.10085566639545401,20
4,tv_l_sup,971,0.0010298661174047373,0.032074997945205845,20
4,tv_l_ove,499,0.052104208416833664,0.2222371703430567,20
4,fr_antfa,727,0.1265474552957359,0.33246533180755794,20
4,fr_tvs_a,272,0.051470588235294115,0.22095557648995173,20
4,fr_viaje,11,0.0,0.0,20
4,fr_estro,17,0.058823529411764705,0.23529411764705885,20
4,fr_varic,28,0.14285714285714285,0.3499271061118826,20
4,ana_dime,196,1.5357142857142858,0.57476703355111,20
4,ana_crea,54,0.9259259259259259,0.261891400439462,20
4,ana_trop,872,0.8532110091743119,0.35389544077038365,20
4,tension_,59,132.40677966101694,20.689896530504356,20
4,ana_hemo,2,13.75,1.8499999999999996,20
4,ana_plaq,3,345.6666666666667,111.59549971013864,20
4,ana_leuc,11,6.007272727272727,1.328944153071705,20
4,ana_neu,1053,6.53950807217474,3.101247953198646,20
4,protcrea,1322,35.88871709531014,43.321207971419966,20
4,splanchnic,472,0.03389830508474576,0.1809674280005307,20
5,raza,425,2.931764705882353,0.43662118854189497,20
5,ant_inf,21,0.047619047619047616,0.21295885499997996,20
5,ant_isq,21,0.047619047619047616,0.21295885499997996,20
5,ant_clau,22,0.0,0.0,20
5,fum_act,32,0.28125,0.4496092053105675,20
5,diabetes,21,0.047619047619047616,0.21295885499998,20
5,hip_art,22,0.36363636363636365,0.4810456929208346,20
5,insf_car,4,0.0,0.0,20
5,fibr_aur,202,0.01485148514851485,0.12095833388980809,20
5,trat_est,26,0.07692307692307693,0.2664693550105965,20
5,var171,20,0.05,0.21794494717703364,20
5,tv_l_esu,372,0.021505376344086023,0.14506169422830154,20
5,tvp_orig,1283,0.21434138737334374,0.4103646634789769,20
5,tv_l_ein,279,0.7670250896057348,0.4227263908499791,20
5,tvp_prox,547,0.8537477148080439,0.3533589595129673,20
5,tv_l_svc,485,0.006185567010309278,0.07840475604878987,20
5,tv_l_vre,501,0.003992015968063872,0.0630561636683885,20
5,tv_l_vrn,493,0.012170385395537525,0.10964609940559497,20
5,tv_l_vca,959,0.040667361835245046,0.19751842323339439,20
5,tv_l_yug,971,0.015447991761071062,0.12332619880471847,20
5,tv_l_ova,973,0.0,0.0,20
5,tv_l_sup,971,0.0020597322348094747,0.04533750917210122,20
5,tv_l_ove,499,0.05410821643286573,0.22623111489651435,20
5,fr_antfa,727,0.14030261348005502,0.34730072002620627,20
5,fr_tvs_a,272,0.04779411764705882,0.21333035406476486,20
5,fr_viaje,11,0.09090909090909091,0.28747978728803447,20
5,fr_estro,17,0.11764705882352941,0.32218973970892123,20
5,fr_varic,28,0.25,0.4330127018922193,20
5,ana_dime,196,1.5510204081632653,0.5462758699724153,20
5,ana_crea,54,0.8703703703703703,0.3358955027262418,20
5,ana_trop,872,0.8325688073394495,0.3733604001294407,20
5,tension_,59,124.79661016949153,19.167221013762145,20
5,ana_hemo,2,11.6,0.5999999999999996,20
5,ana_plaq,3,238.0,55.53977553669682,20
5,ana_leuc,11,6.254545454545454,2.1382548688819862,20
5,ana_neu,1053,6.299604938271606,3.036895550816048,20
5,protcrea,1322,62.12367019667171,52.836509027174316,20
5,splanchnic,472,0.025423728813559324,0.15740826797463311,20
