iteration,variable,missing_n,imputed_mean,imputed_sd,imputation
1,raza,10662,2.9138998311761397,0.6297924527803086,1
1,ant_inf,4291,0.026334187835003495,0.16012713194856842,1
1,ant_isq,4306,0.030422666047375754,0.17174727781815233,1
1,ant_clau,4318,0.02014821676702177,0.14050717465001877,1
1,fum_act,4443,0.19446320054017555,0.3957868923749839,1
1,diabetes,4273,0.0940791013339574,0.2919387333434061,1
1,hip_art,4153,0.3325307006982904,0.4711199781280713,1
1,insf_car,128,0.0078125,0.08804240366863003,1
1,fibr_aur,9216,0.026801215277777776,0.16150204375614566,1
1,trat_est,4363,0.1794636717854687,0.38374009732466874,1
1,var171,746,0.032171581769437,0.17645557825098482,1
1,tv_l_esu,9887,0.0450085971477698,0.20732299276867383,1
1,tvp_orig,16615,0.21498645801986158,0.410812951217383,1
1,tv_l_ein,4494,0.8146417445482866,0.38858792130946473,1
1,tvp_prox,6740,0.8405044510385756,0.36613756816655435,1
1,tv_l_svc,11196,0.006520185780635942,0.08048399193642133,1
1,tv_l_vre,11826,0.007187552849653306,0.08447420868931975,1
1,tv_l_vrn,11768,0.00628823929299796,0.07904870232705886,1
1,tv_l_vca,14676,0.042722812755519216,0.20223148623737117,1
1,tv_l_yug,14741,0.017230852723695813,0.13013051309400925,1
1,tv_l_ova,14749,0.009966777408637873,0.09933499260947544,1
1,tv_l_sup,14744,0.003594682582745524,0.05984781399412037,1
1,tv_l_pul,14751,0.004135312860145075,0.06417329699878131,1
1,tv_l_ove,11797,0.03899296431296092,0.1935781832930795,1
1,fr_antfa,12643,0.13295894961638852,0.3395303629033715,1
1,fr_tvs_a,9819,0.047051634586006724,0.2117493288508647,1
1,fr_viaje,310,0.05806451612903226,0.23386540594054012,1
1,fr_estro,211,0.07582938388625593,0.2647249297396956,1
1,fr_varic,617,0.17990275526742303,0.38410643565893643,1
1,fr_antec,68,0.04411764705882353,0.20535647123189615,1
1,ana_dime,1157,1.5790838375108038,0.5776100649175038,1
1,ana_crea,547,0.9177330895795247,0.2747709334524756,1
1,ana_trop,11678,0.8800308271964378,0.3249254843504757,1
1,peso,11,82.72727272727273,14.491947037083037,1
1,tension_,768,128.54947916666666,21.202892632344593,1
1,ana_hemo,34,13.176470588235293,1.9276713814904505,1
1,ana_plaq,23,267.3478260869565,95.23636896446112,1
1,ana_leuc,79,8.859367088607595,3.8452875455918676,1
1,ana_neu,14913,6.439180915979347,3.2707878277475086,1
1,protcrea,17142,16.645534126706334,30.703285929657163,1
1,splanchnic,11107,0.008643197983253803,0.09256615532621025,1
2,raza,10662,2.9074282498593136,0.6512207835807053,1
2,ant_inf,4291,0.03472384059659753,0.18307947861740162,1
2,ant_isq,4306,0.03460287970274036,0.18277177139541556,1
2,ant_clau,4318,0.034043538675312644,0.18134104926842995,1
2,fum_act,4443,0.19828944406932253,0.3987113497757513,1
2,diabetes,4273,0.09946173648490522,0.29928097076211263,1
2,hip_art,4153,0.33590175776547077,0.47230473943793716,1
2,insf_car,128,0.046875,0.21137108216357317,1
2,fibr_aur,9216,0.024956597222222224,0.15599283790389218,1
2,trat_est,4363,0.17510887004354803,0.38006019743669534,1
2,var171,746,0.028150134048257374,0.16540164449400893,1
2,tv_l_esu,9887,0.027409729948417113,0.16327411507208348,1
2,tvp_orig,16615,0.21426421907914536,0.41031093514741884,1
2,tv_l_ein,4494,0.8237650200267023,0.3810199624784889,1
2,tvp_prox,6740,0.8510385756676558,0.3560504436076769,1
2,tv_l_svc,11196,0.006430868167202572,0.07993442375984598,1
2,tv_l_vre,11826,0.007102993404363267,0.08397940752982745,1
2,tv_l_vrn,11768,0.00535350101971448,0.07297150845738626,1
2,tv_l_vca,14676,0.03979285908967021,0.19547221658112912,1
2,tv_l_yug,14741,0.016348958686656263,0.12681352544787278,1
2,tv_l_ova,14749,0.009085361719438606,0.09488318039497602,1
2,tv_l_sup,14744,0.0052902875746066195,0.07254171511609431,1
2,tv_l_pul,14751,0.0048132330011524645,0.06921030117857516,1
2,tv_l_ove,11797,0.03280495041112147,0.17812575793423402,1
2,fr_antfa,12643,0.13208890295024914,0.3385873959078347,1
2,fr_tvs_a,9819,0.04725532131581627,0.21218448558543396,1
2,fr_viaje,310,0.035483870967741936,0.18499936721212476,1
2,fr_estro,211,0.08530805687203792,0.279339564517372,1
2,fr_varic,617,0.2025931928687196,0.40193182391044546,1
2,fr_antec,68,0.04411764705882353,0.20535647123189615,1
2,ana_dime,1157,1.599827139152982,0.552921028859844,1
2,ana_crea,547,0.926873857404022,0.2603434459805177,1
2,ana_trop,11678,0.8849117999657475,0.31912835387525246,1
2,peso,11,80.9090909090909,8.979315072629634,1
2,tension_,768,129.19661458333334,20.6112110218918,1
2,ana_hemo,34,13.75294117647059,1.569045287487538,1
2,ana_plaq,23,191.3913043478261,52.92549244430882,1
2,ana_leuc,79,8.336835443037979,3.3829215687050174,1
2,ana_neu,14913,6.476282169918863,3.276420689974639,1
2,protcrea,17142,19.22485287597713,36.44795242503075,1
2,splanchnic,11107,0.009093364544881606,0.09492457672349924,1
3,raza,10662,2.909116488463703,0.591388672951187,1
3,ant_inf,4291,0.03845257515730599,0.19228617896530611,1
3,ant_isq,4306,0.039479795633999074,0.19473351373273362,1
3,ant_clau,4318,0.02176933765632237,0.14592955010664357,1
3,fum_act,4443,0.19896466351564257,0.3992213999621635,1
3,diabetes,4273,0.11326936578516265,0.3169217830313809,1
3,hip_art,4153,0.3407175535757284,0.4739505272294768,1
3,insf_car,128,0.0078125,0.08804240366863003,1
3,fibr_aur,9216,0.024088541666666668,0.15332411365157125,1
3,trat_est,4363,0.18267247306898923,0.3863977751642064,1
3,var171,746,0.02680965147453083,0.16152675958597396,1
3,tv_l_esu,9887,0.019116010923434814,0.13693279026518787,1
3,tvp_orig,16615,0.24568161300030092,0.430490601562765,1
3,tv_l_ein,4494,0.8255451713395638,0.37950012044463705,1
3,tvp_prox,6740,0.8559347181008902,0.3511559147308213,1
3,tv_l_svc,11196,0.004912468738835298,0.06991663886175639,1
3,tv_l_vre,11826,0.006933874513783189,0.08298069593592415,1
3,tv_l_vrn,11768,0.005948334466349422,0.07689572018926581,1
3,tv_l_vca,14676,0.04238212046879258,0.2014593664572619,1
3,tv_l_yug,14741,0.015467064649616715,0.12340111247772967,1
3,tv_l_ova,14749,0.011661807580174927,0.10735832442869953,1
3,tv_l_sup,14744,0.007121540965816604,0.08408819548598247,1
3,tv_l_pul,14751,0.005152193071656159,0.0715936308494585,1
3,tv_l_ove,11797,0.03144867339154022,0.17452694443395397,1
3,fr_antfa,12643,0.12789685992248676,0.3339749289160109,1
3,fr_tvs_a,9819,0.05173642937162644,0.2214944045512237,1
3,fr_viaje,310,0.035483870967741936,0.18499936721212476,1
3,fr_estro,211,0.09004739336492891,0.28624964683490994,1
3,fr_varic,617,0.17504051863857376,0.3800017571976647,1
3,fr_antec,68,0.058823529411764705,0.23529411764705882,1
3,ana_dime,1157,1.6188418323249785,0.5538497685898979,1
3,ana_crea,547,0.9323583180987203,0.2511300156708588,1
3,ana_trop,11678,0.8809727693098133,0.3238205506826455,1
3,peso,11,76.81818181818181,12.481391107041802,1
3,tension_,768,129.89713541666666,21.347657758971177,1
3,ana_hemo,34,13.71470588235294,2.673852953955614,1
3,ana_plaq,23,262.30434782608694,128.33666146798654,1
3,ana_leuc,79,8.511772151898732,3.5788824220869864,1
3,ana_neu,14913,6.9469123583450685,3.3527261007637645,1
3,protcrea,17142,33.77593513008984,51.84650050569206,1
3,splanchnic,11107,0.008913297920230486,0.09398856866883175,1
4,raza,10662,2.918964546989308,0.6315046337723635,1
4,ant_inf,4291,0.03518993241668609,0.1842596023907442,1
4,ant_isq,4306,0.04296330701346958,0.20277440978569244,1
4,ant_clau,4318,0.02825382121352478,0.16569714179900313,1
4,fum_act,4443,0.20931802835921676,0.4068218177077367,1
4,diabetes,4273,0.11794991809033466,0.32254881012463527,1
4,hip_art,4153,0.34770045750060197,0.4762403273080453,1
4,insf_car,128,0.0390625,0.19374369949433196,1
4,fibr_aur,9216,0.028971354166666668,0.1677260111146039,1
4,trat_est,4363,0.18542287416914965,0.3886402345408943,1
4,var171,746,0.029490616621983913,0.16917718567596246,1
4,tv_l_esu,9887,0.018306867603924346,0.1340586670173053,1
4,tvp_orig,16615,0.23033403551008125,0.421046633516671,1
4,tv_l_ein,4494,0.8090787716955942,0.3930271146971196,1
4,tvp_prox,6740,0.8456973293768546,0.361238641982984,1
4,tv_l_svc,11196,0.006162915326902465,0.07826195628513188,1
4,tv_l_vre,11826,0.008033147302553695,0.089267103946354,1
4,tv_l_vrn,11768,0.006033310673011557,0.0774397174280387,1
4,tv_l_vca,14676,0.03713545925320251,0.18909367234060545,1
4,tv_l_yug,14741,0.017230852723695813,0.13013051309400925,1
4,tv_l_ova,14749,0.012339819648789748,0.110397230489832,1
4,tv_l_sup,14744,0.008952794357026587,0.09419470170995488,1
4,tv_l_pul,14751,0.006169073283167243,0.07830080343134516,1
4,tv_l_ove,11797,0.031024836822921082,0.1733848214897492,1
4,fr_antfa,12643,0.12512852962113422,0.3308645957124865,1
4,fr_tvs_a,9819,0.0440981770037682,0.2053132430914103,1
4,fr_viaje,310,0.03870967741935484,0.1929021469384007,1
4,fr_estro,211,0.08056872037914692,0.2721716401016347,1
4,fr_varic,617,0.17341977309562398,0.37860976663985607,1
4,fr_antec,68,0.07352941176470588,0.2610035198426301,1
4,ana_dime,1157,1.5894554883318928,0.5760949193116884,1
4,ana_crea,547,0.9287020109689214,0.25732194968794014,1
4,ana_trop,11678,0.8797739338927899,0.3252257049121346,1
4,peso,11,81.0909090909091,10.112589322716381,1
4,tension_,768,128.86458333333334,20.64613553007896,1
4,ana_hemo,34,13.561764705882352,1.3854314906284297,1
4,ana_plaq,23,220.3913043478261,84.8593409735934,1
4,ana_leuc,79,8.918974683544302,3.8788690410135986,1
4,ana_neu,14913,6.760566351505398,3.26955100763041,1
4,protcrea,17142,28.869823941197062,46.6678150167046,1
4,splanchnic,11107,0.009273431169532727,0.09585110663876902,1
5,raza,10662,2.9095854436315887,0.6501547633066409,1
5,ant_inf,4291,0.03775343742717315,0.1905993583137301,1
5,ant_isq,4306,0.03529958197863446,0.18453596259474228,1
5,ant_clau,4318,0.02570634553033812,0.1582577938991094,1
5,fum_act,4443,0.1976142246230025,0.39819950131768367,1
5,diabetes,4273,0.12286449801076527,0.3282816064590398,1
5,hip_art,4153,0.35323862268239825,0.47797604346644884,1
5,insf_car,128,0.0625,0.24206145913796356,1
5,fibr_aur,9216,0.025173611111111112,0.15665216377291966,1
5,trat_est,4363,0.18381847352738942,0.38733608445050643,1
5,var171,746,0.024128686327077747,0.15344866510728344,1
5,tv_l_esu,9887,0.016385152220086983,0.12695148288543762,1
5,tvp_orig,16615,0.24261209750225698,0.4286624168828104,1
5,tv_l_ein,4494,0.8141967067200712,0.3889478493143541,1
5,tvp_prox,6740,0.8492581602373888,0.3577970619046424,1
5,tv_l_svc,11196,0.006520185780635942,0.08048399193642133,1
5,tv_l_vre,11826,0.007018433959073228,0.08348158805290753,1
5,tv_l_vrn,11768,0.005183548606390211,0.07181002318782108,1
5,tv_l_vca,14676,0.04776505859907332,0.2132687454272201,1
5,tv_l_yug,14741,0.018587612780679736,0.13506336820839043,1
5,tv_l_ova,14749,0.009966777408637873,0.09933499260947544,1
5,tv_l_sup,14744,0.004747693977211069,0.06873975108414215,1
5,tv_l_pul,14751,0.004203104874245814,0.06469496722050261,1
5,tv_l_ove,11797,0.030685767568025768,0.17246492755568266,1
5,fr_antfa,12643,0.12457486356086372,0.3302362289780695,1
5,fr_tvs_a,9819,0.051838272736531216,0.2217003974200863,1
5,fr_viaje,310,0.041935483870967745,0.20044175977943207,1
5,fr_estro,211,0.07582938388625593,0.2647249297396956,1
5,fr_varic,617,0.1912479740680713,0.39328384976112307,1
5,fr_antec,68,0.0,0.0,1
5,ana_dime,1157,1.5825410544511669,0.5711043520222918,1
5,ana_crea,547,0.8957952468007313,0.3055259769805969,1
5,ana_trop,11678,0.8752354855283438,0.3304517066082547,1
5,peso,11,80.63636363636364,17.56687340770446,1
5,tension_,768,129.98958333333334,21.714647893984424,1
5,ana_hemo,34,13.591470588235294,1.6048605076874898,1
5,ana_plaq,23,224.08695652173913,82.13134393125824,1
5,ana_leuc,79,9.025316455696204,3.9137274910932844,1
5,ana_neu,14913,6.516064909810233,3.3449831672423707,1
5,protcrea,17142,10.36230824874577,21.842263414228395,1
5,splanchnic,11107,0.00981363104348609,0.09857648649261352,1
1,raza,10662,2.9206527855936972,0.6418816318607564,2
1,ant_inf,4291,0.028431601025402004,0.16620242202968755,2
1,ant_isq,4306,0.031351602415234554,0.1742661167330919,2
1,ant_clau,4318,0.01875868457619268,0.13567164895129563,2
1,fum_act,4443,0.20144046815214944,0.4010763093761489,2
1,diabetes,4273,0.09758951556283642,0.29675882803220416,2
1,hip_art,4153,0.3301228027931616,0.4702570976276158,2
1,insf_car,128,0.0234375,0.15128841196122722,2
1,fibr_aur,9216,0.023003472222222224,0.14991435050702676,2
1,trat_est,4363,0.16525326610130645,0.3714089715450574,2
1,var171,746,0.036193029490616625,0.18677016385629683,2
1,tv_l_esu,9887,0.04065945180540103,0.1975000273019862,2
1,tvp_orig,16615,0.26764971411375266,0.44273394341136657,2
1,tv_l_ein,4494,0.8110814419225634,0.3914439123187111,2
1,tvp_prox,6740,0.8387240356083087,0.367785301094567,2
1,tv_l_svc,11196,0.006162915326902465,0.07826195628513188,2
1,tv_l_vre,11826,0.007102993404363267,0.08397940752982745,2
1,tv_l_vrn,11768,0.006203263086335826,0.07851612963854962,2
1,tv_l_vca,14676,0.04326792041428182,0.20345959667045738,2
1,tv_l_yug,14741,0.01628112068380707,0.12655451707895052,2
1,tv_l_ova,14749,0.006847921893009696,0.08246834458601028,2
1,tv_l_sup,14744,0.004137276180141074,0.06418846567686683,2
1,tv_l_pul,14751,0.005355569113958376,0.07298552591729399,2
1,tv_l_ove,11797,0.033059252352292956,0.17879132581364332,2
1,fr_antfa,12643,0.1412639405204461,0.3482936112378204,2
1,fr_tvs_a,9819,0.050106935533150015,0.21816560348649544,2
1,fr_viaje,310,0.03870967741935484,0.1929021469384007,2
1,fr_estro,211,0.061611374407582936,0.24044835817944687,2
1,fr_varic,617,0.19286871961102106,0.39455085427182435,2
1,fr_antec,68,0.058823529411764705,0.23529411764705882,2
1,ana_dime,1157,1.5980985306828004,0.5609873817615512,2
1,ana_crea,547,0.9341864716636198,0.24795585862063582,2
1,ana_trop,11678,0.8751498544271279,0.33054891729259184,2
1,peso,11,75.36363636363636,16.98808527534266,2
1,tension_,768,129.45182291666666,21.54120982292564,2
1,ana_hemo,34,14.041176470588235,1.5473160153023275,2
1,ana_plaq,23,236.6086956521739,74.88410705619067,2
1,ana_leuc,79,9.061683544303797,4.090873363297785,2
1,ana_neu,14913,6.635419365654126,3.3307311897315177,2
1,protcrea,17142,26.308349084120874,29.8433896584307,2
1,splanchnic,11107,0.008283064733951562,0.0906336337821933,2
2,raza,10662,2.8907334458825735,0.6529520044057697,2
2,ant_inf,4291,0.04241435562805873,0.20153257321017687,2
2,ant_isq,4306,0.037621922898281465,0.19028009306208893,2
2,ant_clau,4318,0.03195924038906901,0.17589157837378888,2
2,fum_act,4443,0.20796758946657665,0.40585350953027133,2
2,diabetes,4273,0.09875965363912942,0.29833904278891926,2
2,hip_art,4153,0.33758728629906093,0.47288699541042223,2
2,insf_car,128,0.046875,0.21137108216357317,2
2,fibr_aur,9216,0.025499131944444444,0.15763542182683515,2
2,trat_est,4363,0.18909007563603025,0.39158015645840716,2
2,var171,746,0.04423592493297587,0.20561884125317892,2
2,tv_l_esu,9887,0.02346515626580358,0.1513755023351698,2
2,tvp_orig,16615,0.26313572073427627,0.44033545531552337,2
2,tv_l_ein,4494,0.8230974632843792,0.38158620155765494,2
2,tvp_prox,6740,0.8497032640949554,0.35736203922819476,2
2,tv_l_svc,11196,0.006877456234369418,0.08264476287166507,2
2,tv_l_vre,11826,0.006341958396752917,0.07938348669872577,2
2,tv_l_vrn,11768,0.005778382053025153,0.07579572780753825,2
2,tv_l_vca,14676,0.044698828018533664,0.2066418224665646,2
2,tv_l_yug,14741,0.01641679668950546,0.1270719696705804,2
2,tv_l_ova,14749,0.007864939995931927,0.08833505937504268,2
2,tv_l_sup,14744,0.0065111231687466084,0.08042840570238864,2
2,tv_l_pul,14751,0.0044742729306487695,0.06674019637662772,2
2,tv_l_ove,11797,0.029414257862168346,0.16896466878192676,2
2,fr_antfa,12643,0.12678952780194575,0.3327370484958136,2
2,fr_tvs_a,9819,0.04633873103167328,0.2102176325574226,2
2,fr_viaje,310,0.03225806451612903,0.17668469596940845,2
2,fr_estro,211,0.0947867298578199,0.2929201353623212,2
2,fr_varic,617,0.2171799027552674,0.4123260755694212,2
2,fr_antec,68,0.058823529411764705,0.23529411764705882,2
2,ana_dime,1157,1.617113223854797,0.5604211576631488,2
2,ana_crea,547,0.9104204753199269,0.28557841906937803,2
2,ana_trop,11678,0.8858537420791232,0.31798882012350294,2
2,peso,11,77.95454545454545,16.561805107830246,2
2,tension_,768,128.79036458333334,22.003942849151958,2
2,ana_hemo,34,14.264705882352942,1.5058478856349604,2
2,ana_plaq,23,218.08695652173913,79.28370249957798,2
2,ana_leuc,79,8.923164556962028,4.277476348225653,2
2,ana_neu,14913,6.703925165962583,3.2917730525014774,2
2,protcrea,17142,7.904020534360051,8.892470601457257,2
2,splanchnic,11107,0.008823264607904925,0.09351692151457841,2
3,raza,10662,2.924498217970362,0.6108366930110039,2
3,ant_inf,4291,0.04008389652761594,0.19615600364704447,2
3,ant_isq,4306,0.03669298653042267,0.188006944738488,2
3,ant_clau,4318,0.025937934228809634,0.15895017394376007,2
3,fum_act,4443,0.196038712581589,0.39699815585332654,2
3,diabetes,4273,0.10297215071378422,0.30392250145581845,2
3,hip_art,4153,0.3322899109077775,0.4710343151158722,2
3,insf_car,128,0.03125,0.17399263633843817,2
3,fibr_aur,9216,0.028537326388888888,0.16650209425548654,2
3,trat_est,4363,0.19092367636947055,0.3930290398571538,2
3,var171,746,0.04289544235924933,0.20262137938542824,2
3,tv_l_esu,9887,0.019925154242945282,0.13974313031895383,2
3,tvp_orig,16615,0.285224195004514,0.45152115519490443,2
3,tv_l_ein,4494,0.8104138851802403,0.3919734938580779,2
3,tvp_prox,6740,0.8485163204747774,0.3585196987094604,2
3,tv_l_svc,11196,0.006252232940335834,0.07882348966897884,2
3,tv_l_vre,11826,0.006764755623203111,0.08196946812418301,2
3,tv_l_vrn,11768,0.007053025152957172,0.08368560204210117,2
3,tv_l_vca,14676,0.03931588988825293,0.19434544165106546,2
3,tv_l_yug,14741,0.015670578658164305,0.12419747027489163,2
3,tv_l_ova,14749,0.005559698962641535,0.07435582499096045,2
3,tv_l_sup,14744,0.005765056972327726,0.07570879136819939,2
3,tv_l_pul,14751,0.003254016676835469,0.056951102292250186,2
3,tv_l_ove,11797,0.03466983131304569,0.18294216055838702,2
3,fr_antfa,12643,0.13984022779403624,0.34682119093929115,2
3,fr_tvs_a,9819,0.04511661065281597,0.20755987592985833,2
3,fr_viaje,310,0.04838709677419355,0.21458281767177534,2
3,fr_estro,211,0.10426540284360189,0.30560452976594327,2
3,fr_varic,617,0.19286871961102106,0.39455085427182435,2
3,fr_antec,68,0.029411764705882353,0.16895772489817729,2
3,ana_dime,1157,1.5738980121002593,0.5827628588607999,2
3,ana_crea,547,0.9396709323583181,0.2380955086497166,2
3,ana_trop,11678,0.8806302449049495,0.3242230970544791,2
3,peso,11,79.9090909090909,13.26276089079046,2
3,tension_,768,128.97395833333334,21.885398694066872,2
3,ana_hemo,34,13.926470588235293,1.5658692048769614,2
3,ana_plaq,23,211.82608695652175,87.47106461886499,2
3,ana_leuc,79,8.499873417721517,3.744685176698373,2
3,ana_neu,14913,6.562970227318448,3.2939605529066682,2
3,protcrea,17142,20.01622389452806,34.643203035853986,2
3,splanchnic,11107,0.00810299810930044,0.08965121042652525,2
4,raza,10662,2.9105233539673607,0.6514373297605808,2
4,ant_inf,4291,0.03798648333721743,0.19116356980577845,2
4,ant_isq,4306,0.04087320018578727,0.1979964183826562,2
4,ant_clau,4318,0.02616952292728115,0.15963921509779372,2
4,fum_act,4443,0.20909295521044338,0.4066609045529296,2
4,diabetes,4273,0.11116311724783524,0.3143340239483777,2
4,hip_art,4153,0.34432940043342164,0.4751490970533166,2
4,insf_car,128,0.0390625,0.19374369949433196,2
4,fibr_aur,9216,0.025390625,0.15730842686299223,2
4,trat_est,4363,0.19023607609443044,0.39248733921825363,2
4,var171,746,0.028150134048257374,0.16540164449400893,2
4,tv_l_esu,9887,0.01790229594416911,0.13259639415948118,2
4,tvp_orig,16615,0.2733072524826964,0.4456572654215973,2
4,tv_l_ein,4494,0.8184245660881175,0.3854942226695416,2
4,tvp_prox,6740,0.8415430267062315,0.3651689484448897,2
4,tv_l_svc,11196,0.00482315112540193,0.06928122645149595,2
4,tv_l_vre,11826,0.006764755623203111,0.08196946812418301,2
4,tv_l_vrn,11768,0.005183548606390211,0.07181002318782108,2
4,tv_l_vca,14676,0.04238212046879258,0.2014593664572619,2
4,tv_l_yug,14741,0.01784139474933858,0.13237476867869064,2
4,tv_l_ova,14749,0.006169909824394874,0.07830607918389036,2
4,tv_l_sup,14744,0.0023060227889310906,0.047965665301630295,2
4,tv_l_pul,14751,0.004135312860145075,0.06417329699878131,2
4,tv_l_ove,11797,0.034415529371874205,0.1822939952656913,2
4,fr_antfa,12643,0.13011152416356878,0.3364260920966176,2
4,fr_tvs_a,9819,0.05071799572257867,0.21942124015797368,2
4,fr_viaje,310,0.03225806451612903,0.17668469596940845,2
4,fr_estro,211,0.07109004739336493,0.2569751983265585,2
4,fr_varic,617,0.21393841166936792,0.4100838544514475,2
4,fr_antec,68,0.029411764705882353,0.16895772489817729,2
4,ana_dime,1157,1.585133967156439,0.5737443953062038,2
4,ana_crea,547,0.923217550274223,0.266245948588679,2
4,ana_trop,11678,0.8867956841924988,0.3168423877735692,2
4,peso,11,79.0,15.643761463512307,2
4,tension_,768,129.1015625,21.944653336487086,2
4,ana_hemo,34,13.758823529411766,1.64872814565346,2
4,ana_plaq,23,237.6086956521739,60.36896635108702,2
4,ana_leuc,79,8.415822784810125,3.5210580284171478,2
4,ana_neu,14913,6.491739690203178,3.303306862131619,2
4,protcrea,17142,13.674382219110955,19.525333007810712,2
4,splanchnic,11107,0.0077428648599982,0.08765222703250616,2
5,raza,10662,2.901144250609642,0.6078803176601683,2
5,ant_inf,4291,0.0470752738289443,0.21179988768380928,2
5,ant_isq,4306,0.03924756154203437,0.1941833938704301,2
5,ant_clau,4318,0.0222325150532654,0.1474389037115772,2
5,fum_act,4443,0.2095431015079901,0.40698254276860857,2
5,diabetes,4273,0.10578048209688744,0.3075564528736757,2
5,hip_art,4153,0.3460149289670118,0.4756980112413396,2
5,insf_car,128,0.0234375,0.15128841196122722,2
5,fibr_aur,9216,0.0283203125,0.16588632372773335,2
5,trat_est,4363,0.18267247306898923,0.3863977751642065,2
5,var171,746,0.03485254691689008,0.18340623460039757,2
5,tv_l_esu,9887,0.015677151815515322,0.12422310061525837,2
5,tvp_orig,16615,0.298344869094192,0.4575316471888709,2
5,tv_l_ein,4494,0.8135291499777481,0.3894861642141229,2
5,tvp_prox,6740,0.8465875370919881,0.36038462665950355,2
5,tv_l_svc,11196,0.006430868167202572,0.079934423759846,2
5,tv_l_vre,11826,0.006511077287332995,0.08042812418483583,2
5,tv_l_vrn,11768,0.00628823929299796,0.07904870232705886,2
5,tv_l_vca,14676,0.04054238212046879,0.19722752691363013,2
5,tv_l_yug,14741,0.018994640797774912,0.13650584023674014,2
5,tv_l_ova,14749,0.010034578615499355,0.09966888103871097,2
5,tv_l_sup,14744,0.0037981551817688553,0.0615120248324184,2
5,tv_l_pul,14751,0.0016270083384177345,0.04030336440403522,2
5,tv_l_ove,11797,0.033059252352292956,0.17879132581364332,2
5,fr_antfa,12643,0.12939966780036383,0.33564176404839624,2
5,fr_tvs_a,9819,0.05204195946634077,0.22211166993484271,2
5,fr_viaje,310,0.04838709677419355,0.21458281767177534,2
5,fr_estro,211,0.09004739336492891,0.28624964683490994,2
5,fr_varic,617,0.20907617504051865,0.4066489002455866,2
5,fr_antec,68,0.014705882352941176,0.12037283488047723,2
5,ana_dime,1157,1.5946413137424373,0.5412035438155876,2
5,ana_crea,547,0.943327239488117,0.23121625965283185,2
5,ana_trop,11678,0.8748073300222641,0.33093725290692433,2
5,peso,11,77.32727272727273,13.402923080710343,2
5,tension_,768,129.90885416666666,20.443061800288117,2
5,ana_hemo,34,13.852941176470589,1.8094905513329775,2
5,ana_plaq,23,233.65217391304347,80.07203750952186,2
5,ana_leuc,79,8.28873417721519,3.64074111494447,2
5,ana_neu,14913,6.817988198216321,3.337519296721181,2
5,protcrea,17142,15.365144673900362,25.126969763283462,2
5,splanchnic,11107,0.007112631673719276,0.08403595744913771,2
1,raza,10662,2.917651472519227,0.6277591875318582,3
1,ant_inf,4291,0.02866464693544628,0.16686217351908278,3
1,ant_isq,4306,0.035764050162563864,0.18570132707800843,3
1,ant_clau,4318,0.020379805465493284,0.14129567932064285,3
1,fum_act,4443,0.20909295521044338,0.4066609045529296,3
1,diabetes,4273,0.0959513222560262,0.2945244743876923,3
1,hip_art,4153,0.3322899109077775,0.4710343151158722,3
1,insf_car,128,0.0546875,0.22736925329461324,3
1,fibr_aur,9216,0.023328993055555556,0.15094618623393374,3
1,trat_est,4363,0.17717167086866834,0.3818139205297164,3
1,var171,746,0.030831099195710455,0.17285989274003014,3
1,tv_l_esu,9887,0.0379285931020532,0.19102359782851985,3
1,tvp_orig,16615,0.20830574781823652,0.40609661811460795,3
1,tv_l_ein,4494,0.817311971517579,0.38641054945695663,3
1,tvp_prox,6740,0.8461424332344214,0.3608121615391507,3
1,tv_l_svc,11196,0.00660950339406931,0.08102973441245565,3
1,tv_l_vre,11826,0.0076103500761035,0.08690473317272572,3
1,tv_l_vrn,11768,0.006543167912984364,0.08062477824246622,3
1,tv_l_vca,14676,0.049400381575361134,0.21670252392524153,3
1,tv_l_yug,14741,0.016484634692354658,0.12732985318225368,3
1,tv_l_ova,14749,0.005966506203810428,0.07701238217020898,3
1,tv_l_sup,14744,0.0052902875746066195,0.07254171511609431,3
1,tv_l_pul,14751,0.002847264592231035,0.05328374683309033,3
1,tv_l_ove,11797,0.02763414427396796,0.16392223261111802,3
1,fr_antfa,12643,0.1307442853753065,0.3371204787861558,3
1,fr_tvs_a,9819,0.04654241776148284,0.21065664269231685,3
1,fr_viaje,310,0.04516129032258064,0.20765776696040109,3
1,fr_estro,211,0.06635071090047394,0.24889414228437692,3
1,fr_varic,617,0.1539708265802269,0.36092078236425873,3
1,fr_antec,68,0.058823529411764705,0.23529411764705885,3
1,ana_dime,1157,1.5929127052722558,0.554124851514429,3
1,ana_crea,547,0.9213893967093236,0.2691300361181418,3
1,ana_trop,11678,0.8725809213906491,0.3334418345314441,3
1,peso,11,82.54545454545455,11.578692314008492,3
1,tension_,768,129.03515625,20.25578784252588,3
1,ana_hemo,34,13.344117647058823,1.6998600593735025,3
1,ana_plaq,23,266.2608695652174,98.84252622504243,3
1,ana_leuc,79,8.761556962025319,3.4038066506647757,3
1,ana_neu,14913,6.5365294038758135,3.2676884945357867,3
1,protcrea,17142,17.465214210710535,33.126208315748045,3
1,splanchnic,11107,0.013144863599531827,0.11389502254480449,3
2,raza,10662,2.90320765334834,0.6524063575415803,3
2,ant_inf,4291,0.037520391517128875,0.19003318588480866,3
2,ant_isq,4306,0.03646075243845796,0.18743363084057102,3
2,ant_clau,4318,0.025474756831866605,0.15756203094725543,3
2,fum_act,4443,0.20504163853252308,0.4037320460409617,3
2,diabetes,4273,0.10812075824947344,0.3105328644202291,3
2,hip_art,4153,0.3397543944136769,0.47362574453915884,3
2,insf_car,128,0.0234375,0.15128841196122722,3
2,fibr_aur,9216,0.028211805555555556,0.16557747305370707,3
2,trat_est,4363,0.18473527389410957,0.38808266190771507,3
2,var171,746,0.028150134048257374,0.16540164449400893,3
2,tv_l_esu,9887,0.022352584201476688,0.14782742026089946,3
2,tvp_orig,16615,0.22858862473668373,0.41992364231807106,3
2,tv_l_ein,4494,0.8255451713395638,0.37950012044463705,3
2,tvp_prox,6740,0.847626112759644,0.35938292353368617,3
2,tv_l_svc,11196,0.006430868167202572,0.079934423759846,3
2,tv_l_vre,11826,0.007356671740233384,0.08545496545631412,3
2,tv_l_vrn,11768,0.005778382053025153,0.07579572780753825,3
2,tv_l_vca,14676,0.03590896702098664,0.18606319654480932,3
2,tv_l_yug,14741,0.01804490875788617,0.13311382357142978,3
2,tv_l_ova,14749,0.008407349650823785,0.09130534553175174,3
2,tv_l_sup,14744,0.005154639175257732,0.07161053602809177,3
2,tv_l_pul,14751,0.005965697240865026,0.07700719250365748,3
2,tv_l_ove,11797,0.035008900567941,0.18380227813867006,3
2,fr_antfa,12643,0.13050699992090484,0.3368603908038904,3
2,fr_tvs_a,9819,0.045727670842244626,0.20889387487810154,3
2,fr_viaje,310,0.03870967741935484,0.1929021469384007,3
2,fr_estro,211,0.061611374407582936,0.2404483581794469,3
2,fr_varic,617,0.18638573743922204,0.3894176348323987,3
2,fr_antec,68,0.029411764705882353,0.16895772489817729,3
2,ana_dime,1157,1.602420051858254,0.5617552008351492,3
2,ana_crea,547,0.9341864716636198,0.24795585862063582,3
2,ana_trop,11678,0.8782325740709026,0.32701700248106247,3
2,peso,11,78.67272727272727,11.854350249368826,3
2,tension_,768,129.44010416666666,21.52818056228818,3
2,ana_hemo,34,13.773529411764706,1.691207160846847,3
2,ana_plaq,23,263.82608695652175,83.46342712408105,3
2,ana_leuc,79,8.339493670886075,3.2424486366559986,3
2,ana_neu,14913,6.62398169382418,3.274417143695378,3
2,protcrea,17142,23.226864543227165,39.779971499792396,3
2,splanchnic,11107,0.012244530476276222,0.10997546067051396,3
3,raza,10662,2.9060213843556557,0.6407819613244168,3
3,ant_inf,4291,0.03588907014681892,0.1860135607712933,3
3,ant_isq,4306,0.03483511379470506,0.18336201526383542,3
3,ant_clau,4318,0.027095877721167207,0.1623628379022945,3
3,fum_act,4443,0.2151699302273239,0.4109401797747361,3
3,diabetes,4273,0.11584366955300726,0.3200373630960937,3
3,hip_art,4153,0.3419215025282928,0.4743534427376779,3
3,insf_car,128,0.0078125,0.08804240366863003,3
3,fibr_aur,9216,0.027235243055555556,0.16276819281192614,3
3,trat_est,4363,0.18038047215218886,0.38450404083486855,3
3,var171,746,0.03485254691689008,0.18340623460039757,3
3,tv_l_esu,9887,0.01820572468898554,0.1336947129752497,3
3,tvp_orig,16615,0.1665362624134818,0.3725613180603023,3
3,tv_l_ein,4494,0.819537160658656,0.38457249376184494,3
3,tvp_prox,6740,0.8418397626112759,0.36489118473575993,3
3,tv_l_svc,11196,0.006520185780635942,0.08048399193642133,3
3,tv_l_vre,11826,0.008033147302553695,0.08926710394635398,3
3,tv_l_vrn,11768,0.006118286879673691,0.07797982716915772,3
3,tv_l_vca,14676,0.0410874897792314,0.19849258918879806,3
3,tv_l_yug,14741,0.013974628586934401,0.11738542644975838,3
3,tv_l_ova,14749,0.0038646687911044818,0.062046217662638764,3
3,tv_l_sup,14744,0.005968529571351058,0.07702536092811876,3
3,tv_l_pul,14751,0.006236865297267982,0.07872716690273895,3
3,tv_l_ove,11797,0.02975332711706366,0.1699060524011098,3
3,fr_antfa,12643,0.13612275567507712,0.3429188695048734,3
3,fr_tvs_a,9819,0.04776453814034016,0.21326764179448354,3
3,fr_viaje,310,0.03225806451612903,0.17668469596940845,3
3,fr_estro,211,0.08056872037914692,0.27217164010163464,3
3,fr_varic,617,0.22042139384116693,0.41453082271199576,3
3,fr_antec,68,0.029411764705882353,0.16895772489817729,3
3,ana_dime,1157,1.5834053586862575,0.5446378693389244,3
3,ana_crea,547,0.9250457038391224,0.263317583248641,3
3,ana_trop,11678,0.8885939373180339,0.31463431452984897,3
3,peso,11,83.45454545454545,17.15365657474515,3
3,tension_,768,130.09114583333334,21.856885946319053,3
3,ana_hemo,34,14.067647058823528,1.4292574353869905,3
3,ana_plaq,23,233.82608695652175,87.67660546324575,3
3,ana_leuc,79,8.143037974683546,3.2527897878008063,3
3,ana_neu,14913,6.360548045329579,3.2575849214008996,3
3,protcrea,17142,20.16038711935597,35.62217184819456,3
3,splanchnic,11107,0.013324930224182947,0.11466200965753044,3
4,raza,10662,2.9250609641718253,0.5978705812184155,3
4,ant_inf,4291,0.041482171987881615,0.19940261130448975,3
4,ant_isq,4306,0.035067347886669764,0.183950072027344,3
4,ant_clau,4318,0.026401111625752663,0.16032496041065225,3
4,fum_act,4443,0.20009002925950933,0.40006750611670283,3
4,diabetes,4273,0.10905686871050783,0.3117105517905464,3
4,hip_art,4153,0.3392728148326511,0.47346253489392454,3
4,insf_car,128,0.03125,0.17399263633843817,3
4,fibr_aur,9216,0.025173611111111112,0.15665216377291968,3
4,trat_est,4363,0.1863396745358698,0.3893805339635456,3
4,var171,746,0.029490616621983913,0.16917718567596246,3
4,tv_l_esu,9887,0.0165874380499646,0.12771959500759147,3
4,tvp_orig,16615,0.20716220282876918,0.40527277795072925,3
4,tv_l_ein,4494,0.8041833555852247,0.3968280309969455,3
4,tvp_prox,6740,0.8446587537091989,0.3622296833386544,3
4,tv_l_svc,11196,0.005894962486602358,0.07655202090006447,3
4,tv_l_vre,11826,0.007018433959073228,0.08348158805290753,3
4,tv_l_vrn,11768,0.006798096532970768,0.0821698388491737,3
4,tv_l_vca,14676,0.03713545925320251,0.18909367234060542,3
4,tv_l_yug,14741,0.01892680279492572,0.13626657305035492,3
4,tv_l_ova,14749,0.005966506203810428,0.07701238217020898,3
4,tv_l_sup,14744,0.0052902875746066195,0.07254171511609431,3
4,tv_l_pul,14751,0.003931936817842858,0.06258176004798323,3
4,tv_l_ove,11797,0.02890565397982538,0.167541389357448,3
4,fr_antfa,12643,0.13216799810171637,0.3386733210329699,3
4,fr_tvs_a,9819,0.04990324880334046,0.21774506782522624,3
4,fr_viaje,310,0.035483870967741936,0.18499936721212476,3
4,fr_estro,211,0.06635071090047394,0.24889414228437692,3
4,fr_varic,617,0.1993517017828201,0.3995129544571911,3
4,fr_antec,68,0.04411764705882353,0.2053564712318962,3
4,ana_dime,1157,1.5937770095073467,0.5555372200176489,3
4,ana_crea,547,0.9159049360146252,0.2775303302319775,3
4,ana_trop,11678,0.8829422846377805,0.3214890459042068,3
4,peso,11,86.0,15.474318901151852,3
4,tension_,768,129.93880208333334,21.53117058820372,3
4,ana_hemo,34,14.191176470588236,1.671977984491075,3
4,ana_plaq,23,238.95652173913044,82.40434679378508,3
4,ana_leuc,79,8.287215189873418,3.206617341760337,3
4,ana_neu,14913,6.577784751559043,3.2866772499501384,3
4,protcrea,17142,28.758610663866527,43.917326063655906,3
4,splanchnic,11107,0.015125596470694157,0.12205250018782851,3
5,raza,10662,2.920465203526543,0.6213661566555494,3
5,ant_inf,4291,0.03868562106735027,0.19284461047689058,3
5,ant_isq,4306,0.04505341384115188,0.2074213194018633,3
5,ant_clau,4318,0.030106530801296896,0.1708804482800986,3
5,fum_act,4443,0.21111861354940356,0.40810237019941603,3
5,diabetes,4273,0.10016381933068103,0.3002183016202905,3
5,hip_art,4153,0.34143992294726705,0.4741926844279985,3
5,insf_car,128,0.0703125,0.25567294018677456,3
5,fibr_aur,9216,0.023763020833333332,0.15231001173333256,3
5,trat_est,4363,0.1881732752693101,0.3908504749181335,3
5,var171,746,0.03351206434316354,0.17996945820506102,3
5,tv_l_esu,9887,0.01790229594416911,0.13259639415948118,3
5,tvp_orig,16615,0.24405657538368944,0.4295264408574575,3
5,tv_l_ein,4494,0.8184245660881175,0.3854942226695416,3
5,tvp_prox,6740,0.8492581602373888,0.3577970619046424,3
5,tv_l_svc,11196,0.005894962486602358,0.07655202090006447,3
5,tv_l_vre,11826,0.008286825638423811,0.09065403553765367,3
5,tv_l_vrn,11768,0.005693405846363018,0.07523955725701487,3
5,tv_l_vca,14676,0.03965658217497956,0.1951510637049633,3
5,tv_l_yug,14741,0.017773556746489384,0.13212742874614908,3
5,tv_l_ova,14749,0.007254729134178588,0.08486517565744085,3
5,tv_l_sup,14744,0.0049511665762344,0.0701901170092256,3
5,tv_l_pul,14751,0.005830113212663548,0.07613227300291954,3
5,tv_l_ove,11797,0.02576926337204374,0.15844623200728372,3
5,fr_antfa,12643,0.12939966780036383,0.33564176404839624,3
5,fr_tvs_a,9819,0.045727670842244626,0.20889387487810157,3
5,fr_viaje,310,0.05161290322580645,0.22124423483202896,3
5,fr_estro,211,0.08530805687203792,0.279339564517372,3
5,fr_varic,617,0.20421393841166938,0.403126042039043,3
5,fr_antec,68,0.07352941176470588,0.2610035198426301,3
5,ana_dime,1157,1.5730337078651686,0.5887732817105188,3
5,ana_crea,547,0.9213893967093236,0.2691300361181418,3
5,ana_trop,11678,0.868128104127419,0.3383514429576917,3
5,peso,11,85.92727272727274,22.133031296687886,3
5,tension_,768,129.34114583333334,21.831999992833133,3
5,ana_hemo,34,13.826470588235294,1.8716631206951324,3
5,ana_plaq,23,207.6086956521739,60.08163948034792,3
5,ana_leuc,79,7.755696202531646,2.946234104985207,3
5,ana_neu,14913,6.634776503721585,3.2934607743116744,3
5,protcrea,17142,24.54005670283514,39.56223526973708,3
5,splanchnic,11107,0.01377509678581075,0.11655618170801707,3
1,raza,10662,2.9048958919527292,0.6740051294343774,4
1,ant_inf,4291,0.029829876485667678,0.17011776789776392,4
1,ant_isq,4306,0.035764050162563864,0.18570132707800846,4
1,ant_clau,4318,0.01760074108383511,0.13149507594254206,4
1,fum_act,4443,0.21291919873959037,0.40937099744324973,4
1,diabetes,4273,0.09524923941025042,0.29355888983646744,4
1,hip_art,4153,0.3228991090777751,0.46758451047329846,4
1,insf_car,128,0.0234375,0.15128841196122722,4
1,fibr_aur,9216,0.027126736111111112,0.16245268941777863,4
1,trat_est,4363,0.17258766903506761,0.37789041471319385,4
1,var171,746,0.0388739946380697,0.1932946123898673,4
1,tv_l_esu,9887,0.035703448973399415,0.18554975802949264,4
1,tvp_orig,16615,0.2275654529040024,0.41926056044970256,4
1,tv_l_ein,4494,0.8052959501557633,0.39597270463819817,4
1,tvp_prox,6740,0.8456973293768546,0.361238641982984,4
1,tv_l_svc,11196,0.006341550553769203,0.07938095042479143,4
1,tv_l_vre,11826,0.009301538981904278,0.09599489754394447,4
1,tv_l_vrn,11768,0.005948334466349422,0.07689572018926581,4
1,tv_l_vca,14676,0.035227582447533386,0.18435454939446333,4
1,tv_l_yug,14741,0.02062275286615562,0.1421177502297904,4
1,tv_l_ova,14749,0.005491897755780053,0.07390356429036499,4
1,tv_l_sup,14744,0.006307650569723277,0.0791698434633639,4
1,tv_l_pul,14751,0.003999728831943597,0.06311680442809597,4
1,tv_l_ove,11797,0.0334830889209121,0.17989433475578487,4
1,fr_antfa,12643,0.1339080914339951,0.3405535412860949,4
1,fr_tvs_a,9819,0.049292188613911804,0.21647740934231996,4
1,fr_viaje,310,0.05161290322580645,0.22124423483202896,4
1,fr_estro,211,0.0995260663507109,0.2993670463953319,4
1,fr_varic,617,0.23014586709886548,0.42092605877538264,4
1,fr_antec,68,0.014705882352941176,0.12037283488047723,4
1,ana_dime,1157,1.598962834917891,0.5684888423476107,4
1,ana_crea,547,0.9085923217550275,0.2881879848342678,4
1,ana_trop,11678,0.8777187874636068,0.32761031363042076,4
1,peso,11,78.27272727272727,11.778955881269466,4
1,tension_,768,128.94921875,20.938868721781073,4
1,ana_hemo,34,13.793529411764707,1.5365639328460055,4
1,ana_plaq,23,241.2173913043478,117.72036007336796,4
1,ana_leuc,79,8.983037974683546,4.704058133421456,4
1,ana_neu,14913,6.5480280962918265,3.335306317882411,4
1,protcrea,17142,11.157527709718819,19.102208510577654,4
1,splanchnic,11107,0.01368506347348519,0.11617995744194377,4
2,raza,10662,2.9078034139936224,0.6416988475820703,4
2,ant_inf,4291,0.03565602423677464,0.18543104425203777,4
2,ant_isq,4306,0.04342777519739898,0.20381806479996606,4
2,ant_clau,4318,0.022464103751736915,0.14818727271384718,4
2,fum_act,4443,0.2077425163178033,0.405691463099423,4
2,diabetes,4273,0.10133395740697403,0.30177042015945765,4
2,hip_art,4153,0.33445701902239344,0.47180029827146974,4
2,insf_car,128,0.03125,0.17399263633843817,4
2,fibr_aur,9216,0.025065104166666668,0.15632288610366948,4
2,trat_est,4363,0.18588127435250973,0.3890108304374014,4
2,var171,746,0.028150134048257374,0.1654016444940089,4
2,tv_l_esu,9887,0.02144229796702741,0.14485346328245183,4
2,tvp_orig,16615,0.1993379476376768,0.3995026035825994,4
2,tv_l_ein,4494,0.8237650200267023,0.3810199624784889,4
2,tvp_prox,6740,0.8427299703264095,0.36405517087394657,4
2,tv_l_svc,11196,0.006162915326902465,0.07826195628513188,4
2,tv_l_vre,11826,0.006341958396752917,0.07938348669872577,4
2,tv_l_vrn,11768,0.004928619986403807,0.0700309123989787,4
2,tv_l_vca,14676,0.04626601253747615,0.21006063082205162,4
2,tv_l_yug,14741,0.016213282680957872,0.1262949410929243,4
2,tv_l_ova,14749,0.003661265170520035,0.060397519053941064,4
2,tv_l_sup,14744,0.00583288117200217,0.07615023748640233,4
2,tv_l_pul,14751,0.002847264592231035,0.053283746833090326,4
2,tv_l_ove,11797,0.03009239637195897,0.17084157588992174,4
2,fr_antfa,12643,0.13833741991615914,0.3452537880561188,4
2,fr_tvs_a,9819,0.047560851410530604,0.21283518699603232,4
2,fr_viaje,310,0.041935483870967745,0.20044175977943207,4
2,fr_estro,211,0.07582938388625593,0.2647249297396955,4
2,fr_varic,617,0.2025931928687196,0.40193182391044546,4
2,fr_antec,68,0.08823529411764706,0.2836367870880281,4
2,ana_dime,1157,1.5747623163353501,0.5781852959956792,4
2,ana_crea,547,0.9341864716636198,0.24795585862063582,4
2,ana_trop,11678,0.8903065593423531,0.3125072634905214,4
2,peso,11,84.88181818181819,11.532311775009946,4
2,tension_,768,130.73307291666666,20.645453240738416,4
2,ana_hemo,34,14.091176470588234,1.8737140919227502,4
2,ana_plaq,23,201.17391304347825,37.34638353239789,4
2,ana_leuc,79,8.575822784810127,2.8863009517000564,4
2,ana_neu,14913,6.625344665727888,3.33984642319347,4
2,protcrea,17142,22.76241080387352,35.01327168635713,4
2,splanchnic,11107,0.01584586296929864,0.12487902784718034,4
3,raza,10662,2.896829863065091,0.6525790320819959,4
3,ant_inf,4291,0.034024702866464696,0.18129264315275864,4
3,ant_isq,4306,0.035764050162563864,0.18570132707800843,4
3,ant_clau,4318,0.020611394163964798,0.14207943058227138,4
3,fum_act,4443,0.19221246905244205,0.3940391297741965,4
3,diabetes,4273,0.10858881347999064,0.3111226174147397,4
3,hip_art,4153,0.33204912111726465,0.4709485134093925,4
3,insf_car,128,0.015625,0.12401959270615269,4
3,fibr_aur,9216,0.0263671875,0.16022471383447637,4
3,trat_est,4363,0.1806096722438689,0.38469444827789123,4
3,var171,746,0.020107238605898123,0.14036715271581027,4
3,tv_l_esu,9887,0.016182866390209365,0.12617837067265528,4
3,tvp_orig,16615,0.26211254890159497,0.4397835383571149,4
3,tv_l_ein,4494,0.8168669336893636,0.3867755761863725,4
3,tvp_prox,6740,0.850593471810089,0.3564887340774576,4
3,tv_l_svc,11196,0.007502679528403001,0.08629246391369923,4
3,tv_l_vre,11826,0.0076103500761035,0.0869047331727257,4
3,tv_l_vrn,11768,0.00739292997960571,0.08566372958214202,4
3,tv_l_vca,14676,0.03563641319160534,0.18538192804705242,4
3,tv_l_yug,14741,0.01818058476358456,0.13360408340031635,4
3,tv_l_ova,14749,0.0027798494813207676,0.052650944133813674,4
3,tv_l_sup,14744,0.009088442756375475,0.09489911993606452,4
3,tv_l_pul,14751,0.003999728831943597,0.06311680442809597,4
3,tv_l_ove,11797,0.03195727727388319,0.1758863545108697,4
3,fr_antfa,12643,0.12291386538005221,0.3283383119244335,4
3,fr_tvs_a,9819,0.051329055912007336,0.22066804012178423,4
3,fr_viaje,310,0.03225806451612903,0.17668469596940845,4
3,fr_estro,211,0.08530805687203792,0.2793395645173721,4
3,fr_varic,617,0.2188006482982172,0.413433095678729,4
3,fr_antec,68,0.08823529411764706,0.2836367870880281,4
3,ana_dime,1157,1.6266205704407952,0.5346264913439034,4
3,ana_crea,547,0.926873857404022,0.2603434459805177,4
3,ana_trop,11678,0.8805446138037335,0.32432359905650915,4
3,peso,11,80.11818181818181,11.323091304684198,4
3,tension_,768,128.65234375,20.339634945474543,4
3,ana_hemo,34,13.555882352941175,2.112872476938972,4
3,ana_plaq,23,265.53478260869565,127.81765411402921,4
3,ana_leuc,79,8.226974683544302,3.1718605687693007,4
3,ana_neu,14913,6.87623925434185,3.275274180601235,4
3,protcrea,17142,20.950981799089952,36.45284441112794,4
3,splanchnic,11107,0.014945529846043037,0.12133491246819306,4
4,raza,10662,2.9031138623147625,0.663864629620657,4
4,ant_inf,4291,0.03985085061757166,0.19560869183813803,4
4,ant_isq,4306,0.03901532745006967,0.1936314325568902,4
4,ant_clau,4318,0.028485409911996294,0.16635501595726485,4
4,fum_act,4443,0.22169705154175107,0.41538833503054134,4
4,diabetes,4273,0.11280131055464544,0.31634976670103593,4
4,hip_art,4153,0.3378280760895738,0.4729696259752744,4
4,insf_car,128,0.0234375,0.15128841196122722,4
4,fibr_aur,9216,0.026475694444444444,0.16054510907570138,4
4,trat_est,4363,0.1863396745358698,0.3893805339635456,4
4,var171,746,0.03485254691689008,0.18340623460039757,4
4,tv_l_esu,9887,0.012946293112167493,0.11304285296656902,4
4,tvp_orig,16615,0.23039422208847427,0.4210851748954374,4
4,tv_l_ein,4494,0.8115264797507789,0.3910898265284941,4
4,tvp_prox,6740,0.8464391691394659,0.3605272556769551,4
4,tv_l_svc,11196,0.008753126116470169,0.09314777989656724,4
4,tv_l_vre,11826,0.008540503974293928,0.092019366256017,4
4,tv_l_vrn,11768,0.006628144119646499,0.08114315636685383,4
4,tv_l_vca,14676,0.045448351049332245,0.20828537739416303,4
4,tv_l_yug,14741,0.013431924564140831,0.11511519433438865,4
4,tv_l_ova,14749,0.004407078445996339,0.06623938485196836,4
4,tv_l_sup,14744,0.004679869777536625,0.0682493120580854,4
4,tv_l_pul,14751,0.0018303843807199512,0.04274381912907137,4
4,tv_l_ove,11797,0.03170297533271171,0.17520815245805535,4
4,fr_antfa,12643,0.12346753144032271,0.3289730993871013,4
4,fr_tvs_a,9819,0.04644057439657806,0.2104372767508028,4
4,fr_viaje,310,0.03870967741935484,0.1929021469384007,4
4,fr_estro,211,0.09004739336492891,0.2862496468349099,4
4,fr_varic,617,0.1880064829821718,0.39071734711789563,4
4,fr_antec,68,0.029411764705882353,0.16895772489817729,4
4,ana_dime,1157,1.585133967156439,0.5797387903409669,4
4,ana_crea,547,0.9140767824497258,0.28025063467561045,4
4,ana_trop,11678,0.8800308271964378,0.3249254843504757,4
4,peso,11,91.96363636363637,18.13521299608094,4
4,tension_,768,129.33072916666666,20.683754532280865,4
4,ana_hemo,34,13.799999999999997,1.8009801253108557,4
4,ana_plaq,23,252.30434782608697,102.35209255634018,4
4,ana_leuc,79,8.13253164556962,3.0682652783973574,4
4,ana_neu,14913,6.234762153825521,3.3160341409606455,4
4,protcrea,17142,25.072188776105474,43.183268594914075,4
4,splanchnic,11107,0.013234896911857388,0.1142791950251221,4
5,raza,10662,2.9134308760082535,0.6418980292554828,4
5,ant_inf,4291,0.03915171288743882,0.19395581008420032,4
5,ant_isq,4306,0.04226660473757548,0.20119676652852314,4
5,ant_clau,4318,0.02524316813339509,0.1568628400736906,4
5,fum_act,4443,0.2113436866981769,0.40826159847700566,4
5,diabetes,4273,0.11443950386145565,0.31834431645217026,4
5,hip_art,4153,0.34770045750060197,0.4762403273080453,4
5,insf_car,128,0.0234375,0.15128841196122722,4
5,fibr_aur,9216,0.026041666666666668,0.1592592172022985,4
5,trat_est,4363,0.17992207196882878,0.38412253251699824,4
5,var171,746,0.030831099195710455,0.17285989274003014,4
5,tv_l_esu,9887,0.012642864367351066,0.11172744670822755,4
5,tvp_orig,16615,0.2373758651820644,0.4254745160537007,4
5,tv_l_ein,4494,0.8208722741433022,0.3834592334083319,4
5,tvp_prox,6740,0.8489614243323442,0.3580864760472554,4
5,tv_l_svc,11196,0.0074133619149696324,0.08578114000225988,4
5,tv_l_vre,11826,0.00837138508371385,0.09111149760317863,4
5,tv_l_vrn,11768,0.006118286879673691,0.07797982716915772,4
5,tv_l_vca,14676,0.04551648950667757,0.20843401519345658,4
5,tv_l_yug,14741,0.01451733260972797,0.11961011522286273,4
5,tv_l_ova,14749,0.0058309037900874635,0.07613740441516383,4
5,tv_l_sup,14744,0.005358111774281063,0.07300275619793663,4
5,tv_l_pul,14751,0.002915056606331774,0.05391251293821922,4
5,tv_l_ove,11797,0.027718911587691786,0.1641662983930792,4
5,fr_antfa,12643,0.13675551688681484,0.34358906485485674,4
5,fr_tvs_a,9819,0.05000509216824524,0.2179554608755893,4
5,fr_viaje,310,0.025806451612903226,0.15855749325734853,4
5,fr_estro,211,0.07109004739336493,0.25697519832655846,4
5,fr_varic,617,0.16693679092382496,0.3729194266324565,4
5,fr_antec,68,0.014705882352941176,0.12037283488047722,4
5,ana_dime,1157,1.5842696629213484,0.5365095005084639,4
5,ana_crea,547,0.9323583180987203,0.2511300156708588,4
5,ana_trop,11678,0.8852543243706114,0.31871477147089333,4
5,peso,11,95.18181818181819,14.57780493401578,4
5,tension_,768,129.97786458333334,20.072609852067792,4
5,ana_hemo,34,13.84705882352941,1.990452992207264,4
5,ana_plaq,23,214.34782608695653,81.34767503994529,4
5,ana_leuc,79,8.068607594936708,3.0439708968224077,4
5,ana_neu,14913,6.631514517535037,3.3467202334928596,4
5,protcrea,17142,25.479529109788825,45.64066878775672,4
5,splanchnic,11107,0.0116142972899973,0.10714198704736096,4
1,raza,10662,2.9093040705308573,0.6327888918695912,5
1,ant_inf,4291,0.02773246329526917,0.16420527937568183,5
1,ant_isq,4306,0.03204830469112866,0.17612839310444312,5
1,ant_clau,4318,0.01366373320981936,0.11609063530100196,5
1,fum_act,4443,0.20369119963988297,0.4027419705334277,5
1,diabetes,4273,0.0889304937982682,0.28464339281118817,5
1,hip_art,4153,0.3284372742595714,0.4696447925150608,5
1,insf_car,128,0.046875,0.21137108216357317,5
1,fibr_aur,9216,0.0283203125,0.16588632372773335,5
1,trat_est,4363,0.17235846894338758,0.37769170910529515,5
1,var171,746,0.029490616621983913,0.16917718567596243,5
1,tv_l_esu,9887,0.04430059674319814,0.20576212934209898,5
1,tvp_orig,16615,0.2035510081251881,0.4026387900046488,5
1,tv_l_ein,4494,0.8186470850022252,0.3853103102949422,5
1,tvp_prox,6740,0.8468842729970326,0.36009901575444514,5
1,tv_l_svc,11196,0.00839585566273669,0.09124343960212802,5
1,tv_l_vre,11826,0.007102993404363267,0.08397940752982745,5
1,tv_l_vrn,11768,0.00628823929299796,0.07904870232705886,5
1,tv_l_vca,14676,0.041632597437994,0.19974815210299177,5
1,tv_l_yug,14741,0.014653008615426361,0.12015946884845403,5
1,tv_l_ova,14749,0.007525933961624517,0.08642507899695426,5
1,tv_l_sup,14744,0.008681497558328812,0.09276922527688555,5
1,tv_l_pul,14751,0.00569452918446207,0.07524693695978182,5
1,tv_l_ove,11797,0.040942612528608965,0.19815729864918213,5
1,fr_antfa,12643,0.13367080597959344,0.34029828328741146,5
1,fr_tvs_a,9819,0.05519910377838884,0.22836848013780597,5
1,fr_viaje,310,0.04838709677419355,0.21458281767177534,5
1,fr_estro,211,0.08056872037914692,0.27217164010163464,5
1,fr_varic,617,0.18962722852512157,0.3920060493500105,5
1,fr_antec,68,0.07352941176470588,0.26100351984263015,5
1,ana_dime,1157,1.5894554883318928,0.5608914969536672,5
1,ana_crea,547,0.9360146252285192,0.2447268816187424,5
1,ana_trop,11678,0.8756636410344237,0.32996489026070586,5
1,peso,11,81.54545454545455,8.161591159077615,5
1,tension_,768,129.49479166666666,19.80786549260833,5
1,ana_hemo,34,13.83235294117647,1.5221348375448935,5
1,ana_plaq,23,236.52173913043478,70.84819629824429,5
1,ana_leuc,79,9.418987341772151,4.484792191377408,5
1,ana_neu,14913,6.6390391604640255,3.351631015225708,5
1,protcrea,17142,18.556660366351647,34.05408962093491,5
1,splanchnic,11107,0.016296029530926442,0.12661148823252025,5
2,raza,10662,2.896736072031514,0.6477314506792843,5
2,ant_inf,4291,0.035422978326730366,0.18484639821536789,5
2,ant_isq,4306,0.03901532745006967,0.1936314325568902,5
2,ant_clau,4318,0.025474756831866605,0.15756203094725543,5
2,fum_act,4443,0.20684222372270988,0.4050413783901026,5
2,diabetes,4273,0.10461034402059444,0.30605068198663976,5
2,hip_art,4153,0.3301228027931616,0.4702570976276158,5
2,insf_car,128,0.0234375,0.15128841196122722,5
2,fibr_aur,9216,0.029405381944444444,0.1689399463038443,5
2,trat_est,4363,0.2005500802200321,0.40041196978083804,5
2,var171,746,0.032171581769437,0.17645557825098485,5
2,tv_l_esu,9887,0.027713158693233538,0.1641497472690019,5
2,tvp_orig,16615,0.1898284682515799,0.39216529792019955,5
2,tv_l_ein,4494,0.8253226524254562,0.3796908898286418,5
2,tvp_prox,6740,0.8523738872403561,0.354728972021064,5
2,tv_l_svc,11196,0.009021078956770276,0.09454998197369469,5
2,tv_l_vre,11826,0.00684931506849315,0.08247667519720751,5
2,tv_l_vrn,11768,0.005183548606390211,0.07181002318782108,5
2,tv_l_vca,14676,0.03727173616789316,0.18942690899374387,5
2,tv_l_yug,14741,0.017095176717997422,0.12962612256400274,5
2,tv_l_ova,14749,0.002508644653874839,0.050023508032478334,5
2,tv_l_sup,14744,0.005154639175257732,0.07161053602809175,5
2,tv_l_pul,14751,0.005965697240865026,0.07700719250365748,5
2,tv_l_ove,11797,0.031618208018987876,0.17498141884399007,5
2,fr_antfa,12643,0.14142213082338054,0.34845647036144295,5
2,fr_tvs_a,9819,0.051023525817293004,0.22004573531533173,5
2,fr_viaje,310,0.06129032258064516,0.23986208316156518,5
2,fr_estro,211,0.08530805687203792,0.2793395645173721,5
2,fr_varic,617,0.21393841166936792,0.4100838544514475,5
2,fr_antec,68,0.07352941176470588,0.26100351984263015,5
2,ana_dime,1157,1.557476231633535,0.5741686941709034,5
2,ana_crea,547,0.9360146252285192,0.2447268816187424,5
2,ana_trop,11678,0.8811440315122453,0.32361895377525807,5
2,peso,11,83.18181818181819,11.73044354596722,5
2,tension_,768,130.01953125,21.734330653299175,5
2,ana_hemo,34,14.020588235294117,2.200638866030754,5
2,ana_plaq,23,213.6086956521739,68.27867394501729,5
2,ana_leuc,79,9.071898734177212,3.883049850522649,5
2,ana_neu,14913,6.41812733856367,3.2470070465928913,5
2,protcrea,17142,29.22321736086804,43.870975523946484,5
2,splanchnic,11107,0.012874763662555145,0.1127342189540891,5
3,raza,10662,2.9106171450009377,0.6259727481063195,5
3,ant_inf,4291,0.041016080167793054,0.198327409440708,5
3,ant_isq,4306,0.03901532745006967,0.1936314325568902,5
3,ant_clau,4318,0.029180176007410838,0.16831129889459995,5
3,fum_act,4443,0.21719558856628404,0.4123368342431094,5
3,diabetes,4273,0.10975895155628364,0.312589065882908,5
3,hip_art,4153,0.33879123525162536,0.4732987789634611,5
3,insf_car,128,0.015625,0.12401959270615269,5
3,fibr_aur,9216,0.026801215277777776,0.16150204375614563,5
3,trat_est,4363,0.1806096722438689,0.38469444827789123,5
3,var171,746,0.03351206434316354,0.17996945820506102,5
3,tv_l_esu,9887,0.019116010923434814,0.1369327902651879,5
3,tvp_orig,16615,0.19530544688534457,0.3964356559421219,5
3,tv_l_ein,4494,0.810636404094348,0.39179717259231583,5
3,tvp_prox,6740,0.8451038575667655,0.3618056487847275,5
3,tv_l_svc,11196,0.006430868167202572,0.07993442375984598,5
3,tv_l_vre,11826,0.00845594452900389,0.09156659615343524,5
3,tv_l_vrn,11768,0.005608429639700884,0.07467914807144901,5
3,tv_l_vca,14676,0.04122376669392205,0.19880736342874009,5
3,tv_l_yug,14741,0.01960518282341768,0.13863917061883357,5
3,tv_l_ova,14749,0.004271476032273375,0.06521679633943306,5
3,tv_l_sup,14744,0.004747693977211069,0.06873975108414215,5
3,tv_l_pul,14751,0.004609856958850247,0.06773925138108029,5
3,tv_l_ove,11797,0.03661947952869374,0.18782569911420888,5
3,fr_antfa,12643,0.1339080914339951,0.3405535412860949,5
3,fr_tvs_a,9819,0.04338527344943477,0.20372283008330838,5
3,fr_viaje,310,0.035483870967741936,0.18499936721212476,5
3,fr_estro,211,0.09004739336492891,0.2862496468349099,5
3,fr_varic,617,0.18152350081037277,0.3854513191881944,5
3,fr_antec,68,0.029411764705882353,0.16895772489817729,5
3,ana_dime,1157,1.5911840968020743,0.5590692334298424,5
3,ana_crea,547,0.9177330895795247,0.27477093345247566,5
3,ana_trop,11678,0.8835417023462921,0.3207736936865431,5
3,peso,11,83.9090909090909,14.975462023253819,5
3,tension_,768,129.38020833333334,21.204699851446392,5
3,ana_hemo,34,13.994117647058824,2.251527739698038,5
3,ana_plaq,23,240.1304347826087,115.11895713180917,5
3,ana_leuc,79,9.054936708860756,3.734356695965597,5
3,ana_neu,14913,6.934024341178838,3.3542170097384036,5
3,protcrea,17142,16.436596196476494,31.637797851435213,5
3,splanchnic,11107,0.01395516341046187,0.11730480307578703,5
4,raza,10662,2.9108985181016696,0.6235358834542206,5
4,ant_inf,4291,0.038918666977394545,0.19340114875071762,5
4,ant_isq,4306,0.03646075243845796,0.18743363084057102,5
4,ant_clau,4318,0.022000926354793886,0.14668635108395334,5
4,fum_act,4443,0.20594193112761647,0.4043882443037193,5
4,diabetes,4273,0.10133395740697403,0.30177042015945765,5
4,hip_art,4153,0.34649650854803754,0.4758536309749641,5
4,insf_car,128,0.0390625,0.19374369949433196,5
4,fibr_aur,9216,0.023980034722222224,0.15298690354714437,5
4,trat_est,4363,0.18611047444418977,0.38919579358768563,5
4,var171,746,0.0388739946380697,0.1932946123898673,5
4,tv_l_esu,9887,0.01729543845453626,0.1303698825005285,5
4,tvp_orig,16615,0.20246764971411374,0.4018388987310172,5
4,tv_l_ein,4494,0.8197596795727636,0.38438749631006924,5
4,tvp_prox,6740,0.8471810089020771,0.3598129334219878,5
4,tv_l_svc,11196,0.008306538049303322,0.09076089177029276,5
4,tv_l_vre,11826,0.008625063419583967,0.0924698421140218,5
4,tv_l_vrn,11768,0.005098572399728076,0.07122202580110178,5
4,tv_l_vca,14676,0.03638593622240392,0.18724849763782642,5
4,tv_l_yug,14741,0.019401668814870092,0.1379320269628058,5
4,tv_l_ova,14749,0.0048816868940267134,0.06969832155149364,5
4,tv_l_sup,14744,0.007325013564839935,0.08527225657337119,5
4,tv_l_pul,14751,0.003118432648633991,0.05575578917430839,5
4,tv_l_ove,11797,0.03365262354835975,0.18033337039126215,5
4,fr_antfa,12643,0.1343826623427984,0.3410629889103475,5
4,fr_tvs_a,9819,0.04165393624605357,0.19979711169399642,5
4,fr_viaje,310,0.04838709677419355,0.21458281767177534,5
4,fr_estro,211,0.0995260663507109,0.2993670463953319,5
4,fr_varic,617,0.1993517017828201,0.3995129544571911,5
4,fr_antec,68,0.029411764705882353,0.1689577248981773,5
4,ana_dime,1157,1.6006914433880726,0.5558826962909411,5
4,ana_crea,547,0.9195612431444241,0.27197125445735143,5
4,ana_trop,11678,0.8719815036821373,0.3341104022899856,5
4,peso,11,93.0909090909091,27.030133169733993,5
4,tension_,768,128.484375,20.739449266057548,5
4,ana_hemo,34,13.9,1.6799859943393787,5
4,ana_plaq,23,251.91304347826087,100.93041642786608,5
4,ana_leuc,79,8.52226582278481,3.6621036276942185,5
4,ana_neu,14913,6.8595632669483,3.305955952080274,5
4,protcrea,17142,15.869525959631314,31.55624017133565,5
4,splanchnic,11107,0.015125596470694157,0.12205250018782851,5
5,raza,10662,2.892609266554117,0.6725056813211022,5
5,ant_inf,4291,0.03775343742717315,0.1905993583137301,5
5,ant_isq,4306,0.03715745471435207,0.18914750401076655,5
5,ant_clau,4318,0.024548402037980546,0.15474423412638746,5
5,fum_act,4443,0.20009002925950933,0.4000675061167028,5
5,diabetes,4273,0.11701380762930026,0.3214367378713786,5
5,hip_art,4153,0.3445701902239345,0.47522791819607574,5
5,insf_car,128,0.0546875,0.22736925329461324,5
5,fibr_aur,9216,0.028103298611111112,0.1652679739643644,5
5,trat_est,4363,0.1849644739857896,0.3882687437187673,5
5,var171,746,0.04289544235924933,0.20262137938542824,5
5,tv_l_esu,9887,0.016385152220086983,0.12695148288543762,5
5,tvp_orig,16615,0.19656936503159794,0.3974038874528939,5
5,tv_l_ein,4494,0.810636404094348,0.39179717259231583,5
5,tvp_prox,6740,0.8532640949554896,0.3538424497078874,5
5,tv_l_svc,11196,0.006788138620936048,0.08211004685785414,5
5,tv_l_vre,11826,0.008963301200744123,0.09424945852538814,5
5,tv_l_vrn,11768,0.006203263086335826,0.07851612963854962,5
5,tv_l_vca,14676,0.043199781956936495,0.2033065685013882,5
5,tv_l_yug,14741,0.021979512923139544,0.1466165540953718,5
5,tv_l_ova,14749,0.004339277239134857,0.06573011419567733,5
5,tv_l_sup,14744,0.0052902875746066195,0.07254171511609431,5
5,tv_l_pul,14751,0.004135312860145075,0.06417329699878131,5
5,tv_l_ove,11797,0.03695854878358905,0.1886600499719008,5
5,fr_antfa,12643,0.13216799810171637,0.3386733210329699,5
5,fr_tvs_a,9819,0.05346776657500764,0.22496436276105633,5
5,fr_viaje,310,0.041935483870967745,0.20044175977943207,5
5,fr_estro,211,0.08056872037914692,0.27217164010163464,5
5,fr_varic,617,0.20097244732576985,0.40072749187154666,5
5,fr_antec,68,0.029411764705882353,0.16895772489817729,5
5,ana_dime,1157,1.616248919619706,0.5465492600066213,5
5,ana_crea,547,0.9195612431444241,0.27197125445735143,5
5,ana_trop,11678,0.8812296626134613,0.32351807421475937,5
5,peso,11,82.26363636363637,13.82897305904414,5
5,tension_,768,131.40494791666666,21.3825236880056,5
5,ana_hemo,34,13.623529411764707,1.9333084753602185,5
5,ana_plaq,23,250.6086956521739,57.72930770296742,5
5,ana_leuc,79,8.364303797468356,3.3923796522758844,5
5,ana_neu,14913,6.501306779320056,3.2599246634245946,5
5,protcrea,17142,18.29059642982149,34.00908663661593,5
5,splanchnic,11107,0.01197443053929954,0.10877060058930921,5
1,raza,10662,2.892234102419809,0.6507558037261907,6
1,ant_inf,4291,0.02749941738522489,0.16353348106335314,6
1,ant_isq,4306,0.03715745471435207,0.18914750401076655,6
1,ant_clau,4318,0.021074571560907827,0.14363298365776575,6
1,fum_act,4443,0.20661715057393654,0.40487838132289033,6
1,diabetes,4273,0.09922770886964662,0.2989675077029731,6
1,hip_art,4153,0.33879123525162536,0.4732987789634611,6
1,insf_car,128,0.0546875,0.22736925329461324,6
1,fibr_aur,9216,0.026692708333333332,0.161183769825516,6
1,trat_est,4363,0.1863396745358698,0.3893805339635456,6
1,var171,746,0.030831099195710455,0.17285989274003014,6
1,tv_l_esu,9887,0.03722059269748154,0.18930192861333905,6
1,tvp_orig,16615,0.22190791453505868,0.4155295320452684,6
1,tv_l_ein,4494,0.8304405874499332,0.3752452773396929,6
1,tvp_prox,6740,0.8590504451038575,0.3479695070990011,6
1,tv_l_svc,11196,0.00473383351196856,0.0686398159397993,6
1,tv_l_vre,11826,0.0060882800608828,0.07778954239988213,6
1,tv_l_vrn,11768,0.006203263086335826,0.07851612963854962,6
1,tv_l_vca,14676,0.042245843554101936,0.20114952710982015,6
1,tv_l_yug,14741,0.013906790584085204,0.11710419189651415,6
1,tv_l_ova,14749,0.005695301376364499,0.07525200939906442,6
1,tv_l_sup,14744,0.002509495387954422,0.050031967988999365,6
1,tv_l_pul,14751,0.006304657311368721,0.07915117565491323,6
1,tv_l_ove,11797,0.03322878697974061,0.1792334642180294,6
1,fr_antfa,12643,0.13169342719291308,0.33815716527540557,6
1,fr_tvs_a,9819,0.04450555046338731,0.20621543696178077,6
1,fr_viaje,310,0.025806451612903226,0.1585574932573485,6
1,fr_estro,211,0.07109004739336493,0.2569751983265585,6
1,fr_varic,617,0.19611021069692058,0.39705288811105505,6
1,fr_antec,68,0.029411764705882353,0.16895772489817729,6
1,ana_dime,1157,1.585133967156439,0.5722359851277268,6
1,ana_crea,547,0.9323583180987203,0.2511300156708588,6
1,ana_trop,11678,0.8866244219900667,0.3170513465053362,6
1,peso,11,79.0,20.081651507600846,6
1,tension_,768,131.17708333333334,23.118803129914017,6
1,ana_hemo,34,13.288235294117646,2.0447586806965115,6
1,ana_plaq,23,225.1304347826087,87.21253616899554,6
1,ana_leuc,79,7.843037974683546,2.7575628362788542,6
1,ana_neu,14913,6.477764098437605,3.2719662929173663,6
1,protcrea,17142,12.670851009217126,25.464146016674192,6
1,splanchnic,11107,0.015575763032321959,0.12382713207646741,6
2,raza,10662,2.919621084224348,0.6368384727725911,6
2,ant_inf,4291,0.03658820787695176,0.18774853107629025,6
2,ant_isq,4306,0.03924756154203437,0.1941833938704301,6
2,ant_clau,4318,0.028022232515053265,0.16503632024474357,6
2,fum_act,4443,0.21674544226873735,0.4120277363533513,6
2,diabetes,4273,0.10484437163585303,0.30635278580769615,6
2,hip_art,4153,0.3433662412713701,0.47483246058640655,6
2,insf_car,128,0.0546875,0.22736925329461324,6
2,fibr_aur,9216,0.027018229166666668,0.16213649946685096,6
2,trat_est,4363,0.181297272518909,0.38526428785460176,6
2,var171,746,0.02680965147453083,0.16152675958597396,6
2,tv_l_esu,9887,0.027915444523111156,0.16473060577861137,6
2,tvp_orig,16615,0.2730665061691243,0.4455347229764611,6
2,tv_l_ein,4494,0.8299955496217178,0.3756367091084954,6
2,tvp_prox,6740,0.8565281899109792,0.3505533480068344,6
2,tv_l_svc,11196,0.005805644873168989,0.0759732805713669,6
2,tv_l_vre,11826,0.0027904616945712835,0.05275106651151627,6
2,tv_l_vrn,11768,0.007053025152957172,0.08368560204210117,6
2,tv_l_vca,14676,0.045925320250749524,0.20932315975690702,6
2,tv_l_yug,14741,0.015467064649616715,0.12340111247772967,6
2,tv_l_ova,14749,0.004203674825411893,0.06469933495310513,6
2,tv_l_sup,14744,0.006850244167118828,0.08248223034065992,6
2,tv_l_pul,14751,0.003254016676835469,0.05695110229225019,6
2,tv_l_ove,11797,0.03060100025430194,0.17223408210263771,6
2,fr_antfa,12643,0.13090247567824093,0.3372936666164197,6
2,fr_tvs_a,9819,0.043487116814339546,0.2039509438210952,6
2,fr_viaje,310,0.03870967741935484,0.1929021469384007,6
2,fr_estro,211,0.07109004739336493,0.2569751983265585,6
2,fr_varic,617,0.1993517017828201,0.3995129544571911,6
2,fr_antec,68,0.029411764705882353,0.16895772489817729,6
2,ana_dime,1157,1.5885911840968021,0.5671574664312158,6
2,ana_crea,547,0.946983546617916,0.22406630503685598,6
2,ana_trop,11678,0.8863675286864189,0.3173643533491896,6
2,peso,11,78.13636363636364,18.010212896993785,6
2,tension_,768,130.0078125,21.463873267225335,6
2,ana_hemo,34,13.373529411764705,1.6132373049480742,6
2,ana_plaq,23,240.7391304347826,98.61573090462065,6
2,ana_leuc,79,8.005443037974686,2.978463539626079,6
2,ana_neu,14913,6.81472352980621,3.2804153755815335,6
2,protcrea,17142,15.423825691284566,30.541433361027313,6
2,splanchnic,11107,0.015125596470694157,0.12205250018782851,6
3,raza,10662,2.8927030575876946,0.6180894296449826,6
3,ant_inf,4291,0.036821253786996036,0.18832272581010948,6
3,ant_isq,4306,0.03994426381792847,0.19582829112764122,6
3,ant_clau,4318,0.02477999073645206,0.1554539893201632,6
3,fum_act,4443,0.2007652487058294,0.40057279440560595,6
3,diabetes,4273,0.10905686871050783,0.3117105517905464,6
3,hip_art,4153,0.3337346496508548,0.4715462154161307,6
3,insf_car,128,0.0390625,0.19374369949433196,6
3,fibr_aur,9216,0.025173611111111112,0.15665216377291966,6
3,trat_est,4363,0.19023607609443044,0.39248733921825363,6
3,var171,746,0.036193029490616625,0.18677016385629683,6
3,tv_l_esu,9887,0.0201274400728229,0.14043619985223832,6
3,tvp_orig,16615,0.23165814023472767,0.42189174713155375,6
3,tv_l_ein,4494,0.8155318202047174,0.3878655313872295,6
3,tvp_prox,6740,0.8473293768545994,0.35966971511901813,6
3,tv_l_svc,11196,0.006341550553769203,0.07938095042479143,6
3,tv_l_vre,11826,0.0037206155927617113,0.060883270381711665,6
3,tv_l_vrn,11768,0.00424881033310673,0.0650442767955799,6
3,tv_l_vca,14676,0.04033796674843282,0.19675064215151916,6
3,tv_l_yug,14741,0.014381656604029578,0.11905807220576585,6
3,tv_l_ova,14749,0.004203674825411893,0.06469933495310513,6
3,tv_l_sup,14744,0.005425935973955507,0.07346084122008163,6
3,tv_l_pul,14751,0.004745440987051725,0.06872351691299082,6
3,tv_l_ove,11797,0.031194371450368737,0.1738426951015922,6
3,fr_antfa,12643,0.13161433204144585,0.3380709979319875,6
3,fr_tvs_a,9819,0.05489357368367451,0.22777240669560808,6
3,fr_viaje,310,0.025806451612903226,0.15855749325734853,6
3,fr_estro,211,0.06635071090047394,0.24889414228437692,6
3,fr_varic,617,0.19773095623987033,0.3982881183067564,6
3,fr_antec,68,0.014705882352941176,0.12037283488047722,6
3,ana_dime,1157,1.5972342264477095,0.5657397766071118,6
3,ana_crea,547,0.9396709323583181,0.2380955086497166,6
3,ana_trop,11678,0.8782325740709026,0.32701700248106247,6
3,peso,11,81.27272727272727,16.706508851837626,6
3,tension_,768,130.04557291666666,23.02798922382499,6
3,ana_hemo,34,13.985294117647058,1.6892623438755707,6
3,ana_plaq,23,236.30434782608697,89.4716057862268,6
3,ana_leuc,79,7.857468354430381,2.8840572109155533,6
3,ana_neu,14913,6.717794608730637,3.3249814011767285,6
3,protcrea,17142,17.66295414770739,32.65224077660165,6
3,splanchnic,11107,0.011344197353020618,0.10590328861483167,6
4,raza,10662,2.906584130557119,0.6101251131749753,6
4,ant_inf,4291,0.044977860638545794,0.20725552511555717,6
4,ant_isq,4306,0.04226660473757548,0.20119676652852314,6
4,ant_clau,4318,0.028022232515053265,0.16503632024474357,6
4,fum_act,4443,0.21066846725185687,0.4077833544391068,6
4,diabetes,4273,0.11748186285981746,0.32199359428225355,6
4,hip_art,4153,0.3450517698049603,0.4753851553839528,6
4,insf_car,128,0.03125,0.17399263633843817,6
4,fibr_aur,9216,0.026150173611111112,0.15958177223987663,6
4,trat_est,4363,0.1925280770112308,0.39428545062376874,6
4,var171,746,0.03485254691689008,0.18340623460039757,6
4,tv_l_esu,9887,0.01881258217861839,0.13586268409828772,6
4,tvp_orig,16615,0.199939813421607,0.3999548529903593,6
4,tv_l_ein,4494,0.8266577659101023,0.37854286939608406,6
4,tvp_prox,6740,0.8473293768545994,0.35966971511901813,6
4,tv_l_svc,11196,0.006430868167202572,0.07993442375984598,6
4,tv_l_vre,11826,0.004058853373921867,0.06357970653605495,6
4,tv_l_vrn,11768,0.005183548606390211,0.07181002318782108,6
4,tv_l_vca,14676,0.033524121013900246,0.18000070645457372,6
4,tv_l_yug,14741,0.016009768672410284,0.12551277217664422,6
4,tv_l_ova,14749,0.004407078445996339,0.06623938485196836,6
4,tv_l_sup,14744,0.004544221378187737,0.06725750092185821,6
4,tv_l_pul,14751,0.0037285607755406414,0.060947999229537815,6
4,tv_l_ove,11797,0.028057980842587097,0.1651385192910004,6
4,fr_antfa,12643,0.12536581507553587,0.33113324732799393,6
4,fr_tvs_a,9819,0.05112536918219778,0.22025341270496077,6
4,fr_viaje,310,0.04838709677419355,0.21458281767177537,6
4,fr_estro,211,0.08056872037914692,0.2721716401016347,6
4,fr_varic,617,0.1847649918962723,0.38810680188041374,6
4,fr_antec,68,0.04411764705882353,0.20535647123189615,6
4,ana_dime,1157,1.6222990492653413,0.5420476275521965,6
4,ana_crea,547,0.9378427787934186,0.2414408852254677,6
4,ana_trop,11678,0.8757492721356397,0.3298673740907655,6
4,peso,11,83.87272727272727,15.355726850508836,6
4,tension_,768,128.95052083333334,21.80100938363633,6
4,ana_hemo,34,13.511764705882355,1.7376056389185044,6
4,ana_plaq,23,249.95652173913044,87.14878744491567,6
4,ana_leuc,79,7.8015189873417725,2.7633483123213227,6
4,ana_neu,14913,6.570952457587339,3.325191260940157,6
4,protcrea,17142,25.50235538443589,42.01910305349595,6
4,splanchnic,11107,0.012154497163950662,0.10957538666435165,6
5,raza,10662,2.911648846370287,0.619114435035383,6
5,ant_inf,4291,0.044977860638545794,0.20725552511555717,6
5,ant_isq,4306,0.03785415699024617,0.19084344313809676,6
5,ant_clau,4318,0.02779064381658175,0.1643725157465251,6
5,fum_act,4443,0.20054017555705606,0.40040456234239036,6
5,diabetes,4273,0.11209922770886965,0.31548849559998954,6
5,hip_art,4153,0.33566096797495787,0.4722210102833971,6
5,insf_car,128,0.0546875,0.22736925329461324,6
5,fibr_aur,9216,0.025824652777777776,0.15861191659735085,6
5,trat_est,4363,0.18909007563603025,0.3915801564584071,6
5,var171,746,0.02546916890080429,0.15754520093073793,6
5,tv_l_esu,9887,0.017497724284413877,0.13111656618932832,6
5,tvp_orig,16615,0.2834185976527234,0.45065784821445987,6
5,tv_l_ein,4494,0.8199821984868714,0.38420228090357356,6
5,tvp_prox,6740,0.8554896142433235,0.35160650472528676,6
5,tv_l_svc,11196,0.006073597713469096,0.07769626197111441,6
5,tv_l_vre,11826,0.00380517503805175,0.06156862578441668,6
5,tv_l_vrn,11768,0.005268524813052345,0.07239314511296353,6
5,tv_l_vca,14676,0.038225674570727716,0.1917406382964773,6
5,tv_l_yug,14741,0.02075842887185401,0.14257459978069797,6
5,tv_l_ova,14749,0.00603430741067191,0.07744607507643896,6
5,tv_l_sup,14744,0.00583288117200217,0.07615023748640233,6
5,tv_l_pul,14751,0.00698257745237611,0.08326956865804984,6
5,tv_l_ove,11797,0.031194371450368737,0.1738426951015922,6
5,fr_antfa,12643,0.12362572174325714,0.3291540713202799,6
5,fr_tvs_a,9819,0.04990324880334046,0.21774506782522624,6
5,fr_viaje,310,0.02903225806451613,0.1678969507054594,6
5,fr_estro,211,0.06635071090047394,0.24889414228437692,6
5,fr_varic,617,0.2188006482982172,0.413433095678729,6
5,fr_antec,68,0.04411764705882353,0.20535647123189615,6
5,ana_dime,1157,1.5773552290406223,0.57933791301769,6
5,ana_crea,547,0.9159049360146252,0.2775303302319775,6
5,ana_trop,11678,0.8808871382085973,0.3239212681304901,6
5,peso,11,78.72727272727273,8.914655034277283,6
5,tension_,768,129.125,20.194754888336725,6
5,ana_hemo,34,13.898823529411763,1.9760741899413214,6
5,ana_plaq,23,236.56521739130434,84.17106085717529,6
5,ana_leuc,79,7.622911392405063,2.83148713080168,6
5,ana_neu,14913,6.744455039227519,3.2812964357822385,6
5,protcrea,17142,14.48953587679384,29.244500859802585,6
5,splanchnic,11107,0.013234896911857388,0.11427919502512211,6
1,raza,10662,2.9074282498593136,0.6316268771741596,7
1,ant_inf,4291,0.027965509205313446,0.16487401099081983,7
1,ant_isq,4306,0.031119368323269857,0.17364029842876488,7
1,ant_clau,4318,0.02014821676702177,0.14050717465001877,7
1,fum_act,4443,0.20796758946657665,0.40585350953027133,7
1,diabetes,4273,0.0940791013339574,0.2919387333434061,7
1,hip_art,4153,0.3363833373464965,0.4724717850857653,7
1,insf_car,128,0.0703125,0.25567294018677456,7
1,fibr_aur,9216,0.025716145833333332,0.15828716207201415,7
1,trat_est,4363,0.17533807013522806,0.3802560075744786,7
1,var171,746,0.02546916890080429,0.15754520093073793,7
1,tv_l_esu,9887,0.04126630929503388,0.198905507747273,7
1,tvp_orig,16615,0.22997291603972314,0.4208151303457488,7
1,tv_l_ein,4494,0.8219848687138407,0.3825254819215718,7
1,tvp_prox,6740,0.8448071216617211,0.3620884544574144,7
1,tv_l_svc,11196,0.007502679528403001,0.08629246391369923,7
1,tv_l_vre,11826,0.005750042279722645,0.07561070885465926,7
1,tv_l_vrn,11768,0.006798096532970768,0.08216983884917371,7
1,tv_l_vca,14676,0.04422185881711638,0.2055876601838627,7
1,tv_l_yug,14741,0.017095176717997422,0.12962612256400274,7
1,tv_l_ova,14749,0.006847921893009696,0.08246834458601028,7
1,tv_l_sup,14744,0.007257189365165491,0.08487945904448035,7
1,tv_l_pul,14751,0.005491153142159854,0.07389858171392197,7
1,tv_l_ove,11797,0.031618208018987876,0.17498141884399007,7
1,fr_antfa,12643,0.12647314719607688,0.3323818440203922,7
1,fr_tvs_a,9819,0.05570832060291272,0.22935758897083786,7
1,fr_viaje,310,0.02903225806451613,0.1678969507054594,7
1,fr_estro,211,0.09004739336492891,0.28624964683490994,7
1,fr_varic,617,0.18962722852512157,0.3920060493500105,7
1,fr_antec,68,0.014705882352941176,0.12037283488047724,7
1,ana_dime,1157,1.5808124459809854,0.5667951391223622,7
1,ana_crea,547,0.9287020109689214,0.25732194968794014,7
1,ana_trop,11678,0.8777187874636068,0.32761031363042076,7
1,peso,11,80.12727272727273,9.832144953170966,7
1,tension_,768,130.13411458333334,20.915043498126828,7
1,ana_hemo,34,13.700000000000001,2.011584099220138,7
1,ana_plaq,23,215.2173913043478,53.921002217607466,7
1,ana_leuc,79,9.105316455696201,3.2056812050581995,7
1,ana_neu,14913,6.56354563132837,3.2962715702465704,7
1,protcrea,17142,24.79291774588729,39.177769890725855,7
1,splanchnic,11107,0.010353830917439452,0.10122563461284166,7
2,raza,10662,2.905740011254924,0.6327126788828072,7
2,ant_inf,4291,0.03099510603588907,0.17330438378100266,7
2,ant_isq,4306,0.030190431955411056,0.17111098671259176,7
2,ant_clau,4318,0.023390458545622973,0.15114015017409657,7
2,fum_act,4443,0.21021832095431014,0.407463591612135,7
2,diabetes,4273,0.10320617832904283,0.3042279787983949,7
2,hip_art,4153,0.34770045750060197,0.4762403273080453,7
2,insf_car,128,0.0390625,0.19374369949433196,7
2,fibr_aur,9216,0.0224609375,0.14817706903101133,7
2,trat_est,4363,0.17648407059362825,0.38123148272451407,7
2,var171,746,0.02680965147453083,0.16152675958597393,7
2,tv_l_esu,9887,0.023161727520987156,0.15041696014489422,7
2,tvp_orig,16615,0.2249774300331026,0.41756746282343765,7
2,tv_l_ein,4494,0.8219848687138407,0.3825254819215718,7
2,tvp_prox,6740,0.8373887240356083,0.369010635203952,7
2,tv_l_svc,11196,0.0055376920328688815,0.07420933903369563,7
2,tv_l_vre,11826,0.002452223913411128,0.04945918025290777,7
2,tv_l_vrn,11768,0.006628144119646499,0.08114315636685383,7
2,tv_l_vca,14676,0.0410874897792314,0.19849258918879806,7
2,tv_l_yug,14741,0.015331388643918323,0.12286715251102488,7
2,tv_l_ova,14749,0.006441114651840803,0.0799976668027427,7
2,tv_l_sup,14744,0.010377102550189908,0.10133813839247667,7
2,tv_l_pul,14751,0.006169073283167243,0.07830080343134516,7
2,tv_l_ove,11797,0.034076460116978895,0.1814256183202219,7
2,fr_antfa,12643,0.13517361385747054,0.34190891765817105,7
2,fr_tvs_a,9819,0.04623688766676851,0.20999770923907513,7
2,fr_viaje,310,0.03225806451612903,0.17668469596940845,7
2,fr_estro,211,0.07582938388625593,0.2647249297396955,7
2,fr_varic,617,0.24311183144246354,0.42896208323714896,7
2,fr_antec,68,0.058823529411764705,0.23529411764705885,7
2,ana_dime,1157,1.571305099394987,0.5830857987125513,7
2,ana_crea,547,0.9305301645338209,0.25425140594789475,7
2,ana_trop,11678,0.8804589827025175,0.3244240473222746,7
2,peso,11,74.5909090909091,10.571871301236946,7
2,tension_,768,130.23046875,20.408083028674532,7
2,ana_hemo,34,14.088235294117647,1.3804868505844878,7
2,ana_plaq,23,229.17391304347825,83.1434863321878,7
2,ana_leuc,79,8.766708860759492,3.1712093773886867,7
2,ana_neu,14913,6.61352591698518,3.2619914005537276,7
2,protcrea,17142,12.483145723952864,25.98605972062917,7
2,splanchnic,11107,0.00972359773116053,0.0981277197244647,7
3,raza,10662,2.919339711123617,0.6008054488383148,7
3,ant_inf,4291,0.04031694243766022,0.1967015164917104,7
3,ant_isq,4306,0.03738968880631677,0.18971478586890256,7
3,ant_clau,4318,0.02431681333950903,0.1540308603122131,7
3,fum_act,4443,0.2021156875984695,0.40157805769870863,7
3,diabetes,4273,0.11046103440205944,0.31346354537790594,7
3,hip_art,4153,0.3337346496508548,0.47154621541613073,7
3,insf_car,128,0.0390625,0.19374369949433196,7
3,fibr_aur,9216,0.026150173611111112,0.15958177223987663,7
3,trat_est,4363,0.17212926885170754,0.37749275974021557,7
3,var171,746,0.030831099195710455,0.17285989274003014,7
3,tv_l_esu,9887,0.021240012137149794,0.14418347346892266,7
3,tvp_orig,16615,0.20746313572073427,0.40549005294538915,7
3,tv_l_ein,4494,0.8255451713395638,0.37950012044463705,7
3,tvp_prox,6740,0.8427299703264095,0.36405517087394657,7
3,tv_l_svc,11196,0.004912468738835298,0.06991663886175639,7
3,tv_l_vre,11826,0.0033823778116015557,0.05805977378479131,7
3,tv_l_vrn,11768,0.007477906186267845,0.08615095533618429,7
3,tv_l_vca,14676,0.04251839738348324,0.2017686379679048,7
3,tv_l_yug,14741,0.021097618886099994,0.14370980955883586,7
3,tv_l_ova,14749,0.0058309037900874635,0.07613740441516384,7
3,tv_l_sup,14744,0.007189365165491048,0.08448478084251783,7
3,tv_l_pul,14751,0.0016270083384177345,0.04030336440403522,7
3,tv_l_ove,11797,0.03009239637195897,0.17084157588992174,7
3,fr_antfa,12643,0.1453768883967413,0.35248042316818495,7
3,fr_tvs_a,9819,0.04990324880334046,0.21774506782522624,7
3,fr_viaje,310,0.02903225806451613,0.1678969507054594,7
3,fr_estro,211,0.0947867298578199,0.2929201353623212,7
3,fr_varic,617,0.1912479740680713,0.39328384976112307,7
3,fr_antec,68,0.04411764705882353,0.2053564712318962,7
3,ana_dime,1157,1.5738980121002593,0.5722868951639049,7
3,ana_crea,547,0.9177330895795247,0.2747709334524756,7
3,ana_trop,11678,0.8849974310669635,0.31902504301674917,7
3,peso,11,85.27272727272727,12.877682662024316,7
3,tension_,768,129.36328125,21.73992955715508,7
3,ana_hemo,34,13.33529411764706,1.6864306813227083,7
3,ana_plaq,23,220.8695652173913,78.28615533542485,7
3,ana_leuc,79,8.59860759493671,3.479987536052616,7
3,ana_neu,14913,6.673104740830148,3.3120691388789676,7
3,protcrea,17142,27.829273246995683,42.456222198198354,7
3,splanchnic,11107,0.00810299810930044,0.08965121042652525,7
4,raza,10662,2.924029262802476,0.588648935449297,7
4,ant_inf,4291,0.04031694243766022,0.19670151649171036,7
4,ant_isq,4306,0.03901532745006967,0.1936314325568902,7
4,ant_clau,4318,0.025011579434923575,0.15616017523393755,7
4,fum_act,4443,0.2063920774251632,0.4047151934401384,7
4,diabetes,4273,0.10882284109524924,0.3114168112854658,7
4,hip_art,4153,0.33855044546111246,0.4732166959641162,7
4,insf_car,128,0.015625,0.12401959270615269,7
4,fibr_aur,9216,0.02734375,0.16308301363396954,7
4,trat_est,4363,0.18267247306898923,0.3863977751642064,7
4,var171,746,0.040214477211796246,0.19646188697652828,7
4,tv_l_esu,9887,0.014463436836249621,0.11939114636828577,7
4,tvp_orig,16615,0.24778814324405657,0.43172813124896037,7
4,tv_l_ein,4494,0.8253226524254562,0.3796908898286418,7
4,tvp_prox,6740,0.8510385756676558,0.3560504436076769,7
4,tv_l_svc,11196,0.006520185780635942,0.08048399193642133,7
4,tv_l_vre,11826,0.004227972264501945,0.06488525653052893,7
4,tv_l_vrn,11768,0.00628823929299796,0.07904870232705885,7
4,tv_l_vca,14676,0.03774870536931044,0.1905878815986248,7
4,tv_l_yug,14741,0.017570042737941795,0.13138240497162737,7
4,tv_l_ova,14749,0.007186927927317106,0.0844705628860413,7
4,tv_l_sup,14744,0.010309278350515464,0.10100988630033723,7
4,tv_l_pul,14751,0.004745440987051725,0.06872351691299082,7
4,tv_l_ove,11797,0.03941680088158006,0.19458447186207317,7
4,fr_antfa,12643,0.12386300719765879,0.32942520038031625,7
4,fr_tvs_a,9819,0.053569609939912416,0.22516639809438274,7
4,fr_viaje,310,0.02258064516129032,0.14856230889896072,7
4,fr_estro,211,0.08530805687203792,0.279339564517372,7
4,fr_varic,617,0.22690437601296595,0.41883025220145276,7
4,fr_antec,68,0.10294117647058823,0.30388203411429154,7
4,ana_dime,1157,1.5980985306828004,0.5563461306463232,7
4,ana_crea,547,0.9414990859232175,0.23468821259058448,7
4,ana_trop,11678,0.8732659702003768,0.33267478938202005,7
4,peso,11,84.11818181818181,18.785236862146352,7
4,tension_,768,130.38541666666666,21.40713704569239,7
4,ana_hemo,34,13.908823529411766,1.5845518288367522,7
4,ana_plaq,23,192.30434782608697,83.03296086369593,7
4,ana_leuc,79,8.792278481012659,3.8766437752807534,7
4,ana_neu,14913,6.635560115335613,3.2423708717133057,7
4,protcrea,17142,20.411454322716132,35.77938080328414,7
4,splanchnic,11107,0.01008373098046277,0.09991020643546095,7
5,raza,10662,2.907334458825736,0.6444754217561595,7
5,ant_inf,4291,0.03495688650664181,0.18367063617356905,7
5,ant_isq,4306,0.04156990246168137,0.19960422257809998,7
5,ant_clau,4318,0.023622047244094488,0.15186851592114892,7
5,fum_act,4443,0.19626378573036238,0.39717038175215025,7
5,diabetes,4273,0.10039784694593962,0.30052973109920306,7
5,hip_art,4153,0.33566096797495787,0.47222101028339714,7
5,insf_car,128,0.015625,0.12401959270615269,7
5,fibr_aur,9216,0.026475694444444444,0.16054510907570138,7
5,trat_est,4363,0.1744212697685079,0.37947133016981566,7
5,var171,746,0.028150134048257374,0.16540164449400893,7
5,tv_l_esu,9887,0.01709315262465864,0.12961858183921304,7
5,tvp_orig,16615,0.2435750827565453,0.4292391662193554,7
5,tv_l_ein,4494,0.8193146417445483,0.384757273573289,7
5,tvp_prox,6740,0.8491097922848665,0.35794182897618626,7
5,tv_l_svc,11196,0.006162915326902465,0.07826195628513188,7
5,tv_l_vre,11826,0.0037206155927617113,0.06088327038171167,7
5,tv_l_vrn,11768,0.006798096532970768,0.0821698388491737,7
5,tv_l_vca,14676,0.03802125919869174,0.19124759618786752,7
5,tv_l_yug,14741,0.019469506817719286,0.138168176951113,7
5,tv_l_ova,14749,0.00698352430673266,0.08327517454193617,7
5,tv_l_sup,14744,0.008071079761258817,0.08947590420189235,7
5,tv_l_pul,14751,0.0025760965358280793,0.050689843780250245,7
5,tv_l_ove,11797,0.035771806391455455,0.18572071575068752,7
5,fr_antfa,12643,0.1343826623427984,0.3410629889103475,7
5,fr_tvs_a,9819,0.04593135757205418,0.20933625573140044,7
5,fr_viaje,310,0.03225806451612903,0.17668469596940845,7
5,fr_estro,211,0.08530805687203792,0.279339564517372,7
5,fr_varic,617,0.1847649918962723,0.38810680188041374,7
5,fr_antec,68,0.029411764705882353,0.16895772489817729,7
5,ana_dime,1157,1.5738980121002593,0.5646850874827797,7
5,ana_crea,547,0.923217550274223,0.266245948588679,7
5,ana_trop,11678,0.883884226751156,0.3203637002715305,7
5,peso,11,82.0,8.852323783258063,7
5,tension_,768,128.10416666666666,21.447782600358067,7
5,ana_hemo,34,13.852941176470589,1.751677396789188,7
5,ana_plaq,23,239.65217391304347,121.54176548061027,7
5,ana_leuc,79,8.907848101265822,3.9249751013919862,7
5,ana_neu,14913,6.5639251659625835,3.3258722870383766,7
5,protcrea,17142,8.52911538910279,18.087298525347375,7
5,splanchnic,11107,0.010803997479067256,0.10337925864282237,7
1,raza,10662,2.889795535546802,0.6455705790717803,8
1,ant_inf,4291,0.031228151945933348,0.17393376461163326,8
1,ant_isq,4306,0.035764050162563864,0.18570132707800843,8
1,ant_clau,4318,0.020611394163964798,0.14207943058227138,8
1,fum_act,4443,0.20706729687148323,0.40520418487204724,8
1,diabetes,4273,0.09337701848818161,0.2909600503616251,8
1,hip_art,4153,0.33734649650854803,0.47280422777504455,8
1,insf_car,128,0.015625,0.12401959270615269,8
1,fibr_aur,9216,0.027669270833333332,0.16402341992802422,8
1,trat_est,4363,0.1787760715104286,0.3831647005736915,8
1,var171,746,0.02680965147453083,0.16152675958597396,8
1,tv_l_esu,9887,0.045312025892586226,0.2079876106937522,8
1,tvp_orig,16615,0.26235329521516704,0.4399136775606215,8
1,tv_l_ein,4494,0.8206497552291945,0.38364532379719896,8
1,tvp_prox,6740,0.8445103857566766,0.36237079643065323,8
1,tv_l_svc,11196,0.005091103965702036,0.0711701104826489,8
1,tv_l_vre,11826,0.0033823778116015557,0.05805977378479132,8
1,tv_l_vrn,11768,0.006628144119646499,0.08114315636685383,8
1,tv_l_vca,14676,0.04040610520577814,0.1969097556442487,8
1,tv_l_yug,14741,0.021097618886099994,0.14370980955883586,8
1,tv_l_ova,14749,0.00732253034104007,0.08525790808156519,8
1,tv_l_sup,14744,0.00671459576776994,0.08166706785140133,8
1,tv_l_pul,14751,0.005219985085756898,0.07206064696810163,8
1,tv_l_ove,11797,0.032720183097397645,0.17790326786057195,8
1,fr_antfa,12643,0.13011152416356878,0.3364260920966176,8
1,fr_tvs_a,9819,0.05255117629086465,0.22313572139240975,8
1,fr_viaje,310,0.04516129032258064,0.20765776696040106,8
1,fr_estro,211,0.07582938388625593,0.2647249297396955,8
1,fr_varic,617,0.19448946515397084,0.39580716655726833,8
1,fr_antec,68,0.04411764705882353,0.20535647123189618,8
1,ana_dime,1157,1.5790838375108038,0.5820817919369644,8
1,ana_crea,547,0.9122486288848263,0.28293297436421355,8
1,ana_trop,11678,0.8872238396985785,0.3163189813607295,8
1,peso,11,78.18181818181819,19.93087226945895,8
1,tension_,768,128.33072916666666,21.21934046771913,8
1,ana_hemo,34,13.888235294117647,1.8382799994563899,8
1,ana_plaq,23,254.69565217391303,78.94821350657035,8
1,ana_leuc,79,8.505696202531647,2.954630643045087,8
1,ana_neu,14913,6.895350030175016,3.3618958296710524,8
1,protcrea,17142,24.812283630848206,42.179511005202784,8
1,splanchnic,11107,0.008193031421626001,0.09014380543193334,8
2,raza,10662,2.916244607015569,0.6408092591912594,8
2,ant_inf,4291,0.03565602423677464,0.18543104425203774,8
2,ant_isq,4306,0.042731072921504874,0.20225016274031007,8
2,ant_clau,4318,0.025011579434923575,0.15616017523393755,8
2,fum_act,4443,0.20841773576412334,0.40617703428810376,8
2,diabetes,4273,0.11303533816990405,0.31663599052337604,8
2,hip_art,4153,0.33806886588008667,0.4730521195414292,8
2,insf_car,128,0.0546875,0.22736925329461324,8
2,fibr_aur,9216,0.027018229166666668,0.16213649946685096,8
2,trat_est,4363,0.1842768737107495,0.38770982387107755,8
2,var171,746,0.040214477211796246,0.19646188697652825,8
2,tv_l_esu,9887,0.026398300799029027,0.1603166570071651,8
2,tvp_orig,16615,0.22876918447186279,0.4200402893865559,8
2,tv_l_ein,4494,0.8161993769470405,0.3873215124651655,8
2,tvp_prox,6740,0.843026706231454,0.3637755885322705,8
2,tv_l_svc,11196,0.004912468738835298,0.06991663886175639,8
2,tv_l_vre,11826,0.0037206155927617113,0.06088327038171167,8
2,tv_l_vrn,11768,0.007732834806254249,0.08759587931012185,8
2,tv_l_vca,14676,0.043676751158353774,0.2043748824259112,8
2,tv_l_yug,14741,0.01607760667525948,0.12577407220431058,8
2,tv_l_ova,14749,0.004407078445996339,0.06623938485196836,8
2,tv_l_sup,14744,0.008410200759631037,0.09132069471271964,8
2,tv_l_pul,14751,0.004270896888346553,0.06521239397626548,8
2,tv_l_ove,11797,0.03204204458760702,0.17611175987495223,8
2,fr_antfa,12643,0.12346753144032271,0.3289730993871013,8
2,fr_tvs_a,9819,0.05244933292595987,0.22293138047745026,8
2,fr_viaje,310,0.03870967741935484,0.1929021469384007,8
2,fr_estro,211,0.07109004739336493,0.25697519832655846,8
2,fr_varic,617,0.20907617504051865,0.4066489002455866,8
2,fr_antec,68,0.058823529411764705,0.23529411764705885,8
2,ana_dime,1157,1.5911840968020743,0.5559686959060453,8
2,ana_crea,547,0.9122486288848263,0.2829329743642136,8
2,ana_trop,11678,0.883969857852372,0.320261062667364,8
2,peso,11,81.0,19.986358984430993,8
2,tension_,768,128.7109375,20.652690632726134,8
2,ana_hemo,34,13.961764705882352,2.0757726705809567,8
2,ana_plaq,23,233.04347826086956,107.87975522729788,8
2,ana_leuc,79,8.280886075949368,3.378235323125628,8
2,ana_neu,14913,6.665784483336686,3.3150790759666835,8
2,protcrea,17142,8.207564461556412,21.36542723385907,8
2,splanchnic,11107,0.010173764292788332,0.10035067918506141,8
3,raza,10662,2.908178578127931,0.6517588592251219,8
3,ant_inf,4291,0.03635516196690748,0.18717228471455757,8
3,ant_isq,4306,0.04342777519739898,0.20381806479996603,8
3,ant_clau,4318,0.03219082908754053,0.17650659933894056,8
3,fum_act,4443,0.19963988296196264,0.3997296587606385,8
3,diabetes,4273,0.10788673063421483,0.31023730270113425,8
3,hip_art,4153,0.3366241271370094,0.4725551017249268,8
3,insf_car,128,0.03125,0.17399263633843817,8
3,fibr_aur,9216,0.0263671875,0.16022471383447637,8
3,trat_est,4363,0.17396286958514784,0.37907755089275424,8
3,var171,746,0.022788203753351208,0.14922768350090732,8
3,tv_l_esu,9887,0.014766865581066047,0.12061842836804319,8
3,tvp_orig,16615,0.2649413180860668,0.441301955645887,8
3,tv_l_ein,4494,0.8264352469959947,0.37873477463610855,8
3,tvp_prox,6740,0.8538575667655787,0.35324895250056165,8
3,tv_l_svc,11196,0.005448374419435513,0.07361174930417803,8
3,tv_l_vre,11826,0.0027904616945712835,0.05275106651151626,8
3,tv_l_vrn,11768,0.006118286879673691,0.07797982716915772,8
3,tv_l_vca,14676,0.044426274189152355,0.2060402396397913,8
3,tv_l_yug,14741,0.015602740655315108,0.12393262338608863,8
3,tv_l_ova,14749,0.005017289307749678,0.07065490864584016,8
3,tv_l_sup,14744,0.005222463374932176,0.07207766124972194,8
3,tv_l_pul,14751,0.003931936817842858,0.06258176004798323,8
3,tv_l_ove,11797,0.03382215817580741,0.18077118075660753,8
3,fr_antfa,12643,0.1259985762872736,0.33184775886067647,8
3,fr_tvs_a,9819,0.05591200733272227,0.22975172419102294,8
3,fr_viaje,310,0.03870967741935484,0.1929021469384007,8
3,fr_estro,211,0.07582938388625593,0.2647249297396955,8
3,fr_varic,617,0.20907617504051865,0.4066489002455866,8
3,fr_antec,68,0.029411764705882353,0.16895772489817729,8
3,ana_dime,1157,1.6076058772687987,0.5576939401901686,8
3,ana_crea,547,0.9287020109689214,0.25732194968794014,8
3,ana_trop,11678,0.8818290803219729,0.3228103985631137,8
3,peso,11,85.0,15.626318126219566,8
3,tension_,768,129.5703125,20.46466095050222,8
3,ana_hemo,34,13.641176470588235,1.8642326361801813,8
3,ana_plaq,23,255.17391304347825,78.1284628722148,8
3,ana_leuc,79,8.47632911392405,3.4861233691377853,8
3,ana_neu,14913,6.575260041574466,3.2470879631910154,8
3,protcrea,17142,14.512834908412088,28.930029042003767,8
3,splanchnic,11107,0.006122265238138111,0.07800501975188519,8
4,raza,10662,2.9183080097542673,0.6377017356918262,8
4,ant_inf,4291,0.03565602423677464,0.18543104425203777,8
4,ant_isq,4306,0.04226660473757548,0.20119676652852314,8
4,ant_clau,4318,0.026864289022695692,0.16168673105113096,8
4,fum_act,4443,0.20729237002025658,0.4053668009983571,8
4,diabetes,4273,0.10975895155628364,0.312589065882908,8
4,hip_art,4153,0.3301228027931616,0.4702570976276158,8
4,insf_car,128,0.0390625,0.19374369949433196,8
4,fibr_aur,9216,0.027452256944444444,0.16339715582928807,8
4,trat_est,4363,0.19023607609443044,0.39248733921825363,8
4,var171,746,0.036193029490616625,0.18677016385629683,8
4,tv_l_esu,9887,0.01709315262465864,0.12961858183921304,8
4,tvp_orig,16615,0.23033403551008125,0.421046633516671,8
4,tv_l_ein,4494,0.8164218958611482,0.3871397471451836,8
4,tvp_prox,6740,0.8394658753709199,0.3671006938956328,8
4,tv_l_svc,11196,0.0057163272597356195,0.07538999179198273,8
4,tv_l_vre,11826,0.0035514967021816335,0.059488516314966426,8
4,tv_l_vrn,11768,0.006883072739632903,0.08267826830125206,8
4,tv_l_vca,14676,0.04054238212046879,0.19722752691363013,8
4,tv_l_yug,14741,0.017909232752187774,0.13262161262183375,8
4,tv_l_ova,14749,0.005288494135195607,0.07252948341865953,8
4,tv_l_sup,14744,0.005358111774281063,0.07300275619793663,8
4,tv_l_pul,14751,0.0025083045217273404,0.05002012525127884,8
4,tv_l_ove,11797,0.03636517758752225,0.18719709251628408,8
4,fr_antfa,12643,0.11524163568773234,0.31931332745713625,8
4,fr_tvs_a,9819,0.051838272736531216,0.2217003974200863,8
4,fr_viaje,310,0.04838709677419355,0.21458281767177534,8
4,fr_estro,211,0.06635071090047394,0.24889414228437692,8
4,fr_varic,617,0.15883306320907617,0.36552034312839243,8
4,fr_antec,68,0.029411764705882353,0.16895772489817729,8
4,ana_dime,1157,1.554019014693172,0.5714874763981518,8
4,ana_crea,547,0.9360146252285192,0.2447268816187424,8
4,ana_trop,11678,0.8790888850830622,0.3260239518907788,8
4,peso,11,88.0909090909091,25.314259529703612,8
4,tension_,768,130.37239583333334,21.3125762092866,8
4,ana_hemo,34,14.076764705882354,1.8110749498705025,8
4,ana_plaq,23,239.43478260869566,94.9323906270675,8
4,ana_leuc,79,8.545696202531648,3.5084951816060213,8
4,ana_neu,14913,6.591964058204251,3.2589116212197116,8
4,protcrea,17142,17.510384435888458,34.69820267663489,8
4,splanchnic,11107,0.009093364544881606,0.09492457672349924,8
5,raza,10662,2.9252485462389797,0.6248933948739476,8
5,ant_inf,4291,0.0372873456070846,0.18946503493959624,8
5,ant_isq,4306,0.03808639108221087,0.19140485337771285,8
5,ant_clau,4318,0.026632700324224177,0.16100745199419889,8
5,fum_act,4443,0.21111861354940356,0.408102370199416,8
5,diabetes,4273,0.10437631640533583,0.3057481005321031,8
5,hip_art,4153,0.3426438718998314,0.47459356184984575,8
5,insf_car,128,0.0234375,0.15128841196122722,8
5,fibr_aur,9216,0.0234375,0.15128841196122722,8
5,trat_est,4363,0.18083887233554893,0.3848846250345108,8
5,var171,746,0.0388739946380697,0.1932946123898673,8
5,tv_l_esu,9887,0.016890866794781027,0.1288625834511399,8
5,tvp_orig,16615,0.24044538068010834,0.42735395118064146,8
5,tv_l_ein,4494,0.8219848687138407,0.3825254819215718,8
5,tvp_prox,6740,0.8455489614243323,0.3613805684573609,8
5,tv_l_svc,11196,0.006520185780635942,0.08048399193642133,8
5,tv_l_vre,11826,0.0030441400304414,0.05508968362512591,8
5,tv_l_vrn,11768,0.005863358259687287,0.07634775235464264,8
5,tv_l_vca,14676,0.03863450531479967,0.19272228805688355,8
5,tv_l_yug,14741,0.016213282680957872,0.1262949410929243,8
5,tv_l_ova,14749,0.004813885687165231,0.06921497086437399,8
5,tv_l_sup,14744,0.00705371676614216,0.08368967586223049,8
5,tv_l_pul,14751,0.0037963527896413803,0.06149748364882877,8
5,tv_l_ove,11797,0.02924472323472069,0.16849174875241008,8
5,fr_antfa,12643,0.12647314719607688,0.3323818440203922,8
5,fr_tvs_a,9819,0.05173642937162644,0.2214944045512237,8
5,fr_viaje,310,0.03870967741935484,0.1929021469384007,8
5,fr_estro,211,0.09004739336492891,0.2862496468349099,8
5,fr_varic,617,0.20097244732576985,0.40072749187154666,8
5,fr_antec,68,0.04411764705882353,0.20535647123189618,8
5,ana_dime,1157,1.5885911840968021,0.5641013869760584,8
5,ana_crea,547,0.926873857404022,0.2603434459805177,8
5,ana_trop,11678,0.8812296626134613,0.32351807421475937,8
5,peso,11,86.0,29.79932885150268,8
5,tension_,768,128.53645833333334,20.8343847390941,8
5,ana_hemo,34,13.908823529411766,1.781005606071506,8
5,ana_plaq,23,246.56521739130434,83.81077345241405,8
5,ana_leuc,79,8.522911392405064,3.551661102510402,8
5,ana_neu,14913,6.861189230872393,3.3816564446131796,8
5,protcrea,17142,19.337854276047135,35.247154831156465,8
5,splanchnic,11107,0.009093364544881606,0.09492457672349924,8
1,raza,10662,2.9263740386419057,0.6295126802735601,9
1,ant_inf,4291,0.03449079468655325,0.1824861084259382,9
1,ant_isq,4306,0.035764050162563864,0.18570132707800843,9
1,ant_clau,4318,0.01922186197313571,0.1373039766191112,9
1,fum_act,4443,0.2063920774251632,0.4047151934401384,9
1,diabetes,4273,0.0901006318745612,0.28632587729781955,9
1,hip_art,4153,0.3233806886588009,0.4677666286315865,9
1,insf_car,128,0.0234375,0.15128841196122722,9
1,fibr_aur,9216,0.023003472222222224,0.14991435050702678,9
1,trat_est,4363,0.16914966765986705,0.37488405886410214,9
1,var171,746,0.04423592493297587,0.20561884125317892,9
1,tv_l_esu,9887,0.03843430767674724,0.19224232538688346,9
1,tvp_orig,16615,0.22172735479987962,0.41540863608419115,9
1,tv_l_ein,4494,0.8144192256341789,0.3887679906468681,9
1,tvp_prox,6740,0.8440652818991098,0.3627934423217791,9
1,tv_l_svc,11196,0.007324044301536263,0.08526665630013525,9
1,tv_l_vre,11826,0.010231692880094706,0.10063302311320138,9
1,tv_l_vrn,11768,0.006798096532970768,0.0821698388491737,9
1,tv_l_vca,14676,0.043949304987735076,0.20498234943240873,9
1,tv_l_yug,14741,0.018112746760735363,0.1333591960290584,9
1,tv_l_ova,14749,0.005627500169503017,0.07480528999572998,9
1,tv_l_sup,14744,0.007528486163863267,0.08643962089194855,9
1,tv_l_pul,14751,0.0022371364653243847,0.047245440899201054,9
1,tv_l_ove,11797,0.03322878697974061,0.1792334642180294,9
1,fr_antfa,12643,0.122834770228585,0.3282474515536651,9
1,fr_tvs_a,9819,0.04725532131581627,0.21218448558543396,9
1,fr_viaje,310,0.041935483870967745,0.20044175977943207,9
1,fr_estro,211,0.0995260663507109,0.2993670463953319,9
1,fr_varic,617,0.19286871961102106,0.3945508542718244,9
1,fr_antec,68,0.029411764705882353,0.16895772489817729,9
1,ana_dime,1157,1.6084701815038893,0.5528561748426004,9
1,ana_crea,547,0.9122486288848263,0.28293297436421355,9
1,ana_trop,11678,0.8785750984757664,0.32662041395795177,9
1,peso,11,80.08181818181818,10.815545897357714,9
1,tension_,768,130.1171875,20.533365033278002,9
1,ana_hemo,34,14.132352941176471,1.6301787322137218,9
1,ana_plaq,23,248.8695652173913,98.29604987765323,9
1,ana_leuc,79,8.527594936708862,3.291350465471072,9
1,ana_neu,14913,7.0140529739153745,3.366969818727117,9
1,protcrea,17142,10.198484774238713,21.497990480621848,9
1,splanchnic,11107,0.012154497163950662,0.10957538666435167,9
2,raza,10662,2.8970174451322452,0.668230567280586,9
2,ant_inf,4291,0.03775343742717315,0.19059935831373012,9
2,ant_isq,4306,0.03924756154203437,0.1941833938704301,9
2,ant_clau,4318,0.02616952292728115,0.15963921509779372,9
2,fum_act,4443,0.20549178483006977,0.40406052912580076,9
2,diabetes,4273,0.09899368125438802,0.2986535322511566,9
2,hip_art,4153,0.35083072477726945,0.47723005702650917,9
2,insf_car,128,0.0390625,0.19374369949433196,9
2,fibr_aur,9216,0.027886284722222224,0.16464701590558323,9
2,trat_est,4363,0.17969287187714875,0.3839314309530953,9
2,var171,746,0.03485254691689008,0.18340623460039757,9
2,tv_l_esu,9887,0.022959441691109538,0.14977418244925284,9
2,tvp_orig,16615,0.23370448390009027,0.423186363325997,9
2,tv_l_ein,4494,0.8206497552291945,0.38364532379719896,9
2,tvp_prox,6740,0.8489614243323442,0.3580864760472554,9
2,tv_l_svc,11196,0.006877456234369418,0.08264476287166506,9
2,tv_l_vre,11826,0.008540503974293928,0.092019366256017,9
2,tv_l_vrn,11768,0.006798096532970768,0.08216983884917371,9
2,tv_l_vca,14676,0.04476696647587899,0.20679188859437042,9
2,tv_l_yug,14741,0.019876534834814462,0.13957599434635914,9
2,tv_l_ova,14749,0.006508915858702285,0.08041486102112357,9
2,tv_l_sup,14744,0.004476397178513294,0.06675596637614867,9
2,tv_l_pul,14751,0.004948817029353942,0.07017354372813103,9
2,tv_l_ove,11797,0.0328897177248453,0.178347930161315,9
2,fr_antfa,12643,0.12932057264889663,0.3355544101016377,9
2,fr_tvs_a,9819,0.047866381505244936,0.21348346780685218,9
2,fr_viaje,310,0.02258064516129032,0.14856230889896072,9
2,fr_estro,211,0.052132701421800945,0.22229458577362227,9
2,fr_varic,617,0.20421393841166938,0.403126042039043,9
2,fr_antec,68,0.029411764705882353,0.16895772489817729,9
2,ana_dime,1157,1.5859982713915297,0.5811004759743804,9
2,ana_crea,547,0.9287020109689214,0.25732194968794014,9
2,ana_trop,11678,0.8846549066620997,0.3194379482478113,9
2,peso,11,85.63636363636364,13.626663216401258,9
2,tension_,768,128.47135416666666,21.487380313792695,9
2,ana_hemo,34,14.017647058823528,1.7752333050045088,9
2,ana_plaq,23,214.04347826086956,56.999220636067406,9
2,ana_leuc,79,8.659620253164556,3.210378519044005,9
2,ana_neu,14913,6.640463354120566,3.3198321690318418,9
2,protcrea,17142,26.853298331583247,42.06905975911517,9
2,splanchnic,11107,0.010263797605113893,0.10078914655772789,9
3,raza,10662,2.896736072031514,0.6868069938985827,9
3,ant_inf,4291,0.03588907014681892,0.18601356077129327,9
3,ant_isq,4306,0.04040873200185787,0.1969158865603786,9
3,ant_clau,4318,0.02732746641963872,0.16303581201295084,9
3,fum_act,4443,0.21967139320279092,0.4140239995593682,9
3,diabetes,4273,0.10882284109524924,0.3114168112854658,9
3,hip_art,4153,0.35034914519624366,0.4770792613984651,9
3,insf_car,128,0.015625,0.12401959270615269,9
3,fibr_aur,9216,0.0234375,0.15128841196122722,9
3,trat_est,4363,0.1863396745358698,0.3893805339635456,9
3,var171,746,0.03351206434316354,0.17996945820506102,9
3,tv_l_esu,9887,0.01517143724082128,0.12223446622319378,9
3,tvp_orig,16615,0.2510382184772796,0.43361046036855844,9
3,tv_l_ein,4494,0.8244325767690254,0.3804517093285434,9
3,tvp_prox,6740,0.8416913946587538,0.36503012316267247,9
3,tv_l_svc,11196,0.0053590568060021436,0.07300915912508639,9
3,tv_l_vre,11826,0.008878741755454084,0.09380783389618395,9
3,tv_l_vrn,11768,0.00645819170632223,0.08010295541493223,9
3,tv_l_vca,14676,0.0413600436086127,0.19912154680321856,9
3,tv_l_yug,14741,0.020554914863306423,0.14188872519784176,9
3,tv_l_ova,14749,0.005017289307749678,0.07065490864584016,9
3,tv_l_sup,14744,0.005154639175257732,0.07161053602809177,9
3,tv_l_pul,14751,0.0026438885499288182,0.05135073907223123,9
3,tv_l_ove,11797,0.03382215817580741,0.18077118075660753,9
3,fr_antfa,12643,0.13667642173534764,0.34350542568781794,9
3,fr_tvs_a,9819,0.04481108055810164,0.20688897413182017,9
3,fr_viaje,310,0.02258064516129032,0.14856230889896072,9
3,fr_estro,211,0.09004739336492891,0.2862496468349099,9
3,fr_varic,617,0.16531604538087522,0.371465544190176,9
3,fr_antec,68,0.058823529411764705,0.23529411764705882,9
3,ana_dime,1157,1.5488331892826275,0.5883417394889069,9
3,ana_crea,547,0.923217550274223,0.266245948588679,9
3,ana_trop,11678,0.8750642233259119,0.3306460772199338,9
3,peso,11,75.52727272727272,13.596061656302663,9
3,tension_,768,129.61979166666666,21.875505326504584,9
3,ana_hemo,34,13.91470588235294,1.4757116634000051,9
3,ana_plaq,23,218.43478260869566,75.86763420988503,9
3,ana_leuc,79,8.484164556962025,3.4119575487823934,9
3,ana_neu,14913,6.852789445450279,3.316463002320796,9
3,protcrea,17142,30.230073620347685,43.458744770646554,9
3,splanchnic,11107,0.01395516341046187,0.11730480307578703,9
4,raza,10662,2.90020634027387,0.6708147688751382,9
4,ant_inf,4291,0.03961780470752738,0.19505956592201162,9
4,ant_isq,4306,0.042731072921504874,0.20225016274031007,9
4,ant_clau,4318,0.026864289022695692,0.161686731051131,9
4,fum_act,4443,0.21359441818591043,0.40984368081712913,9
4,diabetes,4273,0.10156798502223262,0.3020793429560455,9
4,hip_art,4153,0.3298820130026487,0.47017004423928266,9
4,insf_car,128,0.03125,0.17399263633843817,9
4,fibr_aur,9216,0.024088541666666668,0.15332411365157125,9
4,trat_est,4363,0.1806096722438689,0.38469444827789123,9
4,var171,746,0.03351206434316354,0.17996945820506102,9
4,tv_l_esu,9887,0.01527258015576009,0.12263493976492168,9
4,tvp_orig,16615,0.24989467348781222,0.43295187451982686,9
4,tv_l_ein,4494,0.8128615932354251,0.39002259354836283,9
4,tvp_prox,6740,0.8455489614243323,0.3613805684573609,9
4,tv_l_svc,11196,0.005091103965702036,0.0711701104826489,9
4,tv_l_vre,11826,0.007864028411973617,0.08832998057912891,9
4,tv_l_vrn,11768,0.005863358259687287,0.07634775235464264,9
4,tv_l_vca,14676,0.041632597437994,0.19974815210299182,9
4,tv_l_yug,14741,0.02503222305135337,0.15622295241244372,9
4,tv_l_ova,14749,0.005152891721472643,0.07159845967881866,9
4,tv_l_sup,14744,0.002238198589256647,0.04725662976061344,9
4,tv_l_pul,14751,0.002982848620432513,0.05453394570852265,9
4,tv_l_ove,11797,0.027379842332796472,0.1631875809203252,9
4,fr_antfa,12643,0.13794194415882308,0.34483904100392576,9
4,fr_tvs_a,9819,0.043487116814339546,0.20395094382109516,9
4,fr_viaje,310,0.035483870967741936,0.18499936721212476,9
4,fr_estro,211,0.07109004739336493,0.25697519832655846,9
4,fr_varic,617,0.19448946515397084,0.39580716655726833,9
4,fr_antec,68,0.07352941176470588,0.2610035198426301,9
4,ana_dime,1157,1.5903197925669836,0.5576617916604267,9
4,ana_crea,547,0.923217550274223,0.266245948588679,9
4,ana_trop,11678,0.861705771536222,0.3452085381872621,9
4,peso,11,80.9090909090909,12.745441576961369,9
4,tension_,768,130.16276041666666,20.327035022274313,9
4,ana_hemo,34,13.723529411764707,1.6979327956508503,9
4,ana_plaq,23,234.7391304347826,57.00054720660629,9
4,ana_leuc,79,8.453417721518987,3.428409560809206,9
4,ana_neu,14913,6.425596325353719,3.2579351620531165,9
4,protcrea,17142,21.730994283047487,38.130965189580046,9
4,splanchnic,11107,0.012514630413252903,0.11116660667157467,9
5,raza,10662,2.907709622960045,0.6161085807292697,9
5,ant_inf,4291,0.044977860638545794,0.20725552511555717,9
5,ant_isq,4306,0.032512772875058056,0.17735752725788928,9
5,ant_clau,4318,0.026864289022695692,0.161686731051131,9
5,fum_act,4443,0.20661715057393654,0.40487838132289033,9
5,diabetes,4273,0.10531242686637023,0.3069555661881466,9
5,hip_art,4153,0.335420178184445,0.47213714347757074,9
5,insf_car,128,0.0234375,0.15128841196122722,9
5,fibr_aur,9216,0.027126736111111112,0.16245268941777863,9
5,trat_est,4363,0.18290167316066927,0.38658589099409324,9
5,var171,746,0.045576407506702415,0.20856461489304798,9
5,tv_l_esu,9887,0.012642864367351066,0.11172744670822755,9
5,tvp_orig,16615,0.24513993379476376,0.43017013686896327,9
5,tv_l_ein,4494,0.8084112149532711,0.3935511688345586,9
5,tvp_prox,6740,0.8477744807121662,0.35923934996793316,9
5,tv_l_svc,11196,0.007145409074669525,0.0842279775598652,9
5,tv_l_vre,11826,0.007102993404363267,0.08397940752982745,9
5,tv_l_vrn,11768,0.005523453433038749,0.0741144041007671,9
5,tv_l_vca,14676,0.040678659035159444,0.19754469300454688,9
5,tv_l_yug,14741,0.0227257309544807,0.1490277561632908,9
5,tv_l_ova,14749,0.006644518272425249,0.08124265289460124,9
5,tv_l_sup,14744,0.006578947368421052,0.08084345873318755,9
5,tv_l_pul,14751,0.003050640634533252,0.055148293049306504,9
5,tv_l_ove,11797,0.032296346528778504,0.17678600773158368,9
5,fr_antfa,12643,0.11888001265522423,0.32364726979586583,9
5,fr_tvs_a,9819,0.04257052653019656,0.20188679204231857,9
5,fr_viaje,310,0.05161290322580645,0.22124423483202896,9
5,fr_estro,211,0.12322274881516587,0.32869271818767204,9
5,fr_varic,617,0.1993517017828201,0.3995129544571911,9
5,fr_antec,68,0.07352941176470588,0.2610035198426301,9
5,ana_dime,1157,1.5980985306828004,0.5516658333398864,9
5,ana_crea,547,0.9323583180987203,0.2511300156708588,9
5,ana_trop,11678,0.8736084946052406,0.33229007321737114,9
5,peso,11,76.45454545454545,14.51872544095218,9
5,tension_,768,129.45182291666666,21.191408730158585,9
5,ana_hemo,34,13.761764705882353,1.2695563620420263,9
5,ana_plaq,23,232.7826086956522,87.61921395484138,9
5,ana_leuc,79,8.008227848101267,3.5376172913394655,9
5,ana_neu,14913,6.6982464963454715,3.337280408572152,9
5,protcrea,17142,36.50296173141991,47.79700767358643,9
5,splanchnic,11107,0.013504996848834069,0.11542361937206373,9
1,raza,10662,2.9055524291877695,0.6508072773041893,10
1,ant_inf,4291,0.026101141924959218,0.1594361073131565,10
1,ant_isq,4306,0.03483511379470506,0.18336201526383542,10
1,ant_clau,4318,0.02176933765632237,0.14592955010664357,10
1,fum_act,4443,0.2016655413009228,0.40124375478345903,10
1,diabetes,4273,0.10109992979171542,0.3014609991156827,10
1,hip_art,4153,0.349626775824705,0.4768520666319131,10
1,insf_car,128,0.0390625,0.19374369949433196,10
1,fibr_aur,9216,0.023763020833333332,0.15231001173333256,10
1,trat_est,4363,0.17579647031858814,0.38064691164137127,10
1,var171,746,0.030831099195710455,0.17285989274003014,10
1,tv_l_esu,9887,0.04318802467887124,0.20328014955525894,10
1,tvp_orig,16615,0.17592536864279265,0.38075665891838334,10
1,tv_l_ein,4494,0.8164218958611482,0.3871397471451836,10
1,tvp_prox,6740,0.8458456973293769,0.3610965987637616,10
1,tv_l_svc,11196,0.005448374419435513,0.07361174930417803,10
1,tv_l_vre,11826,0.00989345509893455,0.09897259542489485,10
1,tv_l_vrn,11768,0.0033140720598232496,0.057472506350476384,10
1,tv_l_vca,14676,0.04422185881711638,0.20558766018386274,10
1,tv_l_yug,14741,0.019537344820568483,0.1384038907615342,10
1,tv_l_ova,14749,0.006237711031256356,0.07873247101639132,10
1,tv_l_sup,14744,0.007867607162235486,0.08834991748596162,10
1,tv_l_pul,14751,0.004881025015253203,0.06969361957922458,10
1,tv_l_ove,11797,0.0356022717640078,0.18529638423145106,10
1,fr_antfa,12643,0.11919639326109309,0.32401946406757715,10
1,fr_tvs_a,9819,0.04674610449129239,0.2110945432885028,10
1,fr_viaje,310,0.03870967741935484,0.1929021469384007,10
1,fr_estro,211,0.08530805687203792,0.279339564517372,10
1,fr_varic,617,0.21393841166936792,0.4100838544514475,10
1,fr_antec,68,0.029411764705882353,0.16895772489817729,10
1,ana_dime,1157,1.5868625756266206,0.5719761428542307,10
1,ana_crea,547,0.9213893967093236,0.2691300361181418,10
1,ana_trop,11678,0.8784038362733345,0.3268188132492123,10
1,peso,11,82.3,10.657903597373599,10
1,tension_,768,129.78776041666666,21.273161548672853,10
1,ana_hemo,34,13.952941176470588,1.3945767424768847,10
1,ana_plaq,23,232.52173913043478,99.77403581625023,10
1,ana_leuc,79,8.511645569620255,3.1042907954528904,10
1,ana_neu,14913,6.434020988399382,3.224227220780476,10
1,protcrea,17142,4.312669933496674,10.765477214837933,10
1,splanchnic,11107,0.012154497163950662,0.10957538666435165,10
2,raza,10662,2.898799474770212,0.6820448686823993,10
2,ant_inf,4291,0.03518993241668609,0.1842596023907442,10
2,ant_isq,4306,0.040640966093822575,0.1974570281574787,10
2,ant_clau,4318,0.02176933765632237,0.14592955010664357,10
2,fum_act,4443,0.20054017555705606,0.40040456234239036,10
2,diabetes,4273,0.10273812309852563,0.303616536375603,10
2,hip_art,4153,0.33734649650854803,0.47280422777504455,10
2,insf_car,128,0.0078125,0.08804240366863003,10
2,fibr_aur,9216,0.028645833333333332,0.16680902123677913,10
2,trat_est,4363,0.17992207196882878,0.38412253251699824,10
2,var171,746,0.029490616621983913,0.16917718567596246,10
2,tv_l_esu,9887,0.026802872458784262,0.16150689919239491,10
2,tvp_orig,16615,0.16599458320794463,0.37207577394069263,10
2,tv_l_ein,4494,0.8324432576769025,0.37347219498266343,10
2,tvp_prox,6740,0.8560830860534124,0.35100546409803657,10
2,tv_l_svc,11196,0.004197927831368345,0.06465528001092385,10
2,tv_l_vre,11826,0.0066801961779130725,0.08145901519744556,10
2,tv_l_vrn,11768,0.003569000679809653,0.05963441048553405,10
2,tv_l_vca,14676,0.04388116653038975,0.204830685577923,10
2,tv_l_yug,14741,0.0174343667322434,0.1308831906277084,10
2,tv_l_ova,14749,0.004746084480303749,0.06872815407392786,10
2,tv_l_sup,14744,0.007596310363537711,0.08682514861719802,10
2,tv_l_pul,14751,0.005016609043454681,0.07065014279645732,10
2,tv_l_ove,11797,0.031024836822921082,0.1733848214897492,10
2,fr_antfa,12643,0.13382899628252787,0.340468494925065,10
2,fr_tvs_a,9819,0.0471534779509115,0.21196704335354685,10
2,fr_viaje,310,0.035483870967741936,0.18499936721212476,10
2,fr_estro,211,0.09004739336492891,0.2862496468349099,10
2,fr_varic,617,0.20421393841166938,0.403126042039043,10
2,fr_antec,68,0.029411764705882353,0.16895772489817729,10
2,ana_dime,1157,1.6050129645635263,0.5674024002789306,10
2,ana_crea,547,0.9287020109689214,0.25732194968794014,10
2,ana_trop,11678,0.8847405377633156,0.3193348064361207,10
2,peso,11,80.36363636363636,19.141923182911793,10
2,tension_,768,128.8515625,21.573489896365718,10
2,ana_hemo,34,13.897058823529413,1.8724763870525056,10
2,ana_plaq,23,250.56521739130434,87.07609170542665,10
2,ana_leuc,79,9.081898734177214,4.535599572649256,10
2,ana_neu,14913,6.3473433916716955,3.335005215327215,10
2,protcrea,17142,21.117679850659197,36.48157470590089,10
2,splanchnic,11107,0.01377509678581075,0.11655618170801707,10
3,raza,10662,2.8942037141249295,0.6840261291846439,10
3,ant_inf,4291,0.036821253786996036,0.18832272581010945,10
3,ant_isq,4306,0.03785415699024617,0.19084344313809673,10
3,ant_clau,4318,0.02570634553033812,0.1582577938991094,10
3,fum_act,4443,0.20976817465676345,0.4071430799583029,10
3,diabetes,4273,0.10952492394102505,0.31229667781892545,10
3,hip_art,4153,0.3491451962436793,0.4766999351621961,10
3,insf_car,128,0.0234375,0.15128841196122722,10
3,fibr_aur,9216,0.0302734375,0.17133871857211258,10
3,trat_est,4363,0.19711207884483153,0.397817680876932,10
3,var171,746,0.024128686327077747,0.15344866510728347,10
3,tv_l_esu,9887,0.019014868008496003,0.13657709472351315,10
3,tvp_orig,16615,0.144327414986458,0.35142141691960777,10
3,tv_l_ein,4494,0.8155318202047174,0.3878655313872295,10
3,tvp_prox,6740,0.8391691394658753,0.3673748696277109,10
3,tv_l_svc,11196,0.005984280100035727,0.07712631517011587,10
3,tv_l_vre,11826,0.008963301200744123,0.09424945852538813,10
3,tv_l_vrn,11768,0.004843643779741672,0.06942753700569135,10
3,tv_l_vca,14676,0.05505587353502317,0.22808929024467306,10
3,tv_l_yug,14741,0.018519774777830542,0.13482133629366302,10
3,tv_l_ova,14749,0.006508915858702285,0.08041486102112357,10
3,tv_l_sup,14744,0.008681497558328812,0.09276922527688555,10
3,tv_l_pul,14751,0.005830113212663548,0.07613227300291954,10
3,tv_l_ove,11797,0.033991692803255064,0.1812077747328304,10
3,fr_antfa,12643,0.11753539508028157,0.3220571781277413,10
3,fr_tvs_a,9819,0.045829514207149404,0.20911520708615644,10
3,fr_viaje,310,0.05161290322580645,0.22124423483202896,10
3,fr_estro,211,0.08530805687203792,0.279339564517372,10
3,fr_varic,617,0.20097244732576985,0.40072749187154666,10
3,fr_antec,68,0.058823529411764705,0.23529411764705882,10
3,ana_dime,1157,1.5929127052722558,0.5755474521257384,10
3,ana_crea,547,0.9323583180987203,0.2511300156708588,10
3,ana_trop,11678,0.879688302791574,0.3253256717863718,10
3,peso,11,81.9090909090909,20.87388340162086,10
3,tension_,768,129.859375,21.461472641519926,10
3,ana_hemo,34,13.13529411764706,2.2990896347878493,10
3,ana_plaq,23,237.43478260869566,78.44900092857698,10
3,ana_leuc,79,8.817088607594936,5.035993523059833,10
3,ana_neu,14913,6.477839267752968,3.38046310021652,10
3,protcrea,17142,4.598216427488041,14.098505264655886,10
3,splanchnic,11107,0.012514630413252903,0.11116660667157467,10
4,raza,10662,2.90320765334834,0.6549889560667806,10
4,ant_inf,4291,0.041482171987881615,0.19940261130448975,10
4,ant_isq,4306,0.04040873200185787,0.1969158865603786,10
4,ant_clau,4318,0.03219082908754053,0.17650659933894053,10
4,fum_act,4443,0.19671393202790907,0.39751422738567255,10
4,diabetes,4273,0.11209922770886965,0.31548849559998954,10
4,hip_art,4153,0.34818203708162776,0.47639406601606177,10
4,insf_car,128,0.0234375,0.15128841196122722,10
4,fibr_aur,9216,0.027994791666666668,0.16495782280997345,10
4,trat_est,4363,0.19390327756131104,0.39535401415983146,10
4,var171,746,0.03753351206434316,0.19006511393851047,10
4,tv_l_esu,9887,0.015070294325882472,0.12183259233396353,10
4,tvp_orig,16615,0.21426421907914536,0.41031093514741884,10
4,tv_l_ein,4494,0.8208722741433022,0.3834592334083319,10
4,tvp_prox,6740,0.843620178041543,0.3632150509583796,10
4,tv_l_svc,11196,0.007145409074669525,0.0842279775598652,10
4,tv_l_vre,11826,0.009555217317774395,0.09728265590424894,10
4,tv_l_vrn,11768,0.007053025152957172,0.08368560204210117,10
4,tv_l_vca,14676,0.04503952030526029,0.20739084337533403,10
4,tv_l_yug,14741,0.01885896479207652,0.13602685116934723,10
4,tv_l_ova,14749,0.007051325513594142,0.08367558976245988,10
4,tv_l_sup,14744,0.008952794357026587,0.09419470170995489,10
4,tv_l_pul,14751,0.003254016676835469,0.05695110229225019,10
4,tv_l_ove,11797,0.027295075019072645,0.1629418727607359,10
4,fr_antfa,12643,0.11951277386696195,0.3243909227299469,10
4,fr_tvs_a,9819,0.05081983908748345,0.21962964973474264,10
4,fr_viaje,310,0.02258064516129032,0.14856230889896072,10
4,fr_estro,211,0.08056872037914692,0.2721716401016347,10
4,fr_varic,617,0.21231766612641814,0.4089484989299374,10
4,fr_antec,68,0.07352941176470588,0.2610035198426301,10
4,ana_dime,1157,1.5937770095073467,0.5693672620168561,10
4,ana_crea,547,0.9341864716636198,0.24795585862063582,10
4,ana_trop,11678,0.8872238396985785,0.31631898136072956,10
4,peso,11,89.72727272727273,13.212190714301485,10
4,tension_,768,131.66276041666666,21.522930327446115,10
4,ana_hemo,34,13.794117647058824,1.8635736031599246,10
4,ana_plaq,23,226.8695652173913,69.84473734357924,10
4,ana_leuc,79,8.842784810126583,5.064701857272588,10
4,ana_neu,14913,6.3735146516462144,3.3360616334773545,10
4,protcrea,17142,27.348576362151444,39.61781936672847,10
4,splanchnic,11107,0.012424597100927344,0.11077105437706627,10
5,raza,10662,2.889795535546802,0.647601360022688,10
5,ant_inf,4291,0.04591004427872291,0.20929001914340925,10
5,ant_isq,4306,0.03599628425452856,0.18628084113616122,10
5,ant_clau,4318,0.03033811949976841,0.17151594096464093,10
5,fum_act,4443,0.19086203015980194,0.3929805537212761,10
5,diabetes,4273,0.10671659255792183,0.30875258935067784,10
5,hip_art,4153,0.3515530941488081,0.47745525040909054,10
5,insf_car,128,0.0078125,0.08804240366863003,10
5,fibr_aur,9216,0.027886284722222224,0.16464701590558323,10
5,trat_est,4363,0.1994040797616319,0.39955236544919703,10
5,var171,746,0.036193029490616625,0.18677016385629683,10
5,tv_l_esu,9887,0.014665722666127238,0.12021081168017908,10
5,tvp_orig,16615,0.15094793860969005,0.35799812630679406,10
5,tv_l_ein,4494,0.8117489986648865,0.3909124733638472,10
5,tvp_prox,6740,0.8501483679525222,0.35692593128012584,10
5,tv_l_svc,11196,0.006430868167202572,0.07993442375984598,10
5,tv_l_vre,11826,0.008878741755454084,0.09380783389618395,10
5,tv_l_vrn,11768,0.004758667573079538,0.06881876674286207,10
5,tv_l_vca,14676,0.04783319705641864,0.21341317277942443,10
5,tv_l_yug,14741,0.01804490875788617,0.13311382357142978,10
5,tv_l_ova,14749,0.006441114651840803,0.0799976668027427,10
5,tv_l_sup,14744,0.005629408572978839,0.07481790114736789,10
5,tv_l_pul,14751,0.005219985085756898,0.07206064696810163,10
5,tv_l_ove,11797,0.02763414427396796,0.16392223261111805,10
5,fr_antfa,12643,0.11729810962587993,0.3217751747790295,10
5,fr_tvs_a,9819,0.05428251349424585,0.22657431942520065,10
5,fr_viaje,310,0.041935483870967745,0.20044175977943207,10
5,fr_estro,211,0.06635071090047394,0.24889414228437692,10
5,fr_varic,617,0.21393841166936792,0.4100838544514475,10
5,fr_antec,68,0.029411764705882353,0.16895772489817729,10
5,ana_dime,1157,1.6067415730337078,0.554752715535084,10
5,ana_crea,547,0.9104204753199269,0.28557841906937803,10
5,ana_trop,11678,0.8754923788319918,0.33015976956481535,10
5,peso,11,89.63636363636364,14.729517225148637,10
5,tension_,768,129.44921875,20.062273477798616,10
5,ana_hemo,34,13.397058823529411,2.2412555953301303,10
5,ana_plaq,23,231.65217391304347,66.78623178577803,10
5,ana_leuc,79,8.527848101265823,3.640818057638352,10
5,ana_neu,14913,6.548660698719238,3.3082004184337364,10
5,protcrea,17142,35.83500700035001,44.58843800596995,10
5,splanchnic,11107,0.012964796974880706,0.11312254865534471,10
1,raza,10662,2.8980491465015943,0.6301809774690421,11
1,ant_inf,4291,0.02866464693544628,0.16686217351908278,11
1,ant_isq,4306,0.03344170924291686,0.17978698875566346,11
1,ant_clau,4318,0.015516442797591477,0.12359483322736656,11
1,fum_act,4443,0.1933378347963088,0.39491558140010635,11
1,diabetes,4273,0.10203604025274983,0.3026956999071659,11
1,hip_art,4153,0.33734649650854803,0.47280422777504455,11
1,insf_car,128,0.0390625,0.19374369949433196,11
1,fibr_aur,9216,0.027886284722222224,0.16464701590558323,11
1,trat_est,4363,0.17052486820994728,0.3760932564297416,11
1,var171,746,0.036193029490616625,0.18677016385629686,11
1,tv_l_esu,9887,0.041064023465156266,0.19843832654507385,11
1,tvp_orig,16615,0.1842913030394222,0.38772157363687415,11
1,tv_l_ein,4494,0.8184245660881175,0.3854942226695416,11
1,tvp_prox,6740,0.8464391691394659,0.3605272556769551,11
1,tv_l_svc,11196,0.00759199714183637,0.08680068387538616,11
1,tv_l_vre,11826,0.008794182310164045,0.09336404376235875,11
1,tv_l_vrn,11768,0.004588715159755268,0.06758445718460644,11
1,tv_l_vca,14676,0.05076315072226765,0.2195136744055276,11
1,tv_l_yug,14741,0.013431924564140831,0.11511519433438865,11
1,tv_l_ova,14749,0.0033222591362126247,0.057543216198301564,11
1,tv_l_sup,14744,0.006172002170374389,0.0783192732319656,11
1,tv_l_pul,14751,0.003254016676835469,0.05695110229225018,11
1,tv_l_ove,11797,0.03009239637195897,0.17084157588992174,11
1,fr_antfa,12643,0.12307205568298664,0.32851990014754123,11
1,fr_tvs_a,9819,0.04450555046338731,0.20621543696178077,11
1,fr_viaje,310,0.025806451612903226,0.1585574932573485,11
1,fr_estro,211,0.08530805687203792,0.279339564517372,11
1,fr_varic,617,0.2025931928687196,0.40193182391044546,11
1,fr_antec,68,0.07352941176470588,0.26100351984263015,11
1,ana_dime,1157,1.6084701815038893,0.5481460796640322,11
1,ana_crea,547,0.9305301645338209,0.25425140594789475,11
1,ana_trop,11678,0.881657818119541,0.32301286331697593,11
1,peso,11,87.0,12.128104101256268,11
1,tension_,768,129.63541666666666,21.546277613384998,11
1,ana_hemo,34,13.814705882352941,1.4725193203448732,11
1,ana_plaq,23,229.82608695652175,65.47860730897439,11
1,ana_leuc,79,8.78987341772152,3.0211895107600077,11
1,ana_neu,14913,6.304390732917588,3.2331417452233535,11
1,protcrea,17142,18.439229378135575,32.94928327377929,11
1,splanchnic,11107,0.014495363284415233,0.11952090916516685,11
2,raza,10662,2.912586756706059,0.6146869714733552,11
2,ant_inf,4291,0.037520391517128875,0.19003318588480864,11
2,ant_isq,4306,0.034370645610775664,0.18217931916404267,11
2,ant_clau,4318,0.026864289022695692,0.161686731051131,11
2,fum_act,4443,0.21201890614449695,0.408738167512881,11
2,diabetes,4273,0.11724783524455885,0.3217153716797251,11
2,hip_art,4153,0.33710570671803514,0.472721322997143,11
2,insf_car,128,0.046875,0.21137108216357317,11
2,fibr_aur,9216,0.025716145833333332,0.15828716207201415,11
2,trat_est,4363,0.17579647031858814,0.3806469116413712,11
2,var171,746,0.04289544235924933,0.20262137938542826,11
2,tv_l_esu,9887,0.0213411550520886,0.14451889202845186,11
2,tvp_orig,16615,0.1793560036111947,0.3836501369474743,11
2,tv_l_ein,4494,0.8286604361370716,0.3768054109460079,11
2,tvp_prox,6740,0.8495548961424332,0.3575071671769011,11
2,tv_l_svc,11196,0.005805644873168989,0.07597328057136689,11
2,tv_l_vre,11826,0.00845594452900389,0.09156659615343525,11
2,tv_l_vrn,11768,0.004588715159755268,0.06758445718460644,11
2,tv_l_vca,14676,0.039247751430907606,0.1941838444323453,11
2,tv_l_yug,14741,0.016891662709449834,0.12886556731865967,11
2,tv_l_ova,14749,0.0037290663773815176,0.06095211597093738,11
2,tv_l_sup,14744,0.00440857297883885,0.0662505657570492,11
2,tv_l_pul,14751,0.004745440987051725,0.06872351691299082,11
2,tv_l_ove,11797,0.027888446215139442,0.16465321370336114,11
2,fr_antfa,12643,0.13517361385747054,0.34190891765817105,11
2,fr_tvs_a,9819,0.05387514003462674,0.22577114368509565,11
2,fr_viaje,310,0.06451612903225806,0.2456701001891583,11
2,fr_estro,211,0.07582938388625593,0.2647249297396955,11
2,fr_varic,617,0.21393841166936792,0.4100838544514475,11
2,fr_antec,68,0.058823529411764705,0.23529411764705882,11
2,ana_dime,1157,1.617113223854797,0.5495194397518921,11
2,ana_crea,547,0.9341864716636198,0.24795585862063582,11
2,ana_trop,11678,0.8731803390991608,0.33277084383977407,11
2,peso,11,73.81818181818181,9.153421435012273,11
2,tension_,768,130.77734375,21.61225918572611,11
2,ana_hemo,34,13.591176470588236,2.3032416602103916,11
2,ana_plaq,23,235.65217391304347,83.13718819211708,11
2,ana_leuc,79,8.704556962025315,3.308465091158369,11
2,ana_neu,14913,6.544052303359484,3.303296099948106,11
2,protcrea,17142,16.16300350017501,31.383534069496893,11
2,splanchnic,11107,0.012694697037904025,0.11195330144761188,11
3,raza,10662,2.906302757456387,0.6403106993186017,11
3,ant_inf,4291,0.041482171987881615,0.19940261130448975,11
3,ant_isq,4306,0.03878309335810497,0.1930776139993487,11
3,ant_clau,4318,0.02269569245020843,0.14893152115792674,11
3,fum_act,4443,0.20526671168129643,0.4038963836887426,11
3,diabetes,4273,0.10718464778843903,0.3093478609379856,11
3,hip_art,4153,0.3426438718998314,0.47459356184984575,11
3,insf_car,128,0.03125,0.17399263633843817,11
3,fibr_aur,9216,0.0263671875,0.16022471383447637,11
3,trat_est,4363,0.1794636717854687,0.38374009732466874,11
3,var171,746,0.036193029490616625,0.18677016385629683,11
3,tv_l_esu,9887,0.018509153433801964,0.13478339910005957,11
3,tvp_orig,16615,0.14504965392717423,0.35215089354250007,11
3,tv_l_ein,4494,0.8210947930574098,0.38327292347806036,11
3,tvp_prox,6740,0.850593471810089,0.3564887340774576,11
3,tv_l_svc,11196,0.006966773847802787,0.08317594550082591,11
3,tv_l_vre,11826,0.007694909521393539,0.08738248044574556,11
3,tv_l_vrn,11768,0.006118286879673691,0.07797982716915772,11
3,tv_l_vca,14676,0.04701553556827474,0.2116720930673267,11
3,tv_l_yug,14741,0.016009768672410284,0.12551277217664422,11
3,tv_l_ova,14749,0.005559698962641535,0.07435582499096044,11
3,tv_l_sup,14744,0.007325013564839935,0.08527225657337119,11
3,tv_l_pul,14751,0.004203104874245814,0.06469496722050261,11
3,tv_l_ove,11797,0.030516232940578113,0.17200288505631087,11
3,fr_antfa,12643,0.13675551688681484,0.34358906485485674,11
3,fr_tvs_a,9819,0.049801405438435684,0.21753442360875264,11
3,fr_viaje,310,0.05806451612903226,0.23386540594054012,11
3,fr_estro,211,0.07582938388625593,0.2647249297396955,11
3,fr_varic,617,0.2106969205834684,0.40780354123047047,11
3,fr_antec,68,0.07352941176470588,0.2610035198426301,11
3,ana_dime,1157,1.5937770095073467,0.5632625011270014,11
3,ana_crea,547,0.9250457038391224,0.26331758324864096,11
3,ana_trop,11678,0.8843123822572359,0.3198499536404035,11
3,peso,11,82.45454545454545,19.855677623397735,11
3,tension_,768,128.73828125,20.118541747499954,11
3,ana_hemo,34,14.017647058823528,2.1478403090266247,11
3,ana_plaq,23,222.43478260869566,67.29094912132236,11
3,ana_leuc,79,8.049999999999997,3.082263265109429,11
3,ana_neu,14913,6.382312881378663,3.2753160635128453,11
3,protcrea,17142,31.100024734570066,43.42535344454908,11
3,splanchnic,11107,0.01377509678581075,0.11655618170801707,11
4,raza,10662,2.9093040705308573,0.6378084132063437,11
4,ant_inf,4291,0.03821952924726171,0.19172583767291101,11
4,ant_isq,4306,0.035067347886669764,0.183950072027344,11
4,ant_clau,4318,0.024085224641037517,0.15331381736499902,11
4,fum_act,4443,0.20796758946657665,0.40585350953027133,11
4,diabetes,4273,0.11420547624619705,0.3180606631471053,11
4,hip_art,4153,0.33758728629906093,0.47288699541042223,11
4,insf_car,128,0.03125,0.17399263633843817,11
4,fibr_aur,9216,0.023220486111111112,0.15060310466877772,11
4,trat_est,4363,0.18198487279394912,0.3858320604461471,11
4,var171,746,0.02546916890080429,0.15754520093073793,11
4,tv_l_esu,9887,0.016182866390209365,0.12617837067265528,11
4,tvp_orig,16615,0.17357809208546493,0.3787462713129131,11
4,tv_l_ein,4494,0.8233199821984869,0.38139767842918254,11
4,tvp_prox,6740,0.843620178041543,0.3632150509583796,11
4,tv_l_svc,11196,0.00759199714183637,0.08680068387538614,11
4,tv_l_vre,11826,0.007779468966683578,0.08785754850483812,11
4,tv_l_vrn,11768,0.005608429639700884,0.07467914807144901,11
4,tv_l_vca,14676,0.038907059144180973,0.19337347256780638,11
4,tv_l_yug,14741,0.018655450783528933,0.1353049331679827,11
4,tv_l_ova,14749,0.007186927927317106,0.0844705628860413,11
4,tv_l_sup,14744,0.005018990775908844,0.07066682748999126,11
4,tv_l_pul,14751,0.004270896888346553,0.06521239397626548,11
4,tv_l_ove,11797,0.03204204458760702,0.17611175987495223,11
4,fr_antfa,12643,0.12781776477101953,0.33388678287701035,11
4,fr_tvs_a,9819,0.05418067012934107,0.22637386137466625,11
4,fr_viaje,310,0.054838709677419356,0.22766516114314692,11
4,fr_estro,211,0.10426540284360189,0.30560452976594327,11
4,fr_varic,617,0.1685575364667747,0.37436064612486525,11
4,fr_antec,68,0.029411764705882353,0.1689577248981773,11
4,ana_dime,1157,1.6153846153846154,0.524133357912409,11
4,ana_crea,547,0.9378427787934186,0.24144088522546767,11
4,ana_trop,11678,0.8850830621681794,0.31892167569981505,11
4,peso,11,73.96363636363637,10.738822749705237,11
4,tension_,768,129.31901041666666,21.843633537121477,11
4,ana_hemo,34,13.905882352941175,1.771496737801547,11
4,ana_plaq,23,243.2608695652174,77.63527738661097,11
4,ana_leuc,79,8.35113924050633,3.062840159291956,11
4,ana_neu,14913,6.73304539663381,3.247504898822806,11
4,protcrea,17142,24.36545140590363,38.60567702311816,11
4,splanchnic,11107,0.014585396596740794,0.11988604090075114,11
5,raza,10662,2.9113674732695554,0.6647347449983364,11
5,ant_inf,4291,0.037520391517128875,0.19003318588480866,11
5,ant_isq,4306,0.03855085926614027,0.19252192216987266,11
5,ant_clau,4318,0.02616952292728115,0.15963921509779372,11
5,fum_act,4443,0.20526671168129643,0.4038963836887426,11
5,diabetes,4273,0.10624853732740464,0.3081554569420956,11
5,hip_art,4153,0.34408861064290874,0.4750701407884329,11
5,insf_car,128,0.046875,0.21137108216357317,11
5,fibr_aur,9216,0.027126736111111112,0.16245268941777863,11
5,trat_est,4363,0.18542287416914965,0.3886402345408943,11
5,var171,746,0.04289544235924933,0.20262137938542824,11
5,tv_l_esu,9887,0.014058865176494387,0.11773365485893801,11
5,tvp_orig,16615,0.18862473668371954,0.39121023171015995,11
5,tv_l_ein,4494,0.8081886960391633,0.3937254470232781,11
5,tvp_prox,6740,0.8461424332344214,0.3608121615391507,11
5,tv_l_svc,11196,0.007324044301536263,0.08526665630013525,11
5,tv_l_vre,11826,0.007187552849653306,0.08447420868931975,11
5,tv_l_vrn,11768,0.003229095853161115,0.056733312904608445,11
5,tv_l_vca,14676,0.04483510493322431,0.20694182346459375,11
5,tv_l_yug,14741,0.01451733260972797,0.11961011522286275,11
5,tv_l_ova,14749,0.0058309037900874635,0.07613740441516383,11
5,tv_l_sup,14744,0.005018990775908844,0.07066682748999127,11
5,tv_l_pul,14751,0.003050640634533252,0.055148293049306504,11
5,tv_l_ove,11797,0.030855302195473427,0.17292556931205819,11
5,fr_antfa,12643,0.12267657992565056,0.3280655981101889,11
5,fr_tvs_a,9819,0.04633873103167328,0.2102176325574226,11
5,fr_viaje,310,0.03225806451612903,0.17668469596940845,11
5,fr_estro,211,0.07582938388625593,0.2647249297396956,11
5,fr_varic,617,0.20097244732576985,0.40072749187154666,11
5,fr_antec,68,0.058823529411764705,0.23529411764705885,11
5,ana_dime,1157,1.6188418323249785,0.5364092402215745,11
5,ana_crea,547,0.9177330895795247,0.2747709334524756,11
5,ana_trop,11678,0.8807158760061654,0.3241225412661977,11
5,peso,11,80.43636363636364,11.746355158266425,11
5,tension_,768,129.3046875,21.429593510548532,11
5,ana_hemo,34,13.573529411764707,2.201912113372671,11
5,ana_plaq,23,255.47826086956522,83.59315010694066,11
5,ana_leuc,79,8.238734177215191,3.3403851695930187,11
5,ana_neu,14913,6.870382820358077,3.3246563492549055,11
5,protcrea,17142,15.460880877377202,31.567851026379376,11
5,splanchnic,11107,0.012244530476276222,0.10997546067051396,11
1,raza,10662,2.9053648471206155,0.6293867347342008,12
1,ant_inf,4291,0.028431601025402004,0.16620242202968755,12
1,ant_isq,4306,0.03297724105898746,0.1785769935661503,12
1,ant_clau,4318,0.022464103751736915,0.14818727271384718,12
1,fum_act,4443,0.2117938329957236,0.40857949691669937,12
1,diabetes,4273,0.10344020594430142,0.30453296987108297,12
1,hip_art,4153,0.3327714904888033,0.47120550252163185,12
1,insf_car,128,0.046875,0.21137108216357317,12
1,fibr_aur,9216,0.025173611111111112,0.15665216377291966,12
1,trat_est,4363,0.16869126747650698,0.3744790030878588,12
1,var171,746,0.03351206434316354,0.17996945820506102,12
1,tv_l_esu,9887,0.04318802467887124,0.20328014955525897,12
1,tvp_orig,16615,0.2429130303942221,0.4288429666660255,12
1,tv_l_ein,4494,0.8233199821984869,0.38139767842918254,12
1,tvp_prox,6740,0.8544510385756676,0.352653457735254,12
1,tv_l_svc,11196,0.006341550553769203,0.07938095042479143,12
1,tv_l_vre,11826,0.0076103500761035,0.08690473317272572,12
1,tv_l_vrn,11768,0.007138001359619306,0.08418462030685521,12
1,tv_l_vca,14676,0.050967566094303626,0.2199315195708119,12
1,tv_l_yug,14741,0.014788684621124754,0.12070616980213422,12
1,tv_l_ova,14749,0.004542680859719303,0.0672461516395254,12
1,tv_l_sup,14744,0.005222463374932176,0.07207766124972194,12
1,tv_l_pul,14751,0.0017625923666192123,0.04194622312876749,12
1,tv_l_ove,11797,0.035856573705179286,0.1859324603916818,12
1,fr_antfa,12643,0.13374990113106067,0.3403834089354124,12
1,fr_tvs_a,9819,0.04511661065281597,0.20755987592985833,12
1,fr_viaje,310,0.035483870967741936,0.18499936721212476,12
1,fr_estro,211,0.0947867298578199,0.2929201353623212,12
1,fr_varic,617,0.18314424635332252,0.38678473519646045,12
1,fr_antec,68,0.04411764705882353,0.20535647123189615,12
1,ana_dime,1157,1.6067415730337078,0.567079750260051,12
1,ana_crea,547,0.9250457038391224,0.26331758324864096,12
1,ana_trop,11678,0.8895358794314094,0.31346738049691614,12
1,peso,11,87.81818181818181,25.71104531596624,12
1,tension_,768,129.52864583333334,21.941071937112962,12
1,ana_hemo,34,13.638235294117647,1.6773604449502608,12
1,ana_plaq,23,281.6434782608696,168.00796002386306,12
1,ana_leuc,79,9.482784810126581,3.696745039950981,12
1,ana_neu,14913,6.654402802923624,3.3337378531990987,12
1,protcrea,17142,10.013482090771204,25.298501687798282,12
1,splanchnic,11107,0.012784730350229584,0.11234447480896205,12
2,raza,10662,2.908178578127931,0.6185334634995077,12
2,ant_inf,4291,0.03472384059659753,0.1830794786174016,12
2,ant_isq,4306,0.037621922898281465,0.19028009306208893,12
2,ant_clau,4318,0.023853635942566002,0.15259305356039482,12
2,fum_act,4443,0.2104433941030835,0.4076235665187402,12
2,diabetes,4273,0.11046103440205944,0.3134635453779059,12
2,hip_art,4153,0.333253070069829,0.47137613575451887,12
2,insf_car,128,0.03125,0.17399263633843817,12
2,fibr_aur,9216,0.023654513888888888,0.15197031901515917,12
2,trat_est,4363,0.17602567041026818,0.380842006305612,12
2,var171,746,0.02680965147453083,0.16152675958597396,12
2,tv_l_esu,9887,0.030140588651764944,0.1709740727931871,12
2,tvp_orig,16615,0.24056575383689438,0.4274270369522512,12
2,tv_l_ein,4494,0.8324432576769025,0.37347219498266343,12
2,tvp_prox,6740,0.8388724035608308,0.36764860139119987,12
2,tv_l_svc,11196,0.00660950339406931,0.08102973441245565,12
2,tv_l_vre,11826,0.006172839506172839,0.0783245527188242,12
2,tv_l_vrn,11768,0.005013596193065941,0.07062903118604145,12
2,tv_l_vca,14676,0.05103570455164895,0.22007058279689662,12
2,tv_l_yug,14741,0.012210840512855302,0.10982593449101587,12
2,tv_l_ova,14749,0.005356295342057089,0.0729904476097095,12
2,tv_l_sup,14744,0.005629408572978839,0.07481790114736789,12
2,tv_l_pul,14751,0.004135312860145075,0.06417329699878131,12
2,tv_l_ove,11797,0.0334830889209121,0.17989433475578487,12
2,fr_antfa,12643,0.1328007593134541,0.33935927516309927,12
2,fr_tvs_a,9819,0.04949587534372136,0.2169009766406785,12
2,fr_viaje,310,0.03225806451612903,0.17668469596940845,12
2,fr_estro,211,0.08056872037914692,0.2721716401016347,12
2,fr_varic,617,0.21393841166936792,0.4100838544514475,12
2,fr_antec,68,0.014705882352941176,0.12037283488047723,12
2,ana_dime,1157,1.571305099394987,0.5786218309480807,12
2,ana_crea,547,0.906764168190128,0.2907626376902529,12
2,ana_trop,11678,0.879688302791574,0.3253256717863718,12
2,peso,11,73.72727272727273,12.919969807809565,12
2,tension_,768,128.42447916666666,21.659282188869188,12
2,ana_hemo,34,14.011470588235296,1.8520229517586522,12
2,ana_plaq,23,238.65217391304347,128.83241851526148,12
2,ana_leuc,79,9.195822784810126,3.8630631931690638,12
2,ana_neu,14913,6.69503366190572,3.341458101892695,12
2,protcrea,17142,11.369309298798274,21.782517022534705,12
2,splanchnic,11107,0.013595030161159628,0.11580244088997776,12
3,raza,10662,2.913149502907522,0.6027493159838498,12
3,ant_inf,4291,0.03635516196690748,0.18717228471455757,12
3,ant_isq,4306,0.04435671156525778,0.2058863611421949,12
3,ant_clau,4318,0.031496062992125984,0.17465411821117194,12
3,fum_act,4443,0.20571685797884312,0.4042244825862922,12
3,diabetes,4273,0.10905686871050783,0.3117105517905464,12
3,hip_art,4153,0.3501083554057308,0.477003663383024,12
3,insf_car,128,0.0390625,0.19374369949433196,12
3,fibr_aur,9216,0.026150173611111112,0.15958177223987663,12
3,trat_est,4363,0.1881732752693101,0.3908504749181335,12
3,var171,746,0.03351206434316354,0.17996945820506102,12
3,tv_l_esu,9887,0.021846869626782645,0.14618339137635644,12
3,tvp_orig,16615,0.22335239241649113,0.41649261844397784,12
3,tv_l_ein,4494,0.8259902091677792,0.37911790188112654,12
3,tvp_prox,6740,0.849406528189911,0.3576521746869057,12
3,tv_l_svc,11196,0.005894962486602358,0.07655202090006447,12
3,tv_l_vre,11826,0.006341958396752917,0.07938348669872579,12
3,tv_l_vrn,11768,0.005268524813052345,0.07239314511296355,12
3,tv_l_vca,14676,0.04456255110384301,0.20634129529243628,12
3,tv_l_yug,14741,0.0157384166610135,0.12446171661204836,12
3,tv_l_ova,14749,0.008407349650823785,0.09130534553175175,12
3,tv_l_sup,14744,0.009631036353771025,0.09766411568495034,12
3,tv_l_pul,14751,0.003118432648633991,0.05575578917430839,12
3,tv_l_ove,11797,0.03339832160718827,0.17967435465589152,12
3,fr_antfa,12643,0.1350154235545361,0.3417400458783333,12
3,fr_tvs_a,9819,0.05642122415724615,0.23073333010608574,12
3,fr_viaje,310,0.035483870967741936,0.18499936721212476,12
3,fr_estro,211,0.08056872037914692,0.27217164010163464,12
3,fr_varic,617,0.1993517017828201,0.3995129544571911,12
3,fr_antec,68,0.014705882352941176,0.12037283488047724,12
3,ana_dime,1157,1.5937770095073467,0.5693672620168561,12
3,ana_crea,547,0.9159049360146252,0.2775303302319775,12
3,ana_trop,11678,0.8847405377633156,0.3193348064361207,12
3,peso,11,79.0909090909091,15.198412270273172,12
3,tension_,768,129.6171875,20.45840079095082,12
3,ana_hemo,34,13.117647058823529,2.300699457356303,12
3,ana_plaq,23,220.7391304347826,83.48299352526541,12
3,ana_leuc,79,9.017088607594937,3.7739688513397764,12
3,ana_neu,14913,6.566838597197076,3.3551716374462717,12
3,protcrea,17142,29.525985882627467,38.50597795867236,12
3,splanchnic,11107,0.012334563788601783,0.11037401109295022,12
4,raza,10662,2.8936409679234667,0.6647450868872407,12
4,ant_inf,4291,0.037520391517128875,0.19003318588480866,12
4,ant_isq,4306,0.04087320018578727,0.1979964183826562,12
4,ant_clau,4318,0.021537748957850857,0.14516843433639232,12
4,fum_act,4443,0.21899617375647085,0.4135660160560784,12
4,diabetes,4273,0.11865200093611046,0.32337857630023625,12
4,hip_art,4153,0.35107151456778235,0.477305254765612,12
4,insf_car,128,0.0390625,0.19374369949433196,12
4,fibr_aur,9216,0.027126736111111112,0.16245268941777863,12
4,trat_est,4363,0.1769424707769883,0.3816200110218579,12
4,var171,746,0.028150134048257374,0.16540164449400893,12
4,tv_l_esu,9887,0.016789723879842216,0.1284827967156727,12
4,tvp_orig,16615,0.23942220884742701,0.42673084580101084,12
4,tv_l_ein,4494,0.829105473965287,0.3764167730137484,12
4,tvp_prox,6740,0.8541543026706232,0.35295145544378287,12
4,tv_l_svc,11196,0.0057163272597356195,0.07538999179198273,12
4,tv_l_vre,11826,0.008540503974293928,0.092019366256017,12
4,tv_l_vrn,11768,0.006968048946295037,0.08318350341370023,12
4,tv_l_vca,14676,0.04647042790951213,0.21050160863855402,12
4,tv_l_yug,14741,0.014992198629672342,0.12152132574129032,12
4,tv_l_ova,14749,0.008475150857685267,0.09166963878855824,12
4,tv_l_sup,14744,0.0049511665762344,0.0701901170092256,12
4,tv_l_pul,14751,0.006169073283167243,0.07830080343134516,12
4,tv_l_ove,11797,0.029838094430787488,0.17014047887415534,12
4,fr_antfa,12643,0.12932057264889663,0.3355544101016377,12
4,fr_tvs_a,9819,0.057032284346674816,0.23190429683141892,12
4,fr_viaje,310,0.03870967741935484,0.1929021469384007,12
4,fr_estro,211,0.07582938388625593,0.2647249297396955,12
4,fr_varic,617,0.19448946515397084,0.39580716655726833,12
4,fr_antec,68,0.029411764705882353,0.1689577248981773,12
4,ana_dime,1157,1.6006914433880726,0.5574353599350047,12
4,ana_crea,547,0.9414990859232175,0.23468821259058448,12
4,ana_trop,11678,0.8894502483301935,0.31357376177791185,12
4,peso,11,74.27272727272727,15.708080775603765,12
4,tension_,768,129.69010416666666,21.62922179380978,12
4,ana_hemo,34,13.676470588235293,1.6106372183502242,12
4,ana_plaq,23,255.04347826086956,88.3109517364486,12
4,ana_leuc,79,9.138987341772152,3.7041572932320683,12
4,ana_neu,14913,6.3675474418292755,3.285516499495329,12
4,protcrea,17142,8.790900128339752,13.833569449633334,12
4,splanchnic,11107,0.013054830287206266,0.11350947842968229,12
5,raza,10662,2.900112549240293,0.6245328297114912,12
5,ant_inf,4291,0.03472384059659753,0.1830794786174016,12
5,ant_isq,4306,0.04458894565722248,0.2063995435615102,12
5,ant_clau,4318,0.029180176007410838,0.16831129889459995,12
5,fum_act,4443,0.20099032185460275,0.4007408294339197,12
5,diabetes,4273,0.10835478586473204,0.31082796889105735,12
5,hip_art,4153,0.3366241271370094,0.47255510172492676,12
5,insf_car,128,0.0078125,0.08804240366863003,12
5,fibr_aur,9216,0.024631076388888888,0.15499802084160177,12
5,trat_est,4363,0.18794407517763007,0.3906675054099783,12
5,var171,746,0.02680965147453083,0.16152675958597396,12
5,tv_l_esu,9887,0.016789723879842216,0.1284827967156727,12
5,tvp_orig,16615,0.2532049352994282,0.43484732497675616,12
5,tv_l_ein,4494,0.8215398308856253,0.3828996437110428,12
5,tvp_prox,6740,0.8560830860534124,0.35100546409803657,12
5,tv_l_svc,11196,0.006877456234369418,0.08264476287166507,12
5,tv_l_vre,11826,0.008540503974293928,0.092019366256017,12
5,tv_l_vrn,11768,0.005693405846363018,0.07523955725701485,12
5,tv_l_vca,14676,0.05185336603979286,0.2217309055367251,12
5,tv_l_yug,14741,0.01885896479207652,0.13602685116934723,12
5,tv_l_ova,14749,0.007390331547901552,0.08564878602475134,12
5,tv_l_sup,14744,0.005561584373304395,0.07436836123354482,12
5,tv_l_pul,14751,0.005965697240865026,0.07700719250365748,12
5,tv_l_ove,11797,0.03110960413664491,0.17361392993393748,12
5,fr_antfa,12643,0.13113976113264256,0.3375531427534278,12
5,fr_tvs_a,9819,0.043487116814339546,0.20395094382109516,12
5,fr_viaje,310,0.035483870967741936,0.18499936721212476,12
5,fr_estro,211,0.08056872037914692,0.27217164010163464,12
5,fr_varic,617,0.19448946515397084,0.39580716655726833,12
5,fr_antec,68,0.029411764705882353,0.16895772489817729,12
5,ana_dime,1157,1.5911840968020743,0.5544119247971557,12
5,ana_crea,547,0.9140767824497258,0.28025063467561045,12
5,ana_trop,11678,0.8810584004110293,0.3237197792477124,12
5,peso,11,84.54545454545455,12.928922027508266,12
5,tension_,768,129.26302083333334,21.184054224216997,12
5,ana_hemo,34,13.850000000000001,1.5950751411398627,12
5,ana_plaq,23,244.52173913043478,77.3910845136106,12
5,ana_leuc,79,8.995696202531647,3.4239468245103035,12
5,ana_neu,14913,6.84083611614028,3.3385802171767107,12
5,protcrea,17142,14.579488391086219,24.80094729723265,12
5,splanchnic,11107,0.012514630413252903,0.11116660667157469,12
1,raza,10662,2.899737385105984,0.6489258735856944,13
1,ant_inf,4291,0.029596830575623397,0.16947229329746277,13
1,ant_isq,4306,0.03320947515095216,0.17918316302362355,13
1,ant_clau,4318,0.021537748957850857,0.14516843433639232,13
1,fum_act,4443,0.1942381273914022,0.3956130397988464,13
1,diabetes,4273,0.093142990872923,0.29063271344459757,13
1,hip_art,4153,0.3204912111726463,0.4666653991177582,13
1,insf_car,128,0.0078125,0.08804240366863003,13
1,fibr_aur,9216,0.027669270833333332,0.16402341992802422,13
1,trat_est,4363,0.16754526701810682,0.3734619800166252,13
1,var171,746,0.03351206434316354,0.17996945820506102,13
1,tv_l_esu,9887,0.04308688176393244,0.2030527083882245,13
1,tvp_orig,16615,0.26367739993981343,0.4406264049064616,13
1,tv_l_ein,4494,0.8226524254561638,0.3819625797735358,13
1,tvp_prox,6740,0.8485163204747774,0.3585196987094604,13
1,tv_l_svc,11196,0.006877456234369418,0.08264476287166506,13
1,tv_l_vre,11826,0.008117706747843734,0.08973187608090978,13
1,tv_l_vrn,11768,0.005693405846363018,0.07523955725701487,13
1,tv_l_vca,14676,0.04517579721995094,0.20768953889277333,13
1,tv_l_yug,14741,0.01485652262397395,0.12097853677201298,13
1,tv_l_ova,14749,0.008407349650823785,0.09130534553175175,13
1,tv_l_sup,14744,0.003594682582745524,0.05984781399412037,13
1,tv_l_pul,14751,0.005558945156260592,0.07435081226866509,13
1,tv_l_ove,11797,0.030770534881749596,0.17269542282539116,13
1,fr_antfa,12643,0.12726409871074904,0.33326858221273986,13
1,fr_tvs_a,9819,0.0454221407475303,0.20822816782904724,13
1,fr_viaje,310,0.03870967741935484,0.1929021469384007,13
1,fr_estro,211,0.06635071090047394,0.2488941422843769,13
1,fr_varic,617,0.20097244732576985,0.40072749187154666,13
1,fr_antec,68,0.04411764705882353,0.20535647123189618,13
1,ana_dime,1157,1.6015557476231634,0.568031369462473,13
1,ana_crea,547,0.8976234003656307,0.30314292253271125,13
1,ana_trop,11678,0.8831991779414283,0.321182798457535,13
1,peso,11,86.18181818181819,18.51691208214402,13
1,tension_,768,128.72005208333334,21.336124833576363,13
1,ana_hemo,34,13.758823529411766,1.7274799134030685,13
1,ana_plaq,23,237.30434782608697,95.23035448783658,13
1,ana_leuc,79,9.24493670886076,3.091884793822809,13
1,ana_neu,14913,6.722492120968282,3.352779116936978,13
1,protcrea,17142,37.73649924162874,43.54968859651367,13
1,splanchnic,11107,0.016025929593949762,0.1255750738586266,13
2,raza,10662,2.899456012005252,0.6535630841892556,13
2,ant_inf,4291,0.03705429969704032,0.18889488762537285,13
2,ant_isq,4306,0.03158383650719926,0.17488938726716888,13
2,ant_clau,4318,0.023853635942566002,0.15259305356039482,13
2,fum_act,4443,0.20144046815214944,0.4010763093761489,13
2,diabetes,4273,0.11022700678680085,0.3131724984120148,13
2,hip_art,4153,0.32891885384059716,0.46982043530351575,13
2,insf_car,128,0.046875,0.21137108216357317,13
2,fibr_aur,9216,0.0283203125,0.16588632372773335,13
2,trat_est,4363,0.19069447627779051,0.3928486896948108,13
2,var171,746,0.04155495978552279,0.1995699002924699,13
2,tv_l_esu,9887,0.023970870840497625,0.15295838712422996,13
2,tvp_orig,16615,0.2629551609990972,0.4402382812784868,13
2,tv_l_ein,4494,0.8161993769470405,0.3873215124651655,13
2,tvp_prox,6740,0.8646884272997033,0.3420560641088958,13
2,tv_l_svc,11196,0.00660950339406931,0.08102973441245565,13
2,tv_l_vre,11826,0.00837138508371385,0.09111149760317863,13
2,tv_l_vrn,11768,0.005778382053025153,0.07579572780753825,13
2,tv_l_vca,14676,0.04435813573180703,0.2058895129097294,13
2,tv_l_yug,14741,0.012753544535648871,0.11220914239680335,13
2,tv_l_ova,14749,0.011051596718421588,0.10454405257304197,13
2,tv_l_sup,14744,0.005018990775908844,0.07066682748999126,13
2,tv_l_pul,14751,0.005016609043454681,0.07065014279645732,13
2,tv_l_ove,11797,0.031618208018987876,0.17498141884399007,13
2,fr_antfa,12643,0.1297160484062327,0.33599076652804694,13
2,fr_tvs_a,9819,0.04908850188410225,0.21605281962260234,13
2,fr_viaje,310,0.05161290322580645,0.22124423483202893,13
2,fr_estro,211,0.09004739336492891,0.2862496468349099,13
2,fr_varic,617,0.21231766612641814,0.4089484989299374,13
2,fr_antec,68,0.058823529411764705,0.23529411764705885,13
2,ana_dime,1157,1.567847882454624,0.5923189862966536,13
2,ana_crea,547,0.923217550274223,0.266245948588679,13
2,ana_trop,11678,0.8671861620140435,0.33937342622161304,13
2,peso,11,75.27272727272727,10.988348449739505,13
2,tension_,768,129.4921875,20.83928935044356,13
2,ana_hemo,34,13.876470588235293,1.9670908384673056,13
2,ana_plaq,23,276.04347826086956,123.46887594463689,13
2,ana_leuc,79,8.97898734177215,3.315176683508399,13
2,ana_neu,14913,6.520067256755851,3.313791287738033,13
2,protcrea,17142,38.39220919379303,44.691528151037346,13
2,splanchnic,11107,0.013504996848834069,0.11542361937206373,13
3,raza,10662,2.901800787844682,0.635959376041716,13
3,ant_inf,4291,0.03915171288743882,0.1939558100842003,13
3,ant_isq,4306,0.03808639108221087,0.19140485337771285,13
3,ant_clau,4318,0.02825382121352478,0.16569714179900313,13
3,fum_act,4443,0.20549178483006977,0.40406052912580076,13
3,diabetes,4273,0.10507839925111163,0.30665441340690924,13
3,hip_art,4153,0.3431254514808572,0.4747529631575932,13
3,insf_car,128,0.03125,0.17399263633843817,13
3,fibr_aur,9216,0.028537326388888888,0.16650209425548654,13
3,trat_est,4363,0.174879669951868,0.3798641480705881,13
3,var171,746,0.03485254691689008,0.18340623460039757,13
3,tv_l_esu,9887,0.019621725498128857,0.13869647935908447,13
3,tvp_orig,16615,0.2383388504363527,0.4260674158029813,13
3,tv_l_ein,4494,0.8115264797507789,0.39108982652849406,13
3,tvp_prox,6740,0.8545994065281899,0.3525042707398812,13
3,tv_l_svc,11196,0.006341550553769203,0.07938095042479143,13
3,tv_l_vre,11826,0.009301538981904278,0.09599489754394447,13
3,tv_l_vrn,11768,0.005778382053025153,0.07579572780753827,13
3,tv_l_vca,14676,0.041632597437994,0.19974815210299177,13
3,tv_l_yug,14741,0.01628112068380707,0.12655451707895052,13
3,tv_l_ova,14749,0.007593735168485999,0.08681054287744602,13
3,tv_l_sup,14744,0.005629408572978839,0.07481790114736789,13
3,tv_l_pul,14751,0.00318622466273473,0.05635665564184333,13
3,tv_l_ove,11797,0.031024836822921082,0.1733848214897492,13
3,fr_antfa,12643,0.13019061931503598,0.3365130338596164,13
3,fr_tvs_a,9819,0.046644261126387615,0.210875731250329,13
3,fr_viaje,310,0.05161290322580645,0.22124423483202899,13
3,fr_estro,211,0.07582938388625593,0.2647249297396955,13
3,fr_varic,617,0.19773095623987033,0.3982881183067564,13
3,fr_antec,68,0.0,0.0,13
3,ana_dime,1157,1.6257562662057043,0.5476061389145461,13
3,ana_crea,547,0.923217550274223,0.266245948588679,13
3,ana_trop,11678,0.8805446138037335,0.32432359905650915,13
3,peso,11,84.45454545454545,14.48738408135372,13
3,tension_,768,128.99348958333334,21.686358262691506,13
3,ana_hemo,34,13.938235294117646,1.9333017636526795,13
3,ana_plaq,23,243.43478260869566,114.55806429282033,13
3,ana_leuc,79,8.895949367088608,3.492856550663405,13
3,ana_neu,14913,6.636482599074633,3.327648645907573,13
3,protcrea,17142,22.07462373118656,41.77257237563091,13
3,splanchnic,11107,0.01395516341046187,0.11730480307578703,13
4,raza,10662,2.9093978615644343,0.6251226354470529,13
4,ant_inf,4291,0.03775343742717315,0.1905993583137301,13
4,ant_isq,4306,0.03994426381792847,0.19582829112764122,13
4,ant_clau,4318,0.024548402037980546,0.15474423412638746,13
4,fum_act,4443,0.21404456448345713,0.41015788289211785,13
4,diabetes,4273,0.11092908963257664,0.3140443069152256,13
4,hip_art,4153,0.3351793883939321,0.4720531389470911,13
4,insf_car,128,0.015625,0.12401959270615269,13
4,fibr_aur,9216,0.026150173611111112,0.15958177223987663,13
4,trat_est,4363,0.18404767361906946,0.3875230669966343,13
4,var171,746,0.032171581769437,0.17645557825098482,13
4,tv_l_esu,9887,0.01709315262465864,0.12961858183921304,13
4,tvp_orig,16615,0.22563948239542583,0.41800275881834814,13
4,tv_l_ein,4494,0.8157543391188251,0.3876844042873455,13
4,tvp_prox,6740,0.8449554896142433,0.3619471096513932,13
4,tv_l_svc,11196,0.006341550553769203,0.07938095042479143,13
4,tv_l_vre,11826,0.009047860646034162,0.09468894794939961,13
4,tv_l_vrn,11768,0.005608429639700884,0.07467914807144901,13
4,tv_l_vca,14676,0.04463068956118833,0.2064916247950051,13
4,tv_l_yug,14741,0.01641679668950546,0.1270719696705804,13
4,tv_l_ova,14749,0.008407349650823785,0.09130534553175174,13
4,tv_l_sup,14744,0.004272924579489962,0.06522780614912595,13
4,tv_l_pul,14751,0.002779472578130296,0.052647384648410775,13
4,tv_l_ove,11797,0.03110960413664491,0.17361392993393748,13
4,fr_antfa,12643,0.12307205568298664,0.32851990014754123,13
4,fr_tvs_a,9819,0.049597718708626136,0.21711237875240122,13
4,fr_viaje,310,0.041935483870967745,0.20044175977943204,13
4,fr_estro,211,0.09004739336492891,0.2862496468349099,13
4,fr_varic,617,0.19611021069692058,0.39705288811105505,13
4,fr_antec,68,0.058823529411764705,0.23529411764705882,13
4,ana_dime,1157,1.617113223854797,0.5604211576631488,13
4,ana_crea,547,0.9360146252285192,0.24472688161874237,13
4,ana_trop,11678,0.8831135468402124,0.32128493619762566,13
4,peso,11,78.0909090909091,13.500535648999909,13
4,tension_,768,128.83984375,21.31299794082442,13
4,ana_hemo,34,14.129411764705882,1.4380398038679774,13
4,ana_plaq,23,291.39130434782606,91.92706898048124,13
4,ana_leuc,79,8.88392405063291,3.624513033278941,13
4,ana_neu,14913,6.618548782941058,3.318351668817735,13
4,protcrea,17142,34.07714362384785,44.029612978807904,13
4,splanchnic,11107,0.012154497163950662,0.10957538666435165,13
5,raza,10662,2.8991746389045208,0.6137770442643447,13
5,ant_inf,4291,0.04031694243766022,0.1967015164917104,13
5,ant_isq,4306,0.03855085926614027,0.19252192216987266,13
5,ant_clau,4318,0.02524316813339509,0.1568628400736906,13
5,fum_act,4443,0.2012153950033761,0.4009086676750846,13
5,diabetes,4273,0.10461034402059444,0.30605068198663976,13
5,hip_art,4153,0.3339754394413677,0.47163104784493676,13
5,insf_car,128,0.015625,0.12401959270615269,13
5,fibr_aur,9216,0.025607638888888888,0.15796166534772021,13
5,trat_est,4363,0.17327526931010773,0.37848507283064325,13
5,var171,746,0.03485254691689008,0.18340623460039757,13
5,tv_l_esu,9887,0.01517143724082128,0.12223446622319378,13
5,tvp_orig,16615,0.2619319891664159,0.4396858221704908,13
5,tv_l_ein,4494,0.8146417445482866,0.38858792130946473,13
5,tvp_prox,6740,0.8557863501483679,0.3513062382709748,13
5,tv_l_svc,11196,0.007770632368703108,0.08780802720306138,13
5,tv_l_vre,11826,0.008117706747843734,0.08973187608090978,13
5,tv_l_vrn,11768,0.0034840244731475186,0.05892271248523804,13
5,tv_l_vca,14676,0.03481875170346144,0.18332050139925468,13
5,tv_l_yug,14741,0.017773556746489384,0.13212742874614908,13
5,tv_l_ova,14749,0.007051325513594142,0.08367558976245988,13
5,tv_l_sup,14744,0.00705371676614216,0.08368967586223049,13
5,tv_l_pul,14751,0.0048132330011524645,0.06921030117857516,13
5,tv_l_ove,11797,0.024158684411291008,0.15354166333216096,13
5,fr_antfa,12643,0.1343826623427984,0.3410629889103475,13
5,fr_tvs_a,9819,0.04898665851919747,0.2158401394697497,13
5,fr_viaje,310,0.04516129032258064,0.20765776696040109,13
5,fr_estro,211,0.06635071090047394,0.2488941422843769,13
5,fr_varic,617,0.20097244732576985,0.40072749187154666,13
5,fr_antec,68,0.04411764705882353,0.20535647123189618,13
5,ana_dime,1157,1.5764909248055317,0.5719461032222414,13
5,ana_crea,547,0.9360146252285192,0.24472688161874237,13
5,ana_trop,11678,0.890563452646001,0.3121861455241647,13
5,peso,11,87.18181818181819,14.596501335582765,13
5,tension_,768,129.19661458333334,21.04946156767327,13
5,ana_hemo,34,13.78529411764706,1.8661272185592683,13
5,ana_plaq,23,198.2608695652174,68.92731987630748,13
5,ana_leuc,79,8.874050632911391,3.497610945567021,13
5,ana_neu,14913,6.324417421042043,3.3283282889046357,13
5,protcrea,17142,35.26651090887878,50.42404896495705,13
5,splanchnic,11107,0.012694697037904025,0.11195330144761188,13
1,raza,10662,2.912117801538173,0.6254358360354044,14
1,ant_inf,4291,0.028198555115357727,0.16553971307442772,14
1,ant_isq,4306,0.03344170924291686,0.17978698875566346,14
1,ant_clau,4318,0.01922186197313571,0.1373039766191112,14
1,fum_act,4443,0.20009002925950933,0.4000675061167028,14
1,diabetes,4273,0.0901006318745612,0.28632587729781955,14
1,hip_art,4153,0.32771490488803273,0.46938027866779874,14
1,insf_car,128,0.03125,0.17399263633843817,14
1,fibr_aur,9216,0.027235243055555556,0.16276819281192612,14
1,trat_est,4363,0.1730460692184277,0.37828709619345835,14
1,var171,746,0.03351206434316354,0.17996945820506102,14
1,tv_l_esu,9887,0.04187316678466673,0.20029928778727654,14
1,tvp_orig,16615,0.18910622931086368,0.3915929817382977,14
1,tv_l_ein,4494,0.8206497552291945,0.38364532379719896,14
1,tvp_prox,6740,0.8562314540059347,0.35085488620912436,14
1,tv_l_svc,11196,0.007324044301536263,0.08526665630013525,14
1,tv_l_vre,11826,0.008117706747843734,0.08973187608090977,14
1,tv_l_vrn,11768,0.005183548606390211,0.07181002318782108,14
1,tv_l_vca,14676,0.037203597710547834,0.18926037627548872,14
1,tv_l_yug,14741,0.014653008615426361,0.12015946884845403,14
1,tv_l_ova,14749,0.008068343616516375,0.08946085986509514,14
1,tv_l_sup,14744,0.005425935973955507,0.07346084122008163,14
1,tv_l_pul,14751,0.003999728831943597,0.06311680442809597,14
1,tv_l_ove,11797,0.02932949054844452,0.16872839575072487,14
1,fr_antfa,12643,0.13019061931503598,0.3365130338596164,14
1,fr_tvs_a,9819,0.043181586719625215,0.20326568153035748,14
1,fr_viaje,310,0.03225806451612903,0.17668469596940845,14
1,fr_estro,211,0.08530805687203792,0.279339564517372,14
1,fr_varic,617,0.17990275526742303,0.38410643565893643,14
1,fr_antec,68,0.014705882352941176,0.12037283488047723,14
1,ana_dime,1157,1.5963699222126189,0.5643582366289178,14
1,ana_crea,547,0.9250457038391224,0.26331758324864096,14
1,ana_trop,11678,0.8737797568076725,0.3320974155286325,14
1,peso,11,84.72727272727273,16.4432407173664,14
1,tension_,768,130.06510416666666,22.591790336627803,14
1,ana_hemo,34,14.291176470588237,1.6414426307472954,14
1,ana_plaq,23,248.69565217391303,99.04256212119714,14
1,ana_leuc,79,8.457974683544304,3.34839669917638,14
1,ana_neu,14913,6.375830014081673,3.342541139457481,14
1,protcrea,17142,19.49084494224711,34.10322216673105,14
1,splanchnic,11107,0.01008373098046277,0.09991020643546095,14
2,raza,10662,2.8842618645657474,0.713193926570356,14
2,ant_inf,4291,0.031461197855977625,0.17456056509259085,14
2,ant_isq,4306,0.03715745471435207,0.18914750401076655,14
2,ant_clau,4318,0.02431681333950903,0.1540308603122131,14
2,fum_act,4443,0.21156875984695026,0.40842064064365524,14
2,diabetes,4273,0.10414228879007723,0.3054450400246194,14
2,hip_art,4153,0.33758728629906093,0.47288699541042223,14
2,insf_car,128,0.046875,0.21137108216357317,14
2,fibr_aur,9216,0.022677951388888888,0.14887465166942318,14
2,trat_est,4363,0.18267247306898923,0.3863977751642065,14
2,var171,746,0.03753351206434316,0.19006511393851044,14
2,tv_l_esu,9887,0.025589157479518558,0.15790615092201749,14
2,tvp_orig,16615,0.17207342762563949,0.3774442516859984,14
2,tv_l_ein,4494,0.8186470850022252,0.3853103102949422,14
2,tvp_prox,6740,0.8544510385756676,0.352653457735254,14
2,tv_l_svc,11196,0.005091103965702036,0.0711701104826489,14
2,tv_l_vre,11826,0.006933874513783189,0.08298069593592415,14
2,tv_l_vrn,11768,0.006118286879673691,0.07797982716915772,14
2,tv_l_vca,14676,0.03863450531479967,0.19272228805688355,14
2,tv_l_yug,14741,0.01539922664676752,0.1231344406145129,14
2,tv_l_ova,14749,0.006169909824394874,0.07830607918389036,14
2,tv_l_sup,14744,0.003933803581117743,0.06259655558018291,14
2,tv_l_pul,14751,0.0025760965358280793,0.050689843780250245,14
2,tv_l_ove,11797,0.030770534881749596,0.17269542282539116,14
2,fr_antfa,12643,0.13493632840306888,0.34165555122106245,14
2,fr_tvs_a,9819,0.05428251349424585,0.22657431942520065,14
2,fr_viaje,310,0.041935483870967745,0.20044175977943207,14
2,fr_estro,211,0.08056872037914692,0.27217164010163464,14
2,fr_varic,617,0.19611021069692058,0.39705288811105505,14
2,fr_antec,68,0.04411764705882353,0.20535647123189615,14
2,ana_dime,1157,1.6119273984442524,0.5426935940228991,14
2,ana_crea,547,0.8921389396709324,0.3102048548842472,14
2,ana_trop,11678,0.8822572358280527,0.3223032821072359,14
2,peso,11,79.19999999999999,10.751997700216204,14
2,tension_,768,129.88671875,20.869358785271732,14
2,ana_hemo,34,13.847058823529412,1.4911967744295869,14
2,ana_plaq,23,232.0,66.82033015287436,14
2,ana_leuc,79,8.321518987341774,3.838985259057364,14
2,ana_neu,14913,6.7858449004224495,3.374688781250508,14
2,protcrea,17142,8.246330183175825,15.187736422618524,14
2,splanchnic,11107,0.008913297920230486,0.09398856866883175,14
3,raza,10662,2.8910148189833054,0.6624816508332388,14
3,ant_inf,4291,0.04241435562805873,0.20153257321017687,14
3,ant_isq,4306,0.04366000928936368,0.20433749748447141,14
3,ant_clau,4318,0.024548402037980546,0.15474423412638746,14
3,fum_act,4443,0.2086428089128967,0.4063385130674093,14
3,diabetes,4273,0.11958811139714487,0.3244792674572737,14
3,hip_art,4153,0.3392728148326511,0.47346253489392454,14
3,insf_car,128,0.015625,0.12401959270615269,14
3,fibr_aur,9216,0.024305555555555556,0.153996089316227,14
3,trat_est,4363,0.18886087554435022,0.3913980649325846,14
3,var171,746,0.024128686327077747,0.15344866510728347,14
3,tv_l_esu,9887,0.01709315262465864,0.12961858183921304,14
3,tvp_orig,16615,0.1754438760156485,0.38034631900973387,14
3,tv_l_ein,4494,0.8137516688918558,0.3893069358071794,14
3,tvp_prox,6740,0.8418397626112759,0.36489118473575993,14
3,tv_l_svc,11196,0.005448374419435513,0.07361174930417803,14
3,tv_l_vre,11826,0.00837138508371385,0.09111149760317863,14
3,tv_l_vrn,11768,0.004843643779741672,0.06942753700569135,14
3,tv_l_vca,14676,0.038225674570727716,0.1917406382964773,14
3,tv_l_yug,14741,0.01641679668950546,0.1270719696705804,14
3,tv_l_ova,14749,0.0058987049969489455,0.07657617303252962,14
3,tv_l_sup,14744,0.006307650569723277,0.0791698434633639,14
3,tv_l_pul,14751,0.005423361128059114,0.07344350401590173,14
3,tv_l_ove,11797,0.03187250996015936,0.17566061900437135,14
3,fr_antfa,12643,0.12528671992406865,0.33104373991171715,14
3,fr_tvs_a,9819,0.04817191159995926,0.2141293500031347,14
3,fr_viaje,310,0.04838709677419355,0.21458281767177534,14
3,fr_estro,211,0.08530805687203792,0.279339564517372,14
3,fr_varic,617,0.20745542949756887,0.40548449325411706,14
3,fr_antec,68,0.014705882352941176,0.12037283488047724,14
3,ana_dime,1157,1.6041486603284356,0.5645077910712494,14
3,ana_crea,547,0.906764168190128,0.2907626376902529,14
3,ana_trop,11678,0.8758349032368556,0.3297698068485703,14
3,peso,11,75.0909090909091,8.82614448365089,14
3,tension_,768,128.58723958333334,20.7493145892043,14
3,ana_hemo,34,13.905882352941175,1.896582247479209,14
3,ana_plaq,23,241.0,101.58312081631775,14
3,ana_leuc,79,8.360886075949365,3.8165055226925624,14
3,ana_neu,14913,6.351932340910615,3.241115082910513,14
3,protcrea,17142,24.32896278147241,46.482944954282026,14
3,splanchnic,11107,0.009993697668137212,0.09946770166770257,14
4,raza,10662,2.9147439504783343,0.6560900545845098,14
4,ant_inf,4291,0.0470752738289443,0.21179988768380928,14
4,ant_isq,4306,0.03808639108221087,0.19140485337771285,14
4,ant_clau,4318,0.02616952292728115,0.15963921509779372,14
4,fum_act,4443,0.20796758946657665,0.4058535095302714,14
4,diabetes,4273,0.11584366955300726,0.3200373630960937,14
4,hip_art,4153,0.3529978328918854,0.47790204316943224,14
4,insf_car,128,0.03125,0.17399263633843817,14
4,fibr_aur,9216,0.025390625,0.15730842686299223,14
4,trat_est,4363,0.17579647031858814,0.38064691164137127,14
4,var171,746,0.02680965147453083,0.16152675958597396,14
4,tv_l_esu,9887,0.01861029634874077,0.13514419417256823,14
4,tvp_orig,16615,0.1853144748721035,0.3885524678534162,14
4,tv_l_ein,4494,0.8161993769470405,0.38732151246516555,14
4,tvp_prox,6740,0.8532640949554896,0.3538424497078874,14
4,tv_l_svc,11196,0.007681314755269739,0.08730585409295422,14
4,tv_l_vre,11826,0.0074412311855234226,0.0859410220090907,14
4,tv_l_vrn,11768,0.006628144119646499,0.08114315636685383,14
4,tv_l_vca,14676,0.04006541291905151,0.19611266049563808,14
4,tv_l_yug,14741,0.017637880740790993,0.131631249723478,14
4,tv_l_ova,14749,0.0038646687911044818,0.062046217662638764,14
4,tv_l_sup,14744,0.004272924579489962,0.06522780614912593,14
4,tv_l_pul,14751,0.006914785438275371,0.08286719001280295,14
4,tv_l_ove,11797,0.02975332711706366,0.1699060524011098,14
4,fr_antfa,12643,0.1308233805267737,0.33720709309609825,14
4,fr_tvs_a,9819,0.04593135757205418,0.20933625573140044,14
4,fr_viaje,310,0.02903225806451613,0.1678969507054594,14
4,fr_estro,211,0.06635071090047394,0.24889414228437692,14
4,fr_varic,617,0.1880064829821718,0.39071734711789563,14
4,fr_antec,68,0.029411764705882353,0.16895772489817729,14
4,ana_dime,1157,1.5980985306828004,0.5686386241248371,14
4,ana_crea,547,0.9305301645338209,0.25425140594789475,14
4,ana_trop,11678,0.8724952902894331,0.33353749221368045,14
4,peso,11,78.33636363636364,15.332216392424556,14
4,tension_,768,129.53255208333334,21.36108179287441,14
4,ana_hemo,34,13.658823529411766,1.9085130718254772,14
4,ana_plaq,23,239.04347826086956,89.05517501300726,14
4,ana_leuc,79,8.656582278481014,3.8085519644630113,14
4,ana_neu,14913,6.693737477368738,3.338160792931113,14
4,protcrea,17142,18.855365884960918,38.0920715907443,14
4,splanchnic,11107,0.01197443053929954,0.10877060058930922,14
5,raza,10662,2.9044269367848434,0.6323673671354314,14
5,ant_inf,4291,0.043579585178280124,0.20415779420332977,14
5,ant_isq,4306,0.04412447747329308,0.2053716337788691,14
5,ant_clau,4318,0.027095877721167207,0.1623628379022945,14
5,fum_act,4443,0.21426963763223048,0.4103147085118728,14
5,diabetes,4273,0.10156798502223262,0.3020793429560455,14
5,hip_art,4153,0.3339754394413677,0.47163104784493676,14
5,insf_car,128,0.0234375,0.15128841196122722,14
5,fibr_aur,9216,0.024848090277777776,0.15566201427234963,14
5,trat_est,4363,0.17602567041026818,0.38084200630561194,14
5,var171,746,0.029490616621983913,0.16917718567596246,14
5,tv_l_esu,9887,0.018913725093557196,0.13622039530350272,14
5,tvp_orig,16615,0.18928678904604274,0.39173626400766326,14
5,tv_l_ein,4494,0.8166444147752558,0.38695776848596247,14
5,tvp_prox,6740,0.8399109792284867,0.3666885956774922,14
5,tv_l_svc,11196,0.006520185780635942,0.08048399193642133,14
5,tv_l_vre,11826,0.007356671740233384,0.08545496545631412,14
5,tv_l_vrn,11768,0.007732834806254249,0.08759587931012185,14
5,tv_l_vca,14676,0.03768056691196511,0.19042253487746147,14
5,tv_l_yug,14741,0.01892680279492572,0.13626657305035492,14
5,tv_l_ova,14749,0.00698352430673266,0.08327517454193617,14
5,tv_l_sup,14744,0.005018990775908844,0.07066682748999126,14
5,tv_l_pul,14751,0.004338688902447292,0.06572567748646697,14
5,tv_l_ove,11797,0.033059252352292956,0.17879132581364332,14
5,fr_antfa,12643,0.12829233567982282,0.33441502999362704,14
5,fr_tvs_a,9819,0.051023525817293004,0.22004573531533173,14
5,fr_viaje,310,0.02258064516129032,0.14856230889896072,14
5,fr_estro,211,0.06635071090047394,0.2488941422843769,14
5,fr_varic,617,0.19611021069692058,0.39705288811105505,14
5,fr_antec,68,0.04411764705882353,0.20535647123189615,14
5,ana_dime,1157,1.5730337078651686,0.5739058220251463,14
5,ana_crea,547,0.9122486288848263,0.28293297436421355,14
5,ana_trop,11678,0.8848261688645316,0.3192316083301386,14
5,peso,11,82.45454545454545,8.835503138049317,14
5,tension_,768,129.25520833333334,20.873564670173867,14
5,ana_hemo,34,13.658823529411766,1.9793221726075263,14
5,ana_plaq,23,239.08695652173913,86.93521478088215,14
5,ana_leuc,79,8.368860759493671,3.4997876924185682,14
5,ana_neu,14913,6.162368470462012,3.253744521738644,14
5,protcrea,17142,22.041515925796286,39.77693629497838,14
5,splanchnic,11107,0.010443864229765013,0.10166016884559678,14
1,raza,10662,2.9208403676608516,0.6247257338803088,15
1,ant_inf,4291,0.028198555115357727,0.16553971307442772,15
1,ant_isq,4306,0.035764050162563864,0.18570132707800846,15
1,ant_clau,4318,0.024548402037980546,0.15474423412638746,15
1,fum_act,4443,0.20054017555705606,0.40040456234239036,15
1,diabetes,4273,0.08916452141352679,0.284981068730229,15
1,hip_art,4153,0.34168071273777995,0.474273131518941,15
1,insf_car,128,0.03125,0.17399263633843817,15
1,fibr_aur,9216,0.023003472222222224,0.14991435050702678,15
1,trat_est,4363,0.17717167086866834,0.38181392052971636,15
1,var171,746,0.029490616621983913,0.16917718567596243,15
1,tv_l_esu,9887,0.04065945180540103,0.19750002730198624,15
1,tvp_orig,16615,0.23713511886849234,0.42532582130376034,15
1,tv_l_ein,4494,0.8219848687138407,0.3825254819215718,15
1,tvp_prox,6740,0.8593471810089021,0.34766306030545635,15
1,tv_l_svc,11196,0.006520185780635942,0.08048399193642135,15
1,tv_l_vre,11826,0.0076103500761035,0.0869047331727257,15
1,tv_l_vrn,11768,0.004588715159755268,0.06758445718460644,15
1,tv_l_vca,14676,0.0408149359498501,0.19786125682725186,15
1,tv_l_yug,14741,0.015602740655315108,0.12393262338608863,15
1,tv_l_ova,14749,0.005559698962641535,0.07435582499096044,15
1,tv_l_sup,14744,0.006918068366793271,0.08288672207818115,15
1,tv_l_pul,14751,0.004881025015253203,0.06969361957922458,15
1,tv_l_ove,11797,0.03390692548953124,0.18098962924261328,15
1,fr_antfa,12643,0.11104959265996994,0.314193540083218,15
1,fr_tvs_a,9819,0.049699562073530906,0.2173235274958286,15
1,fr_viaje,310,0.035483870967741936,0.18499936721212476,15
1,fr_estro,211,0.09004739336492891,0.2862496468349099,15
1,fr_varic,617,0.20421393841166938,0.403126042039043,15
1,fr_antec,68,0.014705882352941176,0.12037283488047723,15
1,ana_dime,1157,1.5937770095073467,0.5586401523031626,15
1,ana_crea,547,0.9213893967093236,0.2691300361181418,15
1,ana_trop,11678,0.8735228635040246,0.3323863270950744,15
1,peso,11,84.63636363636364,13.746224124680582,15
1,tension_,768,130.24869791666666,21.885875234107324,15
1,ana_hemo,34,13.93235294117647,1.6491924205920936,15
1,ana_plaq,23,262.7391304347826,107.74213070883015,15
1,ana_leuc,79,8.92392405063291,3.519542698186552,15
1,ana_neu,14913,6.669439079997318,3.3469627645665807,15
1,protcrea,17142,18.097985299264963,31.611012074158612,15
1,splanchnic,11107,0.015215629783019718,0.12240961724197082,15
2,raza,10662,2.918589382854999,0.605060227458245,15
2,ant_inf,4291,0.04241435562805873,0.20153257321017687,15
2,ant_isq,4306,0.04110543427775198,0.19853407151063365,15
2,ant_clau,4318,0.024085224641037517,0.15331381736499902,15
2,fum_act,4443,0.2030159801935629,0.40224431876610733,15
2,diabetes,4273,0.11560964193774866,0.31975623938990494,15
2,hip_art,4153,0.34721887791957623,0.4760860518182051,15
2,insf_car,128,0.03125,0.17399263633843817,15
2,fibr_aur,9216,0.023654513888888888,0.15197031901515917,15
2,trat_est,4363,0.18725647490258995,0.3901172740467226,15
2,var171,746,0.04155495978552279,0.1995699002924699,15
2,tv_l_esu,9887,0.025184585819763326,0.1566854251577035,15
2,tvp_orig,16615,0.21558832380379175,0.41122986083608176,15
2,tv_l_ein,4494,0.8322207387627948,0.3736701496452491,15
2,tvp_prox,6740,0.8433234421364986,0.3634955489129768,15
2,tv_l_svc,11196,0.005984280100035727,0.07712631517011585,15
2,tv_l_vre,11826,0.0091324200913242,0.09512633176255553,15
2,tv_l_vrn,11768,0.005013596193065941,0.07062903118604145,15
2,tv_l_vca,14676,0.033728536385936224,0.18052956051350372,15
2,tv_l_yug,14741,0.018451936774981345,0.1345788349044285,15
2,tv_l_ova,14749,0.008271747237100821,0.09057221116184773,15
2,tv_l_sup,14744,0.009970157352143245,0.09935166488044754,15
2,tv_l_pul,14751,0.006914785438275371,0.08286719001280295,15
2,tv_l_ove,11797,0.030431465626854285,0.17177133499701244,15
2,fr_antfa,12643,0.138653800522028,0.3455849014682581,15
2,fr_tvs_a,9819,0.048782971789387924,0.21541400477402506,15
2,fr_viaje,310,0.04838709677419355,0.21458281767177534,15
2,fr_estro,211,0.08056872037914692,0.27217164010163464,15
2,fr_varic,617,0.21231766612641814,0.4089484989299374,15
2,fr_antec,68,0.0,0.0,15
2,ana_dime,1157,1.5920484010371652,0.563547570799917,15
2,ana_crea,547,0.943327239488117,0.23121625965283182,15
2,ana_trop,11678,0.8841411200548039,0.3200556199835284,15
2,peso,11,79.0909090909091,14.099997069339125,15
2,tension_,768,131.66666666666666,22.739084683034676,15
2,ana_hemo,34,13.894117647058824,1.7352642071200888,15
2,ana_plaq,23,241.2608695652174,103.22294040246487,15
2,ana_leuc,79,8.843291139240504,3.980100094638225,15
2,ana_neu,14913,6.7867575269898754,3.3160876037265545,15
2,protcrea,17142,18.717888694434723,33.90579639298858,15
2,splanchnic,11107,0.01386513009813631,0.11693112616193374,15
3,raza,10662,2.904239354717689,0.6448232873845076,15
3,ant_inf,4291,0.048939641109298535,0.21574186575023307,15
3,ant_isq,4306,0.04342777519739898,0.20381806479996603,15
3,ant_clau,4318,0.02269569245020843,0.14893152115792674,15
3,fum_act,4443,0.20391627278865632,0.4029074663997164,15
3,diabetes,4273,0.11888602855136907,0.3236543538509132,15
3,hip_art,4153,0.351793883939321,0.47753004843905744,15
3,insf_car,128,0.0390625,0.19374369949433196,15
3,fibr_aur,9216,0.023980034722222224,0.15298690354714437,15
3,trat_est,4363,0.18336007334402935,0.3869614410342476,15
3,var171,746,0.032171581769437,0.17645557825098485,15
3,tv_l_esu,9887,0.01881258217861839,0.13586268409828772,15
3,tvp_orig,16615,0.20403250075233223,0.4029928527766737,15
3,tv_l_ein,4494,0.8199821984868714,0.38420228090357356,15
3,tvp_prox,6740,0.8428783382789318,0.3639154367968999,15
3,tv_l_svc,11196,0.007502679528403001,0.08629246391369923,15
3,tv_l_vre,11826,0.008963301200744123,0.09424945852538814,15
3,tv_l_vrn,11768,0.004588715159755268,0.06758445718460644,15
3,tv_l_vca,14676,0.04006541291905151,0.19611266049563808,15
3,tv_l_yug,14741,0.015941930669561087,0.12525089028062036,15
3,tv_l_ova,14749,0.004610482066580785,0.06774382275672464,15
3,tv_l_sup,14744,0.010851871947911014,0.10360554436485123,15
3,tv_l_pul,14751,0.005762321198562809,0.07569092979325463,15
3,tv_l_ove,11797,0.03238111384250233,0.17701010510369522,15
3,fr_antfa,12643,0.13169342719291308,0.33815716527540557,15
3,fr_tvs_a,9819,0.04694979122110195,0.2115313412366992,15
3,fr_viaje,310,0.04838709677419355,0.21458281767177534,15
3,fr_estro,211,0.08056872037914692,0.2721716401016347,15
3,fr_varic,617,0.21231766612641814,0.4089484989299374,15
3,fr_antec,68,0.07352941176470588,0.2610035198426301,15
3,ana_dime,1157,1.598962834917891,0.5820112027318375,15
3,ana_crea,547,0.9287020109689214,0.25732194968794014,15
3,ana_trop,11678,0.8697550950505224,0.33657268113169736,15
3,peso,11,80.22727272727273,15.07762284790947,15
3,tension_,768,130.26822916666666,20.50770767168975,15
3,ana_hemo,34,14.435294117647059,1.4045896099282307,15
3,ana_plaq,23,263.23478260869564,103.08027521304074,15
3,ana_leuc,79,8.599620253164558,3.692081654622489,15
3,ana_neu,14913,6.6744195668208945,3.3598297177932865,15
3,protcrea,17142,17.07774320382686,32.42179437511159,15
3,splanchnic,11107,0.012784730350229584,0.11234447480896205,15
4,raza,10662,2.902175951978991,0.6286006407206076,15
4,ant_inf,4291,0.04241435562805873,0.20153257321017684,15
4,ant_isq,4306,0.04249883882954018,0.20172428591441574,15
4,ant_clau,4318,0.02431681333950903,0.1540308603122131,15
4,fum_act,4443,0.2104433941030835,0.40762356651874015,15
4,diabetes,4273,0.11654575239878305,0.32087823235081653,15
4,hip_art,4153,0.3334938598603419,0.47146124474424467,15
4,insf_car,128,0.0546875,0.22736925329461324,15
4,fibr_aur,9216,0.026258680555555556,0.15990360299579506,15
4,trat_est,4363,0.1918404767361907,0.3937482802779229,15
4,var171,746,0.03485254691689008,0.18340623460039757,15
4,tv_l_esu,9887,0.018509153433801964,0.13478339910005957,15
4,tvp_orig,16615,0.21324104724646403,0.40959651245548373,15
4,tv_l_ein,4494,0.806186025812194,0.39528485627118887,15
4,tvp_prox,6740,0.8519287833827893,0.35517056666721375,15
4,tv_l_svc,11196,0.006788138620936048,0.08211004685785414,15
4,tv_l_vre,11826,0.008202266193133773,0.09019417399383813,15
4,tv_l_vrn,11768,0.004588715159755268,0.06758445718460644,15
4,tv_l_vca,14676,0.046674843281548105,0.2109414664929374,15
4,tv_l_yug,14741,0.016823824706600637,0.12861097787063985,15
4,tv_l_ova,14749,0.0049494881008881955,0.07017827775335728,15
4,tv_l_sup,14744,0.01024145415084102,0.10068051831271649,15
4,tv_l_pul,14751,0.005558945156260592,0.0743508122686651,15
4,tv_l_ove,11797,0.030516232940578113,0.17200288505631087,15
4,fr_antfa,12643,0.12315115083445385,0.3286106280731094,15
4,fr_tvs_a,9819,0.047866381505244936,0.21348346780685218,15
4,fr_viaje,310,0.025806451612903226,0.15855749325734853,15
4,fr_estro,211,0.04739336492890995,0.21247878456360086,15
4,fr_varic,617,0.20745542949756887,0.40548449325411706,15
4,fr_antec,68,0.029411764705882353,0.16895772489817729,15
4,ana_dime,1157,1.595505617977528,0.5660341567105996,15
4,ana_crea,547,0.9360146252285192,0.2447268816187424,15
4,ana_trop,11678,0.8748073300222641,0.33093725290692433,15
4,peso,11,74.27272727272727,11.29835795865857,15
4,tension_,768,129.1328125,21.475775267492526,15
4,ana_hemo,34,13.732352941176472,1.5580380929110615,15
4,ana_plaq,23,216.47826086956522,59.9455329337771,15
4,ana_leuc,79,8.612151898734176,3.6851332081400945,15
4,ana_neu,14913,6.310579695567625,3.2485667080076666,15
4,protcrea,17142,20.229131256562827,35.86396533781335,15
4,splanchnic,11107,0.013414963536508508,0.11504347999701094,15
5,raza,10662,2.92656162070906,0.6027431936065758,15
5,ant_inf,4291,0.04218130971801445,0.20100260403409548,15
5,ant_isq,4306,0.03204830469112866,0.17612839310444312,15
5,ant_clau,4318,0.02477999073645206,0.1554539893201632,15
5,fum_act,4443,0.20729237002025658,0.4053668009983571,15
5,diabetes,4273,0.10507839925111163,0.30665441340690924,15
5,hip_art,4153,0.34119913315675415,0.4741121013956865,15
5,insf_car,128,0.0390625,0.19374369949433196,15
5,fibr_aur,9216,0.025173611111111112,0.15665216377291966,15
5,trat_est,4363,0.17785927114370845,0.38239423480478524,15
5,var171,746,0.045576407506702415,0.20856461489304798,15
5,tv_l_esu,9887,0.016284009305148173,0.12656555750320866,15
5,tvp_orig,16615,0.23063496840204634,0.42123921915253026,15
5,tv_l_ein,4494,0.8095238095238095,0.392676726249301,15
5,tvp_prox,6740,0.8538575667655787,0.35324895250056165,15
5,tv_l_svc,11196,0.005448374419435513,0.07361174930417803,15
5,tv_l_vre,11826,0.008540503974293928,0.092019366256017,15
5,tv_l_vrn,11768,0.006373215499660095,0.07957762011932115,15
5,tv_l_vca,14676,0.03638593622240392,0.18724849763782642,15
5,tv_l_yug,14741,0.02225086493453633,0.1474983523440223,15
5,tv_l_ova,14749,0.004407078445996339,0.06623938485196836,15
5,tv_l_sup,14744,0.0048833423765599565,0.06971008064687094,15
5,tv_l_pul,14751,0.004203104874245814,0.06469496722050261,15
5,tv_l_ove,11797,0.025599728744596085,0.15793790752317563,15
5,fr_antfa,12643,0.12734319386221624,0.3333570230836396,15
5,fr_tvs_a,9819,0.05194011610143599,0.2219061523275219,15
5,fr_viaje,310,0.04838709677419355,0.21458281767177534,15
5,fr_estro,211,0.08530805687203792,0.279339564517372,15
5,fr_varic,617,0.2106969205834684,0.4078035412304704,15
5,fr_antec,68,0.07352941176470588,0.2610035198426301,15
5,ana_dime,1157,1.6041486603284356,0.5840727320227344,15
5,ana_crea,547,0.926873857404022,0.2603434459805177,15
5,ana_trop,11678,0.8873951019010105,0.31610921375864026,15
5,peso,11,81.27272727272727,13.33546814865536,15
5,tension_,768,129.94270833333334,20.903158377741164,15
5,ana_hemo,34,13.029411764705882,1.934140546594078,15
5,ana_plaq,23,235.52173913043478,95.2008721028822,15
5,ana_leuc,79,8.478101265822785,3.5993023501043577,15
5,ana_neu,14913,6.498655133105344,3.3109636847575024,15
5,protcrea,17142,16.190614164041534,30.852291018112005,15
5,splanchnic,11107,0.012334563788601783,0.11037401109295024,15
1,raza,10662,2.9127743387732132,0.6054898083341601,16
1,ant_inf,4291,0.027965509205313446,0.16487401099081983,16
1,ant_isq,4306,0.03158383650719926,0.17488938726716888,16
1,ant_clau,4318,0.020379805465493284,0.14129567932064283,16
1,fum_act,4443,0.20414134593742966,0.40307276863648867,16
1,diabetes,4273,0.0912707699508542,0.2879937785845945,16
1,hip_art,4153,0.323139898868288,0.46767564040441595,16
1,insf_car,128,0.0234375,0.15128841196122722,16
1,fibr_aur,9216,0.024739583333333332,0.15533041025448424,16
1,trat_est,4363,0.17419206967682788,0.3792745608903015,16
1,var171,746,0.040214477211796246,0.19646188697652825,16
1,tv_l_esu,9887,0.03964802265601294,0.1951308713542817,16
1,tvp_orig,16615,0.19819440264820945,0.3986394127618705,16
1,tv_l_ein,4494,0.8130841121495327,0.3898439927965273,16
1,tvp_prox,6740,0.8497032640949554,0.35736203922819476,16
1,tv_l_svc,11196,0.005894962486602358,0.07655202090006447,16
1,tv_l_vre,11826,0.007102993404363267,0.08397940752982745,16
1,tv_l_vrn,11768,0.00866757307953773,0.0926954489521929,16
1,tv_l_vca,14676,0.04333605887162715,0.20361248702646412,16
1,tv_l_yug,14741,0.019537344820568483,0.1384038907615342,16
1,tv_l_ova,14749,0.006576717065563767,0.08082984509575214,16
1,tv_l_sup,14744,0.012954422137818774,0.11307787177380889,16
1,tv_l_pul,14751,0.004203104874245814,0.06469496722050261,16
1,tv_l_ove,11797,0.03729761803848436,0.1894901203945464,16
1,fr_antfa,12643,0.1307442853753065,0.3371204787861558,16
1,fr_tvs_a,9819,0.04817191159995926,0.2141293500031347,16
1,fr_viaje,310,0.02903225806451613,0.1678969507054594,16
1,fr_estro,211,0.06635071090047394,0.24889414228437692,16
1,fr_varic,617,0.20097244732576985,0.40072749187154666,16
1,fr_antec,68,0.029411764705882353,0.16895772489817729,16
1,ana_dime,1157,1.5808124459809854,0.5698367719558831,16
1,ana_crea,547,0.9049360146252285,0.2933032970483569,16
1,ana_trop,11678,0.8763486898441514,0.3291833283333024,16
1,peso,11,81.36363636363636,10.636752129657276,16
1,tension_,768,129.95442708333334,22.34499282522298,16
1,ana_hemo,34,14.13823529411765,1.703631882683434,16
1,ana_plaq,23,246.2173913043478,81.30936975887842,16
1,ana_leuc,79,8.748987341772155,3.1037431851449044,16
1,ana_neu,14913,6.375049621135921,3.2836766462291274,16
1,protcrea,17142,20.289222727803057,34.710744066854794,16
1,splanchnic,11107,0.01386513009813631,0.11693112616193374,16
2,raza,10662,2.911648846370287,0.6387984944671986,16
2,ant_inf,4291,0.038918666977394545,0.19340114875071762,16
2,ant_isq,4306,0.04110543427775198,0.19853407151063365,16
2,ant_clau,4318,0.023853635942566002,0.15259305356039482,16
2,fum_act,4443,0.20504163853252308,0.4037320460409617,16
2,diabetes,4273,0.09852562602387081,0.2980240376890347,16
2,hip_art,4153,0.35733204912111727,0.47921378923401264,16
2,insf_car,128,0.03125,0.17399263633843817,16
2,fibr_aur,9216,0.026258680555555556,0.15990360299579506,16
2,trat_est,4363,0.19069447627779051,0.3928486896948108,16
2,var171,746,0.03753351206434316,0.19006511393851047,16
2,tv_l_esu,9887,0.024678871245069282,0.1551445279703367,16
2,tvp_orig,16615,0.21546795064700572,0.41114658321696557,16
2,tv_l_ein,4494,0.8337783711615487,0.37227946350120283,16
2,tvp_prox,6740,0.8422848664688427,0.36447368929239116,16
2,tv_l_svc,11196,0.005627009646302251,0.07480204815874142,16
2,tv_l_vre,11826,0.006426517842042956,0.07990755728007747,16
2,tv_l_vrn,11768,0.005013596193065941,0.07062903118604145,16
2,tv_l_vca,14676,0.04476696647587899,0.20679188859437042,16
2,tv_l_yug,14741,0.019876534834814462,0.13957599434635914,16
2,tv_l_ova,14749,0.006237711031256356,0.07873247101639132,16
2,tv_l_sup,14744,0.009834508952794358,0.09868024820830035,16
2,tv_l_pul,14751,0.006575825367771676,0.08082440156601374,16
2,tv_l_ove,11797,0.026023565313215223,0.15920533710150558,16
2,fr_antfa,12643,0.12623586174167523,0.3321149935670052,16
2,fr_tvs_a,9819,0.04868112842448315,0.2152005486977255,16
2,fr_viaje,310,0.02903225806451613,0.1678969507054594,16
2,fr_estro,211,0.10426540284360189,0.30560452976594327,16
2,fr_varic,617,0.20421393841166938,0.403126042039043,16
2,fr_antec,68,0.04411764705882353,0.2053564712318962,16
2,ana_dime,1157,1.578219533275713,0.5517091634824296,16
2,ana_crea,547,0.9378427787934186,0.24144088522546767,16
2,ana_trop,11678,0.8914197636581607,0.31111182654760916,16
2,peso,11,87.0909090909091,15.848455878066112,16
2,tension_,768,129.70442708333334,21.778773620223273,16
2,ana_hemo,34,13.626470588235293,1.74226168486445,16
2,ana_plaq,23,283.6521739130435,162.4694241992072,16
2,ana_leuc,79,8.885822784810127,3.350617402995007,16
2,ana_neu,14913,6.70538188157983,3.3190009714592135,16
2,protcrea,17142,19.159093571345235,33.483498334212776,16
2,splanchnic,11107,0.01377509678581075,0.11655618170801707,16
3,raza,10662,2.876102044644532,0.6683993709553815,16
3,ant_inf,4291,0.04218130971801445,0.20100260403409548,16
3,ant_isq,4306,0.03646075243845796,0.18743363084057102,16
3,ant_clau,4318,0.027095877721167207,0.1623628379022945,16
3,fum_act,4443,0.19783929777177583,0.3983703177057077,16
3,diabetes,4273,0.10765270301895624,0.30994128242566954,16
3,hip_art,4153,0.339513604623164,0.4735442079668485,16
3,insf_car,128,0.0546875,0.22736925329461324,16
3,fibr_aur,9216,0.027994791666666668,0.16495782280997345,16
3,trat_est,4363,0.18175567270226908,0.3856430320164163,16
3,var171,746,0.036193029490616625,0.18677016385629683,16
3,tv_l_esu,9887,0.01820572468898554,0.13369471297524974,16
3,tvp_orig,16615,0.21913933192897983,0.4136632508825267,16
3,tv_l_ein,4494,0.8157543391188251,0.3876844042873455,16
3,tvp_prox,6740,0.8513353115727003,0.35575764059555154,16
3,tv_l_svc,11196,0.007770632368703108,0.08780802720306138,16
3,tv_l_vre,11826,0.008878741755454084,0.09380783389618395,16
3,tv_l_vrn,11768,0.00424881033310673,0.0650442767955799,16
3,tv_l_vca,14676,0.03917961297356228,0.19402208869302523,16
3,tv_l_yug,14741,0.01906247880062411,0.13674465511529094,16
3,tv_l_ova,14749,0.007525933961624517,0.08642507899695426,16
3,tv_l_sup,14744,0.008681497558328812,0.09276922527688554,16
3,tv_l_pul,14751,0.003254016676835469,0.05695110229225019,16
3,tv_l_ove,11797,0.03644994490124608,0.1874069006678842,16
3,fr_antfa,12643,0.13469904294866725,0.34140183183073336,16
3,fr_tvs_a,9819,0.05468988695386495,0.22737392818623336,16
3,fr_viaje,310,0.02903225806451613,0.1678969507054594,16
3,fr_estro,211,0.0995260663507109,0.2993670463953319,16
3,fr_varic,617,0.22366288492706646,0.4166986907024886,16
3,fr_antec,68,0.058823529411764705,0.23529411764705882,16
3,ana_dime,1157,1.5963699222126189,0.5674129326965192,16
3,ana_crea,547,0.9195612431444241,0.27197125445735143,16
3,ana_trop,11678,0.8780613118684706,0.32721498203519195,16
3,peso,11,77.94545454545454,15.71544484294257,16
3,tension_,768,131.49479166666666,22.203895912803166,16
3,ana_hemo,34,14.179411764705883,1.5443977337012615,16
3,ana_plaq,23,241.91304347826087,76.64027380560505,16
3,ana_leuc,79,8.450886075949366,3.604170646669279,16
3,ana_neu,14913,6.328582780124723,3.3154975487821656,16
3,protcrea,17142,17.837152840975378,31.179358696695925,16
3,splanchnic,11107,0.012334563788601783,0.11037401109295022,16
4,raza,10662,2.9280622772462954,0.631641138407817,16
4,ant_inf,4291,0.040783034257748776,0.19778720477948025,16
4,ant_isq,4306,0.04156990246168137,0.19960422257809998,16
4,ant_clau,4318,0.02269569245020843,0.14893152115792674,16
4,fum_act,4443,0.20684222372270988,0.4050413783901026,16
4,diabetes,4273,0.09805757079335362,0.29739247401953545,16
4,hip_art,4153,0.3402359739947026,0.4737884084637135,16
4,insf_car,128,0.03125,0.17399263633843817,16
4,fibr_aur,9216,0.027777777777777776,0.16433554953054486,16
4,trat_est,4363,0.17419206967682788,0.3792745608903015,16
4,var171,746,0.02680965147453083,0.16152675958597396,16
4,tv_l_esu,9887,0.016385152220086983,0.12695148288543762,16
4,tvp_orig,16615,0.2128197411977129,0.4093012325344885,16
4,tv_l_ein,4494,0.819537160658656,0.38457249376184494,16
4,tvp_prox,6740,0.8557863501483679,0.3513062382709748,16
4,tv_l_svc,11196,0.008663808503036798,0.09267549258169337,16
4,tv_l_vre,11826,0.00837138508371385,0.09111149760317863,16
4,tv_l_vrn,11768,0.005693405846363018,0.07523955725701487,16
4,tv_l_vca,14676,0.046197874080130825,0.20991338811664012,16
4,tv_l_yug,14741,0.019673020826266874,0.13887401872861654,16
4,tv_l_ova,14749,0.00698352430673266,0.08327517454193617,16
4,tv_l_sup,14744,0.007664134563212154,0.08720891929504189,16
4,tv_l_pul,14751,0.002101552437122907,0.04579449655228157,16
4,tv_l_ove,11797,0.03322878697974061,0.17923346421802944,16
4,fr_antfa,12643,0.11595349205093727,0.3201691423796655,16
4,fr_tvs_a,9819,0.04939403197881658,0.21668932041910194,16
4,fr_viaje,310,0.02258064516129032,0.14856230889896072,16
4,fr_estro,211,0.061611374407582936,0.24044835817944687,16
4,fr_varic,617,0.1993517017828201,0.3995129544571911,16
4,fr_antec,68,0.014705882352941176,0.12037283488047724,16
4,ana_dime,1157,1.5842696629213484,0.5798650543884529,16
4,ana_crea,547,0.8903107861060329,0.3125019843925645,16
4,ana_trop,11678,0.8747216989210481,0.3310342102528428,16
4,peso,11,77.9090909090909,10.65538315043831,16
4,tension_,768,129.95052083333334,20.969165103680197,16
4,ana_hemo,34,14.224117647058824,1.413970458230088,16
4,ana_plaq,23,209.2173913043478,39.39427956899231,16
4,ana_leuc,79,8.737088607594936,3.7472974740787928,16
4,ana_neu,14913,6.935769596995909,3.3181102425926023,16
4,protcrea,17142,18.34425621281064,32.45012089152908,16
4,splanchnic,11107,0.014045196722787432,0.11767722452456819,16
5,raza,10662,2.905271056087038,0.6316782592791298,16
5,ant_inf,4291,0.03705429969704032,0.18889488762537285,16
5,ant_isq,4306,0.03646075243845796,0.18743363084057102,16
5,ant_clau,4318,0.027095877721167207,0.16236283790229453,16
5,fum_act,4443,0.21246905244204367,0.4090549525386825,16
5,diabetes,4273,0.11818394570559326,0.32282580547882267,16
5,hip_art,4153,0.3397543944136769,0.47362574453915884,16
5,insf_car,128,0.046875,0.21137108216357317,16
5,fibr_aur,9216,0.027669270833333332,0.16402341992802422,16
5,trat_est,4363,0.18954847581939033,0.3919436836255131,16
5,var171,746,0.04289544235924933,0.20262137938542824,16
5,tv_l_esu,9887,0.01254172145241226,0.11128533899585497,16
5,tvp_orig,16615,0.19566656635570268,0.3967129455491364,16
5,tv_l_ein,4494,0.8133066310636404,0.3896651831143654,16
5,tvp_prox,6740,0.8473293768545994,0.35966971511901813,16
5,tv_l_svc,11196,0.00759199714183637,0.08680068387538616,16
5,tv_l_vre,11826,0.009470657872484356,0.0968553793650446,16
5,tv_l_vrn,11768,0.00645819170632223,0.08010295541493223,16
5,tv_l_vca,14676,0.0408149359498501,0.19786125682725186,16
5,tv_l_yug,14741,0.018451936774981345,0.13457883490442854,16
5,tv_l_ova,14749,0.008610753271408231,0.09239376710312858,16
5,tv_l_sup,14744,0.00671459576776994,0.08166706785140132,16
5,tv_l_pul,14751,0.005219985085756898,0.07206064696810163,16
5,tv_l_ove,11797,0.031618208018987876,0.17498141884399007,16
5,fr_antfa,12643,0.12631495689314245,0.33220398636715065,16
5,fr_tvs_a,9819,0.051532742641816884,0.22108170226780224,16
5,fr_viaje,310,0.035483870967741936,0.18499936721212476,16
5,fr_estro,211,0.07109004739336493,0.2569751983265585,16
5,fr_varic,617,0.1912479740680713,0.39328384976112307,16
5,fr_antec,68,0.04411764705882353,0.2053564712318962,16
5,ana_dime,1157,1.6050129645635263,0.5472417872658595,16
5,ana_crea,547,0.9250457038391224,0.26331758324864096,16
5,ana_trop,11678,0.8799451960952218,0.3250256112434272,16
5,peso,11,84.86363636363636,14.768041214809568,16
5,tension_,768,131.19010416666666,19.436201885634688,16
5,ana_hemo,34,13.497058823529413,1.860658532082225,16
5,ana_plaq,23,252.34782608695653,106.1740198696183,16
5,ana_leuc,79,8.40151898734177,3.915543219699622,16
5,ana_neu,14913,6.071018105009052,3.221678899623819,16
5,protcrea,17142,21.457833274997082,32.16648453904288,16
5,splanchnic,11107,0.014225263347438552,0.11841834836770258,16
1,raza,10662,2.905271056087038,0.625560995021734,17
1,ant_inf,4291,0.035422978326730366,0.18484639821536789,17
1,ant_isq,4306,0.03320947515095216,0.17918316302362355,17
1,ant_clau,4318,0.018990273274664196,0.1364904494666853,17
1,fum_act,4443,0.19783929777177583,0.39837031770570763,17
1,diabetes,4273,0.08612216241516499,0.2805443557730238,17
1,hip_art,4153,0.3327714904888033,0.47120550252163185,17
1,insf_car,128,0.03125,0.17399263633843817,17
1,fibr_aur,9216,0.024739583333333332,0.15533041025448424,17
1,trat_est,4363,0.16892046756818702,0.37468165581561647,17
1,var171,746,0.030831099195710455,0.17285989274003014,17
1,tv_l_esu,9887,0.03944573682613533,0.19465294930305735,17
1,tvp_orig,16615,0.21113451700270838,0.40811362723234507,17
1,tv_l_ein,4494,0.8046283934134402,0.39648649652459333,17
1,tvp_prox,6740,0.8468842729970326,0.36009901575444514,17
1,tv_l_svc,11196,0.005805644873168989,0.07597328057136689,17
1,tv_l_vre,11826,0.008963301200744123,0.09424945852538814,17
1,tv_l_vrn,11768,0.00645819170632223,0.08010295541493223,17
1,tv_l_vca,14676,0.04306350504224584,0.20300009747712516,17
1,tv_l_yug,14741,0.01797707075503697,0.13286796333994647,17
1,tv_l_ova,14749,0.005559698962641535,0.07435582499096044,17
1,tv_l_sup,14744,0.008952794357026587,0.09419470170995489,17
1,tv_l_pul,14751,0.004948817029353942,0.07017354372813103,17
1,tv_l_ove,11797,0.03356785623463592,0.18011400629170055,17
1,fr_antfa,12643,0.12955785810329826,0.33581634788524495,17
1,fr_tvs_a,9819,0.05194011610143599,0.2219061523275219,17
1,fr_viaje,310,0.02258064516129032,0.14856230889896072,17
1,fr_estro,211,0.08056872037914692,0.27217164010163464,17
1,fr_varic,617,0.22690437601296595,0.41883025220145276,17
1,fr_antec,68,0.014705882352941176,0.12037283488047723,17
1,ana_dime,1157,1.5911840968020743,0.5590692334298424,17
1,ana_crea,547,0.9140767824497258,0.28025063467561045,17
1,ana_trop,11678,0.8770337386538791,0.3283984773361144,17
1,peso,11,77.0909090909091,18.40678997966163,17
1,tension_,768,130.44661458333334,21.797296850694295,17
1,ana_hemo,34,13.564705882352943,1.5601437250800243,17
1,ana_plaq,23,236.82608695652175,95.4962563226675,17
1,ana_leuc,79,9.179873417721517,3.4991707855588543,17
1,ana_neu,14913,6.559351706564743,3.2884751891350343,17
1,protcrea,17142,11.437050285847626,25.500407116767978,17
1,splanchnic,11107,0.010894030791392815,0.10380438759758184,17
2,raza,10662,2.9128681298067907,0.6175430782068897,17
2,ant_inf,4291,0.046376136098811464,0.21029833594052996,17
2,ant_isq,4306,0.03344170924291686,0.17978698875566343,17
2,ant_clau,4318,0.026401111625752663,0.16032496041065225,17
2,fum_act,4443,0.2007652487058294,0.40057279440560595,17
2,diabetes,4273,0.11209922770886965,0.31548849559998954,17
2,hip_art,4153,0.3284372742595714,0.4696447925150608,17
2,insf_car,128,0.0234375,0.15128841196122722,17
2,fibr_aur,9216,0.022569444444444444,0.1485263095276846,17
2,trat_est,4363,0.18679807471922988,0.3897493476587471,17
2,var171,746,0.0388739946380697,0.19329461238986728,17
2,tv_l_esu,9887,0.017801153029230302,0.1322281058627863,17
2,tvp_orig,16615,0.2406259404152874,0.4274635624407605,17
2,tv_l_ein,4494,0.8235425011125945,0.3812089321799881,17
2,tvp_prox,6740,0.843026706231454,0.3637755885322705,17
2,tv_l_svc,11196,0.004555198285101822,0.06733831341580533,17
2,tv_l_vre,11826,0.006933874513783189,0.08298069593592415,17
2,tv_l_vrn,11768,0.004588715159755268,0.06758445718460644,17
2,tv_l_vca,14676,0.037203597710547834,0.18926037627548872,17
2,tv_l_yug,14741,0.017705718743640186,0.13187959003352753,17
2,tv_l_ova,14749,0.005627500169503017,0.07480528999572998,17
2,tv_l_sup,14744,0.009563212154096582,0.09732295272643715,17
2,tv_l_pul,14751,0.003050640634533252,0.05514829304930651,17
2,tv_l_ove,11797,0.035856573705179286,0.18593246039168182,17
2,fr_antfa,12643,0.12671043265047852,0.33264831114558074,17
2,fr_tvs_a,9819,0.05224564619615032,0.22252199587837831,17
2,fr_viaje,310,0.02258064516129032,0.14856230889896072,17
2,fr_estro,211,0.06635071090047394,0.24889414228437692,17
2,fr_varic,617,0.23176661264181522,0.4219607208098332,17
2,fr_antec,68,0.029411764705882353,0.1689577248981773,17
2,ana_dime,1157,1.5946413137424373,0.5584943768835521,17
2,ana_crea,547,0.923217550274223,0.266245948588679,17
2,ana_trop,11678,0.881657818119541,0.32301286331697593,17
2,peso,11,72.34545454545454,10.405974126465102,17
2,tension_,768,128.54166666666666,19.7639279299997,17
2,ana_hemo,34,13.576470588235294,1.6620431833296616,17
2,ana_plaq,23,243.47826086956522,66.05917608327788,17
2,ana_leuc,79,9.031518987341773,3.459174954170941,17
2,ana_neu,14913,6.511625092201435,3.2997238659352925,17
2,protcrea,17142,24.97150449189126,40.53182401214719,17
2,splanchnic,11107,0.008643197983253803,0.09256615532621025,17
3,raza,10662,2.9023635340461453,0.6425014744840112,17
3,ant_inf,4291,0.04171521789792589,0.19993763651112426,17
3,ant_isq,4306,0.03855085926614027,0.19252192216987266,17
3,ant_clau,4318,0.02014821676702177,0.14050717465001877,17
3,fum_act,4443,0.21201890614449695,0.408738167512881,17
3,diabetes,4273,0.10718464778843903,0.3093478609379856,17
3,hip_art,4153,0.33879123525162536,0.4732987789634611,17
3,insf_car,128,0.0234375,0.15128841196122722,17
3,fibr_aur,9216,0.029622395833333332,0.16954323784340866,17
3,trat_est,4363,0.18358927343570938,0.38714887590571373,17
3,var171,746,0.024128686327077747,0.15344866510728344,17
3,tv_l_esu,9887,0.019116010923434814,0.1369327902651879,17
3,tvp_orig,16615,0.22798675895275353,0.41953402328651795,17
3,tv_l_ein,4494,0.8184245660881175,0.3854942226695416,17
3,tvp_prox,6740,0.856973293768546,0.35010008217084915,17
3,tv_l_svc,11196,0.004108610217934977,0.06396662833081057,17
3,tv_l_vre,11826,0.00921697953661424,0.09556163887688338,17
3,tv_l_vrn,11768,0.007222977566281441,0.08468061266522836,17
3,tv_l_vca,14676,0.04258653584082856,0.20192306159997275,17
3,tv_l_yug,14741,0.013499762566990028,0.1154015553518449,17
3,tv_l_ova,14749,0.004474879652857821,0.06674470095033959,17
3,tv_l_sup,14744,0.006036353771025502,0.07745912602254514,17
3,tv_l_pul,14751,0.0035929767473391635,0.05983366331282285,17
3,tv_l_ove,11797,0.032635415783673814,0.17768045874631386,17
3,fr_antfa,12643,0.13145614173851142,0.33789854178101425,17
3,fr_tvs_a,9819,0.047459008045625826,0.2126185565771507,17
3,fr_viaje,310,0.041935483870967745,0.20044175977943207,17
3,fr_estro,211,0.08056872037914692,0.2721716401016347,17
3,fr_varic,617,0.1847649918962723,0.38810680188041374,17
3,fr_antec,68,0.029411764705882353,0.16895772489817729,17
3,ana_dime,1157,1.5557476231633536,0.5921222092799145,17
3,ana_crea,547,0.9213893967093236,0.2691300361181418,17
3,ana_trop,11678,0.8832848090426443,0.32108060538927563,17
3,peso,11,88.0909090909091,14.871904845009206,17
3,tension_,768,129.2421875,21.493366016397797,17
3,ana_hemo,34,13.623529411764705,1.440600124851856,17
3,ana_plaq,23,252.47826086956522,131.01903929522987,17
3,ana_leuc,79,8.805063291139241,3.3129366197721235,17
3,ana_neu,14913,6.518492590357406,3.31969283911367,17
3,protcrea,17142,17.38894831408237,33.16230835387338,17
3,splanchnic,11107,0.00810299810930044,0.08965121042652525,17
4,raza,10662,2.8944850872256613,0.6493937350644489,17
4,ant_inf,4291,0.03705429969704032,0.18889488762537285,17
4,ant_isq,4306,0.03901532745006967,0.1936314325568902,17
4,ant_clau,4318,0.02431681333950903,0.1540308603122131,17
4,fum_act,4443,0.20234076074724286,0.4017449156958553,17
4,diabetes,4273,0.11256728293938685,0.3160631103925779,17
4,hip_art,4153,0.333253070069829,0.47137613575451887,17
4,insf_car,128,0.03125,0.17399263633843817,17
4,fibr_aur,9216,0.026692708333333332,0.16118376982551602,17
4,trat_est,4363,0.17396286958514784,0.37907755089275424,17
4,var171,746,0.020107238605898123,0.14036715271581027,17
4,tv_l_esu,9887,0.021745726711843834,0.1458521514466538,17
4,tvp_orig,16615,0.2504965392717424,0.4332989996349205,17
4,tv_l_ein,4494,0.8244325767690254,0.3804517093285434,17
4,tvp_prox,6740,0.8593471810089021,0.34766306030545635,17
4,tv_l_svc,11196,0.005984280100035727,0.07712631517011587,17
4,tv_l_vre,11826,0.0075257906308134614,0.08642426225426873,17
4,tv_l_vrn,11768,0.007562882392929979,0.08663535769442343,17
4,tv_l_vca,14676,0.04033796674843282,0.19675064215151916,17
4,tv_l_yug,14741,0.018994640797774912,0.13650584023674014,17
4,tv_l_ova,14749,0.0037290663773815176,0.06095211597093738,17
4,tv_l_sup,14744,0.012479652740097666,0.11101311187235605,17
4,tv_l_pul,14751,0.004067520846044336,0.06364727896942124,17
4,tv_l_ove,11797,0.031194371450368737,0.17384269510159217,17
4,fr_antfa,12643,0.117693585383216,0.32224494618668525,17
4,fr_tvs_a,9819,0.05000509216824524,0.2179554608755893,17
4,fr_viaje,310,0.035483870967741936,0.18499936721212476,17
4,fr_estro,211,0.09004739336492891,0.2862496468349099,17
4,fr_varic,617,0.20097244732576985,0.40072749187154666,17
4,fr_antec,68,0.058823529411764705,0.23529411764705882,17
4,ana_dime,1157,1.595505617977528,0.5474042061593075,17
4,ana_crea,547,0.9195612431444241,0.27197125445735143,17
4,ana_trop,11678,0.8834560712450762,0.3208760530567699,17
4,peso,11,83.0909090909091,14.253896089105192,17
4,tension_,768,129.31119791666666,21.285039239803993,17
4,ana_hemo,34,13.726470588235294,1.8049456279132574,17
4,ana_plaq,23,221.65217391304347,72.27279763426068,17
4,ana_leuc,79,8.760126582278481,3.121448663061564,17
4,ana_neu,14913,6.6208698451015895,3.2679269744202446,17
4,protcrea,17142,22.439415354101037,36.87435173021417,17
4,splanchnic,11107,0.01008373098046277,0.09991020643546095,17
5,raza,10662,2.902832489214031,0.5958443012470784,17
5,ant_inf,4291,0.03985085061757166,0.19560869183813803,17
5,ant_isq,4306,0.042034370645610775,0.2006675916286389,17
5,ant_clau,4318,0.025011579434923575,0.15616017523393755,17
5,fum_act,4443,0.21246905244204367,0.4090549525386825,17
5,diabetes,4273,0.10648256494266324,0.3084542564236953,17
5,hip_art,4153,0.3404767637852155,0.47386953595642967,17
5,insf_car,128,0.03125,0.17399263633843817,17
5,fibr_aur,9216,0.024739583333333332,0.15533041025448424,17
5,trat_est,4363,0.18771487508595003,0.3904843156356171,17
5,var171,746,0.029490616621983913,0.16917718567596246,17
5,tv_l_esu,9887,0.0165874380499646,0.12771959500759147,17
5,tvp_orig,16615,0.24646403851941018,0.4309518722967947,17
5,tv_l_ein,4494,0.8130841121495327,0.3898439927965273,17
5,tvp_prox,6740,0.8394658753709199,0.3671006938956328,17
5,tv_l_svc,11196,0.005091103965702036,0.0711701104826489,17
5,tv_l_vre,11826,0.005834601725012684,0.07616140195481674,17
5,tv_l_vrn,11768,0.007307953772943576,0.08517363197959855,17
5,tv_l_vca,14676,0.043949304987735076,0.2049823494324087,17
5,tv_l_yug,14741,0.0191981548063225,0.13722093739060007,17
5,tv_l_ova,14749,0.005627500169503017,0.07480528999572998,17
5,tv_l_sup,14744,0.007731958762886598,0.0875909560204455,17
5,tv_l_pul,14751,0.0037963527896413803,0.06149748364882876,17
5,tv_l_ove,11797,0.037551919979655846,0.1901098979156461,17
5,fr_antfa,12643,0.1286878114371589,0.3348540855726164,17
5,fr_tvs_a,9819,0.042672369895101335,0.20211738852121802,17
5,fr_viaje,310,0.054838709677419356,0.22766516114314694,17
5,fr_estro,211,0.09004739336492891,0.2862496468349099,17
5,fr_varic,617,0.18962722852512157,0.3920060493500105,17
5,fr_antec,68,0.04411764705882353,0.20535647123189618,17
5,ana_dime,1157,1.5669835782195334,0.5746433809657963,17
5,ana_crea,547,0.9250457038391224,0.26331758324864096,17
5,ana_trop,11678,0.881657818119541,0.32301286331697593,17
5,peso,11,82.22727272727273,14.977807274224142,17
5,tension_,768,129.04296875,21.590518693086636,17
5,ana_hemo,34,13.899999999999999,1.4237481601496145,17
5,ana_plaq,23,226.2173913043478,88.14018306910631,17
5,ana_leuc,79,8.450253164556962,3.3670604595758826,17
5,ana_neu,14913,6.79263347415007,3.3492539456012653,17
5,protcrea,17142,27.212203360168008,42.62876631772848,17
5,splanchnic,11107,0.008733231295579364,0.09304279642571625,17
1,raza,10662,2.919058338022885,0.6124411506275266,18
1,ant_inf,4291,0.032160335586110464,0.17642575889336345,18
1,ant_isq,4306,0.03204830469112866,0.17612839310444312,18
1,ant_clau,4318,0.018527095877721167,0.13484747901261965,18
1,fum_act,4443,0.20594193112761647,0.4043882443037193,18
1,diabetes,4273,0.093142990872923,0.29063271344459757,18
1,hip_art,4153,0.33156754153623885,0.4707764936101349,18
1,insf_car,128,0.0390625,0.19374369949433196,18
1,fibr_aur,9216,0.026692708333333332,0.16118376982551602,18
1,trat_est,4363,0.17831767132706852,0.38277993602011073,18
1,var171,746,0.024128686327077747,0.15344866510728344,18
1,tv_l_esu,9887,0.04248002427429959,0.20168160999941098,18
1,tvp_orig,16615,0.22082455612398436,0.41480244880741685,18
1,tv_l_ein,4494,0.8135291499777481,0.3894861642141229,18
1,tvp_prox,6740,0.8529673590504451,0.354138452367085,18
1,tv_l_svc,11196,0.005805644873168989,0.07597328057136689,18
1,tv_l_vre,11826,0.007779468966683578,0.08785754850483812,18
1,tv_l_vrn,11768,0.006883072739632903,0.08267826830125208,18
1,tv_l_vca,14676,0.03733987462523849,0.18959327094654482,18
1,tv_l_yug,14741,0.01831626076928295,0.1340924135091713,18
1,tv_l_ova,14749,0.008136144823377857,0.08983288913750286,18
1,tv_l_sup,14744,0.006239826370048833,0.07874573599199183,18
1,tv_l_pul,14751,0.005762321198562809,0.07569092979325463,18
1,tv_l_ove,11797,0.030177163685682802,0.17107455239622957,18
1,fr_antfa,12643,0.13414537688839673,0.3408084428940497,18
1,fr_tvs_a,9819,0.04766269477543538,0.21305154846228896,18
1,fr_viaje,310,0.05161290322580645,0.22124423483202896,18
1,fr_estro,211,0.07109004739336493,0.25697519832655846,18
1,fr_varic,617,0.21231766612641814,0.4089484989299374,18
1,fr_antec,68,0.04411764705882353,0.20535647123189618,18
1,ana_dime,1157,1.603284356093345,0.5507184899593428,18
1,ana_crea,547,0.9213893967093236,0.2691300361181418,18
1,ana_trop,11678,0.877290631957527,0.3281033054345688,18
1,peso,11,86.27272727272727,13.837307338502143,18
1,tension_,768,129.7578125,20.337547157450192,18
1,ana_hemo,34,14.219411764705882,1.4817595684472975,18
1,ana_plaq,23,251.7391304347826,103.80551103377404,18
1,ana_leuc,79,8.58493670886076,3.1338559067218608,18
1,ana_neu,14913,6.637467645678266,3.3594934912641383,18
1,protcrea,17142,21.848385835958467,28.879446665707153,18
1,splanchnic,11107,0.015665796344647518,0.12417881932735368,18
2,raza,10662,2.920465203526543,0.6316953880396319,18
2,ant_inf,4291,0.03658820787695176,0.18774853107629025,18
2,ant_isq,4306,0.03785415699024617,0.19084344313809676,18
2,ant_clau,4318,0.02269569245020843,0.14893152115792674,18
2,fum_act,4443,0.20841773576412334,0.40617703428810376,18
2,diabetes,4273,0.10765270301895624,0.30994128242566954,18
2,hip_art,4153,0.3368649169275223,0.4726382810045498,18
2,insf_car,128,0.0234375,0.15128841196122722,18
2,fibr_aur,9216,0.027994791666666668,0.16495782280997345,18
2,trat_est,4363,0.18588127435250973,0.3890108304374015,18
2,var171,746,0.03485254691689008,0.18340623460039757,18
2,tv_l_esu,9887,0.022251441286537877,0.14750021914292075,18
2,tvp_orig,16615,0.25561239843514894,0.4362048832846552,18
2,tv_l_ein,4494,0.8222073876279484,0.38233806945944193,18
2,tvp_prox,6740,0.8525222551928784,0.35458152742878063,18
2,tv_l_svc,11196,0.006073597713469096,0.0776962619711144,18
2,tv_l_vre,11826,0.0066801961779130725,0.08145901519744556,18
2,tv_l_vrn,11768,0.00535350101971448,0.07297150845738626,18
2,tv_l_vca,14676,0.05049059689288635,0.2189550102607529,18
2,tv_l_yug,14741,0.014924360626823147,0.1212502539655224,18
2,tv_l_ova,14749,0.006237711031256356,0.07873247101639132,18
2,tv_l_sup,14744,0.0056972327726532825,0.0752646949863446,18
2,tv_l_pul,14751,0.004948817029353942,0.07017354372813103,18
2,tv_l_ove,11797,0.026956005764177334,0.16195486876725557,18
2,fr_antfa,12643,0.13303804476785572,0.3396158468213781,18
2,fr_tvs_a,9819,0.050616152357673895,0.21921258512726555,18
2,fr_viaje,310,0.041935483870967745,0.20044175977943207,18
2,fr_estro,211,0.07582938388625593,0.2647249297396955,18
2,fr_varic,617,0.23014586709886548,0.4209260587753826,18
2,fr_antec,68,0.0,0.0,18
2,ana_dime,1157,1.5834053586862575,0.5618230165185829,18
2,ana_crea,547,0.923217550274223,0.266245948588679,18
2,ana_trop,11678,0.8819147114231889,0.3227090844685695,18
2,peso,11,91.76363636363637,19.669416626153993,18
2,tension_,768,130.94791666666666,20.673740283905786,18
2,ana_hemo,34,14.064705882352943,1.6093261931155385,18
2,ana_plaq,23,239.08695652173913,108.65778470820102,18
2,ana_leuc,79,8.731772151898735,3.2792588540140506,18
2,ana_neu,14913,6.610829343525783,3.316327603984806,18
2,protcrea,17142,24.15774063703185,39.553999630050534,18
2,splanchnic,11107,0.013414963536508508,0.11504347999701094,18
3,raza,10662,2.9034890264490714,0.652088560356163,18
3,ant_inf,4291,0.03588907014681892,0.1860135607712933,18
3,ant_isq,4306,0.04505341384115188,0.2074213194018633,18
3,ant_clau,4318,0.02477999073645206,0.1554539893201632,18
3,fum_act,4443,0.1994148098131893,0.3995604377817689,18
3,diabetes,4273,0.10929089632576644,0.31200384021046446,18
3,hip_art,4153,0.3407175535757284,0.4739505272294768,18
3,insf_car,128,0.0234375,0.15128841196122722,18
3,fibr_aur,9216,0.025499131944444444,0.15763542182683513,18
3,trat_est,4363,0.18381847352738942,0.38733608445050643,18
3,var171,746,0.03753351206434316,0.19006511393851047,18
3,tv_l_esu,9887,0.018408010518863153,0.13442155953417806,18
3,tvp_orig,16615,0.20012037315678605,0.40009025157378525,18
3,tv_l_ein,4494,0.8144192256341789,0.3887679906468681,18
3,tvp_prox,6740,0.8483679525222552,0.3586638672287073,18
3,tv_l_svc,11196,0.00669882100750268,0.08157172797368045,18
3,tv_l_vre,11826,0.0076103500761035,0.08690473317272572,18
3,tv_l_vrn,11768,0.006798096532970768,0.0821698388491737,18
3,tv_l_vca,14676,0.04708367402562006,0.2118178502059475,18
3,tv_l_yug,14741,0.019469506817719286,0.13816817695111297,18
3,tv_l_ova,14749,0.007119126720455624,0.08407404329038612,18
3,tv_l_sup,14744,0.005154639175257732,0.07161053602809177,18
3,tv_l_pul,14751,0.00569452918446207,0.07524693695978182,18
3,tv_l_ove,11797,0.026023565313215223,0.15920533710150558,18
3,fr_antfa,12643,0.13177252234438028,0.33824329217204013,18
3,fr_tvs_a,9819,0.05000509216824524,0.2179554608755893,18
3,fr_viaje,310,0.025806451612903226,0.1585574932573485,18
3,fr_estro,211,0.07582938388625593,0.2647249297396956,18
3,fr_varic,617,0.20097244732576985,0.40072749187154666,18
3,fr_antec,68,0.0,0.0,18
3,ana_dime,1157,1.585133967156439,0.5722359851277269,18
3,ana_crea,547,0.9159049360146252,0.2775303302319775,18
3,ana_trop,11678,0.8713820859736257,0.3347765616316031,18
3,peso,11,90.5,19.05375171837438,18
3,tension_,768,129.73828125,21.295001202455122,18
3,ana_hemo,34,13.723529411764707,1.8089741687632233,18
3,ana_plaq,23,263.30434782608694,109.36076507421731,18
3,ana_leuc,79,8.455696202531644,3.3344559776972273,18
3,ana_neu,14913,6.608463488231744,3.3233388931419925,18
3,protcrea,17142,21.004138956947845,35.7563869802942,18
3,splanchnic,11107,0.01377509678581075,0.11655618170801707,18
4,raza,10662,2.915119114612643,0.6158799271509492,18
4,ant_inf,4291,0.03798648333721743,0.19116356980577845,18
4,ant_isq,4306,0.03831862517417557,0.1919643408004117,18
4,ant_clau,4318,0.03265400648448356,0.1777293513885505,18
4,fum_act,4443,0.2117938329957236,0.40857949691669937,18
4,diabetes,4273,0.10999297917154224,0.31288100566271343,18
4,hip_art,4153,0.3366241271370094,0.47255510172492676,18
4,insf_car,128,0.0234375,0.15128841196122722,18
4,fibr_aur,9216,0.022677951388888888,0.14887465166942318,18
4,trat_est,4363,0.18886087554435022,0.3913980649325846,18
4,var171,746,0.029490616621983913,0.16917718567596246,18
4,tv_l_esu,9887,0.013249721856983919,0.11434232255685767,18
4,tvp_orig,16615,0.21625037616611495,0.41168695749820483,18
4,tv_l_ein,4494,0.8110814419225634,0.3914439123187111,18
4,tvp_prox,6740,0.8514836795252225,0.3556110558284299,18
4,tv_l_svc,11196,0.0055376920328688815,0.07420933903369563,18
4,tv_l_vre,11826,0.007018433959073228,0.08348158805290755,18
4,tv_l_vrn,11768,0.008412644459551326,0.09133384845033359,18
4,tv_l_vca,14676,0.04551648950667757,0.20843401519345658,18
4,tv_l_yug,14741,0.01607760667525948,0.1257740722043106,18
4,tv_l_ova,14749,0.004474879652857821,0.06674470095033959,18
4,tv_l_sup,14744,0.0065111231687466084,0.08042840570238864,18
4,tv_l_pul,14751,0.003389600705036947,0.05812152193548755,18
4,tv_l_ove,11797,0.03246588115622616,0.17723387858131398,18
4,fr_antfa,12643,0.133512615676659,0.34012791289724476,18
4,fr_tvs_a,9819,0.03737651492005296,0.18968265880803128,18
4,fr_viaje,310,0.04838709677419355,0.21458281767177534,18
4,fr_estro,211,0.07582938388625593,0.2647249297396955,18
4,fr_varic,617,0.20421393841166938,0.403126042039043,18
4,fr_antec,68,0.029411764705882353,0.16895772489817729,18
4,ana_dime,1157,1.616248919619706,0.5559566030140071,18
4,ana_crea,547,0.9360146252285192,0.24472688161874237,18
4,ana_trop,11678,0.8867956841924988,0.3168423877735692,18
4,peso,11,90.72727272727273,10.154183276685966,18
4,tension_,768,128.40755208333334,20.90141281228067,18
4,ana_hemo,34,14.188235294117646,1.8419562340528315,18
4,ana_plaq,23,223.30434782608697,77.74900238845999,18
4,ana_leuc,79,8.850506329113927,4.6876108996121335,18
4,ana_neu,14913,6.612157580634346,3.3551314369598355,18
4,protcrea,17142,31.754693734686732,44.42541308937222,18
4,splanchnic,11107,0.013414963536508508,0.11504347999701094,18
5,raza,10662,2.91455636841118,0.6203544931788157,18
5,ant_inf,4291,0.041482171987881615,0.19940261130448975,18
5,ant_isq,4306,0.03715745471435207,0.18914750401076655,18
5,ant_clau,4318,0.025011579434923575,0.15616017523393755,18
5,fum_act,4443,0.21246905244204367,0.4090549525386825,18
5,diabetes,4273,0.11233325532412824,0.3157760204201903,18
5,hip_art,4153,0.33493859860341924,0.47196899661841857,18
5,insf_car,128,0.03125,0.17399263633843817,18
5,fibr_aur,9216,0.024631076388888888,0.15499802084160177,18
5,trat_est,4363,0.18771487508595003,0.3904843156356171,18
5,var171,746,0.021447721179624665,0.1448713789394777,18
5,tv_l_esu,9887,0.01173257813290179,0.10767973227704994,18
5,tvp_orig,16615,0.2003009328919651,0.4002255228924982,18
5,tv_l_ein,4494,0.8093012906097018,0.39285202255706003,18
5,tvp_prox,6740,0.857566765578635,0.3494939314975776,18
5,tv_l_svc,11196,0.005984280100035727,0.07712631517011585,18
5,tv_l_vre,11826,0.006426517842042956,0.07990755728007747,18
5,tv_l_vrn,11768,0.005693405846363018,0.07523955725701487,18
5,tv_l_vca,14676,0.044426274189152355,0.20604023963979132,18
5,tv_l_yug,14741,0.021233294891798385,0.14416116703133447,18
5,tv_l_ova,14749,0.004407078445996339,0.06623938485196836,18
5,tv_l_sup,14744,0.005900705371676614,0.07658907916794196,18
5,tv_l_pul,14751,0.003999728831943597,0.06311680442809597,18
5,tv_l_ove,11797,0.03339832160718827,0.17967435465589152,18
5,fr_antfa,12643,0.13897018112789686,0.3459154085685927,18
5,fr_tvs_a,9819,0.045829514207149404,0.2091152070861564,18
5,fr_viaje,310,0.04516129032258064,0.20765776696040106,18
5,fr_estro,211,0.07582938388625593,0.2647249297396956,18
5,fr_varic,617,0.18152350081037277,0.38545131918819436,18
5,fr_antec,68,0.10294117647058823,0.3038820341142915,18
5,ana_dime,1157,1.5790838375108038,0.5578184982426124,18
5,ana_crea,547,0.926873857404022,0.2603434459805177,18
5,ana_trop,11678,0.8734372324028087,0.332482531052882,18
5,peso,11,79.36363636363636,9.781919566896017,18
5,tension_,768,128.71484375,20.0287082624688,18
5,ana_hemo,34,14.026470588235295,1.3714116435971264,18
5,ana_plaq,23,259.2608695652174,111.95659772053142,18
5,ana_leuc,79,8.225822784810129,3.461477553685814,18
5,ana_neu,14913,6.5976645208878155,3.3005452538352453,18
5,protcrea,17142,28.65708552094272,43.1357892323556,18
5,splanchnic,11107,0.0159358962816242,0.12522756681867425,18
1,raza,10662,2.911179891202401,0.6091966471990858,19
1,ant_inf,4291,0.02866464693544628,0.16686217351908278,19
1,ant_isq,4306,0.03320947515095216,0.17918316302362355,19
1,ant_clau,4318,0.01875868457619268,0.13567164895129563,19
1,fum_act,4443,0.2104433941030835,0.40762356651874015,19
1,diabetes,4273,0.10461034402059444,0.30605068198663976,19
1,hip_art,4153,0.3448109800144474,0.47530660428393345,19
1,insf_car,128,0.0234375,0.15128841196122722,19
1,fibr_aur,9216,0.032660590277777776,0.17774666275484582,19
1,trat_est,4363,0.18336007334402935,0.3869614410342476,19
1,var171,746,0.030831099195710455,0.17285989274003014,19
1,tv_l_esu,9887,0.03762516435723678,0.19028796957329622,19
1,tvp_orig,16615,0.27553415588323804,0.4467830399925108,19
1,tv_l_ein,4494,0.8157543391188251,0.3876844042873455,19
1,tvp_prox,6740,0.8531157270029673,0.3539905130694407,19
1,tv_l_svc,11196,0.0053590568060021436,0.07300915912508639,19
1,tv_l_vre,11826,0.0091324200913242,0.09512633176255553,19
1,tv_l_vrn,11768,0.006203263086335826,0.07851612963854962,19
1,tv_l_vca,14676,0.04708367402562006,0.2118178502059475,19
1,tv_l_yug,14741,0.018384098772132148,0.13433586149821886,19
1,tv_l_ova,14749,0.007864939995931927,0.08833505937504268,19
1,tv_l_sup,14744,0.005358111774281063,0.07300275619793661,19
1,tv_l_pul,14751,0.004338688902447292,0.06572567748646697,19
1,tv_l_ove,11797,0.034754598626769516,0.18315762747169903,19
1,fr_antfa,12643,0.12433757810646208,0.32996627824230995,19
1,fr_tvs_a,9819,0.041857622975863124,0.2002637320501983,19
1,fr_viaje,310,0.03225806451612903,0.17668469596940845,19
1,fr_estro,211,0.0995260663507109,0.2993670463953319,19
1,fr_varic,617,0.23014586709886548,0.4209260587753826,19
1,fr_antec,68,0.014705882352941176,0.12037283488047723,19
1,ana_dime,1157,1.612791702679343,0.558218770756143,19
1,ana_crea,547,0.9396709323583181,0.2380955086497166,19
1,ana_trop,11678,0.8868813152937147,0.3167378219862688,19
1,peso,11,83.36363636363636,18.74844346156248,19
1,tension_,768,128.28776041666666,20.222956638251485,19
1,ana_hemo,34,13.485294117647058,2.0948301002202845,19
1,ana_plaq,23,276.1304347826087,220.13835656297093,19
1,ana_leuc,79,9.006962025316456,3.7193528613750386,19
1,ana_neu,14913,6.505045463689399,3.294548482583837,19
1,protcrea,17142,3.5567349200793377,7.8525997415986115,19
1,splanchnic,11107,0.014765463221391915,0.12061278670708857,19
2,raza,10662,2.908647533295817,0.6281568331831386,19
2,ant_inf,4291,0.03472384059659753,0.1830794786174016,19
2,ant_isq,4306,0.04110543427775198,0.19853407151063365,19
2,ant_clau,4318,0.024548402037980546,0.15474423412638746,19
2,fum_act,4443,0.19693900517668242,0.39768584764447057,19
2,diabetes,4273,0.11280131055464544,0.31634976670103593,19
2,hip_art,4153,0.3361425475559836,0.47238833101438577,19
2,insf_car,128,0.0078125,0.08804240366863003,19
2,fibr_aur,9216,0.024197048611111112,0.15366050712405785,19
2,trat_est,4363,0.1881732752693101,0.3908504749181335,19
2,var171,746,0.04423592493297587,0.20561884125317892,19
2,tv_l_esu,9887,0.028522302012744007,0.16645954553776068,19
2,tvp_orig,16615,0.2823954258200421,0.45016469130303766,19
2,tv_l_ein,4494,0.8155318202047174,0.3878655313872295,19
2,tvp_prox,6740,0.843620178041543,0.3632150509583796,19
2,tv_l_svc,11196,0.005984280100035727,0.07712631517011585,19
2,tv_l_vre,11826,0.008625063419583967,0.0924698421140218,19
2,tv_l_vrn,11768,0.005013596193065941,0.07062903118604145,19
2,tv_l_vca,14676,0.046197874080130825,0.20991338811664012,19
2,tv_l_yug,14741,0.014992198629672342,0.12152132574129032,19
2,tv_l_ova,14749,0.00922096413316157,0.0955821005921952,19
2,tv_l_sup,14744,0.005222463374932176,0.07207766124972194,19
2,tv_l_pul,14751,0.0064402413395701985,0.07999227857148646,19
2,tv_l_ove,11797,0.03356785623463592,0.18011400629170055,19
2,fr_antfa,12643,0.11990824962429802,0.3248542154510775,19
2,fr_tvs_a,9819,0.051023525817293004,0.22004573531533173,19
2,fr_viaje,310,0.04838709677419355,0.21458281767177534,19
2,fr_estro,211,0.08056872037914692,0.27217164010163464,19
2,fr_varic,617,0.1993517017828201,0.39951295445719115,19
2,fr_antec,68,0.04411764705882353,0.20535647123189615,19
2,ana_dime,1157,1.5773552290406223,0.5626879457458601,19
2,ana_crea,547,0.923217550274223,0.266245948588679,19
2,ana_trop,11678,0.879431409487926,0.32562525315768404,19
2,peso,11,73.72727272727273,13.16393771628942,19
2,tension_,768,128.40494791666666,21.168257646016137,19
2,ana_hemo,34,13.732352941176472,1.7296243366756727,19
2,ana_plaq,23,248.7391304347826,72.31766720897602,19
2,ana_leuc,79,8.412531645569619,3.036432979062823,19
2,ana_neu,14913,6.470536444712668,3.3192749531497907,19
2,protcrea,17142,6.253738186909345,16.611951624262243,19
2,splanchnic,11107,0.012424597100927344,0.11077105437706627,19
3,raza,10662,2.9106171450009377,0.6303029123518744,19
3,ant_inf,4291,0.038918666977394545,0.19340114875071762,19
3,ant_isq,4306,0.04551788202508128,0.20843705150724062,19
3,ant_clau,4318,0.02779064381658175,0.1643725157465251,19
3,fum_act,4443,0.19581363943281566,0.39682572754912315,19
3,diabetes,4273,0.11537561432249005,0.319474696873161,19
3,hip_art,4153,0.345533349385986,0.47554185288793255,19
3,insf_car,128,0.0,0.0,19
3,fibr_aur,9216,0.021158854166666668,0.1439137139296336,19
3,trat_est,4363,0.19046527618611048,0.39266812291483394,19
3,var171,746,0.02680965147453083,0.16152675958597396,19
3,tv_l_esu,9887,0.021745726711843834,0.1458521514466538,19
3,tvp_orig,16615,0.2500150466445983,0.4330213887279676,19
3,tv_l_ein,4494,0.8115264797507789,0.3910898265284941,19
3,tvp_prox,6740,0.8461424332344214,0.3608121615391507,19
3,tv_l_svc,11196,0.007770632368703108,0.08780802720306138,19
3,tv_l_vre,11826,0.007779468966683578,0.08785754850483811,19
3,tv_l_vrn,11768,0.008072739632902786,0.0894850295173564,19
3,tv_l_vca,14676,0.035977105478331974,0.1862330619404969,19
3,tv_l_yug,14741,0.01994437283766366,0.13980913714695448,19
3,tv_l_ova,14749,0.005695301376364499,0.07525200939906442,19
3,tv_l_sup,14744,0.0052902875746066195,0.07254171511609431,19
3,tv_l_pul,14751,0.003864144803742119,0.06204202759966692,19
3,tv_l_ove,11797,0.030770534881749596,0.17269542282539116,19
3,fr_antfa,12643,0.12686862295341295,0.33282574339031784,19
3,fr_tvs_a,9819,0.042264996435482226,0.2011931075156177,19
3,fr_viaje,310,0.01935483870967742,0.1377687516391137,19
3,fr_estro,211,0.061611374407582936,0.2404483581794469,19
3,fr_varic,617,0.22204213938411668,0.4156193303033934,19
3,fr_antec,68,0.0,0.0,19
3,ana_dime,1157,1.5730337078651686,0.555539909378418,19
3,ana_crea,547,0.9360146252285192,0.2447268816187424,19
3,ana_trop,11678,0.8766912142490152,0.32879131543823126,19
3,peso,11,85.0909090909091,14.330225814718567,19
3,tension_,768,130.20703125,21.064017070465376,19
3,ana_hemo,34,14.220588235294118,1.6890267667165968,19
3,ana_plaq,23,234.47826086956522,91.94321005510028,19
3,ana_leuc,79,8.747848101265824,2.991781430657245,19
3,ana_neu,14913,6.769966807483405,3.3280442114284887,19
3,protcrea,17142,7.277181775755455,24.27521376494982,19
3,splanchnic,11107,0.011884397226973981,0.1083658540755596,19
4,raza,10662,2.883605327330707,0.6776819906392841,19
4,ant_inf,4291,0.03821952924726171,0.19172583767291101,19
4,ant_isq,4306,0.04482117974918718,0.20691119253215431,19
4,ant_clau,4318,0.029643353404353867,0.1696013708768253,19
4,fum_act,4443,0.20234076074724286,0.4017449156958553,19
4,diabetes,4273,0.11584366955300726,0.32003736309609365,19
4,hip_art,4153,0.3337346496508548,0.4715462154161307,19
4,insf_car,128,0.0546875,0.22736925329461324,19
4,fibr_aur,9216,0.021809895833333332,0.14606239857359757,19
4,trat_est,4363,0.18290167316066927,0.38658589099409324,19
4,var171,746,0.029490616621983913,0.16917718567596246,19
4,tv_l_esu,9887,0.016182866390209365,0.12617837067265528,19
4,tvp_orig,16615,0.2826963587120072,0.45031003484597076,19
4,tv_l_ein,4494,0.8119715175789942,0.3907349129774038,19
4,tvp_prox,6740,0.8491097922848665,0.35794182897618626,19
4,tv_l_svc,11196,0.00759199714183637,0.08680068387538616,19
4,tv_l_vre,11826,0.007187552849653306,0.08447420868931975,19
4,tv_l_vrn,11768,0.005693405846363018,0.07523955725701487,19
4,tv_l_vca,14676,0.047424366312346686,0.21254480890442623,19
4,tv_l_yug,14741,0.021775998914591956,0.14595137815678083,19
4,tv_l_ova,14749,0.006373313444979321,0.07957822768013478,19
4,tv_l_sup,14744,0.0037981551817688553,0.0615120248324184,19
4,tv_l_pul,14751,0.0048132330011524645,0.06921030117857516,19
4,tv_l_ove,11797,0.03221157921505467,0.17656158523168886,19
4,fr_antfa,12643,0.11998734477576524,0.32494673697304133,19
4,fr_tvs_a,9819,0.045320297382625524,0.20800569229657132,19
4,fr_viaje,310,0.05161290322580645,0.22124423483202896,19
4,fr_estro,211,0.07582938388625593,0.2647249297396956,19
4,fr_varic,617,0.18314424635332252,0.38678473519646045,19
4,fr_antec,68,0.04411764705882353,0.20535647123189615,19
4,ana_dime,1157,1.5868625756266206,0.5643701494972034,19
4,ana_crea,547,0.926873857404022,0.2603434459805177,19
4,ana_trop,11678,0.872923445795513,0.33305870890280154,19
4,peso,11,79.2909090909091,11.436818895404482,19
4,tension_,768,129.72265625,21.020077387131632,19
4,ana_hemo,34,13.96764705882353,2.002897986923139,19
4,ana_plaq,23,218.08695652173913,63.220740297632695,19
4,ana_leuc,79,8.542151898734176,3.0476900033752794,19
4,ana_neu,14913,6.572803325957219,3.31223409528196,19
4,protcrea,17142,10.958703768521758,16.650404505297885,19
4,splanchnic,11107,0.014765463221391915,0.12061278670708857,19
5,raza,10662,2.9148377415119113,0.6520153790517935,19
5,ant_inf,4291,0.03588907014681892,0.1860135607712933,19
5,ant_isq,4306,0.03715745471435207,0.18914750401076655,19
5,ant_clau,4318,0.02779064381658175,0.1643725157465251,19
5,fum_act,4443,0.20189061444969614,0.40141100414266206,19
5,diabetes,4273,0.10835478586473204,0.31082796889105735,19
5,hip_art,4153,0.32771490488803273,0.46938027866779874,19
5,insf_car,128,0.0390625,0.19374369949433196,19
5,fibr_aur,9216,0.023763020833333332,0.15231001173333253,19
5,trat_est,4363,0.18611047444418977,0.3891957935876856,19
5,var171,746,0.04155495978552279,0.1995699002924699,19
5,tv_l_esu,9887,0.016789723879842216,0.1284827967156727,19
5,tvp_orig,16615,0.2586217273547999,0.4378772995883886,19
5,tv_l_ein,4494,0.8093012906097018,0.39285202255706003,19
5,tvp_prox,6740,0.858160237388724,0.3488857181852717,19
5,tv_l_svc,11196,0.008127902822436585,0.0897877498222648,19
5,tv_l_vre,11826,0.008540503974293928,0.092019366256017,19
5,tv_l_vrn,11768,0.005863358259687287,0.07634775235464264,19
5,tv_l_vca,14676,0.05682747342600163,0.23151265989145972,19
5,tv_l_yug,14741,0.01906247880062411,0.13674465511529094,19
5,tv_l_ova,14749,0.007051325513594142,0.08367558976245988,19
5,tv_l_sup,14744,0.005222463374932176,0.07207766124972194,19
5,tv_l_pul,14751,0.003931936817842858,0.06258176004798323,19
5,tv_l_ove,11797,0.030770534881749596,0.17269542282539116,19
5,fr_antfa,12643,0.1203037253816341,0.3253163676191754,19
5,fr_tvs_a,9819,0.048782971789387924,0.21541400477402506,19
5,fr_viaje,310,0.05161290322580645,0.22124423483202896,19
5,fr_estro,211,0.09004739336492891,0.2862496468349099,19
5,fr_varic,617,0.19611021069692058,0.39705288811105505,19
5,fr_antec,68,0.029411764705882353,0.1689577248981773,19
5,ana_dime,1157,1.5929127052722558,0.5649377048464358,19
5,ana_crea,547,0.9213893967093236,0.2691300361181418,19
5,ana_trop,11678,0.877376263058743,0.32800481106200025,19
5,peso,11,77.0,12.67782602528023,19
5,tension_,768,129.04166666666666,20.666834676736432,19
5,ana_hemo,34,13.438235294117648,1.7442366788069508,19
5,ana_plaq,23,235.91304347826087,142.4954348753056,19
5,ana_leuc,79,8.649113924050633,3.2191815100451,19
5,ana_neu,14913,6.7961927177630255,3.3394955792263863,19
5,protcrea,17142,59.73065453272663,78.34898778575653,19
5,splanchnic,11107,0.012154497163950662,0.10957538666435165,19
1,raza,10662,2.904708309885575,0.6610519264689061,20
1,ant_inf,4291,0.03239338149615474,0.17704250995565818,20
1,ant_isq,4306,0.03831862517417557,0.1919643408004117,20
1,ant_clau,4318,0.018990273274664196,0.1364904494666853,20
1,fum_act,4443,0.19131217645734863,0.3933342441187914,20
1,diabetes,4273,0.09384507371869881,0.2916130584480585,20
1,hip_art,4153,0.3334938598603419,0.4714612447442446,20
1,insf_car,128,0.0234375,0.15128841196122722,20
1,fibr_aur,9216,0.028428819444444444,0.16619452960142708,20
1,trat_est,4363,0.1842768737107495,0.38770982387107755,20
1,var171,746,0.04825737265415549,0.2143095859700948,20
1,tv_l_esu,9887,0.03337716192980682,0.17961939480835099,20
1,tvp_orig,16615,0.19927776105928377,0.3994573006048116,20
1,tv_l_ein,4494,0.810636404094348,0.39179717259231583,20
1,tvp_prox,6740,0.8504451038575668,0.3566345877537108,20
1,tv_l_svc,11196,0.007859949982136478,0.08830725433629329,20
1,tv_l_vre,11826,0.007779468966683578,0.08785754850483811,20
1,tv_l_vrn,11768,0.006118286879673691,0.07797982716915772,20
1,tv_l_vca,14676,0.041632597437994,0.19974815210299177,20
1,tv_l_yug,14741,0.018519774777830542,0.134821336293663,20
1,tv_l_ova,14749,0.00508509051461116,0.07112828107770756,20
1,tv_l_sup,14744,0.012479652740097666,0.11101311187235605,20
1,tv_l_pul,14751,0.002982848620432513,0.05453394570852265,20
1,tv_l_ove,11797,0.031024836822921082,0.17338482148974918,20
1,fr_antfa,12643,0.1233884362888555,0.32888254754402296,20
1,fr_tvs_a,9819,0.051329055912007336,0.22066804012178423,20
1,fr_viaje,310,0.02258064516129032,0.14856230889896072,20
1,fr_estro,211,0.07582938388625593,0.2647249297396956,20
1,fr_varic,617,0.19286871961102106,0.3945508542718244,20
1,fr_antec,68,0.029411764705882353,0.16895772489817729,20
1,ana_dime,1157,1.595505617977528,0.5781206918321914,20
1,ana_crea,547,0.9140767824497258,0.28025063467561045,20
1,ana_trop,11678,0.8784038362733345,0.3268188132492123,20
1,peso,11,81.45454545454545,13.773252315224713,20
1,tension_,768,129.39453125,21.920115887226512,20
1,ana_hemo,34,13.585294117647058,2.162396866352811,20
1,ana_plaq,23,231.7391304347826,79.58600346210346,20
1,ana_leuc,79,8.728101265822785,3.4673917078357355,20
1,ana_neu,14913,6.9780890498223025,3.366616460880551,20
1,protcrea,17142,17.426247345700624,31.069134706362945,20
1,splanchnic,11107,0.013595030161159628,0.11580244088997776,20
2,raza,10662,2.9055524291877695,0.6421021633376025,20
2,ant_inf,4291,0.03868562106735027,0.19284461047689058,20
2,ant_isq,4306,0.03669298653042267,0.188006944738488,20
2,ant_clau,4318,0.023622047244094488,0.1518685159211489,20
2,fum_act,4443,0.20324105334233625,0.4024103969564329,20
2,diabetes,4273,0.10554645448162883,0.30725624554756625,20
2,hip_art,4153,0.3351793883939321,0.4720531389470911,20
2,insf_car,128,0.015625,0.12401959270615269,20
2,fibr_aur,9216,0.028754340277777776,0.16711531405878863,20
2,trat_est,4363,0.1719000687600275,0.3772935662323509,20
2,var171,746,0.03351206434316354,0.17996945820506102,20
2,tv_l_esu,9887,0.023667442095681196,0.15201083606219912,20
2,tvp_orig,16615,0.22630153475774903,0.41843655447873623,20
2,tv_l_ein,4494,0.8264352469959947,0.37873477463610855,20
2,tvp_prox,6740,0.8691394658753709,0.3372477646082267,20
2,tv_l_svc,11196,0.005448374419435513,0.07361174930417803,20
2,tv_l_vre,11826,0.007187552849653306,0.08447420868931975,20
2,tv_l_vrn,11768,0.005948334466349422,0.07689572018926581,20
2,tv_l_vca,14676,0.04326792041428182,0.20345959667045738,20
2,tv_l_yug,14741,0.017095176717997422,0.12962612256400272,20
2,tv_l_ova,14749,0.004746084480303749,0.06872815407392786,20
2,tv_l_sup,14744,0.009291915355398807,0.09594569122387368,20
2,tv_l_pul,14751,0.003050640634533252,0.055148293049306504,20
2,tv_l_ove,11797,0.03280495041112147,0.178125757934234,20
2,fr_antfa,12643,0.13525270900893777,0.34199329483877516,20
2,fr_tvs_a,9819,0.047051634586006724,0.21174932885086467,20
2,fr_viaje,310,0.03225806451612903,0.17668469596940845,20
2,fr_estro,211,0.07582938388625593,0.2647249297396955,20
2,fr_varic,617,0.18638573743922204,0.3894176348323987,20
2,fr_antec,68,0.04411764705882353,0.20535647123189615,20
2,ana_dime,1157,1.5842696629213484,0.5708518463488005,20
2,ana_crea,547,0.9085923217550275,0.2881879848342678,20
2,ana_trop,11678,0.8813152937146772,0.3234171405156033,20
2,peso,11,92.3,29.250112664895678,20
2,tension_,768,129.359375,21.34844880257209,20
2,ana_hemo,34,14.047058823529412,2.1852763042580126,20
2,ana_plaq,23,227.65217391304347,70.3065391823253,20
2,ana_leuc,79,8.905569620253164,3.733237217023684,20
2,ana_neu,14913,6.491303158318245,3.362129624675036,20
2,protcrea,17142,17.567858942947147,31.600656988704785,20
2,splanchnic,11107,0.012874763662555145,0.1127342189540891,20
3,raza,10662,2.8961733258300506,0.6412377732125464,20
3,ant_inf,4291,0.039384758797483106,0.19450861053420532,20
3,ant_isq,4306,0.03855085926614027,0.19252192216987266,20
3,ant_clau,4318,0.023390458545622973,0.15114015017409657,20
3,fum_act,4443,0.20594193112761647,0.4043882443037193,20
3,diabetes,4273,0.10765270301895624,0.30994128242566954,20
3,hip_art,4153,0.34360703106188295,0.47491182262260134,20
3,insf_car,128,0.046875,0.21137108216357317,20
3,fibr_aur,9216,0.029513888888888888,0.1692418956746326,20
3,trat_est,4363,0.17808847123538848,0.3825872026720584,20
3,var171,746,0.030831099195710455,0.17285989274003014,20
3,tv_l_esu,9887,0.02154344088196622,0.14518719308854844,20
3,tvp_orig,16615,0.18609690039121277,0.3891848456145175,20
3,tv_l_ein,4494,0.8235425011125945,0.3812089321799881,20
3,tvp_prox,6740,0.8507418397626113,0.35634275892732653,20
3,tv_l_svc,11196,0.00669882100750268,0.08157172797368045,20
3,tv_l_vre,11826,0.007864028411973617,0.08832998057912891,20
3,tv_l_vrn,11768,0.005268524813052345,0.07239314511296355,20
3,tv_l_vca,14676,0.041973289724720635,0.20052813437122807,20
3,tv_l_yug,14741,0.016213282680957872,0.1262949410929243,20
3,tv_l_ova,14749,0.005695301376364499,0.07525200939906442,20
3,tv_l_sup,14744,0.008613673358654367,0.09240929601465846,20
3,tv_l_pul,14751,0.005965697240865026,0.07700719250365747,20
3,tv_l_ove,11797,0.03195727727388319,0.1758863545108697,20
3,fr_antfa,12643,0.12259748477418335,0.3279746049639015,20
3,fr_tvs_a,9819,0.046135044301863735,0.20977750591788624,20
3,fr_viaje,310,0.054838709677419356,0.22766516114314694,20
3,fr_estro,211,0.09004739336492891,0.2862496468349099,20
3,fr_varic,617,0.1912479740680713,0.39328384976112307,20
3,fr_antec,68,0.029411764705882353,0.16895772489817729,20
3,ana_dime,1157,1.578219533275713,0.5807121162882094,20
3,ana_crea,547,0.923217550274223,0.266245948588679,20
3,ana_trop,11678,0.8873951019010105,0.3161092137586403,20
3,peso,11,87.32727272727273,12.32507355014683,20
3,tension_,768,130.484375,21.607104002141867,20
3,ana_hemo,34,13.382352941176471,2.0196782778504008,20
3,ana_plaq,23,222.2173913043478,64.4447566064476,20
3,ana_leuc,79,8.87227848101266,5.132324207466788,20
3,ana_neu,14913,6.514003419835043,3.3237786688291004,20
3,protcrea,17142,18.238466456656166,33.04061568382467,20
3,splanchnic,11107,0.013595030161159628,0.11580244088997776,20
4,raza,10662,2.9048958919527292,0.6801003789578746,20
4,ant_inf,4291,0.04124912607783733,0.19886587358230173,20
4,ant_isq,4306,0.04017649790989317,0.19637297911268117,20
4,ant_clau,4318,0.028022232515053265,0.16503632024474357,20
4,fum_act,4443,0.2183209543101508,0.41310642117892077,20
4,diabetes,4273,0.11631172478352446,0.32059835848208285,20
4,hip_art,4153,0.335420178184445,0.47213714347757074,20
4,insf_car,128,0.0234375,0.15128841196122722,20
4,fibr_aur,9216,0.023003472222222224,0.14991435050702676,20
4,trat_est,4363,0.18542287416914965,0.3886402345408943,20
4,var171,746,0.030831099195710455,0.17285989274003014,20
4,tv_l_esu,9887,0.017497724284413877,0.13111656618932832,20
4,tvp_orig,16615,0.19813421606981643,0.39859383900433754,20
4,tv_l_ein,4494,0.82688028482421,0.3783507359491234,20
4,tvp_prox,6740,0.8400593471810089,0.3665510065390983,20
4,tv_l_svc,11196,0.00660950339406931,0.08102973441245565,20
4,tv_l_vre,11826,0.008878741755454084,0.09380783389618395,20
4,tv_l_vrn,11768,0.004333786539768865,0.06568869639440703,20
4,tv_l_vca,14676,0.04231398201144726,0.2013045179269014,20
4,tv_l_yug,14741,0.017366528729394207,0.13063281520845108,20
4,tv_l_ova,14749,0.004610482066580785,0.06774382275672464,20
4,tv_l_sup,14744,0.007121540965816604,0.08408819548598247,20
4,tv_l_pul,14751,0.0044742729306487695,0.06674019637662772,20
4,tv_l_ove,11797,0.03416122743070272,0.18164316109099873,20
4,fr_antfa,12643,0.12568219568140473,0.33149084658570266,20
4,fr_tvs_a,9819,0.05071799572257867,0.21942124015797368,20
4,fr_viaje,310,0.025806451612903226,0.1585574932573485,20
4,fr_estro,211,0.061611374407582936,0.24044835817944687,20
4,fr_varic,617,0.20745542949756887,0.40548449325411706,20
4,fr_antec,68,0.029411764705882353,0.16895772489817729,20
4,ana_dime,1157,1.598962834917891,0.5577448382391862,20
4,ana_crea,547,0.9177330895795247,0.2747709334524756,20
4,ana_trop,11678,0.8760917965405035,0.32947679823462,20
4,peso,11,79.18181818181819,17.156065356380427,20
4,tension_,768,128.56380208333334,22.008901895085444,20
4,ana_hemo,34,13.73235294117647,1.995394784502746,20
4,ana_plaq,23,256.4782608695652,61.091427965701286,20
4,ana_leuc,79,8.44645569620253,3.6082623322263805,20
4,ana_neu,14913,6.404152417353987,3.220123618005797,20
4,protcrea,17142,20.359760121339402,34.052944865012186,20
4,splanchnic,11107,0.01395516341046187,0.11730480307578703,20
5,raza,10662,2.898799474770212,0.6207054392288064,20
5,ant_inf,4291,0.03239338149615474,0.17704250995565818,20
5,ant_isq,4306,0.040640966093822575,0.1974570281574787,20
5,ant_clau,4318,0.024085224641037517,0.15331381736499902,20
5,fum_act,4443,0.19581363943281566,0.39682572754912315,20
5,diabetes,4273,0.11233325532412824,0.3157760204201904,20
5,hip_art,4153,0.34168071273777995,0.474273131518941,20
5,insf_car,128,0.0390625,0.19374369949433196,20
5,fibr_aur,9216,0.028103298611111112,0.16526797396436443,20
5,trat_est,4363,0.19642447856979142,0.3972932201641213,20
5,var171,746,0.040214477211796246,0.19646188697652828,20
5,tv_l_esu,9887,0.017194295539597452,0.1299948142830876,20
5,tvp_orig,16615,0.2337646704784833,0.4232242305381031,20
5,tv_l_ein,4494,0.80173564753004,0.39869236136352976,20
5,tvp_prox,6740,0.8584569732937686,0.3485808346668969,20
5,tv_l_svc,11196,0.005805644873168989,0.0759732805713669,20
5,tv_l_vre,11826,0.008625063419583967,0.0924698421140218,20
5,tv_l_vrn,11768,0.004588715159755268,0.06758445718460644,20
5,tv_l_vca,14676,0.04292722812755519,0.2026930714475461,20
5,tv_l_yug,14741,0.01539922664676752,0.1231344406145129,20
5,tv_l_ova,14749,0.003051054308766696,0.05515202060098661,20
5,tv_l_sup,14744,0.007596310363537711,0.08682514861719802,20
5,tv_l_pul,14751,0.004881025015253203,0.06969361957922458,20
5,tv_l_ove,11797,0.028990421293549208,0.16777954811827253,20
5,fr_antfa,12643,0.11263149568931424,0.31614180658068974,20
5,fr_tvs_a,9819,0.04990324880334046,0.21774506782522624,20
5,fr_viaje,310,0.035483870967741936,0.18499936721212476,20
5,fr_estro,211,0.0995260663507109,0.29936704639533196,20
5,fr_varic,617,0.19773095623987033,0.3982881183067564,20
5,fr_antec,68,0.029411764705882353,0.16895772489817729,20
5,ana_dime,1157,1.5790838375108038,0.5715933460190706,20
5,ana_crea,547,0.9085923217550275,0.2881879848342678,20
5,ana_trop,11678,0.8808871382085973,0.3239212681304901,20
5,peso,11,86.72727272727273,15.214173470161477,20
5,tension_,768,130.68880208333334,20.68163385164066,20
5,ana_hemo,34,14.458823529411765,1.6155708601458028,20
5,ana_plaq,23,250.34782608695653,73.55010637278518,20
5,ana_leuc,79,8.33987341772152,3.6986910081609072,20
5,ana_neu,14913,6.514065379199357,3.3629915212183805,20
5,protcrea,17142,18.60629623147824,33.89947596068124,20
5,splanchnic,11107,0.012334563788601783,0.11037401109295022,20
