iteration,variable,missing_n,imputed_mean,imputed_sd,imputation
1,raza,546,2.871794871794872,0.7071399872623687,1
1,ant_inf,31,0.03225806451612903,0.17668469596940847,1
1,ant_isq,31,0.03225806451612903,0.17668469596940847,1
1,ant_clau,32,0.0,0.0,1
1,fum_act,39,0.3333333333333333,0.4714045207910317,1
1,diabetes,30,0.16666666666666666,0.37267799624996495,1
1,hip_art,31,0.2903225806451613,0.4539112025635577,1
1,insf_car,6,0.0,0.0,1
1,fibr_aur,241,0.016597510373443983,0.12775771218539964,1
1,trat_est,37,0.2702702702702703,0.4440993709501347,1
1,var171,26,0.0,0.0,1
1,tv_l_esu,463,0.012958963282937365,0.11309742947374553,1
1,tvp_orig,1618,0.22991347342398022,0.42077698150219783,1
1,tv_l_ein,355,0.7690140845070422,0.42146342941806697,1
1,tvp_prox,685,0.8423357664233576,0.3644258813906228,1
1,tv_l_svc,600,0.0,0.0,1
1,tv_l_vre,621,0.008051529790660225,0.08936835378751438,1
1,tv_l_vrn,611,0.0,0.0,1
1,tv_l_vca,1173,0.0392156862745098,0.1941077438551307,1
1,tv_l_yug,1183,0.006762468300929839,0.08195570342208501,1
1,tv_l_ova,1187,0.0016849199663016006,0.04101318094233559,1
1,tv_l_sup,1184,0.008445945945945946,0.09151290588230769,1
1,tv_l_pul,1184,0.002533783783783784,0.05027289253186869,1
1,tv_l_ove,611,0.022913256955810146,0.14962700161229978,1
1,fr_antfa,888,0.1463963963963964,0.3535031704504863,1
1,fr_tvs_a,338,0.05917159763313609,0.23594558624114656,1
1,fr_viaje,10,0.1,0.30000000000000004,1
1,fr_estro,15,0.0,0.0,1
1,fr_varic,39,0.23076923076923078,0.4213250442347431,1
1,ana_dime,233,1.6266094420600858,0.5179814795238645,1
1,ana_crea,66,0.9393939393939394,0.23860629921247914,1
1,ana_trop,1066,0.8846153846153846,0.31948553318915673,1
1,tension_,83,132.0,20.943987261494375,1
1,ana_hemo,4,14.05,0.9205976319760989,1
1,ana_plaq,5,194.2,115.93687937839279,1
1,ana_leuc,14,8.617142857142857,3.929629987255123,1
1,ana_neu,1323,6.915885109599396,3.0793305739193415,1
1,protcrea,1652,59.645266343825675,48.59315830951128,1
1,splanchnic,586,0.020477815699658702,0.14162794485492441,1
2,raza,546,2.871794871794872,0.6333607681916557,1
2,ant_inf,31,0.03225806451612903,0.17668469596940845,1
2,ant_isq,31,0.03225806451612903,0.17668469596940845,1
2,ant_clau,32,0.03125,0.17399263633843817,1
2,fum_act,39,0.23076923076923078,0.42132504423474315,1
2,diabetes,30,0.03333333333333333,0.17950549357115012,1
2,hip_art,31,0.3225806451612903,0.4674637660061109,1
2,insf_car,6,0.16666666666666666,0.37267799624996495,1
2,fibr_aur,241,0.024896265560165973,0.15580899050222893,1
2,trat_est,37,0.1891891891891892,0.3916588309780929,1
2,var171,26,0.038461538461538464,0.1923076923076923,1
2,tv_l_esu,463,0.012958963282937365,0.11309742947374554,1
2,tvp_orig,1618,0.2657601977750309,0.4417371560709008,1
2,tv_l_ein,355,0.7690140845070422,0.42146342941806697,1
2,tvp_prox,685,0.8160583941605839,0.3874365644600842,1
2,tv_l_svc,600,0.016666666666666666,0.12801909579781015,1
2,tv_l_vre,621,0.008051529790660225,0.08936835378751437,1
2,tv_l_vrn,611,0.0,0.0,1
2,tv_l_vca,1173,0.041773231031543054,0.20007055805572288,1
2,tv_l_yug,1183,0.018596787827557058,0.13509606696737655,1
2,tv_l_ova,1187,0.0,0.0,1
2,tv_l_sup,1184,0.015202702702702704,0.12235841014509764,1
2,tv_l_pul,1184,0.005067567567567568,0.07100624850332332,1
2,tv_l_ove,611,0.019639934533551555,0.138759531222433,1
2,fr_antfa,888,0.13851351351351351,0.34543815667591676,1
2,fr_tvs_a,338,0.08579881656804733,0.28006674140920396,1
2,fr_viaje,10,0.1,0.30000000000000004,1
2,fr_estro,15,0.06666666666666667,0.24944382578492946,1
2,fr_varic,39,0.20512820512820512,0.4037952755903492,1
2,ana_dime,233,1.6351931330472103,0.5158076974274203,1
2,ana_crea,66,0.8939393939393939,0.30791517322578144,1
2,ana_trop,1066,0.8602251407129456,0.34675329558396206,1
2,tension_,83,130.02409638554218,19.473167144594434,1
2,ana_hemo,4,14.350000000000001,1.3536986370680886,1
2,ana_plaq,5,204.0,52.880998477714094,1
2,ana_leuc,14,9.92,4.867387096056481,1
2,ana_neu,1323,7.321848072562359,3.0389280699629277,1
2,protcrea,1652,59.27032687651333,48.27869115361085,1
2,splanchnic,586,0.02901023890784983,0.1678351719585597,1
3,raza,546,2.8956043956043955,0.7097559949975,1
3,ant_inf,31,0.06451612903225806,0.2456701001891583,1
3,ant_isq,31,0.12903225806451613,0.3352356401746214,1
3,ant_clau,32,0.0,0.0,1
3,fum_act,39,0.2564102564102564,0.4366509324596513,1
3,diabetes,30,0.2,0.40000000000000013,1
3,hip_art,31,0.3548387096774194,0.47846441852230076,1
3,insf_car,6,0.16666666666666666,0.372677996249965,1
3,fibr_aur,241,0.012448132780082987,0.11087459930197004,1
3,trat_est,37,0.24324324324324326,0.42904075314560924,1
3,var171,26,0.038461538461538464,0.1923076923076923,1
3,tv_l_esu,463,0.008639308855291577,0.09254550879321188,1
3,tvp_orig,1618,0.17552533992583436,0.38041581850621653,1
3,tv_l_ein,355,0.7690140845070422,0.42146342941806697,1
3,tvp_prox,685,0.8029197080291971,0.39779347718069236,1
3,tv_l_svc,600,0.013333333333333334,0.11469767022723504,1
3,tv_l_vre,621,0.008051529790660225,0.08936835378751437,1
3,tv_l_vrn,611,0.0016366612111292963,0.040422550033481074,1
3,tv_l_vca,1173,0.041773231031543054,0.20007055805572285,1
3,tv_l_yug,1183,0.00507185122569738,0.07103610033526456,1
3,tv_l_ova,1187,0.007582139848357203,0.0867447462598004,1
3,tv_l_sup,1184,0.018581081081081082,0.1350400848153591,1
3,tv_l_pul,1184,0.002533783783783784,0.05027289253186869,1
3,tv_l_ove,611,0.06546644844517185,0.24734710949018082,1
3,fr_antfa,888,0.14189189189189189,0.34893922523446913,1
3,fr_tvs_a,338,0.029585798816568046,0.16944166938788582,1
3,fr_viaje,10,0.0,0.0,1
3,fr_estro,15,0.0,0.0,1
3,fr_varic,39,0.07692307692307693,0.2664693550105965,1
3,ana_dime,233,1.5321888412017168,0.5559224005308313,1
3,ana_crea,66,0.8787878787878788,0.3263736246748184,1
3,ana_trop,1066,0.8630393996247655,0.3438057508537195,1
3,tension_,83,127.32530120481928,18.114833456985906,1
3,ana_hemo,4,14.6,2.092844953645635,1
3,ana_plaq,5,295.6,173.46077366367302,1
3,ana_leuc,14,10.072857142857142,5.065612963292552,1
3,ana_neu,1323,7.131468631897204,3.1733058138072234,1
3,protcrea,1652,57.374382566585965,44.46397728987766,1
3,splanchnic,586,0.017064846416382253,0.12951307823215205,1
4,raza,546,2.9175824175824174,0.5730376752651402,1
4,ant_inf,31,0.0,0.0,1
4,ant_isq,31,0.16129032258064516,0.3677985242255284,1
4,ant_clau,32,0.0,0.0,1
4,fum_act,39,0.3076923076923077,0.4615384615384615,1
4,diabetes,30,0.13333333333333333,0.33993463423951903,1
4,hip_art,31,0.41935483870967744,0.49345350131543086,1
4,insf_car,6,0.0,0.0,1
4,fibr_aur,241,0.029045643153526972,0.1679344924883657,1
4,trat_est,37,0.1891891891891892,0.3916588309780929,1
4,var171,26,0.0,0.0,1
4,tv_l_esu,463,0.01511879049676026,0.12202545910864392,1
4,tvp_orig,1618,0.15945611866501855,0.36610089440659127,1
4,tv_l_ein,355,0.7436619718309859,0.4366106314365648,1
4,tvp_prox,685,0.8671532846715329,0.3394089945109062,1
4,tv_l_svc,600,0.0033333333333333335,0.05763872155263527,1
4,tv_l_vre,621,0.008051529790660225,0.08936835378751437,1
4,tv_l_vrn,611,0.0032733224222585926,0.05711924178924761,1
4,tv_l_vca,1173,0.05541346973572037,0.2287855264381224,1
4,tv_l_yug,1183,0.030431107354184278,0.17177035558961387,1
4,tv_l_ova,1187,0.0016849199663016006,0.04101318094233559,1
4,tv_l_sup,1184,0.002533783783783784,0.05027289253186869,1
4,tv_l_pul,1184,0.002533783783783784,0.05027289253186869,1
4,tv_l_ove,611,0.058919803600654665,0.23547454287951158,1
4,fr_antfa,888,0.12612612612612611,0.3319914553637528,1
4,fr_tvs_a,338,0.05325443786982249,0.22454042557408613,1
4,fr_viaje,10,0.0,0.0,1
4,fr_estro,15,0.06666666666666667,0.24944382578492943,1
4,fr_varic,39,0.2564102564102564,0.43665093245965136,1
4,ana_dime,233,1.5493562231759657,0.5389642086163298,1
4,ana_crea,66,0.9242424242424242,0.2646098363117118,1
4,ana_trop,1066,0.8602251407129456,0.34675329558396206,1
4,tension_,83,128.21686746987953,20.686441746104276,1
4,ana_hemo,4,14.625,1.2295832627357939,1
4,ana_plaq,5,162.0,86.06973916540005,1
4,ana_leuc,14,9.337142857142856,4.399960111136445,1
4,ana_neu,1323,7.403331065759638,3.1542790007157193,1
4,protcrea,1652,52.29796610169492,44.92630230141659,1
4,splanchnic,586,0.02218430034129693,0.14728257588616533,1
5,raza,546,2.921245421245421,0.6679660685290393,1
5,ant_inf,31,0.0,0.0,1
5,ant_isq,31,0.03225806451612903,0.17668469596940847,1
5,ant_clau,32,0.0,0.0,1
5,fum_act,39,0.28205128205128205,0.4499981737124166,1
5,diabetes,30,0.06666666666666667,0.24944382578492943,1
5,hip_art,31,0.2903225806451613,0.4539112025635577,1
5,insf_car,6,0.0,0.0,1
5,fibr_aur,241,0.008298755186721992,0.09071871829491887,1
5,trat_est,37,0.1891891891891892,0.3916588309780929,1
5,var171,26,0.07692307692307693,0.2664693550105965,1
5,tv_l_esu,463,0.008639308855291577,0.09254550879321188,1
5,tvp_orig,1618,0.20210135970333745,0.40156742909429255,1
5,tv_l_ein,355,0.8169014084507042,0.38674733007735157,1
5,tvp_prox,685,0.8525547445255475,0.354549223821638,1
5,tv_l_svc,600,0.015,0.12155245781143217,1
5,tv_l_vre,621,0.00644122383252818,0.07999834040820754,1
5,tv_l_vrn,611,0.011456628477905073,0.10642074112608091,1
5,tv_l_vca,1173,0.042625745950554135,0.2020118603763476,1
5,tv_l_yug,1183,0.015215553677092139,0.12240931583581238,1
5,tv_l_ova,1187,0.005897219882055603,0.0765665898399445,1
5,tv_l_sup,1184,0.0033783783783783786,0.05802555418012726,1
5,tv_l_pul,1184,0.004222972972972973,0.06484704675035334,1
5,tv_l_ove,611,0.04091653027823241,0.19809686476121446,1
5,fr_antfa,888,0.11936936936936937,0.32422264422110997,1
5,fr_tvs_a,338,0.04142011834319527,0.1992598608341152,1
5,fr_viaje,10,0.1,0.30000000000000004,1
5,fr_estro,15,0.06666666666666667,0.24944382578492943,1
5,fr_varic,39,0.07692307692307693,0.2664693550105965,1
5,ana_dime,233,1.55793991416309,0.561526931004889,1
5,ana_crea,66,0.9090909090909091,0.2874797872880344,1
5,ana_trop,1066,0.8208255159474672,0.3834983550382472,1
5,tension_,83,133.85542168674698,22.053130002212146,1
5,ana_hemo,4,14.8,0.4690415759823428,1
5,ana_plaq,5,179.2,43.531138280545804,1
5,ana_leuc,14,9.002142857142857,4.652885707618796,1
5,ana_neu,1323,6.092547996976569,2.9606244427879918,1
5,protcrea,1652,51.89401937046006,43.63495073877604,1
5,splanchnic,586,0.015358361774744027,0.12297350323683597,1
1,raza,546,2.9395604395604398,0.5914616750168401,2
1,ant_inf,31,0.03225806451612903,0.17668469596940847,2
1,ant_isq,31,0.03225806451612903,0.17668469596940847,2
1,ant_clau,32,0.03125,0.17399263633843817,2
1,fum_act,39,0.1794871794871795,0.38375973197681446,2
1,diabetes,30,0.06666666666666667,0.24944382578492943,2
1,hip_art,31,0.3225806451612903,0.4674637660061109,2
1,insf_car,6,0.0,0.0,2
1,fibr_aur,241,0.02074688796680498,0.14253580113956568,2
1,trat_est,37,0.21621621621621623,0.4116634111277789,2
1,var171,26,0.038461538461538464,0.1923076923076923,2
1,tv_l_esu,463,0.019438444924406047,0.1380601020690876,2
1,tvp_orig,1618,0.34177997527812115,0.4743062552581486,2
1,tv_l_ein,355,0.7915492957746478,0.40620069932646213,2
1,tvp_prox,685,0.8875912408759125,0.3158686910668268,2
1,tv_l_svc,600,0.008333333333333333,0.09090593428863096,2
1,tv_l_vre,621,0.00644122383252818,0.07999834040820754,2
1,tv_l_vrn,611,0.011456628477905073,0.10642074112608091,2
1,tv_l_vca,1173,0.05029838022165388,0.21855995325935587,2
1,tv_l_yug,1183,0.009298393913778529,0.09597881945722572,2
1,tv_l_ova,1187,0.008424599831508003,0.0913981725702815,2
1,tv_l_sup,1184,0.008445945945945946,0.09151290588230768,2
1,tv_l_pul,1184,0.0008445945945945946,0.0290496343275673,2
1,tv_l_ove,611,0.01800327332242226,0.13296298534592407,2
1,fr_antfa,888,0.14864864864864866,0.3557417994888698,2
1,fr_tvs_a,338,0.0650887573964497,0.2466824092979388,2
1,fr_viaje,10,0.1,0.30000000000000004,2
1,fr_estro,15,0.0,0.0,2
1,fr_varic,39,0.10256410256410256,0.3033887068256214,2
1,ana_dime,233,1.6351931330472103,0.49021067691759196,2
1,ana_crea,66,0.8939393939393939,0.30791517322578144,2
1,ana_trop,1066,0.874296435272045,0.3315149748392066,2
1,tension_,83,130.20481927710844,17.762664944517606,2
1,ana_hemo,4,11.825,1.793564885918544,2
1,ana_plaq,5,284.4,127.13551824726243,2
1,ana_leuc,14,8.217142857142857,1.9895205042257529,2
1,ana_neu,1323,6.606792894935753,2.9520915115741926,2
1,protcrea,1652,26.9594612590799,35.58468717229978,2
1,splanchnic,586,0.025597269624573378,0.15793052083856451,2
2,raza,546,2.8882783882783882,0.5932850461145889,2
2,ant_inf,31,0.03225806451612903,0.17668469596940847,2
2,ant_isq,31,0.03225806451612903,0.17668469596940847,2
2,ant_clau,32,0.03125,0.17399263633843817,2
2,fum_act,39,0.3333333333333333,0.4714045207910316,2
2,diabetes,30,0.13333333333333333,0.33993463423951903,2
2,hip_art,31,0.3548387096774194,0.4784644185223008,2
2,insf_car,6,0.0,0.0,2
2,fibr_aur,241,0.012448132780082987,0.11087459930197004,2
2,trat_est,37,0.1891891891891892,0.3916588309780929,2
2,var171,26,0.038461538461538464,0.1923076923076923,2
2,tv_l_esu,463,0.012958963282937365,0.11309742947374554,2
2,tvp_orig,1618,0.2700865265760198,0.44400427333317505,2
2,tv_l_ein,355,0.7549295774647887,0.43012894640284827,2
2,tvp_prox,685,0.872992700729927,0.3329811484186381,2
2,tv_l_svc,600,0.01,0.09949874371066199,2
2,tv_l_vre,621,0.01288244766505636,0.11276741642519546,2
2,tv_l_vrn,611,0.011456628477905073,0.10642074112608091,2
2,tv_l_vca,1173,0.026427962489343565,0.16040425582884454,2
2,tv_l_yug,1183,0.009298393913778529,0.09597881945722574,2
2,tv_l_ova,1187,0.007582139848357203,0.08674474625980041,2
2,tv_l_sup,1184,0.006756756756756757,0.08192132197960905,2
2,tv_l_pul,1184,0.0,0.0,2
2,tv_l_ove,611,0.03600654664484452,0.1863064015098707,2
2,fr_antfa,888,0.17004504504504506,0.3756723674968305,2
2,fr_tvs_a,338,0.07396449704142012,0.26171310670050496,2
2,fr_viaje,10,0.0,0.0,2
2,fr_estro,15,0.06666666666666667,0.24944382578492946,2
2,fr_varic,39,0.1794871794871795,0.38375973197681446,2
2,ana_dime,233,1.5965665236051503,0.5161646825192414,2
2,ana_crea,66,0.9393939393939394,0.2386062992124791,2
2,ana_trop,1066,0.8808630393996247,0.3239496029003275,2
2,tension_,83,131.74698795180723,20.00351979479056,2
2,ana_hemo,4,12.674999999999999,1.4771171246722448,2
2,ana_plaq,5,246.0,108.36604634293899,2
2,ana_leuc,14,8.381428571428572,1.5431223317068046,2
2,ana_neu,1323,6.594977324263038,3.0465353888515914,2
2,protcrea,1652,42.79594915254237,50.31950362924681,2
2,splanchnic,586,0.01877133105802048,0.13571649932241353,2
3,raza,546,2.89010989010989,0.5667958160410792,2
3,ant_inf,31,0.0,0.0,2
3,ant_isq,31,0.0,0.0,2
3,ant_clau,32,0.0625,0.24206145913796356,2
3,fum_act,39,0.23076923076923078,0.4213250442347431,2
3,diabetes,30,0.06666666666666667,0.24944382578492943,2
3,hip_art,31,0.25806451612903225,0.4375696763306625,2
3,insf_car,6,0.0,0.0,2
3,fibr_aur,241,0.024896265560165973,0.15580899050222893,2
3,trat_est,37,0.10810810810810811,0.31051689981286645,2
3,var171,26,0.0,0.0,2
3,tv_l_esu,463,0.023758099352051837,0.1522946225814617,2
3,tvp_orig,1618,0.3003708281829419,0.4584192336275121,2
3,tv_l_ein,355,0.8140845070422535,0.3890384588135531,2
3,tvp_prox,685,0.8715328467153285,0.33460924047551976,2
3,tv_l_svc,600,0.006666666666666667,0.08137703743822468,2
3,tv_l_vre,621,0.00644122383252818,0.07999834040820754,2
3,tv_l_vrn,611,0.008183306055646482,0.09009072958771121,2
3,tv_l_vca,1173,0.0494458653026428,0.21679707495055303,2
3,tv_l_yug,1183,0.013524936601859678,0.1155076304482754,2
3,tv_l_ova,1187,0.003369839932603201,0.05795242972845776,2
3,tv_l_sup,1184,0.01097972972972973,0.10420736665318732,2
3,tv_l_pul,1184,0.0,0.0,2
3,tv_l_ove,611,0.03273322422258593,0.17793751783864986,2
3,fr_antfa,888,0.13626126126126126,0.3430657807779021,2
3,fr_tvs_a,338,0.04437869822485207,0.20593501248869647,2
3,fr_viaje,10,0.1,0.30000000000000004,2
3,fr_estro,15,0.13333333333333333,0.33993463423951903,2
3,fr_varic,39,0.1282051282051282,0.3343180720616743,2
3,ana_dime,233,1.5751072961373391,0.559489429715999,2
3,ana_crea,66,0.8939393939393939,0.3079151732257814,2
3,ana_trop,1066,0.8630393996247655,0.3438057508537195,2
3,tension_,83,128.04819277108433,19.888183580496083,2
3,ana_hemo,4,13.275,0.6139014578904335,2
3,ana_plaq,5,220.4,71.1213048249257,2
3,ana_leuc,14,9.357142857142858,1.5792015549069118,2
3,ana_neu,1323,6.631670445956161,3.0302388352363883,2
3,protcrea,1652,57.84838983050848,53.23056101620429,2
3,splanchnic,586,0.010238907849829351,0.10066813108363568,2
4,raza,546,2.9725274725274726,0.5908147848955043,2
4,ant_inf,31,0.0,0.0,2
4,ant_isq,31,0.0,0.0,2
4,ant_clau,32,0.0,0.0,2
4,fum_act,39,0.1282051282051282,0.3343180720616743,2
4,diabetes,30,0.13333333333333333,0.33993463423951903,2
4,hip_art,31,0.2903225806451613,0.4539112025635577,2
4,insf_car,6,0.0,0.0,2
4,fibr_aur,241,0.0,0.0,2
4,trat_est,37,0.2972972972972973,0.457068500683453,2
4,var171,26,0.0,0.0,2
4,tv_l_esu,463,0.01511879049676026,0.1220254591086439,2
4,tvp_orig,1618,0.276885043263288,0.4474591781161441,2
4,tv_l_ein,355,0.8112676056338028,0.3912958953055851,2
4,tvp_prox,685,0.8569343065693431,0.350139830344767,2
4,tv_l_svc,600,0.0016666666666666668,0.04079079416840139,2
4,tv_l_vre,621,0.008051529790660225,0.08936835378751437,2
4,tv_l_vrn,611,0.011456628477905073,0.10642074112608091,2
4,tv_l_vca,1173,0.0443307757885763,0.20582895351859343,2
4,tv_l_yug,1183,0.015215553677092139,0.12240931583581238,2
4,tv_l_ova,1187,0.002527379949452401,0.0502094841642842,2
4,tv_l_sup,1184,0.002533783783783784,0.05027289253186869,2
4,tv_l_pul,1184,0.0,0.0,2
4,tv_l_ove,611,0.03273322422258593,0.17793751783864986,2
4,fr_antfa,888,0.13963963963963963,0.3466127676254168,2
4,fr_tvs_a,338,0.04437869822485207,0.20593501248869647,2
4,fr_viaje,10,0.0,0.0,2
4,fr_estro,15,0.0,0.0,2
4,fr_varic,39,0.10256410256410256,0.3033887068256214,2
4,ana_dime,233,1.553648068669528,0.5619532121316021,2
4,ana_crea,66,0.9090909090909091,0.28747978728803447,2
4,ana_trop,1066,0.8536585365853658,0.3534482133216936,2
4,tension_,83,136.86746987951807,22.615045149025597,2
4,ana_hemo,4,14.425,1.995463605280738,2
4,ana_plaq,5,230.6,92.16203122761564,2
4,ana_leuc,14,9.521428571428572,1.5592665727507786,2
4,ana_neu,1323,6.575087679516251,2.9739266610337314,2
4,protcrea,1652,71.16634866828089,51.84059307401719,2
4,splanchnic,586,0.020477815699658702,0.14162794485492441,2
5,raza,546,2.8956043956043955,0.6246602747748392,2
5,ant_inf,31,0.0,0.0,2
5,ant_isq,31,0.0,0.0,2
5,ant_clau,32,0.0,0.0,2
5,fum_act,39,0.20512820512820512,0.4037952755903493,2
5,diabetes,30,0.06666666666666667,0.24944382578492943,2
5,hip_art,31,0.3225806451612903,0.4674637660061109,2
5,insf_car,6,0.0,0.0,2
5,fibr_aur,241,0.012448132780082987,0.11087459930197004,2
5,trat_est,37,0.1891891891891892,0.3916588309780929,2
5,var171,26,0.038461538461538464,0.1923076923076923,2
5,tv_l_esu,463,0.01511879049676026,0.12202545910864392,2
5,tvp_orig,1618,0.21446229913473425,0.41044880482781043,2
5,tv_l_ein,355,0.7323943661971831,0.4427108069155411,2
5,tvp_prox,685,0.8656934306569343,0.34098139945510514,2
5,tv_l_svc,600,0.011666666666666667,0.10738042445229742,2
5,tv_l_vre,621,0.00966183574879227,0.09781863155225404,2
5,tv_l_vrn,611,0.0,0.0,2
5,tv_l_vca,1173,0.05370843989769821,0.22544144113594894,2
5,tv_l_yug,1183,0.009298393913778529,0.09597881945722574,2
5,tv_l_ova,1187,0.0008424599831508003,0.02901293236347525,2
5,tv_l_sup,1184,0.007601351351351352,0.08685373226859432,2
5,tv_l_pul,1184,0.0,0.0,2
5,tv_l_ove,611,0.0425531914893617,0.2018475102235136,2
5,fr_antfa,888,0.16554054054054054,0.3716676875625405,2
5,fr_tvs_a,338,0.05029585798816568,0.21855476352026726,2
5,fr_viaje,10,0.0,0.0,2
5,fr_estro,15,0.0,0.0,2
5,fr_varic,39,0.15384615384615385,0.36080121229411,2
5,ana_dime,233,1.609442060085837,0.5218785293846318,2
5,ana_crea,66,0.8636363636363636,0.3431742925123068,2
5,ana_trop,1066,0.8658536585365854,0.3408094783532225,2
5,tension_,83,135.81927710843374,23.030176421023175,2
5,ana_hemo,4,12.825000000000001,2.3657715443381258,2
5,ana_plaq,5,267.6,95.96374315333891,2
5,ana_leuc,14,9.352142857142857,2.3188426256322314,2
5,ana_neu,1323,6.703201058201057,3.0386164588119793,2
5,protcrea,1652,58.37719733656174,55.03537243190899,2
5,splanchnic,586,0.011945392491467578,0.10864023237131062,2
1,raza,546,2.9267399267399266,0.5597448350340067,3
1,ant_inf,31,0.0,0.0,3
1,ant_isq,31,0.0,0.0,3
1,ant_clau,32,0.03125,0.17399263633843817,3
1,fum_act,39,0.28205128205128205,0.4499981737124165,3
1,diabetes,30,0.06666666666666667,0.24944382578492943,3
1,hip_art,31,0.2903225806451613,0.4539112025635577,3
1,insf_car,6,0.16666666666666666,0.372677996249965,3
1,fibr_aur,241,0.012448132780082987,0.11087459930197002,3
1,trat_est,37,0.16216216216216217,0.36859950532394203,3
1,var171,26,0.038461538461538464,0.1923076923076923,3
1,tv_l_esu,463,0.02159827213822894,0.14536776389169626,3
1,tvp_orig,1618,0.27812113720642767,0.448073398279156,3
1,tv_l_ein,355,0.7380281690140845,0.43970739220054333,3
1,tvp_prox,685,0.8233576642335766,0.38136573126253165,3
1,tv_l_svc,600,0.01,0.099498743710662,3
1,tv_l_vre,621,0.00322061191626409,0.05665897612160768,3
1,tv_l_vrn,611,0.0016366612111292963,0.040422550033481074,3
1,tv_l_vca,1173,0.03665814151747655,0.18792105304611617,3
1,tv_l_yug,1183,0.02028740490278952,0.14098165166112855,3
1,tv_l_ova,1187,0.006739679865206402,0.08181843667854413,3
1,tv_l_sup,1184,0.015202702702702704,0.12235841014509764,3
1,tv_l_pul,1184,0.0,0.0,3
1,tv_l_ove,611,0.029459901800327332,0.16909173837370767,3
1,fr_antfa,888,0.13175675675675674,0.3382261282126169,3
1,fr_tvs_a,338,0.05029585798816568,0.21855476352026723,3
1,fr_viaje,10,0.1,0.30000000000000004,3
1,fr_estro,15,0.0,0.0,3
1,fr_varic,39,0.15384615384615385,0.36080121229411,3
1,ana_dime,233,1.613733905579399,0.5042142210369569,3
1,ana_crea,66,0.9090909090909091,0.28747978728803447,3
1,ana_trop,1066,0.8264540337711069,0.37871858131675157,3
1,tension_,83,134.93975903614458,22.853303469301952,3
1,ana_hemo,4,13.425,2.816358464400439,3
1,ana_plaq,5,211.8,41.54226763189511,3
1,ana_leuc,14,7.881428571428572,2.796065749132053,3
1,ana_neu,1323,6.6377203325774765,3.068180032841165,3
1,protcrea,1652,34.60259322033898,48.09994557417803,3
1,splanchnic,586,0.013651877133105802,0.11604095563139932,3
2,raza,546,2.912087912087912,0.6048948986603466,3
2,ant_inf,31,0.03225806451612903,0.17668469596940845,3
2,ant_isq,31,0.0,0.0,3
2,ant_clau,32,0.0,0.0,3
2,fum_act,39,0.23076923076923078,0.4213250442347431,3
2,diabetes,30,0.1,0.3,3
2,hip_art,31,0.2903225806451613,0.4539112025635577,3
2,insf_car,6,0.0,0.0,3
2,fibr_aur,241,0.02074688796680498,0.14253580113956568,3
2,trat_est,37,0.13513513513513514,0.3418678551533383,3
2,var171,26,0.038461538461538464,0.1923076923076923,3
2,tv_l_esu,463,0.01079913606911447,0.10335625152488466,3
2,tvp_orig,1618,0.3016069221260816,0.45895553886156926,3
2,tv_l_ein,355,0.7746478873239436,0.41781399927299506,3
2,tvp_prox,685,0.8583941605839416,0.3486454153711645,3
2,tv_l_svc,600,0.006666666666666667,0.08137703743822466,3
2,tv_l_vre,621,0.0,0.0,3
2,tv_l_vrn,611,0.0032733224222585926,0.05711924178924761,3
2,tv_l_vca,1173,0.04688832054560955,0.21139963562414602,3
2,tv_l_yug,1183,0.0076077768385460695,0.08689015231958654,3
2,tv_l_ova,1187,0.005054759898904802,0.07091691830070751,3
2,tv_l_sup,1184,0.005067567567567568,0.07100624850332332,3
2,tv_l_pul,1184,0.002533783783783784,0.05027289253186869,3
2,tv_l_ove,611,0.05564648117839607,0.2292377593479278,3
2,fr_antfa,888,0.15653153153153154,0.3633585160250475,3
2,fr_tvs_a,338,0.07100591715976332,0.25683472679539293,3
2,fr_viaje,10,0.0,0.0,3
2,fr_estro,15,0.0,0.0,3
2,fr_varic,39,0.10256410256410256,0.3033887068256214,3
2,ana_dime,233,1.6051502145922747,0.5389300309817086,3
2,ana_crea,66,0.8636363636363636,0.34317429251230686,3
2,ana_trop,1066,0.8836772983114447,0.3206114950534848,3
2,tension_,83,131.85542168674698,20.12020056076263,3
2,ana_hemo,4,13.899999999999999,2.7083205127901686,3
2,ana_plaq,5,248.4,56.560056577057985,3
2,ana_leuc,14,9.575714285714286,3.5246756979203355,3
2,ana_neu,1323,6.7437430083144365,3.1103315811482957,3
2,protcrea,1652,41.32897699757869,52.222012690529596,3
2,splanchnic,586,0.013651877133105802,0.11604095563139932,3
3,raza,546,2.902930402930403,0.5865640176524635,3
3,ant_inf,31,0.03225806451612903,0.17668469596940847,3
3,ant_isq,31,0.03225806451612903,0.17668469596940847,3
3,ant_clau,32,0.03125,0.17399263633843817,3
3,fum_act,39,0.1794871794871795,0.38375973197681446,3
3,diabetes,30,0.1,0.3,3
3,hip_art,31,0.22580645161290322,0.4181123031230878,3
3,insf_car,6,0.0,0.0,3
3,fibr_aur,241,0.004149377593360996,0.06428188126485339,3
3,trat_est,37,0.1891891891891892,0.3916588309780929,3
3,var171,26,0.0,0.0,3
3,tv_l_esu,463,0.0064794816414686825,0.08023401996115208,3
3,tvp_orig,1618,0.26823238566131025,0.44303924537647044,3
3,tv_l_ein,355,0.7605633802816901,0.4267396452829047,3
3,tvp_prox,685,0.8262773722627738,0.37887079110073846,3
3,tv_l_svc,600,0.0016666666666666668,0.040790794168401395,3
3,tv_l_vre,621,0.00966183574879227,0.09781863155225402,3
3,tv_l_vrn,611,0.011456628477905073,0.10642074112608091,3
3,tv_l_vca,1173,0.04092071611253197,0.1981065650233973,3
3,tv_l_yug,1183,0.030431107354184278,0.17177035558961384,3
3,tv_l_ova,1187,0.0016849199663016006,0.04101318094233559,3
3,tv_l_sup,1184,0.0059121621621621625,0.07666295390037133,3
3,tv_l_pul,1184,0.0,0.0,3
3,tv_l_ove,611,0.03436988543371522,0.18217737622709496,3
3,fr_antfa,888,0.12274774774774774,0.32814743358832327,3
3,fr_tvs_a,338,0.05325443786982249,0.22454042557408613,3
3,fr_viaje,10,0.0,0.0,3
3,fr_estro,15,0.0,0.0,3
3,fr_varic,39,0.20512820512820512,0.4037952755903493,3
3,ana_dime,233,1.5879828326180256,0.500842003182274,3
3,ana_crea,66,0.8636363636363636,0.3431742925123068,3
3,ana_trop,1066,0.8217636022514071,0.3827116202393106,3
3,tension_,83,130.55421686746988,19.61450963552556,3
3,ana_hemo,4,15.65,1.3518505834595773,3
3,ana_plaq,5,240.6,55.21811297029264,3
3,ana_leuc,14,9.982857142857144,3.8229428241519243,3
3,ana_neu,1323,6.745089191232049,3.0826091516384717,3
3,protcrea,1652,48.01298910411622,50.5113112902344,3
3,splanchnic,586,0.03583617747440273,0.18588153716393097,3
4,raza,546,2.948717948717949,0.5251270604383128,3
4,ant_inf,31,0.0,0.0,3
4,ant_isq,31,0.06451612903225806,0.2456701001891583,3
4,ant_clau,32,0.0,0.0,3
4,fum_act,39,0.28205128205128205,0.44999817371241657,3
4,diabetes,30,0.1,0.3,3
4,hip_art,31,0.3225806451612903,0.4674637660061109,3
4,insf_car,6,0.0,0.0,3
4,fibr_aur,241,0.008298755186721992,0.09071871829491887,3
4,trat_est,37,0.13513513513513514,0.3418678551533383,3
4,var171,26,0.11538461538461539,0.31948553318915673,3
4,tv_l_esu,463,0.017278617710583154,0.1303075864276316,3
4,tvp_orig,1618,0.3053152039555006,0.4605408018722246,3
4,tv_l_ein,355,0.7549295774647887,0.4301289464028482,3
4,tvp_prox,685,0.8656934306569343,0.34098139945510514,3
4,tv_l_svc,600,0.006666666666666667,0.08137703743822468,3
4,tv_l_vre,621,0.011272141706924315,0.10557026346591797,3
4,tv_l_vrn,611,0.006546644844517185,0.08064605561214348,3
4,tv_l_vca,1173,0.04092071611253197,0.1981065650233973,3
4,tv_l_yug,1183,0.013524936601859678,0.11550763044827539,3
4,tv_l_ova,1187,0.0016849199663016006,0.04101318094233559,3
4,tv_l_sup,1184,0.004222972972972973,0.06484704675035334,3
4,tv_l_pul,1184,0.0,0.0,3
4,tv_l_ove,611,0.05237315875613748,0.2227783898811595,3
4,fr_antfa,888,0.15315315315315314,0.3601350647082286,3
4,fr_tvs_a,338,0.07100591715976332,0.256834726795393,3
4,fr_viaje,10,0.0,0.0,3
4,fr_estro,15,0.06666666666666667,0.24944382578492946,3
4,fr_varic,39,0.1282051282051282,0.3343180720616743,3
4,ana_dime,233,1.536480686695279,0.5155933877315435,3
4,ana_crea,66,0.8939393939393939,0.3079151732257814,3
4,ana_trop,1066,0.8808630393996247,0.3239496029003275,3
4,tension_,83,133.63855421686748,21.167478074399725,3
4,ana_hemo,4,13.75,1.3865424623862048,3
4,ana_plaq,5,257.0,72.34638899074369,3
4,ana_leuc,14,9.034285714285714,3.113876119853826,3
4,ana_neu,1323,6.711507936507937,3.232512039679312,3
4,protcrea,1652,49.10267917675545,55.54420951904546,3
4,splanchnic,586,0.010238907849829351,0.10066813108363568,3
5,raza,546,2.9743589743589745,0.5924448408522333,3
5,ant_inf,31,0.12903225806451613,0.3352356401746214,3
5,ant_isq,31,0.06451612903225806,0.24567010018915833,3
5,ant_clau,32,0.0625,0.24206145913796356,3
5,fum_act,39,0.20512820512820512,0.4037952755903493,3
5,diabetes,30,0.1,0.30000000000000004,3
5,hip_art,31,0.22580645161290322,0.4181123031230877,3
5,insf_car,6,0.16666666666666666,0.372677996249965,3
5,fibr_aur,241,0.004149377593360996,0.06428188126485339,3
5,trat_est,37,0.2972972972972973,0.457068500683453,3
5,var171,26,0.038461538461538464,0.1923076923076923,3
5,tv_l_esu,463,0.0064794816414686825,0.08023401996115208,3
5,tvp_orig,1618,0.3084054388133498,0.4618349533368982,3
5,tv_l_ein,355,0.8225352112676056,0.3820615624379937,3
5,tvp_prox,685,0.8291970802919708,0.37633666088655476,3
5,tv_l_svc,600,0.011666666666666667,0.10738042445229742,3
5,tv_l_vre,621,0.004830917874396135,0.06933671543191944,3
5,tv_l_vrn,611,0.0032733224222585926,0.05711924178924761,3
5,tv_l_vca,1173,0.05029838022165388,0.21855995325935587,3
5,tv_l_yug,1183,0.021132713440405747,0.14382670775294634,3
5,tv_l_ova,1187,0.0016849199663016006,0.04101318094233559,3
5,tv_l_sup,1184,0.008445945945945946,0.09151290588230769,3
5,tv_l_pul,1184,0.004222972972972973,0.06484704675035334,3
5,tv_l_ove,611,0.04582651391162029,0.2091086907192725,3
5,fr_antfa,888,0.14527027027027026,0.3523731244659174,3
5,fr_tvs_a,338,0.026627218934911243,0.16099133562618687,3
5,fr_viaje,10,0.0,0.0,3
5,fr_estro,15,0.0,0.0,3
5,fr_varic,39,0.15384615384615385,0.36080121229411,3
5,ana_dime,233,1.5836909871244635,0.5266218592335784,3
5,ana_crea,66,0.9696969696969697,0.17141982574219336,3
5,ana_trop,1066,0.850844277673546,0.35624190211670465,3
5,tension_,83,131.21686746987953,20.357674135601822,3
5,ana_hemo,4,14.3,2.2715633383201093,3
5,ana_plaq,5,263.4,99.13344541576268,3
5,ana_leuc,14,9.972142857142856,3.8002973165105844,3
5,ana_neu,1323,6.737348450491306,3.0814035733955376,3
5,protcrea,1652,40.970240920096856,52.17397706660669,3
5,splanchnic,586,0.01877133105802048,0.13571649932241353,3
1,raza,546,2.9194139194139193,0.6496747741656608,4
1,ant_inf,31,0.0,0.0,4
1,ant_isq,31,0.03225806451612903,0.17668469596940847,4
1,ant_clau,32,0.03125,0.17399263633843817,4
1,fum_act,39,0.3333333333333333,0.4714045207910317,4
1,diabetes,30,0.03333333333333333,0.1795054935711501,4
1,hip_art,31,0.22580645161290322,0.4181123031230877,4
1,insf_car,6,0.0,0.0,4
1,fibr_aur,241,0.016597510373443983,0.1277577121853996,4
1,trat_est,37,0.13513513513513514,0.34186785515333834,4
1,var171,26,0.07692307692307693,0.2664693550105965,4
1,tv_l_esu,463,0.012958963282937365,0.11309742947374553,4
1,tvp_orig,1618,0.32138442521631644,0.46700800469017045,4
1,tv_l_ein,355,0.7352112676056338,0.44122064728585736,4
1,tvp_prox,685,0.7941605839416058,0.4043136787880587,4
1,tv_l_svc,600,0.018333333333333333,0.13415372608400492,4
1,tv_l_vre,621,0.004830917874396135,0.06933671543191944,4
1,tv_l_vrn,611,0.011456628477905073,0.10642074112608091,4
1,tv_l_vca,1173,0.04688832054560955,0.21139963562414602,4
1,tv_l_yug,1183,0.01944209636517329,0.13807281142245423,4
1,tv_l_ova,1187,0.0,0.0,4
1,tv_l_sup,1184,0.01097972972972973,0.10420736665318732,4
1,tv_l_pul,1184,0.0,0.0,4
1,tv_l_ove,611,0.04746317512274959,0.21262742562994266,4
1,fr_antfa,888,0.14864864864864866,0.3557417994888698,4
1,fr_tvs_a,338,0.0650887573964497,0.2466824092979388,4
1,fr_viaje,10,0.0,0.0,4
1,fr_estro,15,0.0,0.0,4
1,fr_varic,39,0.1282051282051282,0.3343180720616743,4
1,ana_dime,233,1.6008583690987124,0.5236051502145923,4
1,ana_crea,66,0.8939393939393939,0.30791517322578144,4
1,ana_trop,1066,0.8667917448405253,0.3397996702718279,4
1,tension_,83,127.71084337349397,22.6511150928905,4
1,ana_hemo,4,14.375,1.938265977620203,4
1,ana_plaq,5,293.2,112.94140073507145,4
1,ana_leuc,14,10.745000000000001,2.98310899661985,4
1,ana_neu,1323,6.873056689342404,3.102051105362125,4
1,protcrea,1652,66.2520823244552,57.42318794971238,4
1,splanchnic,586,0.015358361774744027,0.12297350323683597,4
2,raza,546,2.8736263736263736,0.6322820749539677,4
2,ant_inf,31,0.0,0.0,4
2,ant_isq,31,0.03225806451612903,0.17668469596940847,4
2,ant_clau,32,0.0,0.0,4
2,fum_act,39,0.2564102564102564,0.4366509324596513,4
2,diabetes,30,0.13333333333333333,0.33993463423951903,4
2,hip_art,31,0.1935483870967742,0.39507899077148034,4
2,insf_car,6,0.0,0.0,4
2,fibr_aur,241,0.016597510373443983,0.12775771218539964,4
2,trat_est,37,0.16216216216216217,0.3685995053239421,4
2,var171,26,0.07692307692307693,0.2664693550105965,4
2,tv_l_esu,463,0.0064794816414686825,0.08023401996115208,4
2,tvp_orig,1618,0.28491965389369595,0.4513761676460028,4
2,tv_l_ein,355,0.7746478873239436,0.4178139992729951,4
2,tvp_prox,685,0.8306569343065694,0.3750546517442239,4
2,tv_l_svc,600,0.013333333333333334,0.11469767022723504,4
2,tv_l_vre,621,0.004830917874396135,0.06933671543191944,4
2,tv_l_vrn,611,0.006546644844517185,0.08064605561214348,4
2,tv_l_vca,1173,0.042625745950554135,0.2020118603763476,4
2,tv_l_yug,1183,0.026204564666103127,0.1597431859478305,4
2,tv_l_ova,1187,0.008424599831508003,0.0913981725702815,4
2,tv_l_sup,1184,0.014358108108108109,0.11896198064786913,4
2,tv_l_pul,1184,0.004222972972972973,0.06484704675035334,4
2,tv_l_ove,611,0.03927986906710311,0.19426003436933273,4
2,fr_antfa,888,0.134009009009009,0.3406619945245321,4
2,fr_tvs_a,338,0.04142011834319527,0.1992598608341152,4
2,fr_viaje,10,0.0,0.0,4
2,fr_estro,15,0.06666666666666667,0.24944382578492946,4
2,fr_varic,39,0.15384615384615385,0.36080121229411,4
2,ana_dime,233,1.5751072961373391,0.5359826013991129,4
2,ana_crea,66,0.9393939393939394,0.23860629921247914,4
2,ana_trop,1066,0.8358348968105066,0.37042532592180627,4
2,tension_,83,131.9879518072289,19.200586070312035,4
2,ana_hemo,4,15.025,1.6223054582907628,4
2,ana_plaq,5,204.8,36.002222153639345,4
2,ana_leuc,14,11.787142857142857,3.9908331184843893,4
2,ana_neu,1323,6.472147392290251,3.148896299732497,4
2,protcrea,1652,58.073819612590796,55.611264711673904,4
2,splanchnic,586,0.01877133105802048,0.13571649932241353,4
3,raza,546,2.9926739926739927,0.5513398531268743,4
3,ant_inf,31,0.03225806451612903,0.17668469596940845,4
3,ant_isq,31,0.03225806451612903,0.17668469596940847,4
3,ant_clau,32,0.0,0.0,4
3,fum_act,39,0.20512820512820512,0.4037952755903493,4
3,diabetes,30,0.1,0.30000000000000004,4
3,hip_art,31,0.25806451612903225,0.4375696763306625,4
3,insf_car,6,0.0,0.0,4
3,fibr_aur,241,0.016597510373443983,0.1277577121853996,4
3,trat_est,37,0.16216216216216217,0.36859950532394203,4
3,var171,26,0.038461538461538464,0.1923076923076923,4
3,tv_l_esu,463,0.01079913606911447,0.10335625152488466,4
3,tvp_orig,1618,0.2799752781211372,0.44898677236877377,4
3,tv_l_ein,355,0.7492957746478873,0.4334185237650898,4
3,tvp_prox,685,0.7547445255474453,0.43023856952115186,4
3,tv_l_svc,600,0.016666666666666666,0.12801909579781012,4
3,tv_l_vre,621,0.00966183574879227,0.09781863155225404,4
3,tv_l_vrn,611,0.004909983633387889,0.06989903929316733,4
3,tv_l_vca,1173,0.059676044330775786,0.23688565609552445,4
3,tv_l_yug,1183,0.02197802197802198,0.14661169301237728,4
3,tv_l_ova,1187,0.0,0.0,4
3,tv_l_sup,1184,0.01266891891891892,0.11184103635224761,4
3,tv_l_pul,1184,0.002533783783783784,0.05027289253186869,4
3,tv_l_ove,611,0.03764320785597381,0.19033180700630617,4
3,fr_antfa,888,0.16891891891891891,0.3746802873786966,4
3,fr_tvs_a,338,0.047337278106508875,0.21235927153759004,4
3,fr_viaje,10,0.0,0.0,4
3,fr_estro,15,0.0,0.0,4
3,fr_varic,39,0.10256410256410256,0.3033887068256214,4
3,ana_dime,233,1.5278969957081545,0.5325002550036544,4
3,ana_crea,66,0.8939393939393939,0.30791517322578144,4
3,ana_trop,1066,0.874296435272045,0.3315149748392066,4
3,tension_,83,131.03614457831324,20.086227243929102,4
3,ana_hemo,4,13.325,1.8592673288153054,4
3,ana_plaq,5,331.0,127.66832026779393,4
3,ana_leuc,14,11.134285714285713,3.509740963754029,4
3,ana_neu,1323,6.864296296296296,3.253296738745788,4
3,protcrea,1652,55.12443099273607,51.467008619600975,4
3,splanchnic,586,0.034129692832764506,0.1815622672801418,4
4,raza,546,2.9633699633699635,0.6101513042212201,4
4,ant_inf,31,0.03225806451612903,0.17668469596940847,4
4,ant_isq,31,0.06451612903225806,0.24567010018915833,4
4,ant_clau,32,0.0,0.0,4
4,fum_act,39,0.20512820512820512,0.40379527559034933,4
4,diabetes,30,0.03333333333333333,0.1795054935711501,4
4,hip_art,31,0.3548387096774194,0.4784644185223008,4
4,insf_car,6,0.0,0.0,4
4,fibr_aur,241,0.012448132780082987,0.11087459930197002,4
4,trat_est,37,0.1891891891891892,0.3916588309780929,4
4,var171,26,0.038461538461538464,0.1923076923076923,4
4,tv_l_esu,463,0.0064794816414686825,0.08023401996115209,4
4,tvp_orig,1618,0.2700865265760198,0.44400427333317505,4
4,tv_l_ein,355,0.7859154929577464,0.4101857273074343,4
4,tvp_prox,685,0.8204379562043795,0.38382224560798994,4
4,tv_l_svc,600,0.016666666666666666,0.12801909579781015,4
4,tv_l_vre,621,0.00644122383252818,0.07999834040820752,4
4,tv_l_vrn,611,0.0032733224222585926,0.05711924178924761,4
4,tv_l_vca,1173,0.05285592497868713,0.22374578470517498,4
4,tv_l_yug,1183,0.024513947590870666,0.15463833277807515,4
4,tv_l_ova,1187,0.005897219882055603,0.0765665898399445,4
4,tv_l_sup,1184,0.015202702702702704,0.12235841014509764,4
4,tv_l_pul,1184,0.002533783783783784,0.05027289253186869,4
4,tv_l_ove,611,0.05073649754500818,0.2194591200243762,4
4,fr_antfa,888,0.16328828828828829,0.3696284934852414,4
4,fr_tvs_a,338,0.07988165680473373,0.27110989969173843,4
4,fr_viaje,10,0.0,0.0,4
4,fr_estro,15,0.0,0.0,4
4,fr_varic,39,0.1794871794871795,0.38375973197681446,4
4,ana_dime,233,1.5407725321888412,0.5235347873640139,4
4,ana_crea,66,0.8636363636363636,0.3431742925123068,4
4,ana_trop,1066,0.8358348968105066,0.37042532592180627,4
4,tension_,83,124.48192771084338,20.251051703037835,4
4,ana_hemo,4,15.425,0.9148087231765998,4
4,ana_plaq,5,160.8,32.25771225614117,4
4,ana_leuc,14,11.59642857142857,3.028846096035483,4
4,ana_neu,1323,6.5566908541194255,3.2182381712832506,4
4,protcrea,1652,53.59073849878934,57.43662030655288,4
4,splanchnic,586,0.034129692832764506,0.1815622672801418,4
5,raza,546,2.89010989010989,0.6704197381393251,4
5,ant_inf,31,0.0,0.0,4
5,ant_isq,31,0.03225806451612903,0.17668469596940847,4
5,ant_clau,32,0.0,0.0,4
5,fum_act,39,0.3333333333333333,0.4714045207910317,4
5,diabetes,30,0.03333333333333333,0.1795054935711501,4
5,hip_art,31,0.3548387096774194,0.47846441852230076,4
5,insf_car,6,0.0,0.0,4
5,fibr_aur,241,0.02074688796680498,0.14253580113956568,4
5,trat_est,37,0.13513513513513514,0.34186785515333834,4
5,var171,26,0.0,0.0,4
5,tv_l_esu,463,0.012958963282937365,0.11309742947374554,4
5,tvp_orig,1618,0.323238566131026,0.46771294133964725,4
5,tv_l_ein,355,0.7549295774647887,0.4301289464028482,4
5,tvp_prox,685,0.8525547445255475,0.354549223821638,4
5,tv_l_svc,600,0.011666666666666667,0.10738042445229742,4
5,tv_l_vre,621,0.00322061191626409,0.05665897612160768,4
5,tv_l_vrn,611,0.0,0.0,4
5,tv_l_vca,1173,0.04774083546462063,0.21321737287041284,4
5,tv_l_yug,1183,0.015215553677092139,0.12240931583581238,4
5,tv_l_ova,1187,0.005897219882055603,0.0765665898399445,4
5,tv_l_sup,1184,0.0033783783783783786,0.05802555418012726,4
5,tv_l_pul,1184,0.004222972972972973,0.06484704675035334,4
5,tv_l_ove,611,0.060556464811783964,0.23851494582370122,4
5,fr_antfa,888,0.12387387387387387,0.32943760751522205,4
5,fr_tvs_a,338,0.0621301775147929,0.24139183614358883,4
5,fr_viaje,10,0.0,0.0,4
5,fr_estro,15,0.0,0.0,4
5,fr_varic,39,0.15384615384615385,0.36080121229411,4
5,ana_dime,233,1.5150214592274678,0.5643083232238146,4
5,ana_crea,66,0.9090909090909091,0.2874797872880344,4
5,ana_trop,1066,0.8780487804878049,0.32722946012192045,4
5,tension_,83,130.93975903614458,22.3285162087971,4
5,ana_hemo,4,13.174999999999999,1.4077908225301083,4
5,ana_plaq,5,243.0,83.6301381082203,4
5,ana_leuc,14,11.682857142857143,2.68826930137862,4
5,ana_neu,1323,6.128520786092214,2.97930928500307,4
5,protcrea,1652,63.44700968523002,57.10701137832439,4
5,splanchnic,586,0.017064846416382253,0.12951307823215205,4
1,raza,546,2.8864468864468864,0.6390235611053906,5
1,ant_inf,31,0.0,0.0,5
1,ant_isq,31,0.12903225806451613,0.3352356401746214,5
1,ant_clau,32,0.0,0.0,5
1,fum_act,39,0.20512820512820512,0.40379527559034933,5
1,diabetes,30,0.2,0.4,5
1,hip_art,31,0.3225806451612903,0.46746376600611095,5
1,insf_car,6,0.0,0.0,5
1,fibr_aur,241,0.008298755186721992,0.09071871829491887,5
1,trat_est,37,0.16216216216216217,0.36859950532394203,5
1,var171,26,0.038461538461538464,0.1923076923076923,5
1,tv_l_esu,463,0.004319654427645789,0.06558197170923964,5
1,tvp_orig,1618,0.22620519159456118,0.4183735207804493,5
1,tv_l_ein,355,0.676056338028169,0.4679788091784831,5
1,tvp_prox,685,0.8496350364963504,0.35742879186517096,5
1,tv_l_svc,600,0.013333333333333334,0.11469767022723505,5
1,tv_l_vre,621,0.008051529790660225,0.08936835378751437,5
1,tv_l_vrn,611,0.004909983633387889,0.06989903929316733,5
1,tv_l_vca,1173,0.045183290707587385,0.20770594827404687,5
1,tv_l_yug,1183,0.013524936601859678,0.11550763044827539,5
1,tv_l_ova,1187,0.0,0.0,5
1,tv_l_sup,1184,0.009290540540540541,0.09593865955393119,5
1,tv_l_pul,1184,0.004222972972972973,0.06484704675035334,5
1,tv_l_ove,611,0.03436988543371522,0.18217737622709498,5
1,fr_antfa,888,0.16103603603603603,0.367564186413525,5
1,fr_tvs_a,338,0.038461538461538464,0.1923076923076923,5
1,fr_viaje,10,0.1,0.30000000000000004,5
1,fr_estro,15,0.0,0.0,5
1,fr_varic,39,0.1282051282051282,0.3343180720616743,5
1,ana_dime,233,1.609442060085837,0.5051631592450275,5
1,ana_crea,66,0.8939393939393939,0.30791517322578144,5
1,ana_trop,1066,0.851782363977486,0.35531558985556994,5
1,tension_,83,129.32530120481928,18.575867512042024,5
1,ana_hemo,4,12.65,2.3350588857671233,5
1,ana_plaq,5,360.4,171.1964952912296,5
1,ana_leuc,14,9.815714285714284,3.4163738384552755,5
1,ana_neu,1323,6.8167966742252455,3.1054445868286664,5
1,protcrea,1652,59.68949031476998,51.56573578764619,5
1,splanchnic,586,0.02901023890784983,0.1678351719585597,5
2,raza,546,2.921245421245421,0.5638914261637723,5
2,ant_inf,31,0.03225806451612903,0.17668469596940847,5
2,ant_isq,31,0.03225806451612903,0.17668469596940845,5
2,ant_clau,32,0.0,0.0,5
2,fum_act,39,0.28205128205128205,0.44999817371241657,5
2,diabetes,30,0.1,0.3,5
2,hip_art,31,0.25806451612903225,0.4375696763306625,5
2,insf_car,6,0.16666666666666666,0.372677996249965,5
2,fibr_aur,241,0.016597510373443983,0.12775771218539964,5
2,trat_est,37,0.13513513513513514,0.3418678551533383,5
2,var171,26,0.07692307692307693,0.2664693550105965,5
2,tv_l_esu,463,0.02159827213822894,0.14536776389169626,5
2,tvp_orig,1618,0.23362175525339926,0.42313429396081825,5
2,tv_l_ein,355,0.7492957746478873,0.4334185237650898,5
2,tvp_prox,685,0.8248175182481752,0.3801231114245705,5
2,tv_l_svc,600,0.005,0.07053367989832943,5
2,tv_l_vre,621,0.00966183574879227,0.09781863155225402,5
2,tv_l_vrn,611,0.009819967266775777,0.0986079890762165,5
2,tv_l_vca,1173,0.060528559249786874,0.2384635250199324,5
2,tv_l_yug,1183,0.02282333051563821,0.1493399681927519,5
2,tv_l_ova,1187,0.002527379949452401,0.050209484164284196,5
2,tv_l_sup,1184,0.004222972972972973,0.06484704675035334,5
2,tv_l_pul,1184,0.008445945945945946,0.09151290588230768,5
2,tv_l_ove,611,0.024549918166939442,0.1547488923544722,5
2,fr_antfa,888,0.14076576576576577,0.3477797650153662,5
2,fr_tvs_a,338,0.05029585798816568,0.21855476352026723,5
2,fr_viaje,10,0.1,0.30000000000000004,5
2,fr_estro,15,0.06666666666666667,0.24944382578492946,5
2,fr_varic,39,0.07692307692307693,0.26646935501059643,5
2,ana_dime,233,1.5278969957081545,0.5243785184309445,5
2,ana_crea,66,0.9393939393939394,0.23860629921247914,5
2,ana_trop,1066,0.8386491557223265,0.367854250116205,5
2,tension_,83,129.24096385542168,16.88414838068128,5
2,ana_hemo,4,12.075,1.5610493265749166,5
2,ana_plaq,5,221.8,46.756389937633124,5
2,ana_leuc,14,9.817142857142857,3.4822517931678076,5
2,ana_neu,1323,6.811989417989417,3.1470272557829646,5
2,protcrea,1652,44.62996368038742,49.07051529612515,5
2,splanchnic,586,0.013651877133105802,0.11604095563139934,5
3,raza,546,2.946886446886447,0.44774507677065206,5
3,ant_inf,31,0.03225806451612903,0.17668469596940845,5
3,ant_isq,31,0.0,0.0,5
3,ant_clau,32,0.0,0.0,5
3,fum_act,39,0.3333333333333333,0.4714045207910317,5
3,diabetes,30,0.0,0.0,5
3,hip_art,31,0.3548387096774194,0.4784644185223008,5
3,insf_car,6,0.0,0.0,5
3,fibr_aur,241,0.02074688796680498,0.14253580113956568,5
3,trat_est,37,0.05405405405405406,0.2261243314956961,5
3,var171,26,0.038461538461538464,0.1923076923076923,5
3,tv_l_esu,463,0.01511879049676026,0.12202545910864392,5
3,tvp_orig,1618,0.16934487021013597,0.37505624264055143,5
3,tv_l_ein,355,0.7633802816901408,0.42500685549391093,5
3,tvp_prox,685,0.8218978102189781,0.3825987451315369,5
3,tv_l_svc,600,0.006666666666666667,0.08137703743822468,5
3,tv_l_vre,621,0.00644122383252818,0.07999834040820754,5
3,tv_l_vrn,611,0.004909983633387889,0.06989903929316733,5
3,tv_l_vca,1173,0.04092071611253197,0.1981065650233973,5
3,tv_l_yug,1183,0.0084530853761623,0.09155124643490993,5
3,tv_l_ova,1187,0.005897219882055603,0.0765665898399445,5
3,tv_l_sup,1184,0.006756756756756757,0.08192132197960905,5
3,tv_l_pul,1184,0.006756756756756757,0.08192132197960905,5
3,tv_l_ove,611,0.04582651391162029,0.2091086907192725,5
3,fr_antfa,888,0.15202702702702703,0.3590470861605071,5
3,fr_tvs_a,338,0.026627218934911243,0.16099133562618687,5
3,fr_viaje,10,0.0,0.0,5
3,fr_estro,15,0.06666666666666667,0.24944382578492946,5
3,fr_varic,39,0.1282051282051282,0.3343180720616743,5
3,ana_dime,233,1.5665236051502145,0.5528656680132069,5
3,ana_crea,66,0.8484848484848485,0.3585502898848253,5
3,ana_trop,1066,0.8564727954971857,0.3506096776622425,5
3,tension_,83,134.9879518072289,20.302230856056614,5
3,ana_hemo,4,13.575,1.913602623325961,5
3,ana_plaq,5,262.4,35.20568135968966,5
3,ana_leuc,14,9.849285714285715,2.9074472462619023,5
3,ana_neu,1323,6.67285260770975,3.1330313042857623,5
3,protcrea,1652,70.2477372881356,54.03288729876828,5
3,splanchnic,586,0.015358361774744027,0.12297350323683597,5
4,raza,546,2.9084249084249083,0.6998446261646307,5
4,ant_inf,31,0.03225806451612903,0.17668469596940847,5
4,ant_isq,31,0.06451612903225806,0.24567010018915833,5
4,ant_clau,32,0.03125,0.17399263633843817,5
4,fum_act,39,0.20512820512820512,0.4037952755903493,5
4,diabetes,30,0.06666666666666667,0.24944382578492943,5
4,hip_art,31,0.2903225806451613,0.4539112025635577,5
4,insf_car,6,0.0,0.0,5
4,fibr_aur,241,0.004149377593360996,0.06428188126485339,5
4,trat_est,37,0.13513513513513514,0.3418678551533383,5
4,var171,26,0.0,0.0,5
4,tv_l_esu,463,0.01511879049676026,0.1220254591086439,5
4,tvp_orig,1618,0.23794808405438814,0.4258271871889276,5
4,tv_l_ein,355,0.8084507042253521,0.39352021938254245,5
4,tvp_prox,685,0.8,0.4,5
4,tv_l_svc,600,0.0016666666666666668,0.04079079416840139,5
4,tv_l_vre,621,0.00966183574879227,0.09781863155225402,5
4,tv_l_vrn,611,0.006546644844517185,0.08064605561214348,5
4,tv_l_vca,1173,0.05456095481670929,0.22712123860660477,5
4,tv_l_yug,1183,0.015215553677092139,0.12240931583581238,5
4,tv_l_ova,1187,0.0,0.0,5
4,tv_l_sup,1184,0.006756756756756757,0.08192132197960905,5
4,tv_l_pul,1184,0.0,0.0,5
4,tv_l_ove,611,0.062193126022913256,0.24150598563681874,5
4,fr_antfa,888,0.1677927927927928,0.37368217977258117,5
4,fr_tvs_a,338,0.029585798816568046,0.16944166938788582,5
4,fr_viaje,10,0.1,0.30000000000000004,5
4,fr_estro,15,0.0,0.0,5
4,fr_varic,39,0.1794871794871795,0.3837597319768145,5
4,ana_dime,233,1.5793991416309012,0.5190826998365958,5
4,ana_crea,66,0.9696969696969697,0.1714198257421934,5
4,ana_trop,1066,0.8968105065666041,0.3042062160416105,5
4,tension_,83,129.5421686746988,20.393893017403123,5
4,ana_hemo,4,13.625,1.3045593125649746,5
4,ana_plaq,5,304.0,163.8401660155409,5
4,ana_leuc,14,10.266428571428571,2.417402995964463,5
4,ana_neu,1323,6.5918034769463345,3.1802057795653655,5
4,protcrea,1652,39.12102300242131,42.05182010994046,5
4,splanchnic,586,0.010238907849829351,0.10066813108363566,5
5,raza,546,2.9175824175824174,0.6011149725637427,5
5,ant_inf,31,0.0,0.0,5
5,ant_isq,31,0.0,0.0,5
5,ant_clau,32,0.0,0.0,5
5,fum_act,39,0.1794871794871795,0.38375973197681446,5
5,diabetes,30,0.06666666666666667,0.24944382578492943,5
5,hip_art,31,0.3225806451612903,0.4674637660061109,5
5,insf_car,6,0.0,0.0,5
5,fibr_aur,241,0.012448132780082987,0.11087459930197004,5
5,trat_est,37,0.13513513513513514,0.3418678551533383,5
5,var171,26,0.07692307692307693,0.26646935501059654,5
5,tv_l_esu,463,0.012958963282937365,0.11309742947374556,5
5,tvp_orig,1618,0.2453646477132262,0.43030319237229764,5
5,tv_l_ein,355,0.8,0.4,5
5,tvp_prox,685,0.8481751824817518,0.3588510029299052,5
5,tv_l_svc,600,0.016666666666666666,0.12801909579781015,5
5,tv_l_vre,621,0.011272141706924315,0.10557026346591797,5
5,tv_l_vrn,611,0.0016366612111292963,0.040422550033481074,5
5,tv_l_vca,1173,0.03665814151747655,0.1879210530461162,5
5,tv_l_yug,1183,0.0084530853761623,0.09155124643490993,5
5,tv_l_ova,1187,0.005897219882055603,0.0765665898399445,5
5,tv_l_sup,1184,0.002533783783783784,0.05027289253186869,5
5,tv_l_pul,1184,0.0016891891891891893,0.04106501953088925,5
5,tv_l_ove,611,0.031096563011456628,0.17357870485843344,5
5,fr_antfa,888,0.15990990990990991,0.3665224831064452,5
5,fr_tvs_a,338,0.026627218934911243,0.16099133562618687,5
5,fr_viaje,10,0.0,0.0,5
5,fr_estro,15,0.0,0.0,5
5,fr_varic,39,0.1282051282051282,0.3343180720616743,5
5,ana_dime,233,1.5708154506437768,0.520323211966843,5
5,ana_crea,66,0.9393939393939394,0.2386062992124791,5
5,ana_trop,1066,0.8574108818011257,0.3496533448576486,5
5,tension_,83,130.9879518072289,23.43434508450889,5
5,ana_hemo,4,12.600000000000001,1.914418971907665,5
5,ana_plaq,5,343.6,87.2,5
5,ana_leuc,14,10.263571428571428,3.165053840983836,5
5,ana_neu,1323,6.732473922902495,3.0724686544438398,5
5,protcrea,1652,67.45074455205811,52.23739256347535,5
5,splanchnic,586,0.034129692832764506,0.1815622672801418,5
1,raza,546,2.9413919413919416,0.5614680882717318,6
1,ant_inf,31,0.06451612903225806,0.2456701001891583,6
1,ant_isq,31,0.0,0.0,6
1,ant_clau,32,0.0,0.0,6
1,fum_act,39,0.07692307692307693,0.26646935501059654,6
1,diabetes,30,0.03333333333333333,0.1795054935711501,6
1,hip_art,31,0.3870967741935484,0.4870860925981129,6
1,insf_car,6,0.0,0.0,6
1,fibr_aur,241,0.012448132780082987,0.11087459930197002,6
1,trat_est,37,0.10810810810810811,0.31051689981286645,6
1,var171,26,0.0,0.0,6
1,tv_l_esu,463,0.02159827213822894,0.14536776389169626,6
1,tvp_orig,1618,0.2169344870210136,0.4121576341182379,6
1,tv_l_ein,355,0.7295774647887324,0.4441781035363836,6
1,tvp_prox,685,0.8715328467153285,0.3346092404755198,6
1,tv_l_svc,600,0.011666666666666667,0.10738042445229742,6
1,tv_l_vre,621,0.001610305958132045,0.04009629500157402,6
1,tv_l_vrn,611,0.006546644844517185,0.08064605561214348,6
1,tv_l_vca,1173,0.07161125319693094,0.2578431337315306,6
1,tv_l_yug,1183,0.01944209636517329,0.13807281142245423,6
1,tv_l_ova,1187,0.0,0.0,6
1,tv_l_sup,1184,0.010135135135135136,0.10016193973225403,6
1,tv_l_pul,1184,0.0016891891891891893,0.04106501953088925,6
1,tv_l_ove,611,0.05237315875613748,0.2227783898811595,6
1,fr_antfa,888,0.12612612612612611,0.3319914553637528,6
1,fr_tvs_a,338,0.038461538461538464,0.19230769230769226,6
1,fr_viaje,10,0.0,0.0,6
1,fr_estro,15,0.06666666666666667,0.24944382578492946,6
1,fr_varic,39,0.10256410256410256,0.3033887068256214,6
1,ana_dime,233,1.55793991416309,0.5691187795450909,6
1,ana_crea,66,0.9545454545454546,0.20829889522526548,6
1,ana_trop,1066,0.8827392120075047,0.32173078123156695,6
1,tension_,83,132.43373493975903,20.303238967126624,6
1,ana_hemo,4,12.425,3.608583517115822,6
1,ana_plaq,5,332.0,213.30635246049283,6
1,ana_leuc,14,9.415000000000001,3.8357058393096684,6
1,ana_neu,1323,6.196766439909297,3.0220241459404265,6
1,protcrea,1652,72.40826271186441,59.80345987805546,6
1,splanchnic,586,0.017064846416382253,0.12951307823215205,6
2,raza,546,2.871794871794872,0.6726276190927454,6
2,ant_inf,31,0.06451612903225806,0.2456701001891583,6
2,ant_isq,31,0.03225806451612903,0.17668469596940847,6
2,ant_clau,32,0.03125,0.17399263633843817,6
2,fum_act,39,0.20512820512820512,0.4037952755903493,6
2,diabetes,30,0.16666666666666666,0.37267799624996495,6
2,hip_art,31,0.3548387096774194,0.47846441852230076,6
2,insf_car,6,0.0,0.0,6
2,fibr_aur,241,0.016597510373443983,0.12775771218539964,6
2,trat_est,37,0.10810810810810811,0.31051689981286645,6
2,var171,26,0.07692307692307693,0.2664693550105965,6
2,tv_l_esu,463,0.01511879049676026,0.12202545910864392,6
2,tvp_orig,1618,0.2088998763906057,0.4065227152750451,6
2,tv_l_ein,355,0.7830985915492957,0.41213491415167075,6
2,tvp_prox,685,0.8510948905109489,0.3559949126843034,6
2,tv_l_svc,600,0.006666666666666667,0.08137703743822466,6
2,tv_l_vre,621,0.004830917874396135,0.06933671543191944,6
2,tv_l_vrn,611,0.0032733224222585926,0.05711924178924761,6
2,tv_l_vca,1173,0.10912190963341858,0.311792107775958,6
2,tv_l_yug,1183,0.013524936601859678,0.11550763044827539,6
2,tv_l_ova,1187,0.005054759898904802,0.07091691830070751,6
2,tv_l_sup,1184,0.014358108108108109,0.11896198064786913,6
2,tv_l_pul,1184,0.0,0.0,6
2,tv_l_ove,611,0.054009819967266774,0.22603707508807092,6
2,fr_antfa,888,0.14301801801801803,0.3500912231693561,6
2,fr_tvs_a,338,0.0650887573964497,0.24668240929793878,6
2,fr_viaje,10,0.0,0.0,6
2,fr_estro,15,0.0,0.0,6
2,fr_varic,39,0.10256410256410256,0.3033887068256214,6
2,ana_dime,233,1.5064377682403434,0.5644715077283169,6
2,ana_crea,66,0.803030303030303,0.3977092348002027,6
2,ana_trop,1066,0.8799249530956847,0.32504927321137284,6
2,tension_,83,129.34939759036143,17.374287701401705,6
2,ana_hemo,4,14.6,2.7166155414412256,6
2,ana_plaq,5,173.0,34.397674339989905,6
2,ana_leuc,14,9.405,3.799149810906946,6
2,ana_neu,1323,6.991779289493575,3.191716683213779,6
2,protcrea,1652,79.44213075060533,57.69642275714152,6
2,splanchnic,586,0.020477815699658702,0.14162794485492441,6
3,raza,546,2.9047619047619047,0.627582750038449,6
3,ant_inf,31,0.0,0.0,6
3,ant_isq,31,0.0,0.0,6
3,ant_clau,32,0.0,0.0,6
3,fum_act,39,0.23076923076923078,0.4213250442347431,6
3,diabetes,30,0.1,0.3,6
3,hip_art,31,0.1935483870967742,0.3950789907714804,6
3,insf_car,6,0.0,0.0,6
3,fibr_aur,241,0.012448132780082987,0.11087459930197002,6
3,trat_est,37,0.08108108108108109,0.27295959292870475,6
3,var171,26,0.038461538461538464,0.1923076923076923,6
3,tv_l_esu,463,0.02159827213822894,0.14536776389169626,6
3,tvp_orig,1618,0.2249690976514215,0.4175619747454582,6
3,tv_l_ein,355,0.7633802816901408,0.4250068554939109,6
3,tvp_prox,685,0.8788321167883212,0.3263222751968976,6
3,tv_l_svc,600,0.005,0.07053367989832943,6
3,tv_l_vre,621,0.0,0.0,6
3,tv_l_vrn,611,0.0,0.0,6
3,tv_l_vca,1173,0.0792838874680307,0.27018133291548346,6
3,tv_l_yug,1183,0.0076077768385460695,0.08689015231958654,6
3,tv_l_ova,1187,0.004212299915754001,0.06476539542976434,6
3,tv_l_sup,1184,0.004222972972972973,0.06484704675035334,6
3,tv_l_pul,1184,0.0,0.0,6
3,tv_l_ove,611,0.02127659574468085,0.14430489325798443,6
3,fr_antfa,888,0.14189189189189189,0.34893922523446913,6
3,fr_tvs_a,338,0.05325443786982249,0.22454042557408613,6
3,fr_viaje,10,0.1,0.30000000000000004,6
3,fr_estro,15,0.0,0.0,6
3,fr_varic,39,0.20512820512820512,0.4037952755903492,6
3,ana_dime,233,1.5150214592274678,0.5410109155075337,6
3,ana_crea,66,0.9242424242424242,0.2646098363117118,6
3,ana_trop,1066,0.8658536585365854,0.34080947835322245,6
3,tension_,83,132.67469879518072,19.819126963213453,6
3,ana_hemo,4,14.45,1.6271140095272978,6
3,ana_plaq,5,215.0,48.58806437799308,6
3,ana_leuc,14,9.454285714285716,2.996861964230762,6
3,ana_neu,1323,6.2168820861678,3.0883009004474924,6
3,protcrea,1652,101.53568401937046,52.60409813305122,6
3,splanchnic,586,0.02901023890784983,0.1678351719585597,6
4,raza,546,2.9065934065934065,0.6823739317025157,6
4,ant_inf,31,0.0,0.0,6
4,ant_isq,31,0.0,0.0,6
4,ant_clau,32,0.0,0.0,6
4,fum_act,39,0.2564102564102564,0.43665093245965136,6
4,diabetes,30,0.06666666666666667,0.24944382578492943,6
4,hip_art,31,0.2903225806451613,0.4539112025635577,6
4,insf_car,6,0.0,0.0,6
4,fibr_aur,241,0.012448132780082987,0.11087459930197002,6
4,trat_est,37,0.1891891891891892,0.3916588309780929,6
4,var171,26,0.038461538461538464,0.1923076923076923,6
4,tv_l_esu,463,0.01511879049676026,0.12202545910864392,6
4,tvp_orig,1618,0.2688504326328801,0.44336201630946387,6
4,tv_l_ein,355,0.7464788732394366,0.4350266256755071,6
4,tvp_prox,685,0.8598540145985402,0.34713842797551764,6
4,tv_l_svc,600,0.0033333333333333335,0.05763872155263527,6
4,tv_l_vre,621,0.004830917874396135,0.06933671543191944,6
4,tv_l_vrn,611,0.004909983633387889,0.06989903929316733,6
4,tv_l_vca,1173,0.059676044330775786,0.23688565609552445,6
4,tv_l_yug,1183,0.034657650042265425,0.1829111733487413,6
4,tv_l_ova,1187,0.0016849199663016006,0.04101318094233559,6
4,tv_l_sup,1184,0.004222972972972973,0.06484704675035334,6
4,tv_l_pul,1184,0.0,0.0,6
4,tv_l_ove,611,0.05564648117839607,0.2292377593479279,6
4,fr_antfa,888,0.12950450450450451,0.3357574836359531,6
4,fr_tvs_a,338,0.04437869822485207,0.20593501248869647,6
4,fr_viaje,10,0.0,0.0,6
4,fr_estro,15,0.13333333333333333,0.339934634239519,6
4,fr_varic,39,0.07692307692307693,0.26646935501059643,6
4,ana_dime,233,1.613733905579399,0.5291342491818865,6
4,ana_crea,66,0.9393939393939394,0.23860629921247914,6
4,ana_trop,1066,0.8564727954971857,0.3506096776622425,6
4,tension_,83,128.9156626506024,17.606957017164202,6
4,ana_hemo,4,13.325,2.310167742827347,6
4,ana_plaq,5,242.4,81.68378051975802,6
4,ana_leuc,14,9.30642857142857,3.03185611970823,6
4,ana_neu,1323,5.902804988662131,3.010054279610815,6
4,protcrea,1652,97.54754842615012,54.58307307181551,6
4,splanchnic,586,0.011945392491467578,0.10864023237131062,6
5,raza,546,2.946886446886447,0.6134328240292761,6
5,ant_inf,31,0.03225806451612903,0.17668469596940847,6
5,ant_isq,31,0.03225806451612903,0.17668469596940847,6
5,ant_clau,32,0.0,0.0,6
5,fum_act,39,0.28205128205128205,0.4499981737124165,6
5,diabetes,30,0.13333333333333333,0.33993463423951903,6
5,hip_art,31,0.2903225806451613,0.45391120256355777,6
5,insf_car,6,0.0,0.0,6
5,fibr_aur,241,0.016597510373443983,0.1277577121853996,6
5,trat_est,37,0.24324324324324326,0.4290407531456093,6
5,var171,26,0.038461538461538464,0.1923076923076923,6
5,tv_l_esu,463,0.012958963282937365,0.11309742947374553,6
5,tvp_orig,1618,0.2558714462299135,0.4363499160468878,6
5,tv_l_ein,355,0.7887323943661971,0.4082077956673081,6
5,tvp_prox,685,0.8832116788321168,0.3211678832116788,6
5,tv_l_svc,600,0.005,0.07053367989832944,6
5,tv_l_vre,621,0.008051529790660225,0.08936835378751438,6
5,tv_l_vrn,611,0.0032733224222585926,0.05711924178924761,6
5,tv_l_vca,1173,0.06820119352088662,0.2520908382373568,6
5,tv_l_yug,1183,0.01267962806424345,0.11188768965527841,6
5,tv_l_ova,1187,0.007582139848357203,0.0867447462598004,6
5,tv_l_sup,1184,0.011824324324324325,0.10809491051200104,6
5,tv_l_pul,1184,0.0,0.0,6
5,tv_l_ove,611,0.054009819967266774,0.2260370750880709,6
5,fr_antfa,888,0.13963963963963963,0.3466127676254168,6
5,fr_tvs_a,338,0.03254437869822485,0.17744081298667277,6
5,fr_viaje,10,0.0,0.0,6
5,fr_estro,15,0.06666666666666667,0.24944382578492943,6
5,fr_varic,39,0.15384615384615385,0.36080121229411,6
5,ana_dime,233,1.5622317596566524,0.5295866048518736,6
5,ana_crea,66,0.8939393939393939,0.30791517322578144,6
5,ana_trop,1066,0.875234521575985,0.33045280119502946,6
5,tension_,83,131.6265060240964,22.02173671153418,6
5,ana_hemo,4,14.600000000000001,0.6745368781616018,6
5,ana_plaq,5,252.8,62.39038387444014,6
5,ana_leuc,14,9.34785714285714,2.5524251173328936,6
5,ana_neu,1323,7.411280423280423,3.043041941746986,6
5,protcrea,1652,33.687554479418885,41.40577606271848,6
5,splanchnic,586,0.025597269624573378,0.15793052083856451,6
1,raza,546,2.9194139194139193,0.602884112893302,7
1,ant_inf,31,0.0,0.0,7
1,ant_isq,31,0.06451612903225806,0.24567010018915833,7
1,ant_clau,32,0.0,0.0,7
1,fum_act,39,0.2564102564102564,0.43665093245965136,7
1,diabetes,30,0.03333333333333333,0.1795054935711501,7
1,hip_art,31,0.3225806451612903,0.4674637660061109,7
1,insf_car,6,0.0,0.0,7
1,fibr_aur,241,0.008298755186721992,0.09071871829491886,7
1,trat_est,37,0.21621621621621623,0.4116634111277789,7
1,var171,26,0.038461538461538464,0.1923076923076923,7
1,tv_l_esu,463,0.004319654427645789,0.06558197170923964,7
1,tvp_orig,1618,0.242274412855377,0.42845947501596854,7
1,tv_l_ein,355,0.7267605633802817,0.44562276299069065,7
1,tvp_prox,685,0.8540145985401459,0.3530915802174547,7
1,tv_l_svc,600,0.008333333333333333,0.09090593428863096,7
1,tv_l_vre,621,0.00644122383252818,0.07999834040820754,7
1,tv_l_vrn,611,0.014729950900163666,0.12046982795141048,7
1,tv_l_vca,1173,0.03751065643648764,0.19000949210550355,7
1,tv_l_yug,1183,0.028740490278951817,0.16707625354154101,7
1,tv_l_ova,1187,0.005897219882055603,0.0765665898399445,7
1,tv_l_sup,1184,0.018581081081081082,0.1350400848153591,7
1,tv_l_pul,1184,0.002533783783783784,0.05027289253186869,7
1,tv_l_ove,611,0.031096563011456628,0.17357870485843344,7
1,fr_antfa,888,0.18130630630630631,0.38527176070907426,7
1,fr_tvs_a,338,0.06804733727810651,0.25182711761735693,7
1,fr_viaje,10,0.1,0.30000000000000004,7
1,fr_estro,15,0.06666666666666667,0.24944382578492946,7
1,fr_varic,39,0.15384615384615385,0.36080121229411,7
1,ana_dime,233,1.5879828326180256,0.5340201083293876,7
1,ana_crea,66,0.9545454545454546,0.20829889522526546,7
1,ana_trop,1066,0.8649155722326454,0.34181372872095256,7
1,tension_,83,128.49397590361446,19.48330981380279,7
1,ana_hemo,4,13.525,1.8032955941830504,7
1,ana_plaq,5,195.4,36.202762325546374,7
1,ana_leuc,14,7.496428571428572,2.4539140954310326,7
1,ana_neu,1323,6.172336356764928,2.999486988048933,7
1,protcrea,1652,53.25780871670702,42.73263011793611,7
1,splanchnic,586,0.032423208191126277,0.17712126851883472,7
2,raza,546,2.8864468864468864,0.6587807960838268,7
2,ant_inf,31,0.0967741935483871,0.29565004483586066,7
2,ant_isq,31,0.0967741935483871,0.29565004483586066,7
2,ant_clau,32,0.0,0.0,7
2,fum_act,39,0.20512820512820512,0.4037952755903493,7
2,diabetes,30,0.06666666666666667,0.24944382578492943,7
2,hip_art,31,0.3225806451612903,0.46746376600611095,7
2,insf_car,6,0.16666666666666666,0.372677996249965,7
2,fibr_aur,241,0.012448132780082987,0.11087459930197002,7
2,trat_est,37,0.21621621621621623,0.4116634111277789,7
2,var171,26,0.0,0.0,7
2,tv_l_esu,463,0.008639308855291577,0.09254550879321188,7
2,tvp_orig,1618,0.29604449938195304,0.4565108473712775,7
2,tv_l_ein,355,0.7746478873239436,0.41781399927299506,7
2,tvp_prox,685,0.9065693430656935,0.2910349966569837,7
2,tv_l_svc,600,0.01,0.09949874371066199,7
2,tv_l_vre,621,0.00644122383252818,0.07999834040820752,7
2,tv_l_vrn,611,0.0016366612111292963,0.040422550033481074,7
2,tv_l_vca,1173,0.041773231031543054,0.20007055805572288,7
2,tv_l_yug,1183,0.0253592561284869,0.1572137533967582,7
2,tv_l_ova,1187,0.0008424599831508003,0.02901293236347525,7
2,tv_l_sup,1184,0.010135135135135136,0.10016193973225403,7
2,tv_l_pul,1184,0.0,0.0,7
2,tv_l_ove,611,0.0425531914893617,0.2018475102235136,7
2,fr_antfa,888,0.1463963963963964,0.35350317045048635,7
2,fr_tvs_a,338,0.03550295857988166,0.18504728723209338,7
2,fr_viaje,10,0.0,0.0,7
2,fr_estro,15,0.0,0.0,7
2,fr_varic,39,0.20512820512820512,0.4037952755903493,7
2,ana_dime,233,1.6180257510729614,0.5442019468851014,7
2,ana_crea,66,0.8787878787878788,0.3263736246748184,7
2,ana_trop,1066,0.8405253283302064,0.3661181513741229,7
2,tension_,83,134.55421686746988,21.635676144230594,7
2,ana_hemo,4,15.0,2.5228951623085734,7
2,ana_plaq,5,213.6,94.19256870900166,7
2,ana_leuc,14,8.095,3.3169322099968044,7
2,ana_neu,1323,6.471981859410431,3.0496987652890843,7
2,protcrea,1652,60.732002421307506,47.27776461480978,7
2,splanchnic,586,0.025597269624573378,0.15793052083856451,7
3,raza,546,2.9084249084249083,0.5196174371509216,7
3,ant_inf,31,0.03225806451612903,0.17668469596940847,7
3,ant_isq,31,0.06451612903225806,0.24567010018915833,7
3,ant_clau,32,0.0,0.0,7
3,fum_act,39,0.1794871794871795,0.38375973197681446,7
3,diabetes,30,0.1,0.30000000000000004,7
3,hip_art,31,0.22580645161290322,0.4181123031230877,7
3,insf_car,6,0.0,0.0,7
3,fibr_aur,241,0.004149377593360996,0.06428188126485339,7
3,trat_est,37,0.13513513513513514,0.3418678551533383,7
3,var171,26,0.0,0.0,7
3,tv_l_esu,463,0.01511879049676026,0.1220254591086439,7
3,tvp_orig,1618,0.29480840543881337,0.45595658732102734,7
3,tv_l_ein,355,0.7915492957746478,0.40620069932646213,7
3,tvp_prox,685,0.8773722627737226,0.32800941341528667,7
3,tv_l_svc,600,0.0033333333333333335,0.05763872155263527,7
3,tv_l_vre,621,0.01288244766505636,0.11276741642519546,7
3,tv_l_vrn,611,0.008183306055646482,0.09009072958771121,7
3,tv_l_vca,1173,0.04092071611253197,0.1981065650233973,7
3,tv_l_yug,1183,0.023668639053254437,0.15201458672976484,7
3,tv_l_ova,1187,0.005054759898904802,0.07091691830070751,7
3,tv_l_sup,1184,0.008445945945945946,0.09151290588230768,7
3,tv_l_pul,1184,0.0033783783783783786,0.05802555418012726,7
3,tv_l_ove,611,0.027823240589198037,0.16446612986360942,7
3,fr_antfa,888,0.16891891891891891,0.3746802873786966,7
3,fr_tvs_a,338,0.04437869822485207,0.20593501248869647,7
3,fr_viaje,10,0.0,0.0,7
3,fr_estro,15,0.0,0.0,7
3,fr_varic,39,0.15384615384615385,0.36080121229411,7
3,ana_dime,233,1.5665236051502145,0.5208893192600437,7
3,ana_crea,66,0.9090909090909091,0.2874797872880344,7
3,ana_trop,1066,0.8395872420262664,0.3669884263202233,7
3,tension_,83,127.4578313253012,20.549851935572637,7
3,ana_hemo,4,11.875,2.1323402636539974,7
3,ana_plaq,5,223.6,78.6729940958141,7
3,ana_leuc,14,8.015714285714285,2.5677108044930224,7
3,ana_neu,1323,6.211761904761905,3.0186521565138467,7
3,protcrea,1652,57.01430992736078,44.58066809848564,7
3,splanchnic,586,0.015358361774744027,0.12297350323683597,7
4,raza,546,2.8974358974358974,0.6983187689255663,7
4,ant_inf,31,0.03225806451612903,0.17668469596940847,7
4,ant_isq,31,0.03225806451612903,0.17668469596940847,7
4,ant_clau,32,0.0625,0.24206145913796356,7
4,fum_act,39,0.1794871794871795,0.38375973197681446,7
4,diabetes,30,0.13333333333333333,0.33993463423951903,7
4,hip_art,31,0.3225806451612903,0.46746376600611095,7
4,insf_car,6,0.0,0.0,7
4,fibr_aur,241,0.0,0.0,7
4,trat_est,37,0.2702702702702703,0.44409937095013474,7
4,var171,26,0.038461538461538464,0.1923076923076923,7
4,tv_l_esu,463,0.01079913606911447,0.10335625152488466,7
4,tvp_orig,1618,0.3800988875154512,0.48541088082671535,7
4,tv_l_ein,355,0.7887323943661971,0.4082077956673081,7
4,tvp_prox,685,0.8773722627737226,0.32800941341528667,7
4,tv_l_svc,600,0.006666666666666667,0.08137703743822466,7
4,tv_l_vre,621,0.011272141706924315,0.10557026346591795,7
4,tv_l_vrn,611,0.0016366612111292963,0.040422550033481074,7
4,tv_l_vca,1173,0.06905370843989769,0.25354544718964156,7
4,tv_l_yug,1183,0.013524936601859678,0.11550763044827539,7
4,tv_l_ova,1187,0.003369839932603201,0.05795242972845776,7
4,tv_l_sup,1184,0.02364864864864865,0.15195193340573662,7
4,tv_l_pul,1184,0.0,0.0,7
4,tv_l_ove,611,0.029459901800327332,0.16909173837370767,7
4,fr_antfa,888,0.12950450450450451,0.3357574836359531,7
4,fr_tvs_a,338,0.047337278106508875,0.21235927153759004,7
4,fr_viaje,10,0.0,0.0,7
4,fr_estro,15,0.06666666666666667,0.24944382578492943,7
4,fr_varic,39,0.1794871794871795,0.38375973197681446,7
4,ana_dime,233,1.6180257510729614,0.5442019468851013,7
4,ana_crea,66,0.9242424242424242,0.2646098363117118,7
4,ana_trop,1066,0.8527204502814258,0.3543843731787114,7
4,tension_,83,129.51807228915663,21.915149321369153,7
4,ana_hemo,4,12.675,2.9507414322505454,7
4,ana_plaq,5,237.8,147.54714500796007,7
4,ana_leuc,14,8.612857142857143,3.1612936515009817,7
4,ana_neu,1323,6.990494331065761,3.09729479174808,7
4,protcrea,1652,44.64501210653753,44.179423951266195,7
4,splanchnic,586,0.015358361774744027,0.12297350323683597,7
5,raza,546,2.9267399267399266,0.6589335332386479,7
5,ant_inf,31,0.0,0.0,7
5,ant_isq,31,0.03225806451612903,0.17668469596940847,7
5,ant_clau,32,0.03125,0.17399263633843817,7
5,fum_act,39,0.20512820512820512,0.4037952755903493,7
5,diabetes,30,0.06666666666666667,0.24944382578492943,7
5,hip_art,31,0.3548387096774194,0.47846441852230076,7
5,insf_car,6,0.0,0.0,7
5,fibr_aur,241,0.02074688796680498,0.14253580113956568,7
5,trat_est,37,0.2702702702702703,0.44409937095013474,7
5,var171,26,0.038461538461538464,0.1923076923076923,7
5,tv_l_esu,463,0.012958963282937365,0.11309742947374553,7
5,tvp_orig,1618,0.25339925834363414,0.4349575544975972,7
5,tv_l_ein,355,0.8253521126760563,0.37966564603243563,7
5,tvp_prox,685,0.8248175182481752,0.38012311142457045,7
5,tv_l_svc,600,0.006666666666666667,0.08137703743822468,7
5,tv_l_vre,621,0.011272141706924315,0.10557026346591797,7
5,tv_l_vrn,611,0.0016366612111292963,0.040422550033481074,7
5,tv_l_vca,1173,0.03239556692242114,0.17704828201989442,7
5,tv_l_yug,1183,0.006762468300929839,0.08195570342208501,7
5,tv_l_ova,1187,0.003369839932603201,0.05795242972845776,7
5,tv_l_sup,1184,0.007601351351351352,0.08685373226859432,7
5,tv_l_pul,1184,0.004222972972972973,0.06484704675035334,7
5,tv_l_ove,611,0.03273322422258593,0.17793751783864986,7
5,fr_antfa,888,0.1677927927927928,0.37368217977258117,7
5,fr_tvs_a,338,0.03550295857988166,0.18504728723209335,7
5,fr_viaje,10,0.0,0.0,7
5,fr_estro,15,0.06666666666666667,0.24944382578492946,7
5,fr_varic,39,0.1794871794871795,0.38375973197681446,7
5,ana_dime,233,1.5236051502145922,0.5485844901253527,7
5,ana_crea,66,0.9393939393939394,0.23860629921247914,7
5,ana_trop,1066,0.8649155722326454,0.34181372872095256,7
5,tension_,83,128.90361445783134,20.03467744159378,7
5,ana_hemo,4,13.875,1.138804197393037,7
5,ana_plaq,5,326.2,159.31277412687282,7
5,ana_leuc,14,9.36142857142857,3.781979559404718,7
5,ana_neu,1323,7.123773242630386,3.0829860975001626,7
5,protcrea,1652,59.55743341404359,48.84951950141551,7
5,splanchnic,586,0.011945392491467578,0.10864023237131064,7
1,raza,546,2.8772893772893773,0.6750096842045615,8
1,ant_inf,31,0.0,0.0,8
1,ant_isq,31,0.0,0.0,8
1,ant_clau,32,0.0625,0.24206145913796356,8
1,fum_act,39,0.2564102564102564,0.4366509324596513,8
1,diabetes,30,0.03333333333333333,0.1795054935711501,8
1,hip_art,31,0.3548387096774194,0.47846441852230076,8
1,insf_car,6,0.0,0.0,8
1,fibr_aur,241,0.016597510373443983,0.1277577121853996,8
1,trat_est,37,0.2702702702702703,0.44409937095013474,8
1,var171,26,0.0,0.0,8
1,tv_l_esu,463,0.01079913606911447,0.10335625152488466,8
1,tvp_orig,1618,0.24907292954264523,0.43247613264975643,8
1,tv_l_ein,355,0.752112676056338,0.4317860564813458,8
1,tvp_prox,685,0.8218978102189781,0.3825987451315369,8
1,tv_l_svc,600,0.0033333333333333335,0.057638721552635275,8
1,tv_l_vre,621,0.00966183574879227,0.09781863155225402,8
1,tv_l_vrn,611,0.0032733224222585926,0.05711924178924763,8
1,tv_l_vca,1173,0.05029838022165388,0.21855995325935587,8
1,tv_l_yug,1183,0.0169061707523246,0.12891994470530088,8
1,tv_l_ova,1187,0.003369839932603201,0.05795242972845776,8
1,tv_l_sup,1184,0.01266891891891892,0.11184103635224761,8
1,tv_l_pul,1184,0.005067567567567568,0.07100624850332332,8
1,tv_l_ove,611,0.031096563011456628,0.17357870485843344,8
1,fr_antfa,888,0.13626126126126126,0.34306578077790206,8
1,fr_tvs_a,338,0.07396449704142012,0.26171310670050496,8
1,fr_viaje,10,0.0,0.0,8
1,fr_estro,15,0.0,0.0,8
1,fr_varic,39,0.1282051282051282,0.3343180720616743,8
1,ana_dime,233,1.5879828326180256,0.5576096744690718,8
1,ana_crea,66,0.9090909090909091,0.2874797872880344,8
1,ana_trop,1066,0.8461538461538461,0.36080121229410994,8
1,tension_,83,134.6867469879518,24.443654268464563,8
1,ana_hemo,4,13.649999999999999,2.191460700081112,8
1,ana_plaq,5,234.2,128.38286490026618,8
1,ana_leuc,14,8.440714285714288,2.84290461195114,8
1,ana_neu,1323,6.395378684807255,3.0332097943095646,8
1,protcrea,1652,55.391970944309925,36.49370492027183,8
1,splanchnic,586,0.013651877133105802,0.11604095563139934,8
2,raza,546,2.879120879120879,0.6172460074718074,8
2,ant_inf,31,0.0967741935483871,0.29565004483586066,8
2,ant_isq,31,0.06451612903225806,0.24567010018915833,8
2,ant_clau,32,0.03125,0.17399263633843817,8
2,fum_act,39,0.28205128205128205,0.44999817371241657,8
2,diabetes,30,0.13333333333333333,0.33993463423951903,8
2,hip_art,31,0.25806451612903225,0.43756967633066257,8
2,insf_car,6,0.0,0.0,8
2,fibr_aur,241,0.0,0.0,8
2,trat_est,37,0.21621621621621623,0.4116634111277789,8
2,var171,26,0.11538461538461539,0.31948553318915673,8
2,tv_l_esu,463,0.008639308855291577,0.09254550879321188,8
2,tvp_orig,1618,0.3535228677379481,0.47806322774742405,8
2,tv_l_ein,355,0.7492957746478873,0.4334185237650898,8
2,tvp_prox,685,0.8686131386861314,0.33782296249360977,8
2,tv_l_svc,600,0.011666666666666667,0.10738042445229742,8
2,tv_l_vre,621,0.004830917874396135,0.06933671543191944,8
2,tv_l_vrn,611,0.0,0.0,8
2,tv_l_vca,1173,0.05456095481670929,0.22712123860660477,8
2,tv_l_yug,1183,0.032121724429416736,0.1763233372219836,8
2,tv_l_ova,1187,0.0,0.0,8
2,tv_l_sup,1184,0.006756756756756757,0.08192132197960905,8
2,tv_l_pul,1184,0.0016891891891891893,0.04106501953088925,8
2,tv_l_ove,611,0.02127659574468085,0.14430489325798443,8
2,fr_antfa,888,0.1463963963963964,0.3535031704504863,8
2,fr_tvs_a,338,0.04142011834319527,0.19925986083411523,8
2,fr_viaje,10,0.0,0.0,8
2,fr_estro,15,0.0,0.0,8
2,fr_varic,39,0.23076923076923078,0.4213250442347431,8
2,ana_dime,233,1.5708154506437768,0.5600488370196964,8
2,ana_crea,66,0.9696969696969697,0.17141982574219336,8
2,ana_trop,1066,0.8855534709193246,0.3183528248061599,8
2,tension_,83,131.6867469879518,20.541423157160438,8
2,ana_hemo,4,13.3,2.2912878474779195,8
2,ana_plaq,5,313.0,217.5913601225931,8
2,ana_leuc,14,8.535714285714286,3.0486336852660365,8
2,ana_neu,1323,6.141237339380196,2.920480779422222,8
2,protcrea,1652,64.7978196125908,36.112069539290594,8
2,splanchnic,586,0.03583617747440273,0.18588153716393097,8
3,raza,546,2.967032967032967,0.6012907261672288,8
3,ant_inf,31,0.0,0.0,8
3,ant_isq,31,0.03225806451612903,0.17668469596940845,8
3,ant_clau,32,0.0,0.0,8
3,fum_act,39,0.2564102564102564,0.4366509324596513,8
3,diabetes,30,0.06666666666666667,0.24944382578492943,8
3,hip_art,31,0.3225806451612903,0.4674637660061109,8
3,insf_car,6,0.0,0.0,8
3,fibr_aur,241,0.024896265560165973,0.15580899050222893,8
3,trat_est,37,0.08108108108108109,0.27295959292870475,8
3,var171,26,0.038461538461538464,0.1923076923076923,8
3,tv_l_esu,463,0.012958963282937365,0.11309742947374553,8
3,tvp_orig,1618,0.30284301606922126,0.459487892862607,8
3,tv_l_ein,355,0.7633802816901408,0.4250068554939109,8
3,tvp_prox,685,0.8262773722627738,0.37887079110073846,8
3,tv_l_svc,600,0.006666666666666667,0.08137703743822468,8
3,tv_l_vre,621,0.00322061191626409,0.05665897612160767,8
3,tv_l_vrn,611,0.006546644844517185,0.08064605561214348,8
3,tv_l_vca,1173,0.04774083546462063,0.2132173728704128,8
3,tv_l_yug,1183,0.028740490278951817,0.167076253541541,8
3,tv_l_ova,1187,0.003369839932603201,0.05795242972845776,8
3,tv_l_sup,1184,0.008445945945945946,0.09151290588230768,8
3,tv_l_pul,1184,0.0,0.0,8
3,tv_l_ove,611,0.03273322422258593,0.17793751783864983,8
3,fr_antfa,888,0.10022522522522523,0.30030006569059897,8
3,fr_tvs_a,338,0.04142011834319527,0.1992598608341152,8
3,fr_viaje,10,0.1,0.30000000000000004,8
3,fr_estro,15,0.0,0.0,8
3,fr_varic,39,0.1282051282051282,0.3343180720616743,8
3,ana_dime,233,1.48068669527897,0.5565184931074834,8
3,ana_crea,66,0.9090909090909091,0.2874797872880344,8
3,ana_trop,1066,0.8405253283302064,0.3661181513741229,8
3,tension_,83,138.10843373493975,21.636098822237084,8
3,ana_hemo,4,15.05,3.1980462785894765,8
3,ana_plaq,5,267.4,106.22730345819761,8
3,ana_leuc,14,8.75357142857143,3.2448676115253963,8
3,ana_neu,1323,6.539885865457294,3.133343000873503,8
3,protcrea,1652,74.13666464891041,42.809586985234716,8
3,splanchnic,586,0.010238907849829351,0.10066813108363569,8
4,raza,546,2.901098901098901,0.5390592481373966,8
4,ant_inf,31,0.03225806451612903,0.17668469596940847,8
4,ant_isq,31,0.0,0.0,8
4,ant_clau,32,0.09375,0.2914805954090255,8
4,fum_act,39,0.20512820512820512,0.4037952755903493,8
4,diabetes,30,0.1,0.30000000000000004,8
4,hip_art,31,0.2903225806451613,0.45391120256355777,8
4,insf_car,6,0.0,0.0,8
4,fibr_aur,241,0.004149377593360996,0.06428188126485339,8
4,trat_est,37,0.21621621621621623,0.4116634111277789,8
4,var171,26,0.0,0.0,8
4,tv_l_esu,463,0.019438444924406047,0.1380601020690876,8
4,tvp_orig,1618,0.31334981458590855,0.46385526652705505,8
4,tv_l_ein,355,0.7915492957746478,0.40620069932646213,8
4,tvp_prox,685,0.7956204379562044,0.4032475129031572,8
4,tv_l_svc,600,0.006666666666666667,0.08137703743822466,8
4,tv_l_vre,621,0.004830917874396135,0.06933671543191944,8
4,tv_l_vrn,611,0.0032733224222585926,0.05711924178924761,8
4,tv_l_vca,1173,0.04688832054560955,0.21139963562414602,8
4,tv_l_yug,1183,0.009298393913778529,0.09597881945722574,8
4,tv_l_ova,1187,0.005054759898904802,0.07091691830070751,8
4,tv_l_sup,1184,0.005067567567567568,0.07100624850332332,8
4,tv_l_pul,1184,0.0,0.0,8
4,tv_l_ove,611,0.03273322422258593,0.17793751783864986,8
4,fr_antfa,888,0.13063063063063063,0.33699594800483046,8
4,fr_tvs_a,338,0.03254437869822485,0.17744081298667277,8
4,fr_viaje,10,0.0,0.0,8
4,fr_estro,15,0.06666666666666667,0.24944382578492946,8
4,fr_varic,39,0.2564102564102564,0.4366509324596513,8
4,ana_dime,233,1.6309012875536482,0.5251507477405126,8
4,ana_crea,66,0.9090909090909091,0.2874797872880344,8
4,ana_trop,1066,0.8433395872420263,0.36348029909814233,8
4,tension_,83,133.75903614457832,20.551194003624147,8
4,ana_hemo,4,13.875,1.1388041973930374,8
4,ana_plaq,5,193.4,36.680239911974404,8
4,ana_leuc,14,8.263571428571428,3.0599477286451835,8
4,ana_neu,1323,6.581712773998488,3.027167499900211,8
4,protcrea,1652,68.3409975786925,36.348555268191056,8
4,splanchnic,586,0.020477815699658702,0.14162794485492444,8
5,raza,546,2.948717948717949,0.45404995320725877,8
5,ant_inf,31,0.0,0.0,8
5,ant_isq,31,0.03225806451612903,0.17668469596940847,8
5,ant_clau,32,0.0,0.0,8
5,fum_act,39,0.3333333333333333,0.4714045207910317,8
5,diabetes,30,0.06666666666666667,0.24944382578492943,8
5,hip_art,31,0.25806451612903225,0.4375696763306625,8
5,insf_car,6,0.0,0.0,8
5,fibr_aur,241,0.012448132780082987,0.11087459930197002,8
5,trat_est,37,0.24324324324324326,0.4290407531456093,8
5,var171,26,0.038461538461538464,0.1923076923076923,8
5,tv_l_esu,463,0.008639308855291577,0.09254550879321188,8
5,tvp_orig,1618,0.35908529048207666,0.47973226349858866,8
5,tv_l_ein,355,0.7633802816901408,0.4250068554939109,8
5,tvp_prox,685,0.8102189781021898,0.3921277669653516,8
5,tv_l_svc,600,0.011666666666666667,0.10738042445229742,8
5,tv_l_vre,621,0.00322061191626409,0.056658976121607675,8
5,tv_l_vrn,611,0.0016366612111292963,0.040422550033481074,8
5,tv_l_vca,1173,0.041773231031543054,0.20007055805572288,8
5,tv_l_yug,1183,0.011834319526627219,0.10814004072483471,8
5,tv_l_ova,1187,0.004212299915754001,0.06476539542976434,8
5,tv_l_sup,1184,0.010135135135135136,0.10016193973225403,8
5,tv_l_pul,1184,0.0,0.0,8
5,tv_l_ove,611,0.03600654664484452,0.18630640150987074,8
5,fr_antfa,888,0.15878378378378377,0.3654743408107995,8
5,fr_tvs_a,338,0.07100591715976332,0.25683472679539293,8
5,fr_viaje,10,0.1,0.30000000000000004,8
5,fr_estro,15,0.0,0.0,8
5,fr_varic,39,0.10256410256410256,0.3033887068256214,8
5,ana_dime,233,1.5665236051502145,0.5681793984666627,8
5,ana_crea,66,0.9545454545454546,0.20829889522526548,8
5,ana_trop,1066,0.8367729831144465,0.3695726692332601,8
5,tension_,83,134.710843373494,21.284945820129064,8
5,ana_hemo,4,13.75,1.5596473960482224,8
5,ana_plaq,5,382.0,395.6983699738982,8
5,ana_leuc,14,9.252142857142857,3.1838704625736547,8
5,ana_neu,1323,6.671881330309903,3.0885951849431748,8
5,protcrea,1652,71.37492130750606,33.84994212184717,8
5,splanchnic,586,0.010238907849829351,0.10066813108363568,8
1,raza,546,2.946886446886447,0.6193753602804525,9
1,ant_inf,31,0.0,0.0,9
1,ant_isq,31,0.0,0.0,9
1,ant_clau,32,0.03125,0.17399263633843817,9
1,fum_act,39,0.3333333333333333,0.4714045207910317,9
1,diabetes,30,0.03333333333333333,0.1795054935711501,9
1,hip_art,31,0.2903225806451613,0.4539112025635577,9
1,insf_car,6,0.0,0.0,9
1,fibr_aur,241,0.02074688796680498,0.1425358011395657,9
1,trat_est,37,0.2702702702702703,0.44409937095013474,9
1,var171,26,0.07692307692307693,0.2664693550105965,9
1,tv_l_esu,463,0.01079913606911447,0.10335625152488466,9
1,tvp_orig,1618,0.292336217552534,0.45483596324346603,9
1,tv_l_ein,355,0.7154929577464789,0.45117932705485775,9
1,tvp_prox,685,0.8613138686131386,0.34561870370077996,9
1,tv_l_svc,600,0.006666666666666667,0.08137703743822468,9
1,tv_l_vre,621,0.01288244766505636,0.11276741642519546,9
1,tv_l_vrn,611,0.004909983633387889,0.06989903929316733,9
1,tv_l_vca,1173,0.03836317135549872,0.19207144097717221,9
1,tv_l_yug,1183,0.01944209636517329,0.13807281142245423,9
1,tv_l_ova,1187,0.008424599831508003,0.09139817257028152,9
1,tv_l_sup,1184,0.002533783783783784,0.05027289253186869,9
1,tv_l_pul,1184,0.0,0.0,9
1,tv_l_ove,611,0.03436988543371522,0.18217737622709496,9
1,fr_antfa,888,0.13288288288288289,0.3394481143262059,9
1,fr_tvs_a,338,0.03254437869822485,0.17744081298667275,9
1,fr_viaje,10,0.0,0.0,9
1,fr_estro,15,0.0,0.0,9
1,fr_varic,39,0.20512820512820512,0.4037952755903492,9
1,ana_dime,233,1.5879828326180256,0.5176969133826103,9
1,ana_crea,66,0.8787878787878788,0.3263736246748184,9
1,ana_trop,1066,0.8686679174484052,0.33776318130349237,9
1,tension_,83,136.67469879518072,20.92333016972211,9
1,ana_hemo,4,13.6,3.4124771061503116,9
1,ana_plaq,5,269.0,130.02768935884387,9
1,ana_leuc,14,8.947857142857142,3.7074426661040865,9
1,ana_neu,1323,6.712374149659865,3.023028401020341,9
1,protcrea,1652,37.748553268765136,51.83957373580881,9
1,splanchnic,586,0.023890784982935155,0.1527089236941781,9
2,raza,546,2.9871794871794872,0.6185624602535317,9
2,ant_inf,31,0.0,0.0,9
2,ant_isq,31,0.06451612903225806,0.2456701001891583,9
2,ant_clau,32,0.0,0.0,9
2,fum_act,39,0.2564102564102564,0.4366509324596513,9
2,diabetes,30,0.0,0.0,9
2,hip_art,31,0.3548387096774194,0.47846441852230076,9
2,insf_car,6,0.0,0.0,9
2,fibr_aur,241,0.008298755186721992,0.09071871829491887,9
2,trat_est,37,0.13513513513513514,0.34186785515333834,9
2,var171,26,0.038461538461538464,0.19230769230769232,9
2,tv_l_esu,463,0.017278617710583154,0.1303075864276316,9
2,tvp_orig,1618,0.19715698393077874,0.39785186642530335,9
2,tv_l_ein,355,0.7690140845070422,0.42146342941806697,9
2,tvp_prox,685,0.8394160583941606,0.3671467544513662,9
2,tv_l_svc,600,0.0033333333333333335,0.05763872155263527,9
2,tv_l_vre,621,0.008051529790660225,0.08936835378751437,9
2,tv_l_vrn,611,0.006546644844517185,0.08064605561214348,9
2,tv_l_vca,1173,0.0392156862745098,0.1941077438551307,9
2,tv_l_yug,1183,0.026204564666103127,0.1597431859478305,9
2,tv_l_ova,1187,0.003369839932603201,0.05795242972845776,9
2,tv_l_sup,1184,0.0016891891891891893,0.04106501953088925,9
2,tv_l_pul,1184,0.0033783783783783786,0.05802555418012726,9
2,tv_l_ove,611,0.05237315875613748,0.22277838988115947,9
2,fr_antfa,888,0.15427927927927929,0.36121625553724107,9
2,fr_tvs_a,338,0.05029585798816568,0.21855476352026726,9
2,fr_viaje,10,0.0,0.0,9
2,fr_estro,15,0.0,0.0,9
2,fr_varic,39,0.1282051282051282,0.3343180720616743,9
2,ana_dime,233,1.55793991416309,0.513624715449931,9
2,ana_crea,66,0.8636363636363636,0.34317429251230686,9
2,ana_trop,1066,0.8151969981238274,0.3881376719332046,9
2,tension_,83,130.66265060240963,21.432593751154283,9
2,ana_hemo,4,14.7,0.784219357067906,9
2,ana_plaq,5,227.8,91.29819275319747,9
2,ana_leuc,14,9.344285714285714,3.4527353841053414,9
2,ana_neu,1323,6.835760393046106,3.0857518321550454,9
2,protcrea,1652,40.30209443099273,53.61903364232562,9
2,splanchnic,586,0.027303754266211604,0.1629670496425027,9
3,raza,546,2.8736263736263736,0.6466031554385682,9
3,ant_inf,31,0.03225806451612903,0.17668469596940847,9
3,ant_isq,31,0.0,0.0,9
3,ant_clau,32,0.03125,0.17399263633843817,9
3,fum_act,39,0.2564102564102564,0.4366509324596513,9
3,diabetes,30,0.03333333333333333,0.17950549357115014,9
3,hip_art,31,0.3870967741935484,0.487086092598113,9
3,insf_car,6,0.0,0.0,9
3,fibr_aur,241,0.004149377593360996,0.06428188126485339,9
3,trat_est,37,0.16216216216216217,0.36859950532394203,9
3,var171,26,0.038461538461538464,0.1923076923076923,9
3,tv_l_esu,463,0.01079913606911447,0.10335625152488466,9
3,tvp_orig,1618,0.276885043263288,0.4474591781161441,9
3,tv_l_ein,355,0.7352112676056338,0.44122064728585736,9
3,tvp_prox,685,0.8350364963503649,0.37114760690764514,9
3,tv_l_svc,600,0.015,0.12155245781143219,9
3,tv_l_vre,621,0.008051529790660225,0.08936835378751438,9
3,tv_l_vrn,611,0.004909983633387889,0.06989903929316733,9
3,tv_l_vca,1173,0.03751065643648764,0.19000949210550358,9
3,tv_l_yug,1183,0.0338123415046492,0.1807458632074941,9
3,tv_l_ova,1187,0.004212299915754001,0.06476539542976434,9
3,tv_l_sup,1184,0.004222972972972973,0.06484704675035334,9
3,tv_l_pul,1184,0.0016891891891891893,0.04106501953088925,9
3,tv_l_ove,611,0.03600654664484452,0.1863064015098707,9
3,fr_antfa,888,0.134009009009009,0.3406619945245321,9
3,fr_tvs_a,338,0.047337278106508875,0.21235927153759004,9
3,fr_viaje,10,0.0,0.0,9
3,fr_estro,15,0.0,0.0,9
3,fr_varic,39,0.10256410256410256,0.3033887068256214,9
3,ana_dime,233,1.553648068669528,0.5385539338484605,9
3,ana_crea,66,0.9545454545454546,0.20829889522526548,9
3,ana_trop,1066,0.8377110694183865,0.3687156541188477,9
3,tension_,83,129.36144578313252,21.005781368988856,9
3,ana_hemo,4,14.15,1.5945218719101975,9
3,ana_plaq,5,210.0,74.68868722905765,9
3,ana_leuc,14,9.962142857142856,3.662218645597674,9
3,ana_neu,1323,6.347931216931217,2.9890668502863114,9
3,protcrea,1652,29.981573849878934,42.616569656253866,9
3,splanchnic,586,0.01877133105802048,0.13571649932241353,9
4,raza,546,2.9835164835164836,0.5849949881624458,9
4,ant_inf,31,0.03225806451612903,0.17668469596940847,9
4,ant_isq,31,0.06451612903225806,0.24567010018915833,9
4,ant_clau,32,0.0,0.0,9
4,fum_act,39,0.20512820512820512,0.4037952755903493,9
4,diabetes,30,0.13333333333333333,0.33993463423951903,9
4,hip_art,31,0.41935483870967744,0.49345350131543086,9
4,insf_car,6,0.0,0.0,9
4,fibr_aur,241,0.024896265560165973,0.15580899050222896,9
4,trat_est,37,0.21621621621621623,0.4116634111277789,9
4,var171,26,0.0,0.0,9
4,tv_l_esu,463,0.017278617710583154,0.1303075864276316,9
4,tvp_orig,1618,0.18355995055624227,0.3871249089222136,9
4,tv_l_ein,355,0.7605633802816901,0.42673964528290476,9
4,tvp_prox,685,0.8467153284671532,0.36026168406578296,9
4,tv_l_svc,600,0.01,0.09949874371066199,9
4,tv_l_vre,621,0.01610305958132045,0.1258719629363144,9
4,tv_l_vrn,611,0.006546644844517185,0.08064605561214348,9
4,tv_l_vca,1173,0.04774083546462063,0.21321737287041284,9
4,tv_l_yug,1183,0.015215553677092139,0.12240931583581238,9
4,tv_l_ova,1187,0.0008424599831508003,0.02901293236347525,9
4,tv_l_sup,1184,0.013513513513513514,0.11545951007185855,9
4,tv_l_pul,1184,0.0,0.0,9
4,tv_l_ove,611,0.05564648117839607,0.22923775934792784,9
4,fr_antfa,888,0.11711711711711711,0.3215597891454909,9
4,fr_tvs_a,338,0.05621301775147929,0.23033261685386888,9
4,fr_viaje,10,0.1,0.30000000000000004,9
4,fr_estro,15,0.0,0.0,9
4,fr_varic,39,0.1282051282051282,0.3343180720616743,9
4,ana_dime,233,1.5793991416309012,0.5107476463798194,9
4,ana_crea,66,0.8333333333333334,0.372677996249965,9
4,ana_trop,1066,0.8395872420262664,0.3669884263202233,9
4,tension_,83,126.62650602409639,17.55590783298674,9
4,ana_hemo,4,15.675,1.6037066439969623,9
4,ana_plaq,5,241.0,68.79244144526345,9
4,ana_leuc,14,9.579285714285716,3.961472425186146,9
4,ana_neu,1323,6.611746031746032,3.110949704267855,9
4,protcrea,1652,61.89389225181599,55.72154441532963,9
4,splanchnic,586,0.015358361774744027,0.12297350323683597,9
5,raza,546,2.934065934065934,0.5924221925795466,9
5,ant_inf,31,0.0,0.0,9
5,ant_isq,31,0.0,0.0,9
5,ant_clau,32,0.03125,0.17399263633843817,9
5,fum_act,39,0.2564102564102564,0.4366509324596513,9
5,diabetes,30,0.06666666666666667,0.24944382578492943,9
5,hip_art,31,0.41935483870967744,0.49345350131543086,9
5,insf_car,6,0.0,0.0,9
5,fibr_aur,241,0.008298755186721992,0.09071871829491887,9
5,trat_est,37,0.3783783783783784,0.48498266067368534,9
5,var171,26,0.0,0.0,9
5,tv_l_esu,463,0.012958963282937365,0.11309742947374553,9
5,tvp_orig,1618,0.24412855377008652,0.429569322699157,9
5,tv_l_ein,355,0.8,0.4,9
5,tvp_prox,685,0.872992700729927,0.3329811484186381,9
5,tv_l_svc,600,0.008333333333333333,0.09090593428863096,9
5,tv_l_vre,621,0.011272141706924315,0.10557026346591797,9
5,tv_l_vrn,611,0.011456628477905073,0.10642074112608091,9
5,tv_l_vca,1173,0.040068201193520885,0.19611919958697677,9
5,tv_l_yug,1183,0.0169061707523246,0.12891994470530088,9
5,tv_l_ova,1187,0.002527379949452401,0.05020948416428421,9
5,tv_l_sup,1184,0.014358108108108109,0.11896198064786913,9
5,tv_l_pul,1184,0.0016891891891891893,0.04106501953088925,9
5,tv_l_ove,611,0.04746317512274959,0.21262742562994266,9
5,fr_antfa,888,0.11599099099099099,0.32021411742757194,9
5,fr_tvs_a,338,0.05325443786982249,0.22454042557408613,9
5,fr_viaje,10,0.0,0.0,9
5,fr_estro,15,0.0,0.0,9
5,fr_varic,39,0.20512820512820512,0.4037952755903493,9
5,ana_dime,233,1.5407725321888412,0.5553588367252125,9
5,ana_crea,66,0.9393939393939394,0.23860629921247914,9
5,ana_trop,1066,0.8189493433395872,0.38506014644889713,9
5,tension_,83,131.87951807228916,20.867567266530315,9
5,ana_hemo,4,14.7,1.9836834424877372,9
5,ana_plaq,5,246.6,48.541116592019186,9
5,ana_leuc,14,9.637857142857143,4.253543360828591,9
5,ana_neu,1323,6.702292517006804,3.1468428442594747,9
5,protcrea,1652,48.48454600484263,58.75707235345662,9
5,splanchnic,586,0.008532423208191127,0.09197619780349396,9
1,raza,546,2.9450549450549453,0.5247564380980602,10
1,ant_inf,31,0.0,0.0,10
1,ant_isq,31,0.03225806451612903,0.17668469596940847,10
1,ant_clau,32,0.0,0.0,10
1,fum_act,39,0.28205128205128205,0.44999817371241657,10
1,diabetes,30,0.06666666666666667,0.24944382578492943,10
1,hip_art,31,0.2903225806451613,0.4539112025635577,10
1,insf_car,6,0.0,0.0,10
1,fibr_aur,241,0.004149377593360996,0.06428188126485339,10
1,trat_est,37,0.1891891891891892,0.3916588309780929,10
1,var171,26,0.038461538461538464,0.1923076923076923,10
1,tv_l_esu,463,0.01511879049676026,0.1220254591086439,10
1,tvp_orig,1618,0.37082818294190356,0.4830265434506779,10
1,tv_l_ein,355,0.7859154929577464,0.4101857273074343,10
1,tvp_prox,685,0.7854014598540145,0.41054355032468515,10
1,tv_l_svc,600,0.015,0.12155245781143219,10
1,tv_l_vre,621,0.00966183574879227,0.09781863155225404,10
1,tv_l_vrn,611,0.006546644844517185,0.08064605561214348,10
1,tv_l_vca,1173,0.021312872975277068,0.14442518624123968,10
1,tv_l_yug,1183,0.0253592561284869,0.1572137533967582,10
1,tv_l_ova,1187,0.0008424599831508003,0.029012932363475255,10
1,tv_l_sup,1184,0.010135135135135136,0.10016193973225403,10
1,tv_l_pul,1184,0.004222972972972973,0.06484704675035334,10
1,tv_l_ove,611,0.04746317512274959,0.21262742562994266,10
1,fr_antfa,888,0.13513513513513514,0.34186785515333834,10
1,fr_tvs_a,338,0.038461538461538464,0.19230769230769232,10
1,fr_viaje,10,0.1,0.30000000000000004,10
1,fr_estro,15,0.06666666666666667,0.24944382578492946,10
1,fr_varic,39,0.1794871794871795,0.38375973197681446,10
1,ana_dime,233,1.4935622317596566,0.6153973675170789,10
1,ana_crea,66,0.8939393939393939,0.3079151732257814,10
1,ana_trop,1066,0.848968105065666,0.358079965436323,10
1,tension_,83,128.74698795180723,23.539683680861888,10
1,ana_hemo,4,13.1,1.238951169336387,10
1,ana_plaq,5,285.0,48.14561246884289,10
1,ana_leuc,14,9.55857142857143,4.821429629629513,10
1,ana_neu,1323,6.5483537414966,3.1016741592095913,10
1,protcrea,1652,54.11422518159806,44.14254216602251,10
1,splanchnic,586,0.027303754266211604,0.1629670496425027,10
2,raza,546,2.948717948717949,0.6090948405976516,10
2,ant_inf,31,0.0,0.0,10
2,ant_isq,31,0.03225806451612903,0.17668469596940847,10
2,ant_clau,32,0.0,0.0,10
2,fum_act,39,0.3333333333333333,0.4714045207910317,10
2,diabetes,30,0.13333333333333333,0.33993463423951903,10
2,hip_art,31,0.3548387096774194,0.47846441852230076,10
2,insf_car,6,0.0,0.0,10
2,fibr_aur,241,0.016597510373443983,0.1277577121853996,10
2,trat_est,37,0.13513513513513514,0.34186785515333834,10
2,var171,26,0.0,0.0,10
2,tv_l_esu,463,0.012958963282937365,0.11309742947374553,10
2,tvp_orig,1618,0.23176761433868975,0.42196135757014785,10
2,tv_l_ein,355,0.7605633802816901,0.4267396452829047,10
2,tvp_prox,685,0.8335766423357664,0.37246023101533426,10
2,tv_l_svc,600,0.006666666666666667,0.08137703743822468,10
2,tv_l_vre,621,0.011272141706924315,0.10557026346591797,10
2,tv_l_vrn,611,0.0,0.0,10
2,tv_l_vca,1173,0.057971014492753624,0.2336886303854652,10
2,tv_l_yug,1183,0.0253592561284869,0.1572137533967582,10
2,tv_l_ova,1187,0.007582139848357203,0.0867447462598004,10
2,tv_l_sup,1184,0.010135135135135136,0.10016193973225403,10
2,tv_l_pul,1184,0.0,0.0,10
2,tv_l_ove,611,0.024549918166939442,0.1547488923544722,10
2,fr_antfa,888,0.15427927927927929,0.36121625553724107,10
2,fr_tvs_a,338,0.0621301775147929,0.24139183614358883,10
2,fr_viaje,10,0.0,0.0,10
2,fr_estro,15,0.0,0.0,10
2,fr_varic,39,0.10256410256410256,0.30338870682562136,10
2,ana_dime,233,1.536480686695279,0.5633282235031692,10
2,ana_crea,66,0.8787878787878788,0.3263736246748184,10
2,ana_trop,1066,0.851782363977486,0.35531558985557,10
2,tension_,83,132.27710843373495,21.587207977534995,10
2,ana_hemo,4,11.875,1.4306903927824497,10
2,ana_plaq,5,207.2,41.90178993790122,10
2,ana_leuc,14,9.22857142857143,3.9665527623273245,10
2,ana_neu,1323,6.226698412698413,2.9992238099770216,10
2,protcrea,1652,54.94719007263922,40.69686136561761,10
2,splanchnic,586,0.02218430034129693,0.14728257588616533,10
3,raza,546,2.937728937728938,0.4403686099233587,10
3,ant_inf,31,0.0,0.0,10
3,ant_isq,31,0.0,0.0,10
3,ant_clau,32,0.0,0.0,10
3,fum_act,39,0.358974358974359,0.4796996649710181,10
3,diabetes,30,0.03333333333333333,0.17950549357115012,10
3,hip_art,31,0.22580645161290322,0.4181123031230878,10
3,insf_car,6,0.0,0.0,10
3,fibr_aur,241,0.012448132780082987,0.11087459930197004,10
3,trat_est,37,0.13513513513513514,0.3418678551533383,10
3,var171,26,0.038461538461538464,0.1923076923076923,10
3,tv_l_esu,463,0.01511879049676026,0.1220254591086439,10
3,tvp_orig,1618,0.2911001236093943,0.4542695693572151,10
3,tv_l_ein,355,0.780281690140845,0.41405576215262513,10
3,tvp_prox,685,0.8204379562043795,0.38382224560798994,10
3,tv_l_svc,600,0.006666666666666667,0.08137703743822466,10
3,tv_l_vre,621,0.00966183574879227,0.09781863155225404,10
3,tv_l_vrn,611,0.01309328968903437,0.11367433947093511,10
3,tv_l_vca,1173,0.043478260869565216,0.20393111999232305,10
3,tv_l_yug,1183,0.01775147928994083,0.1320468260616651,10
3,tv_l_ova,1187,0.005054759898904802,0.07091691830070752,10
3,tv_l_sup,1184,0.0008445945945945946,0.0290496343275673,10
3,tv_l_pul,1184,0.0008445945945945946,0.0290496343275673,10
3,tv_l_ove,611,0.0425531914893617,0.2018475102235136,10
3,fr_antfa,888,0.16891891891891891,0.3746802873786966,10
3,fr_tvs_a,338,0.08284023668639054,0.2756405845882158,10
3,fr_viaje,10,0.2,0.4000000000000001,10
3,fr_estro,15,0.0,0.0,10
3,fr_varic,39,0.2564102564102564,0.4366509324596513,10
3,ana_dime,233,1.5278969957081545,0.5404999653710271,10
3,ana_crea,66,0.8787878787878788,0.3263736246748184,10
3,ana_trop,1066,0.8714821763602252,0.3346654936599688,10
3,tension_,83,131.56626506024097,20.053057797106163,10
3,ana_hemo,4,13.424999999999999,2.453950896004238,10
3,ana_plaq,5,202.0,43.6210958138376,10
3,ana_leuc,14,9.095714285714285,3.707382045683053,10
3,ana_neu,1323,6.866569916855631,3.007110092481044,10
3,protcrea,1652,52.18004842615012,44.537805716179854,10
3,splanchnic,586,0.017064846416382253,0.12951307823215202,10
4,raza,546,2.957875457875458,0.5413846302053583,10
4,ant_inf,31,0.0,0.0,10
4,ant_isq,31,0.0,0.0,10
4,ant_clau,32,0.0,0.0,10
4,fum_act,39,0.23076923076923078,0.42132504423474315,10
4,diabetes,30,0.06666666666666667,0.24944382578492943,10
4,hip_art,31,0.3548387096774194,0.47846441852230076,10
4,insf_car,6,0.0,0.0,10
4,fibr_aur,241,0.024896265560165973,0.15580899050222896,10
4,trat_est,37,0.10810810810810811,0.31051689981286645,10
4,var171,26,0.0,0.0,10
4,tv_l_esu,463,0.008639308855291577,0.09254550879321188,10
4,tvp_orig,1618,0.37639060568603216,0.48447984234365615,10
4,tv_l_ein,355,0.7718309859154929,0.41965213581752575,10
4,tvp_prox,685,0.8102189781021898,0.39212776696535157,10
4,tv_l_svc,600,0.005,0.07053367989832943,10
4,tv_l_vre,621,0.00322061191626409,0.05665897612160767,10
4,tv_l_vrn,611,0.0032733224222585926,0.05711924178924761,10
4,tv_l_vca,1173,0.06905370843989769,0.25354544718964156,10
4,tv_l_yug,1183,0.021132713440405747,0.14382670775294634,10
4,tv_l_ova,1187,0.002527379949452401,0.0502094841642842,10
4,tv_l_sup,1184,0.0059121621621621625,0.07666295390037133,10
4,tv_l_pul,1184,0.0,0.0,10
4,tv_l_ove,611,0.03764320785597381,0.19033180700630617,10
4,fr_antfa,888,0.18130630630630631,0.38527176070907426,10
4,fr_tvs_a,338,0.04437869822485207,0.20593501248869647,10
4,fr_viaje,10,0.0,0.0,10
4,fr_estro,15,0.06666666666666667,0.24944382578492943,10
4,fr_varic,39,0.15384615384615385,0.36080121229411,10
4,ana_dime,233,1.5622317596566524,0.5295866048518736,10
4,ana_crea,66,0.9090909090909091,0.2874797872880344,10
4,ana_trop,1066,0.8311444652908068,0.3746242692448871,10
4,tension_,83,133.86746987951807,23.075972526771686,10
4,ana_hemo,4,13.524999999999999,1.7297037318569908,10
4,ana_plaq,5,198.0,42.209003778814775,10
4,ana_leuc,14,9.120000000000001,3.2298275053454035,10
4,ana_neu,1323,6.511061980347695,3.066490753718931,10
4,protcrea,1652,49.53369249394673,47.318873778475634,10
4,splanchnic,586,0.023890784982935155,0.1527089236941781,10
5,raza,546,2.9285714285714284,0.4573660169594892,10
5,ant_inf,31,0.0,0.0,10
5,ant_isq,31,0.0,0.0,10
5,ant_clau,32,0.0,0.0,10
5,fum_act,39,0.23076923076923078,0.4213250442347431,10
5,diabetes,30,0.16666666666666666,0.37267799624996495,10
5,hip_art,31,0.3870967741935484,0.4870860925981129,10
5,insf_car,6,0.0,0.0,10
5,fibr_aur,241,0.02074688796680498,0.14253580113956568,10
5,trat_est,37,0.21621621621621623,0.4116634111277789,10
5,var171,26,0.038461538461538464,0.1923076923076923,10
5,tv_l_esu,463,0.01511879049676026,0.1220254591086439,10
5,tvp_orig,1618,0.2688504326328801,0.44336201630946387,10
5,tv_l_ein,355,0.7633802816901408,0.4250068554939109,10
5,tvp_prox,685,0.8379562043795621,0.3684909821438779,10
5,tv_l_svc,600,0.005,0.07053367989832943,10
5,tv_l_vre,621,0.01288244766505636,0.11276741642519546,10
5,tv_l_vrn,611,0.016366612111292964,0.12688083432611658,10
5,tv_l_vca,1173,0.042625745950554135,0.2020118603763476,10
5,tv_l_yug,1183,0.018596787827557058,0.13509606696737653,10
5,tv_l_ova,1187,0.005897219882055603,0.0765665898399445,10
5,tv_l_sup,1184,0.006756756756756757,0.08192132197960905,10
5,tv_l_pul,1184,0.0033783783783783786,0.05802555418012726,10
5,tv_l_ove,611,0.044189852700491,0.20551668939237006,10
5,fr_antfa,888,0.16216216216216217,0.3685995053239421,10
5,fr_tvs_a,338,0.04142011834319527,0.19925986083411518,10
5,fr_viaje,10,0.0,0.0,10
5,fr_estro,15,0.0,0.0,10
5,fr_varic,39,0.1282051282051282,0.3343180720616743,10
5,ana_dime,233,1.55793991416309,0.5381091165204284,10
5,ana_crea,66,0.8939393939393939,0.30791517322578144,10
5,ana_trop,1066,0.8536585365853658,0.3534482133216936,10
5,tension_,83,131.25301204819277,22.269349714589744,10
5,ana_hemo,4,13.525,2.64232378788066,10
5,ana_plaq,5,269.2,61.16338774136044,10
5,ana_leuc,14,8.295,2.9080129445575524,10
5,ana_neu,1323,6.481749811035525,3.099111697538944,10
5,protcrea,1652,55.126392251815986,38.457094967352624,10
5,splanchnic,586,0.02901023890784983,0.16783517195855974,10
1,raza,546,2.9395604395604398,0.5396469720156573,11
1,ant_inf,31,0.03225806451612903,0.17668469596940847,11
1,ant_isq,31,0.06451612903225806,0.24567010018915833,11
1,ant_clau,32,0.0,0.0,11
1,fum_act,39,0.23076923076923078,0.42132504423474315,11
1,diabetes,30,0.1,0.3,11
1,hip_art,31,0.25806451612903225,0.4375696763306625,11
1,insf_car,6,0.16666666666666666,0.372677996249965,11
1,fibr_aur,241,0.008298755186721992,0.09071871829491887,11
1,trat_est,37,0.21621621621621623,0.4116634111277789,11
1,var171,26,0.0,0.0,11
1,tv_l_esu,463,0.008639308855291577,0.09254550879321188,11
1,tvp_orig,1618,0.25092707045735474,0.4335466246772594,11
1,tv_l_ein,355,0.7830985915492957,0.41213491415167075,11
1,tvp_prox,685,0.8583941605839416,0.34864541537116456,11
1,tv_l_svc,600,0.013333333333333334,0.11469767022723505,11
1,tv_l_vre,621,0.00644122383252818,0.07999834040820752,11
1,tv_l_vrn,611,0.008183306055646482,0.09009072958771121,11
1,tv_l_vca,1173,0.057971014492753624,0.2336886303854652,11
1,tv_l_yug,1183,0.02197802197802198,0.14661169301237728,11
1,tv_l_ova,1187,0.002527379949452401,0.0502094841642842,11
1,tv_l_sup,1184,0.005067567567567568,0.07100624850332332,11
1,tv_l_pul,1184,0.0,0.0,11
1,tv_l_ove,611,0.03273322422258593,0.17793751783864986,11
1,fr_antfa,888,0.1463963963963964,0.3535031704504863,11
1,fr_tvs_a,338,0.05029585798816568,0.21855476352026726,11
1,fr_viaje,10,0.0,0.0,11
1,fr_estro,15,0.06666666666666667,0.24944382578492946,11
1,fr_varic,39,0.1282051282051282,0.3343180720616743,11
1,ana_dime,233,1.6051502145922747,0.5227601709385447,11
1,ana_crea,66,0.9090909090909091,0.2874797872880344,11
1,ana_trop,1066,0.8208255159474672,0.3834983550382472,11
1,tension_,83,134.0120481927711,22.212822724617144,11
1,ana_hemo,4,13.799999999999999,2.3906066175763843,11
1,ana_plaq,5,161.6,56.88092826246773,11
1,ana_leuc,14,9.030714285714286,3.9126871735889317,11
1,ana_neu,1323,6.618823885109601,3.0869608855095794,11
1,protcrea,1652,42.21579782082325,48.600338817911364,11
1,splanchnic,586,0.010238907849829351,0.10066813108363568,11
2,raza,546,2.9175824175824174,0.6041541309163687,11
2,ant_inf,31,0.03225806451612903,0.17668469596940847,11
2,ant_isq,31,0.03225806451612903,0.17668469596940847,11
2,ant_clau,32,0.0,0.0,11
2,fum_act,39,0.2564102564102564,0.43665093245965136,11
2,diabetes,30,0.03333333333333333,0.17950549357115012,11
2,hip_art,31,0.41935483870967744,0.49345350131543086,11
2,insf_car,6,0.0,0.0,11
2,fibr_aur,241,0.0,0.0,11
2,trat_est,37,0.1891891891891892,0.3916588309780929,11
2,var171,26,0.0,0.0,11
2,tv_l_esu,463,0.004319654427645789,0.06558197170923964,11
2,tvp_orig,1618,0.21631644004944375,0.4117324833114083,11
2,tv_l_ein,355,0.7633802816901408,0.4250068554939109,11
2,tvp_prox,685,0.8875912408759125,0.3158686910668268,11
2,tv_l_svc,600,0.013333333333333334,0.11469767022723505,11
2,tv_l_vre,621,0.00644122383252818,0.07999834040820752,11
2,tv_l_vrn,611,0.0,0.0,11
2,tv_l_vca,1173,0.05285592497868713,0.223745784705175,11
2,tv_l_yug,1183,0.015215553677092139,0.12240931583581238,11
2,tv_l_ova,1187,0.0,0.0,11
2,tv_l_sup,1184,0.0016891891891891893,0.04106501953088925,11
2,tv_l_pul,1184,0.005067567567567568,0.07100624850332332,11
2,tv_l_ove,611,0.03764320785597381,0.19033180700630617,11
2,fr_antfa,888,0.13063063063063063,0.33699594800483046,11
2,fr_tvs_a,338,0.03550295857988166,0.18504728723209338,11
2,fr_viaje,10,0.0,0.0,11
2,fr_estro,15,0.0,0.0,11
2,fr_varic,39,0.10256410256410256,0.3033887068256214,11
2,ana_dime,233,1.6437768240343347,0.529934307998026,11
2,ana_crea,66,0.9545454545454546,0.20829889522526543,11
2,ana_trop,1066,0.8283302063789869,0.37709319216757536,11
2,tension_,83,129.75903614457832,22.467963999879885,11
2,ana_hemo,4,14.1,1.3152946437965907,11
2,ana_plaq,5,245.6,31.019993552546072,11
2,ana_leuc,14,10.726428571428572,4.484182688936201,11
2,ana_neu,1323,6.6323310657596375,3.0873778896589497,11
2,protcrea,1652,64.2879406779661,54.23580740538631,11
2,splanchnic,586,0.008532423208191127,0.09197619780349396,11
3,raza,546,2.913919413919414,0.6156598242105045,11
3,ant_inf,31,0.0,0.0,11
3,ant_isq,31,0.06451612903225806,0.24567010018915833,11
3,ant_clau,32,0.0625,0.24206145913796356,11
3,fum_act,39,0.2564102564102564,0.4366509324596513,11
3,diabetes,30,0.03333333333333333,0.1795054935711501,11
3,hip_art,31,0.2903225806451613,0.45391120256355777,11
3,insf_car,6,0.0,0.0,11
3,fibr_aur,241,0.02074688796680498,0.14253580113956568,11
3,trat_est,37,0.10810810810810811,0.31051689981286645,11
3,var171,26,0.0,0.0,11
3,tv_l_esu,463,0.017278617710583154,0.1303075864276316,11
3,tvp_orig,1618,0.3003708281829419,0.4584192336275121,11
3,tv_l_ein,355,0.7887323943661971,0.40820779566730814,11
3,tvp_prox,685,0.872992700729927,0.3329811484186381,11
3,tv_l_svc,600,0.0033333333333333335,0.05763872155263527,11
3,tv_l_vre,621,0.01288244766505636,0.11276741642519546,11
3,tv_l_vrn,611,0.006546644844517185,0.0806460556121435,11
3,tv_l_vca,1173,0.059676044330775786,0.23688565609552445,11
3,tv_l_yug,1183,0.009298393913778529,0.09597881945722574,11
3,tv_l_ova,1187,0.004212299915754001,0.06476539542976434,11
3,tv_l_sup,1184,0.008445945945945946,0.09151290588230769,11
3,tv_l_pul,1184,0.0016891891891891893,0.04106501953088925,11
3,tv_l_ove,611,0.0425531914893617,0.2018475102235136,11
3,fr_antfa,888,0.1373873873873874,0.3442558542338174,11
3,fr_tvs_a,338,0.05325443786982249,0.22454042557408613,11
3,fr_viaje,10,0.1,0.30000000000000004,11
3,fr_estro,15,0.0,0.0,11
3,fr_varic,39,0.07692307692307693,0.26646935501059643,11
3,ana_dime,233,1.5836909871244635,0.5100619576565006,11
3,ana_crea,66,0.9242424242424242,0.2646098363117118,11
3,ana_trop,1066,0.8930581613508443,0.30903928843351564,11
3,tension_,83,137.15662650602408,20.13118537901126,11
3,ana_hemo,4,13.575,2.0885102345930697,11
3,ana_plaq,5,161.4,20.244505427399307,11
3,ana_leuc,14,9.367142857142856,4.58631260004223,11
3,ana_neu,1323,6.844823885109601,3.2130363116699714,11
3,protcrea,1652,69.27262711864407,56.27713557366525,11
3,splanchnic,586,0.02218430034129693,0.14728257588616536,11
4,raza,546,2.8644688644688645,0.5898573366518445,11
4,ant_inf,31,0.03225806451612903,0.17668469596940847,11
4,ant_isq,31,0.06451612903225806,0.2456701001891583,11
4,ant_clau,32,0.0,0.0,11
4,fum_act,39,0.20512820512820512,0.4037952755903492,11
4,diabetes,30,0.1,0.3,11
4,hip_art,31,0.3548387096774194,0.47846441852230076,11
4,insf_car,6,0.0,0.0,11
4,fibr_aur,241,0.008298755186721992,0.09071871829491887,11
4,trat_est,37,0.24324324324324326,0.4290407531456093,11
4,var171,26,0.07692307692307693,0.26646935501059654,11
4,tv_l_esu,463,0.01079913606911447,0.10335625152488465,11
4,tvp_orig,1618,0.32014833127317677,0.466533361353909,11
4,tv_l_ein,355,0.828169014084507,0.37723347968440263,11
4,tvp_prox,685,0.8642335766423358,0.3425403649883203,11
4,tv_l_svc,600,0.013333333333333334,0.11469767022723505,11
4,tv_l_vre,621,0.00966183574879227,0.09781863155225402,11
4,tv_l_vrn,611,0.0,0.0,11
4,tv_l_vca,1173,0.04859335038363171,0.21501636375430896,11
4,tv_l_yug,1183,0.02028740490278952,0.14098165166112855,11
4,tv_l_ova,1187,0.003369839932603201,0.05795242972845776,11
4,tv_l_sup,1184,0.01266891891891892,0.11184103635224761,11
4,tv_l_pul,1184,0.0016891891891891893,0.04106501953088925,11
4,tv_l_ove,611,0.029459901800327332,0.16909173837370767,11
4,fr_antfa,888,0.125,0.33071891388307384,11
4,fr_tvs_a,338,0.029585798816568046,0.16944166938788585,11
4,fr_viaje,10,0.0,0.0,11
4,fr_estro,15,0.0,0.0,11
4,fr_varic,39,0.15384615384615385,0.36080121229411,11
4,ana_dime,233,1.55793991416309,0.5219138236415539,11
4,ana_crea,66,0.8939393939393939,0.30791517322578144,11
4,ana_trop,1066,0.8555347091932458,0.3515609059023403,11
4,tension_,83,131.93975903614458,17.727080500591928,11
4,ana_hemo,4,13.65,1.5708278072405009,11
4,ana_plaq,5,308.8,177.33065160879548,11
4,ana_leuc,14,8.795714285714286,3.2315182506186835,11
4,ana_neu,1323,6.601158730158731,3.0918016438458467,11
4,protcrea,1652,63.568480629539955,53.786997047464986,11
4,splanchnic,586,0.006825938566552901,0.08233677871545952,11
5,raza,546,2.9084249084249083,0.5470889418507024,11
5,ant_inf,31,0.0967741935483871,0.29565004483586066,11
5,ant_isq,31,0.06451612903225806,0.2456701001891583,11
5,ant_clau,32,0.0,0.0,11
5,fum_act,39,0.20512820512820512,0.4037952755903493,11
5,diabetes,30,0.16666666666666666,0.37267799624996495,11
5,hip_art,31,0.3870967741935484,0.4870860925981129,11
5,insf_car,6,0.0,0.0,11
5,fibr_aur,241,0.008298755186721992,0.09071871829491887,11
5,trat_est,37,0.24324324324324326,0.4290407531456093,11
5,var171,26,0.0,0.0,11
5,tv_l_esu,463,0.01511879049676026,0.1220254591086439,11
5,tvp_orig,1618,0.2521631644004944,0.434254421877341,11
5,tv_l_ein,355,0.7859154929577464,0.41018572730743424,11
5,tvp_prox,685,0.872992700729927,0.3329811484186381,11
5,tv_l_svc,600,0.013333333333333334,0.11469767022723505,11
5,tv_l_vre,621,0.00322061191626409,0.05665897612160768,11
5,tv_l_vrn,611,0.0,0.0,11
5,tv_l_vca,1173,0.07246376811594203,0.2592542582608452,11
5,tv_l_yug,1183,0.016060862214708368,0.12570962938306884,11
5,tv_l_ova,1187,0.0,0.0,11
5,tv_l_sup,1184,0.006756756756756757,0.08192132197960905,11
5,tv_l_pul,1184,0.0,0.0,11
5,tv_l_ove,611,0.03600654664484452,0.1863064015098707,11
5,fr_antfa,888,0.1463963963963964,0.35350317045048635,11
5,fr_tvs_a,338,0.038461538461538464,0.19230769230769226,11
5,fr_viaje,10,0.0,0.0,11
5,fr_estro,15,0.06666666666666667,0.24944382578492943,11
5,fr_varic,39,0.05128205128205128,0.2205724427446827,11
5,ana_dime,233,1.55793991416309,0.513624715449931,11
5,ana_crea,66,0.9393939393939394,0.2386062992124791,11
5,ana_trop,1066,0.8020637898686679,0.3984438063895299,11
5,tension_,83,136.3855421686747,20.333858833667037,11
5,ana_hemo,4,14.825,0.9627434756984857,11
5,ana_plaq,5,198.0,57.32713144750922,11
5,ana_leuc,14,8.241428571428571,3.1719526593991576,11
5,ana_neu,1323,7.491863189720333,3.2039552408491256,11
5,protcrea,1652,54.786071428571425,52.68030915361376,11
5,splanchnic,586,0.023890784982935155,0.1527089236941781,11
1,raza,546,2.9047619047619047,0.6448551233601578,12
1,ant_inf,31,0.0,0.0,12
1,ant_isq,31,0.0,0.0,12
1,ant_clau,32,0.0,0.0,12
1,fum_act,39,0.28205128205128205,0.44999817371241657,12
1,diabetes,30,0.1,0.3,12
1,hip_art,31,0.3225806451612903,0.4674637660061109,12
1,insf_car,6,0.0,0.0,12
1,fibr_aur,241,0.008298755186721992,0.09071871829491886,12
1,trat_est,37,0.10810810810810811,0.31051689981286645,12
1,var171,26,0.0,0.0,12
1,tv_l_esu,463,0.0064794816414686825,0.08023401996115208,12
1,tvp_orig,1618,0.24969097651421507,0.4328341400139236,12
1,tv_l_ein,355,0.7436619718309859,0.4366106314365648,12
1,tvp_prox,685,0.8554744525547445,0.351621833197122,12
1,tv_l_svc,600,0.011666666666666667,0.10738042445229744,12
1,tv_l_vre,621,0.00644122383252818,0.07999834040820752,12
1,tv_l_vrn,611,0.0016366612111292963,0.04042255003348108,12
1,tv_l_vca,1173,0.04859335038363171,0.21501636375430896,12
1,tv_l_yug,1183,0.009298393913778529,0.09597881945722572,12
1,tv_l_ova,1187,0.0,0.0,12
1,tv_l_sup,1184,0.0033783783783783786,0.05802555418012726,12
1,tv_l_pul,1184,0.0059121621621621625,0.07666295390037134,12
1,tv_l_ove,611,0.057283142389525366,0.23238283927068865,12
1,fr_antfa,888,0.16441441441441443,0.37065120362300136,12
1,fr_tvs_a,338,0.05325443786982249,0.22454042557408613,12
1,fr_viaje,10,0.0,0.0,12
1,fr_estro,15,0.0,0.0,12
1,fr_varic,39,0.07692307692307693,0.26646935501059643,12
1,ana_dime,233,1.5751072961373391,0.5279144419462646,12
1,ana_crea,66,0.8939393939393939,0.3079151732257814,12
1,ana_trop,1066,0.874296435272045,0.3315149748392066,12
1,tension_,83,129.19277108433735,19.877612175889425,12
1,ana_hemo,4,13.774999999999999,2.361540810572623,12
1,ana_plaq,5,201.8,49.69265539292502,12
1,ana_leuc,14,7.822142857142857,2.463006810997568,12
1,ana_neu,1323,6.449453514739229,3.036984203958815,12
1,protcrea,1652,86.95906779661017,54.524087507279354,12
1,splanchnic,586,0.008532423208191127,0.09197619780349395,12
2,raza,546,2.9267399267399266,0.6128501795857693,12
2,ant_inf,31,0.12903225806451613,0.3352356401746214,12
2,ant_isq,31,0.0,0.0,12
2,ant_clau,32,0.0,0.0,12
2,fum_act,39,0.2564102564102564,0.43665093245965136,12
2,diabetes,30,0.1,0.3,12
2,hip_art,31,0.3870967741935484,0.4870860925981129,12
2,insf_car,6,0.0,0.0,12
2,fibr_aur,241,0.008298755186721992,0.09071871829491887,12
2,trat_est,37,0.2702702702702703,0.44409937095013474,12
2,var171,26,0.07692307692307693,0.2664693550105965,12
2,tv_l_esu,463,0.012958963282937365,0.11309742947374556,12
2,tvp_orig,1618,0.22064276885043263,0.41468004220657545,12
2,tv_l_ein,355,0.7492957746478873,0.4334185237650898,12
2,tvp_prox,685,0.8248175182481752,0.38012311142457045,12
2,tv_l_svc,600,0.01,0.09949874371066199,12
2,tv_l_vre,621,0.00322061191626409,0.05665897612160768,12
2,tv_l_vrn,611,0.011456628477905073,0.10642074112608091,12
2,tv_l_vca,1173,0.0494458653026428,0.216797074950553,12
2,tv_l_yug,1183,0.0169061707523246,0.12891994470530088,12
2,tv_l_ova,1187,0.006739679865206402,0.08181843667854413,12
2,tv_l_sup,1184,0.0,0.0,12
2,tv_l_pul,1184,0.0,0.0,12
2,tv_l_ove,611,0.03764320785597381,0.19033180700630614,12
2,fr_antfa,888,0.1554054054054054,0.3622907194176895,12
2,fr_tvs_a,338,0.05029585798816568,0.21855476352026723,12
2,fr_viaje,10,0.0,0.0,12
2,fr_estro,15,0.0,0.0,12
2,fr_varic,39,0.1282051282051282,0.3343180720616743,12
2,ana_dime,233,1.6180257510729614,0.5281935033861035,12
2,ana_crea,66,0.9090909090909091,0.2874797872880344,12
2,ana_trop,1066,0.8883677298311444,0.31491349038395167,12
2,tension_,83,133.12048192771084,21.065816305930696,12
2,ana_hemo,4,15.175,2.4863376681376166,12
2,ana_plaq,5,186.4,22.1142488002645,12
2,ana_leuc,14,7.384285714285714,2.760612546637623,12
2,ana_neu,1323,6.852417989417989,3.120157969557,12
2,protcrea,1652,37.71114406779661,44.56201421047957,12
2,splanchnic,586,0.02218430034129693,0.14728257588616536,12
3,raza,546,2.912087912087912,0.7234687249179943,12
3,ant_inf,31,0.03225806451612903,0.17668469596940847,12
3,ant_isq,31,0.0,0.0,12
3,ant_clau,32,0.0,0.0,12
3,fum_act,39,0.23076923076923078,0.4213250442347431,12
3,diabetes,30,0.06666666666666667,0.24944382578492943,12
3,hip_art,31,0.3225806451612903,0.4674637660061109,12
3,insf_car,6,0.0,0.0,12
3,fibr_aur,241,0.02074688796680498,0.14253580113956568,12
3,trat_est,37,0.24324324324324326,0.4290407531456093,12
3,var171,26,0.0,0.0,12
3,tv_l_esu,463,0.02159827213822894,0.14536776389169626,12
3,tvp_orig,1618,0.1761433868974042,0.38094211390933874,12
3,tv_l_ein,355,0.7971830985915493,0.40209725926885587,12
3,tvp_prox,685,0.8656934306569343,0.34098139945510514,12
3,tv_l_svc,600,0.006666666666666667,0.08137703743822466,12
3,tv_l_vre,621,0.00966183574879227,0.09781863155225404,12
3,tv_l_vrn,611,0.01309328968903437,0.11367433947093511,12
3,tv_l_vca,1173,0.057971014492753624,0.2336886303854652,12
3,tv_l_yug,1183,0.02282333051563821,0.14933996819275192,12
3,tv_l_ova,1187,0.005054759898904802,0.07091691830070751,12
3,tv_l_sup,1184,0.0059121621621621625,0.07666295390037134,12
3,tv_l_pul,1184,0.0016891891891891893,0.04106501953088925,12
3,tv_l_ove,611,0.058919803600654665,0.23547454287951158,12
3,fr_antfa,888,0.11148648648648649,0.314733617234297,12
3,fr_tvs_a,338,0.026627218934911243,0.1609913356261869,12
3,fr_viaje,10,0.1,0.30000000000000004,12
3,fr_estro,15,0.0,0.0,12
3,fr_varic,39,0.28205128205128205,0.44999817371241657,12
3,ana_dime,233,1.5493562231759657,0.5623464155934489,12
3,ana_crea,66,0.9545454545454546,0.20829889522526548,12
3,ana_trop,1066,0.8621013133208255,0.3447936178227975,12
3,tension_,83,130.83132530120483,21.208556625739316,12
3,ana_hemo,4,14.675,2.060794749605113,12
3,ana_plaq,5,249.8,89.07614720002208,12
3,ana_leuc,14,7.827142857142857,3.0930577302160045,12
3,ana_neu,1323,6.536342403628118,3.10945175320523,12
3,protcrea,1652,49.738292978208236,41.43691639622187,12
3,splanchnic,586,0.02901023890784983,0.1678351719585597,12
4,raza,546,2.9615384615384617,0.46526275158010405,12
4,ant_inf,31,0.06451612903225806,0.24567010018915833,12
4,ant_isq,31,0.06451612903225806,0.24567010018915833,12
4,ant_clau,32,0.0,0.0,12
4,fum_act,39,0.23076923076923078,0.4213250442347431,12
4,diabetes,30,0.06666666666666667,0.24944382578492943,12
4,hip_art,31,0.3225806451612903,0.4674637660061109,12
4,insf_car,6,0.0,0.0,12
4,fibr_aur,241,0.008298755186721992,0.09071871829491887,12
4,trat_est,37,0.2972972972972973,0.457068500683453,12
4,var171,26,0.11538461538461539,0.31948553318915673,12
4,tv_l_esu,463,0.017278617710583154,0.1303075864276316,12
4,tvp_orig,1618,0.24783683559950556,0.43175657322098665,12
4,tv_l_ein,355,0.7887323943661971,0.4082077956673082,12
4,tvp_prox,685,0.8627737226277372,0.34408607378214773,12
4,tv_l_svc,600,0.008333333333333333,0.09090593428863096,12
4,tv_l_vre,621,0.011272141706924315,0.10557026346591797,12
4,tv_l_vrn,611,0.006546644844517185,0.08064605561214348,12
4,tv_l_vca,1173,0.029838022165387893,0.17014027917764127,12
4,tv_l_yug,1183,0.027049873203719356,0.16222878155056847,12
4,tv_l_ova,1187,0.005054759898904802,0.07091691830070751,12
4,tv_l_sup,1184,0.017736486486486486,0.13199205860051266,12
4,tv_l_pul,1184,0.004222972972972973,0.06484704675035334,12
4,tv_l_ove,611,0.029459901800327332,0.16909173837370767,12
4,fr_antfa,888,0.13963963963963963,0.3466127676254168,12
4,fr_tvs_a,338,0.03550295857988166,0.1850472872320934,12
4,fr_viaje,10,0.1,0.30000000000000004,12
4,fr_estro,15,0.0,0.0,12
4,fr_varic,39,0.20512820512820512,0.4037952755903493,12
4,ana_dime,233,1.5965665236051503,0.540534043739673,12
4,ana_crea,66,0.8787878787878788,0.3263736246748184,12
4,ana_trop,1066,0.8649155722326454,0.34181372872095256,12
4,tension_,83,132.14457831325302,21.79594995545582,12
4,ana_hemo,4,13.0,1.0222524150130436,12
4,ana_plaq,5,217.2,94.12842291252946,12
4,ana_leuc,14,7.380714285714286,2.8265892224822946,12
4,ana_neu,1323,6.758658352229781,3.0328473886969043,12
4,protcrea,1652,57.341331719128334,60.67198915846127,12
4,splanchnic,586,0.008532423208191127,0.09197619780349395,12
5,raza,546,2.9249084249084247,0.5512577118499803,12
5,ant_inf,31,0.03225806451612903,0.17668469596940847,12
5,ant_isq,31,0.0,0.0,12
5,ant_clau,32,0.03125,0.17399263633843817,12
5,fum_act,39,0.1794871794871795,0.38375973197681446,12
5,diabetes,30,0.16666666666666666,0.37267799624996495,12
5,hip_art,31,0.45161290322580644,0.4976531813077906,12
5,insf_car,6,0.0,0.0,12
5,fibr_aur,241,0.016597510373443983,0.12775771218539964,12
5,trat_est,37,0.2702702702702703,0.44409937095013474,12
5,var171,26,0.0,0.0,12
5,tv_l_esu,463,0.0064794816414686825,0.08023401996115208,12
5,tvp_orig,1618,0.226823238566131,0.41877733583911037,12
5,tv_l_ein,355,0.7859154929577464,0.4101857273074343,12
5,tvp_prox,685,0.8,0.4,12
5,tv_l_svc,600,0.008333333333333333,0.09090593428863096,12
5,tv_l_vre,621,0.00322061191626409,0.05665897612160767,12
5,tv_l_vrn,611,0.0032733224222585926,0.05711924178924761,12
5,tv_l_vca,1173,0.06734867860187553,0.250624887216846,12
5,tv_l_yug,1183,0.029585798816568046,0.16944166938788582,12
5,tv_l_ova,1187,0.003369839932603201,0.05795242972845776,12
5,tv_l_sup,1184,0.016891891891891893,0.12886642650513952,12
5,tv_l_pul,1184,0.002533783783783784,0.05027289253186869,12
5,tv_l_ove,611,0.03273322422258593,0.17793751783864986,12
5,fr_antfa,888,0.13626126126126126,0.34306578077790206,12
5,fr_tvs_a,338,0.05029585798816568,0.21855476352026726,12
5,fr_viaje,10,0.0,0.0,12
5,fr_estro,15,0.0,0.0,12
5,fr_varic,39,0.20512820512820512,0.4037952755903492,12
5,ana_dime,233,1.5150214592274678,0.5866813075435816,12
5,ana_crea,66,0.8787878787878788,0.3263736246748184,12
5,ana_trop,1066,0.8395872420262664,0.3669884263202233,12
5,tension_,83,133.49397590361446,19.26941111383838,12
5,ana_hemo,4,14.600000000000001,1.2124355652982144,12
5,ana_plaq,5,275.6,86.38657303076677,12
5,ana_leuc,14,7.592142857142858,2.543608737239921,12
5,ana_neu,1323,6.649760393046108,3.0726799944810717,12
5,protcrea,1652,61.8153995157385,48.67682002897647,12
5,splanchnic,586,0.020477815699658702,0.14162794485492441,12
1,raza,546,2.91025641025641,0.6327487625628695,13
1,ant_inf,31,0.03225806451612903,0.17668469596940845,13
1,ant_isq,31,0.06451612903225806,0.24567010018915833,13
1,ant_clau,32,0.0,0.0,13
1,fum_act,39,0.3076923076923077,0.46153846153846145,13
1,diabetes,30,0.03333333333333333,0.1795054935711501,13
1,hip_art,31,0.25806451612903225,0.43756967633066246,13
1,insf_car,6,0.0,0.0,13
1,fibr_aur,241,0.02074688796680498,0.14253580113956568,13
1,trat_est,37,0.16216216216216217,0.36859950532394203,13
1,var171,26,0.038461538461538464,0.1923076923076923,13
1,tv_l_esu,463,0.01079913606911447,0.10335625152488466,13
1,tvp_orig,1618,0.3547589616810878,0.47844021652453533,13
1,tv_l_ein,355,0.7267605633802817,0.44562276299069065,13
1,tvp_prox,685,0.8525547445255475,0.354549223821638,13
1,tv_l_svc,600,0.0016666666666666668,0.04079079416840139,13
1,tv_l_vre,621,0.004830917874396135,0.06933671543191944,13
1,tv_l_vrn,611,0.0032733224222585926,0.05711924178924761,13
1,tv_l_vca,1173,0.03665814151747655,0.1879210530461162,13
1,tv_l_yug,1183,0.013524936601859678,0.11550763044827539,13
1,tv_l_ova,1187,0.002527379949452401,0.05020948416428421,13
1,tv_l_sup,1184,0.01266891891891892,0.11184103635224761,13
1,tv_l_pul,1184,0.0008445945945945946,0.029049634327567297,13
1,tv_l_ove,611,0.062193126022913256,0.24150598563681874,13
1,fr_antfa,888,0.15878378378378377,0.3654743408107995,13
1,fr_tvs_a,338,0.03550295857988166,0.1850472872320934,13
1,fr_viaje,10,0.0,0.0,13
1,fr_estro,15,0.0,0.0,13
1,fr_varic,39,0.07692307692307693,0.2664693550105965,13
1,ana_dime,233,1.5836909871244635,0.5659055023219451,13
1,ana_crea,66,0.9393939393939394,0.2386062992124791,13
1,ana_trop,1066,0.873358348968105,0.3325711100739369,13
1,tension_,83,131.18072289156626,18.4881235589348,13
1,ana_hemo,4,13.45,1.575595125658873,13
1,ana_plaq,5,224.6,34.777003896253056,13
1,ana_leuc,14,7.517857142857143,2.9347649664263176,13
1,ana_neu,1323,6.79068858654573,3.1155670891504603,13
1,protcrea,1652,50.944406779661016,49.31404727281396,13
1,splanchnic,586,0.027303754266211604,0.1629670496425027,13
2,raza,546,2.9413919413919416,0.5243599659150886,13
2,ant_inf,31,0.03225806451612903,0.17668469596940847,13
2,ant_isq,31,0.0,0.0,13
2,ant_clau,32,0.0,0.0,13
2,fum_act,39,0.28205128205128205,0.44999817371241657,13
2,diabetes,30,0.1,0.30000000000000004,13
2,hip_art,31,0.22580645161290322,0.4181123031230878,13
2,insf_car,6,0.0,0.0,13
2,fibr_aur,241,0.0,0.0,13
2,trat_est,37,0.21621621621621623,0.4116634111277789,13
2,var171,26,0.07692307692307693,0.2664693550105965,13
2,tv_l_esu,463,0.02159827213822894,0.14536776389169626,13
2,tvp_orig,1618,0.323238566131026,0.4677129413396473,13
2,tv_l_ein,355,0.7605633802816901,0.4267396452829047,13
2,tvp_prox,685,0.8802919708029197,0.32461980368244825,13
2,tv_l_svc,600,0.006666666666666667,0.08137703743822466,13
2,tv_l_vre,621,0.004830917874396135,0.06933671543191944,13
2,tv_l_vrn,611,0.008183306055646482,0.09009072958771121,13
2,tv_l_vca,1173,0.042625745950554135,0.2020118603763476,13
2,tv_l_yug,1183,0.01944209636517329,0.13807281142245423,13
2,tv_l_ova,1187,0.003369839932603201,0.05795242972845776,13
2,tv_l_sup,1184,0.014358108108108109,0.11896198064786913,13
2,tv_l_pul,1184,0.0,0.0,13
2,tv_l_ove,611,0.058919803600654665,0.23547454287951158,13
2,fr_antfa,888,0.15315315315315314,0.3601350647082286,13
2,fr_tvs_a,338,0.05325443786982249,0.22454042557408613,13
2,fr_viaje,10,0.0,0.0,13
2,fr_estro,15,0.0,0.0,13
2,fr_varic,39,0.15384615384615385,0.36080121229411,13
2,ana_dime,233,1.5879828326180256,0.5093391828033236,13
2,ana_crea,66,0.9545454545454546,0.20829889522526548,13
2,ana_trop,1066,0.8621013133208255,0.3447936178227975,13
2,tension_,83,133.3012048192771,24.1320338717932,13
2,ana_hemo,4,13.775,1.0520812706250404,13
2,ana_plaq,5,198.6,34.430219284808516,13
2,ana_leuc,14,7.347142857142857,2.5018005760749555,13
2,ana_neu,1323,6.71524111866969,3.170988310411169,13
2,protcrea,1652,48.19694309927361,50.72585915331349,13
2,splanchnic,586,0.01877133105802048,0.13571649932241353,13
3,raza,546,2.8772893772893773,0.615398242479506,13
3,ant_inf,31,0.0967741935483871,0.29565004483586066,13
3,ant_isq,31,0.0,0.0,13
3,ant_clau,32,0.0,0.0,13
3,fum_act,39,0.2564102564102564,0.4366509324596513,13
3,diabetes,30,0.03333333333333333,0.1795054935711501,13
3,hip_art,31,0.2903225806451613,0.4539112025635577,13
3,insf_car,6,0.0,0.0,13
3,fibr_aur,241,0.008298755186721992,0.09071871829491887,13
3,trat_est,37,0.21621621621621623,0.4116634111277789,13
3,var171,26,0.038461538461538464,0.1923076923076923,13
3,tv_l_esu,463,0.019438444924406047,0.1380601020690876,13
3,tvp_orig,1618,0.37762669962917184,0.4847935388970763,13
3,tv_l_ein,355,0.7380281690140845,0.43970739220054333,13
3,tvp_prox,685,0.8700729927007299,0.33622311055833964,13
3,tv_l_svc,600,0.006666666666666667,0.08137703743822466,13
3,tv_l_vre,621,0.004830917874396135,0.06933671543191944,13
3,tv_l_vrn,611,0.0032733224222585926,0.05711924178924761,13
3,tv_l_vca,1173,0.03665814151747655,0.1879210530461162,13
3,tv_l_yug,1183,0.02197802197802198,0.14661169301237728,13
3,tv_l_ova,1187,0.006739679865206402,0.08181843667854413,13
3,tv_l_sup,1184,0.017736486486486486,0.13199205860051266,13
3,tv_l_pul,1184,0.0,0.0,13
3,tv_l_ove,611,0.04091653027823241,0.19809686476121446,13
3,fr_antfa,888,0.18243243243243243,0.3862005179038713,13
3,fr_tvs_a,338,0.08284023668639054,0.2756405845882158,13
3,fr_viaje,10,0.0,0.0,13
3,fr_estro,15,0.06666666666666667,0.24944382578492943,13
3,fr_varic,39,0.20512820512820512,0.4037952755903493,13
3,ana_dime,233,1.51931330472103,0.5791924603549301,13
3,ana_crea,66,0.9090909090909091,0.2874797872880344,13
3,ana_trop,1066,0.8527204502814258,0.3543843731787114,13
3,tension_,83,126.6144578313253,18.531530489854706,13
3,ana_hemo,4,15.95,1.6469669092000607,13
3,ana_plaq,5,208.4,42.23553006652101,13
3,ana_leuc,14,7.583571428571429,2.2986101612647127,13
3,ana_neu,1323,7.216780045351474,3.020816051462734,13
3,protcrea,1652,32.29833535108959,39.75741569490425,13
3,splanchnic,586,0.02901023890784983,0.1678351719585597,13
4,raza,546,2.838827838827839,0.6543974241052215,13
4,ant_inf,31,0.0,0.0,13
4,ant_isq,31,0.12903225806451613,0.3352356401746214,13
4,ant_clau,32,0.03125,0.17399263633843817,13
4,fum_act,39,0.23076923076923078,0.4213250442347431,13
4,diabetes,30,0.06666666666666667,0.24944382578492943,13
4,hip_art,31,0.3870967741935484,0.4870860925981129,13
4,insf_car,6,0.0,0.0,13
4,fibr_aur,241,0.012448132780082987,0.11087459930197004,13
4,trat_est,37,0.13513513513513514,0.3418678551533383,13
4,var171,26,0.0,0.0,13
4,tv_l_esu,463,0.0,0.0,13
4,tvp_orig,1618,0.3096415327564895,0.46234581640661715,13
4,tv_l_ein,355,0.7746478873239436,0.41781399927299506,13
4,tvp_prox,685,0.8759124087591241,0.32968145374120333,13
4,tv_l_svc,600,0.005,0.07053367989832943,13
4,tv_l_vre,621,0.00966183574879227,0.09781863155225404,13
4,tv_l_vrn,611,0.008183306055646482,0.09009072958771121,13
4,tv_l_vca,1173,0.03665814151747655,0.18792105304611617,13
4,tv_l_yug,1183,0.015215553677092139,0.12240931583581238,13
4,tv_l_ova,1187,0.002527379949452401,0.0502094841642842,13
4,tv_l_sup,1184,0.007601351351351352,0.08685373226859432,13
4,tv_l_pul,1184,0.0059121621621621625,0.07666295390037133,13
4,tv_l_ove,611,0.04091653027823241,0.19809686476121446,13
4,fr_antfa,888,0.13851351351351351,0.34543815667591676,13
4,fr_tvs_a,338,0.038461538461538464,0.19230769230769232,13
4,fr_viaje,10,0.1,0.30000000000000004,13
4,fr_estro,15,0.0,0.0,13
4,fr_varic,39,0.10256410256410256,0.3033887068256214,13
4,ana_dime,233,1.6351931330472103,0.4988889643509147,13
4,ana_crea,66,0.9090909090909091,0.2874797872880344,13
4,ana_trop,1066,0.8714821763602252,0.3346654936599688,13
4,tension_,83,128.96385542168676,21.98764482373589,13
4,ana_hemo,4,13.125,2.719719654670312,13
4,ana_plaq,5,211.6,60.73088176537535,13
4,ana_leuc,14,7.54,1.9478853002312901,13
4,ana_neu,1323,6.5303673469387755,3.0011833880990686,13
4,protcrea,1652,64.618,51.16080841664874,13
4,splanchnic,586,0.032423208191126277,0.17712126851883472,13
5,raza,546,2.93040293040293,0.5667129554817206,13
5,ant_inf,31,0.06451612903225806,0.2456701001891583,13
5,ant_isq,31,0.0,0.0,13
5,ant_clau,32,0.0,0.0,13
5,fum_act,39,0.23076923076923078,0.4213250442347431,13
5,diabetes,30,0.13333333333333333,0.33993463423951903,13
5,hip_art,31,0.3870967741935484,0.487086092598113,13
5,insf_car,6,0.0,0.0,13
5,fibr_aur,241,0.02074688796680498,0.14253580113956568,13
5,trat_est,37,0.1891891891891892,0.3916588309780929,13
5,var171,26,0.07692307692307693,0.2664693550105965,13
5,tv_l_esu,463,0.023758099352051837,0.1522946225814617,13
5,tvp_orig,1618,0.3318912237330037,0.4708921737956716,13
5,tv_l_ein,355,0.8,0.4,13
5,tvp_prox,685,0.8759124087591241,0.32968145374120333,13
5,tv_l_svc,600,0.0033333333333333335,0.05763872155263527,13
5,tv_l_vre,621,0.01288244766505636,0.11276741642519546,13
5,tv_l_vrn,611,0.0016366612111292963,0.040422550033481074,13
5,tv_l_vca,1173,0.040068201193520885,0.19611919958697677,13
5,tv_l_yug,1183,0.009298393913778529,0.09597881945722574,13
5,tv_l_ova,1187,0.003369839932603201,0.05795242972845776,13
5,tv_l_sup,1184,0.014358108108108109,0.11896198064786913,13
5,tv_l_pul,1184,0.0016891891891891893,0.04106501953088925,13
5,tv_l_ove,611,0.054009819967266774,0.22603707508807092,13
5,fr_antfa,888,0.12950450450450451,0.3357574836359531,13
5,fr_tvs_a,338,0.047337278106508875,0.21235927153759004,13
5,fr_viaje,10,0.1,0.30000000000000004,13
5,fr_estro,15,0.0,0.0,13
5,fr_varic,39,0.15384615384615385,0.36080121229411,13
5,ana_dime,233,1.5965665236051503,0.5077817331226724,13
5,ana_crea,66,0.8939393939393939,0.30791517322578144,13
5,ana_trop,1066,0.8658536585365854,0.34080947835322245,13
5,tension_,83,132.57831325301206,23.855044417121434,13
5,ana_hemo,4,15.45,1.2031209415515964,13
5,ana_plaq,5,167.4,51.227336452327876,13
5,ana_leuc,14,7.6364285714285725,2.69904641134832,13
5,ana_neu,1323,6.35192894935752,3.0465784953924104,13
5,protcrea,1652,44.001271186440675,49.91932791245834,13
5,splanchnic,586,0.01877133105802048,0.13571649932241353,13
1,raza,546,2.9652014652014653,0.5810481054127222,14
1,ant_inf,31,0.0,0.0,14
1,ant_isq,31,0.0,0.0,14
1,ant_clau,32,0.0625,0.24206145913796356,14
1,fum_act,39,0.3333333333333333,0.4714045207910317,14
1,diabetes,30,0.13333333333333333,0.33993463423951903,14
1,hip_art,31,0.3225806451612903,0.4674637660061109,14
1,insf_car,6,0.0,0.0,14
1,fibr_aur,241,0.016597510373443983,0.1277577121853996,14
1,trat_est,37,0.16216216216216217,0.36859950532394203,14
1,var171,26,0.0,0.0,14
1,tv_l_esu,463,0.01511879049676026,0.12202545910864392,14
1,tvp_orig,1618,0.3226205191594561,0.4674788976806752,14
1,tv_l_ein,355,0.7605633802816901,0.4267396452829047,14
1,tvp_prox,685,0.8846715328467153,0.31941792657482204,14
1,tv_l_svc,600,0.011666666666666667,0.10738042445229742,14
1,tv_l_vre,621,0.004830917874396135,0.06933671543191944,14
1,tv_l_vrn,611,0.0,0.0,14
1,tv_l_vca,1173,0.041773231031543054,0.20007055805572288,14
1,tv_l_yug,1183,0.018596787827557058,0.13509606696737653,14
1,tv_l_ova,1187,0.002527379949452401,0.0502094841642842,14
1,tv_l_sup,1184,0.002533783783783784,0.05027289253186869,14
1,tv_l_pul,1184,0.0008445945945945946,0.0290496343275673,14
1,tv_l_ove,611,0.03927986906710311,0.19426003436933276,14
1,fr_antfa,888,0.14527027027027026,0.3523731244659174,14
1,fr_tvs_a,338,0.0621301775147929,0.2413918361435888,14
1,fr_viaje,10,0.0,0.0,14
1,fr_estro,15,0.0,0.0,14
1,fr_varic,39,0.1794871794871795,0.3837597319768145,14
1,ana_dime,233,1.55793991416309,0.5538310241008939,14
1,ana_crea,66,0.8939393939393939,0.30791517322578144,14
1,ana_trop,1066,0.8724202626641651,0.3336212642460823,14
1,tension_,83,130.43373493975903,19.622456259721485,14
1,ana_hemo,4,14.875,2.357302483772501,14
1,ana_plaq,5,213.4,85.05198410384087,14
1,ana_leuc,14,8.562142857142858,2.430738214062988,14
1,ana_neu,1323,6.627665910808768,3.0495256206845225,14
1,protcrea,1652,57.77285108958838,50.8833290798807,14
1,splanchnic,586,0.02218430034129693,0.14728257588616536,14
2,raza,546,2.921245421245421,0.5507463353023772,14
2,ant_inf,31,0.0,0.0,14
2,ant_isq,31,0.03225806451612903,0.17668469596940847,14
2,ant_clau,32,0.0,0.0,14
2,fum_act,39,0.38461538461538464,0.48650425541051984,14
2,diabetes,30,0.13333333333333333,0.33993463423951903,14
2,hip_art,31,0.3225806451612903,0.4674637660061109,14
2,insf_car,6,0.0,0.0,14
2,fibr_aur,241,0.008298755186721992,0.09071871829491887,14
2,trat_est,37,0.21621621621621623,0.4116634111277789,14
2,var171,26,0.038461538461538464,0.1923076923076923,14
2,tv_l_esu,463,0.008639308855291577,0.09254550879321188,14
2,tvp_orig,1618,0.4561186650185414,0.49807070626593275,14
2,tv_l_ein,355,0.7943661971830986,0.40416400378554385,14
2,tvp_prox,685,0.8963503649635036,0.30480549239358773,14
2,tv_l_svc,600,0.02,0.13999999999999999,14
2,tv_l_vre,621,0.00644122383252818,0.07999834040820754,14
2,tv_l_vrn,611,0.004909983633387889,0.06989903929316733,14
2,tv_l_vca,1173,0.03836317135549872,0.19207144097717221,14
2,tv_l_yug,1183,0.01098901098901099,0.10425091187368284,14
2,tv_l_ova,1187,0.003369839932603201,0.05795242972845776,14
2,tv_l_sup,1184,0.008445945945945946,0.09151290588230769,14
2,tv_l_pul,1184,0.0008445945945945946,0.0290496343275673,14
2,tv_l_ove,611,0.044189852700491,0.20551668939237006,14
2,fr_antfa,888,0.17905405405405406,0.3833975740414406,14
2,fr_tvs_a,338,0.05325443786982249,0.22454042557408613,14
2,fr_viaje,10,0.0,0.0,14
2,fr_estro,15,0.0,0.0,14
2,fr_varic,39,0.15384615384615385,0.36080121229411,14
2,ana_dime,233,1.592274678111588,0.5000690699958629,14
2,ana_crea,66,0.9242424242424242,0.26460983631171187,14
2,ana_trop,1066,0.8114446529080676,0.3911549925221118,14
2,tension_,83,129.34939759036143,20.8935533580638,14
2,ana_hemo,4,14.0,2.7212129648375556,14
2,ana_plaq,5,155.6,49.02489163680018,14
2,ana_leuc,14,8.287857142857144,2.6959498155869417,14
2,ana_neu,1323,6.614008314436885,3.120744679104757,14
2,protcrea,1652,59.709717917675555,54.99312705087121,14
2,splanchnic,586,0.008532423208191127,0.09197619780349396,14
3,raza,546,2.857142857142857,0.7172101306682922,14
3,ant_inf,31,0.0,0.0,14
3,ant_isq,31,0.03225806451612903,0.17668469596940845,14
3,ant_clau,32,0.0625,0.24206145913796356,14
3,fum_act,39,0.2564102564102564,0.43665093245965136,14
3,diabetes,30,0.1,0.30000000000000004,14
3,hip_art,31,0.41935483870967744,0.49345350131543086,14
3,insf_car,6,0.0,0.0,14
3,fibr_aur,241,0.008298755186721992,0.09071871829491887,14
3,trat_est,37,0.21621621621621623,0.4116634111277789,14
3,var171,26,0.0,0.0,14
3,tv_l_esu,463,0.0021598272138228943,0.04642372626394097,14
3,tvp_orig,1618,0.32447466007416564,0.4681782299978506,14
3,tv_l_ein,355,0.7633802816901408,0.4250068554939109,14
3,tvp_prox,685,0.8686131386861314,0.33782296249360977,14
3,tv_l_svc,600,0.021666666666666667,0.145592658545073,14
3,tv_l_vre,621,0.00644122383252818,0.07999834040820752,14
3,tv_l_vrn,611,0.008183306055646482,0.09009072958771121,14
3,tv_l_vca,1173,0.0392156862745098,0.1941077438551307,14
3,tv_l_yug,1183,0.015215553677092139,0.12240931583581238,14
3,tv_l_ova,1187,0.005897219882055603,0.0765665898399445,14
3,tv_l_sup,1184,0.005067567567567568,0.07100624850332332,14
3,tv_l_pul,1184,0.0,0.0,14
3,tv_l_ove,611,0.02618657937806874,0.15968983198233017,14
3,fr_antfa,888,0.15990990990990991,0.3665224831064452,14
3,fr_tvs_a,338,0.07988165680473373,0.27110989969173843,14
3,fr_viaje,10,0.0,0.0,14
3,fr_estro,15,0.0,0.0,14
3,fr_varic,39,0.10256410256410256,0.3033887068256214,14
3,ana_dime,233,1.5879828326180256,0.5093391828033236,14
3,ana_crea,66,0.9090909090909091,0.2874797872880344,14
3,ana_trop,1066,0.8667917448405253,0.3397996702718279,14
3,tension_,83,132.87951807228916,20.015293905641045,14
3,ana_hemo,4,13.375000000000002,1.498957971392127,14
3,ana_plaq,5,304.0,139.04675472660267,14
3,ana_leuc,14,8.787142857142856,2.828690834420527,14
3,ana_neu,1323,6.36306424792139,3.068892576962157,14
3,protcrea,1652,50.33232082324456,52.486740542779586,14
3,splanchnic,586,0.013651877133105802,0.11604095563139932,14
4,raza,546,2.9652014652014653,0.5650680335045468,14
4,ant_inf,31,0.0,0.0,14
4,ant_isq,31,0.0,0.0,14
4,ant_clau,32,0.0,0.0,14
4,fum_act,39,0.20512820512820512,0.4037952755903493,14
4,diabetes,30,0.2,0.4000000000000001,14
4,hip_art,31,0.3225806451612903,0.4674637660061109,14
4,insf_car,6,0.0,0.0,14
4,fibr_aur,241,0.004149377593360996,0.06428188126485339,14
4,trat_est,37,0.10810810810810811,0.31051689981286645,14
4,var171,26,0.0,0.0,14
4,tv_l_esu,463,0.0064794816414686825,0.08023401996115209,14
4,tvp_orig,1618,0.3238566131025958,0.4679460516473148,14
4,tv_l_ein,355,0.8140845070422535,0.3890384588135531,14
4,tvp_prox,685,0.8832116788321168,0.32116788321167883,14
4,tv_l_svc,600,0.006666666666666667,0.08137703743822468,14
4,tv_l_vre,621,0.00644122383252818,0.07999834040820754,14
4,tv_l_vrn,611,0.006546644844517185,0.08064605561214348,14
4,tv_l_vca,1173,0.058823529411764705,0.23529411764705885,14
4,tv_l_yug,1183,0.013524936601859678,0.11550763044827539,14
4,tv_l_ova,1187,0.011794439764111205,0.10795985807123847,14
4,tv_l_sup,1184,0.002533783783783784,0.05027289253186869,14
4,tv_l_pul,1184,0.0016891891891891893,0.04106501953088925,14
4,tv_l_ove,611,0.019639934533551555,0.138759531222433,14
4,fr_antfa,888,0.15878378378378377,0.3654743408107995,14
4,fr_tvs_a,338,0.06804733727810651,0.25182711761735693,14
4,fr_viaje,10,0.0,0.0,14
4,fr_estro,15,0.06666666666666667,0.24944382578492946,14
4,fr_varic,39,0.1282051282051282,0.3343180720616743,14
4,ana_dime,233,1.5793991416309012,0.5107476463798194,14
4,ana_crea,66,0.9090909090909091,0.2874797872880344,14
4,ana_trop,1066,0.8236397748592871,0.38112635192155103,14
4,tension_,83,131.3012048192771,20.20064113247073,14
4,ana_hemo,4,14.125,0.6098155458825235,14
4,ana_plaq,5,215.2,68.74125398914396,14
4,ana_leuc,14,9.679285714285713,3.3558870751597847,14
4,ana_neu,1323,6.399010582010583,3.154226564443758,14
4,protcrea,1652,56.657820823244556,53.76043515256886,14
4,splanchnic,586,0.01877133105802048,0.13571649932241353,14
5,raza,546,2.9450549450549453,0.5747298271974565,14
5,ant_inf,31,0.06451612903225806,0.2456701001891583,14
5,ant_isq,31,0.03225806451612903,0.17668469596940847,14
5,ant_clau,32,0.0,0.0,14
5,fum_act,39,0.38461538461538464,0.4865042554105199,14
5,diabetes,30,0.1,0.3,14
5,hip_art,31,0.22580645161290322,0.4181123031230878,14
5,insf_car,6,0.0,0.0,14
5,fibr_aur,241,0.008298755186721992,0.09071871829491887,14
5,trat_est,37,0.1891891891891892,0.3916588309780929,14
5,var171,26,0.038461538461538464,0.1923076923076923,14
5,tv_l_esu,463,0.008639308855291577,0.09254550879321188,14
5,tvp_orig,1618,0.34672435105067984,0.4759270694540969,14
5,tv_l_ein,355,0.7746478873239436,0.41781399927299506,14
5,tvp_prox,685,0.8627737226277372,0.34408607378214773,14
5,tv_l_svc,600,0.018333333333333333,0.13415372608400492,14
5,tv_l_vre,621,0.00644122383252818,0.07999834040820752,14
5,tv_l_vrn,611,0.004909983633387889,0.06989903929316733,14
5,tv_l_vca,1173,0.0494458653026428,0.21679707495055303,14
5,tv_l_yug,1183,0.016060862214708368,0.12570962938306884,14
5,tv_l_ova,1187,0.013479359730412805,0.11531550889481834,14
5,tv_l_sup,1184,0.011824324324324325,0.10809491051200104,14
5,tv_l_pul,1184,0.004222972972972973,0.06484704675035334,14
5,tv_l_ove,611,0.03927986906710311,0.19426003436933273,14
5,fr_antfa,888,0.12274774774774774,0.32814743358832327,14
5,fr_tvs_a,338,0.03254437869822485,0.17744081298667277,14
5,fr_viaje,10,0.0,0.0,14
5,fr_estro,15,0.13333333333333333,0.33993463423951903,14
5,fr_varic,39,0.15384615384615385,0.36080121229411,14
5,ana_dime,233,1.592274678111588,0.5169491819712806,14
5,ana_crea,66,0.8787878787878788,0.3263736246748184,14
5,ana_trop,1066,0.8583489681050657,0.34869186548876446,14
5,tension_,83,132.72289156626505,18.558480186145832,14
5,ana_hemo,4,14.55,2.035313243704762,14
5,ana_plaq,5,252.0,90.20199554333595,14
5,ana_leuc,14,8.012142857142857,2.264534573976448,14
5,ana_neu,1323,6.679026455026454,3.1122211942535114,14
5,protcrea,1652,37.90997578692494,48.67764463702629,14
5,splanchnic,586,0.011945392491467578,0.10864023237131062,14
1,raza,546,2.902930402930403,0.5511481711042496,15
1,ant_inf,31,0.03225806451612903,0.17668469596940847,15
1,ant_isq,31,0.0,0.0,15
1,ant_clau,32,0.03125,0.17399263633843817,15
1,fum_act,39,0.23076923076923078,0.42132504423474304,15
1,diabetes,30,0.03333333333333333,0.17950549357115012,15
1,hip_art,31,0.2903225806451613,0.45391120256355777,15
1,insf_car,6,0.0,0.0,15
1,fibr_aur,241,0.0,0.0,15
1,trat_est,37,0.24324324324324326,0.4290407531456093,15
1,var171,26,0.0,0.0,15
1,tv_l_esu,463,0.008639308855291577,0.09254550879321188,15
1,tvp_orig,1618,0.2311495673671199,0.4215678413649613,15
1,tv_l_ein,355,0.7492957746478873,0.4334185237650898,15
1,tvp_prox,685,0.8788321167883212,0.3263222751968976,15
1,tv_l_svc,600,0.021666666666666667,0.145592658545073,15
1,tv_l_vre,621,0.01288244766505636,0.11276741642519546,15
1,tv_l_vrn,611,0.006546644844517185,0.08064605561214348,15
1,tv_l_vca,1173,0.06990622335890878,0.25498890817955816,15
1,tv_l_yug,1183,0.005917159763313609,0.07669515619417586,15
1,tv_l_ova,1187,0.0,0.0,15
1,tv_l_sup,1184,0.0033783783783783786,0.05802555418012726,15
1,tv_l_pul,1184,0.0,0.0,15
1,tv_l_ove,611,0.02127659574468085,0.14430489325798443,15
1,fr_antfa,888,0.15090090090090091,0.3579522580012555,15
1,fr_tvs_a,338,0.03254437869822485,0.17744081298667277,15
1,fr_viaje,10,0.0,0.0,15
1,fr_estro,15,0.0,0.0,15
1,fr_varic,39,0.10256410256410256,0.3033887068256214,15
1,ana_dime,233,1.6223175965665235,0.5190117238740248,15
1,ana_crea,66,0.9242424242424242,0.2646098363117118,15
1,ana_trop,1066,0.873358348968105,0.3325711100739369,15
1,tension_,83,130.93975903614458,20.959714311944282,15
1,ana_hemo,4,12.975000000000001,2.2376047461515625,15
1,ana_plaq,5,259.0,106.73893385264816,15
1,ana_leuc,14,10.379999999999999,4.346328499845752,15
1,ana_neu,1323,6.615800453514739,3.0474871488471127,15
1,protcrea,1652,53.80376634382567,51.0124406986193,15
1,splanchnic,586,0.020477815699658702,0.14162794485492441,15
2,raza,546,2.901098901098901,0.7220485466862225,15
2,ant_inf,31,0.0,0.0,15
2,ant_isq,31,0.0,0.0,15
2,ant_clau,32,0.03125,0.17399263633843817,15
2,fum_act,39,0.10256410256410256,0.3033887068256214,15
2,diabetes,30,0.1,0.30000000000000004,15
2,hip_art,31,0.3225806451612903,0.4674637660061109,15
2,insf_car,6,0.0,0.0,15
2,fibr_aur,241,0.008298755186721992,0.09071871829491887,15
2,trat_est,37,0.13513513513513514,0.3418678551533383,15
2,var171,26,0.0,0.0,15
2,tv_l_esu,463,0.004319654427645789,0.06558197170923964,15
2,tvp_orig,1618,0.22744128553770088,0.41917985062578916,15
2,tv_l_ein,355,0.7971830985915493,0.4020972592688558,15
2,tvp_prox,685,0.8978102189781022,0.30289772147805,15
2,tv_l_svc,600,0.015,0.12155245781143219,15
2,tv_l_vre,621,0.011272141706924315,0.10557026346591797,15
2,tv_l_vrn,611,0.0032733224222585926,0.05711924178924761,15
2,tv_l_vca,1173,0.05370843989769821,0.22544144113594894,15
2,tv_l_yug,1183,0.009298393913778529,0.09597881945722574,15
2,tv_l_ova,1187,0.003369839932603201,0.05795242972845776,15
2,tv_l_sup,1184,0.02364864864864865,0.15195193340573662,15
2,tv_l_pul,1184,0.0,0.0,15
2,tv_l_ove,611,0.03764320785597381,0.19033180700630617,15
2,fr_antfa,888,0.12725225225225226,0.3332553323639119,15
2,fr_tvs_a,338,0.0621301775147929,0.24139183614358883,15
2,fr_viaje,10,0.0,0.0,15
2,fr_estro,15,0.0,0.0,15
2,fr_varic,39,0.07692307692307693,0.26646935501059643,15
2,ana_dime,233,1.6008583690987124,0.515343247112176,15
2,ana_crea,66,0.8939393939393939,0.30791517322578144,15
2,ana_trop,1066,0.8433395872420263,0.36348029909814233,15
2,tension_,83,135.74698795180723,18.398430638609106,15
2,ana_hemo,4,13.524999999999999,1.4201672436723785,15
2,ana_plaq,5,201.4,51.1022504396822,15
2,ana_leuc,14,10.640714285714285,4.158316047024177,15
2,ana_neu,1323,6.721051398337114,3.161702245200408,15
2,protcrea,1652,61.319588377723974,54.54675525023791,15
2,splanchnic,586,0.02218430034129693,0.14728257588616536,15
3,raza,546,2.946886446886447,0.4394879366334755,15
3,ant_inf,31,0.0967741935483871,0.29565004483586066,15
3,ant_isq,31,0.03225806451612903,0.17668469596940847,15
3,ant_clau,32,0.03125,0.17399263633843817,15
3,fum_act,39,0.1794871794871795,0.38375973197681446,15
3,diabetes,30,0.06666666666666667,0.24944382578492943,15
3,hip_art,31,0.3870967741935484,0.4870860925981129,15
3,insf_car,6,0.0,0.0,15
3,fibr_aur,241,0.0,0.0,15
3,trat_est,37,0.24324324324324326,0.4290407531456093,15
3,var171,26,0.038461538461538464,0.1923076923076923,15
3,tv_l_esu,463,0.012958963282937365,0.11309742947374553,15
3,tvp_orig,1618,0.261433868974042,0.4394157497488062,15
3,tv_l_ein,355,0.752112676056338,0.4317860564813458,15
3,tvp_prox,685,0.8875912408759125,0.3158686910668268,15
3,tv_l_svc,600,0.021666666666666667,0.145592658545073,15
3,tv_l_vre,621,0.00644122383252818,0.07999834040820754,15
3,tv_l_vrn,611,0.008183306055646482,0.09009072958771121,15
3,tv_l_vca,1173,0.028985507246376812,0.16776575221435108,15
3,tv_l_yug,1183,0.026204564666103127,0.1597431859478305,15
3,tv_l_ova,1187,0.0,0.0,15
3,tv_l_sup,1184,0.010135135135135136,0.10016193973225403,15
3,tv_l_pul,1184,0.0,0.0,15
3,tv_l_ove,611,0.044189852700491,0.20551668939237006,15
3,fr_antfa,888,0.15878378378378377,0.3654743408107995,15
3,fr_tvs_a,338,0.05621301775147929,0.2303326168538689,15
3,fr_viaje,10,0.0,0.0,15
3,fr_estro,15,0.06666666666666667,0.24944382578492946,15
3,fr_varic,39,0.10256410256410256,0.3033887068256214,15
3,ana_dime,233,1.5836909871244635,0.5426766667149783,15
3,ana_crea,66,0.8939393939393939,0.30791517322578144,15
3,ana_trop,1066,0.8630393996247655,0.3438057508537195,15
3,tension_,83,131.12048192771084,18.271313740173202,15
3,ana_hemo,4,13.524999999999999,2.3868127283052605,15
3,ana_plaq,5,220.14000000000001,52.802636297821344,15
3,ana_leuc,14,10.185,3.8619143106569753,15
3,ana_neu,1323,6.735072562358277,3.141103108302426,15
3,protcrea,1652,57.99949152542373,54.28923461598437,15
3,splanchnic,586,0.011945392491467578,0.10864023237131062,15
4,raza,546,2.9523809523809526,0.4663825104826237,15
4,ant_inf,31,0.06451612903225806,0.2456701001891583,15
4,ant_isq,31,0.06451612903225806,0.24567010018915833,15
4,ant_clau,32,0.03125,0.17399263633843817,15
4,fum_act,39,0.3333333333333333,0.4714045207910317,15
4,diabetes,30,0.0,0.0,15
4,hip_art,31,0.2903225806451613,0.4539112025635577,15
4,insf_car,6,0.0,0.0,15
4,fibr_aur,241,0.004149377593360996,0.06428188126485339,15
4,trat_est,37,0.2972972972972973,0.457068500683453,15
4,var171,26,0.11538461538461539,0.31948553318915673,15
4,tv_l_esu,463,0.0064794816414686825,0.08023401996115208,15
4,tvp_orig,1618,0.1965389369592089,0.3973806527979854,15
4,tv_l_ein,355,0.752112676056338,0.4317860564813458,15
4,tvp_prox,685,0.8700729927007299,0.33622311055833964,15
4,tv_l_svc,600,0.02,0.13999999999999999,15
4,tv_l_vre,621,0.008051529790660225,0.08936835378751437,15
4,tv_l_vrn,611,0.0032733224222585926,0.05711924178924762,15
4,tv_l_vca,1173,0.023870417732310314,0.1526454090026795,15
4,tv_l_yug,1183,0.029585798816568046,0.16944166938788582,15
4,tv_l_ova,1187,0.002527379949452401,0.0502094841642842,15
4,tv_l_sup,1184,0.007601351351351352,0.08685373226859432,15
4,tv_l_pul,1184,0.0008445945945945946,0.0290496343275673,15
4,tv_l_ove,611,0.03764320785597381,0.19033180700630617,15
4,fr_antfa,888,0.13513513513513514,0.34186785515333834,15
4,fr_tvs_a,338,0.011834319526627219,0.10814004072483471,15
4,fr_viaje,10,0.0,0.0,15
4,fr_estro,15,0.0,0.0,15
4,fr_varic,39,0.15384615384615385,0.36080121229411,15
4,ana_dime,233,1.5407725321888412,0.5235347873640139,15
4,ana_crea,66,0.9545454545454546,0.20829889522526543,15
4,ana_trop,1066,0.8686679174484052,0.33776318130349237,15
4,tension_,83,137.44578313253012,20.483465569480696,15
4,ana_hemo,4,13.399999999999999,2.8151376520518494,15
4,ana_plaq,5,215.8,44.633619615711204,15
4,ana_leuc,14,10.975714285714284,4.481027806662399,15
4,ana_neu,1323,6.548299319727892,3.1636850832093546,15
4,protcrea,1652,53.8825799031477,49.94686278082702,15
4,splanchnic,586,0.015358361774744027,0.12297350323683597,15
5,raza,546,2.8882783882783882,0.5550054972584919,15
5,ant_inf,31,0.03225806451612903,0.17668469596940845,15
5,ant_isq,31,0.06451612903225806,0.2456701001891583,15
5,ant_clau,32,0.0,0.0,15
5,fum_act,39,0.2564102564102564,0.4366509324596513,15
5,diabetes,30,0.06666666666666667,0.24944382578492943,15
5,hip_art,31,0.45161290322580644,0.4976531813077906,15
5,insf_car,6,0.16666666666666666,0.372677996249965,15
5,fibr_aur,241,0.024896265560165973,0.15580899050222893,15
5,trat_est,37,0.16216216216216217,0.36859950532394203,15
5,var171,26,0.038461538461538464,0.1923076923076923,15
5,tv_l_esu,463,0.023758099352051837,0.1522946225814617,15
5,tvp_orig,1618,0.1915945611866502,0.39355569530924733,15
5,tv_l_ein,355,0.7633802816901408,0.4250068554939109,15
5,tvp_prox,685,0.872992700729927,0.3329811484186381,15
5,tv_l_svc,600,0.008333333333333333,0.09090593428863096,15
5,tv_l_vre,621,0.004830917874396135,0.06933671543191944,15
5,tv_l_vrn,611,0.008183306055646482,0.09009072958771121,15
5,tv_l_vca,1173,0.06223358908780904,0.24157932336410493,15
5,tv_l_yug,1183,0.01267962806424345,0.11188768965527841,15
5,tv_l_ova,1187,0.003369839932603201,0.05795242972845776,15
5,tv_l_sup,1184,0.015202702702702704,0.12235841014509764,15
5,tv_l_pul,1184,0.002533783783783784,0.05027289253186869,15
5,tv_l_ove,611,0.03764320785597381,0.19033180700630614,15
5,fr_antfa,888,0.12612612612612611,0.3319914553637528,15
5,fr_tvs_a,338,0.05325443786982249,0.22454042557408613,15
5,fr_viaje,10,0.0,0.0,15
5,fr_estro,15,0.0,0.0,15
5,fr_varic,39,0.15384615384615385,0.36080121229411,15
5,ana_dime,233,1.648068669527897,0.49522020463475375,15
5,ana_crea,66,0.8484848484848485,0.3585502898848253,15
5,ana_trop,1066,0.8480300187617261,0.35899179104920015,15
5,tension_,83,128.51807228915663,16.775169146640184,15
5,ana_hemo,4,15.2,1.779044687465719,15
5,ana_plaq,5,148.4,27.644891028904418,15
5,ana_leuc,14,10.402857142857144,5.152428593213425,15
5,ana_neu,1323,6.69150642479214,3.195471323153131,15
5,protcrea,1652,57.52852179176755,53.498307463181206,15
5,splanchnic,586,0.020477815699658702,0.14162794485492441,15
1,raza,546,2.932234432234432,0.46976861655514573,16
1,ant_inf,31,0.06451612903225806,0.2456701001891583,16
1,ant_isq,31,0.03225806451612903,0.17668469596940847,16
1,ant_clau,32,0.0,0.0,16
1,fum_act,39,0.1282051282051282,0.3343180720616743,16
1,diabetes,30,0.13333333333333333,0.33993463423951903,16
1,hip_art,31,0.3870967741935484,0.487086092598113,16
1,insf_car,6,0.0,0.0,16
1,fibr_aur,241,0.016597510373443983,0.12775771218539964,16
1,trat_est,37,0.13513513513513514,0.3418678551533383,16
1,var171,26,0.0,0.0,16
1,tv_l_esu,463,0.019438444924406047,0.1380601020690876,16
1,tvp_orig,1618,0.17676143386897405,0.381466681855124,16
1,tv_l_ein,355,0.7267605633802817,0.4456227629906907,16
1,tvp_prox,685,0.8744525547445255,0.3313386247410617,16
1,tv_l_svc,600,0.011666666666666667,0.10738042445229742,16
1,tv_l_vre,621,0.00644122383252818,0.07999834040820754,16
1,tv_l_vrn,611,0.006546644844517185,0.08064605561214348,16
1,tv_l_vca,1173,0.042625745950554135,0.2020118603763476,16
1,tv_l_yug,1183,0.027049873203719356,0.16222878155056847,16
1,tv_l_ova,1187,0.002527379949452401,0.0502094841642842,16
1,tv_l_sup,1184,0.009290540540540541,0.09593865955393119,16
1,tv_l_pul,1184,0.0,0.0,16
1,tv_l_ove,611,0.03436988543371522,0.18217737622709496,16
1,fr_antfa,888,0.15315315315315314,0.36013506470822854,16
1,fr_tvs_a,338,0.038461538461538464,0.19230769230769226,16
1,fr_viaje,10,0.0,0.0,16
1,fr_estro,15,0.0,0.0,16
1,fr_varic,39,0.23076923076923078,0.4213250442347431,16
1,ana_dime,233,1.5879828326180256,0.5093391828033236,16
1,ana_crea,66,0.8939393939393939,0.3079151732257814,16
1,ana_trop,1066,0.8658536585365854,0.3408094783532225,16
1,tension_,83,134.78313253012047,26.587907475433166,16
1,ana_hemo,4,14.075,0.766077672302228,16
1,ana_plaq,5,325.6,159.36197789937222,16
1,ana_leuc,14,9.352857142857141,4.546129324682119,16
1,ana_neu,1323,6.323321239606955,3.0822653700473572,16
1,protcrea,1652,58.0102372881356,53.782093240399234,16
1,splanchnic,586,0.03583617747440273,0.18588153716393097,16
2,raza,546,2.9249084249084247,0.7004985736511264,16
2,ant_inf,31,0.0,0.0,16
2,ant_isq,31,0.12903225806451613,0.3352356401746214,16
2,ant_clau,32,0.03125,0.17399263633843817,16
2,fum_act,39,0.28205128205128205,0.44999817371241657,16
2,diabetes,30,0.16666666666666666,0.37267799624996495,16
2,hip_art,31,0.3870967741935484,0.487086092598113,16
2,insf_car,6,0.0,0.0,16
2,fibr_aur,241,0.008298755186721992,0.09071871829491887,16
2,trat_est,37,0.24324324324324326,0.4290407531456093,16
2,var171,26,0.07692307692307693,0.2664693550105965,16
2,tv_l_esu,463,0.01511879049676026,0.12202545910864393,16
2,tvp_orig,1618,0.17181705809641531,0.37722136292037906,16
2,tv_l_ein,355,0.7577464788732394,0.4284469075958499,16
2,tvp_prox,685,0.8642335766423358,0.34254036498832036,16
2,tv_l_svc,600,0.008333333333333333,0.09090593428863095,16
2,tv_l_vre,621,0.00322061191626409,0.05665897612160768,16
2,tv_l_vrn,611,0.0032733224222585926,0.05711924178924761,16
2,tv_l_vca,1173,0.057971014492753624,0.2336886303854652,16
2,tv_l_yug,1183,0.026204564666103127,0.1597431859478305,16
2,tv_l_ova,1187,0.010109519797809604,0.10003658034572802,16
2,tv_l_sup,1184,0.010135135135135136,0.10016193973225403,16
2,tv_l_pul,1184,0.004222972972972973,0.06484704675035334,16
2,tv_l_ove,611,0.04582651391162029,0.2091086907192725,16
2,fr_antfa,888,0.14189189189189189,0.3489392252344691,16
2,fr_tvs_a,338,0.04142011834319527,0.1992598608341152,16
2,fr_viaje,10,0.0,0.0,16
2,fr_estro,15,0.0,0.0,16
2,fr_varic,39,0.05128205128205128,0.22057244274468274,16
2,ana_dime,233,1.5407725321888412,0.5630338608963991,16
2,ana_crea,66,0.9393939393939394,0.23860629921247914,16
2,ana_trop,1066,0.8968105065666041,0.3042062160416105,16
2,tension_,83,135.24096385542168,21.927366606592283,16
2,ana_hemo,4,14.625,1.5911866640969556,16
2,ana_plaq,5,297.2,142.01746371485444,16
2,ana_leuc,14,9.604285714285714,4.043516352111849,16
2,ana_neu,1323,6.354454270597127,3.0075727192144655,16
2,protcrea,1652,50.20822397094431,51.53840705886565,16
2,splanchnic,586,0.02218430034129693,0.14728257588616533,16
3,raza,546,2.89010989010989,0.6133535293994222,16
3,ant_inf,31,0.0,0.0,16
3,ant_isq,31,0.06451612903225806,0.2456701001891583,16
3,ant_clau,32,0.03125,0.17399263633843817,16
3,fum_act,39,0.20512820512820512,0.40379527559034933,16
3,diabetes,30,0.1,0.3,16
3,hip_art,31,0.3548387096774194,0.47846441852230076,16
3,insf_car,6,0.0,0.0,16
3,fibr_aur,241,0.004149377593360996,0.06428188126485339,16
3,trat_est,37,0.2702702702702703,0.44409937095013474,16
3,var171,26,0.038461538461538464,0.1923076923076923,16
3,tv_l_esu,463,0.019438444924406047,0.1380601020690876,16
3,tvp_orig,1618,0.207663782447466,0.4056347321261796,16
3,tv_l_ein,355,0.7408450704225352,0.43817080237410166,16
3,tvp_prox,685,0.8569343065693431,0.350139830344767,16
3,tv_l_svc,600,0.005,0.07053367989832943,16
3,tv_l_vre,621,0.004830917874396135,0.06933671543191944,16
3,tv_l_vrn,611,0.004909983633387889,0.06989903929316733,16
3,tv_l_vca,1173,0.027280477408354646,0.1628995179880128,16
3,tv_l_yug,1183,0.01014370245139476,0.10020383102442905,16
3,tv_l_ova,1187,0.0008424599831508003,0.029012932363475255,16
3,tv_l_sup,1184,0.0059121621621621625,0.07666295390037134,16
3,tv_l_pul,1184,0.0,0.0,16
3,tv_l_ove,611,0.05073649754500818,0.2194591200243762,16
3,fr_antfa,888,0.15765765765765766,0.36441970396722306,16
3,fr_tvs_a,338,0.05029585798816568,0.21855476352026726,16
3,fr_viaje,10,0.0,0.0,16
3,fr_estro,15,0.06666666666666667,0.24944382578492946,16
3,fr_varic,39,0.2564102564102564,0.4366509324596513,16
3,ana_dime,233,1.5064377682403434,0.5490543698604269,16
3,ana_crea,66,0.8636363636363636,0.3431742925123068,16
3,ana_trop,1066,0.8930581613508443,0.30903928843351564,16
3,tension_,83,132.73493975903614,20.490423468343295,16
3,ana_hemo,4,13.524999999999999,2.628093415386904,16
3,ana_plaq,5,252.4,186.6982592313062,16
3,ana_leuc,14,9.499285714285715,4.371149675977239,16
3,ana_neu,1323,6.181573696145125,3.0951491617949705,16
3,protcrea,1652,78.22060774818402,53.94405546838692,16
3,splanchnic,586,0.015358361774744027,0.12297350323683597,16
4,raza,546,2.8974358974358974,0.5840624594284176,16
4,ant_inf,31,0.0,0.0,16
4,ant_isq,31,0.06451612903225806,0.24567010018915833,16
4,ant_clau,32,0.0,0.0,16
4,fum_act,39,0.3076923076923077,0.4615384615384615,16
4,diabetes,30,0.03333333333333333,0.17950549357115012,16
4,hip_art,31,0.3548387096774194,0.47846441852230076,16
4,insf_car,6,0.0,0.0,16
4,fibr_aur,241,0.012448132780082987,0.11087459930197002,16
4,trat_est,37,0.13513513513513514,0.34186785515333834,16
4,var171,26,0.15384615384615385,0.36080121229411,16
4,tv_l_esu,463,0.017278617710583154,0.1303075864276316,16
4,tvp_orig,1618,0.22249690976514216,0.4159231117768095,16
4,tv_l_ein,355,0.7605633802816901,0.42673964528290476,16
4,tvp_prox,685,0.8773722627737226,0.32800941341528667,16
4,tv_l_svc,600,0.006666666666666667,0.08137703743822468,16
4,tv_l_vre,621,0.01610305958132045,0.1258719629363144,16
4,tv_l_vrn,611,0.0016366612111292963,0.040422550033481074,16
4,tv_l_vca,1173,0.03410059676044331,0.18148759203048825,16
4,tv_l_yug,1183,0.015215553677092139,0.12240931583581238,16
4,tv_l_ova,1187,0.005054759898904802,0.07091691830070751,16
4,tv_l_sup,1184,0.010135135135135136,0.10016193973225403,16
4,tv_l_pul,1184,0.0,0.0,16
4,tv_l_ove,611,0.03600654664484452,0.1863064015098707,16
4,fr_antfa,888,0.14076576576576577,0.3477797650153662,16
4,fr_tvs_a,338,0.07396449704142012,0.26171310670050496,16
4,fr_viaje,10,0.1,0.30000000000000004,16
4,fr_estro,15,0.06666666666666667,0.24944382578492943,16
4,fr_varic,39,0.20512820512820512,0.4037952755903493,16
4,ana_dime,233,1.5751072961373391,0.5197210473208791,16
4,ana_crea,66,0.8939393939393939,0.30791517322578144,16
4,ana_trop,1066,0.8583489681050657,0.34869186548876446,16
4,tension_,83,133.7710843373494,23.39360704618767,16
4,ana_hemo,4,12.6,2.4259018941416404,16
4,ana_plaq,5,196.2,46.2748311720313,16
4,ana_leuc,14,9.700000000000001,6.740821272558072,16
4,ana_neu,1323,7.274033257747543,3.1532174194197293,16
4,protcrea,1652,74.28237288135594,55.65166805952622,16
4,splanchnic,586,0.020477815699658702,0.14162794485492441,16
5,raza,546,2.9413919413919416,0.7609091127616865,16
5,ant_inf,31,0.0,0.0,16
5,ant_isq,31,0.03225806451612903,0.17668469596940847,16
5,ant_clau,32,0.0,0.0,16
5,fum_act,39,0.15384615384615385,0.36080121229411,16
5,diabetes,30,0.16666666666666666,0.37267799624996495,16
5,hip_art,31,0.3225806451612903,0.4674637660061109,16
5,insf_car,6,0.0,0.0,16
5,fibr_aur,241,0.008298755186721992,0.09071871829491886,16
5,trat_est,37,0.21621621621621623,0.4116634111277789,16
5,var171,26,0.038461538461538464,0.1923076923076923,16
5,tv_l_esu,463,0.017278617710583154,0.1303075864276316,16
5,tvp_orig,1618,0.1915945611866502,0.39355569530924733,16
5,tv_l_ein,355,0.7943661971830986,0.40416400378554385,16
5,tvp_prox,685,0.8583941605839416,0.34864541537116456,16
5,tv_l_svc,600,0.0033333333333333335,0.05763872155263527,16
5,tv_l_vre,621,0.00322061191626409,0.056658976121607675,16
5,tv_l_vrn,611,0.0032733224222585926,0.05711924178924761,16
5,tv_l_vca,1173,0.04774083546462063,0.21321737287041284,16
5,tv_l_yug,1183,0.02028740490278952,0.14098165166112855,16
5,tv_l_ova,1187,0.0016849199663016006,0.04101318094233559,16
5,tv_l_sup,1184,0.013513513513513514,0.11545951007185855,16
5,tv_l_pul,1184,0.0008445945945945946,0.0290496343275673,16
5,tv_l_ove,611,0.027823240589198037,0.16446612986360942,16
5,fr_antfa,888,0.1373873873873874,0.3442558542338174,16
5,fr_tvs_a,338,0.0621301775147929,0.24139183614358883,16
5,fr_viaje,10,0.1,0.30000000000000004,16
5,fr_estro,15,0.06666666666666667,0.24944382578492943,16
5,fr_varic,39,0.05128205128205128,0.2205724427446827,16
5,ana_dime,233,1.5708154506437768,0.5523323355191058,16
5,ana_crea,66,0.9393939393939394,0.23860629921247914,16
5,ana_trop,1066,0.8874296435272045,0.3160668779172902,16
5,tension_,83,131.50602409638554,21.41408921066481,16
5,ana_hemo,4,12.700000000000001,2.268259244442751,16
5,ana_plaq,5,213.4,29.91721912210425,16
5,ana_leuc,14,9.167857142857144,4.224040345064745,16
5,ana_neu,1323,6.029104308390022,3.075128931734687,16
5,protcrea,1652,68.18629661016949,54.87252374607088,16
5,splanchnic,586,0.030716723549488054,0.17254914211282646,16
1,raza,546,2.91025641025641,0.6210627841634274,17
1,ant_inf,31,0.06451612903225806,0.2456701001891583,17
1,ant_isq,31,0.0,0.0,17
1,ant_clau,32,0.03125,0.17399263633843817,17
1,fum_act,39,0.38461538461538464,0.48650425541051984,17
1,diabetes,30,0.0,0.0,17
1,hip_art,31,0.22580645161290322,0.4181123031230878,17
1,insf_car,6,0.0,0.0,17
1,fibr_aur,241,0.012448132780082987,0.11087459930197002,17
1,trat_est,37,0.08108108108108109,0.27295959292870475,17
1,var171,26,0.038461538461538464,0.1923076923076923,17
1,tv_l_esu,463,0.01511879049676026,0.1220254591086439,17
1,tvp_orig,1618,0.18294190358467244,0.3866188866280188,17
1,tv_l_ein,355,0.7492957746478873,0.4334185237650898,17
1,tvp_prox,685,0.8072992700729927,0.3944200281585684,17
1,tv_l_svc,600,0.015,0.12155245781143217,17
1,tv_l_vre,621,0.00322061191626409,0.056658976121607675,17
1,tv_l_vrn,611,0.008183306055646482,0.09009072958771121,17
1,tv_l_vca,1173,0.030690537084398978,0.1724779058832467,17
1,tv_l_yug,1183,0.016060862214708368,0.12570962938306884,17
1,tv_l_ova,1187,0.010951979780960405,0.10407705760559259,17
1,tv_l_sup,1184,0.009290540540540541,0.09593865955393119,17
1,tv_l_pul,1184,0.0,0.0,17
1,tv_l_ove,611,0.03764320785597381,0.19033180700630617,17
1,fr_antfa,888,0.15090090090090091,0.3579522580012555,17
1,fr_tvs_a,338,0.04437869822485207,0.20593501248869647,17
1,fr_viaje,10,0.0,0.0,17
1,fr_estro,15,0.06666666666666667,0.24944382578492943,17
1,fr_varic,39,0.1282051282051282,0.3343180720616743,17
1,ana_dime,233,1.5708154506437768,0.5676604538227399,17
1,ana_crea,66,0.9090909090909091,0.2874797872880344,17
1,ana_trop,1066,0.8386491557223265,0.367854250116205,17
1,tension_,83,130.44578313253012,19.88718362613154,17
1,ana_hemo,4,14.875,2.901185102677869,17
1,ana_plaq,5,230.8,86.99287327132033,17
1,ana_leuc,14,10.14,2.8663316526279967,17
1,ana_neu,1323,6.617567649281936,3.1296674814975636,17
1,protcrea,1652,80.5869794188862,44.63980721319318,17
1,splanchnic,586,0.01877133105802048,0.13571649932241353,17
2,raza,546,2.9047619047619047,0.6098213559459856,17
2,ant_inf,31,0.0,0.0,17
2,ant_isq,31,0.0,0.0,17
2,ant_clau,32,0.0,0.0,17
2,fum_act,39,0.23076923076923078,0.4213250442347431,17
2,diabetes,30,0.1,0.30000000000000004,17
2,hip_art,31,0.3548387096774194,0.47846441852230076,17
2,insf_car,6,0.0,0.0,17
2,fibr_aur,241,0.02074688796680498,0.14253580113956568,17
2,trat_est,37,0.1891891891891892,0.3916588309780929,17
2,var171,26,0.07692307692307693,0.26646935501059654,17
2,tv_l_esu,463,0.012958963282937365,0.11309742947374553,17
2,tvp_orig,1618,0.22929542645241038,0.4203796306440377,17
2,tv_l_ein,355,0.780281690140845,0.4140557621526252,17
2,tvp_prox,685,0.7503649635036497,0.4328017849429646,17
2,tv_l_svc,600,0.005,0.07053367989832943,17
2,tv_l_vre,621,0.00322061191626409,0.056658976121607675,17
2,tv_l_vrn,611,0.004909983633387889,0.06989903929316733,17
2,tv_l_vca,1173,0.045183290707587385,0.20770594827404687,17
2,tv_l_yug,1183,0.02028740490278952,0.14098165166112855,17
2,tv_l_ova,1187,0.004212299915754001,0.06476539542976434,17
2,tv_l_sup,1184,0.015202702702702704,0.12235841014509764,17
2,tv_l_pul,1184,0.0,0.0,17
2,tv_l_ove,611,0.029459901800327332,0.16909173837370767,17
2,fr_antfa,888,0.14977477477477477,0.35685051718603444,17
2,fr_tvs_a,338,0.07100591715976332,0.25683472679539293,17
2,fr_viaje,10,0.0,0.0,17
2,fr_estro,15,0.13333333333333333,0.3399346342395189,17
2,fr_varic,39,0.15384615384615385,0.36080121229411,17
2,ana_dime,233,1.5665236051502145,0.5290646216733038,17
2,ana_crea,66,0.8333333333333334,0.37267799624996495,17
2,ana_trop,1066,0.8649155722326454,0.34181372872095256,17
2,tension_,83,130.44578313253012,22.44041803835439,17
2,ana_hemo,4,13.5,1.5443445211480509,17
2,ana_plaq,5,211.4,51.92918254700337,17
2,ana_leuc,14,9.606428571428571,3.502037380772303,17
2,ana_neu,1323,6.344879818594104,3.1055891197515066,17
2,protcrea,1652,76.6585774818402,41.20825141252238,17
2,splanchnic,586,0.015358361774744027,0.12297350323683597,17
3,raza,546,2.91025641025641,0.5751294870964043,17
3,ant_inf,31,0.03225806451612903,0.17668469596940847,17
3,ant_isq,31,0.0,0.0,17
3,ant_clau,32,0.0,0.0,17
3,fum_act,39,0.20512820512820512,0.4037952755903493,17
3,diabetes,30,0.0,0.0,17
3,hip_art,31,0.3225806451612903,0.4674637660061109,17
3,insf_car,6,0.16666666666666666,0.372677996249965,17
3,fibr_aur,241,0.012448132780082987,0.11087459930197004,17
3,trat_est,37,0.10810810810810811,0.31051689981286645,17
3,var171,26,0.0,0.0,17
3,tv_l_esu,463,0.01511879049676026,0.1220254591086439,17
3,tvp_orig,1618,0.24969097651421507,0.4328341400139236,17
3,tv_l_ein,355,0.7830985915492957,0.41213491415167075,17
3,tvp_prox,685,0.8277372262773722,0.377608673777516,17
3,tv_l_svc,600,0.005,0.07053367989832943,17
3,tv_l_vre,621,0.001610305958132045,0.040096295001574016,17
3,tv_l_vrn,611,0.0032733224222585926,0.05711924178924761,17
3,tv_l_vca,1173,0.043478260869565216,0.20393111999232305,17
3,tv_l_yug,1183,0.013524936601859678,0.11550763044827539,17
3,tv_l_ova,1187,0.002527379949452401,0.0502094841642842,17
3,tv_l_sup,1184,0.015202702702702704,0.12235841014509764,17
3,tv_l_pul,1184,0.002533783783783784,0.05027289253186869,17
3,tv_l_ove,611,0.04091653027823241,0.19809686476121446,17
3,fr_antfa,888,0.16216216216216217,0.3685995053239421,17
3,fr_tvs_a,338,0.04437869822485207,0.20593501248869647,17
3,fr_viaje,10,0.1,0.30000000000000004,17
3,fr_estro,15,0.0,0.0,17
3,fr_varic,39,0.10256410256410256,0.3033887068256214,17
3,ana_dime,233,1.6266094420600858,0.5179814795238645,17
3,ana_crea,66,0.8787878787878788,0.3263736246748184,17
3,ana_trop,1066,0.8789868667917449,0.3261425375497288,17
3,tension_,83,128.72289156626505,17.758292312486354,17
3,ana_hemo,4,11.975,3.403215391361528,17
3,ana_plaq,5,352.6,324.36744596213725,17
3,ana_leuc,14,9.787857142857145,2.8807915047565573,17
3,ana_neu,1323,6.54402343159486,3.1157784037750997,17
3,protcrea,1652,92.76503631961259,42.252214249883416,17
3,splanchnic,586,0.023890784982935155,0.1527089236941781,17
4,raza,546,2.857142857142857,0.7398360659634414,17
4,ant_inf,31,0.0,0.0,17
4,ant_isq,31,0.03225806451612903,0.17668469596940845,17
4,ant_clau,32,0.03125,0.17399263633843817,17
4,fum_act,39,0.2564102564102564,0.43665093245965136,17
4,diabetes,30,0.1,0.30000000000000004,17
4,hip_art,31,0.3225806451612903,0.4674637660061109,17
4,insf_car,6,0.0,0.0,17
4,fibr_aur,241,0.012448132780082987,0.11087459930197004,17
4,trat_est,37,0.1891891891891892,0.3916588309780929,17
4,var171,26,0.07692307692307693,0.2664693550105965,17
4,tv_l_esu,463,0.01079913606911447,0.10335625152488465,17
4,tvp_orig,1618,0.22867737948084055,0.4199809943254768,17
4,tv_l_ein,355,0.7718309859154929,0.41965213581752575,17
4,tvp_prox,685,0.8116788321167884,0.3909684202212691,17
4,tv_l_svc,600,0.011666666666666667,0.10738042445229742,17
4,tv_l_vre,621,0.00322061191626409,0.056658976121607675,17
4,tv_l_vrn,611,0.008183306055646482,0.09009072958771121,17
4,tv_l_vca,1173,0.03324808184143223,0.17928370504677119,17
4,tv_l_yug,1183,0.03127641589180051,0.17406378629905656,17
4,tv_l_ova,1187,0.005897219882055603,0.0765665898399445,17
4,tv_l_sup,1184,0.01097972972972973,0.10420736665318732,17
4,tv_l_pul,1184,0.0,0.0,17
4,tv_l_ove,611,0.06382978723404255,0.2444494743207672,17
4,fr_antfa,888,0.15427927927927929,0.36121625553724107,17
4,fr_tvs_a,338,0.05325443786982249,0.22454042557408613,17
4,fr_viaje,10,0.0,0.0,17
4,fr_estro,15,0.0,0.0,17
4,fr_varic,39,0.1794871794871795,0.38375973197681446,17
4,ana_dime,233,1.553648068669528,0.5464650314986096,17
4,ana_crea,66,0.9696969696969697,0.17141982574219336,17
4,ana_trop,1066,0.8883677298311444,0.31491349038395167,17
4,tension_,83,131.36144578313252,20.130046063936792,17
4,ana_hemo,4,13.899999999999999,2.409356760631352,17
4,ana_plaq,5,215.0,33.952908564657605,17
4,ana_leuc,14,9.361428571428572,3.1994415966871856,17
4,ana_neu,1323,6.530908541194256,3.045414831603137,17
4,protcrea,1652,44.02132566585957,44.934530762440076,17
4,splanchnic,586,0.02218430034129693,0.14728257588616536,17
5,raza,546,2.9505494505494507,0.5607178078221305,17
5,ant_inf,31,0.0,0.0,17
5,ant_isq,31,0.0,0.0,17
5,ant_clau,32,0.03125,0.17399263633843817,17
5,fum_act,39,0.1794871794871795,0.38375973197681446,17
5,diabetes,30,0.1,0.3,17
5,hip_art,31,0.25806451612903225,0.4375696763306625,17
5,insf_car,6,0.0,0.0,17
5,fibr_aur,241,0.008298755186721992,0.09071871829491887,17
5,trat_est,37,0.16216216216216217,0.36859950532394203,17
5,var171,26,0.0,0.0,17
5,tv_l_esu,463,0.0064794816414686825,0.08023401996115209,17
5,tvp_orig,1618,0.26761433868974044,0.4427153763055822,17
5,tv_l_ein,355,0.7295774647887324,0.4441781035363836,17
5,tvp_prox,685,0.8131386861313868,0.3898001580911798,17
5,tv_l_svc,600,0.01,0.099498743710662,17
5,tv_l_vre,621,0.00322061191626409,0.05665897612160768,17
5,tv_l_vrn,611,0.0032733224222585926,0.05711924178924761,17
5,tv_l_vca,1173,0.03665814151747655,0.1879210530461162,17
5,tv_l_yug,1183,0.0253592561284869,0.15721375339675822,17
5,tv_l_ova,1187,0.0008424599831508003,0.02901293236347525,17
5,tv_l_sup,1184,0.010135135135135136,0.10016193973225403,17
5,tv_l_pul,1184,0.0008445945945945946,0.029049634327567297,17
5,tv_l_ove,611,0.044189852700491,0.20551668939237006,17
5,fr_antfa,888,0.13063063063063063,0.33699594800483046,17
5,fr_tvs_a,338,0.026627218934911243,0.16099133562618687,17
5,fr_viaje,10,0.1,0.30000000000000004,17
5,fr_estro,15,0.06666666666666667,0.24944382578492943,17
5,fr_varic,39,0.10256410256410256,0.3033887068256214,17
5,ana_dime,233,1.5450643776824033,0.5472397534781666,17
5,ana_crea,66,0.9242424242424242,0.2646098363117118,17
5,ana_trop,1066,0.8639774859287055,0.3428124702180757,17
5,tension_,83,131.34939759036143,22.0642182855583,17
5,ana_hemo,4,13.299999999999999,1.4053469322555192,17
5,ana_plaq,5,330.2,294.3177874339232,17
5,ana_leuc,14,9.694285714285714,3.199468068033708,17
5,ana_neu,1323,6.428333333333335,3.0453257405757355,17
5,protcrea,1652,45.635780871670704,41.6551523682393,17
5,splanchnic,586,0.032423208191126277,0.17712126851883472,17
1,raza,546,2.901098901098901,0.6092380106235459,18
1,ant_inf,31,0.0,0.0,18
1,ant_isq,31,0.06451612903225806,0.24567010018915833,18
1,ant_clau,32,0.0,0.0,18
1,fum_act,39,0.2564102564102564,0.4366509324596513,18
1,diabetes,30,0.1,0.30000000000000004,18
1,hip_art,31,0.25806451612903225,0.4375696763306625,18
1,insf_car,6,0.16666666666666666,0.372677996249965,18
1,fibr_aur,241,0.02074688796680498,0.14253580113956568,18
1,trat_est,37,0.13513513513513514,0.34186785515333834,18
1,var171,26,0.038461538461538464,0.1923076923076923,18
1,tv_l_esu,463,0.012958963282937365,0.11309742947374553,18
1,tvp_orig,1618,0.20024721878862795,0.40018529477736603,18
1,tv_l_ein,355,0.7746478873239436,0.41781399927299506,18
1,tvp_prox,685,0.9007299270072993,0.29902428931564173,18
1,tv_l_svc,600,0.011666666666666667,0.10738042445229742,18
1,tv_l_vre,621,0.011272141706924315,0.10557026346591797,18
1,tv_l_vrn,611,0.0016366612111292963,0.040422550033481074,18
1,tv_l_vca,1173,0.0494458653026428,0.216797074950553,18
1,tv_l_yug,1183,0.021132713440405747,0.14382670775294637,18
1,tv_l_ova,1187,0.005054759898904802,0.07091691830070751,18
1,tv_l_sup,1184,0.007601351351351352,0.08685373226859432,18
1,tv_l_pul,1184,0.0,0.0,18
1,tv_l_ove,611,0.060556464811783964,0.23851494582370122,18
1,fr_antfa,888,0.14864864864864866,0.3557417994888698,18
1,fr_tvs_a,338,0.04437869822485207,0.20593501248869647,18
1,fr_viaje,10,0.0,0.0,18
1,fr_estro,15,0.0,0.0,18
1,fr_varic,39,0.1794871794871795,0.38375973197681446,18
1,ana_dime,233,1.6437768240343347,0.49648323923859594,18
1,ana_crea,66,0.9242424242424242,0.2646098363117118,18
1,ana_trop,1066,0.8320825515947468,0.3737929626495426,18
1,tension_,83,131.9879518072289,20.252915289721066,18
1,ana_hemo,4,15.399999999999999,2.5465663156493688,18
1,ana_plaq,5,208.2,42.07802276723563,18
1,ana_leuc,14,6.9264285714285725,2.759155168688046,18
1,ana_neu,1323,6.696512471655329,3.098313836229863,18
1,protcrea,1652,61.85742736077482,53.09409855104533,18
1,splanchnic,586,0.01877133105802048,0.13571649932241353,18
2,raza,546,2.913919413919414,0.5692907554157666,18
2,ant_inf,31,0.03225806451612903,0.17668469596940847,18
2,ant_isq,31,0.0,0.0,18
2,ant_clau,32,0.0625,0.24206145913796356,18
2,fum_act,39,0.3076923076923077,0.4615384615384615,18
2,diabetes,30,0.03333333333333333,0.1795054935711501,18
2,hip_art,31,0.3548387096774194,0.4784644185223008,18
2,insf_car,6,0.0,0.0,18
2,fibr_aur,241,0.008298755186721992,0.09071871829491887,18
2,trat_est,37,0.1891891891891892,0.3916588309780929,18
2,var171,26,0.07692307692307693,0.2664693550105965,18
2,tv_l_esu,463,0.01511879049676026,0.12202545910864392,18
2,tvp_orig,1618,0.157601977750309,0.3643673892645994,18
2,tv_l_ein,355,0.7971830985915493,0.40209725926885587,18
2,tvp_prox,685,0.8948905109489051,0.3066944478834148,18
2,tv_l_svc,600,0.011666666666666667,0.10738042445229742,18
2,tv_l_vre,621,0.008051529790660225,0.08936835378751437,18
2,tv_l_vrn,611,0.0016366612111292963,0.040422550033481074,18
2,tv_l_vca,1173,0.03751065643648764,0.19000949210550358,18
2,tv_l_yug,1183,0.01267962806424345,0.11188768965527843,18
2,tv_l_ova,1187,0.006739679865206402,0.08181843667854413,18
2,tv_l_sup,1184,0.0059121621621621625,0.07666295390037134,18
2,tv_l_pul,1184,0.0,0.0,18
2,tv_l_ove,611,0.058919803600654665,0.23547454287951158,18
2,fr_antfa,888,0.12274774774774774,0.32814743358832327,18
2,fr_tvs_a,338,0.0650887573964497,0.2466824092979388,18
2,fr_viaje,10,0.0,0.0,18
2,fr_estro,15,0.0,0.0,18
2,fr_varic,39,0.1282051282051282,0.3343180720616743,18
2,ana_dime,233,1.5321888412017168,0.5241325705043183,18
2,ana_crea,66,0.8939393939393939,0.3079151732257814,18
2,ana_trop,1066,0.875234521575985,0.33045280119502946,18
2,tension_,83,133.0722891566265,21.2539340837613,18
2,ana_hemo,4,12.35,0.438748219369606,18
2,ana_plaq,5,257.2,80.41989803524996,18
2,ana_leuc,14,6.400714285714287,3.1190783077370656,18
2,ana_neu,1323,6.409638699924414,3.0835269571243566,18
2,protcrea,1652,63.16618401937046,54.14599531242285,18
2,splanchnic,586,0.02218430034129693,0.14728257588616536,18
3,raza,546,2.934065934065934,0.589322535287557,18
3,ant_inf,31,0.03225806451612903,0.17668469596940845,18
3,ant_isq,31,0.06451612903225806,0.24567010018915833,18
3,ant_clau,32,0.0,0.0,18
3,fum_act,39,0.3333333333333333,0.4714045207910317,18
3,diabetes,30,0.03333333333333333,0.17950549357115012,18
3,hip_art,31,0.3870967741935484,0.4870860925981129,18
3,insf_car,6,0.16666666666666666,0.372677996249965,18
3,fibr_aur,241,0.0,0.0,18
3,trat_est,37,0.13513513513513514,0.34186785515333823,18
3,var171,26,0.038461538461538464,0.1923076923076923,18
3,tv_l_esu,463,0.01079913606911447,0.10335625152488466,18
3,tvp_orig,1618,0.17676143386897405,0.381466681855124,18
3,tv_l_ein,355,0.7661971830985915,0.42324822469843265,18
3,tvp_prox,685,0.8875912408759125,0.3158686910668268,18
3,tv_l_svc,600,0.01,0.09949874371066199,18
3,tv_l_vre,621,0.00322061191626409,0.05665897612160768,18
3,tv_l_vrn,611,0.0032733224222585926,0.05711924178924761,18
3,tv_l_vca,1173,0.056265984654731455,0.23043464068053005,18
3,tv_l_yug,1183,0.01267962806424345,0.11188768965527841,18
3,tv_l_ova,1187,0.0,0.0,18
3,tv_l_sup,1184,0.005067567567567568,0.07100624850332332,18
3,tv_l_pul,1184,0.0016891891891891893,0.04106501953088925,18
3,tv_l_ove,611,0.09001636661211129,0.2862052067207465,18
3,fr_antfa,888,0.10923423423423423,0.31193287147316595,18
3,fr_tvs_a,338,0.05029585798816568,0.21855476352026726,18
3,fr_viaje,10,0.1,0.30000000000000004,18
3,fr_estro,15,0.0,0.0,18
3,fr_varic,39,0.10256410256410256,0.3033887068256214,18
3,ana_dime,233,1.6008583690987124,0.5236051502145923,18
3,ana_crea,66,0.8939393939393939,0.30791517322578144,18
3,ana_trop,1066,0.8930581613508443,0.30903928843351564,18
3,tension_,83,134.46987951807228,21.59224389383897,18
3,ana_hemo,4,14.724999999999998,2.4345174059759773,18
3,ana_plaq,5,172.4,28.132543432828818,18
3,ana_leuc,14,6.585714285714286,3.2945164706691337,18
3,ana_neu,1323,6.362624338624339,2.9519526046530857,18
3,protcrea,1652,63.04734261501211,53.25200121416667,18
3,splanchnic,586,0.011945392491467578,0.10864023237131062,18
4,raza,546,2.978021978021978,0.6458323188973677,18
4,ant_inf,31,0.03225806451612903,0.17668469596940845,18
4,ant_isq,31,0.03225806451612903,0.17668469596940847,18
4,ant_clau,32,0.0625,0.24206145913796356,18
4,fum_act,39,0.15384615384615385,0.36080121229411,18
4,diabetes,30,0.1,0.3,18
4,hip_art,31,0.3548387096774194,0.47846441852230076,18
4,insf_car,6,0.0,0.0,18
4,fibr_aur,241,0.012448132780082987,0.11087459930197002,18
4,trat_est,37,0.16216216216216217,0.36859950532394203,18
4,var171,26,0.038461538461538464,0.1923076923076923,18
4,tv_l_esu,463,0.02591792656587473,0.15889048948379716,18
4,tvp_orig,1618,0.1996291718170581,0.3997216100946928,18
4,tv_l_ein,355,0.780281690140845,0.4140557621526252,18
4,tvp_prox,685,0.8846715328467153,0.3194179265748221,18
4,tv_l_svc,600,0.018333333333333333,0.13415372608400492,18
4,tv_l_vre,621,0.00644122383252818,0.07999834040820752,18
4,tv_l_vrn,611,0.0016366612111292963,0.040422550033481074,18
4,tv_l_vca,1173,0.04688832054560955,0.21139963562414602,18
4,tv_l_yug,1183,0.01944209636517329,0.13807281142245423,18
4,tv_l_ova,1187,0.005897219882055603,0.0765665898399445,18
4,tv_l_sup,1184,0.01266891891891892,0.11184103635224761,18
4,tv_l_pul,1184,0.0,0.0,18
4,tv_l_ove,611,0.04582651391162029,0.2091086907192725,18
4,fr_antfa,888,0.12950450450450451,0.3357574836359531,18
4,fr_tvs_a,338,0.04142011834319527,0.1992598608341152,18
4,fr_viaje,10,0.1,0.30000000000000004,18
4,fr_estro,15,0.0,0.0,18
4,fr_varic,39,0.05128205128205128,0.22057244274468274,18
4,ana_dime,233,1.5622317596566524,0.5686654789717385,18
4,ana_crea,66,0.9242424242424242,0.26460983631171187,18
4,ana_trop,1066,0.8667917448405253,0.3397996702718279,18
4,tension_,83,131.84337349397592,19.047487851126604,18
4,ana_hemo,4,13.175,2.1194043974664205,18
4,ana_plaq,5,221.2,84.29567011418796,18
4,ana_leuc,14,6.9957142857142856,2.6915282814408465,18
4,ana_neu,1323,6.603124716553289,3.0378659497521396,18
4,protcrea,1652,32.742978208232444,39.99382274901248,18
4,splanchnic,586,0.020477815699658702,0.14162794485492444,18
5,raza,546,2.9413919413919416,0.47293902627338913,18
5,ant_inf,31,0.03225806451612903,0.17668469596940847,18
5,ant_isq,31,0.06451612903225806,0.2456701001891583,18
5,ant_clau,32,0.0,0.0,18
5,fum_act,39,0.23076923076923078,0.4213250442347431,18
5,diabetes,30,0.06666666666666667,0.24944382578492943,18
5,hip_art,31,0.2903225806451613,0.45391120256355766,18
5,insf_car,6,0.0,0.0,18
5,fibr_aur,241,0.008298755186721992,0.09071871829491887,18
5,trat_est,37,0.1891891891891892,0.3916588309780929,18
5,var171,26,0.0,0.0,18
5,tv_l_esu,463,0.0064794816414686825,0.08023401996115208,18
5,tvp_orig,1618,0.25339925834363414,0.4349575544975972,18
5,tv_l_ein,355,0.7830985915492957,0.41213491415167075,18
5,tvp_prox,685,0.891970802919708,0.3104172831181914,18
5,tv_l_svc,600,0.016666666666666666,0.12801909579781015,18
5,tv_l_vre,621,0.00966183574879227,0.09781863155225402,18
5,tv_l_vrn,611,0.0016366612111292963,0.040422550033481074,18
5,tv_l_vca,1173,0.05029838022165388,0.21855995325935587,18
5,tv_l_yug,1183,0.018596787827557058,0.13509606696737653,18
5,tv_l_ova,1187,0.008424599831508003,0.09139817257028152,18
5,tv_l_sup,1184,0.016891891891891893,0.12886642650513955,18
5,tv_l_pul,1184,0.0033783783783783786,0.05802555418012725,18
5,tv_l_ove,611,0.05564648117839607,0.22923775934792784,18
5,fr_antfa,888,0.12612612612612611,0.3319914553637528,18
5,fr_tvs_a,338,0.04437869822485207,0.20593501248869647,18
5,fr_viaje,10,0.0,0.0,18
5,fr_estro,15,0.0,0.0,18
5,fr_varic,39,0.2564102564102564,0.4366509324596513,18
5,ana_dime,233,1.6351931330472103,0.481375961984891,18
5,ana_crea,66,0.9090909090909091,0.2874797872880344,18
5,ana_trop,1066,0.8864915572232646,0.31721329763289563,18
5,tension_,83,133.0722891566265,19.43836916936658,18
5,ana_hemo,4,13.0,2.1529050141610986,18
5,ana_plaq,5,235.6,71.35712998712883,18
5,ana_leuc,14,7.197857142857143,3.0859200493564973,18
5,ana_neu,1323,6.689271352985638,3.1068026504238215,18
5,protcrea,1652,60.213898305084754,47.103094278554096,18
5,splanchnic,586,0.011945392491467578,0.10864023237131062,18
1,raza,546,2.9432234432234434,0.5918245314959932,19
1,ant_inf,31,0.03225806451612903,0.17668469596940847,19
1,ant_isq,31,0.06451612903225806,0.2456701001891583,19
1,ant_clau,32,0.0,0.0,19
1,fum_act,39,0.1794871794871795,0.3837597319768145,19
1,diabetes,30,0.03333333333333333,0.1795054935711501,19
1,hip_art,31,0.25806451612903225,0.4375696763306625,19
1,insf_car,6,0.0,0.0,19
1,fibr_aur,241,0.008298755186721992,0.09071871829491887,19
1,trat_est,37,0.16216216216216217,0.36859950532394203,19
1,var171,26,0.038461538461538464,0.1923076923076923,19
1,tv_l_esu,463,0.019438444924406047,0.1380601020690876,19
1,tvp_orig,1618,0.16749072929542647,0.37341342356095425,19
1,tv_l_ein,355,0.8028169014084507,0.39787174343170517,19
1,tvp_prox,685,0.8671532846715329,0.3394089945109062,19
1,tv_l_svc,600,0.006666666666666667,0.08137703743822466,19
1,tv_l_vre,621,0.004830917874396135,0.06933671543191944,19
1,tv_l_vrn,611,0.004909983633387889,0.06989903929316733,19
1,tv_l_vca,1173,0.04774083546462063,0.2132173728704128,19
1,tv_l_yug,1183,0.0253592561284869,0.1572137533967582,19
1,tv_l_ova,1187,0.008424599831508003,0.09139817257028152,19
1,tv_l_sup,1184,0.007601351351351352,0.08685373226859432,19
1,tv_l_pul,1184,0.002533783783783784,0.05027289253186869,19
1,tv_l_ove,611,0.03600654664484452,0.1863064015098707,19
1,fr_antfa,888,0.15090090090090091,0.3579522580012555,19
1,fr_tvs_a,338,0.05325443786982249,0.22454042557408613,19
1,fr_viaje,10,0.1,0.30000000000000004,19
1,fr_estro,15,0.0,0.0,19
1,fr_varic,39,0.23076923076923078,0.4213250442347431,19
1,ana_dime,233,1.5321888412017168,0.532258060014678,19
1,ana_crea,66,0.9242424242424242,0.2646098363117118,19
1,ana_trop,1066,0.8649155722326454,0.3418137287209526,19
1,tension_,83,131.289156626506,19.55069414259749,19
1,ana_hemo,4,14.1,1.206233808181482,19
1,ana_plaq,5,229.6,81.5195682029781,19
1,ana_leuc,14,7.973571428571428,3.2725691243225694,19
1,ana_neu,1323,6.960018896447467,3.0535064914073726,19
1,protcrea,1652,35.13448062953995,40.25375125850491,19
1,splanchnic,586,0.015358361774744027,0.12297350323683597,19
2,raza,546,2.9267399267399266,0.680806455999352,19
2,ant_inf,31,0.03225806451612903,0.17668469596940847,19
2,ant_isq,31,0.06451612903225806,0.24567010018915833,19
2,ant_clau,32,0.03125,0.17399263633843817,19
2,fum_act,39,0.28205128205128205,0.44999817371241657,19
2,diabetes,30,0.13333333333333333,0.33993463423951903,19
2,hip_art,31,0.25806451612903225,0.4375696763306625,19
2,insf_car,6,0.0,0.0,19
2,fibr_aur,241,0.008298755186721992,0.09071871829491886,19
2,trat_est,37,0.10810810810810811,0.31051689981286645,19
2,var171,26,0.038461538461538464,0.1923076923076923,19
2,tv_l_esu,463,0.012958963282937365,0.11309742947374554,19
2,tvp_orig,1618,0.17676143386897405,0.381466681855124,19
2,tv_l_ein,355,0.7352112676056338,0.44122064728585736,19
2,tvp_prox,685,0.8554744525547445,0.351621833197122,19
2,tv_l_svc,600,0.013333333333333334,0.11469767022723505,19
2,tv_l_vre,621,0.004830917874396135,0.06933671543191944,19
2,tv_l_vrn,611,0.004909983633387889,0.06989903929316733,19
2,tv_l_vca,1173,0.04092071611253197,0.1981065650233973,19
2,tv_l_yug,1183,0.013524936601859678,0.11550763044827539,19
2,tv_l_ova,1187,0.003369839932603201,0.05795242972845776,19
2,tv_l_sup,1184,0.005067567567567568,0.07100624850332332,19
2,tv_l_pul,1184,0.002533783783783784,0.05027289253186869,19
2,tv_l_ove,611,0.03927986906710311,0.19426003436933273,19
2,fr_antfa,888,0.11261261261261261,0.31611866773914865,19
2,fr_tvs_a,338,0.05325443786982249,0.22454042557408613,19
2,fr_viaje,10,0.0,0.0,19
2,fr_estro,15,0.0,0.0,19
2,fr_varic,39,0.1282051282051282,0.3343180720616743,19
2,ana_dime,233,1.5751072961373391,0.5439310985682698,19
2,ana_crea,66,0.8939393939393939,0.3079151732257814,19
2,ana_trop,1066,0.8799249530956847,0.32504927321137284,19
2,tension_,83,136.7710843373494,23.97354229456952,19
2,ana_hemo,4,14.5,1.461163919620245,19
2,ana_plaq,5,184.2,73.55107069241073,19
2,ana_leuc,14,7.890000000000001,2.6855246893564124,19
2,ana_neu,1323,6.929888133030989,3.034172718509496,19
2,protcrea,1652,39.35064891041163,42.632359007592825,19
2,splanchnic,586,0.02901023890784983,0.1678351719585597,19
3,raza,546,2.9413919413919416,0.7704769253753104,19
3,ant_inf,31,0.03225806451612903,0.17668469596940847,19
3,ant_isq,31,0.03225806451612903,0.17668469596940847,19
3,ant_clau,32,0.03125,0.17399263633843817,19
3,fum_act,39,0.3333333333333333,0.4714045207910317,19
3,diabetes,30,0.06666666666666667,0.24944382578492943,19
3,hip_art,31,0.22580645161290322,0.4181123031230878,19
3,insf_car,6,0.16666666666666666,0.372677996249965,19
3,fibr_aur,241,0.012448132780082987,0.11087459930197004,19
3,trat_est,37,0.16216216216216217,0.36859950532394203,19
3,var171,26,0.0,0.0,19
3,tv_l_esu,463,0.01511879049676026,0.1220254591086439,19
3,tvp_orig,1618,0.2873918417799753,0.45254587729675433,19
3,tv_l_ein,355,0.8028169014084507,0.39787174343170517,19
3,tvp_prox,685,0.8656934306569343,0.34098139945510514,19
3,tv_l_svc,600,0.008333333333333333,0.09090593428863095,19
3,tv_l_vre,621,0.011272141706924315,0.10557026346591797,19
3,tv_l_vrn,611,0.0016366612111292963,0.040422550033481074,19
3,tv_l_vca,1173,0.043478260869565216,0.20393111999232305,19
3,tv_l_yug,1183,0.0076077768385460695,0.08689015231958654,19
3,tv_l_ova,1187,0.0016849199663016006,0.04101318094233559,19
3,tv_l_sup,1184,0.01097972972972973,0.10420736665318732,19
3,tv_l_pul,1184,0.0008445945945945946,0.0290496343275673,19
3,tv_l_ove,611,0.057283142389525366,0.23238283927068865,19
3,fr_antfa,888,0.17792792792792791,0.3824520628669716,19
3,fr_tvs_a,338,0.038461538461538464,0.1923076923076923,19
3,fr_viaje,10,0.1,0.30000000000000004,19
3,fr_estro,15,0.06666666666666667,0.24944382578492946,19
3,fr_varic,39,0.1794871794871795,0.38375973197681446,19
3,ana_dime,233,1.6266094420600858,0.5342959808046291,19
3,ana_crea,66,0.8787878787878788,0.3263736246748184,19
3,ana_trop,1066,0.8592870544090057,0.34772519686398945,19
3,tension_,83,135.02409638554218,19.84456218413161,19
3,ana_hemo,4,12.475,1.4754236679679502,19
3,ana_plaq,5,231.4,29.28207642910591,19
3,ana_leuc,14,8.394999999999998,2.951004066415362,19
3,ana_neu,1323,6.208179894179893,2.941032968196555,19
3,protcrea,1652,38.74823123486683,41.3899188837474,19
3,splanchnic,586,0.015358361774744027,0.12297350323683597,19
4,raza,546,2.9450549450549453,0.6438660252874836,19
4,ant_inf,31,0.0,0.0,19
4,ant_isq,31,0.03225806451612903,0.17668469596940847,19
4,ant_clau,32,0.0,0.0,19
4,fum_act,39,0.15384615384615385,0.36080121229411,19
4,diabetes,30,0.06666666666666667,0.24944382578492943,19
4,hip_art,31,0.2903225806451613,0.45391120256355777,19
4,insf_car,6,0.0,0.0,19
4,fibr_aur,241,0.008298755186721992,0.09071871829491887,19
4,trat_est,37,0.13513513513513514,0.34186785515333834,19
4,var171,26,0.0,0.0,19
4,tv_l_esu,463,0.0064794816414686825,0.08023401996115208,19
4,tvp_orig,1618,0.20704573547589616,0.4051885967017599,19
4,tv_l_ein,355,0.780281690140845,0.4140557621526252,19
4,tvp_prox,685,0.8321167883211679,0.37376254348882065,19
4,tv_l_svc,600,0.005,0.07053367989832943,19
4,tv_l_vre,621,0.001610305958132045,0.04009629500157402,19
4,tv_l_vrn,611,0.004909983633387889,0.06989903929316733,19
4,tv_l_vca,1173,0.03836317135549872,0.19207144097717224,19
4,tv_l_yug,1183,0.00507185122569738,0.07103610033526456,19
4,tv_l_ova,1187,0.0008424599831508003,0.02901293236347525,19
4,tv_l_sup,1184,0.010135135135135136,0.10016193973225403,19
4,tv_l_pul,1184,0.0,0.0,19
4,tv_l_ove,611,0.04746317512274959,0.21262742562994263,19
4,fr_antfa,888,0.13626126126126126,0.3430657807779021,19
4,fr_tvs_a,338,0.05621301775147929,0.2303326168538689,19
4,fr_viaje,10,0.0,0.0,19
4,fr_estro,15,0.06666666666666667,0.24944382578492943,19
4,fr_varic,39,0.1794871794871795,0.38375973197681446,19
4,ana_dime,233,1.6695278969957081,0.4882905632043911,19
4,ana_crea,66,0.8787878787878788,0.3263736246748184,19
4,ana_trop,1066,0.8536585365853658,0.3534482133216936,19
4,tension_,83,132.3734939759036,19.067230984877867,19
4,ana_hemo,4,13.875,1.0059199769365352,19
4,ana_plaq,5,236.2,28.038544898050613,19
4,ana_leuc,14,9.174999999999999,2.622582560323752,19
4,ana_neu,1323,5.845576719576719,2.9520363704396173,19
4,protcrea,1652,38.1820181598063,41.20939354293419,19
4,splanchnic,586,0.025597269624573378,0.15793052083856451,19
5,raza,546,2.9945054945054945,0.5820632691015725,19
5,ant_inf,31,0.03225806451612903,0.17668469596940847,19
5,ant_isq,31,0.03225806451612903,0.17668469596940845,19
5,ant_clau,32,0.03125,0.17399263633843817,19
5,fum_act,39,0.28205128205128205,0.4499981737124165,19
5,diabetes,30,0.06666666666666667,0.24944382578492943,19
5,hip_art,31,0.25806451612903225,0.4375696763306625,19
5,insf_car,6,0.0,0.0,19
5,fibr_aur,241,0.016597510373443983,0.12775771218539964,19
5,trat_est,37,0.08108108108108109,0.27295959292870475,19
5,var171,26,0.038461538461538464,0.1923076923076923,19
5,tv_l_esu,463,0.01079913606911447,0.10335625152488466,19
5,tvp_orig,1618,0.27132262051915945,0.44464216636951515,19
5,tv_l_ein,355,0.7915492957746478,0.40620069932646213,19
5,tvp_prox,685,0.8394160583941606,0.3671467544513662,19
5,tv_l_svc,600,0.005,0.07053367989832944,19
5,tv_l_vre,621,0.017713365539452495,0.13190755179563537,19
5,tv_l_vrn,611,0.008183306055646482,0.09009072958771121,19
5,tv_l_vca,1173,0.028132992327365727,0.16535273529662006,19
5,tv_l_yug,1183,0.029585798816568046,0.16944166938788582,19
5,tv_l_ova,1187,0.004212299915754001,0.06476539542976434,19
5,tv_l_sup,1184,0.006756756756756757,0.08192132197960905,19
5,tv_l_pul,1184,0.0,0.0,19
5,tv_l_ove,611,0.054009819967266774,0.2260370750880709,19
5,fr_antfa,888,0.13963963963963963,0.3466127676254168,19
5,fr_tvs_a,338,0.03254437869822485,0.17744081298667277,19
5,fr_viaje,10,0.0,0.0,19
5,fr_estro,15,0.0,0.0,19
5,fr_varic,39,0.10256410256410256,0.3033887068256214,19
5,ana_dime,233,1.5321888412017168,0.5481478125696002,19
5,ana_crea,66,0.9090909090909091,0.2874797872880344,19
5,ana_trop,1066,0.8649155722326454,0.34181372872095256,19
5,tension_,83,131.02409638554218,21.56188957431157,19
5,ana_hemo,4,12.875,2.834056280316254,19
5,ana_plaq,5,256.6,68.2043986851288,19
5,ana_leuc,14,8.692857142857143,3.142149920428524,19
5,ana_neu,1323,6.104820105820106,3.1439624089695704,19
5,protcrea,1652,37.557305084745764,41.08806942143931,19
5,splanchnic,586,0.025597269624573378,0.15793052083856454,19
1,raza,546,2.9395604395604398,0.5852357693167078,20
1,ant_inf,31,0.0,0.0,20
1,ant_isq,31,0.03225806451612903,0.17668469596940845,20
1,ant_clau,32,0.03125,0.17399263633843817,20
1,fum_act,39,0.2564102564102564,0.43665093245965136,20
1,diabetes,30,0.06666666666666667,0.24944382578492943,20
1,hip_art,31,0.3225806451612903,0.4674637660061109,20
1,insf_car,6,0.16666666666666666,0.372677996249965,20
1,fibr_aur,241,0.012448132780082987,0.11087459930197001,20
1,trat_est,37,0.21621621621621623,0.4116634111277789,20
1,var171,26,0.0,0.0,20
1,tv_l_esu,463,0.05399568034557235,0.22600917425978784,20
1,tvp_orig,1618,0.3318912237330037,0.4708921737956716,20
1,tv_l_ein,355,0.7295774647887324,0.44417810353638365,20
1,tvp_prox,685,0.8700729927007299,0.33622311055833964,20
1,tv_l_svc,600,0.008333333333333333,0.09090593428863095,20
1,tv_l_vre,621,0.011272141706924315,0.10557026346591797,20
1,tv_l_vrn,611,0.0016366612111292963,0.04042255003348108,20
1,tv_l_vca,1173,0.03239556692242114,0.17704828201989442,20
1,tv_l_yug,1183,0.014370245139475908,0.11901151706497684,20
1,tv_l_ova,1187,0.0016849199663016006,0.04101318094233559,20
1,tv_l_sup,1184,0.018581081081081082,0.1350400848153591,20
1,tv_l_pul,1184,0.0033783783783783786,0.05802555418012726,20
1,tv_l_ove,611,0.06710310965630115,0.2502004842736232,20
1,fr_antfa,888,0.10585585585585586,0.3076530410005403,20
1,fr_tvs_a,338,0.05917159763313609,0.23594558624114656,20
1,fr_viaje,10,0.0,0.0,20
1,fr_estro,15,0.0,0.0,20
1,fr_varic,39,0.1794871794871795,0.3837597319768145,20
1,ana_dime,233,1.5793991416309012,0.5190826998365958,20
1,ana_crea,66,0.9242424242424242,0.2646098363117118,20
1,ana_trop,1066,0.8395872420262664,0.36698842632022327,20
1,tension_,83,130.16867469879517,18.73198365087341,20
1,ana_hemo,4,11.3,1.7014699527173556,20
1,ana_plaq,5,452.8,368.3864275458584,20
1,ana_leuc,14,9.605714285714287,3.3644564712504126,20
1,ana_neu,1323,6.553284958427815,3.11176873308438,20
1,protcrea,1652,51.69220460048426,42.61483637085276,20
1,splanchnic,586,0.027303754266211604,0.1629670496425027,20
2,raza,546,2.9633699633699635,0.5665708806149541,20
2,ant_inf,31,0.0,0.0,20
2,ant_isq,31,0.06451612903225806,0.24567010018915833,20
2,ant_clau,32,0.0,0.0,20
2,fum_act,39,0.2564102564102564,0.4366509324596513,20
2,diabetes,30,0.16666666666666666,0.37267799624996495,20
2,hip_art,31,0.3225806451612903,0.4674637660061109,20
2,insf_car,6,0.0,0.0,20
2,fibr_aur,241,0.008298755186721992,0.09071871829491887,20
2,trat_est,37,0.16216216216216217,0.36859950532394203,20
2,var171,26,0.0,0.0,20
2,tv_l_esu,463,0.05399568034557235,0.22600917425978784,20
2,tvp_orig,1618,0.4215080346106304,0.4938005785429114,20
2,tv_l_ein,355,0.7408450704225352,0.4381708023741016,20
2,tvp_prox,685,0.891970802919708,0.3104172831181914,20
2,tv_l_svc,600,0.0033333333333333335,0.05763872155263527,20
2,tv_l_vre,621,0.011272141706924315,0.10557026346591797,20
2,tv_l_vrn,611,0.0016366612111292963,0.04042255003348108,20
2,tv_l_vca,1173,0.04859335038363171,0.21501636375430896,20
2,tv_l_yug,1183,0.026204564666103127,0.1597431859478305,20
2,tv_l_ova,1187,0.009267059814658803,0.09581848160480493,20
2,tv_l_sup,1184,0.0059121621621621625,0.07666295390037133,20
2,tv_l_pul,1184,0.0016891891891891893,0.04106501953088925,20
2,tv_l_ove,611,0.044189852700491,0.20551668939237006,20
2,fr_antfa,888,0.13513513513513514,0.3418678551533384,20
2,fr_tvs_a,338,0.05917159763313609,0.23594558624114656,20
2,fr_viaje,10,0.0,0.0,20
2,fr_estro,15,0.0,0.0,20
2,fr_varic,39,0.15384615384615385,0.36080121229411,20
2,ana_dime,233,1.5836909871244635,0.5426766667149783,20
2,ana_crea,66,0.9090909090909091,0.2874797872880344,20
2,ana_trop,1066,0.8780487804878049,0.32722946012192045,20
2,tension_,83,129.79518072289156,20.483175015174748,20
2,ana_hemo,4,12.725,2.010441493801797,20
2,ana_plaq,5,276.2,140.42279017310545,20
2,ana_leuc,14,8.870714285714286,2.7181045504061787,20
2,ana_neu,1323,6.150016628873772,3.0581119516326067,20
2,protcrea,1652,41.55223849878935,49.25084890067444,20
2,splanchnic,586,0.011945392491467578,0.10864023237131062,20
3,raza,546,2.9853479853479854,0.5168990093489293,20
3,ant_inf,31,0.0,0.0,20
3,ant_isq,31,0.06451612903225806,0.2456701001891583,20
3,ant_clau,32,0.0,0.0,20
3,fum_act,39,0.358974358974359,0.4796996649710181,20
3,diabetes,30,0.13333333333333333,0.33993463423951903,20
3,hip_art,31,0.3548387096774194,0.47846441852230076,20
3,insf_car,6,0.16666666666666666,0.37267799624996495,20
3,fibr_aur,241,0.016597510373443983,0.1277577121853996,20
3,trat_est,37,0.24324324324324326,0.4290407531456093,20
3,var171,26,0.0,0.0,20
3,tv_l_esu,463,0.023758099352051837,0.1522946225814617,20
3,tvp_orig,1618,0.4672435105067985,0.49892585861636984,20
3,tv_l_ein,355,0.7661971830985915,0.42324822469843265,20
3,tvp_prox,685,0.8802919708029197,0.32461980368244825,20
3,tv_l_svc,600,0.006666666666666667,0.08137703743822468,20
3,tv_l_vre,621,0.011272141706924315,0.10557026346591797,20
3,tv_l_vrn,611,0.008183306055646482,0.09009072958771121,20
3,tv_l_vca,1173,0.042625745950554135,0.2020118603763476,20
3,tv_l_yug,1183,0.00507185122569738,0.07103610033526456,20
3,tv_l_ova,1187,0.002527379949452401,0.0502094841642842,20
3,tv_l_sup,1184,0.002533783783783784,0.05027289253186869,20
3,tv_l_pul,1184,0.0,0.0,20
3,tv_l_ove,611,0.057283142389525366,0.23238283927068865,20
3,fr_antfa,888,0.1373873873873874,0.3442558542338174,20
3,fr_tvs_a,338,0.04437869822485207,0.20593501248869647,20
3,fr_viaje,10,0.1,0.30000000000000004,20
3,fr_estro,15,0.0,0.0,20
3,fr_varic,39,0.02564102564102564,0.15806189751202507,20
3,ana_dime,233,1.5708154506437768,0.5600488370196964,20
3,ana_crea,66,0.9090909090909091,0.2874797872880344,20
3,ana_trop,1066,0.875234521575985,0.33045280119502946,20
3,tension_,83,131.65060240963857,22.068040312895036,20
3,ana_hemo,4,13.65,1.7867568385205639,20
3,ana_plaq,5,228.6,85.72187585441652,20
3,ana_leuc,14,8.665714285714285,2.639855824758277,20
3,ana_neu,1323,6.004331821617535,3.001348197354213,20
3,protcrea,1652,65.55017554479419,57.580594115324864,20
3,splanchnic,586,0.02218430034129693,0.14728257588616536,20
4,raza,546,2.8626373626373627,0.8082652275199972,20
4,ant_inf,31,0.0,0.0,20
4,ant_isq,31,0.0,0.0,20
4,ant_clau,32,0.03125,0.17399263633843817,20
4,fum_act,39,0.2564102564102564,0.4366509324596513,20
4,diabetes,30,0.1,0.30000000000000004,20
4,hip_art,31,0.2903225806451613,0.45391120256355777,20
4,insf_car,6,0.0,0.0,20
4,fibr_aur,241,0.02074688796680498,0.14253580113956568,20
4,trat_est,37,0.1891891891891892,0.3916588309780929,20
4,var171,26,0.038461538461538464,0.1923076923076923,20
4,tv_l_esu,463,0.04103671706263499,0.1983751620424196,20
4,tvp_orig,1618,0.40914709517923364,0.4916764685091496,20
4,tv_l_ein,355,0.7380281690140845,0.4397073922005433,20
4,tvp_prox,685,0.891970802919708,0.3104172831181914,20
4,tv_l_svc,600,0.013333333333333334,0.11469767022723505,20
4,tv_l_vre,621,0.01610305958132045,0.12587196293631436,20
4,tv_l_vrn,611,0.008183306055646482,0.09009072958771121,20
4,tv_l_vca,1173,0.0392156862745098,0.1941077438551307,20
4,tv_l_yug,1183,0.014370245139475908,0.11901151706497684,20
4,tv_l_ova,1187,0.0016849199663016006,0.04101318094233559,20
4,tv_l_sup,1184,0.010135135135135136,0.10016193973225403,20
4,tv_l_pul,1184,0.0,0.0,20
4,tv_l_ove,611,0.044189852700491,0.20551668939237006,20
4,fr_antfa,888,0.1204954954954955,0.32554006060819995,20
4,fr_tvs_a,338,0.0650887573964497,0.2466824092979388,20
4,fr_viaje,10,0.1,0.30000000000000004,20
4,fr_estro,15,0.0,0.0,20
4,fr_varic,39,0.07692307692307693,0.2664693550105965,20
4,ana_dime,233,1.536480686695279,0.531981130724332,20
4,ana_crea,66,0.9090909090909091,0.2874797872880344,20
4,ana_trop,1066,0.8377110694183865,0.3687156541188477,20
4,tension_,83,133.4578313253012,19.70829511910326,20
4,ana_hemo,4,14.875,1.4236836024903847,20
4,ana_plaq,5,237.2,163.94316088205693,20
4,ana_leuc,14,9.134285714285713,2.0471503339510555,20
4,ana_neu,1323,6.2700249433106565,3.0426041629414025,20
4,protcrea,1652,63.98665254237288,46.689426699865166,20
4,splanchnic,586,0.030716723549488054,0.17254914211282646,20
5,raza,546,2.858974358974359,0.6548509122626736,20
5,ant_inf,31,0.03225806451612903,0.17668469596940847,20
5,ant_isq,31,0.03225806451612903,0.17668469596940847,20
5,ant_clau,32,0.03125,0.17399263633843817,20
5,fum_act,39,0.28205128205128205,0.4499981737124165,20
5,diabetes,30,0.13333333333333333,0.33993463423951903,20
5,hip_art,31,0.3548387096774194,0.47846441852230076,20
5,insf_car,6,0.0,0.0,20
5,fibr_aur,241,0.012448132780082987,0.11087459930197002,20
5,trat_est,37,0.13513513513513514,0.3418678551533383,20
5,var171,26,0.038461538461538464,0.1923076923076923,20
5,tv_l_esu,463,0.023758099352051837,0.1522946225814617,20
5,tvp_orig,1618,0.3572311495673671,0.47918373860779595,20
5,tv_l_ein,355,0.7408450704225352,0.43817080237410166,20
5,tvp_prox,685,0.8598540145985402,0.34713842797551764,20
5,tv_l_svc,600,0.0033333333333333335,0.05763872155263527,20
5,tv_l_vre,621,0.001610305958132045,0.04009629500157402,20
5,tv_l_vrn,611,0.0032733224222585926,0.05711924178924761,20
5,tv_l_vca,1173,0.042625745950554135,0.2020118603763476,20
5,tv_l_yug,1183,0.0169061707523246,0.12891994470530088,20
5,tv_l_ova,1187,0.003369839932603201,0.05795242972845776,20
5,tv_l_sup,1184,0.01266891891891892,0.11184103635224762,20
5,tv_l_pul,1184,0.005067567567567568,0.07100624850332332,20
5,tv_l_ove,611,0.05237315875613748,0.22277838988115947,20
5,fr_antfa,888,0.13851351351351351,0.3454381566759167,20
5,fr_tvs_a,338,0.05029585798816568,0.21855476352026726,20
5,fr_viaje,10,0.0,0.0,20
5,fr_estro,15,0.0,0.0,20
5,fr_varic,39,0.20512820512820512,0.4037952755903493,20
5,ana_dime,233,1.55793991416309,0.5460266589366498,20
5,ana_crea,66,0.9242424242424242,0.2646098363117118,20
5,ana_trop,1066,0.8461538461538461,0.36080121229410994,20
5,tension_,83,133.3132530120482,22.55484758669135,20
5,ana_hemo,4,12.6,3.0765240125830324,20
5,ana_plaq,5,249.0,58.28550420130206,20
5,ana_leuc,14,9.146428571428572,2.7914374360145837,20
5,ana_neu,1323,6.976980347694633,3.1317379715126132,20
5,protcrea,1652,21.057217917675544,26.783430091853425,20
5,splanchnic,586,0.020477815699658702,0.14162794485492441,20
