iteration,variable,missing_n,imputed_mean,imputed_sd,imputation
1,raza,539,2.8608534322820036,0.6952849516900685,1
1,ant_inf,35,0.0,0.0,1
1,ant_isq,34,0.029411764705882353,0.1689577248981773,1
1,ant_clau,36,0.0,0.0,1
1,fum_act,44,0.3409090909090909,0.47401485487759565,1
1,diabetes,34,0.058823529411764705,0.23529411764705885,1
1,hip_art,35,0.4,0.48989794855663565,1
1,insf_car,7,0.0,0.0,1
1,fibr_aur,236,0.012711864406779662,0.11202800056273124,1
1,trat_est,40,0.125,0.33071891388307384,1
1,var171,27,0.0,0.0,1
1,tv_l_esu,449,0.013363028953229399,0.11482359692338748,1
1,tvp_orig,1607,0.21717485998755445,0.4123226166206998,1
1,tv_l_ein,343,0.760932944606414,0.42651377283626624,1
1,tvp_prox,679,0.8895434462444771,0.31345797722817026,1
1,tv_l_svc,606,0.01485148514851485,0.12095833388980808,1
1,tv_l_vre,621,0.01288244766505636,0.11276741642519546,1
1,tv_l_vrn,611,0.016366612111292964,0.1268808343261166,1
1,tv_l_vca,1149,0.04960835509138381,0.21713444267667664,1
1,tv_l_yug,1162,0.012908777969018933,0.11288109416711688,1
1,tv_l_ova,1163,0.0008598452278589854,0.029310508252896494,1
1,tv_l_sup,1161,0.009474590869939707,0.09687529611715756,1
1,tv_l_pul,1162,0.0068846815834767644,0.08268786333538254,1
1,tv_l_ove,611,0.057283142389525366,0.23238283927068865,1
1,fr_antfa,864,0.13657407407407407,0.34339714088047296,1
1,fr_tvs_a,322,0.031055900621118012,0.17346882041948997,1
1,fr_viaje,11,0.09090909090909091,0.2874797872880344,1
1,fr_estro,15,0.0,0.0,1
1,fr_varic,34,0.2647058823529412,0.44117647058823534,1
1,fr_antec,1,1.0,0.0,1
1,ana_dime,237,1.5232067510548524,0.5241926195604825,1
1,ana_crea,64,0.890625,0.3121091305537215,1
1,ana_trop,1071,0.8860877684407096,0.3177046349370324,1
1,tension_,78,133.1153846153846,18.430730169899963,1
1,ana_hemo,5,13.9,3.0958036113422964,1
1,ana_plaq,5,247.8,64.90115561374851,1
1,ana_leuc,19,7.949999999999999,2.9250173188870985,1
1,ana_neu,1297,6.933970701619121,3.1031656494159696,1
1,protcrea,1646,25.096465370595382,28.984847376572667,1
1,splanchnic,588,0.02040816326530612,0.14139190265868387,1
2,raza,539,2.8905380333951762,0.7110860073000669,1
2,ant_inf,35,0.05714285714285714,0.2321153829895989,1
2,ant_isq,34,0.0,0.0,1
2,ant_clau,36,0.08333333333333333,0.27638539919628335,1
2,fum_act,44,0.1590909090909091,0.36576083953252464,1
2,diabetes,34,0.14705882352941177,0.3541645464350675,1
2,hip_art,35,0.2571428571428571,0.4370588154508102,1
2,insf_car,7,0.0,0.0,1
2,fibr_aur,236,0.00423728813559322,0.06495639710489784,1
2,trat_est,40,0.225,0.41758232721225164,1
2,var171,27,0.0,0.0,1
2,tv_l_esu,449,0.013363028953229399,0.11482359692338748,1
2,tvp_orig,1607,0.14187927815805848,0.3489262795884064,1
2,tv_l_ein,343,0.7201166180758017,0.4489417272284585,1
2,tvp_prox,679,0.8807069219440353,0.32413305845578017,1
2,tv_l_svc,606,0.0049504950495049506,0.07018538058791003,1
2,tv_l_vre,621,0.00966183574879227,0.09781863155225402,1
2,tv_l_vrn,611,0.0016366612111292963,0.040422550033481074,1
2,tv_l_vca,1149,0.03742384682332463,0.18979805718781464,1
2,tv_l_yug,1162,0.02495697074010327,0.15599397536950232,1
2,tv_l_ova,1163,0.0,0.0,1
2,tv_l_sup,1161,0.0068906115417743325,0.08272321931812555,1
2,tv_l_pul,1162,0.0,0.0,1
2,tv_l_ove,611,0.060556464811783964,0.23851494582370122,1
2,fr_antfa,864,0.16435185185185186,0.3705945502091454,1
2,fr_tvs_a,322,0.059006211180124224,0.23563632619418173,1
2,fr_viaje,11,0.09090909090909091,0.2874797872880344,1
2,fr_estro,15,0.06666666666666667,0.24944382578492946,1
2,fr_varic,34,0.029411764705882353,0.16895772489817729,1
2,fr_antec,1,0.0,0.0,1
2,ana_dime,237,1.4261603375527425,0.5661246076070909,1
2,ana_crea,64,0.90625,0.2914805954090255,1
2,ana_trop,1071,0.8366013071895425,0.36972903591453465,1
2,tension_,78,129.73076923076923,19.528199909770905,1
2,ana_hemo,5,13.979999999999999,0.2638181191654588,1
2,ana_plaq,5,256.4,71.05659716029187,1
2,ana_leuc,19,8.233684210526315,2.948650379100877,1
2,ana_neu,1297,6.494942945258288,3.135302330396534,1
2,protcrea,1646,35.52210449574727,40.09477009784801,1
2,splanchnic,588,0.022108843537414966,0.14703755498121243,1
3,raza,539,2.9128014842300556,0.7295787151454901,1
3,ant_inf,35,0.02857142857142857,0.1665986255670086,1
3,ant_isq,34,0.0,0.0,1
3,ant_clau,36,0.027777777777777776,0.16433554953054488,1
3,fum_act,44,0.18181818181818182,0.385694607919935,1
3,diabetes,34,0.08823529411764706,0.2836367870880281,1
3,hip_art,35,0.2857142857142857,0.45175395145262565,1
3,insf_car,7,0.14285714285714285,0.34992710611188266,1
3,fibr_aur,236,0.0,0.0,1
3,trat_est,40,0.3,0.45825756949558394,1
3,var171,27,0.0,0.0,1
3,tv_l_esu,449,0.008908685968819599,0.0939644681947839,1
3,tvp_orig,1607,0.2806471686372122,0.4493154074513007,1
3,tv_l_ein,343,0.7667638483965015,0.4228912971304663,1
3,tvp_prox,679,0.8895434462444771,0.31345797722817026,1
3,tv_l_svc,606,0.0033003300330033004,0.05735362111215434,1
3,tv_l_vre,621,0.014492753623188406,0.11951030798891768,1
3,tv_l_vrn,611,0.01309328968903437,0.11367433947093511,1
3,tv_l_vca,1149,0.02349869451697128,0.15148104129880197,1
3,tv_l_yug,1162,0.02495697074010327,0.15599397536950232,1
3,tv_l_ova,1163,0.0,0.0,1
3,tv_l_sup,1161,0.00516795865633075,0.0717025164109127,1
3,tv_l_pul,1162,0.0068846815834767644,0.08268786333538254,1
3,tv_l_ove,611,0.057283142389525366,0.23238283927068865,1
3,fr_antfa,864,0.1087962962962963,0.31138346489257385,1
3,fr_tvs_a,322,0.049689440993788817,0.21730255508740248,1
3,fr_viaje,11,0.09090909090909091,0.2874797872880344,1
3,fr_estro,15,0.0,0.0,1
3,fr_varic,34,0.17647058823529413,0.3812200410828154,1
3,fr_antec,1,0.0,0.0,1
3,ana_dime,237,1.4430379746835442,0.5899331745686605,1
3,ana_crea,64,0.9375,0.24206145913796356,1
3,ana_trop,1071,0.8590102707749766,0.348010955974202,1
3,tension_,78,132.10256410256412,23.15366158315849,1
3,ana_hemo,5,13.440000000000001,1.8831887850133346,1
3,ana_plaq,5,218.4,42.874701165139335,1
3,ana_leuc,19,8.725263157894737,2.9521310205217635,1
3,ana_neu,1297,6.625015420200463,3.1928103238108507,1
3,protcrea,1646,48.60851640340219,45.035441484557765,1
3,splanchnic,588,0.022108843537414966,0.14703755498121246,1
4,raza,539,2.968460111317254,0.5944452550154449,1
4,ant_inf,35,0.02857142857142857,0.1665986255670086,1
4,ant_isq,34,0.029411764705882353,0.1689577248981773,1
4,ant_clau,36,0.027777777777777776,0.16433554953054486,1
4,fum_act,44,0.29545454545454547,0.4562468159064711,1
4,diabetes,34,0.058823529411764705,0.23529411764705885,1
4,hip_art,35,0.2571428571428571,0.4370588154508102,1
4,insf_car,7,0.0,0.0,1
4,fibr_aur,236,0.00847457627118644,0.09166655785077936,1
4,trat_est,40,0.175,0.3799671038392666,1
4,var171,27,0.07407407407407407,0.2618914004394621,1
4,tv_l_esu,449,0.026726057906458798,0.16128166583725323,1
4,tvp_orig,1607,0.17112632233976355,0.37661930930613596,1
4,tv_l_ein,343,0.7871720116618076,0.4093070188967087,1
4,tvp_prox,679,0.9042709867452136,0.2942192537480363,1
4,tv_l_svc,606,0.0033003300330033004,0.05735362111215434,1
4,tv_l_vre,621,0.011272141706924315,0.10557026346591797,1
4,tv_l_vrn,611,0.0016366612111292963,0.040422550033481074,1
4,tv_l_vca,1149,0.025239338555265448,0.15685124910104523,1
4,tv_l_yug,1162,0.004302925989672977,0.06545541091155395,1
4,tv_l_ova,1163,0.0,0.0,1
4,tv_l_sup,1161,0.015503875968992248,0.12354556163185444,1
4,tv_l_pul,1162,0.0,0.0,1
4,tv_l_ove,611,0.07855973813420622,0.26905037758474004,1
4,fr_antfa,864,0.15162037037037038,0.35865252495852035,1
4,fr_tvs_a,322,0.049689440993788817,0.21730255508740248,1
4,fr_viaje,11,0.0,0.0,1
4,fr_estro,15,0.0,0.0,1
4,fr_varic,34,0.11764705882352941,0.32218973970892123,1
4,fr_antec,1,0.0,0.0,1
4,ana_dime,237,1.510548523206751,0.5558421166266214,1
4,ana_crea,64,0.984375,0.12401959270615269,1
4,ana_trop,1071,0.8515406162464986,0.35555477092711335,1
4,tension_,78,128.43589743589743,19.63617132219539,1
4,ana_hemo,5,13.639999999999997,2.519206224190469,1
4,ana_plaq,5,216.8,10.628264204469138,1
4,ana_leuc,19,9.191578947368422,3.0488570130251396,1
4,ana_neu,1297,6.5511649961449505,3.178231344647659,1
4,protcrea,1646,64.13263912515188,42.51320284443559,1
4,splanchnic,588,0.017006802721088437,0.12929644767855925,1
5,raza,539,2.8942486085343226,0.6285893897765236,1
5,ant_inf,35,0.08571428571428572,0.27994168488950605,1
5,ant_isq,34,0.11764705882352941,0.32218973970892123,1
5,ant_clau,36,0.0,0.0,1
5,fum_act,44,0.3181818181818182,0.46577048936179993,1
5,diabetes,34,0.11764705882352941,0.32218973970892123,1
5,hip_art,35,0.2857142857142857,0.45175395145262565,1
5,insf_car,7,0.0,0.0,1
5,fibr_aur,236,0.00847457627118644,0.09166655785077937,1
5,trat_est,40,0.05,0.21794494717703367,1
5,var171,27,0.0,0.0,1
5,tv_l_esu,449,0.015590200445434299,0.12388359897704569,1
5,tvp_orig,1607,0.18917237087741132,0.39164548379118386,1
5,tv_l_ein,343,0.7813411078717201,0.41333664369556344,1
5,tvp_prox,679,0.8748159057437408,0.33092754010734615,1
5,tv_l_svc,606,0.0016501650165016502,0.04058869266088728,1
5,tv_l_vre,621,0.014492753623188406,0.11951030798891768,1
5,tv_l_vrn,611,0.006546644844517185,0.08064605561214348,1
5,tv_l_vca,1149,0.03742384682332463,0.18979805718781464,1
5,tv_l_yug,1162,0.00774526678141136,0.08766571521350935,1
5,tv_l_ova,1163,0.0060189165950128975,0.07734784572329845,1
5,tv_l_sup,1161,0.01119724375538329,0.10522293232782397,1
5,tv_l_pul,1162,0.0,0.0,1
5,tv_l_ove,611,0.07037643207855974,0.25578035477036076,1
5,fr_antfa,864,0.1261574074074074,0.33202667959615656,1
5,fr_tvs_a,322,0.031055900621118012,0.17346882041948997,1
5,fr_viaje,11,0.0,0.0,1
5,fr_estro,15,0.06666666666666667,0.24944382578492946,1
5,fr_varic,34,0.20588235294117646,0.40434491426080943,1
5,fr_antec,1,0.0,0.0,1
5,ana_dime,237,1.5611814345991561,0.5291617014882998,1
5,ana_crea,64,0.90625,0.2914805954090255,1
5,ana_trop,1071,0.8487394957983193,0.358302615215594,1
5,tension_,78,130.33333333333334,21.880600626141042,1
5,ana_hemo,5,13.12,0.9368030742904295,1
5,ana_plaq,5,226.8,19.742340286804907,1
5,ana_leuc,19,9.384736842105262,2.7917366193465587,1
5,ana_neu,1297,6.752135697764071,3.2220146491711597,1
5,protcrea,1646,38.21411907654921,41.080697632864414,1
5,splanchnic,588,0.023809523809523808,0.15245533898649638,1
1,raza,539,2.896103896103896,0.667537520825787,2
1,ant_inf,35,0.0,0.0,2
1,ant_isq,34,0.029411764705882353,0.16895772489817729,2
1,ant_clau,36,0.027777777777777776,0.16433554953054486,2
1,fum_act,44,0.3181818181818182,0.4657704893617999,2
1,diabetes,34,0.08823529411764706,0.2836367870880281,2
1,hip_art,35,0.2571428571428571,0.4370588154508102,2
1,insf_car,7,0.0,0.0,2
1,fibr_aur,236,0.00423728813559322,0.06495639710489784,2
1,trat_est,40,0.15,0.3570714214271425,2
1,var171,27,0.037037037037037035,0.18885257457751053,2
1,tv_l_esu,449,0.024498886414253896,0.15459201460203364,2
1,tvp_orig,1607,0.40696950840074675,0.49126909900053883,2
1,tv_l_ein,343,0.749271137026239,0.43343269402024337,2
1,tvp_prox,679,0.8851251840942562,0.31887080859866307,2
1,tv_l_svc,606,0.0033003300330033004,0.05735362111215434,2
1,tv_l_vre,621,0.01288244766505636,0.11276741642519546,2
1,tv_l_vrn,611,0.0032733224222585926,0.05711924178924761,2
1,tv_l_vca,1149,0.04873803307223673,0.2153198486078009,2
1,tv_l_yug,1162,0.016351118760757316,0.1268217634163353,2
1,tv_l_ova,1163,0.005159071367153913,0.07164115681493792,2
1,tv_l_sup,1161,0.0034453057708871662,0.05859552575950025,2
1,tv_l_pul,1162,0.0068846815834767644,0.08268786333538254,2
1,tv_l_ove,611,0.049099836333878884,0.216076473513118,2
1,fr_antfa,864,0.1423611111111111,0.34942012700232505,2
1,fr_tvs_a,322,0.031055900621118012,0.17346882041948997,2
1,fr_viaje,11,0.0,0.0,2
1,fr_estro,15,0.0,0.0,2
1,fr_varic,34,0.20588235294117646,0.40434491426080943,2
1,fr_antec,1,0.0,0.0,2
1,ana_dime,237,1.4852320675105486,0.5707287230012124,2
1,ana_crea,64,0.859375,0.3476343040826092,2
1,ana_trop,1071,0.8506069094304388,0.3564755181771058,2
1,tension_,78,131.52564102564102,21.132502830264507,2
1,ana_hemo,5,15.059999999999999,0.38781438859330664,2
1,ana_plaq,5,199.0,107.7905376181045,2
1,ana_leuc,19,8.220526315789476,3.1863912497802116,2
1,ana_neu,1297,6.692083269082498,3.136462761304658,2
1,protcrea,1646,59.644297691373026,49.382079954062156,2
1,splanchnic,588,0.025510204081632654,0.15766874633022904,2
2,raza,539,2.868274582560297,0.7073002518812517,2
2,ant_inf,35,0.0,0.0,2
2,ant_isq,34,0.029411764705882353,0.1689577248981773,2
2,ant_clau,36,0.0,0.0,2
2,fum_act,44,0.25,0.4330127018922193,2
2,diabetes,34,0.08823529411764706,0.28363678708802803,2
2,hip_art,35,0.34285714285714286,0.4746642207381757,2
2,insf_car,7,0.0,0.0,2
2,fibr_aur,236,0.00423728813559322,0.06495639710489784,2
2,trat_est,40,0.175,0.3799671038392666,2
2,var171,27,0.0,0.0,2
2,tv_l_esu,449,0.0200445434298441,0.14015263004500914,2
2,tvp_orig,1607,0.3117610454262601,0.46321279773014207,2
2,tv_l_ein,343,0.7521865889212828,0.43174289150864764,2
2,tvp_prox,679,0.8880706921944035,0.3152794599395218,2
2,tv_l_svc,606,0.01155115511551155,0.1068537595548652,2
2,tv_l_vre,621,0.011272141706924315,0.10557026346591797,2
2,tv_l_vrn,611,0.004909983633387889,0.06989903929316733,2
2,tv_l_vca,1149,0.04525674499564839,0.20786671698000925,2
2,tv_l_yug,1162,0.011187607573149742,0.10517815842625762,2
2,tv_l_ova,1163,0.004299226139294927,0.06542738565691075,2
2,tv_l_sup,1161,0.007751937984496124,0.0877031666587966,2
2,tv_l_pul,1162,0.004302925989672977,0.06545541091155395,2
2,tv_l_ove,611,0.054009819967266774,0.22603707508807092,2
2,fr_antfa,864,0.14699074074074073,0.35409668577555065,2
2,fr_tvs_a,322,0.062111801242236024,0.24135849972329748,2
2,fr_viaje,11,0.0,0.0,2
2,fr_estro,15,0.0,0.0,2
2,fr_varic,34,0.14705882352941177,0.3541645464350675,2
2,fr_antec,1,0.0,0.0,2
2,ana_dime,237,1.4978902953586497,0.5247018246990655,2
2,ana_crea,64,0.953125,0.21137108216357317,2
2,ana_trop,1071,0.842203548085901,0.36455004001840463,2
2,tension_,78,126.33333333333333,22.86844577066426,2
2,ana_hemo,5,13.260000000000002,2.419586741573858,2
2,ana_plaq,5,246.6,87.44049405166922,2
2,ana_leuc,19,8.096315789473685,3.1478868610149715,2
2,ana_neu,1297,6.838145720894371,3.186961951560286,2
2,protcrea,1646,30.431227217496964,37.3208664569707,2
2,splanchnic,588,0.022108843537414966,0.14703755498121246,2
3,raza,539,2.8942486085343226,0.7064139896942345,2
3,ant_inf,35,0.02857142857142857,0.1665986255670086,2
3,ant_isq,34,0.029411764705882353,0.1689577248981773,2
3,ant_clau,36,0.0,0.0,2
3,fum_act,44,0.2727272727272727,0.44536177141512323,2
3,diabetes,34,0.058823529411764705,0.23529411764705885,2
3,hip_art,35,0.22857142857142856,0.4199125273342591,2
3,insf_car,7,0.0,0.0,2
3,fibr_aur,236,0.0211864406779661,0.14400547006751213,2
3,trat_est,40,0.125,0.33071891388307384,2
3,var171,27,0.0,0.0,2
3,tv_l_esu,449,0.017817371937639197,0.13228723746028948,2
3,tvp_orig,1607,0.31985065339141255,0.4664184954700007,2
3,tv_l_ein,343,0.7959183673469388,0.403028931798602,2
3,tvp_prox,679,0.9219440353460973,0.26825963363102445,2
3,tv_l_svc,606,0.01485148514851485,0.12095833388980808,2
3,tv_l_vre,621,0.01610305958132045,0.1258719629363144,2
3,tv_l_vrn,611,0.009819967266775777,0.0986079890762165,2
3,tv_l_vca,1149,0.03742384682332463,0.18979805718781464,2
3,tv_l_yug,1162,0.012048192771084338,0.10910102576069175,2
3,tv_l_ova,1163,0.004299226139294927,0.06542738565691075,2
3,tv_l_sup,1161,0.0034453057708871662,0.05859552575950025,2
3,tv_l_pul,1162,0.0,0.0,2
3,tv_l_ove,611,0.04746317512274959,0.21262742562994263,2
3,fr_antfa,864,0.14930555555555555,0.35638940309134115,2
3,fr_tvs_a,322,0.040372670807453416,0.19683170034150094,2
3,fr_viaje,11,0.0,0.0,2
3,fr_estro,15,0.0,0.0,2
3,fr_varic,34,0.20588235294117646,0.40434491426080943,2
3,fr_antec,1,1.0,0.0,2
3,ana_dime,237,1.5232067510548524,0.5478086874976364,2
3,ana_crea,64,0.90625,0.2914805954090255,2
3,ana_trop,1071,0.8916900093370682,0.3107715182984558,2
3,tension_,78,131.17948717948718,21.035832426858256,2
3,ana_hemo,5,12.679999999999998,1.490503270710937,2
3,ana_plaq,5,246.8,101.70624366281551,2
3,ana_leuc,19,8.369473684210528,3.6568241523057172,2
3,ana_neu,1297,6.539065535851966,3.125390214086552,2
3,protcrea,1646,102.89695747266101,44.95343805958886,2
3,splanchnic,588,0.008503401360544218,0.09182098630403462,2
4,raza,539,2.9072356215213357,0.7016569060946053,2
4,ant_inf,35,0.08571428571428572,0.27994168488950605,2
4,ant_isq,34,0.0,0.0,2
4,ant_clau,36,0.027777777777777776,0.16433554953054486,2
4,fum_act,44,0.11363636363636363,0.3173690919038395,2
4,diabetes,34,0.11764705882352941,0.32218973970892123,2
4,hip_art,35,0.3142857142857143,0.46423076597919777,2
4,insf_car,7,0.0,0.0,2
4,fibr_aur,236,0.00847457627118644,0.09166655785077939,2
4,trat_est,40,0.175,0.3799671038392666,2
4,var171,27,0.0,0.0,2
4,tv_l_esu,449,0.008908685968819599,0.0939644681947839,2
4,tvp_orig,1607,0.44243932794026136,0.4966757181824285,2
4,tv_l_ein,343,0.7988338192419825,0.4008719851489377,2
4,tvp_prox,679,0.8865979381443299,0.31708363915937526,2
4,tv_l_svc,606,0.006600660066006601,0.08097586895303828,2
4,tv_l_vre,621,0.001610305958132045,0.04009629500157402,2
4,tv_l_vrn,611,0.004909983633387889,0.06989903929316733,2
4,tv_l_vca,1149,0.026979982593559618,0.16202488430118023,2
4,tv_l_yug,1162,0.016351118760757316,0.1268217634163353,2
4,tv_l_ova,1163,0.0025795356835769563,0.0507235810963117,2
4,tv_l_sup,1161,0.00516795865633075,0.0717025164109127,2
4,tv_l_pul,1162,0.0051635111876075735,0.07167181691448198,2
4,tv_l_ove,611,0.05564648117839607,0.2292377593479279,2
4,fr_antfa,864,0.14351851851851852,0.35060084620657744,2
4,fr_tvs_a,322,0.062111801242236024,0.24135849972329748,2
4,fr_viaje,11,0.0,0.0,2
4,fr_estro,15,0.0,0.0,2
4,fr_varic,34,0.11764705882352941,0.32218973970892123,2
4,fr_antec,1,0.0,0.0,2
4,ana_dime,237,1.5611814345991561,0.5601494270135388,2
4,ana_crea,64,0.90625,0.2914805954090255,2
4,ana_trop,1071,0.8720821661998133,0.3339982957981291,2
4,tension_,78,131.78205128205127,20.633335882459622,2
4,ana_hemo,5,14.26,0.9520504188329522,2
4,ana_plaq,5,284.0,179.80656272783816,2
4,ana_leuc,19,8.213684210526317,3.7317855335881855,2
4,ana_neu,1297,6.353840400925212,3.14272221547522,2
4,protcrea,1646,81.12606075334142,55.261015855936705,2
4,splanchnic,588,0.022108843537414966,0.14703755498121243,2
5,raza,539,2.883116883116883,0.6325088655525154,2
5,ant_inf,35,0.05714285714285714,0.23211538298959888,2
5,ant_isq,34,0.029411764705882353,0.16895772489817729,2
5,ant_clau,36,0.0,0.0,2
5,fum_act,44,0.1590909090909091,0.36576083953252464,2
5,diabetes,34,0.08823529411764706,0.2836367870880281,2
5,hip_art,35,0.3142857142857143,0.4642307659791978,2
5,insf_car,7,0.0,0.0,2
5,fibr_aur,236,0.012711864406779662,0.11202800056273124,2
5,trat_est,40,0.125,0.33071891388307384,2
5,var171,27,0.037037037037037035,0.18885257457751053,2
5,tv_l_esu,449,0.011135857461024499,0.10493736293442983,2
5,tvp_orig,1607,0.35594275046670815,0.47879798334673773,2
5,tv_l_ein,343,0.7784256559766763,0.4153060968658629,2
5,tvp_prox,679,0.8969072164948454,0.30408002481964175,2
5,tv_l_svc,606,0.01155115511551155,0.1068537595548652,2
5,tv_l_vre,621,0.00644122383252818,0.07999834040820754,2
5,tv_l_vrn,611,0.0016366612111292963,0.040422550033481074,2
5,tv_l_vca,1149,0.05657093124456049,0.2310209102715243,2
5,tv_l_yug,1162,0.00946643717728055,0.0968340009730526,2
5,tv_l_ova,1163,0.007738607050730868,0.08762831170144296,2
5,tv_l_sup,1161,0.007751937984496124,0.08770316665879659,2
5,tv_l_pul,1162,0.0034423407917383822,0.0585703942415613,2
5,tv_l_ove,611,0.031096563011456628,0.17357870485843344,2
5,fr_antfa,864,0.11921296296296297,0.3240389365871857,2
5,fr_tvs_a,322,0.037267080745341616,0.1894155364220734,2
5,fr_viaje,11,0.0,0.0,2
5,fr_estro,15,0.0,0.0,2
5,fr_varic,34,0.14705882352941177,0.3541645464350675,2
5,fr_antec,1,0.0,0.0,2
5,ana_dime,237,1.4936708860759493,0.5559061721862263,2
5,ana_crea,64,0.875,0.33071891388307384,2
5,ana_trop,1071,0.8674136321195145,0.3391271486223804,2
5,tension_,78,129.62820512820514,20.271939033132735,2
5,ana_hemo,5,13.52,3.1384072393492852,2
5,ana_plaq,5,161.2,40.02699089364575,2
5,ana_leuc,19,8.283157894736844,3.21061898054365,2
5,ana_neu,1297,6.525588280647648,3.149441401945471,2
5,protcrea,1646,106.05499635479951,46.701199219799726,2
5,splanchnic,588,0.017006802721088437,0.12929644767855925,2
1,raza,539,2.8645640074211505,0.7092199228478248,3
1,ant_inf,35,0.0,0.0,3
1,ant_isq,34,0.0,0.0,3
1,ant_clau,36,0.0,0.0,3
1,fum_act,44,0.29545454545454547,0.4562468159064711,3
1,diabetes,34,0.058823529411764705,0.23529411764705885,3
1,hip_art,35,0.34285714285714286,0.4746642207381757,3
1,insf_car,7,0.0,0.0,3
1,fibr_aur,236,0.012711864406779662,0.11202800056273124,3
1,trat_est,40,0.15,0.3570714214271425,3
1,var171,27,0.07407407407407407,0.2618914004394621,3
1,tv_l_esu,449,0.022271714922048998,0.14756586880603514,3
1,tvp_orig,1607,0.29869321717485997,0.45768502180931364,3
1,tv_l_ein,343,0.7376093294460642,0.4399338661210248,3
1,tvp_prox,679,0.8483063328424153,0.35872370774994594,3
1,tv_l_svc,606,0.0033003300330033004,0.05735362111215434,3
1,tv_l_vre,621,0.008051529790660225,0.08936835378751437,3
1,tv_l_vrn,611,0.006546644844517185,0.0806460556121435,3
1,tv_l_vca,1149,0.04177545691906005,0.20007565598608895,3
1,tv_l_yug,1162,0.016351118760757316,0.1268217634163353,3
1,tv_l_ova,1163,0.004299226139294927,0.06542738565691075,3
1,tv_l_sup,1161,0.012058570198105082,0.10914742820095422,3
1,tv_l_pul,1162,0.006024096385542169,0.07738091914858512,3
1,tv_l_ove,611,0.054009819967266774,0.22603707508807092,3
1,fr_antfa,864,0.14930555555555555,0.3563894030913412,3
1,fr_tvs_a,322,0.046583850931677016,0.2107458084139571,3
1,fr_viaje,11,0.18181818181818182,0.385694607919935,3
1,fr_estro,15,0.0,0.0,3
1,fr_varic,34,0.20588235294117646,0.40434491426080943,3
1,fr_antec,1,0.0,0.0,3
1,ana_dime,237,1.5696202531645569,0.5591632756829705,3
1,ana_crea,64,0.875,0.33071891388307384,3
1,ana_trop,1071,0.8702147525676938,0.3360670126347442,3
1,tension_,78,132.96153846153845,20.378748551001138,3
1,ana_hemo,5,15.059999999999999,0.6858571279792902,3
1,ana_plaq,5,200.4,12.986146464598342,3
1,ana_leuc,19,8.608421052631579,2.6313899932163025,3
1,ana_neu,1297,6.566195836545875,3.1210189897705676,3
1,protcrea,1646,69.71648845686512,50.921538684596456,3
1,splanchnic,588,0.011904761904761904,0.10845754260886069,3
2,raza,539,2.9072356215213357,0.7173464049572795,3
2,ant_inf,35,0.0,0.0,3
2,ant_isq,34,0.029411764705882353,0.1689577248981773,3
2,ant_clau,36,0.0,0.0,3
2,fum_act,44,0.18181818181818182,0.385694607919935,3
2,diabetes,34,0.14705882352941177,0.3541645464350675,3
2,hip_art,35,0.37142857142857144,0.4831867007225075,3
2,insf_car,7,0.0,0.0,3
2,fibr_aur,236,0.0,0.0,3
2,trat_est,40,0.225,0.41758232721225164,3
2,var171,27,0.0,0.0,3
2,tv_l_esu,449,0.024498886414253896,0.15459201460203364,3
2,tvp_orig,1607,0.2445550715619166,0.42982308981168343,3
2,tv_l_ein,343,0.7638483965014577,0.4247164038080112,3
2,tvp_prox,679,0.8527245949926362,0.3543802478797044,3
2,tv_l_svc,606,0.00825082508250825,0.09045854834102802,3
2,tv_l_vre,621,0.00644122383252818,0.07999834040820754,3
2,tv_l_vrn,611,0.006546644844517185,0.08064605561214348,3
2,tv_l_vca,1149,0.05221932114882506,0.22246901727562185,3
2,tv_l_yug,1162,0.012908777969018933,0.11288109416711688,3
2,tv_l_ova,1163,0.0034393809114359416,0.058545295031983496,3
2,tv_l_sup,1161,0.004306632213608958,0.06548347220929618,3
2,tv_l_pul,1162,0.010327022375215147,0.1010958702622266,3
2,tv_l_ove,611,0.06873977086743044,0.2530110961371529,3
2,fr_antfa,864,0.15162037037037038,0.35865252495852035,3
2,fr_tvs_a,322,0.024844720496894408,0.15565172777815736,3
2,fr_viaje,11,0.09090909090909091,0.2874797872880344,3
2,fr_estro,15,0.0,0.0,3
2,fr_varic,34,0.17647058823529413,0.3812200410828154,3
2,fr_antec,1,0.0,0.0,3
2,ana_dime,237,1.4388185654008439,0.637647539635342,3
2,ana_crea,64,0.921875,0.26836818808308854,3
2,ana_trop,1071,0.8562091503267973,0.350877530234498,3
2,tension_,78,132.67948717948718,21.500443400164603,3
2,ana_hemo,5,13.66,1.2435433245367853,3
2,ana_plaq,5,230.2,56.820418865052375,3
2,ana_leuc,19,8.262631578947367,2.971115052255569,3
2,ana_neu,1297,6.221784117193523,3.1756012666006224,3
2,protcrea,1646,95.33113608748481,43.4686404034799,3
2,splanchnic,588,0.022108843537414966,0.14703755498121243,3
3,raza,539,2.8701298701298703,0.7193445415130508,3
3,ant_inf,35,0.02857142857142857,0.1665986255670086,3
3,ant_isq,34,0.08823529411764706,0.28363678708802803,3
3,ant_clau,36,0.027777777777777776,0.16433554953054486,3
3,fum_act,44,0.29545454545454547,0.4562468159064711,3
3,diabetes,34,0.08823529411764706,0.28363678708802803,3
3,hip_art,35,0.3142857142857143,0.4642307659791977,3
3,insf_car,7,0.0,0.0,3
3,fibr_aur,236,0.012711864406779662,0.11202800056273124,3
3,trat_est,40,0.15,0.3570714214271425,3
3,var171,27,0.037037037037037035,0.18885257457751053,3
3,tv_l_esu,449,0.024498886414253896,0.15459201460203364,3
3,tvp_orig,1607,0.28375855631611696,0.4508210709732966,3
3,tv_l_ein,343,0.7259475218658892,0.4460355561641511,3
3,tvp_prox,679,0.845360824742268,0.3615603694175295,3
3,tv_l_svc,606,0.0033003300330033004,0.057353621112154335,3
3,tv_l_vre,621,0.00644122383252818,0.07999834040820754,3
3,tv_l_vrn,611,0.016366612111292964,0.12688083432611658,3
3,tv_l_vca,1149,0.05918189730200174,0.23596482859472312,3
3,tv_l_yug,1162,0.012908777969018933,0.11288109416711688,3
3,tv_l_ova,1163,0.008598452278589854,0.09232832120753992,3
3,tv_l_sup,1161,0.004306632213608958,0.06548347220929618,3
3,tv_l_pul,1162,0.0025817555938037868,0.050745345913272184,3
3,tv_l_ove,611,0.0425531914893617,0.20184751022351363,3
3,fr_antfa,864,0.1527777777777778,0.35977316241635054,3
3,fr_tvs_a,322,0.040372670807453416,0.19683170034150094,3
3,fr_viaje,11,0.18181818181818182,0.385694607919935,3
3,fr_estro,15,0.06666666666666667,0.24944382578492946,3
3,fr_varic,34,0.17647058823529413,0.3812200410828154,3
3,fr_antec,1,1.0,0.0,3
3,ana_dime,237,1.5780590717299579,0.5106705576508783,3
3,ana_crea,64,0.9375,0.24206145913796356,3
3,ana_trop,1071,0.8683473389355743,0.33811275914860295,3
3,tension_,78,133.28205128205127,19.217978652411645,3
3,ana_hemo,5,13.64,1.3836184445142388,3
3,ana_plaq,5,216.2,32.92658500361068,3
3,ana_leuc,19,8.512105263157894,3.292363698888957,3
3,ana_neu,1297,6.5164479568234395,3.275083945287407,3
3,protcrea,1646,98.22458080194409,54.39079056992869,3
3,splanchnic,588,0.023809523809523808,0.15245533898649638,3
4,raza,539,2.9313543599257885,0.746618985614153,3
4,ant_inf,35,0.02857142857142857,0.1665986255670086,3
4,ant_isq,34,0.0,0.0,3
4,ant_clau,36,0.027777777777777776,0.16433554953054486,3
4,fum_act,44,0.25,0.4330127018922193,3
4,diabetes,34,0.08823529411764706,0.28363678708802803,3
4,hip_art,35,0.3142857142857143,0.46423076597919777,3
4,insf_car,7,0.0,0.0,3
4,fibr_aur,236,0.0,0.0,3
4,trat_est,40,0.2,0.4,3
4,var171,27,0.0,0.0,3
4,tv_l_esu,449,0.013363028953229399,0.11482359692338746,3
4,tvp_orig,1607,0.28251400124455506,0.4502219900730601,3
4,tv_l_ein,343,0.749271137026239,0.4334326940202434,3
4,tvp_prox,679,0.9013254786450663,0.2982245130607282,3
4,tv_l_svc,606,0.006600660066006601,0.08097586895303827,3
4,tv_l_vre,621,0.00966183574879227,0.09781863155225402,3
4,tv_l_vrn,611,0.0016366612111292963,0.040422550033481074,3
4,tv_l_vca,1149,0.04960835509138381,0.21713444267667664,3
4,tv_l_yug,1162,0.011187607573149742,0.10517815842625762,3
4,tv_l_ova,1163,0.0008598452278589854,0.02931050825289649,3
4,tv_l_sup,1161,0.0034453057708871662,0.05859552575950025,3
4,tv_l_pul,1162,0.0034423407917383822,0.0585703942415613,3
4,tv_l_ove,611,0.07855973813420622,0.26905037758474,3
4,fr_antfa,864,0.1574074074074074,0.36418445257957655,3
4,fr_tvs_a,322,0.037267080745341616,0.1894155364220734,3
4,fr_viaje,11,0.0,0.0,3
4,fr_estro,15,0.06666666666666667,0.24944382578492943,3
4,fr_varic,34,0.23529411764705882,0.42418250299576343,3
4,fr_antec,1,1.0,0.0,3
4,ana_dime,237,1.459915611814346,0.5695108505659828,3
4,ana_crea,64,0.96875,0.17399263633843817,3
4,ana_trop,1071,0.8664799253034547,0.3401359498047424,3
4,tension_,78,133.89743589743588,21.3316844777,3
4,ana_hemo,5,14.219999999999999,2.093227173528951,3
4,ana_plaq,5,234.6,19.479219696897513,3
4,ana_leuc,19,8.454210526315789,3.2429783513396475,3
4,ana_neu,1297,6.410673091750192,3.070759503542643,3
4,protcrea,1646,48.89555285540705,46.37036354677245,3
4,splanchnic,588,0.02040816326530612,0.14139190265868387,3
5,raza,539,2.8998144712430425,0.5723855322158542,3
5,ant_inf,35,0.02857142857142857,0.1665986255670086,3
5,ant_isq,34,0.0,0.0,3
5,ant_clau,36,0.027777777777777776,0.16433554953054486,3
5,fum_act,44,0.3409090909090909,0.47401485487759565,3
5,diabetes,34,0.11764705882352941,0.32218973970892123,3
5,hip_art,35,0.2571428571428571,0.4370588154508102,3
5,insf_car,7,0.0,0.0,3
5,fibr_aur,236,0.00847457627118644,0.09166655785077937,3
5,trat_est,40,0.175,0.3799671038392666,3
5,var171,27,0.037037037037037035,0.18885257457751053,3
5,tv_l_esu,449,0.011135857461024499,0.10493736293442983,3
5,tvp_orig,1607,0.3702551337896702,0.4828729332775483,3
5,tv_l_ein,343,0.7725947521865889,0.4191564160075952,3
5,tvp_prox,679,0.8203240058910162,0.3839173495036819,3
5,tv_l_svc,606,0.009900990099009901,0.09900990099009899,3
5,tv_l_vre,621,0.0,0.0,3
5,tv_l_vrn,611,0.014729950900163666,0.12046982795141047,3
5,tv_l_vca,1149,0.05308964316797215,0.22421224979083892,3
5,tv_l_yug,1162,0.008605851979345954,0.09236769614456962,3
5,tv_l_ova,1163,0.0060189165950128975,0.07734784572329845,3
5,tv_l_sup,1161,0.002583979328165375,0.050767138771029716,3
5,tv_l_pul,1162,0.0017211703958691911,0.04145127221615248,3
5,tv_l_ove,611,0.029459901800327332,0.16909173837370767,3
5,fr_antfa,864,0.13310185185185186,0.33968477870734737,3
5,fr_tvs_a,322,0.037267080745341616,0.1894155364220734,3
5,fr_viaje,11,0.0,0.0,3
5,fr_estro,15,0.13333333333333333,0.33993463423951903,3
5,fr_varic,34,0.14705882352941177,0.3541645464350675,3
5,fr_antec,1,0.0,0.0,3
5,ana_dime,237,1.4683544303797469,0.5396226929535246,3
5,ana_crea,64,0.890625,0.3121091305537215,3
5,ana_trop,1071,0.8842203548085901,0.3199604959221703,3
5,tension_,78,129.03846153846155,19.76752212510383,3
5,ana_hemo,5,13.48,0.9495261976375377,3
5,ana_plaq,5,208.4,38.26016204879431,3
5,ana_leuc,19,7.726842105263158,2.7979335469170796,3
5,ana_neu,1297,6.266400154202004,3.160117951757623,3
5,protcrea,1646,53.39504252733901,53.483314773315705,3
5,splanchnic,588,0.01870748299319728,0.13548990026292185,3
1,raza,539,2.9035250463821893,0.6136712456973069,4
1,ant_inf,35,0.02857142857142857,0.1665986255670086,4
1,ant_isq,34,0.029411764705882353,0.16895772489817729,4
1,ant_clau,36,0.1111111111111111,0.3142696805273545,4
1,fum_act,44,0.29545454545454547,0.4562468159064711,4
1,diabetes,34,0.058823529411764705,0.23529411764705885,4
1,hip_art,35,0.2,0.4,4
1,insf_car,7,0.0,0.0,4
1,fibr_aur,236,0.01694915254237288,0.1290809000993883,4
1,trat_est,40,0.125,0.33071891388307384,4
1,var171,27,0.07407407407407407,0.2618914004394621,4
1,tv_l_esu,449,0.015590200445434299,0.12388359897704569,4
1,tvp_orig,1607,0.3030491599253267,0.45957629028691255,4
1,tv_l_ein,343,0.7959183673469388,0.40302893179860205,4
1,tvp_prox,679,0.8865979381443299,0.31708363915937526,4
1,tv_l_svc,606,0.01155115511551155,0.10685375955486517,4
1,tv_l_vre,621,0.011272141706924315,0.10557026346591797,4
1,tv_l_vrn,611,0.0016366612111292963,0.040422550033481074,4
1,tv_l_vca,1149,0.06875543951261967,0.2530378016226947,4
1,tv_l_yug,1162,0.008605851979345954,0.09236769614456962,4
1,tv_l_ova,1163,0.0017196904557179708,0.04143347825677302,4
1,tv_l_sup,1161,0.0034453057708871662,0.05859552575950025,4
1,tv_l_pul,1162,0.0008605851979345956,0.02932310677693773,4
1,tv_l_ove,611,0.04746317512274959,0.21262742562994263,4
1,fr_antfa,864,0.13078703703703703,0.33716729968979753,4
1,fr_tvs_a,322,0.052795031055900624,0.22362405002974772,4
1,fr_viaje,11,0.0,0.0,4
1,fr_estro,15,0.0,0.0,4
1,fr_varic,34,0.17647058823529413,0.3812200410828153,4
1,fr_antec,1,0.0,0.0,4
1,ana_dime,237,1.5654008438818565,0.5206142384873309,4
1,ana_crea,64,0.9375,0.24206145913796356,4
1,ana_trop,1071,0.7712418300653595,0.42003317681201646,4
1,tension_,78,136.7051282051282,22.6104746399783,4
1,ana_hemo,5,13.0,2.8234730386529288,4
1,ana_plaq,5,304.0,130.87551337053085,4
1,ana_leuc,19,8.357368421052632,2.835138244295316,4
1,ana_neu,1297,6.890154973014648,3.202835880769495,4
1,protcrea,1646,31.939303766707166,44.88887616235394,4
1,splanchnic,588,0.01020408163265306,0.10049854899791943,4
2,raza,539,2.8923933209647497,0.7021816157882075,4
2,ant_inf,35,0.05714285714285714,0.23211538298959888,4
2,ant_isq,34,0.029411764705882353,0.1689577248981773,4
2,ant_clau,36,0.027777777777777776,0.16433554953054486,4
2,fum_act,44,0.22727272727272727,0.4190702026042221,4
2,diabetes,34,0.058823529411764705,0.23529411764705885,4
2,hip_art,35,0.08571428571428572,0.27994168488950605,4
2,insf_car,7,0.0,0.0,4
2,fibr_aur,236,0.00423728813559322,0.06495639710489784,4
2,trat_est,40,0.125,0.33071891388307384,4
2,var171,27,0.0,0.0,4
2,tv_l_esu,449,0.0200445434298441,0.14015263004500914,4
2,tvp_orig,1607,0.209085252022402,0.40665539392602507,4
2,tv_l_ein,343,0.760932944606414,0.4265137728362662,4
2,tvp_prox,679,0.8865979381443299,0.31708363915937526,4
2,tv_l_svc,606,0.006600660066006601,0.08097586895303827,4
2,tv_l_vre,621,0.00644122383252818,0.07999834040820754,4
2,tv_l_vrn,611,0.004909983633387889,0.06989903929316733,4
2,tv_l_vca,1149,0.060922541340295906,0.2391881796764544,4
2,tv_l_yug,1162,0.00774526678141136,0.08766571521350935,4
2,tv_l_ova,1163,0.0017196904557179708,0.04143347825677302,4
2,tv_l_sup,1161,0.004306632213608958,0.06548347220929618,4
2,tv_l_pul,1162,0.0017211703958691911,0.04145127221615248,4
2,tv_l_ove,611,0.05237315875613748,0.22277838988115947,4
2,fr_antfa,864,0.1412037037037037,0.34823155767974323,4
2,fr_tvs_a,322,0.040372670807453416,0.19683170034150094,4
2,fr_viaje,11,0.09090909090909091,0.2874797872880344,4
2,fr_estro,15,0.06666666666666667,0.24944382578492946,4
2,fr_varic,34,0.20588235294117646,0.40434491426080943,4
2,fr_antec,1,0.0,0.0,4
2,ana_dime,237,1.6075949367088607,0.553112898166209,4
2,ana_crea,64,0.9375,0.24206145913796356,4
2,ana_trop,1071,0.773109243697479,0.41882137123956686,4
2,tension_,78,134.12820512820514,18.20281675466949,4
2,ana_hemo,5,13.14,2.134104027455081,4
2,ana_plaq,5,280.0,60.302570426143525,4
2,ana_leuc,19,7.052631578947368,2.965884694683976,4
2,ana_neu,1297,6.945074016962221,3.14508771788568,4
2,protcrea,1646,49.832914945321996,53.034275531519754,4
2,splanchnic,588,0.013605442176870748,0.11584616575460135,4
3,raza,539,2.8645640074211505,0.6798356951746961,4
3,ant_inf,35,0.02857142857142857,0.1665986255670086,4
3,ant_isq,34,0.058823529411764705,0.23529411764705885,4
3,ant_clau,36,0.0,0.0,4
3,fum_act,44,0.2727272727272727,0.4453617714151233,4
3,diabetes,34,0.0,0.0,4
3,hip_art,35,0.2571428571428571,0.4370588154508102,4
3,insf_car,7,0.0,0.0,4
3,fibr_aur,236,0.012711864406779662,0.11202800056273124,4
3,trat_est,40,0.125,0.33071891388307384,4
3,var171,27,0.037037037037037035,0.18885257457751053,4
3,tv_l_esu,449,0.017817371937639197,0.13228723746028948,4
3,tvp_orig,1607,0.2893590541381456,0.45346487397197954,4
3,tv_l_ein,343,0.7201166180758017,0.4489417272284585,4
3,tvp_prox,679,0.8851251840942562,0.31887080859866307,4
3,tv_l_svc,606,0.009900990099009901,0.09900990099009899,4
3,tv_l_vre,621,0.00966183574879227,0.09781863155225402,4
3,tv_l_vrn,611,0.009819967266775777,0.0986079890762165,4
3,tv_l_vca,1149,0.06179286335944299,0.2407789554701245,4
3,tv_l_yug,1162,0.0189328743545611,0.1362880061606138,4
3,tv_l_ova,1163,0.0034393809114359416,0.05854529503198349,4
3,tv_l_sup,1161,0.004306632213608958,0.06548347220929618,4
3,tv_l_pul,1162,0.0008605851979345956,0.02932310677693773,4
3,tv_l_ove,611,0.062193126022913256,0.24150598563681874,4
3,fr_antfa,864,0.1099537037037037,0.3128320423894296,4
3,fr_tvs_a,322,0.037267080745341616,0.1894155364220734,4
3,fr_viaje,11,0.09090909090909091,0.28747978728803447,4
3,fr_estro,15,0.06666666666666667,0.24944382578492943,4
3,fr_varic,34,0.20588235294117646,0.40434491426080943,4
3,fr_antec,1,0.0,0.0,4
3,ana_dime,237,1.5063291139240507,0.5926430334541581,4
3,ana_crea,64,0.875,0.33071891388307384,4
3,ana_trop,1071,0.7591036414565826,0.42762752832802836,4
3,tension_,78,126.37179487179488,15.950330737153669,4
3,ana_hemo,5,12.580000000000002,2.5685793738952274,4
3,ana_plaq,5,323.6,72.02943842624347,4
3,ana_leuc,19,8.197894736842107,3.6835517456123616,4
3,ana_neu,1297,6.57867463377024,3.035628309109697,4
3,protcrea,1646,67.2129489671932,52.07027346502792,4
3,splanchnic,588,0.015306122448979591,0.12276744301546903,4
4,raza,539,2.862708719851577,0.7205445854154061,4
4,ant_inf,35,0.08571428571428572,0.27994168488950605,4
4,ant_isq,34,0.08823529411764706,0.28363678708802803,4
4,ant_clau,36,0.0,0.0,4
4,fum_act,44,0.13636363636363635,0.3431742925123068,4
4,diabetes,34,0.17647058823529413,0.3812200410828154,4
4,hip_art,35,0.34285714285714286,0.4746642207381757,4
4,insf_car,7,0.0,0.0,4
4,fibr_aur,236,0.012711864406779662,0.11202800056273124,4
4,trat_est,40,0.225,0.41758232721225164,4
4,var171,27,0.037037037037037035,0.18885257457751053,4
4,tv_l_esu,449,0.015590200445434299,0.12388359897704569,4
4,tvp_orig,1607,0.3522090852520224,0.4776587123856908,4
4,tv_l_ein,343,0.7667638483965015,0.42289129713046636,4
4,tvp_prox,679,0.9027982326951399,0.2962323137972492,4
4,tv_l_svc,606,0.00825082508250825,0.09045854834102802,4
4,tv_l_vre,621,0.00644122383252818,0.07999834040820754,4
4,tv_l_vrn,611,0.004909983633387889,0.06989903929316733,4
4,tv_l_vca,1149,0.06527415143603134,0.24700898078883157,4
4,tv_l_yug,1162,0.008605851979345954,0.09236769614456963,4
4,tv_l_ova,1163,0.0017196904557179708,0.04143347825677302,4
4,tv_l_sup,1161,0.007751937984496124,0.0877031666587966,4
4,tv_l_pul,1162,0.0,0.0,4
4,tv_l_ove,611,0.054009819967266774,0.22603707508807092,4
4,fr_antfa,864,0.1261574074074074,0.33202667959615656,4
4,fr_tvs_a,322,0.018633540372670808,0.13522696308743629,4
4,fr_viaje,11,0.0,0.0,4
4,fr_estro,15,0.06666666666666667,0.24944382578492946,4
4,fr_varic,34,0.20588235294117646,0.40434491426080943,4
4,fr_antec,1,0.0,0.0,4
4,ana_dime,237,1.489451476793249,0.5404468720282881,4
4,ana_crea,64,0.921875,0.26836818808308854,4
4,ana_trop,1071,0.7301587301587301,0.4438771890193512,4
4,tension_,78,134.28205128205127,22.850067292667248,4
4,ana_hemo,5,13.2,2.3740261161158274,4
4,ana_plaq,5,281.6,20.244505427399307,4
4,ana_leuc,19,8.99842105263158,3.623451775597835,4
4,ana_neu,1297,6.339430223592907,3.222812792819331,4
4,protcrea,1646,41.1217630619684,49.1574043682962,4
4,splanchnic,588,0.013605442176870748,0.11584616575460135,4
5,raza,539,2.853432282003711,0.7912100010884823,4
5,ant_inf,35,0.02857142857142857,0.1665986255670086,4
5,ant_isq,34,0.0,0.0,4
5,ant_clau,36,0.0,0.0,4
5,fum_act,44,0.2727272727272727,0.44536177141512323,4
5,diabetes,34,0.029411764705882353,0.16895772489817729,4
5,hip_art,35,0.2571428571428571,0.4370588154508102,4
5,insf_car,7,0.0,0.0,4
5,fibr_aur,236,0.00847457627118644,0.09166655785077937,4
5,trat_est,40,0.125,0.33071891388307384,4
5,var171,27,0.037037037037037035,0.18885257457751053,4
5,tv_l_esu,449,0.008908685968819599,0.09396446819478392,4
5,tvp_orig,1607,0.27878033602986935,0.4483992197505951,4
5,tv_l_ein,343,0.7959183673469388,0.403028931798602,4
5,tvp_prox,679,0.8969072164948454,0.30408002481964175,4
5,tv_l_svc,606,0.00825082508250825,0.09045854834102802,4
5,tv_l_vre,621,0.008051529790660225,0.08936835378751437,4
5,tv_l_vrn,611,0.0,0.0,4
5,tv_l_vca,1149,0.06875543951261967,0.2530378016226946,4
5,tv_l_yug,1162,0.014629948364888123,0.12006628575802965,4
5,tv_l_ova,1163,0.0034393809114359416,0.058545295031983496,4
5,tv_l_sup,1161,0.0,0.0,4
5,tv_l_pul,1162,0.0017211703958691911,0.04145127221615248,4
5,tv_l_ove,611,0.06873977086743044,0.2530110961371529,4
5,fr_antfa,864,0.1261574074074074,0.33202667959615656,4
5,fr_tvs_a,322,0.052795031055900624,0.22362405002974772,4
5,fr_viaje,11,0.0,0.0,4
5,fr_estro,15,0.0,0.0,4
5,fr_varic,34,0.20588235294117646,0.40434491426080943,4
5,fr_antec,1,0.0,0.0,4
5,ana_dime,237,1.4852320675105486,0.5780744708287985,4
5,ana_crea,64,0.953125,0.21137108216357317,4
5,ana_trop,1071,0.8104575163398693,0.39193893726967194,4
5,tension_,78,128.42307692307693,18.828864387484657,4
5,ana_hemo,5,13.540000000000001,1.116422858956229,4
5,ana_plaq,5,208.8,86.58960676663222,4
5,ana_leuc,19,9.267894736842106,3.5233395924401765,4
5,ana_neu,1297,6.914198920585968,3.137282086253429,4
5,protcrea,1646,58.908481166464156,53.872460679925844,4
5,splanchnic,588,0.027210884353741496,0.1626974250762095,4
1,raza,539,2.8923933209647497,0.8147057615800197,5
1,ant_inf,35,0.0,0.0,5
1,ant_isq,34,0.0,0.0,5
1,ant_clau,36,0.027777777777777776,0.16433554953054486,5
1,fum_act,44,0.2727272727272727,0.44536177141512334,5
1,diabetes,34,0.058823529411764705,0.23529411764705885,5
1,hip_art,35,0.2571428571428571,0.4370588154508102,5
1,insf_car,7,0.0,0.0,5
1,fibr_aur,236,0.01694915254237288,0.1290809000993883,5
1,trat_est,40,0.2,0.4000000000000001,5
1,var171,27,0.0,0.0,5
1,tv_l_esu,449,0.0022271714922048997,0.04714033516373436,5
1,tvp_orig,1607,0.27691350342252646,0.44747336797265247,5
1,tv_l_ein,343,0.3819241982507289,0.4858581120463739,5
1,tvp_prox,679,0.8998527245949927,0.3001962668554707,5
1,tv_l_svc,606,0.0033003300330033004,0.05735362111215434,5
1,tv_l_vre,621,0.011272141706924315,0.10557026346591797,5
1,tv_l_vrn,611,0.009819967266775777,0.0986079890762165,5
1,tv_l_vca,1149,0.04177545691906005,0.20007565598608892,5
1,tv_l_yug,1162,0.0068846815834767644,0.08268786333538254,5
1,tv_l_ova,1163,0.004299226139294927,0.06542738565691075,5
1,tv_l_sup,1161,0.0017226528854435831,0.04146908912045037,5
1,tv_l_pul,1162,0.0,0.0,5
1,tv_l_ove,611,0.058919803600654665,0.23547454287951158,5
1,fr_antfa,864,0.13194444444444445,0.3384303591947557,5
1,fr_tvs_a,322,0.037267080745341616,0.18941553642207337,5
1,fr_viaje,11,0.09090909090909091,0.2874797872880344,5
1,fr_estro,15,0.0,0.0,5
1,fr_varic,34,0.2647058823529412,0.44117647058823534,5
1,fr_antec,1,0.0,0.0,5
1,ana_dime,237,1.540084388185654,0.5544952405400677,5
1,ana_crea,64,0.890625,0.3121091305537215,5
1,ana_trop,1071,0.8674136321195145,0.3391271486223804,5
1,tension_,78,131.96153846153845,21.748234415631046,5
1,ana_hemo,5,13.36,2.535823337695274,5
1,ana_plaq,5,223.6,31.000645154577025,5
1,ana_leuc,19,9.002631578947367,3.3914875514491203,5
1,ana_neu,1297,6.511584425597532,3.151538933228111,5
1,protcrea,1646,47.23639368165249,62.1412249402493,5
1,splanchnic,588,0.030612244897959183,0.17226472465442993,5
2,raza,539,2.942486085343228,0.5082201264518029,5
2,ant_inf,35,0.02857142857142857,0.1665986255670086,5
2,ant_isq,34,0.029411764705882353,0.1689577248981773,5
2,ant_clau,36,0.0,0.0,5
2,fum_act,44,0.18181818181818182,0.385694607919935,5
2,diabetes,34,0.058823529411764705,0.23529411764705885,5
2,hip_art,35,0.22857142857142856,0.4199125273342591,5
2,insf_car,7,0.0,0.0,5
2,fibr_aur,236,0.012711864406779662,0.11202800056273124,5
2,trat_est,40,0.175,0.3799671038392666,5
2,var171,27,0.037037037037037035,0.18885257457751053,5
2,tv_l_esu,449,0.011135857461024499,0.10493736293442983,5
2,tvp_orig,1607,0.23024268823895458,0.4209881147389486,5
2,tv_l_ein,343,0.46647230320699706,0.49887462708355534,5
2,tvp_prox,679,0.9219440353460973,0.26825963363102445,5
2,tv_l_svc,606,0.018151815181518153,0.13350028759195298,5
2,tv_l_vre,621,0.01288244766505636,0.11276741642519546,5
2,tv_l_vrn,611,0.014729950900163666,0.12046982795141045,5
2,tv_l_vca,1149,0.072236727589208,0.25887947538654077,5
2,tv_l_yug,1162,0.031841652323580036,0.17557836284942482,5
2,tv_l_ova,1163,0.0,0.0,5
2,tv_l_sup,1161,0.012058570198105082,0.10914742820095422,5
2,tv_l_pul,1162,0.0025817555938037868,0.050745345913272184,5
2,tv_l_ove,611,0.058919803600654665,0.2354745428795116,5
2,fr_antfa,864,0.16898148148148148,0.3747355606261637,5
2,fr_tvs_a,322,0.046583850931677016,0.2107458084139571,5
2,fr_viaje,11,0.0,0.0,5
2,fr_estro,15,0.0,0.0,5
2,fr_varic,34,0.17647058823529413,0.3812200410828153,5
2,fr_antec,1,0.0,0.0,5
2,ana_dime,237,1.5232067510548524,0.5554576281439332,5
2,ana_crea,64,0.890625,0.3121091305537215,5
2,ana_trop,1071,0.8281979458450047,0.3772083089529171,5
2,tension_,78,130.48717948717947,19.90151623507525,5
2,ana_hemo,5,13.62,1.568948692596415,5
2,ana_plaq,5,351.4,179.38182739619975,5
2,ana_leuc,19,10.141578947368421,3.8457197850103357,5
2,ana_neu,1297,6.899298380878951,3.26523772178121,5
2,protcrea,1646,34.75269137302552,56.361508205113296,5
2,splanchnic,588,0.027210884353741496,0.1626974250762095,5
3,raza,539,2.8515769944341374,0.7131499535979477,5
3,ant_inf,35,0.0,0.0,5
3,ant_isq,34,0.0,0.0,5
3,ant_clau,36,0.027777777777777776,0.16433554953054486,5
3,fum_act,44,0.36363636363636365,0.4810456929208346,5
3,diabetes,34,0.058823529411764705,0.23529411764705885,5
3,hip_art,35,0.2857142857142857,0.45175395145262565,5
3,insf_car,7,0.0,0.0,5
3,fibr_aur,236,0.012711864406779662,0.11202800056273124,5
3,trat_est,40,0.225,0.41758232721225164,5
3,var171,27,0.1111111111111111,0.3142696805273545,5
3,tv_l_esu,449,0.017817371937639197,0.1322872374602895,5
3,tvp_orig,1607,0.20970752955818295,0.407099842305038,5
3,tv_l_ein,343,0.3673469387755102,0.4820821147354171,5
3,tvp_prox,679,0.8865979381443299,0.31708363915937526,5
3,tv_l_svc,606,0.009900990099009901,0.099009900990099,5
3,tv_l_vre,621,0.014492753623188406,0.11951030798891768,5
3,tv_l_vrn,611,0.01309328968903437,0.11367433947093511,5
3,tv_l_vca,1149,0.04351610095735422,0.20401580800228103,5
3,tv_l_yug,1162,0.021514629948364887,0.14509221428646615,5
3,tv_l_ova,1163,0.0008598452278589854,0.02931050825289649,5
3,tv_l_sup,1161,0.0034453057708871662,0.05859552575950025,5
3,tv_l_pul,1162,0.0051635111876075735,0.07167181691448198,5
3,tv_l_ove,611,0.04746317512274959,0.21262742562994263,5
3,fr_antfa,864,0.12037037037037036,0.32539413686676993,5
3,fr_tvs_a,322,0.040372670807453416,0.19683170034150094,5
3,fr_viaje,11,0.09090909090909091,0.2874797872880344,5
3,fr_estro,15,0.06666666666666667,0.24944382578492946,5
3,fr_varic,34,0.11764705882352941,0.32218973970892123,5
3,fr_antec,1,0.0,0.0,5
3,ana_dime,237,1.5527426160337552,0.5534346812512942,5
3,ana_crea,64,0.921875,0.26836818808308854,5
3,ana_trop,1071,0.8683473389355743,0.338112759148603,5
3,tension_,78,131.51282051282053,23.033277815293726,5
3,ana_hemo,5,10.76,3.195371652875452,5
3,ana_plaq,5,368.8,241.22968308232717,5
3,ana_leuc,19,10.075789473684212,3.7548723656063805,5
3,ana_neu,1297,6.018920585967617,3.0923356255904,5
3,protcrea,1646,71.08959902794655,58.70038238222798,5
3,splanchnic,588,0.03571428571428571,0.1855768722395226,5
4,raza,539,2.88126159554731,0.7588693157799526,5
4,ant_inf,35,0.02857142857142857,0.1665986255670086,5
4,ant_isq,34,0.029411764705882353,0.1689577248981773,5
4,ant_clau,36,0.0,0.0,5
4,fum_act,44,0.20454545454545456,0.4033690761204283,5
4,diabetes,34,0.029411764705882353,0.1689577248981773,5
4,hip_art,35,0.2571428571428571,0.4370588154508102,5
4,insf_car,7,0.0,0.0,5
4,fibr_aur,236,0.012711864406779662,0.11202800056273124,5
4,trat_est,40,0.2,0.4000000000000001,5
4,var171,27,0.037037037037037035,0.18885257457751053,5
4,tv_l_esu,449,0.017817371937639197,0.13228723746028948,5
4,tvp_orig,1607,0.18170504044803984,0.3856012431564712,5
4,tv_l_ein,343,0.4518950437317784,0.49768053325645806,5
4,tvp_prox,679,0.8939617083946981,0.3078866225069398,5
4,tv_l_svc,606,0.006600660066006601,0.08097586895303828,5
4,tv_l_vre,621,0.011272141706924315,0.10557026346591797,5
4,tv_l_vrn,611,0.0016366612111292963,0.040422550033481074,5
4,tv_l_vca,1149,0.05221932114882506,0.22246901727562182,5
4,tv_l_yug,1162,0.024096385542168676,0.15334845857057658,5
4,tv_l_ova,1163,0.0,0.0,5
4,tv_l_sup,1161,0.009474590869939707,0.09687529611715756,5
4,tv_l_pul,1162,0.0008605851979345956,0.02932310677693773,5
4,tv_l_ove,611,0.058919803600654665,0.23547454287951158,5
4,fr_antfa,864,0.14814814814814814,0.3552467795046459,5
4,fr_tvs_a,322,0.043478260869565216,0.20393111999232302,5
4,fr_viaje,11,0.0,0.0,5
4,fr_estro,15,0.0,0.0,5
4,fr_varic,34,0.17647058823529413,0.3812200410828153,5
4,fr_antec,1,0.0,0.0,5
4,ana_dime,237,1.540084388185654,0.5695108505659828,5
4,ana_crea,64,0.921875,0.26836818808308854,5
4,ana_trop,1071,0.834733893557423,0.37142054399815827,5
4,tension_,78,129.82051282051282,21.53336325496666,5
4,ana_hemo,5,12.319999999999999,1.8475930287809597,5
4,ana_plaq,5,296.8,261.7085401739882,5
4,ana_leuc,19,9.608947368421054,4.0158382420988525,5
4,ana_neu,1297,6.529594448727834,3.284643873308668,5
4,protcrea,1646,51.48315917375456,58.490885602161036,5
4,splanchnic,588,0.034013605442176874,0.18126411693162214,5
5,raza,539,2.8478664192949905,0.6885291876656447,5
5,ant_inf,35,0.02857142857142857,0.1665986255670086,5
5,ant_isq,34,0.0,0.0,5
5,ant_clau,36,0.0,0.0,5
5,fum_act,44,0.2727272727272727,0.44536177141512323,5
5,diabetes,34,0.08823529411764706,0.2836367870880281,5
5,hip_art,35,0.3142857142857143,0.4642307659791978,5
5,insf_car,7,0.14285714285714285,0.3499271061118826,5
5,fibr_aur,236,0.03389830508474576,0.1809674280005307,5
5,trat_est,40,0.125,0.33071891388307384,5
5,var171,27,0.037037037037037035,0.18885257457751053,5
5,tv_l_esu,449,0.0200445434298441,0.14015263004500914,5
5,tvp_orig,1607,0.2713130056004978,0.44463722133051586,5
5,tv_l_ein,343,0.45481049562682213,0.4979537214385555,5
5,tvp_prox,679,0.8689248895434463,0.3374824823236845,5
5,tv_l_svc,606,0.009900990099009901,0.09900990099009899,5
5,tv_l_vre,621,0.01610305958132045,0.1258719629363144,5
5,tv_l_vrn,611,0.0032733224222585926,0.05711924178924761,5
5,tv_l_vca,1149,0.058311575282854654,0.23433167833412244,5
5,tv_l_yug,1162,0.0017211703958691911,0.04145127221615248,5
5,tv_l_ova,1163,0.0017196904557179708,0.04143347825677302,5
5,tv_l_sup,1161,0.00516795865633075,0.07170251641091271,5
5,tv_l_pul,1162,0.0008605851979345956,0.02932310677693773,5
5,tv_l_ove,611,0.060556464811783964,0.23851494582370122,5
5,fr_antfa,864,0.13541666666666666,0.3421680772011842,5
5,fr_tvs_a,322,0.08385093167701864,0.2771641263473948,5
5,fr_viaje,11,0.0,0.0,5
5,fr_estro,15,0.0,0.0,5
5,fr_varic,34,0.23529411764705882,0.42418250299576343,5
5,fr_antec,1,0.0,0.0,5
5,ana_dime,237,1.5232067510548524,0.5630026600547149,5
5,ana_crea,64,0.953125,0.21137108216357317,5
5,ana_trop,1071,0.8702147525676938,0.3360670126347442,5
5,tension_,78,135.74358974358975,21.766497366975727,5
5,ana_hemo,5,13.680000000000001,1.5171025014810302,5
5,ana_plaq,5,165.2,72.98602605978765,5
5,ana_leuc,19,9.809999999999999,4.23381500229807,5
5,ana_neu,1297,6.480349267540477,3.239574658296724,5
5,protcrea,1646,72.20547995139732,70.01464720463898,5
5,splanchnic,588,0.030612244897959183,0.17226472465442993,5
1,raza,539,2.8608534322820036,0.7367430802342197,6
1,ant_inf,35,0.0,0.0,6
1,ant_isq,34,0.029411764705882353,0.1689577248981773,6
1,ant_clau,36,0.027777777777777776,0.16433554953054486,6
1,fum_act,44,0.18181818181818182,0.38569460791993493,6
1,diabetes,34,0.14705882352941177,0.3541645464350675,6
1,hip_art,35,0.2857142857142857,0.45175395145262565,6
1,insf_car,7,0.0,0.0,6
1,fibr_aur,236,0.00423728813559322,0.06495639710489784,6
1,trat_est,40,0.225,0.4175823272122517,6
1,var171,27,0.037037037037037035,0.18885257457751053,6
1,tv_l_esu,449,0.0066815144766146995,0.08146699847738034,6
1,tvp_orig,1607,0.2806471686372122,0.4493154074513007,6
1,tv_l_ein,343,0.7201166180758017,0.4489417272284585,6
1,tvp_prox,679,0.8394698085419735,0.3670970567690183,6
1,tv_l_svc,606,0.006600660066006601,0.08097586895303828,6
1,tv_l_vre,621,0.00644122383252818,0.07999834040820752,6
1,tv_l_vrn,611,0.004909983633387889,0.06989903929316733,6
1,tv_l_vca,1149,0.05221932114882506,0.22246901727562182,6
1,tv_l_yug,1162,0.019793459552495698,0.13928990814642464,6
1,tv_l_ova,1163,0.006878761822871883,0.08265255264452565,6
1,tv_l_sup,1161,0.002583979328165375,0.050767138771029716,6
1,tv_l_pul,1162,0.0034423407917383822,0.0585703942415613,6
1,tv_l_ove,611,0.07201309328968904,0.2585095891539414,6
1,fr_antfa,864,0.16666666666666666,0.3726779962499649,6
1,fr_tvs_a,322,0.06832298136645963,0.2522993293365205,6
1,fr_viaje,11,0.0,0.0,6
1,fr_estro,15,0.0,0.0,6
1,fr_varic,34,0.17647058823529413,0.3812200410828153,6
1,fr_antec,1,0.0,0.0,6
1,ana_dime,237,1.5316455696202531,0.5625914205234707,6
1,ana_crea,64,0.921875,0.26836818808308854,6
1,ana_trop,1071,0.811391223155929,0.39119752829159643,6
1,tension_,78,130.16666666666666,20.504794102759995,6
1,ana_hemo,5,13.020000000000001,1.0777754868245986,6
1,ana_plaq,5,328.8,128.4077879258108,6
1,ana_leuc,19,9.349473684210528,3.7064303634064357,6
1,ana_neu,1297,6.68607632999229,3.252239116392785,6
1,protcrea,1646,46.385842041312266,50.30116810766631,6
1,splanchnic,588,0.023809523809523808,0.15245533898649638,6
2,raza,539,2.927643784786642,0.6947698963813644,6
2,ant_inf,35,0.02857142857142857,0.1665986255670086,6
2,ant_isq,34,0.0,0.0,6
2,ant_clau,36,0.027777777777777776,0.16433554953054486,6
2,fum_act,44,0.20454545454545456,0.4033690761204283,6
2,diabetes,34,0.14705882352941177,0.3541645464350675,6
2,hip_art,35,0.4,0.48989794855663565,6
2,insf_car,7,0.0,0.0,6
2,fibr_aur,236,0.00423728813559322,0.06495639710489785,6
2,trat_est,40,0.225,0.41758232721225164,6
2,var171,27,0.07407407407407407,0.2618914004394621,6
2,tv_l_esu,449,0.008908685968819599,0.09396446819478389,6
2,tvp_orig,1607,0.19477286869943994,0.3960257546145587,6
2,tv_l_ein,343,0.7784256559766763,0.4153060968658629,6
2,tvp_prox,679,0.8733431516936672,0.33258817039010785,6
2,tv_l_svc,606,0.006600660066006601,0.08097586895303828,6
2,tv_l_vre,621,0.008051529790660225,0.08936835378751437,6
2,tv_l_vrn,611,0.004909983633387889,0.06989903929316733,6
2,tv_l_vca,1149,0.03568320278503046,0.18549908847224253,6
2,tv_l_yug,1162,0.0189328743545611,0.1362880061606138,6
2,tv_l_ova,1163,0.004299226139294927,0.06542738565691075,6
2,tv_l_sup,1161,0.0068906115417743325,0.08272321931812555,6
2,tv_l_pul,1162,0.004302925989672977,0.06545541091155395,6
2,tv_l_ove,611,0.03764320785597381,0.19033180700630614,6
2,fr_antfa,864,0.15393518518518517,0.36088660815717166,6
2,fr_tvs_a,322,0.024844720496894408,0.15565172777815736,6
2,fr_viaje,11,0.09090909090909091,0.28747978728803447,6
2,fr_estro,15,0.06666666666666667,0.24944382578492946,6
2,fr_varic,34,0.14705882352941177,0.3541645464350675,6
2,fr_antec,1,0.0,0.0,6
2,ana_dime,237,1.5274261603375527,0.5476136568070084,6
2,ana_crea,64,0.90625,0.2914805954090255,6
2,ana_trop,1071,0.8319327731092437,0.37392597413927714,6
2,tension_,78,129.5,19.487504214568382,6
2,ana_hemo,5,11.48,1.6509391266791151,6
2,ana_plaq,5,221.0,58.05170109479997,6
2,ana_leuc,19,8.578947368421053,3.6293930110707033,6
2,ana_neu,1297,6.737481110254433,3.277158254489834,6
2,protcrea,1646,40.1838432563791,49.749153360335754,6
2,splanchnic,588,0.01020408163265306,0.10049854899791943,6
3,raza,539,2.9257884972170687,0.5953305311773587,6
3,ant_inf,35,0.11428571428571428,0.318157963590287,6
3,ant_isq,34,0.029411764705882353,0.1689577248981773,6
3,ant_clau,36,0.0,0.0,6
3,fum_act,44,0.2727272727272727,0.44536177141512323,6
3,diabetes,34,0.17647058823529413,0.3812200410828153,6
3,hip_art,35,0.37142857142857144,0.4831867007225075,6
3,insf_car,7,0.14285714285714285,0.3499271061118826,6
3,fibr_aur,236,0.012711864406779662,0.11202800056273124,6
3,trat_est,40,0.3,0.45825756949558394,6
3,var171,27,0.0,0.0,6
3,tv_l_esu,449,0.024498886414253896,0.15459201460203364,6
3,tvp_orig,1607,0.2725575606720597,0.44527512483020676,6
3,tv_l_ein,343,0.8571428571428571,0.3499271061118826,6
3,tvp_prox,679,0.8748159057437408,0.33092754010734615,6
3,tv_l_svc,606,0.006600660066006601,0.08097586895303828,6
3,tv_l_vre,621,0.004830917874396135,0.06933671543191944,6
3,tv_l_vrn,611,0.0016366612111292963,0.040422550033481074,6
3,tv_l_vca,1149,0.0391644908616188,0.19398616836560534,6
3,tv_l_yug,1162,0.006024096385542169,0.07738091914858512,6
3,tv_l_ova,1163,0.0008598452278589854,0.029310508252896494,6
3,tv_l_sup,1161,0.007751937984496124,0.08770316665879659,6
3,tv_l_pul,1162,0.0025817555938037868,0.050745345913272184,6
3,tv_l_ove,611,0.05237315875613748,0.2227783898811595,6
3,fr_antfa,864,0.15625,0.3630921887069453,6
3,fr_tvs_a,322,0.043478260869565216,0.20393111999232305,6
3,fr_viaje,11,0.0,0.0,6
3,fr_estro,15,0.0,0.0,6
3,fr_varic,34,0.11764705882352941,0.32218973970892123,6
3,fr_antec,1,0.0,0.0,6
3,ana_dime,237,1.510548523206751,0.5404468720282881,6
3,ana_crea,64,0.84375,0.3630921887069453,6
3,ana_trop,1071,0.8244631185807656,0.3804256624898536,6
3,tension_,78,128.5897435897436,20.44657572574471,6
3,ana_hemo,5,14.5,1.7731328207441202,6
3,ana_plaq,5,300.8,119.44772915380183,6
3,ana_leuc,19,9.473157894736843,3.609521112180919,6
3,ana_neu,1297,6.44482035466461,3.2402016515322973,6
3,protcrea,1646,57.68011786148238,55.16467667078879,6
3,splanchnic,588,0.01870748299319728,0.13548990026292185,6
4,raza,539,2.9183673469387754,0.6733850512213352,6
4,ant_inf,35,0.05714285714285714,0.23211538298959886,6
4,ant_isq,34,0.058823529411764705,0.23529411764705885,6
4,ant_clau,36,0.027777777777777776,0.16433554953054488,6
4,fum_act,44,0.22727272727272727,0.4190702026042221,6
4,diabetes,34,0.14705882352941177,0.3541645464350675,6
4,hip_art,35,0.3142857142857143,0.46423076597919777,6
4,insf_car,7,0.0,0.0,6
4,fibr_aur,236,0.00423728813559322,0.06495639710489784,6
4,trat_est,40,0.35,0.47696960070847283,6
4,var171,27,0.07407407407407407,0.2618914004394621,6
4,tv_l_esu,449,0.008908685968819599,0.0939644681947839,6
4,tvp_orig,1607,0.2906036092097075,0.4540409139317723,6
4,tv_l_ein,343,0.7696793002915452,0.42103809209412707,6
4,tvp_prox,679,0.8954344624447718,0.3059927873512943,6
4,tv_l_svc,606,0.006600660066006601,0.08097586895303828,6
4,tv_l_vre,621,0.004830917874396135,0.06933671543191944,6
4,tv_l_vrn,611,0.009819967266775777,0.0986079890762165,6
4,tv_l_vca,1149,0.04003481288076589,0.19604088001834705,6
4,tv_l_yug,1162,0.02323580034423408,0.15065157790941644,6
4,tv_l_ova,1163,0.0034393809114359416,0.058545295031983496,6
4,tv_l_sup,1161,0.0017226528854435831,0.04146908912045037,6
4,tv_l_pul,1162,0.0025817555938037868,0.050745345913272184,6
4,tv_l_ove,611,0.04091653027823241,0.19809686476121446,6
4,fr_antfa,864,0.15046296296296297,0.3575246281577942,6
4,fr_tvs_a,322,0.049689440993788817,0.21730255508740248,6
4,fr_viaje,11,0.0,0.0,6
4,fr_estro,15,0.13333333333333333,0.33993463423951903,6
4,fr_varic,34,0.23529411764705882,0.42418250299576343,6
4,fr_antec,1,0.0,0.0,6
4,ana_dime,237,1.5443037974683544,0.5387311633429861,6
4,ana_crea,64,0.84375,0.3630921887069453,6
4,ana_trop,1071,0.8590102707749766,0.34801095597420195,6
4,tension_,78,128.25641025641025,17.751443348637732,6
4,ana_hemo,5,14.48,1.5038616957685969,6
4,ana_plaq,5,259.0,106.42744007068853,6
4,ana_leuc,19,9.677894736842106,3.3518534997306357,6
4,ana_neu,1297,6.287164996144949,3.1168273361793712,6
4,protcrea,1646,40.64510085054679,50.635414049884055,6
4,splanchnic,588,0.0391156462585034,0.19387009175291334,6
5,raza,539,2.938775510204082,0.5150419977413062,6
5,ant_inf,35,0.02857142857142857,0.1665986255670086,6
5,ant_isq,34,0.08823529411764706,0.28363678708802803,6
5,ant_clau,36,0.027777777777777776,0.16433554953054488,6
5,fum_act,44,0.22727272727272727,0.4190702026042221,6
5,diabetes,34,0.08823529411764706,0.28363678708802803,6
5,hip_art,35,0.34285714285714286,0.4746642207381757,6
5,insf_car,7,0.0,0.0,6
5,fibr_aur,236,0.012711864406779662,0.11202800056273124,6
5,trat_est,40,0.175,0.3799671038392666,6
5,var171,27,0.07407407407407407,0.2618914004394621,6
5,tv_l_esu,449,0.008908685968819599,0.09396446819478389,6
5,tvp_orig,1607,0.22153080273802117,0.41527690301324144,6
5,tv_l_ein,343,0.7842565597667639,0.41133709804680174,6
5,tvp_prox,679,0.9175257731958762,0.27508585699229554,6
5,tv_l_svc,606,0.0033003300330033004,0.05735362111215434,6
5,tv_l_vre,621,0.008051529790660225,0.08936835378751437,6
5,tv_l_vrn,611,0.006546644844517185,0.08064605561214348,6
5,tv_l_vca,1149,0.057441253263707574,0.2326838105395435,6
5,tv_l_yug,1162,0.022375215146299483,0.14790052364158923,6
5,tv_l_ova,1163,0.006878761822871883,0.08265255264452565,6
5,tv_l_sup,1161,0.01119724375538329,0.10522293232782397,6
5,tv_l_pul,1162,0.0025817555938037868,0.050745345913272184,6
5,tv_l_ove,611,0.049099836333878884,0.216076473513118,6
5,fr_antfa,864,0.13657407407407407,0.34339714088047296,6
5,fr_tvs_a,322,0.046583850931677016,0.2107458084139571,6
5,fr_viaje,11,0.0,0.0,6
5,fr_estro,15,0.0,0.0,6
5,fr_varic,34,0.058823529411764705,0.23529411764705885,6
5,fr_antec,1,0.0,0.0,6
5,ana_dime,237,1.5780590717299579,0.5580477845524199,6
5,ana_crea,64,0.921875,0.26836818808308854,6
5,ana_trop,1071,0.838468720821662,0.3680202780083563,6
5,tension_,78,130.0,18.817613135107333,6
5,ana_hemo,5,12.52,1.2448293055676347,6
5,ana_plaq,5,254.2,132.14749335496305,6
5,ana_leuc,19,9.407368421052633,3.6720621513276837,6
5,ana_neu,1297,6.994135697764071,3.3306287977222566,6
5,protcrea,1646,43.74060753341434,49.50552444737373,6
5,splanchnic,588,0.01020408163265306,0.10049854899791943,6
1,raza,539,2.8478664192949905,0.7747464081868956,7
1,ant_inf,35,0.0,0.0,7
1,ant_isq,34,0.058823529411764705,0.23529411764705885,7
1,ant_clau,36,0.05555555555555555,0.2290614236454256,7
1,fum_act,44,0.25,0.4330127018922193,7
1,diabetes,34,0.029411764705882353,0.16895772489817729,7
1,hip_art,35,0.2857142857142857,0.45175395145262565,7
1,insf_car,7,0.0,0.0,7
1,fibr_aur,236,0.025423728813559324,0.15740826797463311,7
1,trat_est,40,0.175,0.3799671038392666,7
1,var171,27,0.0,0.0,7
1,tv_l_esu,449,0.013363028953229399,0.11482359692338748,7
1,tvp_orig,1607,0.25015556938394523,0.4331024826644837,7
1,tv_l_ein,343,0.7667638483965015,0.42289129713046636,7
1,tvp_prox,679,0.8541973490427098,0.3529082571024894,7
1,tv_l_svc,606,0.0165016501650165,0.1273944492780118,7
1,tv_l_vre,621,0.008051529790660225,0.08936835378751438,7
1,tv_l_vrn,611,0.011456628477905073,0.10642074112608091,7
1,tv_l_vca,1149,0.040905134899912966,0.19807045422963235,7
1,tv_l_yug,1162,0.01549053356282272,0.12349322626266504,7
1,tv_l_ova,1163,0.0017196904557179708,0.04143347825677303,7
1,tv_l_sup,1161,0.013781223083548665,0.11658173516409047,7
1,tv_l_pul,1162,0.011187607573149742,0.10517815842625762,7
1,tv_l_ove,611,0.05237315875613748,0.22277838988115947,7
1,fr_antfa,864,0.13194444444444445,0.3384303591947557,7
1,fr_tvs_a,322,0.052795031055900624,0.22362405002974772,7
1,fr_viaje,11,0.09090909090909091,0.2874797872880344,7
1,fr_estro,15,0.0,0.0,7
1,fr_varic,34,0.35294117647058826,0.47788461203740945,7
1,fr_antec,1,0.0,0.0,7
1,ana_dime,237,1.489451476793249,0.5481985407227583,7
1,ana_crea,64,0.890625,0.3121091305537215,7
1,ana_trop,1071,0.7591036414565826,0.42762752832802836,7
1,tension_,78,128.42307692307693,21.771846812098126,7
1,ana_hemo,5,13.719999999999999,1.8946239732464065,7
1,ana_plaq,5,249.6,43.070175295672996,7
1,ana_leuc,19,11.562105263157894,4.361138889094487,7
1,ana_neu,1297,6.222600616808019,3.1094406167678263,7
1,protcrea,1646,68.26978857837182,44.706873738598574,7
1,splanchnic,588,0.011904761904761904,0.10845754260886069,7
2,raza,539,2.8905380333951762,0.7291209335576484,7
2,ant_inf,35,0.0,0.0,7
2,ant_isq,34,0.029411764705882353,0.16895772489817729,7
2,ant_clau,36,0.027777777777777776,0.16433554953054486,7
2,fum_act,44,0.1590909090909091,0.36576083953252464,7
2,diabetes,34,0.058823529411764705,0.23529411764705885,7
2,hip_art,35,0.34285714285714286,0.4746642207381757,7
2,insf_car,7,0.0,0.0,7
2,fibr_aur,236,0.00423728813559322,0.06495639710489785,7
2,trat_est,40,0.2,0.4000000000000001,7
2,var171,27,0.037037037037037035,0.18885257457751053,7
2,tv_l_esu,449,0.013363028953229399,0.11482359692338748,7
2,tvp_orig,1607,0.2370877411325451,0.4252965367096379,7
2,tv_l_ein,343,0.7434402332361516,0.4367343046314637,7
2,tvp_prox,679,0.8321060382916053,0.37377209544086465,7
2,tv_l_svc,606,0.01155115511551155,0.1068537595548652,7
2,tv_l_vre,621,0.008051529790660225,0.08936835378751437,7
2,tv_l_vrn,611,0.009819967266775777,0.0986079890762165,7
2,tv_l_vca,1149,0.058311575282854654,0.23433167833412244,7
2,tv_l_yug,1162,0.013769363166953529,0.11653226079043551,7
2,tv_l_ova,1163,0.004299226139294927,0.06542738565691075,7
2,tv_l_sup,1161,0.002583979328165375,0.050767138771029716,7
2,tv_l_pul,1162,0.0,0.0,7
2,tv_l_ove,611,0.04746317512274959,0.21262742562994263,7
2,fr_antfa,864,0.11226851851851852,0.31569652875534693,7
2,fr_tvs_a,322,0.052795031055900624,0.22362405002974772,7
2,fr_viaje,11,0.0,0.0,7
2,fr_estro,15,0.0,0.0,7
2,fr_varic,34,0.20588235294117646,0.40434491426080943,7
2,fr_antec,1,0.0,0.0,7
2,ana_dime,237,1.4641350210970465,0.6056873477330549,7
2,ana_crea,64,0.984375,0.12401959270615269,7
2,ana_trop,1071,0.8011204481792717,0.39915720673478333,7
2,tension_,78,134.12820512820514,23.662346467926184,7
2,ana_hemo,5,14.26,1.8778711350888806,7
2,ana_plaq,5,208.6,91.49775953541157,7
2,ana_leuc,19,10.288421052631579,4.220767282650588,7
2,ana_neu,1297,6.34806168080185,3.1139379572236736,7
2,protcrea,1646,42.51864520048603,41.452257518611766,7
2,splanchnic,588,0.025510204081632654,0.15766874633022904,7
3,raza,539,2.9313543599257885,0.6595384219950116,7
3,ant_inf,35,0.0,0.0,7
3,ant_isq,34,0.0,0.0,7
3,ant_clau,36,0.05555555555555555,0.2290614236454256,7
3,fum_act,44,0.3181818181818182,0.46577048936179993,7
3,diabetes,34,0.11764705882352941,0.32218973970892123,7
3,hip_art,35,0.3142857142857143,0.46423076597919777,7
3,insf_car,7,0.0,0.0,7
3,fibr_aur,236,0.012711864406779662,0.11202800056273124,7
3,trat_est,40,0.225,0.41758232721225164,7
3,var171,27,0.037037037037037035,0.18885257457751053,7
3,tv_l_esu,449,0.028953229398663696,0.16767510222466558,7
3,tvp_orig,1607,0.3372744243932794,0.47277942747486534,7
3,tv_l_ein,343,0.760932944606414,0.4265137728362662,7
3,tvp_prox,679,0.8718703976435935,0.334234060736478,7
3,tv_l_svc,606,0.009900990099009901,0.09900990099009899,7
3,tv_l_vre,621,0.00966183574879227,0.09781863155225402,7
3,tv_l_vrn,611,0.006546644844517185,0.08064605561214348,7
3,tv_l_vca,1149,0.07571801566579635,0.26454640003112984,7
3,tv_l_yug,1162,0.016351118760757316,0.1268217634163353,7
3,tv_l_ova,1163,0.004299226139294927,0.06542738565691075,7
3,tv_l_sup,1161,0.00516795865633075,0.0717025164109127,7
3,tv_l_pul,1162,0.0051635111876075735,0.07167181691448198,7
3,tv_l_ove,611,0.057283142389525366,0.23238283927068865,7
3,fr_antfa,864,0.14467592592592593,0.3517737943386373,7
3,fr_tvs_a,322,0.034161490683229816,0.18164383622223304,7
3,fr_viaje,11,0.09090909090909091,0.2874797872880344,7
3,fr_estro,15,0.13333333333333333,0.3399346342395189,7
3,fr_varic,34,0.17647058823529413,0.3812200410828154,7
3,fr_antec,1,0.0,0.0,7
3,ana_dime,237,1.4641350210970465,0.5393586896632842,7
3,ana_crea,64,0.921875,0.26836818808308854,7
3,ana_trop,1071,0.7815126050420168,0.4132198606098907,7
3,tension_,78,135.24358974358975,20.333240372277555,7
3,ana_hemo,5,12.540000000000001,1.80288657435791,7
3,ana_plaq,5,179.6,41.878872955226484,7
3,ana_leuc,19,10.27421052631579,4.493633292359868,7
3,ana_neu,1297,6.702817270624518,3.054548725759068,7
3,protcrea,1646,80.79995625759418,42.63152555466879,7
3,splanchnic,588,0.01870748299319728,0.13548990026292185,7
4,raza,539,2.862708719851577,0.8261052025583112,7
4,ant_inf,35,0.11428571428571428,0.318157963590287,7
4,ant_isq,34,0.029411764705882353,0.16895772489817729,7
4,ant_clau,36,0.05555555555555555,0.2290614236454256,7
4,fum_act,44,0.25,0.4330127018922193,7
4,diabetes,34,0.058823529411764705,0.23529411764705885,7
4,hip_art,35,0.2857142857142857,0.45175395145262565,7
4,insf_car,7,0.0,0.0,7
4,fibr_aur,236,0.012711864406779662,0.11202800056273124,7
4,trat_est,40,0.25,0.4330127018922193,7
4,var171,27,0.0,0.0,7
4,tv_l_esu,449,0.022271714922048998,0.14756586880603514,7
4,tvp_orig,1607,0.2937149968886123,0.45546294853844554,7
4,tv_l_ein,343,0.7988338192419825,0.4008719851489377,7
4,tvp_prox,679,0.8969072164948454,0.3040800248196417,7
4,tv_l_svc,606,0.006600660066006601,0.08097586895303828,7
4,tv_l_vre,621,0.01932367149758454,0.1376599695533817,7
4,tv_l_vrn,611,0.008183306055646482,0.09009072958771121,7
4,tv_l_vca,1149,0.047867711053089644,0.2134862836147268,7
4,tv_l_yug,1162,0.012908777969018933,0.11288109416711688,7
4,tv_l_ova,1163,0.0034393809114359416,0.058545295031983496,7
4,tv_l_sup,1161,0.008613264427217916,0.09240712149571992,7
4,tv_l_pul,1162,0.00946643717728055,0.0968340009730526,7
4,tv_l_ove,611,0.05564648117839607,0.2292377593479279,7
4,fr_antfa,864,0.12152777777777778,0.326739616523881,7
4,fr_tvs_a,322,0.049689440993788817,0.21730255508740248,7
4,fr_viaje,11,0.0,0.0,7
4,fr_estro,15,0.0,0.0,7
4,fr_varic,34,0.08823529411764706,0.28363678708802803,7
4,fr_antec,1,0.0,0.0,7
4,ana_dime,237,1.4852320675105486,0.5924928108887035,7
4,ana_crea,64,0.890625,0.3121091305537215,7
4,ana_trop,1071,0.7647058823529411,0.42418250299576343,7
4,tension_,78,130.87179487179486,22.735580933158026,7
4,ana_hemo,5,14.680000000000001,0.7730459236035079,7
4,ana_plaq,5,170.8,18.301912468373352,7
4,ana_leuc,19,10.397368421052633,4.011260258854557,7
4,ana_neu,1297,6.941134926754047,3.254810982931107,7
4,protcrea,1646,46.198583232077766,41.84703286537218,7
4,splanchnic,588,0.011904761904761904,0.10845754260886069,7
5,raza,539,2.9072356215213357,0.5864293719659608,7
5,ant_inf,35,0.02857142857142857,0.1665986255670086,7
5,ant_isq,34,0.029411764705882353,0.16895772489817729,7
5,ant_clau,36,0.05555555555555555,0.2290614236454256,7
5,fum_act,44,0.18181818181818182,0.385694607919935,7
5,diabetes,34,0.08823529411764706,0.28363678708802803,7
5,hip_art,35,0.3142857142857143,0.4642307659791977,7
5,insf_car,7,0.0,0.0,7
5,fibr_aur,236,0.00423728813559322,0.06495639710489785,7
5,trat_est,40,0.075,0.26339134382131846,7
5,var171,27,0.0,0.0,7
5,tv_l_esu,449,0.0066815144766146995,0.08146699847738033,7
5,tvp_orig,1607,0.40696950840074675,0.49126909900053883,7
5,tv_l_ein,343,0.8046647230320699,0.3964585811150922,7
5,tvp_prox,679,0.8409425625920471,0.36572963923254564,7
5,tv_l_svc,606,0.006600660066006601,0.08097586895303827,7
5,tv_l_vre,621,0.00966183574879227,0.09781863155225402,7
5,tv_l_vrn,611,0.006546644844517185,0.08064605561214348,7
5,tv_l_vca,1149,0.06005221932114883,0.23758356482668044,7
5,tv_l_yug,1162,0.014629948364888123,0.12006628575802963,7
5,tv_l_ova,1163,0.0017196904557179708,0.04143347825677302,7
5,tv_l_sup,1161,0.004306632213608958,0.06548347220929618,7
5,tv_l_pul,1162,0.0025817555938037868,0.050745345913272184,7
5,tv_l_ove,611,0.03436988543371522,0.18217737622709496,7
5,fr_antfa,864,0.1087962962962963,0.3113834648925739,7
5,fr_tvs_a,322,0.043478260869565216,0.20393111999232305,7
5,fr_viaje,11,0.0,0.0,7
5,fr_estro,15,0.06666666666666667,0.24944382578492946,7
5,fr_varic,34,0.11764705882352941,0.32218973970892123,7
5,fr_antec,1,0.0,0.0,7
5,ana_dime,237,1.4556962025316456,0.5765634043051046,7
5,ana_crea,64,0.90625,0.2914805954090255,7
5,ana_trop,1071,0.7684407096171803,0.42182885797468234,7
5,tension_,78,133.78205128205127,23.465548907618412,7
5,ana_hemo,5,14.640000000000004,1.7373543104387201,7
5,ana_plaq,5,232.0,72.62506454386116,7
5,ana_leuc,19,10.996842105263157,6.232652601321003,7
5,ana_neu,1297,6.9836484194294535,3.235419980469701,7
5,protcrea,1646,68.11609842041312,46.841998475032064,7
5,splanchnic,588,0.006802721088435374,0.08219759165710593,7
1,raza,539,2.8589981447124306,0.6690672195960066,8
1,ant_inf,35,0.05714285714285714,0.2321153829895989,8
1,ant_isq,34,0.029411764705882353,0.16895772489817729,8
1,ant_clau,36,0.027777777777777776,0.16433554953054486,8
1,fum_act,44,0.22727272727272727,0.4190702026042221,8
1,diabetes,34,0.08823529411764706,0.28363678708802803,8
1,hip_art,35,0.2,0.4,8
1,insf_car,7,0.0,0.0,8
1,fibr_aur,236,0.012711864406779662,0.11202800056273124,8
1,trat_est,40,0.175,0.3799671038392666,8
1,var171,27,0.0,0.0,8
1,tv_l_esu,449,0.008908685968819599,0.09396446819478389,8
1,tvp_orig,1607,0.21841941505911636,0.4131735400341482,8
1,tv_l_ein,343,0.8046647230320699,0.39645858111509213,8
1,tvp_prox,679,0.8527245949926362,0.35438024787970446,8
1,tv_l_svc,606,0.006600660066006601,0.08097586895303828,8
1,tv_l_vre,621,0.011272141706924315,0.10557026346591797,8
1,tv_l_vrn,611,0.009819967266775777,0.0986079890762165,8
1,tv_l_vca,1149,0.06266318537859007,0.24235616471795915,8
1,tv_l_yug,1162,0.012048192771084338,0.10910102576069175,8
1,tv_l_ova,1163,0.0017196904557179708,0.04143347825677303,8
1,tv_l_sup,1161,0.002583979328165375,0.050767138771029716,8
1,tv_l_pul,1162,0.0034423407917383822,0.0585703942415613,8
1,tv_l_ove,611,0.060556464811783964,0.23851494582370122,8
1,fr_antfa,864,0.15393518518518517,0.36088660815717166,8
1,fr_tvs_a,322,0.07763975155279502,0.26760384999400755,8
1,fr_viaje,11,0.0,0.0,8
1,fr_estro,15,0.0,0.0,8
1,fr_varic,34,0.23529411764705882,0.42418250299576343,8
1,fr_antec,1,0.0,0.0,8
1,ana_dime,237,1.5232067510548524,0.5554576281439332,8
1,ana_crea,64,0.9375,0.24206145913796356,8
1,ana_trop,1071,0.8814192343604108,0.3232945524748569,8
1,tension_,78,129.32051282051282,23.2469979257006,8
1,ana_hemo,5,13.16,1.6835676404587967,8
1,ana_plaq,5,221.2,117.07672697850757,8
1,ana_leuc,19,8.196315789473685,2.7816924241156262,8
1,ana_neu,1297,6.6506037008481105,3.1938258660313084,8
1,protcrea,1646,79.09130862697448,62.10566459663566,8
1,splanchnic,588,0.015306122448979591,0.12276744301546902,8
2,raza,539,2.8478664192949905,0.6721673834936006,8
2,ant_inf,35,0.02857142857142857,0.1665986255670086,8
2,ant_isq,34,0.0,0.0,8
2,ant_clau,36,0.0,0.0,8
2,fum_act,44,0.3409090909090909,0.47401485487759565,8
2,diabetes,34,0.14705882352941177,0.3541645464350675,8
2,hip_art,35,0.22857142857142856,0.4199125273342591,8
2,insf_car,7,0.0,0.0,8
2,fibr_aur,236,0.01694915254237288,0.12908090009938827,8
2,trat_est,40,0.15,0.3570714214271425,8
2,var171,27,0.0,0.0,8
2,tv_l_esu,449,0.004454342984409799,0.06659205517918063,8
2,tvp_orig,1607,0.2271313005600498,0.41897812934084055,8
2,tv_l_ein,343,0.7755102040816326,0.4172458836787933,8
2,tvp_prox,679,0.8733431516936672,0.33258817039010785,8
2,tv_l_svc,606,0.006600660066006601,0.08097586895303828,8
2,tv_l_vre,621,0.017713365539452495,0.13190755179563537,8
2,tv_l_vrn,611,0.01309328968903437,0.11367433947093511,8
2,tv_l_vca,1149,0.06440382941688425,0.24547092734848483,8
2,tv_l_yug,1162,0.01721170395869191,0.1300594525804651,8
2,tv_l_ova,1163,0.0034393809114359416,0.05854529503198349,8
2,tv_l_sup,1161,0.004306632213608958,0.06548347220929618,8
2,tv_l_pul,1162,0.0,0.0,8
2,tv_l_ove,611,0.029459901800327332,0.16909173837370767,8
2,fr_antfa,864,0.1712962962962963,0.37676766736474054,8
2,fr_tvs_a,322,0.046583850931677016,0.2107458084139571,8
2,fr_viaje,11,0.0,0.0,8
2,fr_estro,15,0.06666666666666667,0.24944382578492943,8
2,fr_varic,34,0.11764705882352941,0.32218973970892123,8
2,fr_antec,1,0.0,0.0,8
2,ana_dime,237,1.5738396624472575,0.5586217439134301,8
2,ana_crea,64,0.890625,0.3121091305537215,8
2,ana_trop,1071,0.8328664799253035,0.37309503687684925,8
2,tension_,78,130.32051282051282,18.98143059490835,8
2,ana_hemo,5,13.959999999999999,1.0781465577554845,8
2,ana_plaq,5,208.6,53.861303363360975,8
2,ana_leuc,19,7.776315789473684,2.7199230068946627,8
2,ana_neu,1297,6.609871241326138,3.104630309910685,8
2,protcrea,1646,41.28720534629404,45.492604488529935,8
2,splanchnic,588,0.03231292517006803,0.17682986183623403,8
3,raza,539,2.8849721706864564,0.6430277906010514,8
3,ant_inf,35,0.05714285714285714,0.23211538298959888,8
3,ant_isq,34,0.029411764705882353,0.16895772489817729,8
3,ant_clau,36,0.0,0.0,8
3,fum_act,44,0.20454545454545456,0.4033690761204283,8
3,diabetes,34,0.08823529411764706,0.28363678708802803,8
3,hip_art,35,0.2857142857142857,0.45175395145262565,8
3,insf_car,7,0.14285714285714285,0.3499271061118826,8
3,fibr_aur,236,0.00847457627118644,0.09166655785077936,8
3,trat_est,40,0.2,0.4000000000000001,8
3,var171,27,0.037037037037037035,0.18885257457751053,8
3,tv_l_esu,449,0.008908685968819599,0.0939644681947839,8
3,tvp_orig,1607,0.23024268823895458,0.4209881147389486,8
3,tv_l_ein,343,0.8075801749271136,0.39420100962809074,8
3,tvp_prox,679,0.8880706921944035,0.3152794599395218,8
3,tv_l_svc,606,0.0049504950495049506,0.07018538058791003,8
3,tv_l_vre,621,0.00966183574879227,0.09781863155225402,8
3,tv_l_vrn,611,0.009819967266775777,0.0986079890762165,8
3,tv_l_vca,1149,0.050478677110530897,0.2189305375403387,8
3,tv_l_yug,1162,0.018072289156626505,0.13321291799696375,8
3,tv_l_ova,1163,0.004299226139294927,0.06542738565691075,8
3,tv_l_sup,1161,0.004306632213608958,0.06548347220929618,8
3,tv_l_pul,1162,0.0068846815834767644,0.08268786333538254,8
3,tv_l_ove,611,0.04746317512274959,0.21262742562994263,8
3,fr_antfa,864,0.1597222222222222,0.3663482413641661,8
3,fr_tvs_a,322,0.052795031055900624,0.22362405002974772,8
3,fr_viaje,11,0.0,0.0,8
3,fr_estro,15,0.0,0.0,8
3,fr_varic,34,0.20588235294117646,0.40434491426080943,8
3,fr_antec,1,0.0,0.0,8
3,ana_dime,237,1.5063291139240507,0.5854800991804466,8
3,ana_crea,64,0.875,0.33071891388307384,8
3,ana_trop,1071,0.8776844070961718,0.32764994832353195,8
3,tension_,78,131.26923076923077,17.55042046170527,8
3,ana_hemo,5,14.34,0.9769339793455852,8
3,ana_plaq,5,163.8,44.923935713603726,8
3,ana_leuc,19,8.202263157894736,3.5050214481227573,8
3,ana_neu,1297,6.608700848111026,3.109061534984227,8
3,protcrea,1646,57.63992831105712,55.070816801643744,8
3,splanchnic,588,0.025510204081632654,0.15766874633022904,8
4,raza,539,2.9220779220779223,0.6311741755959931,8
4,ant_inf,35,0.08571428571428572,0.27994168488950605,8
4,ant_isq,34,0.029411764705882353,0.16895772489817729,8
4,ant_clau,36,0.027777777777777776,0.16433554953054486,8
4,fum_act,44,0.22727272727272727,0.4190702026042221,8
4,diabetes,34,0.08823529411764706,0.28363678708802803,8
4,hip_art,35,0.37142857142857144,0.4831867007225075,8
4,insf_car,7,0.0,0.0,8
4,fibr_aur,236,0.00423728813559322,0.06495639710489785,8
4,trat_est,40,0.225,0.41758232721225164,8
4,var171,27,0.037037037037037035,0.18885257457751053,8
4,tv_l_esu,449,0.013363028953229399,0.11482359692338748,8
4,tvp_orig,1607,0.22339763534536403,0.41652266669109833,8
4,tv_l_ein,343,0.7900874635568513,0.4072459496264542,8
4,tvp_prox,679,0.9013254786450663,0.2982245130607282,8
4,tv_l_svc,606,0.006600660066006601,0.08097586895303828,8
4,tv_l_vre,621,0.00966183574879227,0.09781863155225404,8
4,tv_l_vrn,611,0.006546644844517185,0.08064605561214348,8
4,tv_l_vca,1149,0.06788511749347259,0.2515486599375358,8
4,tv_l_yug,1162,0.013769363166953529,0.1165322607904355,8
4,tv_l_ova,1163,0.01117798796216681,0.1051334416219904,8
4,tv_l_sup,1161,0.004306632213608958,0.06548347220929618,8
4,tv_l_pul,1162,0.0017211703958691911,0.04145127221615248,8
4,tv_l_ove,611,0.04746317512274959,0.21262742562994263,8
4,fr_antfa,864,0.1388888888888889,0.3458305443885759,8
4,fr_tvs_a,322,0.046583850931677016,0.2107458084139571,8
4,fr_viaje,11,0.0,0.0,8
4,fr_estro,15,0.0,0.0,8
4,fr_varic,34,0.20588235294117646,0.40434491426080943,8
4,fr_antec,1,0.0,0.0,8
4,ana_dime,237,1.5527426160337552,0.5610069206142849,8
4,ana_crea,64,0.9375,0.24206145913796356,8
4,ana_trop,1071,0.8468720821661998,0.3601107588141253,8
4,tension_,78,132.1153846153846,22.921259177627405,8
4,ana_hemo,5,13.98,1.3181805642627262,8
4,ana_plaq,5,214.6,101.91879120162287,8
4,ana_leuc,19,7.648947368421053,3.5036445607047857,8
4,ana_neu,1297,6.598459521973785,3.1070474229738196,8
4,protcrea,1646,40.09898541919806,46.97531669860432,8
4,splanchnic,588,0.022108843537414966,0.14703755498121246,8
5,raza,539,2.8738404452690167,0.7552182722466649,8
5,ant_inf,35,0.02857142857142857,0.1665986255670086,8
5,ant_isq,34,0.0,0.0,8
5,ant_clau,36,0.05555555555555555,0.2290614236454256,8
5,fum_act,44,0.1590909090909091,0.36576083953252464,8
5,diabetes,34,0.08823529411764706,0.2836367870880281,8
5,hip_art,35,0.34285714285714286,0.4746642207381757,8
5,insf_car,7,0.0,0.0,8
5,fibr_aur,236,0.00423728813559322,0.06495639710489785,8
5,trat_est,40,0.225,0.41758232721225164,8
5,var171,27,0.037037037037037035,0.18885257457751053,8
5,tv_l_esu,449,0.008908685968819599,0.0939644681947839,8
5,tvp_orig,1607,0.24517734909769756,0.43019230186873786,8
5,tv_l_ein,343,0.7871720116618076,0.4093070188967087,8
5,tvp_prox,679,0.8792341678939617,0.3258549461060465,8
5,tv_l_svc,606,0.0049504950495049506,0.07018538058791003,8
5,tv_l_vre,621,0.004830917874396135,0.06933671543191944,8
5,tv_l_vrn,611,0.008183306055646482,0.09009072958771121,8
5,tv_l_vca,1149,0.05134899912967798,0.22070858483089942,8
5,tv_l_yug,1162,0.016351118760757316,0.1268217634163353,8
5,tv_l_ova,1163,0.0008598452278589854,0.02931050825289649,8
5,tv_l_sup,1161,0.014642549526270457,0.12011721470980409,8
5,tv_l_pul,1162,0.006024096385542169,0.07738091914858512,8
5,tv_l_ove,611,0.06710310965630115,0.2502004842736232,8
5,fr_antfa,864,0.1527777777777778,0.35977316241635054,8
5,fr_tvs_a,322,0.07453416149068323,0.26263819269398725,8
5,fr_viaje,11,0.0,0.0,8
5,fr_estro,15,0.06666666666666667,0.24944382578492946,8
5,fr_varic,34,0.11764705882352941,0.32218973970892123,8
5,fr_antec,1,0.0,0.0,8
5,ana_dime,237,1.5611814345991561,0.5370762747388804,8
5,ana_crea,64,0.859375,0.3476343040826092,8
5,ana_trop,1071,0.8515406162464986,0.35555477092711335,8
5,tension_,78,129.71794871794873,20.404811797960566,8
5,ana_hemo,5,12.86,1.8618270596379247,8
5,ana_plaq,5,227.8,17.690675509996783,8
5,ana_leuc,19,8.09157894736842,4.207725055003494,8
5,ana_neu,1297,6.526031611410947,3.209052425454722,8
5,protcrea,1646,23.626394896719322,26.979814819614287,8
5,splanchnic,588,0.017006802721088437,0.12929644767855925,8
1,raza,539,2.8923933209647497,0.664161854974287,9
1,ant_inf,35,0.02857142857142857,0.1665986255670086,9
1,ant_isq,34,0.058823529411764705,0.23529411764705885,9
1,ant_clau,36,0.027777777777777776,0.16433554953054486,9
1,fum_act,44,0.18181818181818182,0.385694607919935,9
1,diabetes,34,0.058823529411764705,0.23529411764705885,9
1,hip_art,35,0.2,0.4,9
1,insf_car,7,0.0,0.0,9
1,fibr_aur,236,0.012711864406779662,0.11202800056273124,9
1,trat_est,40,0.075,0.26339134382131846,9
1,var171,27,0.07407407407407407,0.2618914004394621,9
1,tv_l_esu,449,0.015590200445434299,0.12388359897704569,9
1,tvp_orig,1607,0.25140012445550713,0.433818051582991,9
1,tv_l_ein,343,0.7142857142857143,0.45175395145262565,9
1,tvp_prox,679,0.8895434462444771,0.3134579772281703,9
1,tv_l_svc,606,0.0049504950495049506,0.07018538058791003,9
1,tv_l_vre,621,0.00322061191626409,0.05665897612160768,9
1,tv_l_vrn,611,0.0032733224222585926,0.05711924178924761,9
1,tv_l_vca,1149,0.06962576153176675,0.2545152546761948,9
1,tv_l_yug,1162,0.0,0.0,9
1,tv_l_ova,1163,0.0,0.0,9
1,tv_l_sup,1161,0.01119724375538329,0.10522293232782397,9
1,tv_l_pul,1162,0.0025817555938037868,0.050745345913272184,9
1,tv_l_ove,611,0.044189852700491,0.20551668939237006,9
1,fr_antfa,864,0.18055555555555555,0.3846495117812841,9
1,fr_tvs_a,322,0.049689440993788817,0.21730255508740248,9
1,fr_viaje,11,0.0,0.0,9
1,fr_estro,15,0.0,0.0,9
1,fr_varic,34,0.23529411764705882,0.42418250299576343,9
1,fr_antec,1,0.0,0.0,9
1,ana_dime,237,1.5738396624472575,0.5433052692934978,9
1,ana_crea,64,0.875,0.33071891388307384,9
1,ana_trop,1071,0.8748832866479925,0.3308512073304238,9
1,tension_,78,135.10256410256412,20.634542699069854,9
1,ana_hemo,5,14.12,1.5458331087151675,9
1,ana_plaq,5,259.8,70.8079091627482,9
1,ana_leuc,19,9.49736842105263,3.774502884110789,9
1,ana_neu,1297,6.988998457979953,3.16756049769396,9
1,protcrea,1646,42.06190522478737,50.35136291799262,9
1,splanchnic,588,0.017006802721088437,0.12929644767855925,9
2,raza,539,2.9128014842300556,0.6013307286282666,9
2,ant_inf,35,0.0,0.0,9
2,ant_isq,34,0.0,0.0,9
2,ant_clau,36,0.027777777777777776,0.16433554953054486,9
2,fum_act,44,0.2727272727272727,0.44536177141512323,9
2,diabetes,34,0.08823529411764706,0.28363678708802803,9
2,hip_art,35,0.2,0.4,9
2,insf_car,7,0.0,0.0,9
2,fibr_aur,236,0.012711864406779662,0.11202800056273124,9
2,trat_est,40,0.05,0.21794494717703367,9
2,var171,27,0.037037037037037035,0.18885257457751053,9
2,tv_l_esu,449,0.011135857461024499,0.1049373629344298,9
2,tvp_orig,1607,0.32047293092719353,0.46665836697752217,9
2,tv_l_ein,343,0.8046647230320699,0.39645858111509213,9
2,tvp_prox,679,0.9057437407952872,0.2921849017410838,9
2,tv_l_svc,606,0.01155115511551155,0.1068537595548652,9
2,tv_l_vre,621,0.00644122383252818,0.07999834040820754,9
2,tv_l_vrn,611,0.004909983633387889,0.06989903929316733,9
2,tv_l_vca,1149,0.09051348999129678,0.28691601231177777,9
2,tv_l_yug,1162,0.012908777969018933,0.11288109416711688,9
2,tv_l_ova,1163,0.006878761822871883,0.08265255264452565,9
2,tv_l_sup,1161,0.02153316106804479,0.1451533121994205,9
2,tv_l_pul,1162,0.0025817555938037868,0.050745345913272184,9
2,tv_l_ove,611,0.04091653027823241,0.19809686476121446,9
2,fr_antfa,864,0.15625,0.3630921887069453,9
2,fr_tvs_a,322,0.046583850931677016,0.2107458084139571,9
2,fr_viaje,11,0.0,0.0,9
2,fr_estro,15,0.0,0.0,9
2,fr_varic,34,0.20588235294117646,0.40434491426080943,9
2,fr_antec,1,0.0,0.0,9
2,ana_dime,237,1.489451476793249,0.5996610459320896,9
2,ana_crea,64,0.90625,0.2914805954090255,9
2,ana_trop,1071,0.869281045751634,0.3370927309340556,9
2,tension_,78,128.42307692307693,19.060981242243532,9
2,ana_hemo,5,14.8,0.9838699100999077,9
2,ana_plaq,5,236.8,55.36569334886,9
2,ana_leuc,19,9.732105263157894,3.8412711423329218,9
2,ana_neu,1297,6.237565921356977,3.1080376362014195,9
2,protcrea,1646,36.224697448359656,41.92092243177119,9
2,splanchnic,588,0.03231292517006803,0.176829861836234,9
3,raza,539,2.901669758812616,0.7678470216392074,9
3,ant_inf,35,0.0,0.0,9
3,ant_isq,34,0.058823529411764705,0.23529411764705885,9
3,ant_clau,36,0.027777777777777776,0.16433554953054486,9
3,fum_act,44,0.25,0.4330127018922193,9
3,diabetes,34,0.029411764705882353,0.16895772489817729,9
3,hip_art,35,0.14285714285714285,0.3499271061118826,9
3,insf_car,7,0.0,0.0,9
3,fibr_aur,236,0.0,0.0,9
3,trat_est,40,0.25,0.4330127018922193,9
3,var171,27,0.037037037037037035,0.18885257457751053,9
3,tv_l_esu,449,0.008908685968819599,0.09396446819478389,9
3,tvp_orig,1607,0.3777224642190417,0.48481770207299196,9
3,tv_l_ein,343,0.7988338192419825,0.4008719851489377,9
3,tvp_prox,679,0.8851251840942562,0.31887080859866307,9
3,tv_l_svc,606,0.006600660066006601,0.08097586895303828,9
3,tv_l_vre,621,0.00644122383252818,0.07999834040820754,9
3,tv_l_vrn,611,0.0032733224222585926,0.05711924178924761,9
3,tv_l_vca,1149,0.0731070496083551,0.2603121374540891,9
3,tv_l_yug,1162,0.0034423407917383822,0.0585703942415613,9
3,tv_l_ova,1163,0.0025795356835769563,0.0507235810963117,9
3,tv_l_sup,1161,0.008613264427217916,0.09240712149571992,9
3,tv_l_pul,1162,0.0017211703958691911,0.04145127221615248,9
3,tv_l_ove,611,0.058919803600654665,0.23547454287951158,9
3,fr_antfa,864,0.11921296296296297,0.3240389365871857,9
3,fr_tvs_a,322,0.062111801242236024,0.24135849972329748,9
3,fr_viaje,11,0.0,0.0,9
3,fr_estro,15,0.06666666666666667,0.24944382578492946,9
3,fr_varic,34,0.17647058823529413,0.3812200410828154,9
3,fr_antec,1,0.0,0.0,9
3,ana_dime,237,1.5485232067510548,0.5304722166788736,9
3,ana_crea,64,0.921875,0.26836818808308854,9
3,ana_trop,1071,0.8431372549019608,0.36367131354885107,9
3,tension_,78,130.19230769230768,18.315649531247296,9
3,ana_hemo,5,13.48,1.7971087891388209,9
3,ana_plaq,5,344.8,152.82722270590406,9
3,ana_leuc,19,9.663684210526316,4.083131165025602,9
3,ana_neu,1297,7.1093323053199695,3.269180885029334,9
3,protcrea,1646,42.50533414337789,41.417037980995346,9
3,splanchnic,588,0.02891156462585034,0.16755800803523424,9
4,raza,539,2.9257884972170687,0.5151355530463787,9
4,ant_inf,35,0.0,0.0,9
4,ant_isq,34,0.0,0.0,9
4,ant_clau,36,0.0,0.0,9
4,fum_act,44,0.22727272727272727,0.4190702026042221,9
4,diabetes,34,0.11764705882352941,0.32218973970892123,9
4,hip_art,35,0.37142857142857144,0.4831867007225075,9
4,insf_car,7,0.0,0.0,9
4,fibr_aur,236,0.01694915254237288,0.12908090009938827,9
4,trat_est,40,0.225,0.41758232721225164,9
4,var171,27,0.0,0.0,9
4,tv_l_esu,449,0.0066815144766146995,0.08146699847738033,9
4,tvp_orig,1607,0.3447417548226509,0.4752839964741608,9
4,tv_l_ein,343,0.760932944606414,0.4265137728362662,9
4,tvp_prox,679,0.8836524300441826,0.32064125268154997,9
4,tv_l_svc,606,0.006600660066006601,0.08097586895303828,9
4,tv_l_vre,621,0.00966183574879227,0.09781863155225402,9
4,tv_l_vrn,611,0.009819967266775777,0.0986079890762165,9
4,tv_l_vca,1149,0.038294168842471714,0.1919055118414684,9
4,tv_l_yug,1162,0.021514629948364887,0.14509221428646615,9
4,tv_l_ova,1163,0.0034393809114359416,0.058545295031983496,9
4,tv_l_sup,1161,0.0068906115417743325,0.08272321931812555,9
4,tv_l_pul,1162,0.0,0.0,9
4,tv_l_ove,611,0.07364975450081833,0.26120005391038403,9
4,fr_antfa,864,0.1550925925925926,0.36199292854350157,9
4,fr_tvs_a,322,0.062111801242236024,0.24135849972329748,9
4,fr_viaje,11,0.0,0.0,9
4,fr_estro,15,0.13333333333333333,0.339934634239519,9
4,fr_varic,34,0.14705882352941177,0.3541645464350675,9
4,fr_antec,1,0.0,0.0,9
4,ana_dime,237,1.4852320675105486,0.6270899646636049,9
4,ana_crea,64,0.90625,0.2914805954090255,9
4,ana_trop,1071,0.8608776844070962,0.34607412052474,9
4,tension_,78,135.12820512820514,21.015475966814755,9
4,ana_hemo,5,14.1,1.0583005244258363,9
4,ana_plaq,5,230.0,91.12189638061754,9
4,ana_leuc,19,10.110000000000001,4.296364436174037,9
4,ana_neu,1297,6.330610639938319,3.200610550174503,9
4,protcrea,1646,58.89571081409477,51.587422825509066,9
4,splanchnic,588,0.022108843537414966,0.14703755498121243,9
5,raza,539,2.9220779220779223,0.6399316880392167,9
5,ant_inf,35,0.02857142857142857,0.1665986255670086,9
5,ant_isq,34,0.029411764705882353,0.1689577248981773,9
5,ant_clau,36,0.027777777777777776,0.16433554953054486,9
5,fum_act,44,0.2727272727272727,0.44536177141512323,9
5,diabetes,34,0.14705882352941177,0.35416454643506756,9
5,hip_art,35,0.2571428571428571,0.43705881545081016,9
5,insf_car,7,0.0,0.0,9
5,fibr_aur,236,0.012711864406779662,0.11202800056273124,9
5,trat_est,40,0.2,0.4000000000000001,9
5,var171,27,0.037037037037037035,0.18885257457751053,9
5,tv_l_esu,449,0.0066815144766146995,0.08146699847738034,9
5,tvp_orig,1607,0.2924704418170504,0.4548972218868672,9
5,tv_l_ein,343,0.749271137026239,0.4334326940202434,9
5,tvp_prox,679,0.8910162002945509,0.3116188875970321,9
5,tv_l_svc,606,0.0049504950495049506,0.07018538058791002,9
5,tv_l_vre,621,0.011272141706924315,0.10557026346591797,9
5,tv_l_vrn,611,0.0016366612111292963,0.04042255003348108,9
5,tv_l_vca,1149,0.0731070496083551,0.2603121374540891,9
5,tv_l_yug,1162,0.016351118760757316,0.1268217634163353,9
5,tv_l_ova,1163,0.0,0.0,9
5,tv_l_sup,1161,0.012058570198105082,0.10914742820095422,9
5,tv_l_pul,1162,0.008605851979345954,0.09236769614456963,9
5,tv_l_ove,611,0.049099836333878884,0.21607647351311798,9
5,fr_antfa,864,0.14699074074074073,0.35409668577555065,9
5,fr_tvs_a,322,0.046583850931677016,0.2107458084139571,9
5,fr_viaje,11,0.0,0.0,9
5,fr_estro,15,0.0,0.0,9
5,fr_varic,34,0.14705882352941177,0.3541645464350675,9
5,fr_antec,1,0.0,0.0,9
5,ana_dime,237,1.5147679324894514,0.5780744708287985,9
5,ana_crea,64,0.953125,0.21137108216357317,9
5,ana_trop,1071,0.8496732026143791,0.35739145397365535,9
5,tension_,78,132.7051282051282,18.689163852253635,9
5,ana_hemo,5,12.88,2.3111901695879546,9
5,ana_plaq,5,227.8,63.527631783342905,9
5,ana_leuc,19,9.84421052631579,4.15205632730968,9
5,ana_neu,1297,6.2729475713184275,3.195766580306161,9
5,protcrea,1646,55.91675212636695,49.71161621822885,9
5,splanchnic,588,0.03231292517006803,0.17682986183623403,9
1,raza,539,2.8998144712430425,0.5525954638387355,10
1,ant_inf,35,0.02857142857142857,0.1665986255670086,10
1,ant_isq,34,0.0,0.0,10
1,ant_clau,36,0.027777777777777776,0.16433554953054486,10
1,fum_act,44,0.20454545454545456,0.4033690761204283,10
1,diabetes,34,0.058823529411764705,0.23529411764705885,10
1,hip_art,35,0.22857142857142856,0.4199125273342591,10
1,insf_car,7,0.0,0.0,10
1,fibr_aur,236,0.012711864406779662,0.11202800056273124,10
1,trat_est,40,0.125,0.33071891388307384,10
1,var171,27,0.07407407407407407,0.2618914004394621,10
1,tv_l_esu,449,0.013363028953229399,0.11482359692338748,10
1,tvp_orig,1607,0.28189172370877413,0.44992085950005734,10
1,tv_l_ein,343,0.7317784256559767,0.44303358947199123,10
1,tvp_prox,679,0.845360824742268,0.3615603694175295,10
1,tv_l_svc,606,0.01485148514851485,0.12095833388980808,10
1,tv_l_vre,621,0.008051529790660225,0.08936835378751437,10
1,tv_l_vrn,611,0.014729950900163666,0.12046982795141047,10
1,tv_l_vca,1149,0.058311575282854654,0.23433167833412244,10
1,tv_l_yug,1162,0.0017211703958691911,0.04145127221615248,10
1,tv_l_ova,1163,0.005159071367153913,0.07164115681493792,10
1,tv_l_sup,1161,0.004306632213608958,0.06548347220929618,10
1,tv_l_pul,1162,0.0,0.0,10
1,tv_l_ove,611,0.07528641571194762,0.2638529350247888,10
1,fr_antfa,864,0.16666666666666666,0.3726779962499649,10
1,fr_tvs_a,322,0.07453416149068323,0.26263819269398725,10
1,fr_viaje,11,0.0,0.0,10
1,fr_estro,15,0.06666666666666667,0.24944382578492946,10
1,fr_varic,34,0.11764705882352941,0.32218973970892123,10
1,fr_antec,1,0.0,0.0,10
1,ana_dime,237,1.5063291139240507,0.5782284392616337,10
1,ana_crea,64,0.890625,0.3121091305537215,10
1,ana_trop,1071,0.8366013071895425,0.3697290359145347,10
1,tension_,78,128.57692307692307,19.466288565942516,10
1,ana_hemo,5,13.459999999999999,1.393700111214748,10
1,ana_plaq,5,296.4,124.54814330209824,10
1,ana_leuc,19,8.538421052631579,3.718163473031863,10
1,ana_neu,1297,7.213979182729375,3.1894853714669704,10
1,protcrea,1646,42.45590400972054,40.83845867789836,10
1,splanchnic,588,0.017006802721088437,0.12929644767855925,10
2,raza,539,2.9072356215213357,0.6494778566098071,10
2,ant_inf,35,0.0,0.0,10
2,ant_isq,34,0.029411764705882353,0.1689577248981773,10
2,ant_clau,36,0.027777777777777776,0.16433554953054486,10
2,fum_act,44,0.22727272727272727,0.4190702026042222,10
2,diabetes,34,0.029411764705882353,0.1689577248981773,10
2,hip_art,35,0.34285714285714286,0.4746642207381757,10
2,insf_car,7,0.0,0.0,10
2,fibr_aur,236,0.025423728813559324,0.15740826797463314,10
2,trat_est,40,0.175,0.3799671038392666,10
2,var171,27,0.0,0.0,10
2,tv_l_esu,449,0.013363028953229399,0.11482359692338748,10
2,tvp_orig,1607,0.1804604853764779,0.38457053786550516,10
2,tv_l_ein,343,0.7784256559766763,0.4153060968658629,10
2,tvp_prox,679,0.8394698085419735,0.3670970567690183,10
2,tv_l_svc,606,0.01155115511551155,0.1068537595548652,10
2,tv_l_vre,621,0.00966183574879227,0.09781863155225402,10
2,tv_l_vrn,611,0.008183306055646482,0.09009072958771121,10
2,tv_l_vca,1149,0.04873803307223673,0.2153198486078009,10
2,tv_l_yug,1162,0.014629948364888123,0.12006628575802965,10
2,tv_l_ova,1163,0.009458297506448839,0.09679275858621005,10
2,tv_l_sup,1161,0.00516795865633075,0.0717025164109127,10
2,tv_l_pul,1162,0.0025817555938037868,0.050745345913272184,10
2,tv_l_ove,611,0.06710310965630115,0.2502004842736232,10
2,fr_antfa,864,0.17824074074074073,0.38271527155436685,10
2,fr_tvs_a,322,0.049689440993788817,0.21730255508740248,10
2,fr_viaje,11,0.0,0.0,10
2,fr_estro,15,0.06666666666666667,0.24944382578492946,10
2,fr_varic,34,0.17647058823529413,0.3812200410828154,10
2,fr_antec,1,0.0,0.0,10
2,ana_dime,237,1.5611814345991561,0.5601494270135388,10
2,ana_crea,64,0.90625,0.2914805954090255,10
2,ana_trop,1071,0.8291316526610645,0.37639388307542465,10
2,tension_,78,135.64102564102564,22.936352491508476,10
2,ana_hemo,5,14.66,2.3018253626198493,10
2,ana_plaq,5,277.8,70.91798079471806,10
2,ana_leuc,19,9.207368421052632,3.2576660067653265,10
2,ana_neu,1297,6.443316885119507,3.159800630618719,10
2,protcrea,1646,28.043207776427707,32.926273343206205,10
2,splanchnic,588,0.02040816326530612,0.14139190265868387,10
3,raza,539,2.8849721706864564,0.5530624381116649,10
3,ant_inf,35,0.05714285714285714,0.23211538298959888,10
3,ant_isq,34,0.08823529411764706,0.2836367870880281,10
3,ant_clau,36,0.0,0.0,10
3,fum_act,44,0.3181818181818182,0.46577048936179993,10
3,diabetes,34,0.11764705882352941,0.32218973970892123,10
3,hip_art,35,0.2571428571428571,0.43705881545081016,10
3,insf_car,7,0.0,0.0,10
3,fibr_aur,236,0.00847457627118644,0.0916665578507794,10
3,trat_est,40,0.15,0.3570714214271425,10
3,var171,27,0.07407407407407407,0.2618914004394621,10
3,tv_l_esu,449,0.013363028953229399,0.11482359692338746,10
3,tvp_orig,1607,0.22962041070317363,0.4205887274900261,10
3,tv_l_ein,343,0.7667638483965015,0.42289129713046636,10
3,tvp_prox,679,0.9131075110456554,0.28167744730038957,10
3,tv_l_svc,606,0.01155115511551155,0.1068537595548652,10
3,tv_l_vre,621,0.004830917874396135,0.06933671543191944,10
3,tv_l_vrn,611,0.0032733224222585926,0.05711924178924761,10
3,tv_l_vca,1149,0.028720626631853787,0.16702021505712247,10
3,tv_l_yug,1162,0.00946643717728055,0.0968340009730526,10
3,tv_l_ova,1163,0.004299226139294927,0.06542738565691075,10
3,tv_l_sup,1161,0.002583979328165375,0.050767138771029716,10
3,tv_l_pul,1162,0.004302925989672977,0.06545541091155395,10
3,tv_l_ove,611,0.058919803600654665,0.23547454287951158,10
3,fr_antfa,864,0.125,0.33071891388307384,10
3,fr_tvs_a,322,0.040372670807453416,0.1968317003415009,10
3,fr_viaje,11,0.0,0.0,10
3,fr_estro,15,0.0,0.0,10
3,fr_varic,34,0.20588235294117646,0.40434491426080943,10
3,fr_antec,1,0.0,0.0,10
3,ana_dime,237,1.6160337552742616,0.559004056090437,10
3,ana_crea,64,0.890625,0.3121091305537215,10
3,ana_trop,1071,0.8506069094304388,0.3564755181771058,10
3,tension_,78,131.83333333333334,18.00100899356269,10
3,ana_hemo,5,14.940000000000001,1.1429785649783635,10
3,ana_plaq,5,301.2,186.89505076379095,10
3,ana_leuc,19,9.102631578947367,3.44568814012568,10
3,ana_neu,1297,6.683708558211257,3.0881513886307093,10
3,protcrea,1646,64.45039611178615,59.06208722140462,10
3,splanchnic,588,0.02891156462585034,0.16755800803523424,10
4,raza,539,2.8942486085343226,0.778862891573977,10
4,ant_inf,35,0.02857142857142857,0.1665986255670086,10
4,ant_isq,34,0.0,0.0,10
4,ant_clau,36,0.027777777777777776,0.16433554953054488,10
4,fum_act,44,0.22727272727272727,0.4190702026042222,10
4,diabetes,34,0.08823529411764706,0.28363678708802803,10
4,hip_art,35,0.34285714285714286,0.4746642207381757,10
4,insf_car,7,0.0,0.0,10
4,fibr_aur,236,0.01694915254237288,0.12908090009938827,10
4,trat_est,40,0.15,0.3570714214271425,10
4,var171,27,0.037037037037037035,0.18885257457751053,10
4,tv_l_esu,449,0.022271714922048998,0.14756586880603514,10
4,tvp_orig,1607,0.26322339763534536,0.4403826070278551,10
4,tv_l_ein,343,0.7317784256559767,0.44303358947199123,10
4,tvp_prox,679,0.8173784977908689,0.3863559099328123,10
4,tv_l_svc,606,0.009900990099009901,0.09900990099009899,10
4,tv_l_vre,621,0.00644122383252818,0.07999834040820754,10
4,tv_l_vrn,611,0.009819967266775777,0.0986079890762165,10
4,tv_l_vca,1149,0.03742384682332463,0.18979805718781464,10
4,tv_l_yug,1162,0.01549053356282272,0.12349322626266505,10
4,tv_l_ova,1163,0.006878761822871883,0.08265255264452566,10
4,tv_l_sup,1161,0.007751937984496124,0.0877031666587966,10
4,tv_l_pul,1162,0.0034423407917383822,0.0585703942415613,10
4,tv_l_ove,611,0.06382978723404255,0.2444494743207672,10
4,fr_antfa,864,0.1423611111111111,0.34942012700232505,10
4,fr_tvs_a,322,0.034161490683229816,0.18164383622223304,10
4,fr_viaje,11,0.0,0.0,10
4,fr_estro,15,0.0,0.0,10
4,fr_varic,34,0.11764705882352941,0.32218973970892123,10
4,fr_antec,1,0.0,0.0,10
4,ana_dime,237,1.5485232067510548,0.5538205741613436,10
4,ana_crea,64,0.875,0.33071891388307384,10
4,ana_trop,1071,0.8338001867413632,0.3722599029326567,10
4,tension_,78,132.6153846153846,19.006902099399934,10
4,ana_hemo,5,13.86,3.2041223447303007,10
4,ana_plaq,5,263.8,85.72374233548136,10
4,ana_leuc,19,9.335263157894735,4.376007996265488,10
4,ana_neu,1297,6.60412567463377,3.141743047889661,10
4,protcrea,1646,33.388020656136085,40.93527144800743,10
4,splanchnic,588,0.022108843537414966,0.14703755498121243,10
5,raza,539,2.8274582560296846,0.7976700972610737,10
5,ant_inf,35,0.05714285714285714,0.23211538298959888,10
5,ant_isq,34,0.029411764705882353,0.1689577248981773,10
5,ant_clau,36,0.027777777777777776,0.16433554953054488,10
5,fum_act,44,0.20454545454545456,0.4033690761204283,10
5,diabetes,34,0.08823529411764706,0.28363678708802803,10
5,hip_art,35,0.2857142857142857,0.45175395145262565,10
5,insf_car,7,0.0,0.0,10
5,fibr_aur,236,0.0,0.0,10
5,trat_est,40,0.225,0.41758232721225164,10
5,var171,27,0.07407407407407407,0.2618914004394621,10
5,tv_l_esu,449,0.013363028953229399,0.11482359692338746,10
5,tvp_orig,1607,0.2893590541381456,0.45346487397197954,10
5,tv_l_ein,343,0.7900874635568513,0.4072459496264542,10
5,tvp_prox,679,0.865979381443299,0.3406744668424393,10
5,tv_l_svc,606,0.024752475247524754,0.15536984976708132,10
5,tv_l_vre,621,0.00644122383252818,0.07999834040820752,10
5,tv_l_vrn,611,0.0,0.0,10
5,tv_l_vca,1149,0.04612706701479547,0.20976024576503538,10
5,tv_l_yug,1162,0.0034423407917383822,0.0585703942415613,10
5,tv_l_ova,1163,0.005159071367153913,0.07164115681493792,10
5,tv_l_sup,1161,0.0034453057708871662,0.05859552575950025,10
5,tv_l_pul,1162,0.0017211703958691911,0.04145127221615248,10
5,tv_l_ove,611,0.04746317512274959,0.21262742562994266,10
5,fr_antfa,864,0.1099537037037037,0.3128320423894296,10
5,fr_tvs_a,322,0.043478260869565216,0.20393111999232305,10
5,fr_viaje,11,0.0,0.0,10
5,fr_estro,15,0.06666666666666667,0.24944382578492946,10
5,fr_varic,34,0.14705882352941177,0.3541645464350675,10
5,fr_antec,1,0.0,0.0,10
5,ana_dime,237,1.5443037974683544,0.5146987571975327,10
5,ana_crea,64,0.96875,0.17399263633843817,10
5,ana_trop,1071,0.8562091503267973,0.350877530234498,10
5,tension_,78,135.23076923076923,24.6955425630863,10
5,ana_hemo,5,14.639999999999997,1.358823020117042,10
5,ana_plaq,5,268.6,58.05721316081233,10
5,ana_leuc,19,9.49,4.4832647878409695,10
5,ana_neu,1297,6.538196607555899,3.2452282296951607,10
5,protcrea,1646,39.33241069258809,38.751273335080754,10
5,splanchnic,588,0.01870748299319728,0.13548990026292188,10
1,raza,539,2.8998144712430425,0.5424297385262975,11
1,ant_inf,35,0.0,0.0,11
1,ant_isq,34,0.0,0.0,11
1,ant_clau,36,0.0,0.0,11
1,fum_act,44,0.3409090909090909,0.4740148548775956,11
1,diabetes,34,0.08823529411764706,0.2836367870880281,11
1,hip_art,35,0.22857142857142856,0.4199125273342591,11
1,insf_car,7,0.14285714285714285,0.3499271061118826,11
1,fibr_aur,236,0.00423728813559322,0.06495639710489785,11
1,trat_est,40,0.1,0.30000000000000004,11
1,var171,27,0.07407407407407407,0.2618914004394621,11
1,tv_l_esu,449,0.008908685968819599,0.0939644681947839,11
1,tvp_orig,1607,0.15619166148102054,0.3630369490352446,11
1,tv_l_ein,343,0.7638483965014577,0.4247164038080111,11
1,tvp_prox,679,0.8674521354933726,0.33908542894285526,11
1,tv_l_svc,606,0.00825082508250825,0.09045854834102802,11
1,tv_l_vre,621,0.00644122383252818,0.07999834040820754,11
1,tv_l_vrn,611,0.0,0.0,11
1,tv_l_vca,1149,0.06266318537859007,0.24235616471795915,11
1,tv_l_yug,1162,0.012908777969018933,0.11288109416711688,11
1,tv_l_ova,1163,0.0,0.0,11
1,tv_l_sup,1161,0.0017226528854435831,0.04146908912045038,11
1,tv_l_pul,1162,0.0,0.0,11
1,tv_l_ove,611,0.06546644844517185,0.24734710949018082,11
1,fr_antfa,864,0.1574074074074074,0.36418445257957655,11
1,fr_tvs_a,322,0.043478260869565216,0.20393111999232305,11
1,fr_viaje,11,0.09090909090909091,0.2874797872880344,11
1,fr_estro,15,0.0,0.0,11
1,fr_varic,34,0.2647058823529412,0.44117647058823534,11
1,fr_antec,1,0.0,0.0,11
1,ana_dime,237,1.5443037974683544,0.5465071682258963,11
1,ana_crea,64,0.875,0.33071891388307384,11
1,ana_trop,1071,0.8608776844070962,0.34607412052474,11
1,tension_,78,127.85897435897436,19.303064961212208,11
1,ana_hemo,5,14.639999999999997,1.683567640458796,11
1,ana_plaq,5,226.8,35.58876227125636,11
1,ana_leuc,19,7.2,2.6530300452600666,11
1,ana_neu,1297,6.605846569005396,3.159407563369786,11
1,protcrea,1646,43.13169744835966,51.07743097386787,11
1,splanchnic,588,0.023809523809523808,0.15245533898649638,11
2,raza,539,2.8460111317254175,0.7001443317054798,11
2,ant_inf,35,0.05714285714285714,0.2321153829895989,11
2,ant_isq,34,0.0,0.0,11
2,ant_clau,36,0.027777777777777776,0.16433554953054486,11
2,fum_act,44,0.1590909090909091,0.36576083953252464,11
2,diabetes,34,0.08823529411764706,0.2836367870880281,11
2,hip_art,35,0.2857142857142857,0.45175395145262565,11
2,insf_car,7,0.0,0.0,11
2,fibr_aur,236,0.00847457627118644,0.09166655785077936,11
2,trat_est,40,0.3,0.45825756949558394,11
2,var171,27,0.037037037037037035,0.18885257457751053,11
2,tv_l_esu,449,0.017817371937639197,0.13228723746028948,11
2,tvp_orig,1607,0.28126944617299315,0.44961866600768574,11
2,tv_l_ein,343,0.7696793002915452,0.421038092094127,11
2,tvp_prox,679,0.8910162002945509,0.3116188875970321,11
2,tv_l_svc,606,0.006600660066006601,0.08097586895303828,11
2,tv_l_vre,621,0.00322061191626409,0.056658976121607675,11
2,tv_l_vrn,611,0.0032733224222585926,0.05711924178924761,11
2,tv_l_vca,1149,0.038294168842471714,0.1919055118414684,11
2,tv_l_yug,1162,0.010327022375215147,0.1010958702622266,11
2,tv_l_ova,1163,0.007738607050730868,0.08762831170144296,11
2,tv_l_sup,1161,0.0068906115417743325,0.08272321931812555,11
2,tv_l_pul,1162,0.0034423407917383822,0.0585703942415613,11
2,tv_l_ove,611,0.027823240589198037,0.16446612986360942,11
2,fr_antfa,864,0.10416666666666667,0.3054766312211496,11
2,fr_tvs_a,322,0.037267080745341616,0.1894155364220734,11
2,fr_viaje,11,0.09090909090909091,0.2874797872880344,11
2,fr_estro,15,0.0,0.0,11
2,fr_varic,34,0.08823529411764706,0.2836367870880281,11
2,fr_antec,1,0.0,0.0,11
2,ana_dime,237,1.4388185654008439,0.5601494270135388,11
2,ana_crea,64,0.90625,0.2914805954090255,11
2,ana_trop,1071,0.84593837535014,0.3610078121870849,11
2,tension_,78,127.02564102564102,16.684842160548584,11
2,ana_hemo,5,13.459999999999999,1.9499743588057767,11
2,ana_plaq,5,262.6,87.67348515942548,11
2,ana_leuc,19,7.424736842105264,2.6152193596654514,11
2,ana_neu,1297,6.827158057054742,3.0232051989726183,11
2,protcrea,1646,45.216171324422845,50.70663910863757,11
2,splanchnic,588,0.022108843537414966,0.14703755498121246,11
3,raza,539,2.888682745825603,0.6436805185221376,11
3,ant_inf,35,0.02857142857142857,0.1665986255670086,11
3,ant_isq,34,0.029411764705882353,0.1689577248981773,11
3,ant_clau,36,0.027777777777777776,0.16433554953054486,11
3,fum_act,44,0.22727272727272727,0.4190702026042221,11
3,diabetes,34,0.11764705882352941,0.32218973970892123,11
3,hip_art,35,0.37142857142857144,0.4831867007225075,11
3,insf_car,7,0.0,0.0,11
3,fibr_aur,236,0.025423728813559324,0.15740826797463311,11
3,trat_est,40,0.15,0.3570714214271425,11
3,var171,27,0.037037037037037035,0.18885257457751053,11
3,tv_l_esu,449,0.008908685968819599,0.0939644681947839,11
3,tvp_orig,1607,0.21281891723708773,0.4093006544132581,11
3,tv_l_ein,343,0.7842565597667639,0.4113370980468017,11
3,tvp_prox,679,0.8865979381443299,0.31708363915937526,11
3,tv_l_svc,606,0.01155115511551155,0.1068537595548652,11
3,tv_l_vre,621,0.014492753623188406,0.11951030798891768,11
3,tv_l_vrn,611,0.0,0.0,11
3,tv_l_vca,1149,0.028720626631853787,0.16702021505712247,11
3,tv_l_yug,1162,0.0025817555938037868,0.050745345913272184,11
3,tv_l_ova,1163,0.0,0.0,11
3,tv_l_sup,1161,0.0034453057708871662,0.05859552575950025,11
3,tv_l_pul,1162,0.0034423407917383822,0.0585703942415613,11
3,tv_l_ove,611,0.049099836333878884,0.21607647351311798,11
3,fr_antfa,864,0.16087962962962962,0.3674198884108791,11
3,fr_tvs_a,322,0.040372670807453416,0.19683170034150094,11
3,fr_viaje,11,0.0,0.0,11
3,fr_estro,15,0.06666666666666667,0.24944382578492943,11
3,fr_varic,34,0.14705882352941177,0.3541645464350675,11
3,fr_antec,1,0.0,0.0,11
3,ana_dime,237,1.6033755274261603,0.4891967910047685,11
3,ana_crea,64,0.921875,0.26836818808308854,11
3,ana_trop,1071,0.8851540616246498,0.31883592773405484,11
3,tension_,78,126.17948717948718,17.64953953764407,11
3,ana_hemo,5,13.86,0.856971411425142,11
3,ana_plaq,5,252.8,100.05078710335067,11
3,ana_leuc,19,7.913684210526316,2.87078608439958,11
3,ana_neu,1297,6.18045566692367,3.0749898159688502,11
3,protcrea,1646,26.405831105710813,39.9623292404411,11
3,splanchnic,588,0.025510204081632654,0.15766874633022904,11
4,raza,539,2.920222634508349,0.4902946243927811,11
4,ant_inf,35,0.02857142857142857,0.1665986255670086,11
4,ant_isq,34,0.0,0.0,11
4,ant_clau,36,0.027777777777777776,0.16433554953054486,11
4,fum_act,44,0.20454545454545456,0.4033690761204283,11
4,diabetes,34,0.08823529411764706,0.28363678708802803,11
4,hip_art,35,0.34285714285714286,0.4746642207381757,11
4,insf_car,7,0.0,0.0,11
4,fibr_aur,236,0.0,0.0,11
4,trat_est,40,0.2,0.4,11
4,var171,27,0.0,0.0,11
4,tv_l_esu,449,0.017817371937639197,0.13228723746028948,11
4,tvp_orig,1607,0.17423771001866833,0.37931376250555265,11
4,tv_l_ein,343,0.7434402332361516,0.4367343046314637,11
4,tvp_prox,679,0.8777614138438881,0.3275611610228947,11
4,tv_l_svc,606,0.0049504950495049506,0.07018538058791003,11
4,tv_l_vre,621,0.011272141706924315,0.10557026346591797,11
4,tv_l_vrn,611,0.0016366612111292963,0.04042255003348108,11
4,tv_l_vca,1149,0.038294168842471714,0.19190551184146842,11
4,tv_l_yug,1162,0.02495697074010327,0.15599397536950232,11
4,tv_l_ova,1163,0.0008598452278589854,0.02931050825289649,11
4,tv_l_sup,1161,0.004306632213608958,0.06548347220929618,11
4,tv_l_pul,1162,0.00774526678141136,0.08766571521350935,11
4,tv_l_ove,611,0.03273322422258593,0.17793751783864986,11
4,fr_antfa,864,0.13773148148148148,0.3446179340812051,11
4,fr_tvs_a,322,0.031055900621118012,0.17346882041948997,11
4,fr_viaje,11,0.0,0.0,11
4,fr_estro,15,0.06666666666666667,0.24944382578492946,11
4,fr_varic,34,0.11764705882352941,0.32218973970892123,11
4,fr_antec,1,0.0,0.0,11
4,ana_dime,237,1.5822784810126582,0.5498199537303602,11
4,ana_crea,64,0.875,0.33071891388307384,11
4,ana_trop,1071,0.8720821661998133,0.3339982957981291,11
4,tension_,78,128.06410256410257,18.347318495886004,11
4,ana_hemo,5,13.24,1.8863721796082558,11
4,ana_plaq,5,187.8,24.036638700117784,11
4,ana_leuc,19,7.9710526315789485,2.9196194682415686,11
4,ana_neu,1297,6.596781804163454,3.164159800372027,11
4,protcrea,1646,40.13726488456865,48.22220356236106,11
4,splanchnic,588,0.017006802721088437,0.12929644767855925,11
5,raza,539,2.9406307977736548,0.6273012336315704,11
5,ant_inf,35,0.02857142857142857,0.1665986255670086,11
5,ant_isq,34,0.0,0.0,11
5,ant_clau,36,0.027777777777777776,0.16433554953054486,11
5,fum_act,44,0.25,0.4330127018922193,11
5,diabetes,34,0.17647058823529413,0.3812200410828154,11
5,hip_art,35,0.3142857142857143,0.4642307659791977,11
5,insf_car,7,0.0,0.0,11
5,fibr_aur,236,0.0,0.0,11
5,trat_est,40,0.225,0.41758232721225164,11
5,var171,27,0.037037037037037035,0.18885257457751053,11
5,tv_l_esu,449,0.028953229398663696,0.16767510222466558,11
5,tvp_orig,1607,0.15432482887367766,0.36125984563301217,11
5,tv_l_ein,343,0.7842565597667639,0.4113370980468017,11
5,tvp_prox,679,0.8880706921944035,0.3152794599395218,11
5,tv_l_svc,606,0.0033003300330033004,0.05735362111215434,11
5,tv_l_vre,621,0.00644122383252818,0.07999834040820752,11
5,tv_l_vrn,611,0.004909983633387889,0.06989903929316733,11
5,tv_l_vca,1149,0.040905134899912966,0.19807045422963235,11
5,tv_l_yug,1162,0.014629948364888123,0.12006628575802963,11
5,tv_l_ova,1163,0.004299226139294927,0.06542738565691075,11
5,tv_l_sup,1161,0.014642549526270457,0.12011721470980409,11
5,tv_l_pul,1162,0.0025817555938037868,0.050745345913272184,11
5,tv_l_ove,611,0.058919803600654665,0.23547454287951158,11
5,fr_antfa,864,0.11342592592592593,0.3171127327209872,11
5,fr_tvs_a,322,0.059006211180124224,0.2356363261941817,11
5,fr_viaje,11,0.09090909090909091,0.28747978728803447,11
5,fr_estro,15,0.0,0.0,11
5,fr_varic,34,0.14705882352941177,0.3541645464350675,11
5,fr_antec,1,0.0,0.0,11
5,ana_dime,237,1.5021097046413503,0.5782592280286885,11
5,ana_crea,64,0.890625,0.3121091305537215,11
5,ana_trop,1071,0.8599439775910365,0.3470451454723772,11
5,tension_,78,134.1153846153846,20.876916935924875,11
5,ana_hemo,5,13.14,2.4278385448789632,11
5,ana_plaq,5,257.0,60.39536406049722,11
5,ana_leuc,19,7.857368421052631,2.932893024957589,11
5,ana_neu,1297,6.378966846569006,3.152935215733751,11
5,protcrea,1646,41.52765127582017,50.47177206845578,11
5,splanchnic,588,0.011904761904761904,0.10845754260886069,11
1,raza,539,2.8849721706864564,0.6657096518741802,12
1,ant_inf,35,0.02857142857142857,0.1665986255670086,12
1,ant_isq,34,0.058823529411764705,0.23529411764705882,12
1,ant_clau,36,0.027777777777777776,0.16433554953054486,12
1,fum_act,44,0.25,0.4330127018922193,12
1,diabetes,34,0.08823529411764706,0.28363678708802803,12
1,hip_art,35,0.34285714285714286,0.4746642207381757,12
1,insf_car,7,0.0,0.0,12
1,fibr_aur,236,0.01694915254237288,0.1290809000993883,12
1,trat_est,40,0.175,0.3799671038392666,12
1,var171,27,0.0,0.0,12
1,tv_l_esu,449,0.017817371937639197,0.13228723746028948,12
1,tvp_orig,1607,0.37212196639701306,0.48337067403994766,12
1,tv_l_ein,343,0.7842565597667639,0.41133709804680174,12
1,tvp_prox,679,0.8954344624447718,0.3059927873512943,12
1,tv_l_svc,606,0.0049504950495049506,0.07018538058791003,12
1,tv_l_vre,621,0.014492753623188406,0.1195103079889177,12
1,tv_l_vrn,611,0.004909983633387889,0.06989903929316733,12
1,tv_l_vca,1149,0.0557006092254134,0.22934265054134872,12
1,tv_l_yug,1162,0.012908777969018933,0.11288109416711688,12
1,tv_l_ova,1163,0.004299226139294927,0.06542738565691075,12
1,tv_l_sup,1161,0.012058570198105082,0.10914742820095422,12
1,tv_l_pul,1162,0.0025817555938037868,0.050745345913272184,12
1,tv_l_ove,611,0.03436988543371522,0.18217737622709496,12
1,fr_antfa,864,0.16666666666666666,0.37267799624996495,12
1,fr_tvs_a,322,0.049689440993788817,0.21730255508740248,12
1,fr_viaje,11,0.0,0.0,12
1,fr_estro,15,0.0,0.0,12
1,fr_varic,34,0.29411764705882354,0.4556450995538137,12
1,fr_antec,1,0.0,0.0,12
1,ana_dime,237,1.5611814345991561,0.5448758972947823,12
1,ana_crea,64,0.921875,0.26836818808308854,12
1,ana_trop,1071,0.8702147525676938,0.33606701263474414,12
1,tension_,78,128.75641025641025,19.310675868502283,12
1,ana_hemo,5,13.059999999999999,2.0075856146127364,12
1,ana_plaq,5,325.64,179.96010224491425,12
1,ana_leuc,19,10.496315789473684,3.6497746297059805,12
1,ana_neu,1297,6.244543562066307,3.311552737403565,12
1,protcrea,1646,36.078691373025514,47.691188168509605,12
1,splanchnic,588,0.02891156462585034,0.1675580080352342,12
2,raza,539,2.9499072356215215,0.6640063584672492,12
2,ant_inf,35,0.0,0.0,12
2,ant_isq,34,0.0,0.0,12
2,ant_clau,36,0.0,0.0,12
2,fum_act,44,0.29545454545454547,0.45624681590647115,12
2,diabetes,34,0.11764705882352941,0.32218973970892123,12
2,hip_art,35,0.3142857142857143,0.4642307659791978,12
2,insf_car,7,0.0,0.0,12
2,fibr_aur,236,0.025423728813559324,0.15740826797463311,12
2,trat_est,40,0.1,0.30000000000000004,12
2,var171,27,0.037037037037037035,0.18885257457751053,12
2,tv_l_esu,449,0.008908685968819599,0.09396446819478392,12
2,tvp_orig,1607,0.31860609831985065,0.46593588875858477,12
2,tv_l_ein,343,0.8017492711370262,0.3986820504716426,12
2,tvp_prox,679,0.8630338733431517,0.3438115862001577,12
2,tv_l_svc,606,0.006600660066006601,0.08097586895303827,12
2,tv_l_vre,621,0.01288244766505636,0.11276741642519547,12
2,tv_l_vrn,611,0.006546644844517185,0.08064605561214348,12
2,tv_l_vca,1149,0.07484769364664925,0.2631454282377458,12
2,tv_l_yug,1162,0.00946643717728055,0.0968340009730526,12
2,tv_l_ova,1163,0.0008598452278589854,0.02931050825289649,12
2,tv_l_sup,1161,0.006029285099052541,0.0774140350340097,12
2,tv_l_pul,1162,0.0,0.0,12
2,tv_l_ove,611,0.054009819967266774,0.22603707508807092,12
2,fr_antfa,864,0.14930555555555555,0.3563894030913412,12
2,fr_tvs_a,322,0.046583850931677016,0.2107458084139571,12
2,fr_viaje,11,0.0,0.0,12
2,fr_estro,15,0.0,0.0,12
2,fr_varic,34,0.17647058823529413,0.3812200410828153,12
2,fr_antec,1,1.0,0.0,12
2,ana_dime,237,1.4767932489451476,0.6132240415920521,12
2,ana_crea,64,0.9375,0.24206145913796356,12
2,ana_trop,1071,0.865546218487395,0.3411392122720074,12
2,tension_,78,130.60256410256412,21.0252227913375,12
2,ana_hemo,5,13.780000000000001,1.124988888834019,12
2,ana_plaq,5,278.6,118.90937725848201,12
2,ana_leuc,19,9.772105263157895,3.9910961150348143,12
2,ana_neu,1297,6.527641480339243,3.1098150693948474,12
2,protcrea,1646,48.33332685297691,53.09063917205689,12
2,splanchnic,588,0.030612244897959183,0.1722647246544299,12
3,raza,539,2.8979591836734695,0.6523651206595407,12
3,ant_inf,35,0.0,0.0,12
3,ant_isq,34,0.029411764705882353,0.16895772489817729,12
3,ant_clau,36,0.027777777777777776,0.16433554953054486,12
3,fum_act,44,0.20454545454545456,0.4033690761204283,12
3,diabetes,34,0.058823529411764705,0.23529411764705885,12
3,hip_art,35,0.3142857142857143,0.46423076597919777,12
3,insf_car,7,0.0,0.0,12
3,fibr_aur,236,0.01694915254237288,0.12908090009938827,12
3,trat_est,40,0.15,0.3570714214271425,12
3,var171,27,0.037037037037037035,0.18885257457751053,12
3,tv_l_esu,449,0.017817371937639197,0.13228723746028948,12
3,tvp_orig,1607,0.31922837585563163,0.4661776698901475,12
3,tv_l_ein,343,0.7813411078717201,0.4133366436955634,12
3,tvp_prox,679,0.8954344624447718,0.3059927873512943,12
3,tv_l_svc,606,0.00825082508250825,0.09045854834102802,12
3,tv_l_vre,621,0.004830917874396135,0.06933671543191944,12
3,tv_l_vrn,611,0.004909983633387889,0.06989903929316733,12
3,tv_l_vca,1149,0.04525674499564839,0.20786671698000925,12
3,tv_l_yug,1162,0.00946643717728055,0.0968340009730526,12
3,tv_l_ova,1163,0.01117798796216681,0.1051334416219904,12
3,tv_l_sup,1161,0.002583979328165375,0.050767138771029716,12
3,tv_l_pul,1162,0.00946643717728055,0.09683400097305261,12
3,tv_l_ove,611,0.044189852700491,0.20551668939237006,12
3,fr_antfa,864,0.13425925925925927,0.34093065359749375,12
3,fr_tvs_a,322,0.040372670807453416,0.19683170034150094,12
3,fr_viaje,11,0.0,0.0,12
3,fr_estro,15,0.06666666666666667,0.24944382578492946,12
3,fr_varic,34,0.11764705882352941,0.32218973970892123,12
3,fr_antec,1,0.0,0.0,12
3,ana_dime,237,1.459915611814346,0.5984128033172357,12
3,ana_crea,64,0.859375,0.3476343040826092,12
3,ana_trop,1071,0.8674136321195145,0.3391271486223804,12
3,tension_,78,129.5897435897436,15.603612252259705,12
3,ana_hemo,5,12.58,2.3007824755939006,12
3,ana_plaq,5,238.8,101.582281919634,12
3,ana_leuc,19,9.91263157894737,4.343626719089964,12
3,ana_neu,1297,6.5799614494988425,3.2235519778575745,12
3,protcrea,1646,32.03788335358445,39.85417212833553,12
3,splanchnic,588,0.013605442176870748,0.11584616575460135,12
4,raza,539,2.862708719851577,0.7383485122525035,12
4,ant_inf,35,0.0,0.0,12
4,ant_isq,34,0.058823529411764705,0.23529411764705885,12
4,ant_clau,36,0.0,0.0,12
4,fum_act,44,0.29545454545454547,0.45624681590647115,12
4,diabetes,34,0.058823529411764705,0.23529411764705885,12
4,hip_art,35,0.3142857142857143,0.46423076597919777,12
4,insf_car,7,0.0,0.0,12
4,fibr_aur,236,0.00847457627118644,0.09166655785077936,12
4,trat_est,40,0.125,0.33071891388307384,12
4,var171,27,0.037037037037037035,0.18885257457751053,12
4,tv_l_esu,449,0.0200445434298441,0.14015263004500914,12
4,tvp_orig,1607,0.26197884256378345,0.4397111877274944,12
4,tv_l_ein,343,0.7988338192419825,0.4008719851489377,12
4,tvp_prox,679,0.8954344624447718,0.3059927873512943,12
4,tv_l_svc,606,0.0016501650165016502,0.04058869266088728,12
4,tv_l_vre,621,0.008051529790660225,0.08936835378751437,12
4,tv_l_vrn,611,0.008183306055646482,0.09009072958771121,12
4,tv_l_vca,1149,0.04699738903394256,0.21163325461263127,12
4,tv_l_yug,1162,0.0051635111876075735,0.07167181691448198,12
4,tv_l_ova,1163,0.0,0.0,12
4,tv_l_sup,1161,0.007751937984496124,0.0877031666587966,12
4,tv_l_pul,1162,0.004302925989672977,0.06545541091155395,12
4,tv_l_ove,611,0.05564648117839607,0.22923775934792784,12
4,fr_antfa,864,0.12731481481481483,0.3333252956849873,12
4,fr_tvs_a,322,0.034161490683229816,0.18164383622223304,12
4,fr_viaje,11,0.09090909090909091,0.2874797872880344,12
4,fr_estro,15,0.0,0.0,12
4,fr_varic,34,0.17647058823529413,0.3812200410828153,12
4,fr_antec,1,0.0,0.0,12
4,ana_dime,237,1.5569620253164558,0.5754507045141712,12
4,ana_crea,64,0.859375,0.3476343040826092,12
4,ana_trop,1071,0.8608776844070962,0.34607412052474,12
4,tension_,78,127.82051282051282,18.447947276360427,12
4,ana_hemo,5,14.979999999999999,0.5564171097297423,12
4,ana_plaq,5,266.8,117.83615743904755,12
4,ana_leuc,19,9.581052631578949,4.505823009976082,12
4,ana_neu,1297,6.620695451040863,3.23417310341295,12
4,protcrea,1646,45.39649331713244,52.94011484310465,12
4,splanchnic,588,0.022108843537414966,0.14703755498121243,12
5,raza,539,2.920222634508349,0.6411515227379566,12
5,ant_inf,35,0.0,0.0,12
5,ant_isq,34,0.029411764705882353,0.16895772489817729,12
5,ant_clau,36,0.05555555555555555,0.2290614236454256,12
5,fum_act,44,0.18181818181818182,0.38569460791993493,12
5,diabetes,34,0.20588235294117646,0.40434491426080943,12
5,hip_art,35,0.22857142857142856,0.4199125273342591,12
5,insf_car,7,0.0,0.0,12
5,fibr_aur,236,0.025423728813559324,0.1574082679746331,12
5,trat_est,40,0.225,0.41758232721225164,12
5,var171,27,0.0,0.0,12
5,tv_l_esu,449,0.015590200445434299,0.12388359897704569,12
5,tvp_orig,1607,0.28002489110143125,0.44901108167289455,12
5,tv_l_ein,343,0.8046647230320699,0.3964585811150922,12
5,tvp_prox,679,0.8865979381443299,0.3170836391593752,12
5,tv_l_svc,606,0.00825082508250825,0.09045854834102802,12
5,tv_l_vre,621,0.01610305958132045,0.1258719629363144,12
5,tv_l_vrn,611,0.004909983633387889,0.06989903929316733,12
5,tv_l_vca,1149,0.04612706701479547,0.20976024576503538,12
5,tv_l_yug,1162,0.016351118760757316,0.1268217634163353,12
5,tv_l_ova,1163,0.0060189165950128975,0.07734784572329845,12
5,tv_l_sup,1161,0.00516795865633075,0.0717025164109127,12
5,tv_l_pul,1162,0.0008605851979345956,0.029323106776937734,12
5,tv_l_ove,611,0.054009819967266774,0.22603707508807092,12
5,fr_antfa,864,0.12384259259259259,0.32940188957038136,12
5,fr_tvs_a,322,0.049689440993788817,0.21730255508740248,12
5,fr_viaje,11,0.0,0.0,12
5,fr_estro,15,0.0,0.0,12
5,fr_varic,34,0.23529411764705882,0.42418250299576343,12
5,fr_antec,1,0.0,0.0,12
5,ana_dime,237,1.5063291139240507,0.5559061721862263,12
5,ana_crea,64,0.84375,0.3630921887069453,12
5,ana_trop,1071,0.8524743230625583,0.3546291747467927,12
5,tension_,78,129.14102564102564,25.169030807096508,12
5,ana_hemo,5,14.819999999999999,0.49558046773455466,12
5,ana_plaq,5,205.2,30.642454209805063,12
5,ana_leuc,19,9.464736842105264,4.683482024959245,12
5,ana_neu,1297,6.736861989205859,3.184892383979361,12
5,protcrea,1646,53.52128311057108,50.521434938588115,12
5,splanchnic,588,0.027210884353741496,0.1626974250762095,12
1,raza,539,2.8849721706864564,0.7036457862777935,13
1,ant_inf,35,0.02857142857142857,0.1665986255670086,13
1,ant_isq,34,0.0,0.0,13
1,ant_clau,36,0.0,0.0,13
1,fum_act,44,0.36363636363636365,0.4810456929208346,13
1,diabetes,34,0.029411764705882353,0.1689577248981773,13
1,hip_art,35,0.34285714285714286,0.4746642207381757,13
1,insf_car,7,0.0,0.0,13
1,fibr_aur,236,0.00847457627118644,0.09166655785077936,13
1,trat_est,40,0.175,0.3799671038392666,13
1,var171,27,0.037037037037037035,0.18885257457751053,13
1,tv_l_esu,449,0.0066815144766146995,0.08146699847738036,13
1,tvp_orig,1607,0.21406347230864967,0.4101710644740968,13
1,tv_l_ein,343,0.7521865889212828,0.4317428915086477,13
1,tvp_prox,679,0.8703976435935199,0.33586542784330725,13
1,tv_l_svc,606,0.0016501650165016502,0.04058869266088727,13
1,tv_l_vre,621,0.008051529790660225,0.08936835378751437,13
1,tv_l_vrn,611,0.0016366612111292963,0.040422550033481074,13
1,tv_l_vca,1149,0.04264577893820714,0.20205721090067708,13
1,tv_l_yug,1162,0.012908777969018933,0.11288109416711688,13
1,tv_l_ova,1163,0.0,0.0,13
1,tv_l_sup,1161,0.009474590869939707,0.09687529611715756,13
1,tv_l_pul,1162,0.010327022375215147,0.1010958702622266,13
1,tv_l_ove,611,0.049099836333878884,0.21607647351311798,13
1,fr_antfa,864,0.1597222222222222,0.3663482413641661,13
1,fr_tvs_a,322,0.06832298136645963,0.2522993293365205,13
1,fr_viaje,11,0.0,0.0,13
1,fr_estro,15,0.13333333333333333,0.33993463423951903,13
1,fr_varic,34,0.17647058823529413,0.3812200410828153,13
1,fr_antec,1,0.0,0.0,13
1,ana_dime,237,1.5232067510548524,0.5630026600547149,13
1,ana_crea,64,0.9375,0.24206145913796356,13
1,ana_trop,1071,0.8450046685340803,0.361900233061115,13
1,tension_,78,130.2051282051282,20.872235867577018,13
1,ana_hemo,5,11.32,2.878471816780564,13
1,ana_plaq,5,327.4,149.87808378812426,13
1,ana_leuc,19,7.4868421052631575,2.5798205825652194,13
1,ana_neu,1297,5.9240346954510406,3.0547591987088194,13
1,protcrea,1646,31.83764520048603,40.90592505028087,13
1,splanchnic,588,0.02891156462585034,0.16755800803523424,13
2,raza,539,2.9461966604823746,0.589707174202673,13
2,ant_inf,35,0.02857142857142857,0.1665986255670086,13
2,ant_isq,34,0.058823529411764705,0.23529411764705885,13
2,ant_clau,36,0.027777777777777776,0.16433554953054486,13
2,fum_act,44,0.2727272727272727,0.44536177141512323,13
2,diabetes,34,0.17647058823529413,0.3812200410828154,13
2,hip_art,35,0.2571428571428571,0.4370588154508102,13
2,insf_car,7,0.0,0.0,13
2,fibr_aur,236,0.0211864406779661,0.14400547006751213,13
2,trat_est,40,0.25,0.4330127018922193,13
2,var171,27,0.07407407407407407,0.2618914004394621,13
2,tv_l_esu,449,0.011135857461024499,0.10493736293442983,13
2,tvp_orig,1607,0.20472930927193528,0.4035036792855445,13
2,tv_l_ein,343,0.8017492711370262,0.3986820504716426,13
2,tvp_prox,679,0.8291605301914581,0.37636862962271206,13
2,tv_l_svc,606,0.0033003300330033004,0.05735362111215434,13
2,tv_l_vre,621,0.004830917874396135,0.06933671543191944,13
2,tv_l_vrn,611,0.006546644844517185,0.08064605561214348,13
2,tv_l_vca,1149,0.06005221932114883,0.23758356482668047,13
2,tv_l_yug,1162,0.0051635111876075735,0.07167181691448198,13
2,tv_l_ova,1163,0.0025795356835769563,0.0507235810963117,13
2,tv_l_sup,1161,0.0103359173126615,0.1011389446551986,13
2,tv_l_pul,1162,0.0,0.0,13
2,tv_l_ove,611,0.05073649754500818,0.2194591200243762,13
2,fr_antfa,864,0.13773148148148148,0.3446179340812051,13
2,fr_tvs_a,322,0.055900621118012424,0.22972971439635942,13
2,fr_viaje,11,0.09090909090909091,0.2874797872880344,13
2,fr_estro,15,0.0,0.0,13
2,fr_varic,34,0.11764705882352941,0.32218973970892123,13
2,fr_antec,1,0.0,0.0,13
2,ana_dime,237,1.5358649789029535,0.5471257759242346,13
2,ana_crea,64,0.890625,0.3121091305537215,13
2,ana_trop,1071,0.8888888888888888,0.3142696805273545,13
2,tension_,78,127.26923076923077,14.382747033470235,13
2,ana_hemo,5,12.540000000000001,2.454872705457454,13
2,ana_plaq,5,289.4,96.05123632728524,13
2,ana_leuc,19,6.996842105263158,2.514999325377285,13
2,ana_neu,1297,7.656377794911334,3.3177359635115433,13
2,protcrea,1646,44.957982989064405,44.973871533580805,13
2,splanchnic,588,0.01020408163265306,0.10049854899791943,13
3,raza,539,2.8719851576994433,0.6001962818729721,13
3,ant_inf,35,0.0,0.0,13
3,ant_isq,34,0.0,0.0,13
3,ant_clau,36,0.05555555555555555,0.2290614236454256,13
3,fum_act,44,0.18181818181818182,0.385694607919935,13
3,diabetes,34,0.08823529411764706,0.2836367870880281,13
3,hip_art,35,0.4,0.48989794855663565,13
3,insf_car,7,0.0,0.0,13
3,fibr_aur,236,0.00423728813559322,0.06495639710489785,13
3,trat_est,40,0.125,0.33071891388307384,13
3,var171,27,0.07407407407407407,0.2618914004394621,13
3,tv_l_esu,449,0.022271714922048998,0.14756586880603514,13
3,tvp_orig,1607,0.16490354698195395,0.3710934749826847,13
3,tv_l_ein,343,0.7784256559766763,0.4153060968658629,13
3,tvp_prox,679,0.8247422680412371,0.3801874003007376,13
3,tv_l_svc,606,0.0049504950495049506,0.07018538058791003,13
3,tv_l_vre,621,0.011272141706924315,0.10557026346591797,13
3,tv_l_vrn,611,0.008183306055646482,0.09009072958771121,13
3,tv_l_vca,1149,0.07484769364664925,0.2631454282377457,13
3,tv_l_yug,1162,0.012908777969018933,0.11288109416711688,13
3,tv_l_ova,1163,0.0025795356835769563,0.0507235810963117,13
3,tv_l_sup,1161,0.0008613264427217916,0.02933572156059673,13
3,tv_l_pul,1162,0.0051635111876075735,0.07167181691448198,13
3,tv_l_ove,611,0.04582651391162029,0.2091086907192725,13
3,fr_antfa,864,0.1388888888888889,0.34583054438857597,13
3,fr_tvs_a,322,0.07142857142857142,0.25753937681885636,13
3,fr_viaje,11,0.0,0.0,13
3,fr_estro,15,0.0,0.0,13
3,fr_varic,34,0.23529411764705882,0.42418250299576343,13
3,fr_antec,1,1.0,0.0,13
3,ana_dime,237,1.5822784810126582,0.5420914710218697,13
3,ana_crea,64,0.875,0.33071891388307384,13
3,ana_trop,1071,0.8562091503267973,0.350877530234498,13
3,tension_,78,128.6153846153846,20.22135883310514,13
3,ana_hemo,5,13.26,1.9158288023724874,13
3,ana_plaq,5,211.4,53.75351151320256,13
3,ana_leuc,19,7.01736842105263,2.76720805925635,13
3,ana_neu,1297,6.768120277563608,3.1918024070147837,13
3,protcrea,1646,32.386123936816524,40.52096481567768,13
3,splanchnic,588,0.023809523809523808,0.15245533898649638,13
4,raza,539,3.0111317254174397,0.6329440731352654,13
4,ant_inf,35,0.0,0.0,13
4,ant_isq,34,0.029411764705882353,0.1689577248981773,13
4,ant_clau,36,0.05555555555555555,0.2290614236454256,13
4,fum_act,44,0.20454545454545456,0.4033690761204283,13
4,diabetes,34,0.14705882352941177,0.3541645464350675,13
4,hip_art,35,0.2857142857142857,0.4517539514526256,13
4,insf_car,7,0.0,0.0,13
4,fibr_aur,236,0.0,0.0,13
4,trat_est,40,0.2,0.4000000000000001,13
4,var171,27,0.0,0.0,13
4,tv_l_esu,449,0.008908685968819599,0.0939644681947839,13
4,tvp_orig,1607,0.19912881144990666,0.39934512379701614,13
4,tv_l_ein,343,0.7988338192419825,0.4008719851489377,13
4,tvp_prox,679,0.8762886597938144,0.3292519468592023,13
4,tv_l_svc,606,0.006600660066006601,0.08097586895303828,13
4,tv_l_vre,621,0.01288244766505636,0.11276741642519546,13
4,tv_l_vrn,611,0.006546644844517185,0.08064605561214348,13
4,tv_l_vca,1149,0.04873803307223673,0.2153198486078009,13
4,tv_l_yug,1162,0.019793459552495698,0.13928990814642464,13
4,tv_l_ova,1163,0.01117798796216681,0.1051334416219904,13
4,tv_l_sup,1161,0.0068906115417743325,0.08272321931812555,13
4,tv_l_pul,1162,0.0034423407917383822,0.0585703942415613,13
4,tv_l_ove,611,0.054009819967266774,0.2260370750880709,13
4,fr_antfa,864,0.1412037037037037,0.3482315576797433,13
4,fr_tvs_a,322,0.040372670807453416,0.19683170034150094,13
4,fr_viaje,11,0.0,0.0,13
4,fr_estro,15,0.13333333333333333,0.339934634239519,13
4,fr_varic,34,0.17647058823529413,0.3812200410828153,13
4,fr_antec,1,0.0,0.0,13
4,ana_dime,237,1.5949367088607596,0.5477761872046769,13
4,ana_crea,64,0.90625,0.2914805954090255,13
4,ana_trop,1071,0.8524743230625583,0.3546291747467927,13
4,tension_,78,131.39743589743588,17.185518459081454,13
4,ana_hemo,5,11.940000000000001,1.6156732342896565,13
4,ana_plaq,5,197.4,40.02299339129946,13
4,ana_leuc,19,7.1626315789473685,2.7369380549982325,13
4,ana_neu,1297,6.254866615265998,3.1061517323478167,13
4,protcrea,1646,38.30765492102066,44.656401302015546,13
4,splanchnic,588,0.034013605442176874,0.18126411693162214,13
5,raza,539,2.8905380333951762,0.6708089763045454,13
5,ant_inf,35,0.14285714285714285,0.3499271061118826,13
5,ant_isq,34,0.029411764705882353,0.16895772489817729,13
5,ant_clau,36,0.027777777777777776,0.16433554953054486,13
5,fum_act,44,0.2727272727272727,0.44536177141512334,13
5,diabetes,34,0.058823529411764705,0.23529411764705885,13
5,hip_art,35,0.2571428571428571,0.4370588154508102,13
5,insf_car,7,0.0,0.0,13
5,fibr_aur,236,0.00847457627118644,0.09166655785077936,13
5,trat_est,40,0.175,0.3799671038392666,13
5,var171,27,0.0,0.0,13
5,tv_l_esu,449,0.0066815144766146995,0.08146699847738033,13
5,tvp_orig,1607,0.21530802738021157,0.4110358630653214,13
5,tv_l_ein,343,0.7784256559766763,0.4153060968658629,13
5,tvp_prox,679,0.8689248895434463,0.3374824823236845,13
5,tv_l_svc,606,0.0016501650165016502,0.040588692660887285,13
5,tv_l_vre,621,0.011272141706924315,0.10557026346591797,13
5,tv_l_vrn,611,0.01309328968903437,0.11367433947093511,13
5,tv_l_vca,1149,0.04264577893820714,0.2020572109006771,13
5,tv_l_yug,1162,0.008605851979345954,0.09236769614456962,13
5,tv_l_ova,1163,0.0017196904557179708,0.04143347825677302,13
5,tv_l_sup,1161,0.006029285099052541,0.0774140350340097,13
5,tv_l_pul,1162,0.0017211703958691911,0.04145127221615248,13
5,tv_l_ove,611,0.029459901800327332,0.16909173837370767,13
5,fr_antfa,864,0.13310185185185186,0.33968477870734737,13
5,fr_tvs_a,322,0.037267080745341616,0.1894155364220734,13
5,fr_viaje,11,0.0,0.0,13
5,fr_estro,15,0.13333333333333333,0.339934634239519,13
5,fr_varic,34,0.058823529411764705,0.23529411764705885,13
5,fr_antec,1,0.0,0.0,13
5,ana_dime,237,1.5443037974683544,0.5541740732727298,13
5,ana_crea,64,0.9375,0.24206145913796356,13
5,ana_trop,1071,0.8543417366946778,0.3527632827211466,13
5,tension_,78,135.17948717948718,21.48687350617461,13
5,ana_hemo,5,13.34,1.3893883546366719,13
5,ana_plaq,5,235.4,83.94188465837541,13
5,ana_leuc,19,6.640526315789474,2.3922208877156947,13
5,ana_neu,1297,6.725066306861989,3.127771183351323,13
5,protcrea,1646,37.39150668286756,42.816336973457716,13
5,splanchnic,588,0.02040816326530612,0.14139190265868387,13
1,raza,539,2.9220779220779223,0.6542671022238961,14
1,ant_inf,35,0.05714285714285714,0.2321153829895989,14
1,ant_isq,34,0.058823529411764705,0.23529411764705885,14
1,ant_clau,36,0.027777777777777776,0.16433554953054486,14
1,fum_act,44,0.20454545454545456,0.4033690761204283,14
1,diabetes,34,0.029411764705882353,0.16895772489817729,14
1,hip_art,35,0.3142857142857143,0.4642307659791977,14
1,insf_car,7,0.0,0.0,14
1,fibr_aur,236,0.0,0.0,14
1,trat_est,40,0.025,0.15612494995995996,14
1,var171,27,0.0,0.0,14
1,tv_l_esu,449,0.022271714922048998,0.14756586880603514,14
1,tvp_orig,1607,0.26322339763534536,0.44038260702785503,14
1,tv_l_ein,343,0.7551020408163265,0.43002668378990766,14
1,tvp_prox,679,0.8247422680412371,0.3801874003007376,14
1,tv_l_svc,606,0.0049504950495049506,0.07018538058791003,14
1,tv_l_vre,621,0.00644122383252818,0.07999834040820754,14
1,tv_l_vrn,611,0.014729950900163666,0.12046982795141047,14
1,tv_l_vca,1149,0.04873803307223673,0.2153198486078009,14
1,tv_l_yug,1162,0.0189328743545611,0.1362880061606138,14
1,tv_l_ova,1163,0.0060189165950128975,0.07734784572329845,14
1,tv_l_sup,1161,0.009474590869939707,0.09687529611715756,14
1,tv_l_pul,1162,0.0051635111876075735,0.07167181691448198,14
1,tv_l_ove,611,0.04582651391162029,0.2091086907192725,14
1,fr_antfa,864,0.13194444444444445,0.3384303591947557,14
1,fr_tvs_a,322,0.046583850931677016,0.2107458084139571,14
1,fr_viaje,11,0.09090909090909091,0.2874797872880344,14
1,fr_estro,15,0.13333333333333333,0.339934634239519,14
1,fr_varic,34,0.11764705882352941,0.32218973970892123,14
1,fr_antec,1,0.0,0.0,14
1,ana_dime,237,1.5316455696202531,0.5473860331756876,14
1,ana_crea,64,0.9375,0.24206145913796356,14
1,ana_trop,1071,0.8496732026143791,0.3573914539736553,14
1,tension_,78,131.14102564102564,22.756641385608482,14
1,ana_hemo,5,12.38,2.1103554203024664,14
1,ana_plaq,5,208.2,39.407613477601004,14
1,ana_leuc,19,8.99,2.8112892715658155,14
1,ana_neu,1297,6.422670778720123,3.1398793459602476,14
1,protcrea,1646,45.9281652490887,52.69597160563951,14
1,splanchnic,588,0.015306122448979591,0.12276744301546903,14
2,raza,539,2.862708719851577,0.7532741707906656,14
2,ant_inf,35,0.0,0.0,14
2,ant_isq,34,0.0,0.0,14
2,ant_clau,36,0.0,0.0,14
2,fum_act,44,0.20454545454545456,0.4033690761204283,14
2,diabetes,34,0.029411764705882353,0.16895772489817729,14
2,hip_art,35,0.17142857142857143,0.3768830273792263,14
2,insf_car,7,0.0,0.0,14
2,fibr_aur,236,0.01694915254237288,0.12908090009938827,14
2,trat_est,40,0.2,0.4000000000000001,14
2,var171,27,0.037037037037037035,0.18885257457751053,14
2,tv_l_esu,449,0.011135857461024499,0.10493736293442983,14
2,tvp_orig,1607,0.1611698817672682,0.3676875725101312,14
2,tv_l_ein,343,0.7900874635568513,0.4072459496264543,14
2,tvp_prox,679,0.812960235640648,0.3899434457812441,14
2,tv_l_svc,606,0.0049504950495049506,0.07018538058791002,14
2,tv_l_vre,621,0.00644122383252818,0.07999834040820752,14
2,tv_l_vrn,611,0.008183306055646482,0.09009072958771121,14
2,tv_l_vca,1149,0.020017406440382943,0.14005966542792916,14
2,tv_l_yug,1162,0.008605851979345954,0.09236769614456962,14
2,tv_l_ova,1163,0.0034393809114359416,0.058545295031983496,14
2,tv_l_sup,1161,0.01808785529715762,0.1332692192064871,14
2,tv_l_pul,1162,0.0008605851979345956,0.02932310677693773,14
2,tv_l_ove,611,0.06546644844517185,0.2473471094901808,14
2,fr_antfa,864,0.16319444444444445,0.36954298497862675,14
2,fr_tvs_a,322,0.06832298136645963,0.2522993293365205,14
2,fr_viaje,11,0.0,0.0,14
2,fr_estro,15,0.0,0.0,14
2,fr_varic,34,0.17647058823529413,0.3812200410828153,14
2,fr_antec,1,0.0,0.0,14
2,ana_dime,237,1.649789029535865,0.5028714570612517,14
2,ana_crea,64,0.9375,0.24206145913796356,14
2,ana_trop,1071,0.8664799253034547,0.3401359498047424,14
2,tension_,78,130.7051282051282,21.894331882323037,14
2,ana_hemo,5,13.919999999999998,2.0614557962760203,14
2,ana_plaq,5,235.8,50.86216668605458,14
2,ana_leuc,19,8.462631578947368,2.9013097624952318,14
2,ana_neu,1297,6.790447956823439,3.2488279697653426,14
2,protcrea,1646,40.27939246658566,49.670261401311805,14
2,splanchnic,588,0.03571428571428571,0.18557687223952257,14
3,raza,539,2.8738404452690167,0.6937584849180009,14
3,ant_inf,35,0.0,0.0,14
3,ant_isq,34,0.0,0.0,14
3,ant_clau,36,0.027777777777777776,0.16433554953054486,14
3,fum_act,44,0.25,0.4330127018922193,14
3,diabetes,34,0.029411764705882353,0.1689577248981773,14
3,hip_art,35,0.2571428571428571,0.4370588154508102,14
3,insf_car,7,0.0,0.0,14
3,fibr_aur,236,0.00847457627118644,0.09166655785077936,14
3,trat_est,40,0.175,0.3799671038392666,14
3,var171,27,0.0,0.0,14
3,tv_l_esu,449,0.008908685968819599,0.0939644681947839,14
3,tvp_orig,1607,0.1897946484131923,0.3921385467496214,14
3,tv_l_ein,343,0.7667638483965015,0.42289129713046636,14
3,tvp_prox,679,0.8291605301914581,0.37636862962271206,14
3,tv_l_svc,606,0.0049504950495049506,0.07018538058791003,14
3,tv_l_vre,621,0.001610305958132045,0.04009629500157402,14
3,tv_l_vrn,611,0.0032733224222585926,0.05711924178924761,14
3,tv_l_vca,1149,0.03568320278503046,0.18549908847224253,14
3,tv_l_yug,1162,0.019793459552495698,0.13928990814642464,14
3,tv_l_ova,1163,0.0025795356835769563,0.050723581096311705,14
3,tv_l_sup,1161,0.009474590869939707,0.09687529611715756,14
3,tv_l_pul,1162,0.0025817555938037868,0.050745345913272184,14
3,tv_l_ove,611,0.04091653027823241,0.19809686476121446,14
3,fr_antfa,864,0.1388888888888889,0.34583054438857597,14
3,fr_tvs_a,322,0.043478260869565216,0.20393111999232305,14
3,fr_viaje,11,0.09090909090909091,0.2874797872880344,14
3,fr_estro,15,0.06666666666666667,0.24944382578492946,14
3,fr_varic,34,0.2647058823529412,0.44117647058823534,14
3,fr_antec,1,0.0,0.0,14
3,ana_dime,237,1.5569620253164558,0.5453331450262789,14
3,ana_crea,64,0.859375,0.3476343040826092,14
3,ana_trop,1071,0.873015873015873,0.3329551898952862,14
3,tension_,78,129.85897435897436,19.201845770637323,14
3,ana_hemo,5,12.28,1.95386795869117,14
3,ana_plaq,5,259.2,23.395726105423616,14
3,ana_leuc,19,8.478421052631578,2.967428912211794,14
3,ana_neu,1297,6.46372629144179,3.130504317404826,14
3,protcrea,1646,53.09625151883353,55.274343902344725,14
3,splanchnic,588,0.022108843537414966,0.14703755498121243,14
4,raza,539,2.938775510204082,0.5114271055568028,14
4,ant_inf,35,0.05714285714285714,0.23211538298959888,14
4,ant_isq,34,0.08823529411764706,0.2836367870880281,14
4,ant_clau,36,0.027777777777777776,0.16433554953054486,14
4,fum_act,44,0.22727272727272727,0.4190702026042221,14
4,diabetes,34,0.11764705882352941,0.32218973970892123,14
4,hip_art,35,0.34285714285714286,0.4746642207381757,14
4,insf_car,7,0.0,0.0,14
4,fibr_aur,236,0.00423728813559322,0.06495639710489784,14
4,trat_est,40,0.15,0.3570714214271425,14
4,var171,27,0.037037037037037035,0.18885257457751053,14
4,tv_l_esu,449,0.015590200445434299,0.12388359897704569,14
4,tvp_orig,1607,0.18543870566272558,0.38865304849551696,14
4,tv_l_ein,343,0.7813411078717201,0.4133366436955634,14
4,tvp_prox,679,0.8321060382916053,0.37377209544086465,14
4,tv_l_svc,606,0.006600660066006601,0.08097586895303828,14
4,tv_l_vre,621,0.00322061191626409,0.056658976121607675,14
4,tv_l_vrn,611,0.011456628477905073,0.10642074112608091,14
4,tv_l_vca,1149,0.0557006092254134,0.22934265054134872,14
4,tv_l_yug,1162,0.025817555938037865,0.1585906987922815,14
4,tv_l_ova,1163,0.0,0.0,14
4,tv_l_sup,1161,0.02153316106804479,0.1451533121994205,14
4,tv_l_pul,1162,0.0,0.0,14
4,tv_l_ove,611,0.07364975450081833,0.26120005391038403,14
4,fr_antfa,864,0.15162037037037038,0.35865252495852035,14
4,fr_tvs_a,322,0.031055900621118012,0.17346882041948997,14
4,fr_viaje,11,0.0,0.0,14
4,fr_estro,15,0.0,0.0,14
4,fr_varic,34,0.11764705882352941,0.32218973970892123,14
4,fr_antec,1,0.0,0.0,14
4,ana_dime,237,1.5021097046413503,0.5709158574036405,14
4,ana_crea,64,0.9375,0.24206145913796356,14
4,ana_trop,1071,0.873015873015873,0.3329551898952862,14
4,tension_,78,129.55128205128204,18.312562197949813,14
4,ana_hemo,5,13.6,1.1713240371477056,14
4,ana_plaq,5,192.8,85.95673330228412,14
4,ana_leuc,19,8.329473684210527,2.7672568094247194,14
4,ana_neu,1297,7.056224363916732,3.224911815414696,14
4,protcrea,1646,41.83764520048602,50.090178083657165,14
4,splanchnic,588,0.03231292517006803,0.17682986183623403,14
5,raza,539,2.8905380333951762,0.7291209335576484,14
5,ant_inf,35,0.0,0.0,14
5,ant_isq,34,0.0,0.0,14
5,ant_clau,36,0.0,0.0,14
5,fum_act,44,0.29545454545454547,0.4562468159064711,14
5,diabetes,34,0.11764705882352941,0.32218973970892123,14
5,hip_art,35,0.4,0.48989794855663565,14
5,insf_car,7,0.14285714285714285,0.3499271061118826,14
5,fibr_aur,236,0.00847457627118644,0.09166655785077936,14
5,trat_est,40,0.15,0.3570714214271425,14
5,var171,27,0.0,0.0,14
5,tv_l_esu,449,0.022271714922048998,0.14756586880603514,14
5,tvp_orig,1607,0.19663970130678282,0.3974575816068452,14
5,tv_l_ein,343,0.7521865889212828,0.43174289150864764,14
5,tvp_prox,679,0.865979381443299,0.3406744668424393,14
5,tv_l_svc,606,0.00825082508250825,0.09045854834102802,14
5,tv_l_vre,621,0.00644122383252818,0.07999834040820752,14
5,tv_l_vrn,611,0.004909983633387889,0.06989903929316733,14
5,tv_l_vca,1149,0.04960835509138381,0.21713444267667664,14
5,tv_l_yug,1162,0.020654044750430294,0.14222325824518828,14
5,tv_l_ova,1163,0.004299226139294927,0.06542738565691075,14
5,tv_l_sup,1161,0.012058570198105082,0.10914742820095422,14
5,tv_l_pul,1162,0.004302925989672977,0.06545541091155395,14
5,tv_l_ove,611,0.031096563011456628,0.17357870485843344,14
5,fr_antfa,864,0.16319444444444445,0.3695429849786268,14
5,fr_tvs_a,322,0.043478260869565216,0.20393111999232305,14
5,fr_viaje,11,0.09090909090909091,0.2874797872880344,14
5,fr_estro,15,0.0,0.0,14
5,fr_varic,34,0.058823529411764705,0.23529411764705885,14
5,fr_antec,1,0.0,0.0,14
5,ana_dime,237,1.489451476793249,0.578166856808798,14
5,ana_crea,64,0.890625,0.3121091305537215,14
5,ana_trop,1071,0.8543417366946778,0.3527632827211466,14
5,tension_,78,128.67948717948718,19.0171943721543,14
5,ana_hemo,5,13.920000000000002,2.4886944368483648,14
5,ana_plaq,5,308.6,68.78546358061419,14
5,ana_leuc,19,8.01842105263158,3.038474795991004,14
5,ana_neu,1297,6.502726291441789,3.1928210463880755,14
5,protcrea,1646,44.20313122721749,50.8450201776071,14
5,splanchnic,588,0.023809523809523808,0.15245533898649638,14
1,raza,539,2.9165120593692024,0.6435682108855002,15
1,ant_inf,35,0.05714285714285714,0.2321153829895989,15
1,ant_isq,34,0.058823529411764705,0.23529411764705885,15
1,ant_clau,36,0.05555555555555555,0.2290614236454256,15
1,fum_act,44,0.18181818181818182,0.385694607919935,15
1,diabetes,34,0.029411764705882353,0.16895772489817729,15
1,hip_art,35,0.22857142857142856,0.4199125273342591,15
1,insf_car,7,0.0,0.0,15
1,fibr_aur,236,0.00847457627118644,0.09166655785077936,15
1,trat_est,40,0.25,0.4330127018922193,15
1,var171,27,0.037037037037037035,0.18885257457751053,15
1,tv_l_esu,449,0.015590200445434299,0.12388359897704569,15
1,tvp_orig,1607,0.27815805849408837,0.44809167922299975,15
1,tv_l_ein,343,0.7317784256559767,0.44303358947199123,15
1,tvp_prox,679,0.8880706921944035,0.3152794599395218,15
1,tv_l_svc,606,0.0033003300330033004,0.05735362111215434,15
1,tv_l_vre,621,0.008051529790660225,0.08936835378751437,15
1,tv_l_vrn,611,0.0032733224222585926,0.05711924178924761,15
1,tv_l_vca,1149,0.028720626631853787,0.16702021505712247,15
1,tv_l_yug,1162,0.012908777969018933,0.11288109416711688,15
1,tv_l_ova,1163,0.0025795356835769563,0.0507235810963117,15
1,tv_l_sup,1161,0.004306632213608958,0.06548347220929618,15
1,tv_l_pul,1162,0.006024096385542169,0.07738091914858512,15
1,tv_l_ove,611,0.07528641571194762,0.2638529350247888,15
1,fr_antfa,864,0.14699074074074073,0.35409668577555065,15
1,fr_tvs_a,322,0.040372670807453416,0.19683170034150094,15
1,fr_viaje,11,0.0,0.0,15
1,fr_estro,15,0.0,0.0,15
1,fr_varic,34,0.14705882352941177,0.3541645464350675,15
1,fr_antec,1,0.0,0.0,15
1,ana_dime,237,1.5316455696202531,0.5396226929535247,15
1,ana_crea,64,0.921875,0.26836818808308854,15
1,ana_trop,1071,0.8394024276377218,0.3671593552037331,15
1,tension_,78,135.85897435897436,21.21001478436987,15
1,ana_hemo,5,14.059999999999999,1.1447270417003348,15
1,ana_plaq,5,307.4,114.82264585002386,15
1,ana_leuc,19,7.93,2.4887811432400735,15
1,ana_neu,1297,6.579525057825752,3.104841414513724,15
1,protcrea,1646,54.759835965978134,63.70968061578298,15
1,splanchnic,588,0.015306122448979591,0.12276744301546903,15
2,raza,539,2.909090909090909,0.7341970922131206,15
2,ant_inf,35,0.02857142857142857,0.1665986255670086,15
2,ant_isq,34,0.029411764705882353,0.16895772489817729,15
2,ant_clau,36,0.0,0.0,15
2,fum_act,44,0.1590909090909091,0.36576083953252464,15
2,diabetes,34,0.058823529411764705,0.23529411764705885,15
2,hip_art,35,0.22857142857142856,0.4199125273342591,15
2,insf_car,7,0.0,0.0,15
2,fibr_aur,236,0.0,0.0,15
2,trat_est,40,0.125,0.33071891388307384,15
2,var171,27,0.037037037037037035,0.18885257457751053,15
2,tv_l_esu,449,0.017817371937639197,0.13228723746028948,15
2,tvp_orig,1607,0.2252644679527069,0.4177563732975127,15
2,tv_l_ein,343,0.7521865889212828,0.43174289150864764,15
2,tvp_prox,679,0.8851251840942562,0.31887080859866307,15
2,tv_l_svc,606,0.0049504950495049506,0.07018538058791003,15
2,tv_l_vre,621,0.008051529790660225,0.08936835378751437,15
2,tv_l_vrn,611,0.0,0.0,15
2,tv_l_vca,1149,0.04960835509138381,0.21713444267667667,15
2,tv_l_yug,1162,0.0051635111876075735,0.07167181691448198,15
2,tv_l_ova,1163,0.0017196904557179708,0.04143347825677302,15
2,tv_l_sup,1161,0.0068906115417743325,0.08272321931812555,15
2,tv_l_pul,1162,0.0,0.0,15
2,tv_l_ove,611,0.060556464811783964,0.23851494582370125,15
2,fr_antfa,864,0.13194444444444445,0.3384303591947557,15
2,fr_tvs_a,322,0.06521739130434782,0.24690905851305536,15
2,fr_viaje,11,0.09090909090909091,0.2874797872880344,15
2,fr_estro,15,0.0,0.0,15
2,fr_varic,34,0.11764705882352941,0.32218973970892123,15
2,fr_antec,1,0.0,0.0,15
2,ana_dime,237,1.5063291139240507,0.5634451977256911,15
2,ana_crea,64,0.921875,0.26836818808308854,15
2,ana_trop,1071,0.8543417366946778,0.3527632827211466,15
2,tension_,78,134.98717948717947,20.18726025641152,15
2,ana_hemo,5,12.540000000000001,4.127275130155487,15
2,ana_plaq,5,239.8,73.23769521223343,15
2,ana_leuc,19,8.555263157894737,2.603518607821776,15
2,ana_neu,1297,6.556678488820354,3.0433708679242533,15
2,protcrea,1646,40.24832928311057,51.964878513959334,15
2,splanchnic,588,0.013605442176870748,0.11584616575460135,15
3,raza,539,2.8664192949907235,0.7160785153509243,15
3,ant_inf,35,0.02857142857142857,0.1665986255670086,15
3,ant_isq,34,0.029411764705882353,0.1689577248981773,15
3,ant_clau,36,0.027777777777777776,0.16433554953054488,15
3,fum_act,44,0.18181818181818182,0.38569460791993493,15
3,diabetes,34,0.058823529411764705,0.23529411764705885,15
3,hip_art,35,0.3142857142857143,0.4642307659791978,15
3,insf_car,7,0.0,0.0,15
3,fibr_aur,236,0.01694915254237288,0.1290809000993883,15
3,trat_est,40,0.15,0.3570714214271425,15
3,var171,27,0.07407407407407407,0.2618914004394621,15
3,tv_l_esu,449,0.011135857461024499,0.10493736293442983,15
3,tvp_orig,1607,0.1910392034847542,0.3931198624041589,15
3,tv_l_ein,343,0.8367346938775511,0.36960755665867007,15
3,tvp_prox,679,0.8998527245949927,0.3001962668554707,15
3,tv_l_svc,606,0.009900990099009901,0.099009900990099,15
3,tv_l_vre,621,0.00966183574879227,0.09781863155225402,15
3,tv_l_vrn,611,0.006546644844517185,0.0806460556121435,15
3,tv_l_vca,1149,0.04264577893820714,0.20205721090067708,15
3,tv_l_yug,1162,0.018072289156626505,0.13321291799696375,15
3,tv_l_ova,1163,0.0,0.0,15
3,tv_l_sup,1161,0.002583979328165375,0.050767138771029716,15
3,tv_l_pul,1162,0.0,0.0,15
3,tv_l_ove,611,0.0425531914893617,0.20184751022351363,15
3,fr_antfa,864,0.1388888888888889,0.34583054438857597,15
3,fr_tvs_a,322,0.049689440993788817,0.21730255508740248,15
3,fr_viaje,11,0.0,0.0,15
3,fr_estro,15,0.0,0.0,15
3,fr_varic,34,0.17647058823529413,0.3812200410828154,15
3,fr_antec,1,0.0,0.0,15
3,ana_dime,237,1.5569620253164558,0.5680710296789083,15
3,ana_crea,64,0.9375,0.24206145913796356,15
3,ana_trop,1071,0.869281045751634,0.3370927309340556,15
3,tension_,78,129.69230769230768,19.153434245390695,15
3,ana_hemo,5,13.319999999999999,1.591728620085723,15
3,ana_plaq,5,333.4,111.54478921043331,15
3,ana_leuc,19,7.403684210526315,2.8221030055547613,15
3,ana_neu,1297,6.562461063993831,3.0890649834661774,15
3,protcrea,1646,38.719198055893074,51.55317606646909,15
3,splanchnic,588,0.01020408163265306,0.10049854899791943,15
4,raza,539,2.9758812615955472,0.6040777579614355,15
4,ant_inf,35,0.0,0.0,15
4,ant_isq,34,0.0,0.0,15
4,ant_clau,36,0.027777777777777776,0.16433554953054488,15
4,fum_act,44,0.22727272727272727,0.4190702026042221,15
4,diabetes,34,0.029411764705882353,0.16895772489817729,15
4,hip_art,35,0.2571428571428571,0.4370588154508102,15
4,insf_car,7,0.0,0.0,15
4,fibr_aur,236,0.00423728813559322,0.06495639710489784,15
4,trat_est,40,0.125,0.33071891388307384,15
4,var171,27,0.037037037037037035,0.18885257457751053,15
4,tv_l_esu,449,0.015590200445434299,0.12388359897704569,15
4,tvp_orig,1607,0.1910392034847542,0.3931198624041589,15
4,tv_l_ein,343,0.7959183673469388,0.403028931798602,15
4,tvp_prox,679,0.8865979381443299,0.31708363915937526,15
4,tv_l_svc,606,0.0033003300330033004,0.057353621112154335,15
4,tv_l_vre,621,0.01288244766505636,0.11276741642519546,15
4,tv_l_vrn,611,0.0032733224222585926,0.05711924178924761,15
4,tv_l_vca,1149,0.04873803307223673,0.2153198486078009,15
4,tv_l_yug,1162,0.02495697074010327,0.15599397536950232,15
4,tv_l_ova,1163,0.004299226139294927,0.06542738565691075,15
4,tv_l_sup,1161,0.002583979328165375,0.050767138771029716,15
4,tv_l_pul,1162,0.0017211703958691911,0.04145127221615248,15
4,tv_l_ove,611,0.05564648117839607,0.2292377593479279,15
4,fr_antfa,864,0.1400462962962963,0.3470350575806229,15
4,fr_tvs_a,322,0.031055900621118012,0.17346882041948997,15
4,fr_viaje,11,0.0,0.0,15
4,fr_estro,15,0.0,0.0,15
4,fr_varic,34,0.17647058823529413,0.3812200410828153,15
4,fr_antec,1,0.0,0.0,15
4,ana_dime,237,1.5316455696202531,0.5473860331756875,15
4,ana_crea,64,0.890625,0.3121091305537215,15
4,ana_trop,1071,0.8739495798319328,0.3319061791282605,15
4,tension_,78,133.0,20.670181669651825,15
4,ana_hemo,5,13.260000000000002,2.4767720928660353,15
4,ana_plaq,5,271.2,99.27819498762052,15
4,ana_leuc,19,7.573157894736843,2.413434008194829,15
4,ana_neu,1297,6.601450269853508,3.2066127105704045,15
4,protcrea,1646,40.96207776427703,51.87703047889938,15
4,splanchnic,588,0.023809523809523808,0.15245533898649638,15
5,raza,539,2.9183673469387754,0.5688385512060784,15
5,ant_inf,35,0.08571428571428572,0.27994168488950605,15
5,ant_isq,34,0.029411764705882353,0.16895772489817729,15
5,ant_clau,36,0.0,0.0,15
5,fum_act,44,0.1590909090909091,0.36576083953252464,15
5,diabetes,34,0.11764705882352941,0.32218973970892123,15
5,hip_art,35,0.2571428571428571,0.4370588154508102,15
5,insf_car,7,0.0,0.0,15
5,fibr_aur,236,0.00847457627118644,0.09166655785077939,15
5,trat_est,40,0.25,0.4330127018922193,15
5,var171,27,0.037037037037037035,0.18885257457751053,15
5,tv_l_esu,449,0.015590200445434299,0.12388359897704568,15
5,tvp_orig,1607,0.21157436216552583,0.4084245970063222,15
5,tv_l_ein,343,0.7696793002915452,0.42103809209412707,15
5,tvp_prox,679,0.8895434462444771,0.31345797722817026,15
5,tv_l_svc,606,0.0016501650165016502,0.04058869266088728,15
5,tv_l_vre,621,0.008051529790660225,0.08936835378751437,15
5,tv_l_vrn,611,0.011456628477905073,0.10642074112608091,15
5,tv_l_vca,1149,0.040905134899912966,0.19807045422963235,15
5,tv_l_yug,1162,0.010327022375215147,0.1010958702622266,15
5,tv_l_ova,1163,0.005159071367153913,0.07164115681493792,15
5,tv_l_sup,1161,0.0017226528854435831,0.04146908912045038,15
5,tv_l_pul,1162,0.0008605851979345956,0.02932310677693773,15
5,tv_l_ove,611,0.05564648117839607,0.22923775934792784,15
5,fr_antfa,864,0.15162037037037038,0.35865252495852035,15
5,fr_tvs_a,322,0.049689440993788817,0.21730255508740248,15
5,fr_viaje,11,0.09090909090909091,0.2874797872880344,15
5,fr_estro,15,0.06666666666666667,0.24944382578492946,15
5,fr_varic,34,0.14705882352941177,0.3541645464350675,15
5,fr_antec,1,1.0,0.0,15
5,ana_dime,237,1.5021097046413503,0.5482959607171398,15
5,ana_crea,64,0.84375,0.3630921887069453,15
5,ana_trop,1071,0.8898225957049486,0.31311075337307753,15
5,tension_,78,133.66666666666666,17.936259412413772,15
5,ana_hemo,5,12.879999999999999,1.800444389588304,15
5,ana_plaq,5,269.6,85.01435172957564,15
5,ana_leuc,19,8.048421052631578,3.097544465774708,15
5,ana_neu,1297,6.603627602158829,3.228818663108556,15
5,protcrea,1646,63.754507897934374,55.8632487516465,15
5,splanchnic,588,0.017006802721088437,0.12929644767855925,15
1,raza,539,2.8738404452690167,0.7070033317399946,16
1,ant_inf,35,0.08571428571428572,0.27994168488950605,16
1,ant_isq,34,0.0,0.0,16
1,ant_clau,36,0.0,0.0,16
1,fum_act,44,0.29545454545454547,0.4562468159064711,16
1,diabetes,34,0.058823529411764705,0.23529411764705885,16
1,hip_art,35,0.34285714285714286,0.4746642207381757,16
1,insf_car,7,0.0,0.0,16
1,fibr_aur,236,0.00423728813559322,0.06495639710489785,16
1,trat_est,40,0.075,0.26339134382131846,16
1,var171,27,0.037037037037037035,0.18885257457751053,16
1,tv_l_esu,449,0.0066815144766146995,0.08146699847738034,16
1,tvp_orig,1607,0.33602986932171747,0.4723492312318789,16
1,tv_l_ein,343,0.7142857142857143,0.45175395145262565,16
1,tvp_prox,679,0.9116347569955817,0.2838253456497294,16
1,tv_l_svc,606,0.01155115511551155,0.1068537595548652,16
1,tv_l_vre,621,0.014492753623188406,0.11951030798891768,16
1,tv_l_vrn,611,0.0016366612111292963,0.040422550033481074,16
1,tv_l_vca,1149,0.04699738903394256,0.21163325461263127,16
1,tv_l_yug,1162,0.0034423407917383822,0.0585703942415613,16
1,tv_l_ova,1163,0.0025795356835769563,0.0507235810963117,16
1,tv_l_sup,1161,0.002583979328165375,0.050767138771029716,16
1,tv_l_pul,1162,0.0008605851979345956,0.029323106776937734,16
1,tv_l_ove,611,0.02618657937806874,0.15968983198233017,16
1,fr_antfa,864,0.12384259259259259,0.32940188957038136,16
1,fr_tvs_a,322,0.049689440993788817,0.21730255508740248,16
1,fr_viaje,11,0.0,0.0,16
1,fr_estro,15,0.06666666666666667,0.24944382578492946,16
1,fr_varic,34,0.11764705882352941,0.32218973970892123,16
1,fr_antec,1,0.0,0.0,16
1,ana_dime,237,1.5232067510548524,0.5630026600547149,16
1,ana_crea,64,0.90625,0.2914805954090255,16
1,ana_trop,1071,0.8338001867413632,0.37225990293265676,16
1,tension_,78,136.56410256410257,21.28053748091575,16
1,ana_hemo,5,14.62,1.7508854902591429,16
1,ana_plaq,5,275.8,81.74447993595653,16
1,ana_leuc,19,8.076473684210525,2.8663126205599356,16
1,ana_neu,1297,6.639508095605242,3.2155775153553763,16
1,protcrea,1646,51.7412588092345,50.54274872982583,16
1,splanchnic,588,0.011904761904761904,0.10845754260886069,16
2,raza,539,2.920222634508349,0.5771942456289065,16
2,ant_inf,35,0.0,0.0,16
2,ant_isq,34,0.0,0.0,16
2,ant_clau,36,0.0,0.0,16
2,fum_act,44,0.18181818181818182,0.385694607919935,16
2,diabetes,34,0.11764705882352941,0.32218973970892123,16
2,hip_art,35,0.37142857142857144,0.4831867007225075,16
2,insf_car,7,0.0,0.0,16
2,fibr_aur,236,0.01694915254237288,0.1290809000993883,16
2,trat_est,40,0.175,0.3799671038392666,16
2,var171,27,0.037037037037037035,0.18885257457751053,16
2,tv_l_esu,449,0.017817371937639197,0.13228723746028948,16
2,tvp_orig,1607,0.3646546359676416,0.4813331823539162,16
2,tv_l_ein,343,0.7667638483965015,0.42289129713046636,16
2,tvp_prox,679,0.8998527245949927,0.3001962668554707,16
2,tv_l_svc,606,0.013201320132013201,0.11413608228244607,16
2,tv_l_vre,621,0.00966183574879227,0.09781863155225402,16
2,tv_l_vrn,611,0.0032733224222585926,0.05711924178924761,16
2,tv_l_vca,1149,0.025239338555265448,0.15685124910104523,16
2,tv_l_yug,1162,0.01549053356282272,0.12349322626266504,16
2,tv_l_ova,1163,0.0025795356835769563,0.050723581096311705,16
2,tv_l_sup,1161,0.006029285099052541,0.0774140350340097,16
2,tv_l_pul,1162,0.004302925989672977,0.06545541091155395,16
2,tv_l_ove,611,0.06382978723404255,0.2444494743207672,16
2,fr_antfa,864,0.15625,0.3630921887069453,16
2,fr_tvs_a,322,0.040372670807453416,0.19683170034150094,16
2,fr_viaje,11,0.0,0.0,16
2,fr_estro,15,0.06666666666666667,0.24944382578492946,16
2,fr_varic,34,0.17647058823529413,0.3812200410828153,16
2,fr_antec,1,0.0,0.0,16
2,ana_dime,237,1.5738396624472575,0.5275442905683639,16
2,ana_crea,64,0.859375,0.3476343040826092,16
2,ana_trop,1071,0.8524743230625583,0.3546291747467927,16
2,tension_,78,131.44871794871796,20.329117324095932,16
2,ana_hemo,5,11.18,1.4905032707109367,16
2,ana_plaq,5,262.6,75.39389895740901,16
2,ana_leuc,19,7.758947368421054,3.302657454291591,16
2,ana_neu,1297,6.416704703161141,3.1344625312779844,16
2,protcrea,1646,41.99531713244229,46.65876417057082,16
2,splanchnic,588,0.015306122448979591,0.12276744301546902,16
3,raza,539,2.857142857142857,0.6945320497205683,16
3,ant_inf,35,0.0,0.0,16
3,ant_isq,34,0.058823529411764705,0.23529411764705885,16
3,ant_clau,36,0.027777777777777776,0.16433554953054486,16
3,fum_act,44,0.18181818181818182,0.385694607919935,16
3,diabetes,34,0.08823529411764706,0.28363678708802803,16
3,hip_art,35,0.34285714285714286,0.4746642207381757,16
3,insf_car,7,0.0,0.0,16
3,fibr_aur,236,0.00847457627118644,0.09166655785077936,16
3,trat_est,40,0.125,0.33071891388307384,16
3,var171,27,0.037037037037037035,0.18885257457751053,16
3,tv_l_esu,449,0.0200445434298441,0.14015263004500914,16
3,tvp_orig,1607,0.35469819539514624,0.47842176536877257,16
3,tv_l_ein,343,0.7784256559766763,0.4153060968658629,16
3,tvp_prox,679,0.9072164948453608,0.29012880988598533,16
3,tv_l_svc,606,0.0033003300330033004,0.05735362111215434,16
3,tv_l_vre,621,0.01610305958132045,0.1258719629363144,16
3,tv_l_vrn,611,0.004909983633387889,0.06989903929316733,16
3,tv_l_vca,1149,0.044386422976501305,0.20595210227587488,16
3,tv_l_yug,1162,0.008605851979345954,0.09236769614456963,16
3,tv_l_ova,1163,0.004299226139294927,0.06542738565691075,16
3,tv_l_sup,1161,0.009474590869939707,0.09687529611715756,16
3,tv_l_pul,1162,0.0034423407917383822,0.0585703942415613,16
3,tv_l_ove,611,0.03764320785597381,0.19033180700630614,16
3,fr_antfa,864,0.1261574074074074,0.33202667959615656,16
3,fr_tvs_a,322,0.06521739130434782,0.24690905851305536,16
3,fr_viaje,11,0.0,0.0,16
3,fr_estro,15,0.0,0.0,16
3,fr_varic,34,0.20588235294117646,0.40434491426080943,16
3,fr_antec,1,0.0,0.0,16
3,ana_dime,237,1.5696202531645569,0.5591632756829705,16
3,ana_crea,64,0.90625,0.2914805954090255,16
3,ana_trop,1071,0.8496732026143791,0.3573914539736553,16
3,tension_,78,128.12820512820514,22.242462839997998,16
3,ana_hemo,5,13.02,1.6363373735266207,16
3,ana_plaq,5,216.6,41.46613075752306,16
3,ana_leuc,19,7.473157894736842,3.1551179019284294,16
3,ana_neu,1297,6.137471858134156,3.059097955547798,16
3,protcrea,1646,35.499411907654924,40.533771162397926,16
3,splanchnic,588,0.017006802721088437,0.12929644767855925,16
4,raza,539,2.88126159554731,0.6452347692499462,16
4,ant_inf,35,0.05714285714285714,0.2321153829895989,16
4,ant_isq,34,0.0,0.0,16
4,ant_clau,36,0.0,0.0,16
4,fum_act,44,0.29545454545454547,0.45624681590647115,16
4,diabetes,34,0.058823529411764705,0.23529411764705885,16
4,hip_art,35,0.42857142857142855,0.49487165930539345,16
4,insf_car,7,0.0,0.0,16
4,fibr_aur,236,0.0,0.0,16
4,trat_est,40,0.25,0.4330127018922193,16
4,var171,27,0.07407407407407407,0.2618914004394621,16
4,tv_l_esu,449,0.017817371937639197,0.13228723746028948,16
4,tvp_orig,1607,0.4791537025513379,0.4995652428689189,16
4,tv_l_ein,343,0.7551020408163265,0.4300266837899077,16
4,tvp_prox,679,0.9072164948453608,0.2901288098859854,16
4,tv_l_svc,606,0.0033003300330033004,0.05735362111215434,16
4,tv_l_vre,621,0.00644122383252818,0.07999834040820752,16
4,tv_l_vrn,611,0.009819967266775777,0.0986079890762165,16
4,tv_l_vca,1149,0.057441253263707574,0.2326838105395435,16
4,tv_l_yug,1162,0.020654044750430294,0.14222325824518828,16
4,tv_l_ova,1163,0.0025795356835769563,0.0507235810963117,16
4,tv_l_sup,1161,0.004306632213608958,0.06548347220929618,16
4,tv_l_pul,1162,0.0051635111876075735,0.07167181691448198,16
4,tv_l_ove,611,0.04746317512274959,0.21262742562994266,16
4,fr_antfa,864,0.1284722222222222,0.3346148686766716,16
4,fr_tvs_a,322,0.049689440993788817,0.21730255508740248,16
4,fr_viaje,11,0.0,0.0,16
4,fr_estro,15,0.0,0.0,16
4,fr_varic,34,0.11764705882352941,0.32218973970892123,16
4,fr_antec,1,0.0,0.0,16
4,ana_dime,237,1.5443037974683544,0.5308412642132169,16
4,ana_crea,64,0.921875,0.26836818808308854,16
4,ana_trop,1071,0.8375350140056023,0.3688768281150741,16
4,tension_,78,133.87179487179486,22.976219018110417,16
4,ana_hemo,5,13.479999999999999,2.144201483070096,16
4,ana_plaq,5,268.6,57.35015257172382,16
4,ana_leuc,19,7.820526315789474,3.268923005781649,16
4,ana_neu,1297,6.925281418658443,3.2520584931358973,16
4,protcrea,1646,82.26673997569867,56.36216870207498,16
4,splanchnic,588,0.027210884353741496,0.1626974250762095,16
5,raza,539,2.888682745825603,0.5800021827569704,16
5,ant_inf,35,0.02857142857142857,0.1665986255670086,16
5,ant_isq,34,0.08823529411764706,0.2836367870880281,16
5,ant_clau,36,0.0,0.0,16
5,fum_act,44,0.13636363636363635,0.3431742925123068,16
5,diabetes,34,0.08823529411764706,0.2836367870880281,16
5,hip_art,35,0.42857142857142855,0.4948716593053935,16
5,insf_car,7,0.0,0.0,16
5,fibr_aur,236,0.01694915254237288,0.1290809000993883,16
5,trat_est,40,0.15,0.3570714214271425,16
5,var171,27,0.0,0.0,16
5,tv_l_esu,449,0.008908685968819599,0.09396446819478389,16
5,tvp_orig,1607,0.37336652146857496,0.4836982138844748,16
5,tv_l_ein,343,0.7988338192419825,0.4008719851489377,16
5,tvp_prox,679,0.898379970544919,0.30214797545015837,16
5,tv_l_svc,606,0.0033003300330033004,0.05735362111215434,16
5,tv_l_vre,621,0.00966183574879227,0.09781863155225404,16
5,tv_l_vrn,611,0.006546644844517185,0.08064605561214348,16
5,tv_l_vca,1149,0.058311575282854654,0.23433167833412244,16
5,tv_l_yug,1162,0.012048192771084338,0.10910102576069175,16
5,tv_l_ova,1163,0.0,0.0,16
5,tv_l_sup,1161,0.0103359173126615,0.1011389446551986,16
5,tv_l_pul,1162,0.0025817555938037868,0.050745345913272184,16
5,tv_l_ove,611,0.057283142389525366,0.23238283927068865,16
5,fr_antfa,864,0.15393518518518517,0.36088660815717166,16
5,fr_tvs_a,322,0.059006211180124224,0.2356363261941817,16
5,fr_viaje,11,0.0,0.0,16
5,fr_estro,15,0.0,0.0,16
5,fr_varic,34,0.11764705882352941,0.32218973970892123,16
5,fr_antec,1,0.0,0.0,16
5,ana_dime,237,1.4514767932489452,0.5835002164746844,16
5,ana_crea,64,0.859375,0.3476343040826092,16
5,ana_trop,1071,0.8478057889822596,0.3592090382359942,16
5,tension_,78,126.37179487179488,21.79691166924564,16
5,ana_hemo,5,14.719999999999999,1.4133647795243802,16
5,ana_plaq,5,221.4,48.06911690472377,16
5,ana_leuc,19,7.149473684210527,2.746644792784195,16
5,ana_neu,1297,7.447754047802622,3.146922644662403,16
5,protcrea,1646,36.817340218712026,51.11836454494,16
5,splanchnic,588,0.006802721088435374,0.08219759165710591,16
1,raza,539,2.901669758812616,0.587103985216016,17
1,ant_inf,35,0.02857142857142857,0.1665986255670086,17
1,ant_isq,34,0.0,0.0,17
1,ant_clau,36,0.027777777777777776,0.16433554953054486,17
1,fum_act,44,0.2727272727272727,0.44536177141512323,17
1,diabetes,34,0.029411764705882353,0.1689577248981773,17
1,hip_art,35,0.2571428571428571,0.4370588154508102,17
1,insf_car,7,0.0,0.0,17
1,fibr_aur,236,0.012711864406779662,0.11202800056273124,17
1,trat_est,40,0.175,0.3799671038392666,17
1,var171,27,0.0,0.0,17
1,tv_l_esu,449,0.015590200445434299,0.12388359897704569,17
1,tvp_orig,1607,0.209085252022402,0.406655393926025,17
1,tv_l_ein,343,0.7434402332361516,0.4367343046314637,17
1,tvp_prox,679,0.8939617083946981,0.3078866225069398,17
1,tv_l_svc,606,0.0033003300330033004,0.057353621112154335,17
1,tv_l_vre,621,0.00322061191626409,0.05665897612160768,17
1,tv_l_vrn,611,0.009819967266775777,0.0986079890762165,17
1,tv_l_vca,1149,0.06005221932114883,0.23758356482668044,17
1,tv_l_yug,1162,0.012048192771084338,0.10910102576069175,17
1,tv_l_ova,1163,0.0017196904557179708,0.04143347825677302,17
1,tv_l_sup,1161,0.006029285099052541,0.0774140350340097,17
1,tv_l_pul,1162,0.0051635111876075735,0.07167181691448198,17
1,tv_l_ove,611,0.03927986906710311,0.19426003436933273,17
1,fr_antfa,864,0.1574074074074074,0.36418445257957655,17
1,fr_tvs_a,322,0.046583850931677016,0.2107458084139571,17
1,fr_viaje,11,0.0,0.0,17
1,fr_estro,15,0.13333333333333333,0.3399346342395189,17
1,fr_varic,34,0.058823529411764705,0.23529411764705885,17
1,fr_antec,1,0.0,0.0,17
1,ana_dime,237,1.4852320675105486,0.5707287230012124,17
1,ana_crea,64,0.875,0.33071891388307384,17
1,ana_trop,1071,0.7749766573295985,0.41759769865726104,17
1,tension_,78,130.78205128205127,19.840807104588077,17
1,ana_hemo,5,14.66,2.915201536772372,17
1,ana_plaq,5,230.0,80.62009675012801,17
1,ana_leuc,19,8.991052631578947,3.506746722558857,17
1,ana_neu,1297,6.566640709329222,3.134160837146027,17
1,protcrea,1646,43.56793317132442,45.88842088117205,17
1,splanchnic,588,0.02040816326530612,0.14139190265868387,17
2,raza,539,2.896103896103896,0.66195558116232,17
2,ant_inf,35,0.05714285714285714,0.23211538298959888,17
2,ant_isq,34,0.0,0.0,17
2,ant_clau,36,0.027777777777777776,0.16433554953054486,17
2,fum_act,44,0.1590909090909091,0.36576083953252464,17
2,diabetes,34,0.08823529411764706,0.2836367870880281,17
2,hip_art,35,0.2,0.4,17
2,insf_car,7,0.14285714285714285,0.3499271061118826,17
2,fibr_aur,236,0.025423728813559324,0.15740826797463311,17
2,trat_est,40,0.15,0.3570714214271425,17
2,var171,27,0.1111111111111111,0.3142696805273545,17
2,tv_l_esu,449,0.017817371937639197,0.13228723746028948,17
2,tvp_orig,1607,0.16988176726820162,0.37552889691478364,17
2,tv_l_ein,343,0.760932944606414,0.4265137728362662,17
2,tvp_prox,679,0.8777614138438881,0.3275611610228947,17
2,tv_l_svc,606,0.006600660066006601,0.08097586895303828,17
2,tv_l_vre,621,0.00644122383252818,0.07999834040820752,17
2,tv_l_vrn,611,0.004909983633387889,0.06989903929316733,17
2,tv_l_vca,1149,0.050478677110530897,0.2189305375403387,17
2,tv_l_yug,1162,0.006024096385542169,0.07738091914858512,17
2,tv_l_ova,1163,0.0,0.0,17
2,tv_l_sup,1161,0.0034453057708871662,0.05859552575950025,17
2,tv_l_pul,1162,0.006024096385542169,0.07738091914858512,17
2,tv_l_ove,611,0.07528641571194762,0.2638529350247888,17
2,fr_antfa,864,0.14699074074074073,0.35409668577555065,17
2,fr_tvs_a,322,0.06832298136645963,0.2522993293365205,17
2,fr_viaje,11,0.0,0.0,17
2,fr_estro,15,0.0,0.0,17
2,fr_varic,34,0.14705882352941177,0.3541645464350675,17
2,fr_antec,1,0.0,0.0,17
2,ana_dime,237,1.5316455696202531,0.5846585004451907,17
2,ana_crea,64,0.9375,0.24206145913796356,17
2,ana_trop,1071,0.80765639589169,0.39414152542828534,17
2,tension_,78,132.6153846153846,20.796468369580033,17
2,ana_hemo,5,12.940000000000001,1.3440238093129155,17
2,ana_plaq,5,250.8,48.6555238385119,17
2,ana_leuc,19,8.728421052631578,3.2210463536230525,17
2,ana_neu,1297,6.523023130300695,3.1481467945475665,17
2,protcrea,1646,18.64424787363305,30.440910671330442,17
2,splanchnic,588,0.027210884353741496,0.1626974250762095,17
3,raza,539,2.8330241187384044,0.8115266205239534,17
3,ant_inf,35,0.02857142857142857,0.1665986255670086,17
3,ant_isq,34,0.0,0.0,17
3,ant_clau,36,0.027777777777777776,0.16433554953054486,17
3,fum_act,44,0.1590909090909091,0.36576083953252464,17
3,diabetes,34,0.14705882352941177,0.3541645464350675,17
3,hip_art,35,0.37142857142857144,0.4831867007225075,17
3,insf_car,7,0.0,0.0,17
3,fibr_aur,236,0.0211864406779661,0.14400547006751213,17
3,trat_est,40,0.15,0.3570714214271425,17
3,var171,27,0.0,0.0,17
3,tv_l_esu,449,0.017817371937639197,0.13228723746028948,17
3,tvp_orig,1607,0.19477286869943994,0.3960257546145587,17
3,tv_l_ein,343,0.7405247813411079,0.4383467001824152,17
3,tvp_prox,679,0.9042709867452136,0.29421925374803626,17
3,tv_l_svc,606,0.0033003300330033004,0.057353621112154335,17
3,tv_l_vre,621,0.004830917874396135,0.06933671543191944,17
3,tv_l_vrn,611,0.009819967266775777,0.0986079890762165,17
3,tv_l_vca,1149,0.04960835509138381,0.21713444267667664,17
3,tv_l_yug,1162,0.021514629948364887,0.14509221428646615,17
3,tv_l_ova,1163,0.009458297506448839,0.09679275858621006,17
3,tv_l_sup,1161,0.0103359173126615,0.10113894465519858,17
3,tv_l_pul,1162,0.0,0.0,17
3,tv_l_ove,611,0.057283142389525366,0.23238283927068865,17
3,fr_antfa,864,0.10300925925925926,0.30397097191363187,17
3,fr_tvs_a,322,0.046583850931677016,0.2107458084139571,17
3,fr_viaje,11,0.09090909090909091,0.2874797872880344,17
3,fr_estro,15,0.0,0.0,17
3,fr_varic,34,0.11764705882352941,0.32218973970892123,17
3,fr_antec,1,0.0,0.0,17
3,ana_dime,237,1.4936708860759493,0.5782284392616337,17
3,ana_crea,64,0.890625,0.3121091305537215,17
3,ana_trop,1071,0.7945845004668534,0.4040049159164953,17
3,tension_,78,130.03846153846155,18.34459489156684,17
3,ana_hemo,5,13.98,2.5979992301769452,17
3,ana_plaq,5,233.2,40.20646714149354,17
3,ana_leuc,19,8.682105263157895,3.7348946000028156,17
3,ana_neu,1297,6.792576715497301,3.1188101034752918,17
3,protcrea,1646,25.237756986634263,38.363943143283514,17
3,splanchnic,588,0.017006802721088437,0.12929644767855925,17
4,raza,539,2.8794063079777366,0.6826248178640445,17
4,ant_inf,35,0.0,0.0,17
4,ant_isq,34,0.029411764705882353,0.1689577248981773,17
4,ant_clau,36,0.027777777777777776,0.16433554953054486,17
4,fum_act,44,0.18181818181818182,0.385694607919935,17
4,diabetes,34,0.058823529411764705,0.23529411764705885,17
4,hip_art,35,0.37142857142857144,0.4831867007225075,17
4,insf_car,7,0.0,0.0,17
4,fibr_aur,236,0.00847457627118644,0.09166655785077936,17
4,trat_est,40,0.15,0.3570714214271425,17
4,var171,27,0.0,0.0,17
4,tv_l_esu,449,0.0066815144766146995,0.08146699847738034,17
4,tvp_orig,1607,0.21219663970130678,0.40886333389138796,17
4,tv_l_ein,343,0.8017492711370262,0.3986820504716426,17
4,tvp_prox,679,0.8836524300441826,0.32064125268154997,17
4,tv_l_svc,606,0.0033003300330033004,0.05735362111215434,17
4,tv_l_vre,621,0.008051529790660225,0.08936835378751438,17
4,tv_l_vrn,611,0.009819967266775777,0.0986079890762165,17
4,tv_l_vca,1149,0.07571801566579635,0.26454640003112984,17
4,tv_l_yug,1162,0.02323580034423408,0.15065157790941644,17
4,tv_l_ova,1163,0.0034393809114359416,0.05854529503198349,17
4,tv_l_sup,1161,0.0034453057708871662,0.05859552575950025,17
4,tv_l_pul,1162,0.0025817555938037868,0.050745345913272184,17
4,tv_l_ove,611,0.044189852700491,0.20551668939237006,17
4,fr_antfa,864,0.1550925925925926,0.36199292854350157,17
4,fr_tvs_a,322,0.037267080745341616,0.1894155364220734,17
4,fr_viaje,11,0.0,0.0,17
4,fr_estro,15,0.06666666666666667,0.24944382578492946,17
4,fr_varic,34,0.14705882352941177,0.3541645464350675,17
4,fr_antec,1,0.0,0.0,17
4,ana_dime,237,1.5274261603375527,0.5552652840642434,17
4,ana_crea,64,0.828125,0.37727176461405115,17
4,ana_trop,1071,0.7824463118580766,0.41258221110194526,17
4,tension_,78,130.0,20.4782561356912,17
4,ana_hemo,5,13.839999999999998,1.8467268341582088,17
4,ana_plaq,5,258.8,71.21348186965724,17
4,ana_leuc,19,8.439473684210524,3.3822811886035087,17
4,ana_neu,1297,6.534583654587509,3.0315926402041424,17
4,protcrea,1646,23.860475091130013,36.257208880590085,17
4,splanchnic,588,0.008503401360544218,0.09182098630403462,17
5,raza,539,2.7866419294990723,0.9242796140752884,17
5,ant_inf,35,0.02857142857142857,0.1665986255670086,17
5,ant_isq,34,0.08823529411764706,0.28363678708802803,17
5,ant_clau,36,0.0,0.0,17
5,fum_act,44,0.3181818181818182,0.46577048936179993,17
5,diabetes,34,0.029411764705882353,0.16895772489817729,17
5,hip_art,35,0.4,0.48989794855663565,17
5,insf_car,7,0.0,0.0,17
5,fibr_aur,236,0.012711864406779662,0.11202800056273124,17
5,trat_est,40,0.125,0.33071891388307384,17
5,var171,27,0.07407407407407407,0.2618914004394621,17
5,tv_l_esu,449,0.008908685968819599,0.09396446819478389,17
5,tvp_orig,1607,0.1879278158058494,0.39065451725571043,17
5,tv_l_ein,343,0.760932944606414,0.4265137728362662,17
5,tvp_prox,679,0.8733431516936672,0.33258817039010785,17
5,tv_l_svc,606,0.0033003300330033004,0.057353621112154335,17
5,tv_l_vre,621,0.00644122383252818,0.07999834040820754,17
5,tv_l_vrn,611,0.004909983633387889,0.06989903929316733,17
5,tv_l_vca,1149,0.044386422976501305,0.20595210227587488,17
5,tv_l_yug,1162,0.016351118760757316,0.1268217634163353,17
5,tv_l_ova,1163,0.004299226139294927,0.06542738565691075,17
5,tv_l_sup,1161,0.0008613264427217916,0.02933572156059673,17
5,tv_l_pul,1162,0.0008605851979345956,0.02932310677693773,17
5,tv_l_ove,611,0.06382978723404255,0.24444947432076722,17
5,fr_antfa,864,0.13194444444444445,0.3384303591947557,17
5,fr_tvs_a,322,0.062111801242236024,0.24135849972329748,17
5,fr_viaje,11,0.0,0.0,17
5,fr_estro,15,0.0,0.0,17
5,fr_varic,34,0.17647058823529413,0.3812200410828154,17
5,fr_antec,1,0.0,0.0,17
5,ana_dime,237,1.5274261603375527,0.5239887989502652,17
5,ana_crea,64,0.90625,0.2914805954090255,17
5,ana_trop,1071,0.7675070028011205,0.42242159444370425,17
5,tension_,78,127.56410256410257,19.709160790515757,17
5,ana_hemo,5,14.440000000000001,1.9602040710089346,17
5,ana_plaq,5,275.6,23.36321895629966,17
5,ana_leuc,19,8.42315789473684,2.9517596048023513,17
5,ana_neu,1297,6.421404780262145,3.0925683300851188,17
5,protcrea,1646,27.604078979343864,41.59633305429252,17
5,splanchnic,588,0.02040816326530612,0.14139190265868387,17
1,raza,539,2.914656771799629,0.5550814536874724,18
1,ant_inf,35,0.0,0.0,18
1,ant_isq,34,0.0,0.0,18
1,ant_clau,36,0.0,0.0,18
1,fum_act,44,0.25,0.4330127018922193,18
1,diabetes,34,0.029411764705882353,0.16895772489817729,18
1,hip_art,35,0.2,0.4,18
1,insf_car,7,0.0,0.0,18
1,fibr_aur,236,0.012711864406779662,0.11202800056273124,18
1,trat_est,40,0.025,0.15612494995995996,18
1,var171,27,0.037037037037037035,0.18885257457751053,18
1,tv_l_esu,449,0.011135857461024499,0.10493736293442983,18
1,tvp_orig,1607,0.4598630989421282,0.49838642555096796,18
1,tv_l_ein,343,0.7288629737609329,0.44454666711302937,18
1,tvp_prox,679,0.8512518409425626,0.35584005428627724,18
1,tv_l_svc,606,0.00825082508250825,0.09045854834102802,18
1,tv_l_vre,621,0.020933977455716585,0.14316335440188643,18
1,tv_l_vrn,611,0.0032733224222585926,0.05711924178924762,18
1,tv_l_vca,1149,0.06179286335944299,0.2407789554701245,18
1,tv_l_yug,1162,0.00946643717728055,0.0968340009730526,18
1,tv_l_ova,1163,0.005159071367153913,0.07164115681493792,18
1,tv_l_sup,1161,0.01636520241171404,0.12687546083359724,18
1,tv_l_pul,1162,0.00946643717728055,0.0968340009730526,18
1,tv_l_ove,611,0.044189852700491,0.20551668939237003,18
1,fr_antfa,864,0.14699074074074073,0.35409668577555065,18
1,fr_tvs_a,322,0.06521739130434782,0.24690905851305536,18
1,fr_viaje,11,0.0,0.0,18
1,fr_estro,15,0.13333333333333333,0.33993463423951903,18
1,fr_varic,34,0.058823529411764705,0.23529411764705885,18
1,fr_antec,1,0.0,0.0,18
1,ana_dime,237,1.518987341772152,0.5556178640128784,18
1,ana_crea,64,0.921875,0.26836818808308854,18
1,ana_trop,1071,0.8748832866479925,0.3308512073304237,18
1,tension_,78,133.8846153846154,20.530765387977468,18
1,ana_hemo,5,12.5,1.8077610461562665,18
1,ana_plaq,5,238.6,67.8191713308265,18
1,ana_leuc,19,9.830526315789475,4.7185373220770215,18
1,ana_neu,1297,6.269615265998458,3.0250550743398557,18
1,protcrea,1646,33.496512758201696,45.72291482890759,18
1,splanchnic,588,0.015306122448979591,0.12276744301546902,18
2,raza,539,2.8645640074211505,0.5985653419114394,18
2,ant_inf,35,0.05714285714285714,0.23211538298959888,18
2,ant_isq,34,0.0,0.0,18
2,ant_clau,36,0.0,0.0,18
2,fum_act,44,0.29545454545454547,0.4562468159064712,18
2,diabetes,34,0.058823529411764705,0.23529411764705885,18
2,hip_art,35,0.2857142857142857,0.45175395145262565,18
2,insf_car,7,0.0,0.0,18
2,fibr_aur,236,0.00423728813559322,0.06495639710489784,18
2,trat_est,40,0.15,0.3570714214271425,18
2,var171,27,0.037037037037037035,0.18885257457751053,18
2,tv_l_esu,449,0.015590200445434299,0.12388359897704569,18
2,tvp_orig,1607,0.28375855631611696,0.4508210709732966,18
2,tv_l_ein,343,0.7376093294460642,0.4399338661210248,18
2,tvp_prox,679,0.8438880706921944,0.36296142334358383,18
2,tv_l_svc,606,0.00825082508250825,0.09045854834102802,18
2,tv_l_vre,621,0.014492753623188406,0.1195103079889177,18
2,tv_l_vrn,611,0.0,0.0,18
2,tv_l_vca,1149,0.034812880765883375,0.1833056030203762,18
2,tv_l_yug,1162,0.011187607573149742,0.10517815842625762,18
2,tv_l_ova,1163,0.007738607050730868,0.08762831170144297,18
2,tv_l_sup,1161,0.002583979328165375,0.05076713877102971,18
2,tv_l_pul,1162,0.0034423407917383822,0.0585703942415613,18
2,tv_l_ove,611,0.05237315875613748,0.22277838988115947,18
2,fr_antfa,864,0.12731481481481483,0.3333252956849873,18
2,fr_tvs_a,322,0.059006211180124224,0.2356363261941817,18
2,fr_viaje,11,0.0,0.0,18
2,fr_estro,15,0.0,0.0,18
2,fr_varic,34,0.14705882352941177,0.3541645464350675,18
2,fr_antec,1,0.0,0.0,18
2,ana_dime,237,1.5358649789029535,0.5697921290934952,18
2,ana_crea,64,0.875,0.33071891388307384,18
2,ana_trop,1071,0.9047619047619048,0.29354352395090366,18
2,tension_,78,129.0897435897436,21.9651156396332,18
2,ana_hemo,5,12.459999999999999,1.4582180906846547,18
2,ana_plaq,5,335.6,69.49992805751673,18
2,ana_leuc,19,9.63,4.1021932516257955,18
2,ana_neu,1297,6.89277101002313,3.132203254613474,18
2,protcrea,1646,26.434270959902793,41.91576569908311,18
2,splanchnic,588,0.017006802721088437,0.12929644767855925,18
3,raza,539,2.8423005565862707,0.830311146397972,18
3,ant_inf,35,0.05714285714285714,0.23211538298959888,18
3,ant_isq,34,0.0,0.0,18
3,ant_clau,36,0.0,0.0,18
3,fum_act,44,0.29545454545454547,0.45624681590647115,18
3,diabetes,34,0.08823529411764706,0.28363678708802803,18
3,hip_art,35,0.2,0.4,18
3,insf_car,7,0.0,0.0,18
3,fibr_aur,236,0.01694915254237288,0.1290809000993883,18
3,trat_est,40,0.15,0.3570714214271425,18
3,var171,27,0.037037037037037035,0.18885257457751053,18
3,tv_l_esu,449,0.004454342984409799,0.06659205517918063,18
3,tvp_orig,1607,0.28002489110143125,0.44901108167289455,18
3,tv_l_ein,343,0.7521865889212828,0.43174289150864764,18
3,tvp_prox,679,0.9116347569955817,0.2838253456497294,18
3,tv_l_svc,606,0.0049504950495049506,0.07018538058791003,18
3,tv_l_vre,621,0.02254428341384863,0.1484454064604382,18
3,tv_l_vrn,611,0.0032733224222585926,0.05711924178924761,18
3,tv_l_vca,1149,0.03307223672758921,0.17882523279846027,18
3,tv_l_yug,1162,0.014629948364888123,0.12006628575802965,18
3,tv_l_ova,1163,0.004299226139294927,0.06542738565691075,18
3,tv_l_sup,1161,0.013781223083548665,0.11658173516409047,18
3,tv_l_pul,1162,0.0017211703958691911,0.04145127221615248,18
3,tv_l_ove,611,0.03436988543371522,0.18217737622709496,18
3,fr_antfa,864,0.13657407407407407,0.34339714088047296,18
3,fr_tvs_a,322,0.049689440993788817,0.21730255508740248,18
3,fr_viaje,11,0.0,0.0,18
3,fr_estro,15,0.0,0.0,18
3,fr_varic,34,0.14705882352941177,0.3541645464350675,18
3,fr_antec,1,1.0,0.0,18
3,ana_dime,237,1.4936708860759493,0.5708846725964395,18
3,ana_crea,64,0.921875,0.26836818808308854,18
3,ana_trop,1071,0.8646125116713352,0.34213698474839055,18
3,tension_,78,127.44871794871794,20.341096102816998,18
3,ana_hemo,5,13.419999999999998,1.526302722267113,18
3,ana_plaq,5,266.6,33.37424156441612,18
3,ana_leuc,19,9.953684210526315,4.098259207499686,18
3,ana_neu,1297,7.524222821896686,3.2828541912755407,18
3,protcrea,1646,71.65540097205346,54.29143813578134,18
3,splanchnic,588,0.027210884353741496,0.1626974250762095,18
4,raza,539,2.927643784786642,0.6920943821319643,18
4,ant_inf,35,0.05714285714285714,0.2321153829895989,18
4,ant_isq,34,0.0,0.0,18
4,ant_clau,36,0.027777777777777776,0.16433554953054486,18
4,fum_act,44,0.1590909090909091,0.36576083953252464,18
4,diabetes,34,0.029411764705882353,0.16895772489817729,18
4,hip_art,35,0.34285714285714286,0.4746642207381757,18
4,insf_car,7,0.0,0.0,18
4,fibr_aur,236,0.00847457627118644,0.09166655785077937,18
4,trat_est,40,0.175,0.3799671038392666,18
4,var171,27,0.037037037037037035,0.18885257457751053,18
4,tv_l_esu,449,0.011135857461024499,0.10493736293442983,18
4,tvp_orig,1607,0.3403858120721842,0.4738389082928331,18
4,tv_l_ein,343,0.7259475218658892,0.446035556164151,18
4,tvp_prox,679,0.8586156111929307,0.34841762786736363,18
4,tv_l_svc,606,0.0016501650165016502,0.04058869266088728,18
4,tv_l_vre,621,0.004830917874396135,0.06933671543191944,18
4,tv_l_vrn,611,0.0032733224222585926,0.05711924178924761,18
4,tv_l_vca,1149,0.05221932114882506,0.22246901727562185,18
4,tv_l_yug,1162,0.018072289156626505,0.13321291799696375,18
4,tv_l_ova,1163,0.004299226139294927,0.06542738565691075,18
4,tv_l_sup,1161,0.004306632213608958,0.06548347220929618,18
4,tv_l_pul,1162,0.012048192771084338,0.10910102576069175,18
4,tv_l_ove,611,0.058919803600654665,0.2354745428795116,18
4,fr_antfa,864,0.13078703703703703,0.33716729968979753,18
4,fr_tvs_a,322,0.043478260869565216,0.20393111999232305,18
4,fr_viaje,11,0.0,0.0,18
4,fr_estro,15,0.06666666666666667,0.24944382578492946,18
4,fr_varic,34,0.2647058823529412,0.44117647058823534,18
4,fr_antec,1,0.0,0.0,18
4,ana_dime,237,1.510548523206751,0.5925829489978317,18
4,ana_crea,64,0.828125,0.37727176461405115,18
4,ana_trop,1071,0.876750700280112,0.32872315074914504,18
4,tension_,78,131.03846153846155,22.795322455237706,18
4,ana_hemo,5,14.16,1.5730225681788543,18
4,ana_plaq,5,291.8,97.50979437984678,18
4,ana_leuc,19,9.786842105263158,3.891805226683071,18
4,ana_neu,1297,6.402730917501928,3.1960280101563714,18
4,protcrea,1646,51.660091130012155,50.19152714852188,18
4,splanchnic,588,0.013605442176870748,0.11584616575460135,18
5,raza,539,2.868274582560297,0.7177157841847067,18
5,ant_inf,35,0.11428571428571428,0.318157963590287,18
5,ant_isq,34,0.029411764705882353,0.1689577248981773,18
5,ant_clau,36,0.0,0.0,18
5,fum_act,44,0.18181818181818182,0.385694607919935,18
5,diabetes,34,0.11764705882352941,0.32218973970892123,18
5,hip_art,35,0.22857142857142856,0.4199125273342591,18
5,insf_car,7,0.0,0.0,18
5,fibr_aur,236,0.00847457627118644,0.09166655785077937,18
5,trat_est,40,0.275,0.44651427748729383,18
5,var171,27,0.0,0.0,18
5,tv_l_esu,449,0.0066815144766146995,0.08146699847738034,18
5,tvp_orig,1607,0.3341630367143746,0.47169704430725673,18
5,tv_l_ein,343,0.7667638483965015,0.42289129713046636,18
5,tvp_prox,679,0.8615611192930781,0.3453600396912425,18
5,tv_l_svc,606,0.0049504950495049506,0.07018538058791002,18
5,tv_l_vre,621,0.020933977455716585,0.14316335440188643,18
5,tv_l_vrn,611,0.01800327332242226,0.13296298534592407,18
5,tv_l_vca,1149,0.0783289817232376,0.268688578740218,18
5,tv_l_yug,1162,0.01721170395869191,0.13005945258046514,18
5,tv_l_ova,1163,0.0034393809114359416,0.058545295031983496,18
5,tv_l_sup,1161,0.0103359173126615,0.1011389446551986,18
5,tv_l_pul,1162,0.0025817555938037868,0.050745345913272184,18
5,tv_l_ove,611,0.044189852700491,0.20551668939237006,18
5,fr_antfa,864,0.17708333333333334,0.3817392125376811,18
5,fr_tvs_a,322,0.046583850931677016,0.2107458084139571,18
5,fr_viaje,11,0.09090909090909091,0.28747978728803447,18
5,fr_estro,15,0.06666666666666667,0.24944382578492943,18
5,fr_varic,34,0.20588235294117646,0.40434491426080943,18
5,fr_antec,1,0.0,0.0,18
5,ana_dime,237,1.5443037974683544,0.5981152187330581,18
5,ana_crea,64,0.953125,0.21137108216357317,18
5,ana_trop,1071,0.873015873015873,0.3329551898952862,18
5,tension_,78,128.35897435897436,19.289278514623792,18
5,ana_hemo,5,11.620000000000001,1.3332666649999168,18
5,ana_plaq,5,281.8,99.7464786345864,18
5,ana_leuc,19,10.183684210526316,3.997970814940889,18
5,ana_neu,1297,6.461751734772552,3.1603316537916215,18
5,protcrea,1646,61.07381409477521,49.79139607305133,18
5,splanchnic,588,0.008503401360544218,0.09182098630403461,18
1,raza,539,2.9406307977736548,0.5584569675941609,19
1,ant_inf,35,0.0,0.0,19
1,ant_isq,34,0.0,0.0,19
1,ant_clau,36,0.027777777777777776,0.16433554953054486,19
1,fum_act,44,0.3409090909090909,0.47401485487759565,19
1,diabetes,34,0.0,0.0,19
1,hip_art,35,0.22857142857142856,0.4199125273342591,19
1,insf_car,7,0.14285714285714285,0.3499271061118826,19
1,fibr_aur,236,0.00847457627118644,0.09166655785077937,19
1,trat_est,40,0.125,0.33071891388307384,19
1,var171,27,0.07407407407407407,0.2618914004394621,19
1,tv_l_esu,449,0.017817371937639197,0.13228723746028948,19
1,tvp_orig,1607,0.2271313005600498,0.41897812934084055,19
1,tv_l_ein,343,0.7230320699708455,0.4475004980606389,19
1,tvp_prox,679,0.8807069219440353,0.3241330584557801,19
1,tv_l_svc,606,0.006600660066006601,0.08097586895303828,19
1,tv_l_vre,621,0.014492753623188406,0.11951030798891768,19
1,tv_l_vrn,611,0.01309328968903437,0.11367433947093511,19
1,tv_l_vca,1149,0.058311575282854654,0.23433167833412244,19
1,tv_l_yug,1162,0.028399311531841654,0.16611077820646997,19
1,tv_l_ova,1163,0.005159071367153913,0.07164115681493792,19
1,tv_l_sup,1161,0.0008613264427217916,0.02933572156059673,19
1,tv_l_pul,1162,0.0025817555938037868,0.050745345913272184,19
1,tv_l_ove,611,0.049099836333878884,0.216076473513118,19
1,fr_antfa,864,0.11226851851851852,0.31569652875534693,19
1,fr_tvs_a,322,0.055900621118012424,0.22972971439635942,19
1,fr_viaje,11,0.0,0.0,19
1,fr_estro,15,0.0,0.0,19
1,fr_varic,34,0.17647058823529413,0.3812200410828154,19
1,fr_antec,1,0.0,0.0,19
1,ana_dime,237,1.5738396624472575,0.5510167277020553,19
1,ana_crea,64,0.953125,0.21137108216357317,19
1,ana_trop,1071,0.8683473389355743,0.338112759148603,19
1,tension_,78,133.26923076923077,23.993414201595186,19
1,ana_hemo,5,13.84,2.2756098083810414,19
1,ana_plaq,5,213.2,105.75708014123688,19
1,ana_leuc,19,9.59842105263158,4.0177740147052825,19
1,ana_neu,1297,6.613771781033154,3.223829576745272,19
1,protcrea,1646,48.96755771567436,36.75696914918356,19
1,splanchnic,588,0.027210884353741496,0.1626974250762095,19
2,raza,539,2.896103896103896,0.6758239912341657,19
2,ant_inf,35,0.05714285714285714,0.23211538298959888,19
2,ant_isq,34,0.0,0.0,19
2,ant_clau,36,0.027777777777777776,0.16433554953054486,19
2,fum_act,44,0.29545454545454547,0.45624681590647115,19
2,diabetes,34,0.14705882352941177,0.3541645464350675,19
2,hip_art,35,0.22857142857142856,0.4199125273342591,19
2,insf_car,7,0.0,0.0,19
2,fibr_aur,236,0.038135593220338986,0.19152354881338177,19
2,trat_est,40,0.15,0.3570714214271425,19
2,var171,27,0.037037037037037035,0.18885257457751053,19
2,tv_l_esu,449,0.008908685968819599,0.09396446819478389,19
2,tvp_orig,1607,0.21717485998755445,0.4123226166206998,19
2,tv_l_ein,343,0.7346938775510204,0.44149607454661094,19
2,tvp_prox,679,0.9072164948453608,0.2901288098859854,19
2,tv_l_svc,606,0.009900990099009901,0.09900990099009899,19
2,tv_l_vre,621,0.011272141706924315,0.10557026346591797,19
2,tv_l_vrn,611,0.01309328968903437,0.11367433947093511,19
2,tv_l_vca,1149,0.05657093124456049,0.2310209102715243,19
2,tv_l_yug,1162,0.02495697074010327,0.15599397536950232,19
2,tv_l_ova,1163,0.004299226139294927,0.06542738565691075,19
2,tv_l_sup,1161,0.014642549526270457,0.12011721470980409,19
2,tv_l_pul,1162,0.0008605851979345956,0.029323106776937734,19
2,tv_l_ove,611,0.03927986906710311,0.19426003436933273,19
2,fr_antfa,864,0.14699074074074073,0.35409668577555065,19
2,fr_tvs_a,322,0.049689440993788817,0.21730255508740248,19
2,fr_viaje,11,0.0,0.0,19
2,fr_estro,15,0.0,0.0,19
2,fr_varic,34,0.20588235294117646,0.40434491426080943,19
2,fr_antec,1,0.0,0.0,19
2,ana_dime,237,1.5569620253164558,0.553016326729739,19
2,ana_crea,64,0.859375,0.3476343040826092,19
2,ana_trop,1071,0.8543417366946778,0.3527632827211466,19
2,tension_,78,129.62820512820514,16.82725884890878,19
2,ana_hemo,5,13.719999999999999,1.808203528367313,19
2,ana_plaq,5,187.4,65.09254949685102,19
2,ana_leuc,19,9.333684210526316,3.5871088057776466,19
2,ana_neu,1297,6.557430223592906,3.178449120897903,19
2,protcrea,1646,63.46723572296476,39.10226225786937,19
2,splanchnic,588,0.013605442176870748,0.11584616575460137,19
3,raza,539,2.910946196660482,0.7306253420366456,19
3,ant_inf,35,0.05714285714285714,0.23211538298959888,19
3,ant_isq,34,0.058823529411764705,0.23529411764705885,19
3,ant_clau,36,0.05555555555555555,0.2290614236454256,19
3,fum_act,44,0.06818181818181818,0.25205764787294127,19
3,diabetes,34,0.11764705882352941,0.32218973970892123,19
3,hip_art,35,0.22857142857142856,0.4199125273342591,19
3,insf_car,7,0.0,0.0,19
3,fibr_aur,236,0.01694915254237288,0.12908090009938827,19
3,trat_est,40,0.15,0.3570714214271425,19
3,var171,27,0.037037037037037035,0.18885257457751053,19
3,tv_l_esu,449,0.0200445434298441,0.14015263004500914,19
3,tvp_orig,1607,0.26011200995644057,0.4386955119816718,19
3,tv_l_ein,343,0.7696793002915452,0.421038092094127,19
3,tvp_prox,679,0.8969072164948454,0.30408002481964175,19
3,tv_l_svc,606,0.00825082508250825,0.09045854834102802,19
3,tv_l_vre,621,0.008051529790660225,0.08936835378751438,19
3,tv_l_vrn,611,0.006546644844517185,0.08064605561214348,19
3,tv_l_vca,1149,0.03655352480417755,0.1876629015777171,19
3,tv_l_yug,1162,0.0189328743545611,0.1362880061606138,19
3,tv_l_ova,1163,0.0034393809114359416,0.058545295031983496,19
3,tv_l_sup,1161,0.01808785529715762,0.13326921920648707,19
3,tv_l_pul,1162,0.006024096385542169,0.07738091914858512,19
3,tv_l_ove,611,0.058919803600654665,0.23547454287951156,19
3,fr_antfa,864,0.1712962962962963,0.37676766736474054,19
3,fr_tvs_a,322,0.062111801242236024,0.24135849972329748,19
3,fr_viaje,11,0.09090909090909091,0.2874797872880344,19
3,fr_estro,15,0.0,0.0,19
3,fr_varic,34,0.29411764705882354,0.4556450995538137,19
3,fr_antec,1,0.0,0.0,19
3,ana_dime,237,1.5527426160337552,0.5831339646027532,19
3,ana_crea,64,0.921875,0.26836818808308854,19
3,ana_trop,1071,0.8627450980392157,0.3441162504859656,19
3,tension_,78,128.71794871794873,19.257963677995946,19
3,ana_hemo,5,12.680000000000001,4.486156484118672,19
3,ana_plaq,5,197.8,106.986728148869,19
3,ana_leuc,19,8.937894736842106,3.5100511001638957,19
3,ana_neu,1297,6.555038550501156,3.2046508798039572,19
3,protcrea,1646,47.97247873633049,34.29794639841717,19
3,splanchnic,588,0.023809523809523808,0.15245533898649638,19
4,raza,539,2.9406307977736548,0.6448025190324317,19
4,ant_inf,35,0.02857142857142857,0.1665986255670086,19
4,ant_isq,34,0.0,0.0,19
4,ant_clau,36,0.08333333333333333,0.2763853991962833,19
4,fum_act,44,0.22727272727272727,0.4190702026042221,19
4,diabetes,34,0.058823529411764705,0.23529411764705885,19
4,hip_art,35,0.22857142857142856,0.4199125273342591,19
4,insf_car,7,0.0,0.0,19
4,fibr_aur,236,0.012711864406779662,0.11202800056273124,19
4,trat_est,40,0.225,0.41758232721225164,19
4,var171,27,0.0,0.0,19
4,tv_l_esu,449,0.022271714922048998,0.14756586880603514,19
4,tvp_orig,1607,0.21468574984443062,0.41060416298201996,19
4,tv_l_ein,343,0.7871720116618076,0.4093070188967087,19
4,tvp_prox,679,0.8792341678939617,0.3258549461060465,19
4,tv_l_svc,606,0.01155115511551155,0.1068537595548652,19
4,tv_l_vre,621,0.020933977455716585,0.1431633544018864,19
4,tv_l_vrn,611,0.008183306055646482,0.09009072958771121,19
4,tv_l_vca,1149,0.058311575282854654,0.23433167833412244,19
4,tv_l_yug,1162,0.0068846815834767644,0.08268786333538254,19
4,tv_l_ova,1163,0.0008598452278589854,0.02931050825289649,19
4,tv_l_sup,1161,0.006029285099052541,0.0774140350340097,19
4,tv_l_pul,1162,0.0068846815834767644,0.08268786333538254,19
4,tv_l_ove,611,0.029459901800327332,0.16909173837370767,19
4,fr_antfa,864,0.16319444444444445,0.36954298497862675,19
4,fr_tvs_a,322,0.062111801242236024,0.24135849972329748,19
4,fr_viaje,11,0.0,0.0,19
4,fr_estro,15,0.0,0.0,19
4,fr_varic,34,0.14705882352941177,0.3541645464350675,19
4,fr_antec,1,0.0,0.0,19
4,ana_dime,237,1.5232067510548524,0.5630026600547149,19
4,ana_crea,64,0.859375,0.3476343040826092,19
4,ana_trop,1071,0.8664799253034547,0.3401359498047424,19
4,tension_,78,131.15384615384616,22.99112254711221,19
4,ana_hemo,5,13.88,0.901997782702375,19
4,ana_plaq,5,224.6,43.357121675683224,19
4,ana_leuc,19,8.97578947368421,3.6008541615178995,19
4,ana_neu,1297,6.615808789514263,3.2992685505783883,19
4,protcrea,1646,57.9251992709599,42.44250369638199,19
4,splanchnic,588,0.023809523809523808,0.15245533898649638,19
5,raza,539,2.896103896103896,0.6703110597695554,19
5,ant_inf,35,0.02857142857142857,0.1665986255670086,19
5,ant_isq,34,0.029411764705882353,0.1689577248981773,19
5,ant_clau,36,0.0,0.0,19
5,fum_act,44,0.38636363636363635,0.48691557467337615,19
5,diabetes,34,0.08823529411764706,0.28363678708802803,19
5,hip_art,35,0.3142857142857143,0.46423076597919777,19
5,insf_car,7,0.0,0.0,19
5,fibr_aur,236,0.00847457627118644,0.09166655785077936,19
5,trat_est,40,0.2,0.4,19
5,var171,27,0.0,0.0,19
5,tv_l_esu,449,0.013363028953229399,0.11482359692338748,19
5,tvp_orig,1607,0.27815805849408837,0.44809167922299975,19
5,tv_l_ein,343,0.7667638483965015,0.42289129713046636,19
5,tvp_prox,679,0.9057437407952872,0.2921849017410838,19
5,tv_l_svc,606,0.006600660066006601,0.08097586895303828,19
5,tv_l_vre,621,0.020933977455716585,0.14316335440188643,19
5,tv_l_vrn,611,0.006546644844517185,0.0806460556121435,19
5,tv_l_vca,1149,0.04264577893820714,0.20205721090067708,19
5,tv_l_yug,1162,0.0068846815834767644,0.08268786333538254,19
5,tv_l_ova,1163,0.0,0.0,19
5,tv_l_sup,1161,0.00516795865633075,0.0717025164109127,19
5,tv_l_pul,1162,0.0,0.0,19
5,tv_l_ove,611,0.054009819967266774,0.22603707508807092,19
5,fr_antfa,864,0.14583333333333334,0.35293904887702954,19
5,fr_tvs_a,322,0.037267080745341616,0.1894155364220734,19
5,fr_viaje,11,0.0,0.0,19
5,fr_estro,15,0.0,0.0,19
5,fr_varic,34,0.17647058823529413,0.3812200410828153,19
5,fr_antec,1,0.0,0.0,19
5,ana_dime,237,1.5485232067510548,0.5835002164746844,19
5,ana_crea,64,0.9375,0.24206145913796356,19
5,ana_trop,1071,0.8375350140056023,0.3688768281150741,19
5,tension_,78,129.94871794871796,19.483653527164787,19
5,ana_hemo,5,12.84,1.8704010265181101,19
5,ana_plaq,5,231.4,62.496719913928274,19
5,ana_leuc,19,8.548947368421052,3.6738806311537613,19
5,ana_neu,1297,6.484759444872783,3.1026080012411024,19
5,protcrea,1646,46.92523450789793,44.40141643326668,19
5,splanchnic,588,0.01870748299319728,0.13548990026292188,19
1,raza,539,2.961038961038961,0.7106163127430885,20
1,ant_inf,35,0.0,0.0,20
1,ant_isq,34,0.0,0.0,20
1,ant_clau,36,0.0,0.0,20
1,fum_act,44,0.18181818181818182,0.385694607919935,20
1,diabetes,34,0.029411764705882353,0.16895772489817729,20
1,hip_art,35,0.22857142857142856,0.4199125273342591,20
1,insf_car,7,0.0,0.0,20
1,fibr_aur,236,0.012711864406779662,0.11202800056273124,20
1,trat_est,40,0.075,0.26339134382131846,20
1,var171,27,0.0,0.0,20
1,tv_l_esu,449,0.0066815144766146995,0.08146699847738034,20
1,tvp_orig,1607,0.23335407591785937,0.4229656619282247,20
1,tv_l_ein,343,0.7638483965014577,0.4247164038080111,20
1,tvp_prox,679,0.9057437407952872,0.29218490174108386,20
1,tv_l_svc,606,0.0049504950495049506,0.07018538058791003,20
1,tv_l_vre,621,0.004830917874396135,0.06933671543191944,20
1,tv_l_vrn,611,0.0,0.0,20
1,tv_l_vca,1149,0.0731070496083551,0.2603121374540891,20
1,tv_l_yug,1162,0.02323580034423408,0.15065157790941644,20
1,tv_l_ova,1163,0.005159071367153913,0.07164115681493792,20
1,tv_l_sup,1161,0.0008613264427217916,0.02933572156059673,20
1,tv_l_pul,1162,0.006024096385542169,0.07738091914858512,20
1,tv_l_ove,611,0.05237315875613748,0.2227783898811595,20
1,fr_antfa,864,0.14814814814814814,0.3552467795046459,20
1,fr_tvs_a,322,0.049689440993788817,0.21730255508740248,20
1,fr_viaje,11,0.09090909090909091,0.2874797872880344,20
1,fr_estro,15,0.0,0.0,20
1,fr_varic,34,0.17647058823529413,0.3812200410828153,20
1,fr_antec,1,0.0,0.0,20
1,ana_dime,237,1.5864978902953586,0.5175273622434418,20
1,ana_crea,64,0.875,0.33071891388307384,20
1,ana_trop,1071,0.8702147525676938,0.33606701263474414,20
1,tension_,78,130.35897435897436,21.165389236018385,20
1,ana_hemo,5,14.020000000000001,1.875526592720029,20
1,ana_plaq,5,270.0,103.17945531936094,20
1,ana_leuc,19,8.774894736842105,4.4638539743935555,20
1,ana_neu,1297,6.577132613723978,3.1253208312951983,20
1,protcrea,1646,40.92425880923451,47.01179441763079,20
1,splanchnic,588,0.011904761904761904,0.10845754260886069,20
2,raza,539,2.8645640074211505,0.6798356951746961,20
2,ant_inf,35,0.05714285714285714,0.2321153829895989,20
2,ant_isq,34,0.029411764705882353,0.1689577248981773,20
2,ant_clau,36,0.05555555555555555,0.2290614236454256,20
2,fum_act,44,0.3181818181818182,0.46577048936179993,20
2,diabetes,34,0.058823529411764705,0.23529411764705885,20
2,hip_art,35,0.3142857142857143,0.4642307659791978,20
2,insf_car,7,0.0,0.0,20
2,fibr_aur,236,0.00423728813559322,0.06495639710489784,20
2,trat_est,40,0.125,0.33071891388307384,20
2,var171,27,0.0,0.0,20
2,tv_l_esu,449,0.008908685968819599,0.0939644681947839,20
2,tvp_orig,1607,0.35594275046670815,0.47879798334673773,20
2,tv_l_ein,343,0.7784256559766763,0.4153060968658629,20
2,tvp_prox,679,0.8468335787923417,0.3601478427286446,20
2,tv_l_svc,606,0.01155115511551155,0.1068537595548652,20
2,tv_l_vre,621,0.001610305958132045,0.040096295001574016,20
2,tv_l_vrn,611,0.019639934533551555,0.138759531222433,20
2,tv_l_vca,1149,0.04960835509138381,0.21713444267667664,20
2,tv_l_yug,1162,0.0017211703958691911,0.04145127221615248,20
2,tv_l_ova,1163,0.0060189165950128975,0.07734784572329845,20
2,tv_l_sup,1161,0.00516795865633075,0.07170251641091271,20
2,tv_l_pul,1162,0.010327022375215147,0.1010958702622266,20
2,tv_l_ove,611,0.06382978723404255,0.24444947432076722,20
2,fr_antfa,864,0.15625,0.3630921887069453,20
2,fr_tvs_a,322,0.06521739130434782,0.24690905851305536,20
2,fr_viaje,11,0.0,0.0,20
2,fr_estro,15,0.0,0.0,20
2,fr_varic,34,0.11764705882352941,0.32218973970892123,20
2,fr_antec,1,0.0,0.0,20
2,ana_dime,237,1.489451476793249,0.5925829489978317,20
2,ana_crea,64,0.953125,0.21137108216357317,20
2,ana_trop,1071,0.8860877684407096,0.3177046349370323,20
2,tension_,78,127.44871794871794,21.771922306504013,20
2,ana_hemo,5,14.14,1.5107613974417007,20
2,ana_plaq,5,313.0,163.27155294171732,20
2,ana_leuc,19,8.657368421052631,4.183940275946465,20
2,ana_neu,1297,6.3706175790285275,3.158486101536621,20
2,protcrea,1646,43.893675577156735,49.79881725883003,20
2,splanchnic,588,0.030612244897959183,0.17226472465442993,20
3,raza,539,2.914656771799629,0.7208454780042336,20
3,ant_inf,35,0.02857142857142857,0.1665986255670086,20
3,ant_isq,34,0.029411764705882353,0.1689577248981773,20
3,ant_clau,36,0.027777777777777776,0.16433554953054488,20
3,fum_act,44,0.09090909090909091,0.28747978728803447,20
3,diabetes,34,0.058823529411764705,0.23529411764705885,20
3,hip_art,35,0.37142857142857144,0.4831867007225075,20
3,insf_car,7,0.0,0.0,20
3,fibr_aur,236,0.0,0.0,20
3,trat_est,40,0.225,0.41758232721225164,20
3,var171,27,0.037037037037037035,0.18885257457751053,20
3,tv_l_esu,449,0.015590200445434299,0.12388359897704569,20
3,tvp_orig,1607,0.24891101431238333,0.43238214725675694,20
3,tv_l_ein,343,0.7813411078717201,0.4133366436955634,20
3,tvp_prox,679,0.9101620029455081,0.2859495258602976,20
3,tv_l_svc,606,0.009900990099009901,0.09900990099009899,20
3,tv_l_vre,621,0.017713365539452495,0.13190755179563537,20
3,tv_l_vrn,611,0.004909983633387889,0.06989903929316733,20
3,tv_l_vca,1149,0.05483028720626632,0.22764869165260904,20
3,tv_l_yug,1162,0.020654044750430294,0.14222325824518828,20
3,tv_l_ova,1163,0.0,0.0,20
3,tv_l_sup,1161,0.02153316106804479,0.1451533121994205,20
3,tv_l_pul,1162,0.0034423407917383822,0.0585703942415613,20
3,tv_l_ove,611,0.03927986906710311,0.19426003436933273,20
3,fr_antfa,864,0.1261574074074074,0.3320266795961566,20
3,fr_tvs_a,322,0.037267080745341616,0.1894155364220734,20
3,fr_viaje,11,0.09090909090909091,0.2874797872880344,20
3,fr_estro,15,0.0,0.0,20
3,fr_varic,34,0.11764705882352941,0.32218973970892123,20
3,fr_antec,1,0.0,0.0,20
3,ana_dime,237,1.5485232067510548,0.514318126782827,20
3,ana_crea,64,0.953125,0.21137108216357317,20
3,ana_trop,1071,0.8711484593837535,0.3350355519897348,20
3,tension_,78,133.2051282051282,21.348968013465512,20
3,ana_hemo,5,14.26,2.280877024304467,20
3,ana_plaq,5,222.8,58.506068061355826,20
3,ana_leuc,19,8.712105263157895,3.7222454724723244,20
3,ana_neu,1297,6.9261919814957595,3.235286587127251,20
3,protcrea,1646,57.47768165249089,55.87728170927983,20
3,splanchnic,588,0.030612244897959183,0.1722647246544299,20
4,raza,539,2.9777365491651206,0.4981092983269264,20
4,ant_inf,35,0.02857142857142857,0.1665986255670086,20
4,ant_isq,34,0.029411764705882353,0.1689577248981773,20
4,ant_clau,36,0.0,0.0,20
4,fum_act,44,0.25,0.4330127018922193,20
4,diabetes,34,0.08823529411764706,0.2836367870880281,20
4,hip_art,35,0.2571428571428571,0.4370588154508102,20
4,insf_car,7,0.0,0.0,20
4,fibr_aur,236,0.012711864406779662,0.11202800056273124,20
4,trat_est,40,0.1,0.30000000000000004,20
4,var171,27,0.07407407407407407,0.2618914004394621,20
4,tv_l_esu,449,0.013363028953229399,0.11482359692338746,20
4,tvp_orig,1607,0.1997510889856876,0.399813195673579,20
4,tv_l_ein,343,0.7667638483965015,0.42289129713046636,20
4,tvp_prox,679,0.8895434462444771,0.31345797722817026,20
4,tv_l_svc,606,0.0,0.0,20
4,tv_l_vre,621,0.00644122383252818,0.07999834040820754,20
4,tv_l_vrn,611,0.0,0.0,20
4,tv_l_vca,1149,0.05308964316797215,0.22421224979083892,20
4,tv_l_yug,1162,0.006024096385542169,0.07738091914858512,20
4,tv_l_ova,1163,0.0025795356835769563,0.050723581096311705,20
4,tv_l_sup,1161,0.007751937984496124,0.0877031666587966,20
4,tv_l_pul,1162,0.0008605851979345956,0.02932310677693773,20
4,tv_l_ove,611,0.0425531914893617,0.20184751022351363,20
4,fr_antfa,864,0.13541666666666666,0.3421680772011842,20
4,fr_tvs_a,322,0.06832298136645963,0.2522993293365205,20
4,fr_viaje,11,0.09090909090909091,0.28747978728803447,20
4,fr_estro,15,0.0,0.0,20
4,fr_varic,34,0.17647058823529413,0.3812200410828153,20
4,fr_antec,1,0.0,0.0,20
4,ana_dime,237,1.4641350210970465,0.5844148419639084,20
4,ana_crea,64,0.953125,0.21137108216357317,20
4,ana_trop,1071,0.8916900093370682,0.3107715182984558,20
4,tension_,78,127.8974358974359,18.348890655763714,20
4,ana_hemo,5,12.9,2.1734764779035456,20
4,ana_plaq,5,259.0,112.05891307700607,20
4,ana_leuc,19,8.168421052631578,4.017970505194061,20
4,ana_neu,1297,6.353665381649961,3.0558116778723705,20
4,protcrea,1646,46.2102964763062,51.44317133390024,20
4,splanchnic,588,0.01870748299319728,0.13548990026292188,20
5,raza,539,2.8701298701298703,0.5982489769496634,20
5,ant_inf,35,0.05714285714285714,0.23211538298959888,20
5,ant_isq,34,0.0,0.0,20
5,ant_clau,36,0.027777777777777776,0.16433554953054486,20
5,fum_act,44,0.20454545454545456,0.4033690761204283,20
5,diabetes,34,0.11764705882352941,0.32218973970892123,20
5,hip_art,35,0.2,0.4,20
5,insf_car,7,0.0,0.0,20
5,fibr_aur,236,0.012711864406779662,0.11202800056273124,20
5,trat_est,40,0.15,0.3570714214271425,20
5,var171,27,0.0,0.0,20
5,tv_l_esu,449,0.015590200445434299,0.12388359897704569,20
5,tvp_orig,1607,0.1717485998755445,0.3771617932881519,20
5,tv_l_ein,343,0.7813411078717201,0.4133366436955634,20
5,tvp_prox,679,0.898379970544919,0.30214797545015837,20
5,tv_l_svc,606,0.009900990099009901,0.09900990099009899,20
5,tv_l_vre,621,0.011272141706924315,0.10557026346591795,20
5,tv_l_vrn,611,0.006546644844517185,0.08064605561214348,20
5,tv_l_vca,1149,0.02959094865100087,0.16945596598802506,20
5,tv_l_yug,1162,0.024096385542168676,0.15334845857057658,20
5,tv_l_ova,1163,0.0017196904557179708,0.04143347825677303,20
5,tv_l_sup,1161,0.0017226528854435831,0.04146908912045037,20
5,tv_l_pul,1162,0.0,0.0,20
5,tv_l_ove,611,0.04746317512274959,0.21262742562994263,20
5,fr_antfa,864,0.1388888888888889,0.34583054438857597,20
5,fr_tvs_a,322,0.040372670807453416,0.19683170034150094,20
5,fr_viaje,11,0.0,0.0,20
5,fr_estro,15,0.0,0.0,20
5,fr_varic,34,0.14705882352941177,0.3541645464350675,20
5,fr_antec,1,1.0,0.0,20
5,ana_dime,237,1.6371308016877637,0.5064697413712627,20
5,ana_crea,64,0.96875,0.17399263633843817,20
5,ana_trop,1071,0.8515406162464986,0.3555547709271133,20
5,tension_,78,127.8076923076923,19.313910021421915,20
5,ana_hemo,5,12.319999999999999,3.300545409474016,20
5,ana_plaq,5,260.8,145.81001337356773,20
5,ana_leuc,19,8.709473684210527,4.5043633508716745,20
5,ana_neu,1297,6.4005034695451055,3.2056492075901972,20
5,protcrea,1646,46.706072904009716,53.28334086622092,20
5,splanchnic,588,0.025510204081632654,0.15766874633022904,20
