iteration,variable,missing_n,imputed_mean,imputed_sd,imputation
1,raza,8486,2.9184539241102994,0.5988804579453478,1
1,ant_inf,3459,0.029777392309916162,0.16997264255502267,1
1,ant_isq,3464,0.034064665127020784,0.18139532440723144,1
1,ant_clau,3473,0.021595162683558884,0.14535753035955692,1
1,fum_act,3566,0.19882220975883344,0.3991139419582431,1
1,diabetes,3442,0.09529343404997094,0.29361981451689323,1
1,hip_art,3343,0.34729285073287464,0.4761097841493156,1
1,insf_car,98,0.030612244897959183,0.17226472465442996,1
1,fibr_aur,7354,0.021620886592330704,0.14544216670309984,1
1,trat_est,3501,0.1625249928591831,0.3689317274988769,1
1,var171,617,0.04051863857374392,0.1971722051960525,1
1,tv_l_esu,7903,0.03833987093508794,0.19201542967107807,1
1,tvp_orig,13294,0.3157815555889875,0.4648263812852995,1
1,tv_l_ein,3553,0.8209963411201802,0.38335538210315634,1
1,tvp_prox,5336,0.8405172413793104,0.3661256728548607,1
1,tv_l_svc,8977,0.00757491366826334,0.0867037159018095,1
1,tv_l_vre,9461,0.008561462847479126,0.09213123358226762,1
1,tv_l_vrn,9413,0.00977371719961755,0.09837780060419855,1
1,tv_l_vca,11756,0.046699557672677784,0.2109945709866821,1
1,tv_l_yug,11803,0.019994916546640686,0.1399825698397253,1
1,tv_l_ova,11818,0.006092401421560332,0.07781570578282317,1
1,tv_l_sup,11811,0.0037253407840149013,0.06092177459708357,1
1,tv_l_pul,11819,0.0014383619595566461,0.03789845741491263,1
1,tv_l_ove,9436,0.030309453158117845,0.17143742359057346,1
1,fr_antfa,10153,0.12400275780557471,0.3295846990717055,1
1,fr_tvs_a,7848,0.04548929663608563,0.20837471182377154,1
1,fr_viaje,239,0.0502092050209205,0.218376374070291,1
1,fr_estro,174,0.09195402298850575,0.28896103655118477,1
1,fr_varic,509,0.22396856581532418,0.41690124411178114,1
1,fr_antec,63,0.0,0.0,1
1,ana_dime,938,1.5980810234541578,0.5780975211573294,1
1,ana_crea,453,0.9359823399558499,0.24478439338859362,1
1,ana_trop,9324,0.8813813813813813,0.32333920568905544,1
1,peso,6,75.08333333333333,16.93717968126794,1
1,tension_,624,130.29807692307693,21.398933507914222,1
1,ana_hemo,33,13.433333333333334,1.6251184882986536,1
1,ana_plaq,24,215.41666666666666,75.56063606284837,1
1,ana_leuc,70,9.239857142857144,3.3544258579874286,1
1,ana_neu,11924,6.634997484065749,3.2985302946906514,1
1,protcrea,13717,20.331177808558724,35.64509615577929,1
1,splanchnic,8906,0.012238940040422187,0.10995066342277858,1
2,raza,8486,2.892175347631393,0.664789012537449,1
2,ant_inf,3459,0.030933795894767274,0.1731383728880116,1
2,ant_isq,3464,0.03579676674364896,0.18578309458707418,1
2,ant_clau,3473,0.015260581629714944,0.12258750457545724,1
2,fum_act,3566,0.20274817722938868,0.40204645733988137,1
2,diabetes,3442,0.11737361998837885,0.32186496131017817,1
2,hip_art,3343,0.3317379599162429,0.4708374304012502,1
2,insf_car,98,0.05102040816326531,0.22003937400865126,1
2,fibr_aur,7354,0.024884416644003263,0.15577285531276278,1
2,trat_est,3501,0.17509283061982292,0.3800464856900546,1
2,var171,617,0.04538087520259319,0.20813805843343466,1
2,tv_l_esu,7903,0.023914968999114262,0.15278430304480126,1
2,tvp_orig,13294,0.26553332330374607,0.44161677676353545,1
2,tv_l_ein,3553,0.819307627357163,0.38476309478890924,1
2,tvp_prox,5336,0.8528860569715142,0.3542194669905893,1
2,tv_l_svc,8977,0.005458393672719171,0.07367903101448058,1
2,tv_l_vre,9461,0.007821583342141423,0.08809316759070115,1
2,tv_l_vrn,9413,0.007011579730160416,0.0834411018614209,1
2,tv_l_vca,11756,0.033514800952705,0.1799765514443634,1
2,tv_l_yug,11803,0.01753791408963823,0.1312643731521341,1
2,tv_l_ova,11818,0.00524623455745473,0.07224065047065188,1
2,tv_l_sup,11811,0.0027093387520108372,0.051980748701203686,1
2,tv_l_pul,11819,0.002030628648785853,0.04501672129416561,1
2,tv_l_ove,9436,0.029885544722339976,0.1702715447131111,1
2,fr_antfa,10153,0.13217768147345613,0.3386838378100699,1
2,fr_tvs_a,7848,0.046508664627930685,0.21058397076334506,1
2,fr_viaje,239,0.04184100418410042,0.20022570902101086,1
2,fr_estro,174,0.08620689655172414,0.28066932062240874,1
2,fr_varic,509,0.21021611001964635,0.4074620192212451,1
2,fr_antec,63,0.015873015873015872,0.12498425196844144,1
2,ana_dime,938,1.5810234541577826,0.5714812772052739,1
2,ana_crea,453,0.9183222958057395,0.27387306700699027,1
2,ana_trop,9324,0.8857786357786358,0.3180799336279714,1
2,peso,6,90.16666666666667,29.145706754550012,1
2,tension_,624,128.91826923076923,20.856916078042055,1
2,ana_hemo,33,14.224242424242425,1.668428820510265,1
2,ana_plaq,24,218.54166666666666,70.75661286331398,1
2,ana_leuc,70,8.929285714285715,3.210167027887922,1
2,ana_neu,11924,6.218113887957062,3.3438994741923493,1
2,protcrea,13717,22.61908434788948,38.079832673698924,1
2,splanchnic,8906,0.006961598922075006,0.0831452648232187,1
3,raza,8486,2.918807447560688,0.6341913900614385,1
3,ant_inf,3459,0.03295750216825672,0.1785253629574411,1
3,ant_isq,3464,0.04128175519630485,0.19894112667876698,1
3,ant_clau,3473,0.025050388712928303,0.15627817102288946,1
3,fum_act,3566,0.20050476724621424,0.40037807826822347,1
3,diabetes,3442,0.10923881464264962,0.3119386093738934,1
3,hip_art,3343,0.3541728985940772,0.47826191202681684,1
3,insf_car,98,0.02040816326530612,0.14139190265868384,1
3,fibr_aur,7354,0.024068534131085124,0.1532619972330581,1
3,trat_est,3501,0.19080262782062268,0.39293381763010365,1
3,var171,617,0.03241491085899514,0.17709936310726396,1
3,tv_l_esu,7903,0.0169555864861445,0.12910497501279866,1
3,tvp_orig,13294,0.27546261471340455,0.446747090207266,1
3,tv_l_ein,3553,0.8173374613003096,0.3863896163918934,1
3,tvp_prox,5336,0.835832083958021,0.3704278760898169,1
3,tv_l_svc,8977,0.006906538932828339,0.08281810582715392,1
3,tv_l_vre,9461,0.007821583342141423,0.08809316759070115,1
3,tv_l_vrn,9413,0.005949219164984596,0.07690140412444742,1
3,tv_l_vca,11756,0.03419530452534876,0.18173053038432319,1
3,tv_l_yug,11803,0.012793357620943828,0.11238188297820279,1
3,tv_l_ova,11818,0.004061600947706888,0.06360113478113794,1
3,tv_l_sup,11811,0.003556007112014224,0.059526144889733366,1
3,tv_l_pul,11819,0.003976647770538962,0.06293515744834544,1
3,tv_l_ove,9436,0.031263247138618055,0.17402832101979196,1
3,fr_antfa,10153,0.1357234314980794,0.34249464468873897,1
3,fr_tvs_a,7848,0.040647298674821614,0.19747175946261647,1
3,fr_viaje,239,0.04184100418410042,0.2002257090210109,1
3,fr_estro,174,0.04597701149425287,0.2094352546929724,1
3,fr_varic,509,0.1807465618860511,0.3848080589754104,1
3,fr_antec,63,0.0,0.0,1
3,ana_dime,938,1.6226012793176972,0.5467493129132136,1
3,ana_crea,453,0.9271523178807947,0.2598863161635574,1
3,ana_trop,9324,0.8788073788073788,0.32635099166554254,1
3,peso,6,76.0,14.708274315273473,1
3,tension_,624,130.1778846153846,21.883038991994415,1
3,ana_hemo,33,13.881818181818183,1.6034913697936621,1
3,ana_plaq,24,219.04166666666666,73.91181635721193,1
3,ana_leuc,70,8.979571428571429,3.4498941746561638,1
3,ana_neu,11924,6.485464609191547,3.33460821076897,1
3,protcrea,13717,33.155228256907485,46.316529890045764,1
3,splanchnic,8906,0.008758140579384684,0.09317422150453641,1
4,raza,8486,2.9137402781051143,0.6356575781277751,1
4,ant_inf,3459,0.03845041919629951,0.19228100389775465,1
4,ant_isq,3464,0.044457274826789836,0.20610877114224205,1
4,ant_clau,3473,0.030233227756982436,0.17122844301218434,1
4,fum_act,3566,0.21228266965787998,0.40892387778265454,1
4,diabetes,3442,0.10662405578152237,0.3086346813146915,1
4,hip_art,3343,0.3490876458271014,0.47668171913551877,1
4,insf_car,98,0.02040816326530612,0.14139190265868387,1
4,fibr_aur,7354,0.024204514549904813,0.15368362315259315,1
4,trat_est,3501,0.1893744644387318,0.39180578946370265,1
4,var171,617,0.024311183144246355,0.1540134718729932,1
4,tv_l_esu,7903,0.011388080475768695,0.10610557053635834,1
4,tvp_orig,13294,0.2789228223258613,0.4484694878268056,1
4,tv_l_ein,3553,0.8148043906557838,0.3884561695015805,1
4,tvp_prox,5336,0.8453898050974513,0.3615326852924153,1
4,tv_l_svc,8977,0.006238164197393339,0.07873531294685823,1
4,tv_l_vre,9461,0.007293097981185921,0.08508765305861213,1
4,tv_l_vrn,9413,0.006799107617125252,0.08217590737397429,1
4,tv_l_vca,11756,0.04048996257230351,0.19710536650024768,1
4,tv_l_yug,11803,0.019062950097432856,0.1367463126779499,1
4,tv_l_ova,11818,0.008038585209003215,0.08929706801928497,1
4,tv_l_sup,11811,0.0032173397680128695,0.05663027894006908,1
4,tv_l_pul,11819,0.0009307047973601827,0.030493254761346043,1
4,tv_l_ove,9436,0.037833827893175076,0.1907942068306181,1
4,fr_antfa,10153,0.13138973702353984,0.33782610027708765,1
4,fr_tvs_a,7848,0.053007135575942915,0.2240477162436085,1
4,fr_viaje,239,0.04184100418410042,0.20022570902101086,1
4,fr_estro,174,0.07471264367816093,0.2629271088206408,1
4,fr_varic,509,0.17681728880157171,0.38151400391392354,1
4,fr_antec,63,0.047619047619047616,0.21295885499997996,1
4,ana_dime,938,1.6098081023454158,0.5741311832911672,1
4,ana_crea,453,0.9249448123620309,0.2634803720329056,1
4,ana_trop,9324,0.8787001287001287,0.3264754393863434,1
4,peso,6,80.28333333333333,15.266566593558473,1
4,tension_,624,129.43910256410257,21.06376483295896,1
4,ana_hemo,33,13.966666666666669,1.897952112731568,1
4,ana_plaq,24,256.375,80.42740645037196,1
4,ana_leuc,70,8.678714285714287,3.263823752869618,1
4,ana_neu,11924,6.373459409594096,3.289166449755332,1
4,protcrea,13717,19.30463104177298,34.900837113419584,1
4,splanchnic,8906,0.009207275993712105,0.09551179017528527,1
5,raza,8486,2.923285411265614,0.5974510633720806,1
5,ant_inf,3459,0.0398959236773634,0.19571468762280816,1
5,ant_isq,3464,0.053117782909930716,0.22426833046300623,1
5,ant_clau,3473,0.03080909876187734,0.1728001683892647,1
5,fum_act,3566,0.20190689848569826,0.4014230970305324,1
5,diabetes,3442,0.11040092969203952,0.31338883900862335,1
5,hip_art,3343,0.3505833084056237,0.4771526509126728,1
5,insf_car,98,0.04081632653061224,0.19786448397617667,1
5,fibr_aur,7354,0.026924122926298612,0.161861714222197,1
5,trat_est,3501,0.19080262782062268,0.39293381763010365,1
5,var171,617,0.03727714748784441,0.1894401271193986,1
5,tv_l_esu,7903,0.014045299253448058,0.1176776479299665,1
5,tvp_orig,13294,0.2718519632917105,0.4449140066868575,1
5,tv_l_ein,3553,0.810582606248241,0.391839820202146,1
5,tvp_prox,5336,0.8395802098950524,0.3669949332724256,1
5,tv_l_svc,8977,0.007017934722067506,0.08347863986855744,1
5,tv_l_vre,9461,0.008032977486523624,0.08926616805500631,1
5,tv_l_vrn,9413,0.005736747051949431,0.07552374980899307,1
5,tv_l_vca,11756,0.05095270500170126,0.21990117520084076,1
5,tv_l_yug,11803,0.01931712276539863,0.13763710086116004,1
5,tv_l_ova,11818,0.0071078016584870535,0.08400762354733445,1
5,tv_l_sup,11811,0.0023706714080094825,0.04863179335665844,1
5,tv_l_pul,11819,0.0,0.0,1
5,tv_l_ove,9436,0.030203476049173377,0.17114679688419643,1
5,fr_antfa,10153,0.13247316064217474,0.33900445771648385,1
5,fr_tvs_a,7848,0.046381243628950054,0.2103093527838979,1
5,fr_viaje,239,0.029288702928870293,0.1686145747247689,1
5,fr_estro,174,0.06321839080459771,0.24335534896253022,1
5,fr_varic,509,0.1807465618860511,0.3848080589754105,1
5,fr_antec,63,0.031746031746031744,0.17532319074900413,1
5,ana_dime,938,1.579957356076759,0.5771993243370824,1
5,ana_crea,453,0.9161147902869757,0.27721558633025345,1
5,ana_trop,9324,0.8861003861003861,0.3176893008162736,1
5,peso,6,79.16666666666667,11.349253524155479,1
5,tension_,624,129.2323717948718,21.387949896725623,1
5,ana_hemo,33,13.603030303030302,1.8076411631845803,1
5,ana_plaq,24,214.83333333333334,59.88020448269101,1
5,ana_leuc,70,8.581142857142858,3.433767835923158,1
5,ana_neu,11924,6.807328916470983,3.3676641923163593,1
5,protcrea,13717,16.630499671939926,32.931804525456144,1
5,splanchnic,8906,0.006063328093420166,0.07763094837660885,1
1,raza,8486,2.9222248409144473,0.6384148037006987,2
1,ant_inf,3459,0.028331887828852268,0.16591923324589467,2
1,ant_isq,3464,0.033198614318706694,0.17915486687786203,2
1,ant_clau,3473,0.019291678663979267,0.13754820899708234,2
1,fum_act,3566,0.2049915872125631,0.40369547481317797,2
1,diabetes,3442,0.09325973271353864,0.2907960711009315,2
1,hip_art,3343,0.3437032605444212,0.4749435010983464,2
1,insf_car,98,0.01020408163265306,0.10049854899791943,2
1,fibr_aur,7354,0.02801196627685613,0.1650069574962232,2
1,trat_est,3501,0.17680662667809197,0.3815049717117796,2
1,var171,617,0.03241491085899514,0.17709936310726396,2
1,tv_l_esu,7903,0.03277236492471213,0.1780402679787739,2
1,tvp_orig,13294,0.2434180833458703,0.42914533674047217,2
1,tv_l_ein,3553,0.8122713200112581,0.39049535554014775,2
1,tvp_prox,5336,0.8549475262368815,0.3521537357722026,2
1,tv_l_svc,8977,0.006238164197393339,0.07873531294685823,2
1,tv_l_vre,9461,0.008878554064052425,0.09380685125183619,2
1,tv_l_vrn,9413,0.008392648464888984,0.09122615807230831,2
1,tv_l_vca,11756,0.03802313712146989,0.1912521324453973,2
1,tv_l_yug,11803,0.018893501652122342,0.13614895242874103,2
1,tv_l_ova,11818,0.0045693010661702485,0.06744199399437226,2
1,tv_l_sup,11811,0.004910676488019643,0.06990394655847161,2
1,tv_l_pul,11819,0.0016921905406548777,0.041101423720219174,2
1,tv_l_ove,9436,0.032958880881729546,0.17852896978572833,2
1,fr_antfa,10153,0.13611740372303752,0.3429131903656334,2
1,fr_tvs_a,7848,0.0509683995922528,0.21993322130878104,2
1,fr_viaje,239,0.029288702928870293,0.1686145747247689,2
1,fr_estro,174,0.09770114942528736,0.29691014604803423,2
1,fr_varic,509,0.22789783889980353,0.4194763568123986,2
1,fr_antec,63,0.031746031746031744,0.17532319074900413,2
1,ana_dime,938,1.6108742004264391,0.5453516335513364,2
1,ana_crea,453,0.9205298013245033,0.2704712298895647,2
1,ana_trop,9324,0.8782711282711283,0.3269724048241497,2
1,peso,6,91.0,27.440845468024488,2
1,tension_,624,131.0352564102564,21.508019686426028,2
1,ana_hemo,33,13.586060606060606,1.4957433327743854,2
1,ana_plaq,24,260.375,103.7961995530986,2
1,ana_leuc,70,7.948142857142857,2.8267852982582493,2
1,ana_neu,11924,6.8564986581684,3.363861391591494,2
1,protcrea,13717,12.887838448640371,26.19456513353125,2
1,splanchnic,8906,0.013810913990568156,0.11670549535181832,2
2,raza,8486,2.9384869196323358,0.5925822180373898,2
2,ant_inf,3459,0.03006649320612894,0.1707703112148442,2
2,ant_isq,3464,0.03897228637413395,0.19352893134853622,2
2,ant_clau,3473,0.023898646703138498,0.15273343245307183,2
2,fum_act,3566,0.2055524397083567,0.40410473176925193,2
2,diabetes,3442,0.11330621731551424,0.31696674657314394,2
2,hip_art,3343,0.3401136703559677,0.47374714942990404,2
2,insf_car,98,0.01020408163265306,0.10049854899791943,2
2,fibr_aur,7354,0.029371770465053033,0.16884628975728566,2
2,trat_est,3501,0.17994858611825193,0.38414462442196684,2
2,var171,617,0.03727714748784441,0.1894401271193986,2
2,tv_l_esu,7903,0.02151081867645198,0.14507964487246577,2
2,tvp_orig,13294,0.23266135098540694,0.4225281608875937,2
2,tv_l_ein,3553,0.8170560090064733,0.38662059845911867,2
2,tvp_prox,5336,0.8403298350824587,0.3662998817263614,2
2,tv_l_svc,8977,0.006015372618915005,0.0773252087690076,2
2,tv_l_vre,9461,0.007504492125568122,0.08630280831760578,2
2,tv_l_vrn,9413,0.006374163391054924,0.07958349974786895,2
2,tv_l_vca,11756,0.04295678802313712,0.20275971588526254,2
2,tv_l_yug,11803,0.016521223417775142,0.12746871221815614,2
2,tv_l_ova,11818,0.008461668641056016,0.09159731876460676,2
2,tv_l_sup,11811,0.003556007112014224,0.059526144889733366,2
2,tv_l_pul,11819,0.002792114392080548,0.05276664182323984,2
2,tv_l_ove,9436,0.03306485799067401,0.17880596510388175,2
2,fr_antfa,10153,0.13001083423618634,0.33631535382345723,2
2,fr_tvs_a,7848,0.0414118246687054,0.19924077254998238,2
2,fr_viaje,239,0.03765690376569038,0.19036507390924395,2
2,fr_estro,174,0.034482758620689655,0.18246560765962697,2
2,fr_varic,509,0.18860510805500982,0.3911946079262441,2
2,fr_antec,63,0.015873015873015872,0.12498425196844144,2
2,ana_dime,938,1.6087420042643923,0.5438239355561958,2
2,ana_crea,453,0.9183222958057395,0.27387306700699027,2
2,ana_trop,9324,0.8840626340626341,0.32014979793351617,2
2,peso,6,85.33333333333333,25.381533094401966,2
2,tension_,624,129.28044871794873,20.099748111795492,2
2,ana_hemo,33,13.621212121212121,1.705562659449257,2
2,ana_plaq,24,258.5833333333333,137.37567611804099,2
2,ana_leuc,70,8.352714285714283,2.8154451165102885,2
2,ana_neu,11924,6.349633512244213,3.270979009642272,2
2,protcrea,13717,18.7375430487716,32.11006355114048,2
2,splanchnic,8906,0.011902088479676623,0.10844551060093993,2
3,raza,8486,2.929295309922225,0.6094140466998024,2
3,ant_inf,3459,0.03845041919629951,0.19228100389775465,2
3,ant_isq,3464,0.037528868360277134,0.19005381448388275,2
3,ant_clau,3473,0.029657356752087534,0.1696402014339966,2
3,fum_act,3566,0.1962983735277622,0.39719683039787385,2
3,diabetes,3442,0.10023242300987797,0.3003096475097775,2
3,hip_art,3343,0.33891714029314984,0.47334164438454307,2
3,insf_car,98,0.04081632653061224,0.19786448397617667,2
3,fibr_aur,7354,0.029779711721512104,0.16997905897873344,2
3,trat_est,3501,0.1725221365324193,0.3778336260031769,2
3,var171,617,0.04376012965964344,0.20456094620385054,2
3,tv_l_esu,7903,0.018220928761229913,0.13374949164878383,2
3,tvp_orig,13294,0.25492703475251993,0.4358201942370356,2
3,tv_l_ein,3553,0.816493104418801,0.3870815351516395,2
3,tvp_prox,5336,0.8605697151424287,0.34639497762252236,2
3,tv_l_svc,8977,0.009468642085329175,0.09684516974216682,2
3,tv_l_vre,9461,0.006130430187083818,0.07805669742440498,2
3,tv_l_vrn,9413,0.004674386486773611,0.06820950518619733,2
3,tv_l_vca,11756,0.044402858115005106,0.20598845673052613,2
3,tv_l_yug,11803,0.021265779886469542,0.1442690073865131,2
3,tv_l_ova,11818,0.007615501776950415,0.08693391691184563,2
3,tv_l_sup,11811,0.00381000762001524,0.061607560103859545,2
3,tv_l_pul,11819,0.002284457229884085,0.04774137079147304,2
3,tv_l_ove,9436,0.03232301822806274,0.17685655407897966,2
3,fr_antfa,10153,0.12833645228011425,0.33446405979756366,2
3,fr_tvs_a,7848,0.05045871559633028,0.2188895466135807,2
3,fr_viaje,239,0.0502092050209205,0.21837637407029103,2
3,fr_estro,174,0.08045977011494253,0.2720036681884881,2
3,fr_varic,509,0.20039292730844793,0.40029439415659945,2
3,fr_antec,63,0.015873015873015872,0.12498425196844144,2
3,ana_dime,938,1.5810234541577826,0.5658571036136512,2
3,ana_crea,453,0.9205298013245033,0.2704712298895648,2
3,ana_trop,9324,0.8857786357786358,0.3180799336279714,2
3,peso,6,77.16666666666667,4.099457958749614,2
3,tension_,624,129.69070512820514,20.888490040437603,2
3,ana_hemo,33,13.906060606060606,2.030814046951764,2
3,ana_plaq,24,253.33333333333334,100.73507609346188,2
3,ana_leuc,70,8.644285714285713,3.167108447522337,2
3,ana_neu,11924,6.337066420664206,3.2589654033323177,2
3,protcrea,13717,17.24070715170956,31.87010288129391,2
3,splanchnic,8906,0.014372333258477431,0.11902003736843934,2
4,raza,8486,2.9156257365071885,0.6070902488702079,2
4,ant_inf,3459,0.03295750216825672,0.1785253629574411,2
4,ant_isq,3464,0.044457274826789836,0.20610877114224205,2
4,ant_clau,3473,0.027065937230060465,0.16227560590525886,2
4,fum_act,3566,0.21116096466629278,0.4081323457746193,2
4,diabetes,3442,0.10952934340499709,0.31230220354372673,2
4,hip_art,3343,0.3511815734370326,0.4773395813415463,2
4,insf_car,98,0.030612244897959183,0.17226472465442993,2
4,fibr_aur,7354,0.023932553712265433,0.15283908722926529,2
4,trat_est,3501,0.18994572979148813,0.39225801397226684,2
4,var171,617,0.04051863857374392,0.1971722051960525,2
4,tv_l_esu,7903,0.01796786030621283,0.13283454483766355,2
4,tvp_orig,13294,0.2732059575748458,0.4456057251881503,2
4,tv_l_ein,3553,0.8060793695468618,0.395367448758488,2
4,tvp_prox,5336,0.853448275862069,0.3536584740821727,2
4,tv_l_svc,8977,0.007686309457502506,0.08733401459011267,2
4,tv_l_vre,9461,0.008772856991861325,0.09325177731315192,2
4,tv_l_vrn,9413,0.007648996069265909,0.0871234120566812,2
4,tv_l_vca,11756,0.040149710785981625,0.1963102430078055,2
4,tv_l_yug,11803,0.0219435736677116,0.1464993284708203,2
4,tv_l_ova,11818,0.008715518700287696,0.09294922503212509,2
4,tv_l_sup,11811,0.0033866734400135466,0.05809650491229445,2
4,tv_l_pul,11819,0.0041458668246044505,0.06425479447385304,2
4,tv_l_ove,9436,0.030839338702840186,0.17288225441383998,2
4,fr_antfa,10153,0.1501034177090515,0.3571727617009919,2
4,fr_tvs_a,7848,0.047782874617737,0.21330652008553938,2
4,fr_viaje,239,0.02510460251046025,0.15644283762209135,2
4,fr_estro,174,0.06896551724137931,0.2533954906327426,2
4,fr_varic,509,0.16699410609037327,0.3729706082541229,2
4,fr_antec,63,0.047619047619047616,0.21295885499997994,2
4,ana_dime,938,1.5778251599147122,0.5938730914502204,2
4,ana_crea,453,0.9403973509933775,0.23674917790356925,2
4,ana_trop,9324,0.8802016302016302,0.3247256078476454,2
4,peso,6,82.16666666666667,10.699169230469355,2
4,tension_,624,129.99839743589743,20.467414627508585,2
4,ana_hemo,33,14.096969696969694,2.0653688273577484,2
4,ana_plaq,24,213.91666666666666,84.5423546053824,2
4,ana_leuc,70,8.673814285714284,2.942563631028743,2
4,ana_neu,11924,6.643044280442805,3.349657466111034,2
4,protcrea,13717,24.940846832397757,34.106821384494246,2
4,splanchnic,8906,0.012800359308331462,0.11241223291932721,2
5,raza,8486,2.9252887108178176,0.633780118114099,2
5,ant_inf,3459,0.0372940156114484,0.189481323647006,2
5,ant_isq,3464,0.04041570438799076,0.1969321589451893,2
5,ant_clau,3473,0.026778001727613014,0.1614340123737528,2
5,fum_act,3566,0.20975883342680876,0.40713642090364877,2
5,diabetes,3442,0.10691458454386985,0.30900462157657377,2
5,hip_art,3343,0.3457971881543524,0.4756274727335415,2
5,insf_car,98,0.02040816326530612,0.14139190265868387,2
5,fibr_aur,7354,0.026380201251019853,0.16026317803218415,2
5,trat_est,3501,0.17709225935447015,0.38174676296099647,2
5,var171,617,0.03241491085899514,0.17709936310726396,2
5,tv_l_esu,7903,0.015310641528533469,0.12278528325706715,2
5,tvp_orig,13294,0.27004663758086356,0.4439836158149682,2
5,tv_l_ein,3553,0.8153672952434562,0.38799931583809094,2
5,tvp_prox,5336,0.8562593703148426,0.3508265398496412,2
5,tv_l_svc,8977,0.009134454717611675,0.09513683016909684,2
5,tv_l_vre,9461,0.007927280414332523,0.08868167025696495,2
5,tv_l_vrn,9413,0.007117815786677998,0.08406635762958281,2
5,tv_l_vca,11756,0.036066689350119085,0.1864561162028242,2
5,tv_l_yug,11803,0.01804625942556977,0.13311871373445133,2
5,tv_l_ova,11818,0.006600101540023693,0.08097246568856029,2
5,tv_l_sup,11811,0.004910676488019643,0.06990394655847161,2
5,tv_l_pul,11819,0.002284457229884085,0.047741370791473045,2
5,tv_l_ove,9436,0.029461636286562103,0.1690965649381454,2
5,fr_antfa,10153,0.12380577169309563,0.32935983754637227,2
5,fr_tvs_a,7848,0.04192150866462793,0.20040981955959505,2
5,fr_viaje,239,0.029288702928870293,0.1686145747247689,2
5,fr_estro,174,0.08045977011494253,0.2720036681884881,2
5,fr_varic,509,0.18860510805500982,0.3911946079262441,2
5,fr_antec,63,0.031746031746031744,0.1753231907490041,2
5,ana_dime,938,1.5788912579957357,0.5736410165719731,2
5,ana_crea,453,0.9139072847682119,0.2805009084046009,2
5,ana_trop,9324,0.8822393822393823,0.32232445558048406,2
5,peso,6,69.5,14.174507634012077,2
5,tension_,624,129.54967948717947,20.53828741393185,2
5,ana_hemo,33,14.242424242424242,1.8919334832035852,2
5,ana_plaq,24,217.25,84.53019677409172,2
5,ana_leuc,70,8.933428571428571,3.138112210373931,2
5,ana_neu,11924,6.472126803086213,3.3302751152918053,2
5,protcrea,13717,21.118076109936577,34.252400583111715,2
5,splanchnic,8906,0.012800359308331462,0.11241223291932721,2
1,raza,8486,2.9235210935658733,0.6414253576836848,3
1,ant_inf,3459,0.027464585140213934,0.16343280485658282,3
1,ant_isq,3464,0.033775981524249425,0.18065205394991493,3
1,ant_clau,3473,0.015548517132162395,0.12372049445081136,3
1,fum_act,3566,0.1968592260235558,0.39762503838787916,3
1,diabetes,3442,0.09703660662405578,0.2960076073328928,3
1,hip_art,3343,0.3347292850732875,0.47189574143831103,3
1,insf_car,98,0.01020408163265306,0.10049854899791943,3
1,fibr_aur,7354,0.024204514549904813,0.15368362315259315,3
1,trat_est,3501,0.17880605541273922,0.3831898354086074,3
1,var171,617,0.04538087520259319,0.20813805843343466,3
1,tv_l_esu,7903,0.035303049474882955,0.18454469424141384,3
1,tvp_orig,13294,0.22115239957875735,0.41502290989692964,3
1,tv_l_ein,3553,0.81508584294962,0.3882279118929078,3
1,tvp_prox,5336,0.8583208395802099,0.34872077070707086,3
1,tv_l_svc,8977,0.0059039768296758385,0.0766101813551599,3
1,tv_l_vre,9461,0.00718740090899482,0.08447332228087281,3
1,tv_l_vrn,9413,0.007330287899713163,0.0853027243352783,3
1,tv_l_vca,11756,0.0424464103436543,0.2016053387006218,3
1,tv_l_yug,11803,0.01863932898415657,0.13524756707304184,3
1,tv_l_ova,11818,0.006430868167202572,0.07993442375984598,3
1,tv_l_sup,11811,0.004233341800016934,0.06492627062461823,3
1,tv_l_pul,11819,0.00304594297317878,0.05510594527437962,3
1,tv_l_ove,9436,0.03815175922000848,0.19156252892574524,3
1,fr_antfa,10153,0.11996454249975377,0.324920068697793,3
1,fr_tvs_a,7848,0.05211518858307849,0.22225929834773767,3
1,fr_viaje,239,0.04602510460251046,0.209539481599145,3
1,fr_estro,174,0.05747126436781609,0.23274088196915615,3
1,fr_varic,509,0.15520628683693516,0.3621012225376023,3
1,fr_antec,63,0.047619047619047616,0.21295885499997996,3
1,ana_dime,938,1.595948827292111,0.5784552304814372,3
1,ana_crea,453,0.9359823399558499,0.24478439338859362,3
1,ana_trop,9324,0.8922136422136422,0.31011039786100214,3
1,peso,6,83.5,14.818344486930156,3
1,tension_,624,130.5625,21.39702391015018,3
1,ana_hemo,33,13.763636363636364,1.5841675343408297,3
1,ana_plaq,24,226.58333333333334,72.00053047644086,3
1,ana_leuc,70,8.813857142857145,3.287145219468947,3
1,ana_neu,11924,6.487388460248239,3.3253917334453242,3
1,protcrea,13717,20.066108478530296,33.541037706519546,3
1,splanchnic,8906,0.010666966090276219,0.10272868112024566,3
2,raza,8486,2.920103700212114,0.6482295463409916,3
2,ant_inf,3459,0.03469210754553339,0.18299881207150645,3
2,ant_isq,3464,0.03897228637413395,0.19352893134853622,3
2,ant_clau,3473,0.027929743737402823,0.16477157871479484,3
2,fum_act,3566,0.19545709478407178,0.39655216413813976,3
2,diabetes,3442,0.10749564206856478,0.3097423590741696,3
2,hip_art,3343,0.3353275501046964,0.4721048445477749,3
2,insf_car,98,0.02040816326530612,0.14139190265868387,3
2,fibr_aur,7354,0.023252651618166986,0.15070489643966825,3
2,trat_est,3501,0.17823479005998286,0.3827102685743573,3
2,var171,617,0.029173419773095625,0.1682923983780562,3
2,tv_l_esu,7903,0.02290269517904593,0.1495933211496477,3
2,tvp_orig,13294,0.2623740033097638,0.4399248636948949,3
2,tv_l_ein,3553,0.8086124401913876,0.39339339313099453,3
2,tvp_prox,5336,0.8476386806596702,0.35937076635308535,3
2,tv_l_svc,8977,0.007017934722067506,0.08347863986855744,3
2,tv_l_vre,9461,0.006658915548039319,0.08133003376221727,3
2,tv_l_vrn,9413,0.009667481143099968,0.09784692612160986,3
2,tv_l_vca,11756,0.0354712487240558,0.18496767079144388,3
2,tv_l_yug,11803,0.014996187409980514,0.12153724438683497,3
2,tv_l_ova,11818,0.006938568285665934,0.08300858121791435,3
2,tv_l_sup,11811,0.0029633392600118534,0.05435584495196378,3
2,tv_l_pul,11819,0.0034689906083424996,0.05879589026880818,3
2,tv_l_ove,9436,0.028189910979228485,0.16551507453465275,3
2,fr_antfa,10153,0.11937358416231655,0.3242275922350824,3
2,fr_tvs_a,7848,0.04383282364933741,0.20472300119982487,3
2,fr_viaje,239,0.04184100418410042,0.20022570902101086,3
2,fr_estro,174,0.08045977011494253,0.2720036681884881,3
2,fr_varic,509,0.1787819253438114,0.38316960802518146,3
2,fr_antec,63,0.031746031746031744,0.17532319074900413,3
2,ana_dime,938,1.61727078891258,0.5517951062245136,3
2,ana_crea,453,0.9337748344370861,0.24867527623203425,3
2,ana_trop,9324,0.8900686400686401,0.31280418161367624,3
2,peso,6,80.03333333333333,13.738227283346598,3
2,tension_,624,129.30608974358975,21.062427693666283,3
2,ana_hemo,33,13.603030303030302,1.5796978707075888,3
2,ana_plaq,24,236.5,81.63689933683992,3
2,ana_leuc,70,9.077857142857141,3.0044366683086454,3
2,ana_neu,11924,6.608866152297886,3.3308907164061963,3
2,protcrea,13717,33.08537712327769,46.31277290196287,3
2,splanchnic,8906,0.011003817651021782,0.1043203414877695,3
3,raza,8486,2.9278812161206695,0.6277297966887798,3
3,ant_inf,3459,0.030644694998554496,0.17235311911015727,3
3,ant_isq,3464,0.04792147806004619,0.2136001170425398,3
3,ant_clau,3473,0.028505614742297725,0.1664122731966048,3
3,fum_act,3566,0.1962983735277622,0.39719683039787385,3
3,diabetes,3442,0.11563044741429401,0.3197812487389844,3
3,hip_art,3343,0.3317379599162429,0.47083743040125015,3
3,insf_car,98,0.02040816326530612,0.14139190265868384,3
3,fibr_aur,7354,0.026108240413380474,0.1594572049043178,3
3,trat_est,3501,0.1790916880891174,0.3834290747276577,3
3,var171,617,0.024311183144246355,0.1540134718729932,3
3,tv_l_esu,7903,0.018473997216246995,0.13465774631673103,3
3,tvp_orig,13294,0.2463517376259967,0.4308857841640274,3
3,tv_l_ein,3553,0.8173374613003096,0.38638961639189334,3
3,tvp_prox,5336,0.8407046476761619,0.3659512850802172,3
3,tv_l_svc,8977,0.006906538932828339,0.08281810582715392,3
3,tv_l_vre,9461,0.00687030969242152,0.08260210976211044,3
3,tv_l_vrn,9413,0.008286412408371401,0.09065179412328137,3
3,tv_l_vca,11756,0.04210615855733243,0.20083134707728573,3
3,tv_l_yug,11803,0.02101160721850377,0.14342286979627442,3
3,tv_l_ova,11818,0.005923168048739211,0.07673385256199253,3
3,tv_l_sup,11811,0.004233341800016934,0.06492627062461823,3
3,tv_l_pul,11819,0.0021152381758185973,0.04594305108803895,3
3,tv_l_ove,9436,0.03698601102161933,0.1887274384140472,3
3,fr_antfa,10153,0.12863193144883286,0.33479211110863355,3
3,fr_tvs_a,7848,0.05058613659531091,0.21915104238782773,3
3,fr_viaje,239,0.05439330543933055,0.22679213778857993,3
3,fr_estro,174,0.05747126436781609,0.23274088196915615,3
3,fr_varic,509,0.2082514734774067,0.4060576280183586,3
3,fr_antec,63,0.047619047619047616,0.21295885499997996,3
3,ana_dime,938,1.591684434968017,0.5604361104480959,3
3,ana_crea,453,0.9139072847682119,0.2805009084046009,3
3,ana_trop,9324,0.8821321321321322,0.3224515988364002,3
3,peso,6,86.91666666666667,8.388566954823425,3
3,tension_,624,129.05128205128204,20.715269009868454,3
3,ana_hemo,33,14.033333333333333,1.5745449879860272,3
3,ana_plaq,24,226.95833333333334,55.113881468787476,3
3,ana_leuc,70,8.952714285714285,3.134615912415323,3
3,ana_neu,11924,6.359761824890977,3.3635194703473115,3
3,protcrea,13717,7.62373040752351,11.605981396921392,3
3,splanchnic,8906,0.012126656186840333,0.10945136087124044,3
4,raza,8486,2.9447325005892058,0.6035365510579453,3
4,ant_inf,3459,0.035270309337958945,0.18446223086898744,3
4,ant_isq,3464,0.04330254041570439,0.20353729488536168,3
4,ant_clau,3473,0.021019291678663978,0.1434485310346231,3
4,fum_act,3566,0.21228266965787998,0.40892387778265454,3
4,diabetes,3442,0.10894828588030216,0.31157432000093677,3
4,hip_art,3343,0.3451989231229435,0.47543309371319914,3
4,insf_car,98,0.02040816326530612,0.14139190265868387,3
4,fibr_aur,7354,0.023524612455806365,0.1515625450585021,3
4,trat_est,3501,0.18451870894030278,0.38790663179598595,3
4,var171,617,0.029173419773095625,0.16829239837805623,3
4,tv_l_esu,7903,0.01543717575604201,0.12328369462633362,3
4,tvp_orig,13294,0.22160373100646907,0.4153257967072134,3
4,tv_l_ein,3553,0.8187447227694906,0.38522954417671623,3
4,tvp_prox,5336,0.8384557721139431,0.36803218653095365,3
4,tv_l_svc,8977,0.007797705246741673,0.08795965574981868,3
4,tv_l_vre,9461,0.00687030969242152,0.08260210976211042,3
4,tv_l_vrn,9413,0.007755232125783491,0.0877216535438013,3
4,tv_l_vca,11756,0.03640694113644097,0.18730049592440665,3
4,tv_l_yug,11803,0.02041853765991697,0.14142708715004887,3
4,tv_l_ova,11818,0.007192418344897614,0.08450258850029148,3
4,tv_l_sup,11811,0.003894674456015579,0.062285680271610085,3
4,tv_l_pul,11819,0.002199847702851341,0.04685091645779837,3
4,tv_l_ove,9436,0.026706231454005934,0.16122347426950892,3
4,fr_antfa,10153,0.12745001477395843,0.33347639872722057,3
4,fr_tvs_a,7848,0.04752803261977574,0.2127654077501069,3
4,fr_viaje,239,0.04184100418410042,0.2002257090210109,3
4,fr_estro,174,0.09195402298850575,0.2889610365511847,3
4,fr_varic,509,0.20235756385068762,0.40175736483990254,3
4,fr_antec,63,0.07936507936507936,0.27030772009406995,3
4,ana_dime,938,1.6108742004264391,0.5569574321161292,3
4,ana_crea,453,0.8962472406181016,0.3049395420448787,3
4,ana_trop,9324,0.8777348777348777,0.3275917614083373,3
4,peso,6,76.5,4.4628092796652945,3
4,tension_,624,128.95673076923077,20.625547068532093,3
4,ana_hemo,33,14.224242424242425,1.595263881093468,3
4,ana_plaq,24,236.25,114.96928937764206,3
4,ana_leuc,70,8.663428571428572,3.2235055831963373,3
4,ana_neu,11924,6.62480459577323,3.3081931907886446,3
4,protcrea,13717,28.692728730772032,31.325072567069768,3
4,splanchnic,8906,0.013810913990568156,0.11670549535181832,3
5,raza,8486,2.9099693613009663,0.6468998744509752,3
5,ant_inf,3459,0.03758311650766118,0.1901857667156844,3
5,ant_isq,3464,0.038394919168591224,0.19214772793511914,3
5,ant_clau,3473,0.024762453210480852,0.155400367185794,3
5,fum_act,3566,0.21060011217049915,0.4077348463453576,3
5,diabetes,3442,0.1042998256827426,0.3056490995329319,3
5,hip_art,3343,0.3347292850732875,0.47189574143831114,3
5,insf_car,98,0.02040816326530612,0.14139190265868387,3
5,fibr_aur,7354,0.028555887952134894,0.1665546433318507,3
5,trat_est,3501,0.17880605541273922,0.3831898354086074,3
5,var171,617,0.03079416531604538,0.17275961535767972,3
5,tv_l_esu,7903,0.012147285840819942,0.1095432758663048,3
5,tvp_orig,13294,0.23740033097638033,0.4254896165932671,3
5,tv_l_ein,3553,0.8103011539544047,0.39206274224231613,3
5,tvp_prox,5336,0.8408920539730135,0.36577671814654916,3
5,tv_l_svc,8977,0.007797705246741673,0.08795965574981868,3
5,tv_l_vre,9461,0.007293097981185921,0.08508765305861213,3
5,tv_l_vrn,9413,0.006799107617125252,0.08217590737397429,3
5,tv_l_vca,11756,0.03827832596121129,0.1918673909835086,3
5,tv_l_yug,11803,0.01635177497246463,0.12682426592618035,3
5,tv_l_ova,11818,0.006177018107970892,0.07835089377451092,3
5,tv_l_sup,11811,0.0026246719160104987,0.05116427477590007,3
5,tv_l_pul,11819,0.0036382096624079873,0.060207749441914434,3
5,tv_l_ove,9436,0.03285290377278508,0.17825148102184507,3
5,fr_antfa,10153,0.1315867231360189,0.3380409108826084,3
5,fr_tvs_a,7848,0.04854740061162079,0.21491986996430923,3
5,fr_viaje,239,0.029288702928870293,0.16861457472476893,3
5,fr_estro,174,0.09195402298850575,0.28896103655118477,3
5,fr_varic,509,0.1925343811394892,0.3942903666319063,3
5,fr_antec,63,0.015873015873015872,0.12498425196844144,3
5,ana_dime,938,1.5970149253731343,0.5689848456458876,3
5,ana_crea,453,0.9205298013245033,0.27047122988956473,3
5,ana_trop,9324,0.8908193908193908,0.3118656822408651,3
5,peso,6,82.16666666666667,14.633485192833897,3
5,tension_,624,130.82692307692307,22.461338140132366,3
5,ana_hemo,33,13.912121212121212,1.3555179208673231,3
5,ana_plaq,24,200.5,51.33549778986597,3
5,ana_leuc,70,9.017000000000003,3.2683138291348777,3
5,ana_neu,11924,6.664445655820195,3.3908493718998884,3
5,protcrea,13717,16.490905008383756,32.83371699471357,3
5,splanchnic,8906,0.014372333258477431,0.11902003736843936,3
1,raza,8486,2.9051378741456517,0.6227136818513321,4
1,ant_inf,3459,0.029777392309916162,0.16997264255502267,4
1,ant_isq,3464,0.038394919168591224,0.19214772793511914,4
1,ant_clau,3473,0.01785200115174201,0.13241339511779093,4
1,fum_act,3566,0.19798093101514302,0.3984777057371218,4
1,diabetes,3442,0.09122603137710633,0.28793027380997915,4
1,hip_art,3343,0.3104995513012264,0.462698152085097,4
1,insf_car,98,0.01020408163265306,0.10049854899791943,4
1,fibr_aur,7354,0.021620886592330704,0.14544216670309984,4
1,trat_est,3501,0.16766638103399029,0.37356976015860155,4
1,var171,617,0.04051863857374392,0.1971722051960525,4
1,tv_l_esu,7903,0.04327470580792104,0.20347482803816033,4
1,tvp_orig,13294,0.30028584323755075,0.45838221561123405,4
1,tv_l_ein,3553,0.8232479594708697,0.38145872214162174,4
1,tvp_prox,5336,0.8523238380809596,0.3547786818847799,4
1,tv_l_svc,8977,0.006683747354350005,0.08148051838110276,4
1,tv_l_vre,9461,0.007821583342141423,0.08809316759070115,4
1,tv_l_vrn,9413,0.0058429831084670135,0.07621576383440098,4
1,tv_l_vca,11756,0.033004423273222186,0.1786480655300364,4
1,tv_l_yug,11803,0.016521223417775142,0.12746871221815614,4
1,tv_l_ova,11818,0.006515484853613133,0.0804551633565893,4
1,tv_l_sup,11811,0.009228685124036915,0.09562173651904832,4
1,tv_l_pul,11819,0.0011845333784584143,0.03439666058113393,4
1,tv_l_ove,9436,0.03285290377278508,0.17825148102184507,4
1,fr_antfa,10153,0.13897370235398404,0.34591908361350965,4
1,fr_tvs_a,7848,0.0481651376146789,0.21411505583035947,4
1,fr_viaje,239,0.02092050209205021,0.14311825419654453,4
1,fr_estro,174,0.06896551724137931,0.2533954906327426,4
1,fr_varic,509,0.20039292730844793,0.40029439415659945,4
1,fr_antec,63,0.031746031746031744,0.1753231907490041,4
1,ana_dime,938,1.5788912579957357,0.584685550416639,4
1,ana_crea,453,0.9116997792494481,0.2837310200981833,4
1,ana_trop,9324,0.8844916344916345,0.31963445215738456,4
1,peso,6,78.0,12.871156384205214,4
1,tension_,624,128.50320512820514,21.26021600546307,4
1,ana_hemo,33,13.645454545454545,2.1899343990577225,4
1,ana_plaq,24,269.0,115.13036089581236,4
1,ana_leuc,70,8.927142857142856,3.618450000782554,4
1,ana_neu,11924,7.112340657497483,3.394431875906262,4
1,protcrea,13717,24.404325289786396,35.96265018872597,4
1,splanchnic,8906,0.011789804626094767,0.10793889536665306,4
2,raza,8486,2.9057270798963,0.62629377417979,4
2,ant_inf,3459,0.03555941023417172,0.1851889267153131,4
2,ant_isq,3464,0.03868360277136259,0.19283978232716922,4
2,ant_clau,3473,0.023322775698243592,0.15092655111667067,4
2,fum_act,3566,0.21060011217049915,0.40773484634535756,4
2,diabetes,3442,0.10371876815804765,0.3048953677736427,4
2,hip_art,3343,0.3284475022434939,0.4696485287036509,4
2,insf_car,98,0.01020408163265306,0.10049854899791943,4
2,fibr_aur,7354,0.025292357900462335,0.15701163820652675,4
2,trat_est,3501,0.18766066838046272,0.3904409583067083,4
2,var171,617,0.024311183144246355,0.1540134718729932,4
2,tv_l_esu,7903,0.02530684550170821,0.15705543311984116,4
2,tvp_orig,13294,0.27997592899052204,0.4489870913249246,4
2,tv_l_ein,3553,0.8176189135941458,0.38615829102490407,4
2,tvp_prox,5336,0.8425787106446777,0.36419751099236003,4
2,tv_l_svc,8977,0.0064609557758716725,0.08011998393867727,4
2,tv_l_vre,9461,0.00676461262023042,0.08196860762711929,4
2,tv_l_vrn,9413,0.009136300860512057,0.09514635498587563,4
2,tv_l_vca,11756,0.04057502551888397,0.1973035550187221,4
2,tv_l_yug,11803,0.020333813437261712,0.14113946814537864,4
2,tv_l_ova,11818,0.004315451006938568,0.06555019366520044,4
2,tv_l_sup,11811,0.008128016256032511,0.08978837122798353,4
2,tv_l_pul,11819,0.004484304932735426,0.06681463868049929,4
2,tv_l_ove,9436,0.04080118694362018,0.1978293458706567,4
2,fr_antfa,10153,0.1379887717915887,0.3448882002200678,4
2,fr_tvs_a,7848,0.05211518858307849,0.22225929834773767,4
2,fr_viaje,239,0.04184100418410042,0.20022570902101086,4
2,fr_estro,174,0.07471264367816093,0.2629271088206408,4
2,fr_varic,509,0.21021611001964635,0.4074620192212451,4
2,fr_antec,63,0.031746031746031744,0.17532319074900413,4
2,ana_dime,938,1.5778251599147122,0.5737866249453065,4
2,ana_crea,453,0.9139072847682119,0.28050090840460096,4
2,ana_trop,9324,0.8798798798798799,0.3251019484137984,4
2,peso,6,74.66666666666667,10.888321980707383,4
2,tension_,624,130.55929487179486,20.26727682149737,4
2,ana_hemo,33,13.875454545454545,1.8134532451034704,4
2,ana_plaq,24,269.25,99.58633189348828,4
2,ana_leuc,70,9.201571428571429,3.654354989290874,4
2,ana_neu,11924,6.621118752096612,3.3857408123422856,4
2,protcrea,13717,16.943502077713784,33.60862860538638,4
2,splanchnic,8906,0.014035481697731866,0.11763709853292244,4
3,raza,8486,2.920810747112892,0.5834532765428087,4
3,ant_inf,3459,0.04336513443191674,0.2036776854434931,4
3,ant_isq,3464,0.05542725173210162,0.22881230626329488,4
3,ant_clau,3473,0.031960840771667144,0.17589583687181254,4
3,fum_act,3566,0.2148065058889512,0.41068804574364126,4
3,diabetes,3442,0.10400929692039512,0.30527260452670857,4
3,hip_art,3343,0.3434041280287167,0.47484495667696985,4
3,insf_car,98,0.01020408163265306,0.10049854899791943,4
3,fibr_aur,7354,0.03100353549088931,0.17332719428282012,4
3,trat_est,3501,0.18594687232219365,0.3890637903940528,4
3,var171,617,0.024311183144246355,0.1540134718729932,4
3,tv_l_esu,7903,0.016449449576110338,0.1271961681213445,4
3,tvp_orig,13294,0.29178576801564615,0.45458424257684693,4
3,tv_l_ein,3553,0.8148043906557838,0.3884561695015806,4
3,tvp_prox,5336,0.8429535232383808,0.36384458343966236,4
3,tv_l_svc,8977,0.00924585050685084,0.09570979445833018,4
3,tv_l_vre,9461,0.00687030969242152,0.08260210976211042,4
3,tv_l_vrn,9413,0.007011579730160416,0.0834411018614209,4
3,tv_l_vca,11756,0.038448451854372234,0.19227628143994846,4
3,tv_l_yug,11803,0.018215707870880286,0.13373068405434496,4
3,tv_l_ova,11818,0.00558470130309697,0.07452189218244636,4
3,tv_l_sup,11811,0.00254000508001016,0.05033441620008801,4
3,tv_l_pul,11819,0.0034689906083424996,0.05879589026880818,4
3,tv_l_ove,9436,0.03115727002967359,0.17374261007010225,4
3,fr_antfa,10153,0.13414754259824682,0.34081076774817193,4
3,fr_tvs_a,7848,0.045871559633027525,0.20920650001819044,4
3,fr_viaje,239,0.029288702928870293,0.1686145747247689,4
3,fr_estro,174,0.06896551724137931,0.2533954906327426,4
3,fr_varic,509,0.1925343811394892,0.39429036663190636,4
3,fr_antec,63,0.047619047619047616,0.21295885499997996,4
3,ana_dime,938,1.6204690831556503,0.5587899979753804,4
3,ana_crea,453,0.9183222958057395,0.27387306700699027,4
3,ana_trop,9324,0.8910338910338911,0.31159668814494007,4
3,peso,6,84.0,10.503967504392486,4
3,tension_,624,129.55769230769232,21.881012839438775,4
3,ana_hemo,33,13.157575757575758,2.2779616490546584,4
3,ana_plaq,24,264.375,83.9075942629748,4
3,ana_leuc,70,9.037285714285712,3.87958831447306,4
3,ana_neu,11924,6.934280442804428,3.4105501376432907,4
3,protcrea,13717,21.388677407596415,35.637225799178395,4
3,splanchnic,8906,0.012126656186840333,0.10945136087124044,4
4,raza,8486,2.909851520150837,0.6182887528981371,4
4,ant_inf,3459,0.0358485111303845,0.18591233251217953,4
4,ant_isq,3464,0.04849884526558892,0.21481784672948703,4
4,ant_clau,3473,0.029657356752087534,0.1696402014339966,4
4,fum_act,3566,0.20919798093101513,0.40673601476314064,4
4,diabetes,3442,0.10865775711795468,0.3112093329835246,4
4,hip_art,3343,0.3422075979658989,0.4744486883323723,4
4,insf_car,98,0.030612244897959183,0.17226472465442993,4
4,fibr_aur,7354,0.02801196627685613,0.1650069574962232,4
4,trat_est,3501,0.17509283061982292,0.3800464856900546,4
4,var171,617,0.03889789303079417,0.19335161480721869,4
4,tv_l_esu,7903,0.017335189168670124,0.1305169735519352,4
4,tvp_orig,13294,0.3567774936061381,0.47904834167572297,4
4,tv_l_ein,3553,0.8086124401913876,0.39339339313099453,4
4,tvp_prox,5336,0.8444527736131934,0.36242556028814815,4
4,tv_l_svc,8977,0.006572351565110839,0.08080319152122287,4
4,tv_l_vre,9461,0.00676461262023042,0.08196860762711929,4
4,tv_l_vrn,9413,0.008073940295336236,0.0894916296836949,4
4,tv_l_vca,11756,0.03793807417488942,0.19104653020348208,4
4,tv_l_yug,11803,0.0213505041091248,0.14454985328048953,4
4,tv_l_ova,11818,0.007869351836182096,0.08835963522933123,4
4,tv_l_sup,11811,0.0036406739480145628,0.060228061908206974,4
4,tv_l_pul,11819,0.0036382096624079873,0.06020774944191444,4
4,tv_l_ove,9436,0.0317931326833404,0.1754489367238226,4
4,fr_antfa,10153,0.13621589677927706,0.3430176762849028,4
4,fr_tvs_a,7848,0.05033129459734964,0.21862766380653767,4
4,fr_viaje,239,0.0502092050209205,0.218376374070291,4
4,fr_estro,174,0.06896551724137931,0.2533954906327426,4
4,fr_varic,509,0.15913555992141454,0.36580245145421375,4
4,fr_antec,63,0.07936507936507936,0.27030772009406995,4
4,ana_dime,938,1.6130063965884862,0.5622462203748652,4
4,ana_crea,453,0.9293598233995585,0.2562228367072302,4
4,ana_trop,9324,0.8847061347061347,0.31937625133917724,4
4,peso,6,81.16666666666667,5.669117117231649,4
4,tension_,624,129.79326923076923,21.005048680766276,4
4,ana_hemo,33,13.324242424242424,2.70700889421363,4
4,ana_plaq,24,207.16666666666666,73.34602162959412,4
4,ana_leuc,70,8.650714285714287,2.9846705113336194,4
4,ana_neu,11924,6.6502054679637705,3.351632893939404,4
4,protcrea,13717,16.33732011372749,31.050791393775004,4
4,splanchnic,8906,0.015832023355041545,0.12482535956898728,4
5,raza,8486,2.9218713174640585,0.6204922934617515,4
5,ant_inf,3459,0.03758311650766118,0.1901857667156844,4
5,ant_isq,3464,0.03954965357967667,0.19489863642777044,4
5,ant_clau,3473,0.027929743737402823,0.16477157871479484,4
5,fum_act,3566,0.19012899607403252,0.3924028044317638,4
5,diabetes,3442,0.11417780360255665,0.31802709439142546,4
5,hip_art,3343,0.3422075979658989,0.47444868833237236,4
5,insf_car,98,0.030612244897959183,0.17226472465442993,4
5,fibr_aur,7354,0.022436769105248843,0.14809915765245457,4
5,trat_est,3501,0.1893744644387318,0.39180578946370265,4
5,var171,617,0.03079416531604538,0.17275961535767972,4
5,tv_l_esu,7903,0.012906491205871189,0.11287122614122677,4
5,tvp_orig,13294,0.28328569279374155,0.45059395141536407,4
5,tv_l_ein,3553,0.8187447227694906,0.3852295441767163,4
5,tvp_prox,5336,0.8437031484257871,0.3631365387319229,4
5,tv_l_svc,8977,0.007797705246741673,0.08795965574981868,4
5,tv_l_vre,9461,0.007504492125568122,0.08630280831760578,4
5,tv_l_vrn,9413,0.008923828747476893,0.09404357515515135,4
5,tv_l_vca,11756,0.04083021435862538,0.1978967103164024,4
5,tv_l_yug,11803,0.016690671863085656,0.1281096925913276,4
5,tv_l_ova,11818,0.0045693010661702485,0.06744199399437227,4
5,tv_l_sup,11811,0.005842011684023368,0.0762094651831851,4
5,tv_l_pul,11819,0.0012691429054911584,0.035602418201248626,4
5,tv_l_ove,9436,0.03529037727850784,0.1845127815357202,4
5,fr_antfa,10153,0.12971535506746773,0.3359900024214835,4
5,fr_tvs_a,7848,0.03988277268093782,0.1956837681674657,4
5,fr_viaje,239,0.0502092050209205,0.21837637407029103,4
5,fr_estro,174,0.05747126436781609,0.23274088196915613,4
5,fr_varic,509,0.1925343811394892,0.3942903666319063,4
5,fr_antec,63,0.031746031746031744,0.17532319074900413,4
5,ana_dime,938,1.5820895522388059,0.5768999429876922,4
5,ana_crea,453,0.9050772626931567,0.2931081903478975,4
5,ana_trop,9324,0.8879236379236379,0.3154603796677013,4
5,peso,6,82.08333333333333,12.891136058892902,4
5,tension_,624,128.92307692307693,20.843368391820928,4
5,ana_hemo,33,13.60909090909091,1.6834962962876767,4
5,ana_plaq,24,243.875,62.697230467807216,4
5,ana_leuc,70,8.979857142857146,3.111484943081102,4
5,ana_neu,11924,6.671487755786648,3.3516098337404956,4
5,protcrea,13717,22.341149522490344,39.33510249514348,4
5,splanchnic,8906,0.0136986301369863,0.11623673115395301,4
1,raza,8486,2.9294131510723544,0.6298713976284034,5
1,ant_inf,3459,0.029777392309916162,0.1699726425550227,5
1,ant_isq,3464,0.03175519630484989,0.17534766554616665,5
1,ant_clau,3473,0.02620213072271811,0.1597359667335685,5
1,fum_act,3566,0.18480089736399327,0.3881359629014762,5
1,diabetes,3442,0.09384079023823358,0.29160709237893623,5
1,hip_art,3343,0.33562668262040085,0.47220907714022775,5
1,insf_car,98,0.030612244897959183,0.17226472465442993,5
1,fibr_aur,7354,0.022028827848789775,0.14677724139797066,5
1,trat_est,3501,0.17766352470722652,0.3822292462591413,5
1,var171,617,0.03565640194489465,0.18543199008056505,5
1,tv_l_esu,7903,0.034164241427306084,0.18165089054282896,5
1,tvp_orig,13294,0.27373251090717615,0.4458733266070407,5
1,tv_l_ein,3553,0.8162116521249648,0.3873114909996864,5
1,tvp_prox,5336,0.8330209895052474,0.3729571296395149,5
1,tv_l_svc,8977,0.006015372618915005,0.0773252087690076,5
1,tv_l_vre,9461,0.00718740090899482,0.08447332228087281,5
1,tv_l_vrn,9413,0.00977371719961755,0.09837780060419854,5
1,tv_l_vca,11756,0.04117046614494726,0.1986843196187233,5
1,tv_l_yug,11803,0.015843429636533086,0.12486959347209114,5
1,tv_l_ova,11818,0.009561685564393298,0.09731525951032022,5
1,tv_l_sup,11811,0.008466683600033867,0.09162422642975375,5
1,tv_l_pul,11819,0.0041458668246044505,0.06425479447385303,5
1,tv_l_ove,9436,0.029885544722339976,0.1702715447131111,5
1,fr_antfa,10153,0.13897370235398404,0.3459190836135096,5
1,fr_tvs_a,7848,0.047018348623853214,0.21167811298416997,5
1,fr_viaje,239,0.03347280334728033,0.1798676590812107,5
1,fr_estro,174,0.07471264367816093,0.26292710882064085,5
1,fr_varic,509,0.2220039292730845,0.41559377360638566,5
1,fr_antec,63,0.07936507936507936,0.2703077200940699,5
1,ana_dime,938,1.6130063965884862,0.542953820048586,5
1,ana_crea,453,0.9359823399558499,0.24478439338859362,5
1,ana_trop,9324,0.8861003861003861,0.3176893008162736,5
1,peso,6,82.33333333333333,5.497474167490215,5
1,tension_,624,130.61217948717947,22.226476596989055,5
1,ana_hemo,33,14.039999999999997,1.8120606050470929,5
1,ana_plaq,24,203.54166666666666,54.90368776826885,5
1,ana_leuc,70,8.933,3.383920106284173,5
1,ana_neu,11924,6.533705971150621,3.2948025146628366,5
1,protcrea,13717,22.977886564117522,37.01092581191127,5
1,splanchnic,8906,0.012575791601167752,0.11143446983214735,5
2,raza,8486,2.909497996700448,0.67308220077946,5
2,ant_inf,3459,0.03266840127204394,0.17776719840952848,5
2,ant_isq,3464,0.038394919168591224,0.19214772793511914,5
2,ant_clau,3473,0.02130722718111143,0.1444064723305847,5
2,fum_act,3566,0.21060011217049915,0.4077348463453576,5
2,diabetes,3442,0.09296920395119117,0.2903892750565575,5
2,hip_art,3343,0.35088244092132814,0.47724621902579684,5
2,insf_car,98,0.04081632653061224,0.19786448397617667,5
2,fibr_aur,7354,0.025156377481642643,0.15659991747649082,5
2,trat_est,3501,0.18080548414738645,0.38485693582111213,5
2,var171,617,0.03241491085899514,0.17709936310726399,5
2,tv_l_esu,7903,0.020878147538909275,0.14297639838187562,5
2,tvp_orig,13294,0.3220249736723334,0.46725249063398944,5
2,tv_l_ein,3553,0.8297213622291022,0.37587740460126784,5
2,tvp_prox,5336,0.8438905547226386,0.36295906983096027,5
2,tv_l_svc,8977,0.006683747354350005,0.08148051838110276,5
2,tv_l_vre,9461,0.00676461262023042,0.08196860762711929,5
2,tv_l_vrn,9413,0.007436523956230744,0.08591403882765118,5
2,tv_l_vca,11756,0.038703640694113646,0.19288771057569892,5
2,tv_l_yug,11803,0.015335084300601542,0.12288172968385085,5
2,tv_l_ova,11818,0.009138602132340497,0.09515822656716172,5
2,tv_l_sup,11811,0.00508001016002032,0.07109292269132286,5
2,tv_l_pul,11819,0.004653523986800914,0.06805783350434526,5
2,tv_l_ove,9436,0.032005086901229336,0.17601352593955413,5
2,fr_antfa,10153,0.1413375357037329,0.3483693969121411,5
2,fr_tvs_a,7848,0.048674821610601424,0.21518732154050701,5
2,fr_viaje,239,0.04184100418410042,0.20022570902101086,5
2,fr_estro,174,0.06321839080459771,0.24335534896253022,5
2,fr_varic,509,0.21611001964636542,0.41159018338003756,5
2,fr_antec,63,0.015873015873015872,0.12498425196844144,5
2,ana_dime,938,1.628997867803838,0.5452755587438985,5
2,ana_crea,453,0.9050772626931567,0.2931081903478975,5
2,ana_trop,9324,0.8821321321321322,0.3224515988364001,5
2,peso,6,81.16666666666667,9.24511883223911,5
2,tension_,624,128.6522435897436,20.35398030354442,5
2,ana_hemo,33,13.796969696969697,2.288904044811502,5
2,ana_plaq,24,274.7916666666667,164.08356081751623,5
2,ana_leuc,70,8.657857142857141,3.136352701037644,5
2,ana_neu,11924,6.58109443139886,3.3401523162292155,5
2,protcrea,13717,7.690878471969089,20.120170410641194,5
2,splanchnic,8906,0.012351223894004042,0.11044759464254632,5
3,raza,8486,2.922106999764318,0.6193814365905348,5
3,ant_inf,3459,0.04191962995085285,0.20040552531214403,5
3,ant_isq,3464,0.0355080831408776,0.18506015014729163,5
3,ant_clau,3473,0.022171033688453787,0.1472395291816679,5
3,fum_act,3566,0.2072349971957375,0.4053253669991803,5
3,diabetes,3442,0.1042998256827426,0.3056490995329319,5
3,hip_art,3343,0.3434041280287167,0.47484495667696985,5
3,insf_car,98,0.01020408163265306,0.10049854899791943,5
3,fibr_aur,7354,0.022708729942888223,0.14897329803447731,5
3,trat_est,3501,0.17480719794344474,0.3798021083282794,5
3,var171,617,0.04213938411669368,0.20090708405369737,5
3,tv_l_esu,7903,0.019612805263823866,0.13866558020470393,5
3,tvp_orig,13294,0.2811042575598014,0.44953826749405235,5
3,tv_l_ein,3553,0.8218406980016887,0.3826467889709593,5
3,tvp_prox,5336,0.8491379310344828,0.35791438237791,5
3,tv_l_svc,8977,0.007017934722067506,0.08347863986855744,5
3,tv_l_vre,9461,0.008138674558714724,0.08984673914584798,5
3,tv_l_vrn,9413,0.008817592690959311,0.09348712611956607,5
3,tv_l_vca,11756,0.03385505273902688,0.18085598730223057,5
3,tv_l_yug,11803,0.019401846988053886,0.13793264777240388,5
3,tv_l_ova,11818,0.005753934675918091,0.07563614818103416,5
3,tv_l_sup,11811,0.0039793412920159175,0.06295638279712053,5
3,tv_l_pul,11819,0.0010999238514256705,0.033146855340239076,5
3,tv_l_ove,9436,0.028719796523950826,0.1670178727309556,5
3,fr_antfa,10153,0.1200630355559933,0.32503523355026237,5
3,fr_tvs_a,7848,0.05389908256880734,0.22581844802196344,5
3,fr_viaje,239,0.03347280334728033,0.1798676590812107,5
3,fr_estro,174,0.10919540229885058,0.31188421956816403,5
3,fr_varic,509,0.22986247544204322,0.42074424277189976,5
3,fr_antec,63,0.031746031746031744,0.1753231907490041,5
3,ana_dime,938,1.5938166311300639,0.5446425799885876,5
3,ana_crea,453,0.9227373068432672,0.26700780775644267,5
3,ana_trop,9324,0.8882453882453882,0.31506430852476414,5
3,peso,6,81.66666666666667,14.243907079480998,5
3,tension_,624,129.59455128205127,20.052272294122346,5
3,ana_hemo,33,13.881818181818181,2.26440901989159,5
3,ana_plaq,24,240.375,109.70065804269362,5
3,ana_leuc,70,8.733,3.2392562417937856,5
3,ana_neu,11924,6.719994968131499,3.382866049242851,5
3,protcrea,13717,19.5758781074579,34.33221215090943,5
3,splanchnic,8906,0.012463507747585896,0.11094218639549053,5
4,raza,8486,2.907848220598633,0.7004878025363858,5
4,ant_inf,3459,0.03700491471523562,0.18877380910008082,5
4,ant_isq,3464,0.03435334872979215,0.1821351041420666,5
4,ant_clau,3473,0.030521163259429888,0.17201634181879674,5
4,fum_act,3566,0.21228266965787998,0.40892387778265454,5
4,diabetes,3442,0.10226612434631029,0.30299796064906986,5
4,hip_art,3343,0.3317379599162429,0.4708374304012502,5
4,insf_car,98,0.05102040816326531,0.22003937400865128,5
4,fibr_aur,7354,0.028555887952134894,0.16655464333185072,5
4,trat_est,3501,0.1928020565552699,0.3944989525250079,5
4,var171,617,0.029173419773095625,0.1682923983780562,5
4,tv_l_esu,7903,0.016322915348601797,0.12671415778485123,5
4,tvp_orig,13294,0.2765909432826839,0.44731241138233474,5
4,tv_l_ein,3553,0.8173374613003096,0.38638961639189334,5
4,tvp_prox,5336,0.8438905547226386,0.36295906983096027,5
4,tv_l_svc,8977,0.007240726300545839,0.08478383208599634,5
4,tv_l_vre,9461,0.008455765775288025,0.09156563656984805,5
4,tv_l_vrn,9413,0.0058429831084670135,0.07621576383440098,5
4,tv_l_vca,11756,0.03768288533514801,0.19042816358922882,5
4,tv_l_yug,11803,0.01567398119122257,0.12421073828312823,5
4,tv_l_ova,11818,0.008969368759519378,0.09428106481990503,5
4,tv_l_sup,11811,0.009567352468038269,0.09734381456872641,5
4,tv_l_pul,11819,0.0024536762839495727,0.049473788581865824,5
4,tv_l_ove,9436,0.034548537515896566,0.18263333778751692,5
4,fr_antfa,10153,0.12262385501822122,0.32800494691192,5
4,fr_tvs_a,7848,0.047273190621814475,0.21222260970558265,5
4,fr_viaje,239,0.03765690376569038,0.19036507390924395,5
4,fr_estro,174,0.06321839080459771,0.24335534896253022,5
4,fr_varic,509,0.20235756385068762,0.40175736483990254,5
4,fr_antec,63,0.031746031746031744,0.17532319074900413,5
4,ana_dime,938,1.6194029850746268,0.5474566759266669,5
4,ana_crea,453,0.9116997792494481,0.2837310200981833,5
4,ana_trop,9324,0.8808451308451308,0.32397065655944085,5
4,peso,6,76.55,13.166086485107614,5
4,tension_,624,129.66506410256412,21.274947587895152,5
4,ana_hemo,33,13.881818181818183,1.8859053842802667,5
4,ana_plaq,24,231.58333333333334,66.1550682529733,5
4,ana_leuc,70,8.87157142857143,3.610807838268046,5
4,ana_neu,11924,6.516933914793693,3.353671373681465,5
4,protcrea,13717,21.189219217029965,32.90847951818816,5
4,splanchnic,8906,0.013923197844150012,0.11717227660988189,5
5,raza,8486,2.917982559509781,0.6178005910345814,5
5,ant_inf,3459,0.043654235328129516,0.20432460220454562,5
5,ant_isq,3464,0.04907621247113164,0.21602716921864246,5
5,ant_clau,3473,0.03109703426432479,0.1735799778899865,5
5,fum_act,3566,0.2052720134604599,0.4039002524762131,5
5,diabetes,3442,0.10546194073213248,0.30714771656182743,5
5,hip_art,3343,0.34460065809153456,0.4752378820489964,5
5,insf_car,98,0.02040816326530612,0.14139190265868384,5
5,fibr_aur,7354,0.028419907533315202,0.16616924020140736,5
5,trat_est,3501,0.18480434161668094,0.3881387598994798,5
5,var171,617,0.03727714748784441,0.1894401271193986,5
5,tv_l_esu,7903,0.014551436163482222,0.1197484524704279,5
5,tvp_orig,13294,0.3038964946592448,0.4599384906626846,5
5,tv_l_ein,3553,0.817900365887982,0.3859266217408267,5
5,tvp_prox,5336,0.8562593703148426,0.3508265398496412,5
5,tv_l_svc,8977,0.00790910103598084,0.08858073806863143,5
5,tv_l_vre,9461,0.00676461262023042,0.08196860762711929,5
5,tv_l_vrn,9413,0.007011579730160416,0.0834411018614209,5
5,tv_l_vca,11756,0.04142565498468867,0.19927260246651624,5
5,tv_l_yug,11803,0.024993645683300855,0.1561056160384964,5
5,tv_l_ova,11818,0.00990015231003554,0.09900575384427736,5
5,tv_l_sup,11811,0.009906019812039623,0.0990347948123441,5
5,tv_l_pul,11819,0.002961333446146036,0.054337500405951436,5
5,tv_l_ove,9436,0.03433658329800763,0.1820922358186274,5
5,fr_antfa,10153,0.1312912439673003,0.33771860064974085,5
5,fr_tvs_a,7848,0.04892966360856269,0.21572100414126485,5
5,fr_viaje,239,0.0502092050209205,0.218376374070291,5
5,fr_estro,174,0.08045977011494253,0.2720036681884881,5
5,fr_varic,509,0.1787819253438114,0.38316960802518146,5
5,fr_antec,63,0.047619047619047616,0.21295885499997996,5
5,ana_dime,938,1.5927505330490406,0.5640535439590886,5
5,ana_crea,453,0.9249448123620309,0.2634803720329056,5
5,ana_trop,9324,0.88996138996139,0.3129378761661502,5
5,peso,6,82.33333333333333,10.842303978193728,5
5,tension_,624,129.46634615384616,22.128966878527038,5
5,ana_hemo,33,13.784848484848485,1.5616854166827332,5
5,ana_plaq,24,222.79166666666666,99.73965241511969,5
5,ana_leuc,70,9.096285714285713,3.539385003652701,5
5,ana_neu,11924,6.861638711841663,3.369530119377433,5
5,protcrea,13717,23.103927972588764,37.42698454697779,5
5,splanchnic,8906,0.011789804626094767,0.10793889536665308,5
1,raza,8486,2.9336554324770208,0.6214835565321875,6
1,ant_inf,3459,0.02515177797051171,0.15658597011045974,6
1,ant_isq,3464,0.030600461893764433,0.1722326148720175,6
1,ant_clau,3473,0.016700259141952202,0.12814585629876543,6
1,fum_act,3566,0.20134604598990466,0.4010060046360102,6
1,diabetes,3442,0.09093550261475886,0.28751736813444856,6
1,hip_art,3343,0.31678133413102005,0.4652213671760908,6
1,insf_car,98,0.02040816326530612,0.14139190265868384,6
1,fibr_aur,7354,0.027604025020397063,0.1638354138245769,6
1,trat_est,3501,0.17080834047415025,0.37634140258363413,6
1,var171,617,0.03241491085899514,0.17709936310726396,6
1,tv_l_esu,7903,0.03998481589269898,0.19592353199839457,6
1,tvp_orig,13294,0.2729050699563713,0.4454524584604729,6
1,tv_l_ein,3553,0.8086124401913876,0.39339339313099453,6
1,tvp_prox,5336,0.8438905547226386,0.36295906983096027,6
1,tv_l_svc,8977,0.009134454717611675,0.09513683016909684,6
1,tv_l_vre,9461,0.005813338970510517,0.07602331261214851,6
1,tv_l_vrn,9413,0.008073940295336236,0.0894916296836949,6
1,tv_l_vca,11756,0.04644436883293637,0.21044545477782728,6
1,tv_l_yug,11803,0.022028297890366855,0.14677551560945074,6
1,tv_l_ova,11818,0.01032323574208834,0.10107752740298709,6
1,tv_l_sup,11811,0.003048006096012192,0.05512454766119053,6
1,tv_l_pul,11819,0.00304594297317878,0.05510594527437963,6
1,tv_l_ove,9436,0.027342094107672743,0.1630782143558112,6
1,fr_antfa,10153,0.15364916773367476,0.3606121198579214,6
1,fr_tvs_a,7848,0.046890927624872576,0.21140522351955154,6
1,fr_viaje,239,0.029288702928870293,0.1686145747247689,6
1,fr_estro,174,0.05172413793103448,0.2214695272183643,6
1,fr_varic,509,0.206286836935167,0.40463882394358897,6
1,fr_antec,63,0.031746031746031744,0.17532319074900413,6
1,ana_dime,938,1.584221748400853,0.5765925215455656,6
1,ana_crea,453,0.9293598233995585,0.2562228367072302,6
1,ana_trop,9324,0.8765551265551266,0.32894716394134277,6
1,peso,6,88.66666666666667,18.95315863443933,6
1,tension_,624,129.16185897435898,22.502302312535203,6
1,ana_hemo,33,13.920303030303032,1.9476738026440592,6
1,ana_plaq,24,239.17916666666667,90.46512209670765,6
1,ana_leuc,70,8.762714285714287,3.723758439851778,6
1,ana_neu,11924,6.226491949010399,3.256217858686059,6
1,protcrea,13717,15.059448130057593,28.13554289164961,6
1,splanchnic,8906,0.010779249943858073,0.10326208265624859,6
2,raza,8486,2.9105585670516145,0.6345680722143869,6
2,ant_inf,3459,0.027753686036426712,0.16426630496793357,6
2,ant_isq,3464,0.0424364896073903,0.2015828215825747,6
2,ant_clau,3473,0.022171033688453787,0.1472395291816679,6
2,fum_act,3566,0.21060011217049915,0.40773484634535756,6
2,diabetes,3442,0.10168506682161534,0.30223370759579243,6
2,hip_art,3343,0.33712234519892315,0.472727056097386,6
2,insf_car,98,0.01020408163265306,0.10049854899791943,6
2,fibr_aur,7354,0.023116671199347294,0.15027405202498723,6
2,trat_est,3501,0.1673807483576121,0.37331546102037866,6
2,var171,617,0.027552674230145867,0.163687276148494,6
2,tv_l_esu,7903,0.021257750221434897,0.14424235950981246,6
2,tvp_orig,13294,0.23740033097638033,0.4254896165932671,6
2,tv_l_ein,3553,0.8125527723050943,0.3902701173858945,6
2,tvp_prox,5336,0.8347076461769115,0.3714441971423317,6
2,tv_l_svc,8977,0.007352122089785006,0.0854287328160842,6
2,tv_l_vre,9461,0.006024733114892718,0.07738498372285824,6
2,tv_l_vrn,9413,0.008498884521406565,0.09179680540900298,6
2,tv_l_vca,11756,0.039384144266757404,0.19450715525947276,6
2,tv_l_yug,11803,0.023553333898161485,0.1516528086137649,6
2,tv_l_ova,11818,0.00482315112540193,0.06928122645149597,6
2,tv_l_sup,11811,0.002032004064008128,0.045031933375017145,6
2,tv_l_pul,11819,0.0006768762162619511,0.026008038273768554,6
2,tv_l_ove,9436,0.02808393387028402,0.16521267060565764,6
2,fr_antfa,10153,0.13345809120457008,0.3400691534035434,6
2,fr_tvs_a,7848,0.053771661569826705,0.22556655333148737,6
2,fr_viaje,239,0.02510460251046025,0.15644283762209135,6
2,fr_estro,174,0.05747126436781609,0.23274088196915613,6
2,fr_varic,509,0.18860510805500982,0.3911946079262441,6
2,fr_antec,63,0.06349206349206349,0.24384589675773355,6
2,ana_dime,938,1.5735607675906182,0.5798907211186399,6
2,ana_crea,453,0.9205298013245033,0.2704712298895648,6
2,ana_trop,9324,0.883955383955384,0.32027841502616705,6
2,peso,6,84.83333333333333,8.35497190632952,6
2,tension_,624,130.06410256410257,21.08124682708194,6
2,ana_hemo,33,14.227272727272727,1.4746900500788813,6
2,ana_plaq,24,231.5,95.83927517811613,6
2,ana_leuc,70,8.693,3.400084599787818,6
2,ana_neu,11924,6.519865816839987,3.3297772427781953,6
2,protcrea,13717,13.651765546402274,22.658120915812738,6
2,splanchnic,8906,0.012800359308331462,0.11241223291932721,6
3,raza,8486,2.9249351873674287,0.6128469585253522,6
3,ant_inf,3459,0.04163052905464007,0.19974340566154078,6
3,ant_isq,3464,0.03868360277136259,0.19283978232716925,6
3,ant_clau,3473,0.023322775698243592,0.15092655111667067,6
3,fum_act,3566,0.213684800897364,0.4099068269287765,6
3,diabetes,3442,0.1063335270191749,0.3082640232833493,6
3,hip_art,3343,0.3413102004187855,0.4741492882087602,6
3,insf_car,98,0.030612244897959183,0.17226472465442993,6
3,fibr_aur,7354,0.022980690780527602,0.14984184539632908,6
3,trat_est,3501,0.18766066838046272,0.3904409583067083,6
3,var171,617,0.03889789303079417,0.19335161480721866,6
3,tv_l_esu,7903,0.0191066683537897,0.13689997654568095,6
3,tvp_orig,13294,0.2867459004061983,0.45224184791595406,6
3,tv_l_ein,3553,0.8277511961722488,0.37759654845835133,6
3,tvp_prox,5336,0.8553223388305847,0.35177554708643854,6
3,tv_l_svc,8977,0.007017934722067506,0.08347863986855744,6
3,tv_l_vre,9461,0.006236127259274918,0.07872253791692087,6
3,tv_l_vrn,9413,0.008073940295336236,0.0894916296836949,6
3,tv_l_vca,11756,0.032664171486900304,0.17775607834325854,6
3,tv_l_yug,11803,0.023553333898161485,0.1516528086137649,6
3,tv_l_ova,11818,0.006346251480792012,0.07941017927781396,6
3,tv_l_sup,11811,0.00254000508001016,0.05033441620008801,6
3,tv_l_pul,11819,0.004822743040866401,0.06927830966780422,6
3,tv_l_ove,9436,0.0291437049597287,0.16820924297121423,6
3,fr_antfa,10153,0.1372008273416724,0.34405923954812345,6
3,fr_tvs_a,7848,0.04294087665647299,0.20272384607748184,6
3,fr_viaje,239,0.04184100418410042,0.2002257090210109,6
3,fr_estro,174,0.05747126436781609,0.23274088196915615,6
3,fr_varic,509,0.20039292730844793,0.4002943941565995,6
3,fr_antec,63,0.015873015873015872,0.12498425196844144,6
3,ana_dime,938,1.6108742004264391,0.5720656872123759,6
3,ana_crea,453,0.9271523178807947,0.2598863161635574,6
3,ana_trop,9324,0.8861003861003861,0.3176893008162736,6
3,peso,6,80.66666666666667,12.723556455994876,6
3,tension_,624,129.17948717948718,20.185831277220164,6
3,ana_hemo,33,13.893939393939394,1.5519175614506806,6
3,ana_plaq,24,218.58333333333334,79.11801136417814,6
3,ana_leuc,70,8.446285714285715,3.146469754878846,6
3,ana_neu,11924,6.917282791009729,3.4023998323916853,6
3,protcrea,13717,39.50159072683531,55.26239192929936,6
3,splanchnic,8906,0.011565236918931058,0.10691810985020289,6
4,raza,8486,2.9196323356115954,0.6306632885029596,6
4,ant_inf,3459,0.03816131830008673,0.1915855737932431,6
4,ant_isq,3464,0.04792147806004619,0.2136001170425398,6
4,ant_clau,3473,0.029081485747192628,0.16803497532932976,6
4,fum_act,3566,0.20274817722938868,0.40204645733988137,6
4,diabetes,3442,0.10778617083091226,0.3101101614080417,6
4,hip_art,3343,0.3392162728088543,0.4734433367051682,6
4,insf_car,98,0.030612244897959183,0.17226472465442993,6
4,fibr_aur,7354,0.027604025020397063,0.1638354138245769,6
4,trat_est,3501,0.18480434161668094,0.3881387598994799,6
4,var171,617,0.03889789303079417,0.19335161480721866,6
4,tv_l_esu,7903,0.01923320258129824,0.13734368023234628,6
4,tvp_orig,13294,0.2925379870618324,0.45492803077810406,6
4,tv_l_ein,3553,0.8145229383619477,0.3886840892603741,6
4,tvp_prox,5336,0.8412668665667167,0.36542704577485063,6
4,tv_l_svc,8977,0.006572351565110839,0.08080319152122285,6
4,tv_l_vre,9461,0.008138674558714724,0.08984673914584798,6
4,tv_l_vrn,9413,0.007117815786677998,0.08406635762958282,6
4,tv_l_vca,11756,0.03717250765566519,0.1891843342622605,6
4,tv_l_yug,11803,0.01863932898415657,0.13524756707304184,6
4,tv_l_ova,11818,0.0045693010661702485,0.06744199399437227,6
4,tv_l_sup,11811,0.00254000508001016,0.050334416200088015,6
4,tv_l_pul,11819,0.0024536762839495727,0.049473788581865824,6
4,tv_l_ove,9436,0.02967359050445104,0.16968520421953465,6
4,fr_antfa,10153,0.13316261203585147,0.3397503948366223,6
4,fr_tvs_a,7848,0.053771661569826705,0.22556655333148737,6
4,fr_viaje,239,0.03765690376569038,0.19036507390924395,6
4,fr_estro,174,0.09770114942528736,0.29691014604803423,6
4,fr_varic,509,0.1925343811394892,0.3942903666319063,6
4,fr_antec,63,0.015873015873015872,0.12498425196844144,6
4,ana_dime,938,1.61727078891258,0.5400783853118367,6
4,ana_crea,453,0.9227373068432672,0.2670078077564426,6
4,ana_trop,9324,0.8895323895323896,0.3134717172332884,6
4,peso,6,71.33333333333333,6.823163163486241,6
4,tension_,624,128.31570512820514,21.439195701408835,6
4,ana_hemo,33,14.249090909090908,2.0668001378743313,6
4,ana_plaq,24,203.25,52.57078561330428,6
4,ana_leuc,70,8.699285714285713,2.925263515079122,6
4,ana_neu,11924,6.659988258973499,3.369037526397327,6
4,protcrea,13717,8.818906466428519,17.98308470549593,6
4,splanchnic,8906,0.014260049404895576,0.11856095645643853,6
5,raza,8486,2.8999528635399483,0.6453353336097889,6
5,ant_inf,3459,0.03555941023417172,0.1851889267153131,6
5,ant_isq,3464,0.042725173210161664,0.202236823512246,6
5,ant_clau,3473,0.020731356176216527,0.14248356763961018,6
5,fum_act,3566,0.20302860347728546,0.4022536384513491,6
5,diabetes,3442,0.11011040092969204,0.31302731595947747,6
5,hip_art,3343,0.34789111576428355,0.47630125691264497,6
5,insf_car,98,0.030612244897959183,0.17226472465442993,6
5,fibr_aur,7354,0.027604025020397063,0.16383541382457686,6
5,trat_est,3501,0.1856612396458155,0.38883305381486605,6
5,var171,617,0.03889789303079417,0.19335161480721866,6
5,tv_l_esu,7903,0.015184107301024928,0.12228470953678504,6
5,tvp_orig,13294,0.2749360613810742,0.44648205286812637,6
5,tv_l_ein,3553,0.8069237264283704,0.39471233342185147,6
5,tvp_prox,5336,0.857383808095952,0.3496810170867668,6
5,tv_l_svc,8977,0.008020496825220007,0.0891973567764014,6
5,tv_l_vre,9461,0.007821583342141423,0.08809316759070114,6
5,tv_l_vrn,9413,0.005311802825879103,0.07268829050554212,6
5,tv_l_vca,11756,0.03768288533514801,0.19042816358922882,6
5,tv_l_yug,11803,0.026264509023129712,0.15992086977284625,6
5,tv_l_ova,11818,0.00533085124386529,0.07281780873440967,6
5,tv_l_sup,11811,0.0054186775040216744,0.07341195705148502,6
5,tv_l_pul,11819,0.0033843810813097555,0.05807690630540016,6
5,tv_l_ove,9436,0.02628232301822806,0.15997363068641524,6
5,fr_antfa,10153,0.12853343839259332,0.33468282538482724,6
5,fr_tvs_a,7848,0.047782874617737,0.21330652008553938,6
5,fr_viaje,239,0.03765690376569038,0.19036507390924395,6
5,fr_estro,174,0.05172413793103448,0.22146952721836427,6
5,fr_varic,509,0.21414538310412573,0.4102281535917702,6
5,fr_antec,63,0.047619047619047616,0.21295885499997996,6
5,ana_dime,938,1.6066098081023454,0.5343619226530022,6
5,ana_crea,453,0.9293598233995585,0.2562228367072302,6
5,ana_trop,9324,0.8771986271986272,0.3282090730608633,6
5,peso,6,92.66666666666667,13.034143197344768,6
5,tension_,624,130.51442307692307,19.769743060869576,6
5,ana_hemo,33,14.148484848484848,2.183564116249036,6
5,ana_plaq,24,217.58333333333334,57.8992779651775,6
5,ana_leuc,70,8.978857142857143,3.1850093262286165,6
5,ana_neu,11924,6.2906256289835625,3.338941285922222,6
5,protcrea,13717,37.262271487934676,47.573064229058076,6
5,splanchnic,8906,0.013923197844150012,0.11717227660988187,6
1,raza,8486,2.9335375913268913,0.5609782373536374,7
1,ant_inf,3459,0.025729979762937265,0.1583286073466703,7
1,ant_isq,3464,0.03579676674364896,0.1857830945870742,7
1,ant_clau,3473,0.02130722718111143,0.1444064723305847,7
1,fum_act,3566,0.20330902972518228,0.40246051751369005,7
1,diabetes,3442,0.09267867518884369,0.2899816172692409,7
1,hip_art,3343,0.34310499551301227,0.4747462033202878,7
1,insf_car,98,0.02040816326530612,0.14139190265868384,7
1,fibr_aur,7354,0.025836279575741094,0.15864667104425872,7
1,trat_est,3501,0.16938017709225936,0.37508736675667204,7
1,var171,617,0.02106969205834684,0.14361671258914568,7
1,tv_l_esu,7903,0.04023788434771606,0.1965166583547967,7
1,tvp_orig,13294,0.22950203099142472,0.4205126023821828,7
1,tv_l_ein,3553,0.8148043906557838,0.3884561695015806,7
1,tvp_prox,5336,0.8401424287856072,0.36647391194985235,7
1,tv_l_svc,8977,0.006126768408154171,0.0780335255965474,7
1,tv_l_vre,9461,0.007610189197759222,0.08690382165436415,7
1,tv_l_vrn,9413,0.00818017635185382,0.09007364246385505,7
1,tv_l_vca,11756,0.038448451854372234,0.19227628143994846,7
1,tv_l_yug,11803,0.020249089214606456,0.14085121085949298,7
1,tv_l_ova,11818,0.0049923844982230495,0.07048021421111711,7
1,tv_l_sup,11811,0.004318008636017272,0.06556953131932966,7
1,tv_l_pul,11819,0.002961333446146036,0.054337500405951436,7
1,tv_l_ove,9436,0.03009749894022891,0.17085561008574415,7
1,fr_antfa,10153,0.12331330641189796,0.3287964946188802,7
1,fr_tvs_a,7848,0.04396024464831804,0.20500668657089716,7
1,fr_viaje,239,0.05439330543933055,0.22679213778857996,7
1,fr_estro,174,0.08620689655172414,0.28066932062240874,7
1,fr_varic,509,0.2318271119842829,0.42199917314292174,7
1,fr_antec,63,0.031746031746031744,0.17532319074900413,7
1,ana_dime,938,1.5948827292110874,0.5560823184412147,7
1,ana_crea,453,0.9183222958057395,0.27387306700699027,7
1,ana_trop,9324,0.8817031317031317,0.32295931515907955,7
1,peso,6,85.33333333333333,17.113996870657914,7
1,tension_,624,128.97435897435898,21.63781078016713,7
1,ana_hemo,33,13.854545454545454,1.5786628229422346,7
1,ana_plaq,24,281.6791666666667,103.43496740773348,7
1,ana_leuc,70,9.219714285714286,3.0007955951849894,7
1,ana_neu,11924,6.628451023146595,3.274360897900724,7
1,protcrea,13717,16.400779324925274,34.98721293672735,7
1,splanchnic,8906,0.014035481697731866,0.11763709853292244,7
2,raza,8486,2.9130332312043365,0.5762421156066446,7
2,ant_inf,3459,0.029488291413703384,0.1691707187524008,7
2,ant_isq,3464,0.033198614318706694,0.17915486687786203,7
2,ant_clau,3473,0.022458969190901238,0.14817072549523194,7
2,fum_act,3566,0.20863712843522153,0.40633443993036866,7
2,diabetes,3442,0.10459035444509006,0.30602485552997244,7
2,hip_art,3343,0.3437032605444212,0.4749435010983464,7
2,insf_car,98,0.030612244897959183,0.17226472465442993,7
2,fibr_aur,7354,0.02950775088387272,0.16922483127971508,7
2,trat_est,3501,0.17509283061982292,0.3800464856900546,7
2,var171,617,0.03727714748784441,0.1894401271193986,7
2,tv_l_esu,7903,0.030368214602049855,0.1715983279170683,7
2,tvp_orig,13294,0.17835113585075973,0.38280805659168615,7
2,tv_l_ein,3553,0.8254995778215592,0.3795392270082062,7
2,tvp_prox,5336,0.8352698650674663,0.37093681076113616,7
2,tv_l_svc,8977,0.006906538932828339,0.08281810582715392,7
2,tv_l_vre,9461,0.00687030969242152,0.08260210976211042,7
2,tv_l_vrn,9413,0.005099330712843939,0.07122729490248092,7
2,tv_l_vca,11756,0.03232391970057843,0.17685893790184587,7
2,tv_l_yug,11803,0.026688130136406,0.16117032557585861,7
2,tv_l_ova,11818,0.004484684379759689,0.06681745270341893,7
2,tv_l_sup,11811,0.002116670900008467,0.0459585748724819,7
2,tv_l_pul,11819,0.0026228953380150605,0.051147001457181034,7
2,tv_l_ove,9436,0.030839338702840186,0.17288225441383998,7
2,fr_antfa,10153,0.13001083423618634,0.33631535382345723,7
2,fr_tvs_a,7848,0.04969418960244648,0.21731239523368787,7
2,fr_viaje,239,0.04184100418410042,0.20022570902101086,7
2,fr_estro,174,0.06321839080459771,0.24335534896253022,7
2,fr_varic,509,0.206286836935167,0.40463882394358897,7
2,fr_antec,63,0.06349206349206349,0.24384589675773358,7
2,ana_dime,938,1.6098081023454158,0.5628795951667056,7
2,ana_crea,453,0.9448123620309051,0.22834614641917442,7
2,ana_trop,9324,0.8886743886743886,0.314534925864506,7
2,peso,6,85.33333333333333,16.346933113652305,7
2,tension_,624,129.75641025641025,22.14292785022811,7
2,ana_hemo,33,13.478787878787879,1.5853032547591788,7
2,ana_plaq,24,225.125,57.78142182685827,7
2,ana_leuc,70,9.155000000000001,2.857520278643206,7
2,ana_neu,11924,6.477093257296209,3.2628259296182334,7
2,protcrea,13717,17.20270394401108,39.53802832125251,7
2,splanchnic,8906,0.011677520772512913,0.10742977371809194,7
3,raza,8486,2.9290596276219656,0.6254193875334102,7
3,ant_inf,3459,0.0332466030644695,0.17927985511245573,7
3,ant_isq,3464,0.045323325635103925,0.20801231162716852,7
3,ant_clau,3473,0.021595162683558884,0.14535753035955692,7
3,fum_act,3566,0.20162647223780145,0.40121470303409934,7
3,diabetes,3442,0.11040092969203952,0.31338883900862335,7
3,hip_art,3343,0.3401136703559677,0.47374714942990404,7
3,insf_car,98,0.01020408163265306,0.10049854899791943,7
3,fibr_aur,7354,0.028827848789774273,0.1673224549303774,7
3,trat_est,3501,0.1725221365324193,0.3778336260031769,7
3,var171,617,0.03079416531604538,0.17275961535767972,7
3,tv_l_esu,7903,0.021131215993926356,0.14382172194958726,7
3,tvp_orig,13294,0.24552429667519182,0.43039762594296943,7
3,tv_l_ein,3553,0.8243737686462145,0.38050185047414964,7
3,tvp_prox,5336,0.837143928035982,0.3692343047286757,7
3,tv_l_svc,8977,0.007797705246741673,0.08795965574981868,7
3,tv_l_vre,9461,0.007504492125568122,0.08630280831760578,7
3,tv_l_vrn,9413,0.006586635504090088,0.08089036862832527,7
3,tv_l_vca,11756,0.04287172507655665,0.20256786582653424,7
3,tv_l_yug,11803,0.02041853765991697,0.14142708715004887,7
3,tv_l_ova,11818,0.003638517515654087,0.060210287376347614,7
3,tv_l_sup,11811,0.00254000508001016,0.05033441620008801,7
3,tv_l_pul,11819,0.0024536762839495727,0.049473788581865824,7
3,tv_l_ove,9436,0.028295888088172953,0.16581685923172754,7
3,fr_antfa,10153,0.1267605633802817,0.332704558056837,7
3,fr_tvs_a,7848,0.04421508664627931,0.20557264594089678,7
3,fr_viaje,239,0.02510460251046025,0.15644283762209135,7
3,fr_estro,174,0.06896551724137931,0.2533954906327426,7
3,fr_varic,509,0.1807465618860511,0.3848080589754104,7
3,fr_antec,63,0.015873015873015872,0.12498425196844144,7
3,ana_dime,938,1.6162046908315566,0.5539485022782265,7
3,ana_crea,453,0.9205298013245033,0.2704712298895647,7
3,ana_trop,9324,0.8844916344916345,0.31963445215738456,7
3,peso,6,95.33333333333333,26.074679075472602,7
3,tension_,624,130.09615384615384,21.13791066445269,7
3,ana_hemo,33,13.848484848484848,1.740797659751033,7
3,ana_plaq,24,220.875,73.5557115955881,7
3,ana_leuc,70,9.03057142857143,3.2456335000006598,7
3,ana_neu,11924,6.82339483394834,3.329428619548261,7
3,protcrea,13717,9.786785740322225,19.21190403711469,7
3,splanchnic,8906,0.010330114529530653,0.10111084641786673,7
4,raza,8486,2.920692905962762,0.6140420557315596,7
4,ant_inf,3459,0.03758311650766118,0.1901857667156844,7
4,ant_isq,3464,0.04301385681293302,0.20288830655069678,7
4,ant_clau,3473,0.023610711200691047,0.15183295267262836,7
4,fum_act,3566,0.2055524397083567,0.40410473176925193,7
4,diabetes,3442,0.11069145845438698,0.31374967646139124,7
4,hip_art,3343,0.34400239306012564,0.47504183671444394,7
4,insf_car,98,0.05102040816326531,0.22003937400865126,7
4,fibr_aur,7354,0.026924122926298612,0.161861714222197,7
4,trat_est,3501,0.18966009711510998,0.39203207098067505,7
4,var171,617,0.03403565640194489,0.18132079443691404,7
4,tv_l_esu,7903,0.01784132607870429,0.1323745185542053,7
4,tvp_orig,13294,0.26741387091921165,0.4426100908917632,7
4,tv_l_ein,3553,0.817900365887982,0.38592662174082676,7
4,tvp_prox,5336,0.8399550224887556,0.3666477637797204,7
4,tv_l_svc,8977,0.008800267349894173,0.09339605261714523,7
4,tv_l_vre,9461,0.006658915548039319,0.08133003376221727,7
4,tv_l_vrn,9413,0.009348772973547222,0.09623602972606618,7
4,tv_l_vca,11756,0.03717250765566519,0.18918433426226047,7
4,tv_l_yug,11803,0.01753791408963823,0.13126437315213407,7
4,tv_l_ova,11818,0.007615501776950415,0.08693391691184563,7
4,tv_l_sup,11811,0.002286004572009144,0.047757499464543746,7
4,tv_l_pul,11819,0.003976647770538962,0.06293515744834544,7
4,tv_l_ove,9436,0.028189910979228485,0.16551507453465275,7
4,fr_antfa,10153,0.13779178567910963,0.34468131582444667,7
4,fr_tvs_a,7848,0.04255861365953109,0.20185979803544307,7
4,fr_viaje,239,0.04184100418410042,0.20022570902101086,7
4,fr_estro,174,0.08620689655172414,0.28066932062240874,7
4,fr_varic,509,0.20039292730844793,0.4002943941565995,7
4,fr_antec,63,0.015873015873015872,0.12498425196844144,7
4,ana_dime,938,1.595948827292111,0.563518308819649,7
4,ana_crea,453,0.9448123620309051,0.22834614641917442,7
4,ana_trop,9324,0.8832046332046332,0.3211762897389882,7
4,peso,6,82.86666666666666,18.445113776342563,7
4,tension_,624,129.31570512820514,20.577355852046892,7
4,ana_hemo,33,13.606060606060606,1.5952466122523699,7
4,ana_plaq,24,203.83333333333334,67.93604018159695,7
4,ana_leuc,70,9.257285714285715,3.158162178694878,7
4,ana_neu,11924,6.883033378061053,3.38321796558292,7
4,protcrea,13717,10.712810381278706,17.14735566864602,7
4,splanchnic,8906,0.013137210869077027,0.11386230526235816,7
5,raza,8486,2.928941786471836,0.6309400168666068,7
5,ant_inf,3459,0.04278693263949118,0.2023764092842711,7
5,ant_isq,3464,0.04676674364896074,0.21113885321615516,7
5,ant_clau,3473,0.03455226029369421,0.18264282521438124,7
5,fum_act,3566,0.20891755468311834,0.40653537364950737,7
5,diabetes,3442,0.11621150493898896,0.3204783784575869,7
5,hip_art,3343,0.3308405623691295,0.4705157645184778,7
5,insf_car,98,0.0,0.0,7
5,fibr_aur,7354,0.026924122926298612,0.16186171422219703,7
5,trat_est,3501,0.17623536132533563,0.3810202865253555,7
5,var171,617,0.04862236628849271,0.2150772693359304,7
5,tv_l_esu,7903,0.016322915348601797,0.12671415778485123,7
5,tvp_orig,13294,0.2836618023168347,0.45077464904672676,7
5,tv_l_ein,3553,0.8038277511961722,0.39710036212911826,7
5,tvp_prox,5336,0.8435157421289355,0.36331382427538683,7
5,tv_l_svc,8977,0.007686309457502506,0.08733401459011267,7
5,tv_l_vre,9461,0.008244371630905824,0.09042345916473964,7
5,tv_l_vrn,9413,0.006267927334537342,0.07892173605203008,7
5,tv_l_vca,11756,0.044147669275263694,0.20542310622913293,7
5,tv_l_yug,11803,0.02287554011691943,0.149506688082101,7
5,tv_l_ova,11818,0.007277035031308174,0.08499458684211181,7
5,tv_l_sup,11811,0.004656675980018627,0.06808077077145752,7
5,tv_l_pul,11819,0.0016921905406548777,0.041101423720219174,7
5,tv_l_ove,9436,0.030945315811784654,0.17316957943326408,7
5,fr_antfa,10153,0.12351029252437704,0.3290220359868315,7
5,fr_tvs_a,7848,0.053134556574923546,0.22430175093500673,7
5,fr_viaje,239,0.06694560669456066,0.249927774444654,7
5,fr_estro,174,0.08620689655172414,0.28066932062240874,7
5,fr_varic,509,0.1905697445972495,0.39275045135733283,7
5,fr_antec,63,0.06349206349206349,0.24384589675773358,7
5,ana_dime,938,1.6428571428571428,0.5378599532145959,7
5,ana_crea,453,0.9271523178807947,0.2598863161635574,7
5,ana_trop,9324,0.8800943800943801,0.3248511385552911,7
5,peso,6,85.33333333333333,14.06729856400613,7
5,tension_,624,129.1346153846154,20.81822627806921,7
5,ana_hemo,33,13.766666666666666,1.555764776694742,7
5,ana_plaq,24,249.04166666666666,63.49309619075832,7
5,ana_leuc,70,9.504428571428571,3.176392669012303,7
5,ana_neu,11924,6.747755786648775,3.3734977764887786,7
5,protcrea,13717,15.96032441495954,26.655523255883264,7
5,splanchnic,8906,0.011677520772512913,0.10742977371809194,7
1,raza,8486,2.9256422342682065,0.5876087359895784,8
1,ant_inf,3459,0.03295750216825672,0.1785253629574411,8
1,ant_isq,3464,0.03031177829099307,0.1714437936696186,8
1,ant_clau,3473,0.019579614166426722,0.13855054267494074,8
1,fum_act,3566,0.21144139091418956,0.40833066150175695,8
1,diabetes,3442,0.09093550261475886,0.28751736813444856,8
1,hip_art,3343,0.355369428656895,0.47862511199577384,8
1,insf_car,98,0.02040816326530612,0.14139190265868384,8
1,fibr_aur,7354,0.02774000543921675,0.16422696958005703,8
1,trat_est,3501,0.17766352470722652,0.3822292462591413,8
1,var171,617,0.03403565640194489,0.18132079443691404,8
1,tv_l_esu,7903,0.040111350120207515,0.19622036008462945,8
1,tvp_orig,13294,0.28554234993230027,0.45167235506220665,8
1,tv_l_ein,3553,0.8221221502955249,0.38240988518733043,8
1,tvp_prox,5336,0.8444527736131934,0.36242556028814815,8
1,tv_l_svc,8977,0.007686309457502506,0.08733401459011268,8
1,tv_l_vre,9461,0.008138674558714724,0.08984673914584798,8
1,tv_l_vrn,9413,0.009136300860512057,0.09514635498587563,8
1,tv_l_vca,11756,0.03759782238856754,0.1902215186045082,8
1,tv_l_yug,11803,0.014742014742014743,0.12051841246614958,8
1,tv_l_ova,11818,0.008800135386698257,0.09339535857779037,8
1,tv_l_sup,11811,0.0032173397680128695,0.05663027894006908,8
1,tv_l_pul,11819,0.0006768762162619511,0.026008038273768554,8
1,tv_l_ove,9436,0.03698601102161933,0.18872743841404724,8
1,fr_antfa,10153,0.12626809809908401,0.33215126900483777,8
1,fr_tvs_a,7848,0.05479102956167176,0.2275719065289997,8
1,fr_viaje,239,0.04184100418410042,0.20022570902101086,8
1,fr_estro,174,0.06896551724137931,0.2533954906327426,8
1,fr_varic,509,0.1905697445972495,0.3927504513573328,8
1,fr_antec,63,0.015873015873015872,0.12498425196844144,8
1,ana_dime,938,1.603411513859275,0.5678571203402861,8
1,ana_crea,453,0.9028697571743929,0.2961350346619691,8
1,ana_trop,9324,0.8843843843843844,0.31976342042428463,8
1,peso,6,89.64999999999999,17.416826155569602,8
1,tension_,624,129.66826923076923,21.69722937125967,8
1,ana_hemo,33,14.006060606060606,1.6449996580895645,8
1,ana_plaq,24,218.79166666666666,61.72788346624419,8
1,ana_leuc,70,9.136428571428572,3.6229025599902176,8
1,ana_neu,11924,6.581384602482387,3.3128784092684214,8
1,protcrea,13717,41.63728832835168,62.63974615585287,8
1,splanchnic,8906,0.012014372333258477,0.10894965438539173,8
2,raza,8486,2.9109120905020034,0.6557141589617874,8
2,ant_inf,3459,0.03180109858340561,0.17547019323034366,8
2,ant_isq,3464,0.04647806004618937,0.21051805143628938,8
2,ant_clau,3473,0.022458969190901238,0.14817072549523194,8
2,fum_act,3566,0.21088053841839596,0.4079337408633459,8
2,diabetes,3442,0.09616502033701337,0.2948174167185432,8
2,hip_art,3343,0.34101106790308106,0.47404906863180446,8
2,insf_car,98,0.04081632653061224,0.19786448397617667,8
2,fibr_aur,7354,0.023932553712265433,0.15283908722926529,8
2,trat_est,3501,0.17594972864895744,0.38077739118455506,8
2,var171,617,0.03403565640194489,0.18132079443691404,8
2,tv_l_esu,7903,0.022016955586486146,0.14673857452350025,8
2,tvp_orig,13294,0.2653828794945088,0.44153686908990036,8
2,tv_l_ein,3553,0.8229665071770335,0.3816970464149116,8
2,tvp_prox,5336,0.849512743628186,0.35754837720439736,8
2,tv_l_svc,8977,0.005124206305001671,0.07139992167184395,8
2,tv_l_vre,9461,0.0057076418983194165,0.07533302544223194,8
2,tv_l_vrn,9413,0.006267927334537342,0.07892173605203008,8
2,tv_l_vca,11756,0.03411024157876829,0.18151234943718392,8
2,tv_l_yug,11803,0.0231297127848852,0.1503154322462398,8
2,tv_l_ova,11818,0.0071078016584870535,0.08400762354733445,8
2,tv_l_sup,11811,0.0055880111760223524,0.074543848217804,8
2,tv_l_pul,11819,0.0031305525002115237,0.055863692513608,8
2,tv_l_ove,9436,0.02172530733361594,0.14578517879014954,8
2,fr_antfa,10153,0.12754850783019797,0.3335863995736156,8
2,fr_tvs_a,7848,0.04434250764525994,0.2058549238201263,8
2,fr_viaje,239,0.04184100418410042,0.20022570902101086,8
2,fr_estro,174,0.05747126436781609,0.23274088196915613,8
2,fr_varic,509,0.17485265225933203,0.3798410223464669,8
2,fr_antec,63,0.047619047619047616,0.21295885499997996,8
2,ana_dime,938,1.579957356076759,0.5827140366434683,8
2,ana_crea,453,0.9205298013245033,0.27047122988956473,8
2,ana_trop,9324,0.8841698841698842,0.3200210932062101,8
2,peso,6,76.33333333333333,9.944289260117532,8
2,tension_,624,129.09455128205127,21.29935525817711,8
2,ana_hemo,33,13.678787878787878,2.2553314042249712,8
2,ana_plaq,24,219.70833333333334,69.05280537788133,8
2,ana_leuc,70,9.301714285714286,4.750897350254271,8
2,ana_neu,11924,6.50211086883596,3.2580962063380503,8
2,protcrea,13717,43.50650987825327,64.62154423508095,8
2,splanchnic,8906,0.010105546822366944,0.10001712226307999,8
3,raza,8486,2.9231675701154844,0.6524040691877454,8
3,ant_inf,3459,0.030355594102341718,0.17156378408345857,8
3,ant_isq,3464,0.04330254041570439,0.20353729488536168,8
3,ant_clau,3473,0.026778001727613014,0.1614340123737528,8
3,fum_act,3566,0.2035894559730791,0.40266709499245745,8
3,diabetes,3442,0.11011040092969204,0.31302731595947747,8
3,hip_art,3343,0.3437032605444212,0.4749435010983463,8
3,insf_car,98,0.030612244897959183,0.17226472465442993,8
3,fibr_aur,7354,0.020669023660592874,0.1422737330694276,8
3,trat_est,3501,0.181662382176521,0.3855660268727947,8
3,var171,617,0.03565640194489465,0.18543199008056505,8
3,tv_l_esu,7903,0.023029229406554472,0.1499962799521867,8
3,tvp_orig,13294,0.27486083947645557,0.44644412684988216,8
3,tv_l_ein,3553,0.8181818181818182,0.38569460791993493,8
3,tvp_prox,5336,0.8435157421289355,0.36331382427538683,8
3,tv_l_svc,8977,0.006906538932828339,0.08281810582715392,8
3,tv_l_vre,9461,0.0057076418983194165,0.07533302544223194,8
3,tv_l_vrn,9413,0.006799107617125252,0.08217590737397429,8
3,tv_l_vca,11756,0.03946920721333787,0.1947084715550108,8
3,tv_l_yug,11803,0.02346860967550623,0.1513863733478181,8
3,tv_l_ova,11818,0.008800135386698257,0.09339535857779037,8
3,tv_l_sup,11811,0.005249343832020997,0.0722619417214499,8
3,tv_l_pul,11819,0.00304594297317878,0.05510594527437962,8
3,tv_l_ove,9436,0.0291437049597287,0.16820924297121423,8
3,fr_antfa,10153,0.12695754949276075,0.33292541224657807,8
3,fr_tvs_a,7848,0.05568297655453619,0.22930848801682674,8
3,fr_viaje,239,0.029288702928870293,0.1686145747247689,8
3,fr_estro,174,0.08045977011494253,0.2720036681884881,8
3,fr_varic,509,0.17288801571709234,0.3781504326832098,8
3,fr_antec,63,0.0,0.0,8
3,ana_dime,938,1.5863539445628998,0.5631783571214979,8
3,ana_crea,453,0.9205298013245033,0.27047122988956473,8
3,ana_trop,9324,0.8872801372801373,0.3162500518075499,8
3,peso,6,70.66666666666667,11.498792207106893,8
3,tension_,624,130.22596153846155,21.13422986892039,8
3,ana_hemo,33,14.196060606060605,1.8330830783367351,8
3,ana_plaq,24,234.45833333333334,127.8573355888855,8
3,ana_leuc,70,9.15514285714286,3.4743269616912413,8
3,ana_neu,11924,6.632266018114726,3.3526110725882705,8
3,protcrea,13717,41.07417292410877,68.56039559852691,8
3,splanchnic,8906,0.012238940040422187,0.10995066342277861,8
4,raza,8486,2.914800848456281,0.6111348956204756,8
4,ant_inf,3459,0.03555941023417172,0.1851889267153131,8
4,ant_isq,3464,0.044457274826789836,0.20610877114224205,8
4,ant_clau,3473,0.026778001727613014,0.1614340123737528,8
4,fum_act,3566,0.20779584969153111,0.4057298787894548,8
4,diabetes,3442,0.11563044741429401,0.3197812487389844,8
4,hip_art,3343,0.33712234519892315,0.4727270560973861,8
4,insf_car,98,0.01020408163265306,0.10049854899791943,8
4,fibr_aur,7354,0.027875985858036443,0.16461748166728526,8
4,trat_est,3501,0.18337617823479005,0.38697461866483257,8
4,var171,617,0.04051863857374392,0.1971722051960525,8
4,tv_l_esu,7903,0.01935973680880678,0.1377858388931915,8
4,tvp_orig,13294,0.2898299984955619,0.4536833372161958,8
4,tv_l_ein,3553,0.8195890796509991,0.3845293489030809,8
4,tvp_prox,5336,0.8403298350824587,0.36629988172636146,8
4,tv_l_svc,8977,0.006906538932828339,0.08281810582715392,8
4,tv_l_vre,9461,0.007821583342141423,0.08809316759070114,8
4,tv_l_vrn,9413,0.00871135663444173,0.09292722367546176,8
4,tv_l_vca,11756,0.03734263354882613,0.18960000334510602,8
4,tv_l_yug,11803,0.014996187409980514,0.12153724438683497,8
4,tv_l_ova,11818,0.00533085124386529,0.07281780873440967,8
4,tv_l_sup,11811,0.0032173397680128695,0.05663027894006908,8
4,tv_l_pul,11819,0.004061257297571706,0.06359845506562742,8
4,tv_l_ove,9436,0.03274692666384061,0.1779734965041527,8
4,fr_antfa,10153,0.1284349453363538,0.33457347496895445,8
4,fr_tvs_a,7848,0.047400611620795105,0.21249422024791553,8
4,fr_viaje,239,0.0502092050209205,0.21837637407029103,8
4,fr_estro,174,0.07471264367816093,0.26292710882064085,8
4,fr_varic,509,0.19842829076620824,0.39881637903903766,8
4,fr_antec,63,0.047619047619047616,0.21295885499997994,8
4,ana_dime,938,1.6087420042643923,0.5535390263514073,8
4,ana_crea,453,0.9381898454746137,0.24081042195663827,8
4,ana_trop,9324,0.8847061347061347,0.31937625133917724,8
4,peso,6,76.33333333333333,11.967548714010828,8
4,tension_,624,129.4727564102564,22.17397472765574,8
4,ana_hemo,33,13.845454545454544,1.3443689313917737,8
4,ana_plaq,24,254.875,78.42741469027268,8
4,ana_leuc,70,9.331000000000001,3.050856624434708,8
4,ana_neu,11924,6.541368668232137,3.2936668700910023,8
4,protcrea,13717,46.2854866224393,68.62456169884612,8
4,splanchnic,8906,0.011340669211767348,0.10588700786024988,8
5,raza,8486,2.9278812161206695,0.6004813161240933,8
5,ant_inf,3459,0.039317721884937845,0.1943497842312065,8
5,ant_isq,3464,0.0424364896073903,0.20158282158257473,8
5,ant_clau,3473,0.026778001727613014,0.1614340123737528,8
5,fum_act,3566,0.19938306225462704,0.3995365524461992,8
5,diabetes,3442,0.11853573503776874,0.32324141838078957,8
5,hip_art,3343,0.34699371821717023,0.4760137369183722,8
5,insf_car,98,0.030612244897959183,0.1722647246544299,8
5,fibr_aur,7354,0.023932553712265433,0.15283908722926526,8
5,trat_est,3501,0.17537846329620108,0.3802904914773233,8
5,var171,617,0.04376012965964344,0.20456094620385054,8
5,tv_l_esu,7903,0.016322915348601797,0.12671415778485123,8
5,tvp_orig,13294,0.26455543854370395,0.44109620093654445,8
5,tv_l_ein,3553,0.8162116521249648,0.3873114909996864,8
5,tvp_prox,5336,0.8463268365817092,0.360635165039831,8
5,tv_l_svc,8977,0.006572351565110839,0.08080319152122287,8
5,tv_l_vre,9461,0.008350068703096925,0.09099640133406643,8
5,tv_l_vrn,9413,0.007542760012748327,0.08652090374087877,8
5,tv_l_vca,11756,0.03946920721333787,0.1947084715550108,8
5,tv_l_yug,11803,0.02702702702702703,0.16216216216216214,8
5,tv_l_ova,11818,0.0054154679302758505,0.07339033068035601,8
5,tv_l_sup,11811,0.006011345356024046,0.0772994766025919,8
5,tv_l_pul,11819,0.002030628648785853,0.04501672129416561,8
5,tv_l_ove,9436,0.03147520135650699,0.17459814734433568,8
5,fr_antfa,10153,0.1388752092977445,0.3458162597973845,8
5,fr_tvs_a,7848,0.046508664627930685,0.21058397076334506,8
5,fr_viaje,239,0.03347280334728033,0.1798676590812107,8
5,fr_estro,174,0.06896551724137931,0.2533954906327426,8
5,fr_varic,509,0.2318271119842829,0.42199917314292174,8
5,fr_antec,63,0.0,0.0,8
5,ana_dime,938,1.5991471215351811,0.5629643950775011,8
5,ana_crea,453,0.9116997792494481,0.2837310200981833,8
5,ana_trop,9324,0.8903903903903904,0.3124025337458686,8
5,peso,6,74.83333333333333,6.542595475463507,8
5,tension_,624,129.99198717948718,21.25987553090514,8
5,ana_hemo,33,14.296969696969697,1.5553397462787524,8
5,ana_plaq,24,231.70833333333334,79.88819226825005,8
5,ana_leuc,70,9.194142857142856,3.154436102134418,8
5,ana_neu,11924,6.551075142569607,3.335864576143395,8
5,protcrea,13717,36.53757439673397,64.72145995815389,8
5,splanchnic,8906,0.013361778576240737,0.11481829753798062,8
1,raza,8486,2.9084374263492814,0.6696912976581177,9
1,ant_inf,3459,0.03006649320612894,0.1707703112148442,9
1,ant_isq,3464,0.032909930715935336,0.17840086091778726,9
1,ant_clau,3473,0.021595162683558884,0.14535753035955692,9
1,fum_act,3566,0.21060011217049915,0.4077348463453576,9
1,diabetes,3442,0.08686809994189425,0.2816416751022109,9
1,hip_art,3343,0.32665270714926714,0.4689890361845597,9
1,insf_car,98,0.04081632653061224,0.19786448397617665,9
1,fibr_aur,7354,0.024612455806363884,0.1549409010737438,9
1,trat_est,3501,0.1790916880891174,0.3834290747276577,9
1,var171,617,0.03079416531604538,0.17275961535767972,9
1,tv_l_esu,7903,0.04226243198785271,0.20118727303267675,9
1,tvp_orig,13294,0.20964344817210773,0.40705413990109046,9
1,tv_l_ein,3553,0.826625386996904,0.37857080786706554,9
1,tvp_prox,5336,0.8152173913043478,0.38812111024689405,9
1,tv_l_svc,8977,0.00445583156956667,0.0666031315674445,9
1,tv_l_vre,9461,0.007821583342141423,0.08809316759070115,9
1,tv_l_vrn,9413,0.007755232125783491,0.0877216535438013,9
1,tv_l_vca,11756,0.04389248043552229,0.2048558776231221,9
1,tv_l_yug,11803,0.01753791408963823,0.1312643731521341,9
1,tv_l_ova,11818,0.003130817397190726,0.0558660485412757,9
1,tv_l_sup,11811,0.0027940055880111762,0.0527844590839514,9
1,tv_l_pul,11819,0.00499196209493189,0.07047724745884061,9
1,tv_l_ove,9436,0.027342094107672743,0.16307821435581124,9
1,fr_antfa,10153,0.1284349453363538,0.33457347496895445,9
1,fr_tvs_a,7848,0.041029561671763505,0.19835860641975298,9
1,fr_viaje,239,0.04602510460251046,0.209539481599145,9
1,fr_estro,174,0.09195402298850575,0.2889610365511847,9
1,fr_varic,509,0.2043222003929273,0.4032054548484182,9
1,fr_antec,63,0.047619047619047616,0.21295885499997996,9
1,ana_dime,938,1.5927505330490406,0.5640535439590886,9
1,ana_crea,453,0.9205298013245033,0.27047122988956473,9
1,ana_trop,9324,0.8818103818103818,0.32283251438139016,9
1,peso,6,80.33333333333333,15.765644787180623,9
1,tension_,624,129.32371794871796,20.401994033325067,9
1,ana_hemo,33,13.41848484848485,2.656317935986421,9
1,ana_plaq,24,253.33333333333334,112.70931145601453,9
1,ana_leuc,70,8.817285714285713,2.3798348810840824,9
1,ana_neu,11924,6.422032874874204,3.3219548323759023,9
1,protcrea,13717,21.50430210687468,35.4485117515205,9
1,splanchnic,8906,0.012575791601167752,0.11143446983214735,9
2,raza,8486,2.916686306858355,0.6709431048068951,9
2,ant_inf,3459,0.03845041919629951,0.19228100389775465,9
2,ant_isq,3464,0.042725173210161664,0.202236823512246,9
2,ant_clau,3473,0.025338324215375754,0.1571505441967423,9
2,fum_act,3566,0.2153673583847448,0.41107695061523664,9
2,diabetes,3442,0.10923881464264962,0.3119386093738934,9
2,hip_art,3343,0.34041280287167214,0.47384799937609123,9
2,insf_car,98,0.02040816326530612,0.14139190265868384,9
2,fibr_aur,7354,0.029371770465053033,0.16884628975728566,9
2,trat_est,3501,0.18966009711510998,0.39203207098067505,9
2,var171,617,0.03241491085899514,0.17709936310726396,9
2,tv_l_esu,7903,0.02872326964443882,0.16702767263352403,9
2,tvp_orig,13294,0.28215736422446214,0.45004953731602293,9
2,tv_l_ein,3553,0.8300028145229383,0.37563032679343017,9
2,tvp_prox,5336,0.8103448275862069,0.39202817244489907,9
2,tv_l_svc,8977,0.00757491366826334,0.0867037159018095,9
2,tv_l_vre,9461,0.006553218475848219,0.08068626775019415,9
2,tv_l_vrn,9413,0.007542760012748327,0.08652090374087877,9
2,tv_l_vca,11756,0.04703980945899966,0.21172403213867966,9
2,tv_l_yug,11803,0.01482673896467,0.12085903680049553,9
2,tv_l_ova,11818,0.00533085124386529,0.07281780873440967,9
2,tv_l_sup,11811,0.0031326729320125305,0.05588254908568119,9
2,tv_l_pul,11819,0.0032151620272442677,0.056611171692368574,9
2,tv_l_ove,9436,0.030839338702840186,0.17288225441384,9
2,fr_antfa,10153,0.12557864670540728,0.33137388279260294,9
2,fr_tvs_a,7848,0.04510703363914373,0.2075388858874907,9
2,fr_viaje,239,0.04184100418410042,0.20022570902101086,9
2,fr_estro,174,0.05747126436781609,0.23274088196915615,9
2,fr_varic,509,0.16110019646365423,0.3676233441486357,9
2,fr_antec,63,0.047619047619047616,0.21295885499997996,9
2,ana_dime,938,1.6353944562899787,0.5237482834786947,9
2,ana_crea,453,0.9293598233995585,0.2562228367072302,9
2,ana_trop,9324,0.8854568854568855,0.31846976222850026,9
2,peso,6,83.0,12.622730819174325,9
2,tension_,624,130.13621794871796,20.627628871869284,9
2,ana_hemo,33,14.05151515151515,1.6520182719881014,9
2,ana_plaq,24,229.41666666666666,57.74218321316074,9
2,ana_leuc,70,8.738,2.920003718197241,9
2,ana_neu,11924,6.976964944649446,3.3710110978732795,9
2,protcrea,13717,16.147726470802652,31.474818073177893,9
2,splanchnic,8906,0.011902088479676623,0.10844551060093993,9
3,raza,8486,2.9249351873674287,0.6272904027589437,9
3,ant_inf,3459,0.036715813819022836,0.18806318840918784,9
3,ant_isq,3464,0.037240184757505776,0.18934981752495195,9
3,ant_clau,3473,0.028793550244745177,0.16722584043457073,9
3,fum_act,3566,0.19910263600673023,0.399325401573581,9
3,diabetes,3442,0.11708309122603137,0.32151926999013325,9
3,hip_art,3343,0.32665270714926714,0.46898903618455967,9
3,insf_car,98,0.0,0.0,9
3,fibr_aur,7354,0.027332064182757684,0.1630491412129095,9
3,trat_est,3501,0.18194801485289916,0.385801677995299,9
3,var171,617,0.04862236628849271,0.2150772693359304,9
3,tv_l_esu,7903,0.01935973680880678,0.1377858388931915,9
3,tvp_orig,13294,0.23063035956070407,0.4212362719538815,9
3,tv_l_ein,3553,0.816493104418801,0.3870815351516395,9
3,tvp_prox,5336,0.8204647676161919,0.38379986023538376,9
3,tv_l_svc,8977,0.007017934722067506,0.08347863986855744,9
3,tv_l_vre,9461,0.006658915548039319,0.08133003376221727,9
3,tv_l_vrn,9413,0.00669287156060767,0.08153574081886349,9
3,tv_l_vca,11756,0.05061245321537938,0.21920500175611962,9
3,tv_l_yug,11803,0.01635177497246463,0.12682426592618037,9
3,tv_l_ova,11818,0.00507700118463361,0.0710719722788445,9
3,tv_l_sup,11811,0.0054186775040216744,0.07341195705148504,9
3,tv_l_pul,11819,0.0027075048650478046,0.05196320123369563,9
3,tv_l_ove,9436,0.03825773632895295,0.1918178353019793,9
3,fr_antfa,10153,0.12971535506746773,0.3359900024214835,9
3,fr_tvs_a,7848,0.05071355759429154,0.21941215251307755,9
3,fr_viaje,239,0.02510460251046025,0.15644283762209135,9
3,fr_estro,174,0.04597701149425287,0.2094352546929724,9
3,fr_varic,509,0.18860510805500982,0.3911946079262441,9
3,fr_antec,63,0.015873015873015872,0.12498425196844144,9
3,ana_dime,938,1.6066098081023454,0.5481496488330002,9
3,ana_crea,453,0.9337748344370861,0.24867527623203425,9
3,ana_trop,9324,0.8887816387816387,0.31440234946046974,9
3,peso,6,81.16666666666667,22.10140769775134,9
3,tension_,624,130.20993589743588,20.0871298570335,9
3,ana_hemo,33,13.718181818181819,1.4294424735273423,9
3,ana_plaq,24,235.875,69.59963631370498,9
3,ana_leuc,70,8.915285714285716,2.854584143558053,9
3,ana_neu,11924,6.295431902046294,3.338437511484967,9
3,protcrea,13717,27.112750018225558,41.58927086181267,9
3,splanchnic,8906,0.014147765551313722,0.11809998425579399,9
4,raza,8486,2.907730379448503,0.6280009629104654,9
4,ant_inf,3459,0.04163052905464007,0.19974340566154072,9
4,ant_isq,3464,0.04128175519630485,0.198941126678767,9
4,ant_clau,3473,0.027065937230060465,0.16227560590525889,9
4,fum_act,3566,0.20975883342680876,0.4071364209036488,9
4,diabetes,3442,0.10691458454386985,0.30900462157657377,9
4,hip_art,3343,0.3353275501046964,0.4721048445477749,9
4,insf_car,98,0.01020408163265306,0.10049854899791943,9
4,fibr_aur,7354,0.031411476747348385,0.1744270502986827,9
4,trat_est,3501,0.1893744644387318,0.3918057894637027,9
4,var171,617,0.03079416531604538,0.17275961535767972,9
4,tv_l_esu,7903,0.015943312666076175,0.12525623117157847,9
4,tvp_orig,13294,0.2846396870768768,0.45124265713433437,9
4,tv_l_ein,3553,0.8133971291866029,0.38959240164253167,9
4,tvp_prox,5336,0.8180284857571214,0.3858210495126366,9
4,tv_l_svc,8977,0.007017934722067506,0.08347863986855744,9
4,tv_l_vre,9461,0.0064475214036571185,0.08003718430458746,9
4,tv_l_vrn,9413,0.005311802825879103,0.07268829050554212,9
4,tv_l_vca,11756,0.048400816604287175,0.21461169016697418,9
4,tv_l_yug,11803,0.01694484453105143,0.12906477743702935,9
4,tv_l_ova,11818,0.006261634794381452,0.07888236003114539,9
4,tv_l_sup,11811,0.0026246719160104987,0.05116427477590006,9
4,tv_l_pul,11819,0.0031305525002115237,0.05586369251360801,9
4,tv_l_ove,9436,0.029991521831284444,0.17056386032664722,9
4,fr_antfa,10153,0.13651137594799567,0.3433307737223401,9
4,fr_tvs_a,7848,0.04574413863404689,0.2089296829430323,9
4,fr_viaje,239,0.03765690376569038,0.19036507390924395,9
4,fr_estro,174,0.08620689655172414,0.28066932062240874,9
4,fr_varic,509,0.16306483300589392,0.36942481405917205,9
4,fr_antec,63,0.047619047619047616,0.21295885499997996,9
4,ana_dime,938,1.5788912579957357,0.5736410165719731,9
4,ana_crea,453,0.9139072847682119,0.2805009084046009,9
4,ana_trop,9324,0.8930716430716431,0.3090221406516996,9
4,peso,6,100.83333333333333,27.37040169396293,9
4,tension_,624,130.37339743589743,22.206345766550225,9
4,ana_hemo,33,14.072727272727274,1.8651952090985218,9
4,ana_plaq,24,217.75,52.304596674989604,9
4,ana_leuc,70,9.112857142857145,3.498413167977383,9
4,ana_neu,11924,6.862430392485742,3.3329976137896984,9
4,protcrea,13717,15.526901363271852,29.04976220327363,9
4,splanchnic,8906,0.012238940040422187,0.10995066342277858,9
5,raza,8486,2.906905491397596,0.6470126914041935,9
5,ant_inf,3459,0.03440300664932061,0.18226200861070146,9
5,ant_isq,3464,0.04849884526558892,0.21481784672948703,9
5,ant_clau,3473,0.027353872732507917,0.16311234894710358,9
5,fum_act,3566,0.21564778463264161,0.4112709783289789,9
5,diabetes,3442,0.11417780360255665,0.31802709439142546,9
5,hip_art,3343,0.34310499551301227,0.4747462033202878,9
5,insf_car,98,0.030612244897959183,0.17226472465442993,9
5,fibr_aur,7354,0.021756867011150396,0.14588867587653784,9
5,trat_est,3501,0.17680662667809197,0.3815049717117796,9
5,var171,617,0.03079416531604538,0.17275961535767972,9
5,tv_l_esu,7903,0.012020751613311401,0.10897822325566918,9
5,tvp_orig,13294,0.21536031292312321,0.4110720721975378,9
5,tv_l_ein,3553,0.8119898677174219,0.3907202611097428,9
5,tvp_prox,5336,0.8399550224887556,0.3666477637797204,9
5,tv_l_svc,8977,0.006795143143589173,0.08215210997440849,9
5,tv_l_vre,9461,0.008667159919670224,0.09269325897063435,9
5,tv_l_vrn,9413,0.009667481143099968,0.09784692612160986,9
5,tv_l_vca,11756,0.034620619258251106,0.18281693570461766,9
5,tv_l_yug,11803,0.02041853765991697,0.14142708715004887,9
5,tv_l_ova,11818,0.007277035031308174,0.08499458684211182,9
5,tv_l_sup,11811,0.0023706714080094825,0.048631793356658445,9
5,tv_l_pul,11819,0.0019460191217531093,0.04407076277228341,9
5,tv_l_ove,9436,0.034230606189063165,0.18182098830716004,9
5,fr_antfa,10153,0.1315867231360189,0.3380409108826084,9
5,fr_tvs_a,7848,0.05020387359836901,0.2183653925742081,9
5,fr_viaje,239,0.029288702928870293,0.1686145747247689,9
5,fr_estro,174,0.06321839080459771,0.24335534896253022,9
5,fr_varic,509,0.2043222003929273,0.4032054548484182,9
5,fr_antec,63,0.06349206349206349,0.24384589675773358,9
5,ana_dime,938,1.591684434968017,0.560436110448096,9
5,ana_crea,453,0.9183222958057395,0.2738730670069902,9
5,ana_trop,9324,0.891999141999142,0.31038149537615245,9
5,peso,6,77.16666666666667,14.870739352462905,9
5,tension_,624,129.53044871794873,20.140190614881984,9
5,ana_hemo,33,13.866666666666667,1.7044801334285258,9
5,ana_plaq,24,255.95833333333334,77.27681798069989,9
5,ana_leuc,70,8.996142857142859,3.239072747763798,9
5,ana_neu,11924,6.424162193894666,3.316974768432484,9
5,protcrea,13717,18.759572209666835,33.52463682143793,9
5,splanchnic,8906,0.016730294183696384,0.12825907936759626,9
1,raza,8486,2.9264671223191137,0.6469817416792837,10
1,ant_inf,3459,0.026886383347788378,0.1617513701279348,10
1,ant_isq,3464,0.0355080831408776,0.18506015014729163,10
1,ant_clau,3473,0.021019291678663978,0.1434485310346231,10
1,fum_act,3566,0.2047111609646663,0.4034903983258645,10
1,diabetes,3442,0.09703660662405578,0.2960076073328927,10
1,hip_art,3343,0.3451989231229435,0.47543309371319914,10
1,insf_car,98,0.01020408163265306,0.10049854899791943,10
1,fibr_aur,7354,0.024476475387544192,0.1545230647513411,10
1,trat_est,3501,0.1868037703513282,0.3897539245907043,10
1,var171,617,0.03403565640194489,0.18132079443691404,10
1,tv_l_esu,7903,0.04289510312539542,0.20262061408765178,10
1,tvp_orig,13294,0.26275011283285693,0.44012781216276015,10
1,tv_l_ein,3553,0.8204334365325078,0.38382601885746015,10
1,tvp_prox,5336,0.8583208395802099,0.34872077070707086,10
1,tv_l_svc,8977,0.0042330399910883365,0.06492396601812142,10
1,tv_l_vre,9461,0.009301342352816827,0.09599389242682332,10
1,tv_l_vrn,9413,0.008605120577924147,0.09236380501995106,10
1,tv_l_vca,11756,0.0472099353521606,0.21208761716848398,10
1,tv_l_yug,11803,0.019486571210709142,0.13822751084049478,10
1,tv_l_ova,11818,0.007615501776950415,0.08693391691184563,10
1,tv_l_sup,11811,0.004572009144018288,0.0674618846194301,10
1,tv_l_pul,11819,0.003722819189440731,0.06090122992783859,10
1,tv_l_ove,9436,0.029249682068673167,0.16850560277793344,10
1,fr_antfa,10153,0.12685905643652123,0.3328150180453952,10
1,fr_tvs_a,7848,0.0481651376146789,0.21411505583035947,10
1,fr_viaje,239,0.03765690376569038,0.19036507390924395,10
1,fr_estro,174,0.034482758620689655,0.18246560765962697,10
1,fr_varic,509,0.18860510805500982,0.3911946079262441,10
1,fr_antec,63,0.031746031746031744,0.1753231907490041,10
1,ana_dime,938,1.6012793176972282,0.5491595291954281,10
1,ana_crea,453,0.9293598233995585,0.2562228367072302,10
1,ana_trop,9324,0.8766623766623767,0.32882435129875937,10
1,peso,6,87.66666666666667,17.065234314893605,10
1,tension_,624,129.4278846153846,21.48175861556627,10
1,ana_hemo,33,13.684848484848485,1.6863302836419698,10
1,ana_plaq,24,224.66666666666666,84.60726262495962,10
1,ana_leuc,70,8.845142857142857,4.6174689241299856,10
1,ana_neu,11924,6.353582690372358,3.3250291449523512,10
1,protcrea,13717,17.787727637238465,32.651580870016886,10
1,splanchnic,8906,0.009768695261621378,0.0983527724800219,10
2,raza,8486,2.9231675701154844,0.5893933710236802,10
2,ant_inf,3459,0.042497831743278404,0.2017220018748535,10
2,ant_isq,3464,0.04387990762124711,0.20482788220454248,10
2,ant_clau,3473,0.02418658220558595,0.1536280945881917,10
2,fum_act,3566,0.19293325855300056,0.3946010850176689,10
2,diabetes,3442,0.10197559558396281,0.30261621484854184,10
2,hip_art,3343,0.34310499551301227,0.4747462033202878,10
2,insf_car,98,0.02040816326530612,0.14139190265868384,10
2,fibr_aur,7354,0.026924122926298612,0.161861714222197,10
2,trat_est,3501,0.1713796058269066,0.3768403329442334,10
2,var171,617,0.04051863857374392,0.1971722051960525,10
2,tv_l_esu,7903,0.02859673541693028,0.16667021971673393,10
2,tvp_orig,13294,0.2633518880698059,0.44045166717799394,10
2,tv_l_ein,3553,0.8342245989304813,0.3718789016195446,10
2,tvp_prox,5336,0.8468890554722639,0.3600944087229912,10
2,tv_l_svc,8977,0.006015372618915005,0.0773252087690076,10
2,tv_l_vre,9461,0.006341824331466018,0.0793826529892699,10
2,tv_l_vrn,9413,0.007542760012748327,0.08652090374087877,10
2,tv_l_vca,11756,0.039979584892820684,0.19591124951012495,10
2,tv_l_yug,11803,0.019994916546640686,0.1399825698397253,10
2,tv_l_ova,11818,0.00524623455745473,0.07224065047065188,10
2,tv_l_sup,11811,0.005249343832020997,0.0722619417214499,10
2,tv_l_pul,11819,0.0009307047973601827,0.030493254761346043,10
2,tv_l_ove,9436,0.03062738448495125,0.17230597147099175,10
2,fr_antfa,10153,0.12518467448044912,0.3309281972810312,10
2,fr_tvs_a,7848,0.047018348623853214,0.21167811298416997,10
2,fr_viaje,239,0.04602510460251046,0.20953948159914498,10
2,fr_estro,174,0.09770114942528736,0.29691014604803423,10
2,fr_varic,509,0.1925343811394892,0.3942903666319063,10
2,fr_antec,63,0.031746031746031744,0.1753231907490041,10
2,ana_dime,938,1.5895522388059702,0.5588764352452038,10
2,ana_crea,453,0.9359823399558499,0.24478439338859362,10
2,ana_trop,9324,0.8833118833118833,0.3210482831474063,10
2,peso,6,83.0,10.677078252031311,10
2,tension_,624,129.82051282051282,21.802651326506606,10
2,ana_hemo,33,13.51818181818182,2.2131089534113366,10
2,ana_plaq,24,244.25,65.68057170883944,10
2,ana_leuc,70,8.609714285714286,3.7821849208506717,10
2,ana_neu,11924,6.466570781616908,3.3362822258986213,10
2,protcrea,13717,21.484288109644964,36.62195435975591,10
2,splanchnic,8906,0.01482146867280485,0.12083787791576744,10
3,raza,8486,2.89629978788593,0.648676003704611,10
3,ant_inf,3459,0.03700491471523562,0.18877380910008082,10
3,ant_isq,3464,0.03897228637413395,0.19352893134853624,10
3,ant_clau,3473,0.027929743737402823,0.16477157871479484,10
3,fum_act,3566,0.19068984856982613,0.3928450460706396,10
3,diabetes,3442,0.10952934340499709,0.31230220354372673,10
3,hip_art,3343,0.3532755010469638,0.477987365321491,10
3,insf_car,98,0.01020408163265306,0.10049854899791943,10
3,fibr_aur,7354,0.029779711721512104,0.16997905897873344,10
3,trat_est,3501,0.20279920022850614,0.402084176031816,10
3,var171,617,0.03565640194489465,0.18543199008056505,10
3,tv_l_esu,7903,0.014677970390990763,0.1202602493602602,10
3,tvp_orig,13294,0.24417030239205656,0.42959418736969457,10
3,tv_l_ein,3553,0.8167745567126372,0.38685123784151476,10
3,tvp_prox,5336,0.8431409295352323,0.3636678463621669,10
3,tv_l_svc,8977,0.010137016820764176,0.10017114210559704,10
3,tv_l_vre,9461,0.007293097981185921,0.08508765305861213,10
3,tv_l_vrn,9413,0.004886858599808775,0.06973505010275859,10
3,tv_l_vca,11756,0.04550867642055121,0.20841697817356622,10
3,tv_l_yug,11803,0.017114292976361942,0.12969731667340384,10
3,tv_l_ova,11818,0.0071078016584870535,0.08400762354733446,10
3,tv_l_sup,11811,0.009059351452036237,0.094748507129689,10
3,tv_l_pul,11819,0.0033843810813097555,0.05807690630540016,10
3,tv_l_ove,9436,0.031051292920729123,0.1734563637595352,10
3,fr_antfa,10153,0.12646508421156308,0.33237278271080706,10
3,fr_tvs_a,7848,0.04561671763506626,0.20865242080375895,10
3,fr_viaje,239,0.016736401673640166,0.12828208967996566,10
3,fr_estro,174,0.07471264367816093,0.2629271088206408,10
3,fr_varic,509,0.19646365422396855,0.3973231515944338,10
3,fr_antec,63,0.06349206349206349,0.24384589675773358,10
3,ana_dime,938,1.5991471215351811,0.5760679502101337,10
3,ana_crea,453,0.9050772626931567,0.2931081903478975,10
3,ana_trop,9324,0.8788073788073788,0.32635099166554254,10
3,peso,6,75.5,6.849574196011505,10
3,tension_,624,128.20192307692307,21.496517222844066,10
3,ana_hemo,33,13.787878787878787,1.4160888466728556,10
3,ana_plaq,24,206.54166666666666,84.0312338591365,10
3,ana_leuc,70,8.386714285714286,3.6250650127878776,10
3,ana_neu,11924,6.270782455551828,3.25880939067078,10
3,protcrea,13717,20.719806517460086,35.86143294328639,10
3,splanchnic,8906,0.012800359308331462,0.11241223291932723,10
4,raza,8486,2.9168041480084845,0.6639840515433949,10
4,ant_inf,3459,0.04134142815842729,0.19907866404074767,10
4,ant_isq,3464,0.043591224018475754,0.20418381230412663,10
4,ant_clau,3473,0.029945292254534985,0.17043641549365404,10
4,fum_act,3566,0.19489624228827818,0.3961208111551158,10
4,diabetes,3442,0.10865775711795468,0.3112093329835246,10
4,hip_art,3343,0.3556685611725995,0.4787154016386065,10
4,insf_car,98,0.030612244897959183,0.17226472465442993,10
4,fibr_aur,7354,0.025020397062822955,0.15618699303604522,10
4,trat_est,3501,0.1916595258497572,0.39360659547421645,10
4,var171,617,0.029173419773095625,0.1682923983780562,10
4,tv_l_esu,7903,0.01657598380361888,0.12767623335829204,10
4,tvp_orig,13294,0.26997141567624494,0.44394464789431703,10
4,tv_l_ein,3553,0.8128342245989305,0.39004454607081224,10
4,tvp_prox,5336,0.842016491754123,0.36472553978053407,10
4,tv_l_svc,8977,0.006015372618915005,0.0773252087690076,10
4,tv_l_vre,9461,0.007610189197759222,0.08690382165436415,10
4,tv_l_vrn,9413,0.009561245086582387,0.09731303961431216,10
4,tv_l_vca,11756,0.041765906771010546,0.2000537822751817,10
4,tv_l_yug,11803,0.015589256968567314,0.12387990973412634,10
4,tv_l_ova,11818,0.003976984261296328,0.06293780944298691,10
4,tv_l_sup,11811,0.004995343324019981,0.07050099197241944,10
4,tv_l_pul,11819,0.0026228953380150605,0.051147001457181034,10
4,tv_l_ove,9436,0.028719796523950826,0.1670178727309556,10
4,fr_antfa,10153,0.1267605633802817,0.3327045580568371,10
4,fr_tvs_a,7848,0.04434250764525994,0.2058549238201263,10
4,fr_viaje,239,0.02510460251046025,0.15644283762209135,10
4,fr_estro,174,0.09195402298850575,0.28896103655118477,10
4,fr_varic,509,0.17681728880157171,0.38151400391392354,10
4,fr_antec,63,0.015873015873015872,0.12498425196844144,10
4,ana_dime,938,1.5767590618336886,0.5645661273031298,10
4,ana_crea,453,0.9359823399558499,0.24478439338859362,10
4,ana_trop,9324,0.8802016302016302,0.3247256078476454,10
4,peso,6,83.5,10.843584893075414,10
4,tension_,624,130.95352564102564,21.74250726538317,10
4,ana_hemo,33,14.530303030303031,1.5284146764946187,10
4,ana_plaq,24,214.91666666666666,76.47979943895135,10
4,ana_leuc,70,8.622857142857143,3.7673409125031956,10
4,ana_neu,11924,6.895932572962094,3.3771762217305645,10
4,protcrea,13717,20.228811256105562,34.51421080263521,10
4,splanchnic,8906,0.014484617112059285,0.11947724879313351,10
5,raza,8486,2.924110299316521,0.6356825257005331,10
5,ant_inf,3459,0.03816131830008673,0.1915855737932431,10
5,ant_isq,3464,0.03579676674364896,0.1857830945870742,10
5,ant_clau,3473,0.02764180823495537,0.16394431576744992,10
5,fum_act,3566,0.20078519349411106,0.4005876927311216,10
5,diabetes,3442,0.10546194073213248,0.30714771656182743,10
5,hip_art,3343,0.33712234519892315,0.4727270560973861,10
5,insf_car,98,0.030612244897959183,0.17226472465442993,10
5,fibr_aur,7354,0.024884416644003263,0.15577285531276275,10
5,trat_est,3501,0.18337617823479005,0.38697461866483257,10
5,var171,617,0.03889789303079417,0.19335161480721866,10
5,tv_l_esu,7903,0.01543717575604201,0.12328369462633362,10
5,tvp_orig,13294,0.2516172709493004,0.43394241543011997,10
5,tv_l_ein,3553,0.8119898677174219,0.3907202611097428,10
5,tvp_prox,5336,0.8598200899550225,0.3471735918308873,10
5,tv_l_svc,8977,0.007797705246741673,0.08795965574981868,10
5,tv_l_vre,9461,0.007821583342141423,0.08809316759070115,10
5,tv_l_vrn,9413,0.008073940295336236,0.0894916296836949,10
5,tv_l_vca,11756,0.04482817284790745,0.20692657578722362,10
5,tv_l_yug,11803,0.017961535202914512,0.13281159006678964,10
5,tv_l_ova,11818,0.007953968522592655,0.08882962854438974,10
5,tv_l_sup,11811,0.008551350436034206,0.09207727646794481,10
5,tv_l_pul,11819,0.0028767239191132923,0.05355789744385503,10
5,tv_l_ove,9436,0.037833827893175076,0.1907942068306181,10
5,fr_antfa,10153,0.14202698709740963,0.3490778165874221,10
5,fr_tvs_a,7848,0.04829255861365953,0.21438373864686144,10
5,fr_viaje,239,0.05439330543933055,0.22679213778857993,10
5,fr_estro,174,0.08620689655172414,0.28066932062240874,10
5,fr_varic,509,0.20039292730844793,0.4002943941565994,10
5,fr_antec,63,0.031746031746031744,0.17532319074900413,10
5,ana_dime,938,1.5895522388059702,0.5645701536200148,10
5,ana_crea,453,0.9227373068432672,0.2670078077564426,10
5,ana_trop,9324,0.8824538824538825,0.3220699113483777,10
5,peso,6,79.66666666666667,11.827463332806781,10
5,tension_,624,129.00320512820514,21.27415646546055,10
5,ana_hemo,33,13.99090909090909,1.7154138358131468,10
5,ana_plaq,24,226.04166666666666,103.10168086516448,10
5,ana_leuc,70,8.430000000000001,3.6036350695215673,10
5,ana_neu,11924,6.726654646091916,3.3613965032431805,10
5,protcrea,13717,17.369492892031786,32.40373830775257,10
5,splanchnic,8906,0.013810913990568156,0.11670549535181832,10
1,raza,8486,2.9130332312043365,0.6370428052964471,11
1,ant_inf,3459,0.026019080659150044,0.15919198503945697,11
1,ant_isq,3464,0.033775981524249425,0.18065205394991493,11
1,ant_clau,3473,0.020443420673769076,0.14151143849500078,11
1,fum_act,3566,0.19237240605720696,0.3941640057704001,11
1,diabetes,3442,0.09209761766414876,0.2891637018796395,11
1,hip_art,3343,0.3209691893508824,0.46684897861976715,11
1,insf_car,98,0.030612244897959183,0.1722647246544299,11
1,fibr_aur,7354,0.028419907533315202,0.16616924020140736,11
1,trat_est,3501,0.17052270779777207,0.3760913637975322,11
1,var171,617,0.024311183144246355,0.1540134718729932,11
1,tv_l_esu,7903,0.03720106288751107,0.18925417778096876,11
1,tvp_orig,13294,0.26854219948849106,0.4432011807095898,11
1,tv_l_ein,3553,0.8041092034900085,0.3968848603218226,11
1,tvp_prox,5336,0.8431409295352323,0.3636678463621669,11
1,tv_l_svc,8977,0.007686309457502506,0.08733401459011267,11
1,tv_l_vre,9461,0.008667159919670224,0.09269325897063432,11
1,tv_l_vrn,9413,0.00669287156060767,0.08153574081886349,11
1,tv_l_vca,11756,0.041085403198366795,0.19848776496901369,11
1,tv_l_yug,11803,0.02812844192154537,0.1653397492335452,11
1,tv_l_ova,11818,0.008377051954645456,0.09114207017176332,11
1,tv_l_sup,11811,0.004826009652019304,0.06930165425772981,11
1,tv_l_pul,11819,0.003807428716473475,0.061586785945058425,11
1,tv_l_ove,9436,0.03497244595167444,0.1837100268788605,11
1,fr_antfa,10153,0.12616960504284447,0.332040412911105,11
1,fr_tvs_a,7848,0.04204892966360856,0.20070081508990803,11
1,fr_viaje,239,0.02510460251046025,0.15644283762209138,11
1,fr_estro,174,0.07471264367816093,0.26292710882064085,11
1,fr_varic,509,0.206286836935167,0.40463882394358897,11
1,fr_antec,63,0.07936507936507936,0.27030772009406984,11
1,ana_dime,938,1.5618336886993602,0.5830893808601684,11
1,ana_crea,453,0.9381898454746137,0.24081042195663827,11
1,ana_trop,9324,0.8817031317031317,0.32295931515907955,11
1,peso,6,86.16666666666667,13.969212178533509,11
1,tension_,624,129.60256410256412,21.52426462819003,11
1,ana_hemo,33,13.799999999999999,1.892889405916337,11
1,ana_plaq,24,251.95833333333334,57.225780296607184,11
1,ana_leuc,70,9.396000000000003,3.3259316202918456,11
1,ana_neu,11924,6.736222744045622,3.2500574617838685,11
1,protcrea,13717,17.09573507326675,32.914130417053855,11
1,splanchnic,8906,0.011003817651021782,0.1043203414877695,11
2,raza,8486,2.9209285882630214,0.609062585791355,11
2,ant_inf,3459,0.029199190517490606,0.1683644790049668,11
2,ant_isq,3464,0.03810623556581986,0.19145273666579465,11
2,ant_clau,3473,0.026778001727613014,0.1614340123737528,11
2,fum_act,3566,0.215086932136848,0.4108826398873612,11
2,diabetes,3442,0.1179546775130738,0.3225544474439324,11
2,hip_art,3343,0.34400239306012564,0.47504183671444394,11
2,insf_car,98,0.01020408163265306,0.10049854899791943,11
2,fibr_aur,7354,0.023524612455806365,0.1515625450585021,11
2,trat_est,3501,0.1905169951442445,0.3927088867156592,11
2,var171,617,0.03889789303079417,0.19335161480721869,11
2,tv_l_esu,7903,0.021257750221434897,0.14424235950981246,11
2,tvp_orig,13294,0.23183391003460208,0.4220034931048203,11
2,tv_l_ein,3553,0.828032648466085,0.3773520657692573,11
2,tvp_prox,5336,0.8438905547226386,0.36295906983096027,11
2,tv_l_svc,8977,0.006572351565110839,0.08080319152122285,11
2,tv_l_vre,9461,0.007081703836803721,0.08385435771366637,11
2,tv_l_vrn,9413,0.007224051843195581,0.08468686390558103,11
2,tv_l_vca,11756,0.04933650901667234,0.21656966060535843,11
2,tv_l_yug,11803,0.021519952554435312,0.14510976602727388,11
2,tv_l_ova,11818,0.008377051954645456,0.09114207017176332,11
2,tv_l_sup,11811,0.0037253407840149013,0.06092177459708357,11
2,tv_l_pul,11819,0.004653523986800914,0.06805783350434526,11
2,tv_l_ove,9436,0.03274692666384061,0.1779734965041527,11
2,fr_antfa,10153,0.1256771397616468,0.33148513737870405,11
2,fr_tvs_a,7848,0.047145769622833844,0.21195057449675506,11
2,fr_viaje,239,0.03347280334728033,0.1798676590812107,11
2,fr_estro,174,0.08045977011494253,0.2720036681884881,11
2,fr_varic,509,0.19842829076620824,0.39881637903903766,11
2,fr_antec,63,0.015873015873015872,0.12498425196844144,11
2,ana_dime,938,1.615138592750533,0.5522439512071888,11
2,ana_crea,453,0.9359823399558499,0.24478439338859362,11
2,ana_trop,9324,0.8751608751608752,0.33053640911180454,11
2,peso,6,92.58333333333333,27.444514732253673,11
2,tension_,624,130.72756410256412,20.361228470689937,11
2,ana_hemo,33,14.16060606060606,1.6416804756729286,11
2,ana_plaq,24,254.375,97.69289145923906,11
2,ana_leuc,70,9.450999999999999,3.643557974601984,11
2,ana_neu,11924,6.760789164709829,3.354777387725986,11
2,protcrea,13717,11.936056572136765,25.45799618898081,11
2,splanchnic,8906,0.013923197844150012,0.11717227660988189,11
3,raza,8486,2.9212821117134102,0.6023968594454044,11
3,ant_inf,3459,0.030355594102341718,0.17156378408345857,11
3,ant_isq,3464,0.036374133949191687,0.18721927338988886,11
3,ant_clau,3473,0.024762453210480852,0.15540036718579398,11
3,fum_act,3566,0.213684800897364,0.4099068269287765,11
3,diabetes,3442,0.11127251597908193,0.3144693040135505,11
3,hip_art,3343,0.3386180077774454,0.47323974113157413,11
3,insf_car,98,0.02040816326530612,0.14139190265868384,11
3,fibr_aur,7354,0.02624422083220016,0.15986075723926396,11
3,trat_est,3501,0.17280776920879748,0.3780810020483395,11
3,var171,617,0.04376012965964344,0.20456094620385054,11
3,tv_l_esu,7903,0.021257750221434897,0.14424235950981246,11
3,tvp_orig,13294,0.23243568527155106,0.4223852950611509,11
3,tv_l_ein,3553,0.8221221502955249,0.38240988518733043,11
3,tvp_prox,5336,0.837143928035982,0.36923430472867574,11
3,tv_l_svc,8977,0.005569789461958338,0.07442289236053513,11
3,tv_l_vre,9461,0.007293097981185921,0.08508765305861213,11
3,tv_l_vrn,9413,0.012110910443004356,0.10938115144413998,11
3,tv_l_vca,11756,0.041765906771010546,0.2000537822751817,11
3,tv_l_yug,11803,0.0183851563161908,0.13433965290791855,11
3,tv_l_ova,11818,0.006769334912844813,0.08199701834629448,11
3,tv_l_sup,11811,0.002878672424011515,0.053575980337150636,11
3,tv_l_pul,11819,0.002792114392080548,0.05276664182323984,11
3,tv_l_ove,9436,0.03391267486222976,0.18100443460290816,11
3,fr_antfa,10153,0.13483699399192356,0.3415493800948049,11
3,fr_tvs_a,7848,0.046381243628950054,0.2103093527838979,11
3,fr_viaje,239,0.0502092050209205,0.218376374070291,11
3,fr_estro,174,0.10344827586206896,0.30454347814923616,11
3,fr_varic,509,0.2082514734774067,0.4060576280183586,11
3,fr_antec,63,0.031746031746031744,0.1753231907490041,11
3,ana_dime,938,1.584221748400853,0.5747405847338665,11
3,ana_crea,453,0.9293598233995585,0.2562228367072302,11
3,ana_trop,9324,0.8877091377091377,0.3157239688982085,11
3,peso,6,87.16666666666667,8.314979788844282,11
3,tension_,624,129.58333333333334,21.873604961621986,11
3,ana_hemo,33,13.987878787878788,1.8222127035071325,11
3,ana_plaq,24,233.91666666666666,80.04473575583982,11
3,ana_leuc,70,9.180571428571428,3.5325647848530215,11
3,ana_neu,11924,6.4729973163368,3.3168983376058203,11
3,protcrea,13717,11.145696143471607,24.072926653411557,11
3,splanchnic,8906,0.015158320233550416,0.12218242738318612,11
4,raza,8486,2.9230497289653545,0.6149170383556983,11
4,ant_inf,3459,0.03613761202659728,0.18663248651725242,11
4,ant_isq,3464,0.03810623556581986,0.19145273666579465,11
4,ant_clau,3473,0.019291678663979267,0.1375482089970823,11
4,fum_act,3566,0.2055524397083567,0.40410473176925193,11
4,diabetes,3442,0.10807669959325973,0.31047725616909205,11
4,hip_art,3343,0.3287466347591983,0.4697576874237404,11
4,insf_car,98,0.01020408163265306,0.10049854899791943,11
4,fibr_aur,7354,0.025700299156921402,0.15823967195417887,11
4,trat_est,3501,0.17994858611825193,0.38414462442196684,11
4,var171,617,0.027552674230145867,0.163687276148494,11
4,tv_l_esu,7903,0.015057573073516387,0.12178194680104314,11
4,tvp_orig,13294,0.2994584022867459,0.45802081566956676,11
4,tv_l_ein,3553,0.8198705319448354,0.38429525471091636,11
4,tvp_prox,5336,0.8397676161919041,0.36682143746960993,11
4,tv_l_svc,8977,0.010693995766960009,0.10285734889397183,11
4,tv_l_vre,9461,0.008138674558714724,0.08984673914584798,11
4,tv_l_vrn,9413,0.0061616912780197595,0.07825423208117334,11
4,tv_l_vca,11756,0.043382102756039466,0.20371572329229745,11
4,tv_l_yug,11803,0.018808777429467086,0.13584920802520659,11
4,tv_l_ova,11818,0.0075308850905398544,0.08645328715724428,11
4,tv_l_sup,11811,0.0071966810600287865,0.08452744431099883,11
4,tv_l_pul,11819,0.0041458668246044505,0.06425479447385303,11
4,tv_l_ove,9436,0.031051292920729123,0.1734563637595352,11
4,fr_antfa,10153,0.13552644538560032,0.34228500987735966,11
4,fr_tvs_a,7848,0.059505606523955146,0.23656857212269633,11
4,fr_viaje,239,0.0502092050209205,0.218376374070291,11
4,fr_estro,174,0.06321839080459771,0.24335534896253022,11
4,fr_varic,509,0.20039292730844793,0.40029439415659945,11
4,fr_antec,63,0.015873015873015872,0.12498425196844144,11
4,ana_dime,938,1.6087420042643923,0.5438239355561958,11
4,ana_crea,453,0.9293598233995585,0.2562228367072302,11
4,ana_trop,9324,0.8767696267696268,0.3287014577757089,11
4,peso,6,71.5,13.30100246848585,11
4,tension_,624,129.5272435897436,23.101973527466026,11
4,ana_hemo,33,13.587878787878788,1.3982147872799187,11
4,ana_plaq,24,223.0,81.10230165250141,11
4,ana_leuc,70,9.346285714285717,3.5504370642131904,11
4,ana_neu,11924,6.613210332103321,3.3424898507332634,11
4,protcrea,13717,23.850541663629077,39.07217815211284,11
4,splanchnic,8906,0.014933752526386705,0.12128782116052435,11
5,raza,8486,2.919160971011077,0.6371099409409781,11
5,ant_inf,3459,0.036715813819022836,0.18806318840918784,11
5,ant_isq,3464,0.04070438799076213,0.19760450599381482,11
5,ant_clau,3473,0.024762453210480852,0.155400367185794,11
5,fum_act,3566,0.20274817722938868,0.40204645733988137,11
5,diabetes,3442,0.10052295177222545,0.3006960058584488,11
5,hip_art,3343,0.33801974274603647,0.4730353012830435,11
5,insf_car,98,0.02040816326530612,0.14139190265868384,11
5,fibr_aur,7354,0.020669023660592874,0.1422737330694276,11
5,trat_est,3501,0.19365895458440446,0.39516473007301656,11
5,var171,617,0.022690437601296597,0.1489146790707963,11
5,tv_l_esu,7903,0.01429836770846514,0.118717835177949,11
5,tvp_orig,13294,0.24943583571536032,0.4326864910952734,11
5,tv_l_ein,3553,0.813678581480439,0.38936582736601266,11
5,tvp_prox,5336,0.8497001499250375,0.35736508663047417,11
5,tv_l_svc,8977,0.0064609557758716725,0.08011998393867728,11
5,tv_l_vre,9461,0.00687030969242152,0.08260210976211042,11
5,tv_l_vrn,9413,0.006480399447572506,0.0802396651947926,11
5,tv_l_vca,11756,0.046019054100034026,0.20952637246841307,11
5,tv_l_yug,11803,0.017368465644327712,0.1306399710865305,11
5,tv_l_ova,11818,0.0075308850905398544,0.08645328715724428,11
5,tv_l_sup,11811,0.006265345864025061,0.07890558475310354,11
5,tv_l_pul,11819,0.003722819189440731,0.060901229927838585,11
5,tv_l_ove,9436,0.03412462908011869,0.18154927367043636,11
5,fr_antfa,10153,0.13552644538560032,0.34228500987735966,11
5,fr_tvs_a,7848,0.05491845056065239,0.2278210138434767,11
5,fr_viaje,239,0.04184100418410042,0.2002257090210109,11
5,fr_estro,174,0.08620689655172414,0.28066932062240874,11
5,fr_varic,509,0.1807465618860511,0.3848080589754105,11
5,fr_antec,63,0.047619047619047616,0.21295885499997996,11
5,ana_dime,938,1.6098081023454158,0.5475179169293541,11
5,ana_crea,453,0.9094922737306843,0.28690778615240525,11
5,ana_trop,9324,0.8843843843843844,0.3197634204242847,11
5,peso,6,74.16666666666667,10.05678322769706,11
5,tension_,624,129.19551282051282,21.020676155135124,11
5,ana_hemo,33,13.293939393939393,1.8994320353550338,11
5,ana_plaq,24,267.625,101.46338112015258,11
5,ana_leuc,70,9.080142857142857,3.4295303688727423,11
5,ana_neu,11924,6.744373532371688,3.3534055776912837,11
5,protcrea,13717,16.52831843697601,31.501540650897017,11
5,splanchnic,8906,0.013586346283404447,0.11576595992808883,11
1,raza,8486,2.920339382512373,0.6146676625983089,12
1,ant_inf,3459,0.025440878866724487,0.15745996490922107,12
1,ant_isq,3464,0.037240184757505776,0.18934981752495195,12
1,ant_clau,3473,0.020731356176216527,0.14248356763961018,12
1,fum_act,3566,0.2047111609646663,0.4034903983258645,12
1,diabetes,3442,0.08221963974433469,0.27469905457545085,12
1,hip_art,3343,0.3353275501046964,0.4721048445477749,12
1,insf_car,98,0.01020408163265306,0.10049854899791943,12
1,fibr_aur,7354,0.022844710361707914,0.14940826473190025,12
1,trat_est,3501,0.17566409597257926,0.38053412640486756,12
1,var171,617,0.03565640194489465,0.18543199008056505,12
1,tv_l_esu,7903,0.03669492597747691,0.18801172406258176,12
1,tvp_orig,13294,0.29426809086806077,0.4557130473937821,12
1,tv_l_ein,3553,0.8159301998311286,0.3875411059934973,12
1,tvp_prox,5336,0.8363943028485757,0.369917386737932,12
1,tv_l_svc,8977,0.00757491366826334,0.0867037159018095,12
1,tv_l_vre,9461,0.005919036042701617,0.07670724252003076,12
1,tv_l_vrn,9413,0.008286412408371401,0.09065179412328137,12
1,tv_l_vca,11756,0.04372235454236135,0.20447667411133574,12
1,tv_l_yug,11803,0.02109633144115903,0.143705519173356,12
1,tv_l_ova,11818,0.00558470130309697,0.07452189218244636,12
1,tv_l_sup,11811,0.00575734484802303,0.07565842866676502,12
1,tv_l_pul,11819,0.002538285810982317,0.050317421596541304,12
1,tv_l_ove,9436,0.03401865197117423,0.18127708980794663,12
1,fr_antfa,10153,0.1293213828425096,0.3355553051021704,12
1,fr_tvs_a,7848,0.04574413863404689,0.2089296829430323,12
1,fr_viaje,239,0.03765690376569038,0.19036507390924395,12
1,fr_estro,174,0.05747126436781609,0.23274088196915613,12
1,fr_varic,509,0.18467583497053044,0.38803436825681803,12
1,fr_antec,63,0.015873015873015872,0.12498425196844144,12
1,ana_dime,938,1.5863539445628998,0.5631783571214979,12
1,ana_crea,453,0.9249448123620309,0.2634803720329056,12
1,ana_trop,9324,0.8804161304161304,0.3244742943889664,12
1,peso,6,94.16666666666667,21.380806553750233,12
1,tension_,624,130.21153846153845,20.985803997655363,12
1,ana_hemo,33,14.215151515151517,1.5370418681076603,12
1,ana_plaq,24,245.29166666666666,88.97447160406305,12
1,ana_leuc,70,8.881,3.1363983666437707,12
1,ana_neu,11924,6.8789760147601475,3.265557134901068,12
1,protcrea,13717,13.307563898811694,30.847965788700108,12
1,splanchnic,8906,0.013137210869077027,0.11386230526235816,12
2,raza,8486,2.9284704218713173,0.6080593869146916,12
2,ant_inf,3459,0.029199190517490606,0.16836447900496676,12
2,ant_isq,3464,0.03695150115473441,0.18864275156269872,12
2,ant_clau,3473,0.020155485171321624,0.14053199489379728,12
2,fum_act,3566,0.2061132922041503,0.4045127970545763,12
2,diabetes,3442,0.11185357350377688,0.3151862173354223,12
2,hip_art,3343,0.3263535746335627,0.4688783626458555,12
2,insf_car,98,0.030612244897959183,0.17226472465442993,12
2,fibr_aur,7354,0.022436769105248843,0.14809915765245457,12
2,trat_est,3501,0.17937732076549556,0.3836679522197392,12
2,var171,617,0.03079416531604538,0.17275961535767972,12
2,tv_l_esu,7903,0.025686448184233834,0.15819814968548937,12
2,tvp_orig,13294,0.1993380472393561,0.3995026785419045,12
2,tv_l_ein,3553,0.8350689558119899,0.37111830303969484,12
2,tvp_prox,5336,0.8427661169415293,0.3640211382280237,12
2,tv_l_svc,8977,0.007352122089785006,0.08542873281608418,12
2,tv_l_vre,9461,0.006553218475848219,0.08068626775019415,12
2,tv_l_vrn,9413,0.007436523956230744,0.08591403882765118,12
2,tv_l_vca,11756,0.04789043892480436,0.2135344112418276,12
2,tv_l_yug,11803,0.022706091671608912,0.14896484508973723,12
2,tv_l_ova,11818,0.006007784735149771,0.07727671873032572,12
2,tv_l_sup,11811,0.0039793412920159175,0.06295638279712053,12
2,tv_l_pul,11819,0.005161181148997377,0.07165572802047727,12
2,tv_l_ove,9436,0.029355659177617635,0.16880137574043994,12
2,fr_antfa,10153,0.13680685511671428,0.3436433318279123,12
2,fr_tvs_a,7848,0.047273190621814475,0.21222260970558265,12
2,fr_viaje,239,0.0502092050209205,0.218376374070291,12
2,fr_estro,174,0.05747126436781609,0.23274088196915613,12
2,fr_varic,509,0.2043222003929273,0.4032054548484182,12
2,fr_antec,63,0.047619047619047616,0.21295885499997996,12
2,ana_dime,938,1.595948827292111,0.5539782518878542,12
2,ana_crea,453,0.8984547461368654,0.3020493590143939,12
2,ana_trop,9324,0.8832046332046332,0.3211762897389882,12
2,peso,6,81.5,12.971121771072847,12
2,tension_,624,129.26282051282053,20.654859793045038,12
2,ana_hemo,33,13.593939393939394,1.598851745915741,12
2,ana_plaq,24,246.0,78.81624198095213,12
2,ana_leuc,70,9.225428571428573,3.5145996259335495,12
2,ana_neu,11924,6.628248909761824,3.3760245880657833,12
2,protcrea,13717,16.51618488007582,32.55971388595109,12
2,splanchnic,8906,0.012014372333258477,0.10894965438539173,12
3,raza,8486,2.925760075418336,0.6312272936450579,12
3,ant_inf,3459,0.03266840127204394,0.17776719840952848,12
3,ant_isq,3464,0.03897228637413395,0.19352893134853622,12
3,ant_clau,3473,0.023898646703138498,0.15273343245307183,12
3,fum_act,3566,0.1960179472798654,0.39698225605693416,12
3,diabetes,3442,0.10546194073213248,0.30714771656182743,12
3,hip_art,3343,0.3562668262040084,0.47889536931414495,12
3,insf_car,98,0.02040816326530612,0.14139190265868384,12
3,fibr_aur,7354,0.025564318738101714,0.1578315061879549,12
3,trat_est,3501,0.18651813767495,0.38952422516862595,12
3,var171,617,0.029173419773095625,0.16829239837805623,12
3,tv_l_esu,7903,0.026192585094268,0.15970765035009288,12
3,tvp_orig,13294,0.27222807281480366,0.4451066716938105,12
3,tv_l_ein,3553,0.8314100759921194,0.3743893181314041,12
3,tvp_prox,5336,0.8497001499250375,0.35736508663047417,12
3,tv_l_svc,8977,0.006572351565110839,0.08080319152122287,12
3,tv_l_vre,9461,0.006658915548039319,0.08133003376221727,12
3,tv_l_vrn,9413,0.007011579730160416,0.0834411018614209,12
3,tv_l_vca,11756,0.04550867642055121,0.20841697817356622,12
3,tv_l_yug,11803,0.02465474879267983,0.15507060377340925,12
3,tv_l_ova,11818,0.004315451006938568,0.06555019366520043,12
3,tv_l_sup,11811,0.004826009652019304,0.06930165425772981,12
3,tv_l_pul,11819,0.002792114392080548,0.05276664182323984,12
3,tv_l_ove,9436,0.040059347181008904,0.19609843417131176,12
3,fr_antfa,10153,0.13404904954200728,0.34070500709395474,12
3,fr_tvs_a,7848,0.0541539245667686,0.22632118111388808,12
3,fr_viaje,239,0.04184100418410042,0.20022570902101086,12
3,fr_estro,174,0.07471264367816093,0.26292710882064085,12
3,fr_varic,509,0.1925343811394892,0.39429036663190636,12
3,fr_antec,63,0.031746031746031744,0.1753231907490041,12
3,ana_dime,938,1.61727078891258,0.5632681565876093,12
3,ana_crea,453,0.9227373068432672,0.26700780775644267,12
3,ana_trop,9324,0.8775203775203775,0.3278389308133975,12
3,peso,6,75.0,17.98147194568157,12
3,tension_,624,130.45833333333334,21.35936850338155,12
3,ana_hemo,33,13.51818181818182,1.77959044410795,12
3,ana_plaq,24,264.0416666666667,134.1719913539666,12
3,ana_leuc,70,9.348857142857142,4.504656493279923,12
3,ana_neu,11924,6.868856927205636,3.3952168873534765,12
3,protcrea,13717,16.928646788656412,33.54157547083415,12
3,splanchnic,8906,0.013024927015495171,0.11338111964404038,12
4,raza,8486,2.9239924581663916,0.6429493172836327,12
4,ant_inf,3459,0.03902862098872507,0.1936630778760978,12
4,ant_isq,3464,0.04301385681293302,0.20288830655069678,12
4,ant_clau,3473,0.02591419522027066,0.1588793558218196,12
4,fum_act,3566,0.2066741446999439,0.4049196742719358,12
4,diabetes,3442,0.1167925624636839,0.3211729437808397,12
4,hip_art,3343,0.3505833084056237,0.47715265091267284,12
4,insf_car,98,0.030612244897959183,0.17226472465442993,12
4,fibr_aur,7354,0.025428338319282023,0.1574221646706783,12
4,trat_est,3501,0.1968009140245644,0.39758057581282874,12
4,var171,617,0.03079416531604538,0.17275961535767975,12
4,tv_l_esu,7903,0.02378843477160572,0.15238945220297492,12
4,tvp_orig,13294,0.26666165187302543,0.4422139926476488,12
4,tv_l_ein,3553,0.8156487475372924,0.38777038073857406,12
4,tvp_prox,5336,0.8482008995502249,0.3588260491553173,12
4,tv_l_svc,8977,0.007017934722067506,0.08347863986855744,12
4,tv_l_vre,9461,0.00687030969242152,0.08260210976211044,12
4,tv_l_vrn,9413,0.008286412408371401,0.09065179412328137,12
4,tv_l_vca,11756,0.04040489962572304,0.19690694175665388,12
4,tv_l_yug,11803,0.0160128780818436,0.125524761769858,12
4,tv_l_ova,11818,0.008207818581824336,0.09022444400467203,12
4,tv_l_sup,11811,0.006858013716027432,0.08252866995110372,12
4,tv_l_pul,11819,0.006176495473390304,0.07834759968918954,12
4,tv_l_ove,9436,0.03221704111911827,0.17657605551333203,12
4,fr_antfa,10153,0.13838274401654682,0.34530126002521,12
4,fr_tvs_a,7848,0.04854740061162079,0.21491986996430923,12
4,fr_viaje,239,0.029288702928870293,0.1686145747247689,12
4,fr_estro,174,0.08620689655172414,0.28066932062240874,12
4,fr_varic,509,0.19646365422396855,0.3973231515944338,12
4,fr_antec,63,0.0,0.0,12
4,ana_dime,938,1.6023454157782515,0.548961842543302,12
4,ana_crea,453,0.9205298013245033,0.27047122988956473,12
4,ana_trop,9324,0.8795581295581295,0.32547753576296806,12
4,peso,6,85.33333333333333,6.724747000610671,12
4,tension_,624,130.30608974358975,21.191682302555854,12
4,ana_hemo,33,13.55151515151515,1.6435588164418593,12
4,ana_plaq,24,225.125,97.93633667677521,12
4,ana_leuc,70,8.960142857142857,3.2839660224695835,12
4,ana_neu,11924,6.51680392485743,3.375016499488491,12
4,protcrea,13717,18.672397317197635,34.19429997118953,12
4,splanchnic,8906,0.011902088479676623,0.10844551060093993,12
5,raza,8486,2.9259957577185953,0.6394160273093861,12
5,ant_inf,3459,0.04163052905464007,0.19974340566154075,12
5,ant_isq,3464,0.04676674364896074,0.21113885321615516,12
5,ant_clau,3473,0.024762453210480852,0.155400367185794,12
5,fum_act,3566,0.1982613572630398,0.39869009453365795,12
5,diabetes,3442,0.11040092969203952,0.31338883900862335,12
5,hip_art,3343,0.34400239306012564,0.47504183671444394,12
5,insf_car,98,0.01020408163265306,0.10049854899791943,12
5,fibr_aur,7354,0.022300788686429155,0.14765995906268015,12
5,trat_est,3501,0.19765781205369895,0.3982325970935122,12
5,var171,617,0.04051863857374392,0.1971722051960525,12
5,tv_l_esu,7903,0.0169555864861445,0.1291049750127987,12
5,tvp_orig,13294,0.2518429366631563,0.43407150553340146,12
5,tv_l_ein,3553,0.8232479594708697,0.38145872214162174,12
5,tvp_prox,5336,0.8315217391304348,0.374290444018989,12
5,tv_l_svc,8977,0.006572351565110839,0.08080319152122287,12
5,tv_l_vre,9461,0.00687030969242152,0.08260210976211042,12
5,tv_l_vrn,9413,0.007117815786677998,0.08406635762958281,12
5,tv_l_vca,11756,0.040064647839401155,0.19611086617754236,12
5,tv_l_yug,11803,0.0225366432262984,0.1484208305406924,12
5,tv_l_ova,11818,0.003046200710780166,0.05510826954287177,12
5,tv_l_sup,11811,0.006773346880027093,0.08202114759054474,12
5,tv_l_pul,11819,0.002199847702851341,0.04685091645779837,12
5,tv_l_ove,9436,0.03539635438745231,0.184779469864837,12
5,fr_antfa,10153,0.13946616763518171,0.34643232487794373,12
5,fr_tvs_a,7848,0.04306829765545362,0.20301088491141275,12
5,fr_viaje,239,0.02510460251046025,0.15644283762209135,12
5,fr_estro,174,0.06896551724137931,0.2533954906327426,12
5,fr_varic,509,0.1925343811394892,0.3942903666319063,12
5,fr_antec,63,0.015873015873015872,0.12498425196844144,12
5,ana_dime,938,1.6332622601279319,0.5303599548916512,12
5,ana_crea,453,0.9183222958057395,0.2738730670069902,12
5,ana_trop,9324,0.8878163878163878,0.31559222002617404,12
5,peso,6,81.5,12.971121771072847,12
5,tension_,624,131.13141025641025,20.90735149963107,12
5,ana_hemo,33,13.826363636363638,1.3432205039806566,12
5,ana_plaq,24,227.41666666666666,80.79444941056009,12
5,ana_leuc,70,8.997142857142858,2.931744065450823,12
5,ana_neu,11924,6.392572123448507,3.283370469216442,12
5,protcrea,13717,20.863338776700445,35.45764143253064,12
5,splanchnic,8906,0.013249494722658881,0.1143413556516325,12
1,raza,8486,2.917982559509781,0.6499620052184039,13
1,ant_inf,3459,0.026019080659150044,0.15919198503945697,13
1,ant_isq,3464,0.03262124711316397,0.17764318548693578,13
1,ant_clau,3473,0.0244745177080334,0.1545170401314773,13
1,fum_act,3566,0.20891755468311834,0.40653537364950737,13
1,diabetes,3442,0.0979081929110982,0.2971904754058942,13
1,hip_art,3343,0.33712234519892315,0.47272705609738613,13
1,insf_car,98,0.030612244897959183,0.17226472465442993,13
1,fibr_aur,7354,0.027604025020397063,0.1638354138245769,13
1,trat_est,3501,0.17109397315052843,0.37659105871235804,13
1,var171,617,0.04051863857374392,0.1971722051960525,13
1,tv_l_esu,7903,0.04327470580792104,0.20347482803816033,13
1,tvp_orig,13294,0.2516172709493004,0.43394241543011997,13
1,tv_l_ein,3553,0.8283141007599212,0.37710721451890084,13
1,tvp_prox,5336,0.8425787106446777,0.36419751099236003,13
1,tv_l_svc,8977,0.0064609557758716725,0.08011998393867728,13
1,tv_l_vre,9461,0.009618433569390128,0.09760081610858261,13
1,tv_l_vrn,9413,0.006586635504090088,0.08089036862832527,13
1,tv_l_vca,11756,0.03751275944198707,0.19001461080936563,13
1,tv_l_yug,11803,0.0171990171990172,0.1300123494380634,13
1,tv_l_ova,11818,0.0071078016584870535,0.08400762354733445,13
1,tv_l_sup,11811,0.002032004064008128,0.045031933375017145,13
1,tv_l_pul,11819,0.004653523986800914,0.06805783350434527,13
1,tv_l_ove,9436,0.03370072064434082,0.1804577016156222,13
1,fr_antfa,10153,0.13542795232936078,0.3421801017844801,13
1,fr_tvs_a,7848,0.05389908256880734,0.22581844802196344,13
1,fr_viaje,239,0.03347280334728033,0.17986765908121072,13
1,fr_estro,174,0.05747126436781609,0.23274088196915613,13
1,fr_varic,509,0.1905697445972495,0.39275045135733283,13
1,fr_antec,63,0.06349206349206349,0.24384589675773355,13
1,ana_dime,938,1.6119402985074627,0.5548259573214002,13
1,ana_crea,453,0.9139072847682119,0.2805009084046009,13
1,ana_trop,9324,0.8758043758043758,0.3298045953686569,13
1,peso,6,79.16666666666667,6.011562932290478,13
1,tension_,624,130.73717948717947,22.11714504327401,13
1,ana_hemo,33,13.77878787878788,2.2580170404593036,13
1,ana_plaq,24,212.29166666666666,82.19310553338535,13
1,ana_leuc,70,7.89142857142857,2.2239162919204913,13
1,ana_neu,11924,6.71120093928212,3.3449765868438956,13
1,protcrea,13717,17.725229131734345,34.32179902233046,13
1,splanchnic,8906,0.013361778576240737,0.1148182975379806,13
2,raza,8486,2.9256422342682065,0.6277501595100833,13
2,ant_inf,3459,0.03411390575310783,0.18152175403343784,13
2,ant_isq,3464,0.044457274826789836,0.20610877114224205,13
2,ant_clau,3473,0.021883098186006335,0.14630183935886773,13
2,fum_act,3566,0.19966348850252383,0.39974739506534174,13
2,diabetes,3442,0.10342823939570017,0.3045173865171017,13
2,hip_art,3343,0.34101106790308106,0.47404906863180446,13
2,insf_car,98,0.02040816326530612,0.14139190265868387,13
2,fibr_aur,7354,0.027196083763937992,0.16265440907593887,13
2,trat_est,3501,0.18251928020565553,0.3862719153120829,13
2,var171,617,0.04538087520259319,0.20813805843343466,13
2,tv_l_esu,7903,0.022270024041503227,0.14756039465484666,13
2,tvp_orig,13294,0.21009477959981948,0.40737570274222634,13
2,tv_l_ein,3553,0.8226850548831973,0.38193501457057843,13
2,tvp_prox,5336,0.8425787106446777,0.36419751099236003,13
2,tv_l_svc,8977,0.007017934722067506,0.08347863986855744,13
2,tv_l_vre,9461,0.00718740090899482,0.08447332228087281,13
2,tv_l_vrn,9413,0.007861468182301073,0.08831571491144563,13
2,tv_l_vca,11756,0.03963933310649881,0.19511036973305862,13
2,tv_l_yug,11803,0.015589256968567314,0.12387990973412634,13
2,tv_l_ova,11818,0.006430868167202572,0.07993442375984598,13
2,tv_l_sup,11811,0.00448734230801795,0.06683716082411506,13
2,tv_l_pul,11819,0.004653523986800914,0.06805783350434526,13
2,tv_l_ove,9436,0.029991521831284444,0.17056386032664722,13
2,fr_antfa,10153,0.13483699399192356,0.3415493800948049,13
2,fr_tvs_a,7848,0.047145769622833844,0.21195057449675506,13
2,fr_viaje,239,0.04602510460251046,0.20953948159914498,13
2,fr_estro,174,0.08045977011494253,0.2720036681884881,13
2,fr_varic,509,0.20039292730844793,0.4002943941565995,13
2,fr_antec,63,0.031746031746031744,0.17532319074900413,13
2,ana_dime,938,1.560767590618337,0.5721282671641252,13
2,ana_crea,453,0.9315673289183223,0.25248691176040117,13
2,ana_trop,9324,0.8752681252681253,0.3304146397448918,13
2,peso,6,94.83333333333333,16.577260194481944,13
2,tension_,624,129.25160256410257,21.023548243936407,13
2,ana_hemo,33,13.966666666666669,1.6730785753191388,13
2,ana_plaq,24,248.5,85.74720597974802,13
2,ana_leuc,70,7.8138571428571435,2.5178762552466103,13
2,ana_neu,11924,6.313220395840322,3.3392816026311047,13
2,protcrea,13717,19.4626358533207,35.138934566419074,13
2,splanchnic,8906,0.010666966090276219,0.10272868112024566,13
3,raza,8486,2.925760075418336,0.6434305930398202,13
3,ant_inf,3459,0.045388840705406185,0.20815545595738166,13
3,ant_isq,3464,0.04503464203233257,0.20738014140546882,13
3,ant_clau,3473,0.025050388712928303,0.15627817102288946,13
3,fum_act,3566,0.2061132922041503,0.4045127970545763,13
3,diabetes,3442,0.10952934340499709,0.31230220354372673,13
3,hip_art,3343,0.3463954531857613,0.47582102013046074,13
3,insf_car,98,0.02040816326530612,0.14139190265868384,13
3,fibr_aur,7354,0.030595594234430243,0.17221934806482211,13
3,trat_est,3501,0.1882319337332191,0.3908972663709381,13
3,var171,617,0.03079416531604538,0.17275961535767972,13
3,tv_l_esu,7903,0.016449449576110338,0.1271961681213445,13
3,tvp_orig,13294,0.19076275011283286,0.39290243481330295,13
3,tv_l_ein,3553,0.8159301998311286,0.3875411059934973,13
3,tvp_prox,5336,0.8453898050974513,0.3615326852924153,13
3,tv_l_svc,8977,0.008800267349894173,0.09339605261714523,13
3,tv_l_vre,9461,0.0069760067646126205,0.08323065597622488,13
3,tv_l_vrn,9413,0.008605120577924147,0.09236380501995106,13
3,tv_l_vca,11756,0.041850969717591016,0.20024851073425814,13
3,tv_l_yug,11803,0.0195712954333644,0.13852169443240422,13
3,tv_l_ova,11818,0.0035539008292435267,0.059508576004971156,13
3,tv_l_sup,11811,0.0027093387520108372,0.051980748701203686,13
3,tv_l_pul,11819,0.00499196209493189,0.07047724745884061,13
3,tv_l_ove,9436,0.03529037727850784,0.18451278153572023,13
3,fr_antfa,10153,0.1382842509603073,0.34519808356457315,13
3,fr_tvs_a,7848,0.04396024464831804,0.20500668657089716,13
3,fr_viaje,239,0.04602510460251046,0.209539481599145,13
3,fr_estro,174,0.08620689655172414,0.28066932062240874,13
3,fr_varic,509,0.2082514734774067,0.4060576280183586,13
3,fr_antec,63,0.031746031746031744,0.17532319074900413,13
3,ana_dime,938,1.6012793176972282,0.5644765343240757,13
3,ana_crea,453,0.9139072847682119,0.2805009084046009,13
3,ana_trop,9324,0.8792363792363792,0.3258523724996968,13
3,peso,6,75.0,5.972157622389639,13
3,tension_,624,129.82692307692307,20.522474691313942,13
3,ana_hemo,33,13.745454545454546,2.379596465546832,13
3,ana_plaq,24,195.20833333333334,85.66163044534908,13
3,ana_leuc,70,8.357999999999997,2.724116947353241,13
3,ana_neu,11924,6.58178715196243,3.344810176535783,13
3,protcrea,13717,22.87156987679522,36.570867009507666,13
3,splanchnic,8906,0.011228385358185492,0.10536749366115516,13
4,raza,8486,2.920339382512373,0.6455260761478538,13
4,ant_inf,3459,0.04423243712055507,0.20561111017386977,13
4,ant_isq,3464,0.050808314087759814,0.21960607757373055,13
4,ant_clau,3473,0.02620213072271811,0.15973596673356852,13
4,fum_act,3566,0.2055524397083567,0.40410473176925193,13
4,diabetes,3442,0.11563044741429401,0.3197812487389844,13
4,hip_art,3343,0.3434041280287167,0.4748449566769698,13
4,insf_car,98,0.02040816326530612,0.14139190265868384,13
4,fibr_aur,7354,0.025292357900462335,0.15701163820652675,13
4,trat_est,3501,0.19337332190802628,0.3949431355046966,13
4,var171,617,0.02593192868719611,0.1589322615511347,13
4,tv_l_esu,7903,0.015184107301024928,0.12228470953678504,13
4,tvp_orig,13294,0.1903114186851211,0.39254679033610457,13
4,tv_l_ein,3553,0.8131156768927666,0.3898186410165432,13
4,tvp_prox,5336,0.8422038980509745,0.3645497115054656,13
4,tv_l_svc,8977,0.007240726300545839,0.08478383208599632,13
4,tv_l_vre,9461,0.008138674558714724,0.08984673914584798,13
4,tv_l_vrn,9413,0.00924253691702964,0.09569280238537789,13
4,tv_l_vca,11756,0.043467165702619937,0.20390628045354783,13
4,tv_l_yug,11803,0.019401846988053886,0.13793264777240388,13
4,tv_l_ova,11818,0.006092401421560332,0.07781570578282317,13
4,tv_l_sup,11811,0.004148674964016595,0.06427646116627406,13
4,tv_l_pul,11819,0.006345714527455791,0.07940684123293047,13
4,tv_l_ove,9436,0.035820262823230184,0.18584179184054617,13
4,fr_antfa,10153,0.140254112085098,0.34725048038601586,13
4,fr_tvs_a,7848,0.053644240570846075,0.2253143049706859,13
4,fr_viaje,239,0.03347280334728033,0.1798676590812107,13
4,fr_estro,174,0.07471264367816093,0.2629271088206408,13
4,fr_varic,509,0.19646365422396855,0.3973231515944338,13
4,fr_antec,63,0.047619047619047616,0.21295885499997996,13
4,ana_dime,938,1.6204690831556503,0.5413469279296813,13
4,ana_crea,453,0.9028697571743929,0.2961350346619691,13
4,ana_trop,9324,0.8825611325611326,0.3219425101684205,13
4,peso,6,77.5,13.060755465643377,13
4,tension_,624,129.73878205128204,21.329467603768048,13
4,ana_hemo,33,13.603030303030302,2.054187865546994,13
4,ana_plaq,24,232.70833333333334,95.9928292316092,13
4,ana_leuc,70,8.585285714285714,2.9295205465490524,13
4,ana_neu,11924,6.441730124119423,3.370060150542921,13
4,protcrea,13717,23.492498068090686,39.84551956514965,13
4,splanchnic,8906,0.012014372333258477,0.10894965438539173,13
5,raza,8486,2.923285411265614,0.6229428840260166,13
5,ant_inf,3459,0.040763226366001735,0.1977412090137912,13
5,ant_isq,3464,0.0355080831408776,0.18506015014729163,13
5,ant_clau,3473,0.02303484019579614,0.150014120445211,13
5,fum_act,3566,0.20695457094784073,0.40512266847417444,13
5,diabetes,3442,0.10604299825682742,0.3078926448902765,13
5,hip_art,3343,0.3443015255758301,0.4751399636549068,13
5,insf_car,98,0.02040816326530612,0.14139190265868387,13
5,fibr_aur,7354,0.024204514549904813,0.15368362315259315,13
5,trat_est,3501,0.19794344473007713,0.39844929089969283,13
5,var171,617,0.029173419773095625,0.1682923983780562,13
5,tv_l_esu,7903,0.015690244211059093,0.12427413426637265,13
5,tvp_orig,13294,0.14593049496013238,0.35303652162463756,13
5,tv_l_ein,3553,0.8060793695468618,0.395367448758488,13
5,tvp_prox,5336,0.8453898050974513,0.3615326852924153,13
5,tv_l_svc,8977,0.006126768408154171,0.0780335255965474,13
5,tv_l_vre,9461,0.007398795053377021,0.08569744970029823,13
5,tv_l_vrn,9413,0.008498884521406565,0.09179680540900297,13
5,tv_l_vca,11756,0.04236134739707383,0.2014121735242889,13
5,tv_l_yug,11803,0.02101160721850377,0.14342286979627442,13
5,tv_l_ova,11818,0.004400067693349129,0.06618691031951163,13
5,tv_l_sup,11811,0.004318008636017272,0.06556953131932966,13
5,tv_l_pul,11819,0.002284457229884085,0.04774137079147304,13
5,tv_l_ove,9436,0.028931750741839762,0.16761475036777584,13
5,fr_antfa,10153,0.12804097311139565,0.33413542511395367,13
5,fr_tvs_a,7848,0.046890927624872576,0.21140522351955154,13
5,fr_viaje,239,0.04184100418410042,0.20022570902101086,13
5,fr_estro,174,0.04597701149425287,0.2094352546929724,13
5,fr_varic,509,0.2357563850687623,0.4244706255656235,13
5,fr_antec,63,0.031746031746031744,0.17532319074900413,13
5,ana_dime,938,1.5991471215351811,0.5417331006523975,13
5,ana_crea,453,0.9227373068432672,0.26700780775644267,13
5,ana_trop,9324,0.8849206349206349,0.3191176974288566,13
5,peso,6,87.66666666666667,32.36081306491266,13
5,tension_,624,129.5176282051282,21.181670160420435,13
5,ana_hemo,33,14.148484848484848,2.1720150136376595,13
5,ana_plaq,24,215.75,89.1666277258482,13
5,ana_leuc,70,8.34757142857143,3.056540731758364,13
5,ana_neu,11924,6.617635021804763,3.28127318263231,13
5,protcrea,13717,19.825034336954143,35.08892998880819,13
5,splanchnic,8906,0.010330114529530653,0.10111084641786673,13
1,raza,8486,2.9403723780344095,0.5853732533858782,14
1,ant_inf,3459,0.02168256721595837,0.14564488832390862,14
1,ant_isq,3464,0.0401270207852194,0.19625708391831864,14
1,ant_clau,3473,0.020155485171321624,0.14053199489379728,14
1,fum_act,3566,0.2072349971957375,0.4053253669991803,14
1,diabetes,3442,0.10981987216734457,0.3126651049357646,14
1,hip_art,3343,0.34549805563864794,0.47553038723993407,14
1,insf_car,98,0.030612244897959183,0.17226472465442993,14
1,fibr_aur,7354,0.026108240413380474,0.1594572049043178,14
1,trat_est,3501,0.1585261353898886,0.3652336235729609,14
1,var171,617,0.03241491085899514,0.17709936310726396,14
1,tv_l_esu,7903,0.04428697962798937,0.20573196898736823,14
1,tvp_orig,13294,0.21370543102151346,0.4099212360605664,14
1,tv_l_ein,3553,0.8229665071770335,0.3816970464149116,14
1,tvp_prox,5336,0.8455772113943029,0.36135355396749225,14
1,tv_l_svc,8977,0.005124206305001671,0.07139992167184395,14
1,tv_l_vre,9461,0.006658915548039319,0.08133003376221727,14
1,tv_l_vrn,9413,0.007224051843195581,0.08468686390558103,14
1,tv_l_vca,11756,0.03717250765566519,0.1891843342622605,14
1,tv_l_yug,11803,0.019486571210709142,0.13822751084049478,14
1,tv_l_ova,11818,0.004738534438991369,0.0686737266380809,14
1,tv_l_sup,11811,0.0036406739480145628,0.060228061908206974,14
1,tv_l_pul,11819,0.0026228953380150605,0.051147001457181034,14
1,tv_l_ove,9436,0.029885544722339976,0.17027154471311112,14
1,fr_antfa,10153,0.12863193144883286,0.33479211110863355,14
1,fr_tvs_a,7848,0.04548929663608563,0.20837471182377154,14
1,fr_viaje,239,0.03347280334728033,0.1798676590812107,14
1,fr_estro,174,0.08045977011494253,0.2720036681884881,14
1,fr_varic,509,0.2357563850687623,0.4244706255656235,14
1,fr_antec,63,0.06349206349206349,0.24384589675773355,14
1,ana_dime,938,1.6119402985074627,0.5567441414866033,14
1,ana_crea,453,0.9315673289183223,0.25248691176040117,14
1,ana_trop,9324,0.885027885027885,0.3189882877958903,14
1,peso,6,86.33333333333333,17.54676291766914,14
1,tension_,624,130.90865384615384,22.892649183731624,14
1,ana_hemo,33,14.077272727272728,2.4029997323134733,14
1,ana_plaq,24,211.375,56.758855770120434,14
1,ana_leuc,70,8.358714285714285,2.9943885239983574,14
1,ana_neu,11924,6.423686682321369,3.317681387624359,14
1,protcrea,13717,14.60023503681563,28.043647262161592,14
1,splanchnic,8906,0.0136986301369863,0.11623673115395301,14
2,raza,8486,2.9256422342682065,0.6057778456126645,14
2,ant_inf,3459,0.0372940156114484,0.189481323647006,14
2,ant_isq,3464,0.04416859122401848,0.20546952760276652,14
2,ant_clau,3473,0.02130722718111143,0.1444064723305847,14
2,fum_act,3566,0.20386988222097588,0.40287337135157153,14
2,diabetes,3442,0.10488088320743753,0.30639987523670015,14
2,hip_art,3343,0.33502841758899193,0.4720003993608564,14
2,insf_car,98,0.030612244897959183,0.1722647246544299,14
2,fibr_aur,7354,0.025972259994560782,0.15905251241440896,14
2,trat_est,3501,0.1842330762639246,0.38767415425103535,14
2,var171,617,0.04538087520259319,0.20813805843343466,14
2,tv_l_esu,7903,0.02505377704669113,0.15628846823225898,14
2,tvp_orig,13294,0.2517677147585377,0.434028492801799,14
2,tv_l_ein,3553,0.8218406980016887,0.3826467889709592,14
2,tvp_prox,5336,0.8377061469265368,0.36872016262747603,14
2,tv_l_svc,8977,0.0064609557758716725,0.08011998393867728,14
2,tv_l_vre,9461,0.006236127259274918,0.07872253791692088,14
2,tv_l_vrn,9413,0.00818017635185382,0.09007364246385505,14
2,tv_l_vca,11756,0.04380741748894182,0.20466638136707108,14
2,tv_l_yug,11803,0.016775396085740912,0.12842889928636556,14
2,tv_l_ova,11818,0.006515484853613133,0.0804551633565893,14
2,tv_l_sup,11811,0.003048006096012192,0.05512454766119052,14
2,tv_l_pul,11819,0.0013537524325239023,0.0367684618508218,14
2,tv_l_ove,9436,0.03433658329800763,0.18209223581862743,14
2,fr_antfa,10153,0.12656357726780262,0.3324834404552798,14
2,fr_tvs_a,7848,0.0541539245667686,0.22632118111388808,14
2,fr_viaje,239,0.0502092050209205,0.218376374070291,14
2,fr_estro,174,0.05747126436781609,0.23274088196915613,14
2,fr_varic,509,0.18664047151277013,0.38962264552546344,14
2,fr_antec,63,0.015873015873015872,0.12498425196844144,14
2,ana_dime,938,1.6226012793176972,0.5659123366666786,14
2,ana_crea,453,0.9249448123620309,0.2634803720329056,14
2,ana_trop,9324,0.8927498927498928,0.3094309644249388,14
2,peso,6,83.41666666666667,20.837499583416648,14
2,tension_,624,128.38621794871796,20.729790957266925,14
2,ana_hemo,33,14.18181818181818,1.8036082598005967,14
2,ana_plaq,24,229.83333333333334,47.411027784214454,14
2,ana_leuc,70,8.41457142857143,2.8701496654426957,14
2,ana_neu,11924,6.385639885944315,3.2827870235832384,14
2,protcrea,13717,11.417608660785886,19.88993404675563,14
2,splanchnic,8906,0.014147765551313722,0.11809998425579397,14
3,raza,8486,2.9184539241102994,0.6190062698679163,14
3,ant_inf,3459,0.030355594102341718,0.17156378408345857,14
3,ant_isq,3464,0.04214780600461894,0.20092627616520428,14
3,ant_clau,3473,0.027353872732507917,0.16311234894710358,14
3,fum_act,3566,0.19854178351093663,0.39890217310918846,14
3,diabetes,3442,0.11592097617664149,0.3201301351933241,14
3,hip_art,3343,0.35088244092132814,0.4772462190257968,14
3,insf_car,98,0.0,0.0,14
3,fibr_aur,7354,0.025972259994560782,0.15905251241440896,14
3,trat_est,3501,0.18594687232219365,0.3890637903940528,14
3,var171,617,0.04376012965964344,0.20456094620385054,14
3,tv_l_esu,7903,0.01923320258129824,0.13734368023234628,14
3,tvp_orig,13294,0.19384684820219647,0.3953103181606459,14
3,tv_l_ein,3553,0.8184632704756544,0.3854622489400878,14
3,tvp_prox,5336,0.8506371814092953,0.3564457420328442,14
3,tv_l_svc,8977,0.006683747354350005,0.08148051838110276,14
3,tv_l_vre,9461,0.00676461262023042,0.08196860762711929,14
3,tv_l_vrn,9413,0.009667481143099968,0.09784692612160986,14
3,tv_l_vca,11756,0.047465124191902006,0.21263157380160957,14
3,tv_l_yug,11803,0.019740743878674912,0.13910804042107516,14
3,tv_l_ova,11818,0.006853951599255373,0.08250439349956121,14
3,tv_l_sup,11811,0.004064008128016256,0.06361990227870264,14
3,tv_l_pul,11819,0.005161181148997377,0.07165572802047727,14
3,tv_l_ove,9436,0.03539635438745231,0.184779469864837,14
3,fr_antfa,10153,0.12616960504284447,0.332040412911105,14
3,fr_tvs_a,7848,0.05109582059123344,0.22019318270405633,14
3,fr_viaje,239,0.016736401673640166,0.12828208967996563,14
3,fr_estro,174,0.05172413793103448,0.2214695272183643,14
3,fr_varic,509,0.18271119842829076,0.3864295749514891,14
3,fr_antec,63,0.015873015873015872,0.12498425196844144,14
3,ana_dime,938,1.607675906183369,0.5708116518357993,14
3,ana_crea,453,0.9249448123620309,0.2634803720329056,14
3,ana_trop,9324,0.8703346203346203,0.33593491777666196,14
3,peso,6,77.16666666666667,13.969212178533509,14
3,tension_,624,129.24358974358975,19.68986196083705,14
3,ana_hemo,33,14.07878787878788,2.129128086694186,14
3,ana_plaq,24,233.375,88.56062542123334,14
3,ana_leuc,70,8.705285714285715,2.9623956142808145,14
3,ana_neu,11924,6.903423347869843,3.3443933598736435,14
3,protcrea,13717,21.071401618429682,37.09909012414852,14
3,splanchnic,8906,0.012126656186840333,0.10945136087124044,14
4,raza,8486,2.933419750176762,0.6002378111920853,14
4,ant_inf,3459,0.03816131830008673,0.1915855737932431,14
4,ant_isq,3464,0.044457274826789836,0.20610877114224205,14
4,ant_clau,3473,0.02936942124964008,0.16883974160457976,14
4,fum_act,3566,0.20302860347728546,0.4022536384513491,14
4,diabetes,3442,0.11563044741429401,0.3197812487389844,14
4,hip_art,3343,0.3437032605444212,0.4749435010983464,14
4,insf_car,98,0.05102040816326531,0.22003937400865126,14
4,fibr_aur,7354,0.025836279575741094,0.15864667104425872,14
4,trat_est,3501,0.18994572979148813,0.39225801397226684,14
4,var171,617,0.03727714748784441,0.1894401271193986,14
4,tv_l_esu,7903,0.0169555864861445,0.1291049750127987,14
4,tvp_orig,13294,0.16631563111177974,0.37236372266866996,14
4,tv_l_ein,3553,0.8221221502955249,0.38240988518733043,14
4,tvp_prox,5336,0.8285232383808095,0.3769250347798429,14
4,tv_l_svc,8977,0.008800267349894173,0.09339605261714522,14
4,tv_l_vre,9461,0.007927280414332523,0.08868167025696495,14
4,tv_l_vrn,9413,0.007436523956230744,0.08591403882765118,14
4,tv_l_vca,11756,0.03785301122830895,0.19084066854121653,14
4,tv_l_yug,11803,0.018554604761501312,0.13494566092930066,14
4,tv_l_ova,11818,0.003130817397190726,0.0558660485412757,14
4,tv_l_sup,11811,0.006180679028024723,0.07837396401087071,14
4,tv_l_pul,11819,0.0033843810813097555,0.05807690630540016,14
4,tv_l_ove,9436,0.035820262823230184,0.1858417918405462,14
4,fr_antfa,10153,0.12912439673003054,0.3353375715590728,14
4,fr_tvs_a,7848,0.046126401630988786,0.20975880602150052,14
4,fr_viaje,239,0.04184100418410042,0.20022570902101086,14
4,fr_estro,174,0.06896551724137931,0.2533954906327426,14
4,fr_varic,509,0.17681728880157171,0.38151400391392354,14
4,fr_antec,63,0.015873015873015872,0.12498425196844144,14
4,ana_dime,938,1.6130063965884862,0.5526842059581465,14
4,ana_crea,453,0.9315673289183223,0.2524869117604012,14
4,ana_trop,9324,0.8897468897468898,0.3132049838885482,14
4,peso,6,81.66666666666667,13.085190950927016,14
4,tension_,624,129.60256410256412,21.242247299861074,14
4,ana_hemo,33,13.790909090909091,1.4685312465312297,14
4,ana_plaq,24,219.58333333333334,53.14282380737989,14
4,ana_leuc,70,8.620142857142858,2.939554141535823,14
4,ana_neu,11924,6.363857765850386,3.3541172476725913,14
4,protcrea,13717,24.724942480134143,40.978387709357364,14
4,splanchnic,8906,0.013586346283404447,0.11576595992808882,14
5,raza,8486,2.908201744049022,0.6552502979289033,14
5,ant_inf,3459,0.0372940156114484,0.18948132364700598,14
5,ant_isq,3464,0.0424364896073903,0.20158282158257473,14
5,ant_clau,3473,0.026490066225165563,0.1605874920924787,14
5,fum_act,3566,0.20891755468311834,0.4065353736495074,14
5,diabetes,3442,0.11592097617664149,0.3201301351933241,14
5,hip_art,3343,0.3368232126832187,0.47262388437421765,14
5,insf_car,98,0.030612244897959183,0.17226472465442993,14
5,fibr_aur,7354,0.022028827848789775,0.14677724139797066,14
5,trat_est,3501,0.1713796058269066,0.3768403329442334,14
5,var171,617,0.03241491085899514,0.17709936310726396,14
5,tv_l_esu,7903,0.018094394533721372,0.13329286335051627,14
5,tvp_orig,13294,0.23273657289002558,0.42257574531606923,14
5,tv_l_ein,3553,0.8032648466084998,0.397530417467045,14
5,tvp_prox,5336,0.8367691154422788,0.3695761936113108,14
5,tv_l_svc,8977,0.0059039768296758385,0.0766101813551599,14
5,tv_l_vre,9461,0.006658915548039319,0.08133003376221727,14
5,tv_l_vrn,9413,0.004674386486773611,0.06820950518619733,14
5,tv_l_vca,11756,0.0472099353521606,0.21208761716848398,14
5,tv_l_yug,11803,0.017707362534948742,0.13188560136347197,14
5,tv_l_ova,11818,0.007277035031308174,0.08499458684211181,14
5,tv_l_sup,11811,0.0055033443400220134,0.07398011584944403,14
5,tv_l_pul,11819,0.003722819189440731,0.06090122992783859,14
5,tv_l_ove,9436,0.031051292920729123,0.1734563637595352,14
5,fr_antfa,10153,0.13001083423618634,0.33631535382345723,14
5,fr_tvs_a,7848,0.05147808358817533,0.22097079105226594,14
5,fr_viaje,239,0.03765690376569038,0.19036507390924395,14
5,fr_estro,174,0.06321839080459771,0.24335534896253022,14
5,fr_varic,509,0.16699410609037327,0.3729706082541229,14
5,fr_antec,63,0.047619047619047616,0.21295885499997996,14
5,ana_dime,938,1.572494669509595,0.5688899549899175,14
5,ana_crea,453,0.9183222958057395,0.27387306700699027,14
5,ana_trop,9324,0.8833118833118833,0.3210482831474063,14
5,peso,6,81.33333333333333,15.670212364724211,14
5,tension_,624,129.77884615384616,21.133636179224307,14
5,ana_hemo,33,13.15151515151515,1.7283941070150555,14
5,ana_plaq,24,239.58333333333334,97.59436316828048,14
5,ana_leuc,70,8.610571428571431,2.807038544045148,14
5,ana_neu,11924,6.802621603488761,3.360331186562471,14
5,protcrea,13717,18.33587008821171,35.53497227577733,14
5,splanchnic,8906,0.013137210869077027,0.11386230526235816,14
1,raza,8486,2.93389111477728,0.600289909082103,15
1,ant_inf,3459,0.03151199768719283,0.1746968565514422,15
1,ant_isq,3464,0.03348729792147806,0.17990524950483305,15
1,ant_clau,3473,0.020155485171321624,0.14053199489379728,15
1,fum_act,3566,0.1887268648345485,0.3912914966163597,15
1,diabetes,3442,0.0906449738524114,0.2871035746341502,15
1,hip_art,3343,0.33891714029314984,0.47334164438454307,15
1,insf_car,98,0.030612244897959183,0.17226472465442993,15
1,fibr_aur,7354,0.028691868370954582,0.16693904594293815,15
1,trat_est,3501,0.17366466723793203,0.3788208687375477,15
1,var171,617,0.03403565640194489,0.18132079443691404,15
1,tv_l_esu,7903,0.04352777426293813,0.20404192493370774,15
1,tvp_orig,13294,0.20430269294418535,0.4031911489603155,15
1,tv_l_ein,3553,0.8243737686462145,0.38050185047414964,15
1,tvp_prox,5336,0.8442653673163418,0.3626035808793733,15
1,tv_l_svc,8977,0.006572351565110839,0.08080319152122287,15
1,tv_l_vre,9461,0.008244371630905824,0.09042345916473964,15
1,tv_l_vrn,9413,0.005949219164984596,0.07690140412444742,15
1,tv_l_vca,11756,0.0461041170466145,0.20971058017650557,15
1,tv_l_yug,11803,0.01923239854274337,0.13734086569203083,15
1,tv_l_ova,11818,0.00558470130309697,0.07452189218244636,15
1,tv_l_sup,11811,0.003048006096012192,0.05512454766119052,15
1,tv_l_pul,11819,0.0011845333784584143,0.034396660581133935,15
1,tv_l_ove,9436,0.027660025434506148,0.16399679395484723,15
1,fr_antfa,10153,0.13670836206047474,0.3435392056275628,15
1,fr_tvs_a,7848,0.04383282364933741,0.20472300119982487,15
1,fr_viaje,239,0.03347280334728033,0.1798676590812107,15
1,fr_estro,174,0.05172413793103448,0.2214695272183643,15
1,fr_varic,509,0.18271119842829076,0.38642957495148905,15
1,fr_antec,63,0.07936507936507936,0.27030772009406995,15
1,ana_dime,938,1.6247334754797442,0.5597613938907181,15
1,ana_crea,453,0.9249448123620309,0.2634803720329056,15
1,ana_trop,9324,0.8796653796653797,0.32535242350955856,15
1,peso,6,82.16666666666667,7.425556469981821,15
1,tension_,624,129.5625,20.090801987955352,15
1,ana_hemo,33,13.930303030303028,1.722486723964293,15
1,ana_plaq,24,249.5,112.97455465723245,15
1,ana_leuc,70,9.319428571428572,3.0581403713061057,15
1,ana_neu,11924,6.619010399194901,3.350867743772573,15
1,protcrea,13717,26.688978202230807,42.631597565487425,15
1,splanchnic,8906,0.010891533797439928,0.10379262155364971,15
2,raza,8486,2.9315342917746876,0.6208739766461433,15
2,ant_inf,3459,0.032379300375831165,0.17700531427898672,15
2,ant_isq,3464,0.042725173210161664,0.202236823512246,15
2,ant_clau,3473,0.027929743737402823,0.16477157871479484,15
2,fum_act,3566,0.21396522714526078,0.4101025587800419,15
2,diabetes,3442,0.11127251597908193,0.3144693040135505,15
2,hip_art,3343,0.348190248279988,0.4763966826949033,15
2,insf_car,98,0.030612244897959183,0.17226472465442993,15
2,fibr_aur,7354,0.022844710361707914,0.14940826473190025,15
2,trat_est,3501,0.18080548414738645,0.38485693582111213,15
2,var171,617,0.04700162074554295,0.21164231238775266,15
2,tv_l_esu,7903,0.03239276224218651,0.17704087436664928,15
2,tvp_orig,13294,0.26432977282984804,0.4409756728273896,15
2,tv_l_ein,3553,0.829439909935266,0.37612410949292235,15
2,tvp_prox,5336,0.8553223388305847,0.35177554708643854,15
2,tv_l_svc,8977,0.00757491366826334,0.0867037159018095,15
2,tv_l_vre,9461,0.008350068703096925,0.09099640133406643,15
2,tv_l_vrn,9413,0.00977371719961755,0.09837780060419855,15
2,tv_l_vca,11756,0.0374276964954066,0.18980743934433744,15
2,tv_l_yug,11803,0.017622638312293486,0.13157538117447184,15
2,tv_l_ova,11818,0.006346251480792012,0.07941017927781396,15
2,tv_l_sup,11811,0.0023706714080094825,0.04863179335665844,15
2,tv_l_pul,11819,0.004399695405702682,0.06618412261290256,15
2,tv_l_ove,9436,0.03285290377278508,0.17825148102184507,15
2,fr_antfa,10153,0.1469516399093864,0.35405770071745146,15
2,fr_tvs_a,7848,0.04243119266055046,0.20157079786009108,15
2,fr_viaje,239,0.029288702928870293,0.1686145747247689,15
2,fr_estro,174,0.05172413793103448,0.2214695272183643,15
2,fr_varic,509,0.17485265225933203,0.3798410223464669,15
2,fr_antec,63,0.015873015873015872,0.12498425196844144,15
2,ana_dime,938,1.5980810234541578,0.565041034646087,15
2,ana_crea,453,0.9072847682119205,0.2900329594762674,15
2,ana_trop,9324,0.8843843843843844,0.3197634204242847,15
2,peso,6,75.5,13.744695946679455,15
2,tension_,624,128.4823717948718,20.364145137842193,15
2,ana_hemo,33,13.554545454545455,1.9064628375513086,15
2,ana_plaq,24,224.13750000000002,66.43004975473575,15
2,ana_leuc,70,9.128571428571428,3.186992888832573,15
2,ana_neu,11924,6.714093425025158,3.327811850022725,15
2,protcrea,13717,12.707865568272947,26.0191523652975,15
2,splanchnic,8906,0.012351223894004042,0.11044759464254632,15
3,raza,8486,2.9331840678765024,0.6255909642089467,15
3,ant_inf,3459,0.033824804856895055,0.18077800594455073,15
3,ant_isq,3464,0.0355080831408776,0.18506015014729163,15
3,ant_clau,3473,0.020443420673769076,0.14151143849500078,15
3,fum_act,3566,0.2052720134604599,0.4039002524762131,15
3,diabetes,3442,0.10400929692039512,0.30527260452670857,15
3,hip_art,3343,0.3374214777146276,0.4728300160644464,15
3,insf_car,98,0.01020408163265306,0.10049854899791943,15
3,fibr_aur,7354,0.026516181669839545,0.1606644757856932,15
3,trat_est,3501,0.17994858611825193,0.38414462442196684,15
3,var171,617,0.02593192868719611,0.1589322615511347,15
3,tv_l_esu,7903,0.023535366316588636,0.15159634840236957,15
3,tvp_orig,13294,0.22115239957875735,0.41502290989692964,15
3,tv_l_ein,3553,0.8198705319448354,0.38429525471091636,15
3,tvp_prox,5336,0.8332083958020989,0.37278970609043344,15
3,tv_l_svc,8977,0.00824328840369834,0.09041756798317345,15
3,tv_l_vre,9461,0.007610189197759222,0.08690382165436415,15
3,tv_l_vrn,9413,0.009667481143099968,0.09784692612160986,15
3,tv_l_vca,11756,0.04210615855733243,0.20083134707728573,15
3,tv_l_yug,11803,0.021181055663814286,0.1439875638545937,15
3,tv_l_ova,11818,0.008377051954645456,0.09114207017176332,15
3,tv_l_sup,11811,0.005249343832020997,0.0722619417214499,15
3,tv_l_pul,11819,0.0036382096624079873,0.060207749441914434,15
3,tv_l_ove,9436,0.029991521831284444,0.17056386032664722,15
3,fr_antfa,10153,0.12833645228011425,0.33446405979756366,15
3,fr_tvs_a,7848,0.04994903160040775,0.21783967921980882,15
3,fr_viaje,239,0.0502092050209205,0.21837637407029103,15
3,fr_estro,174,0.07471264367816093,0.26292710882064085,15
3,fr_varic,509,0.16895874263261296,0.374715473286892,15
3,fr_antec,63,0.031746031746031744,0.17532319074900413,15
3,ana_dime,938,1.605543710021322,0.5424920510829211,15
3,ana_crea,453,0.8984547461368654,0.3020493590143939,15
3,ana_trop,9324,0.8852423852423852,0.31872920263565063,15
3,peso,6,81.66666666666667,12.418624006798105,15
3,tension_,624,130.78846153846155,21.738173800879377,15
3,ana_hemo,33,14.001515151515152,1.5517577935265645,15
3,ana_plaq,24,230.91666666666666,73.25464528311878,15
3,ana_leuc,70,8.837428571428571,2.9743473165021723,15
3,ana_neu,11924,6.768351224421336,3.385045939149667,15
3,protcrea,13717,19.908852956185758,35.46733743091407,15
3,splanchnic,8906,0.007298450482820571,0.08511864133884181,15
4,raza,8486,2.938369078482206,0.6229152861295599,15
4,ant_inf,3459,0.029488291413703384,0.1691707187524008,15
4,ant_isq,3464,0.03983833718244804,0.19557925266496343,15
4,ant_clau,3473,0.0244745177080334,0.1545170401314773,15
4,fum_act,3566,0.20835670218732474,0.40613321317142637,15
4,diabetes,3442,0.1042998256827426,0.3056490995329319,15
4,hip_art,3343,0.33203709243194734,0.47094422353532034,15
4,insf_car,98,0.030612244897959183,0.17226472465442993,15
4,fibr_aur,7354,0.019717160728855043,0.13902659566301528,15
4,trat_est,3501,0.18394744358754642,0.38744132663559894,15
4,var171,617,0.02593192868719611,0.1589322615511347,15
4,tv_l_esu,7903,0.01796786030621283,0.13283454483766355,15
4,tvp_orig,13294,0.2861441251692493,0.4519575918162834,15
4,tv_l_ein,3553,0.8162116521249648,0.3873114909996865,15
4,tvp_prox,5336,0.8478260869565217,0.35918938351865887,15
4,tv_l_svc,8977,0.006015372618915005,0.0773252087690076,15
4,tv_l_vre,9461,0.008455765775288025,0.09156563656984805,15
4,tv_l_vrn,9413,0.00977371719961755,0.09837780060419854,15
4,tv_l_vca,11756,0.04789043892480436,0.2135344112418276,15
4,tv_l_yug,11803,0.015843429636533086,0.12486959347209114,15
4,tv_l_ova,11818,0.00533085124386529,0.07281780873440967,15
4,tv_l_sup,11811,0.004995343324019981,0.07050099197241944,15
4,tv_l_pul,11819,0.006599543108554023,0.08096906285311917,15
4,tv_l_ove,9436,0.028613819415006358,0.16671853152391838,15
4,fr_antfa,10153,0.14537575100955383,0.3524792788632575,15
4,fr_tvs_a,7848,0.053261977573904176,0.2245554259393905,15
4,fr_viaje,239,0.029288702928870293,0.1686145747247689,15
4,fr_estro,174,0.06321839080459771,0.24335534896253022,15
4,fr_varic,509,0.16699410609037327,0.37297060825412287,15
4,fr_antec,63,0.06349206349206349,0.24384589675773355,15
4,ana_dime,938,1.5906183368869935,0.5567931341219433,15
4,ana_crea,453,0.9205298013245033,0.27047122988956473,15
4,ana_trop,9324,0.8862076362076362,0.3175589106526695,15
4,peso,6,80.33333333333333,14.715826703096077,15
4,tension_,624,129.7948717948718,20.267906912767018,15
4,ana_hemo,33,14.34969696969697,1.7999334749465719,15
4,ana_plaq,24,208.25,70.57339560108092,15
4,ana_leuc,70,8.635714285714286,2.778640762998326,15
4,ana_neu,11924,6.528612042938611,3.3621380900912676,15
4,protcrea,13717,11.571822847561421,24.973845895451568,15
4,splanchnic,8906,0.010554682236694363,0.10219237212031423,15
5,raza,8486,2.9080839028988925,0.6526208014394717,15
5,ant_inf,3459,0.0358485111303845,0.18591233251217953,15
5,ant_isq,3464,0.04214780600461894,0.20092627616520428,15
5,ant_clau,3473,0.029657356752087534,0.1696402014339966,15
5,fum_act,3566,0.2063937184520471,0.4047163839475543,15
5,diabetes,3442,0.11766414875072632,0.32221001978444636,15
5,hip_art,3343,0.3422075979658989,0.4744486883323723,15
5,insf_car,98,0.05102040816326531,0.22003937400865126,15
5,fibr_aur,7354,0.025700299156921402,0.15823967195417887,15
5,trat_est,3501,0.1916595258497572,0.39360659547421645,15
5,var171,617,0.03079416531604538,0.17275961535767972,15
5,tv_l_esu,7903,0.012906491205871189,0.11287122614122677,15
5,tvp_orig,13294,0.1999398224763051,0.3999548597835119,15
5,tv_l_ein,3553,0.8119898677174219,0.3907202611097428,15
5,tvp_prox,5336,0.8386431784107946,0.36785975278064165,15
5,tv_l_svc,8977,0.006015372618915005,0.0773252087690076,15
5,tv_l_vre,9461,0.008984251136243526,0.0943585415728986,15
5,tv_l_vrn,9413,0.007330287899713163,0.0853027243352783,15
5,tv_l_vca,11756,0.037087444709084726,0.1889760994253911,15
5,tv_l_yug,11803,0.015504532745912056,0.12354813721883061,15
5,tv_l_ova,11818,0.005500084616686411,0.07395832397976376,15
5,tv_l_sup,11811,0.006519346372026077,0.08047884501474674,15
5,tv_l_pul,11819,0.0033843810813097555,0.05807690630540016,15
5,tv_l_ove,9436,0.03327681220856295,0.17935848454366182,15
5,fr_antfa,10153,0.1296168620112282,0.33588142415678546,15
5,fr_tvs_a,7848,0.048674821610601424,0.215187321540507,15
5,fr_viaje,239,0.02092050209205021,0.14311825419654453,15
5,fr_estro,174,0.07471264367816093,0.2629271088206408,15
5,fr_varic,509,0.17288801571709234,0.3781504326832098,15
5,fr_antec,63,0.06349206349206349,0.24384589675773355,15
5,ana_dime,938,1.5980810234541578,0.5631511117558711,15
5,ana_crea,453,0.9359823399558499,0.24478439338859362,15
5,ana_trop,9324,0.8978978978978979,0.3027825339223417,15
5,peso,6,88.66666666666667,12.618328820498467,15
5,tension_,624,131.25801282051282,20.86715689970147,15
5,ana_hemo,33,13.903030303030302,2.3028947328518683,15
5,ana_plaq,24,224.25,74.91564700826301,15
5,ana_leuc,70,8.49642857142857,2.7874863411397763,15
5,ana_neu,11924,6.8658562562898355,3.392089404256554,15
5,protcrea,13717,17.93055012028869,33.38739126079396,15
5,splanchnic,8906,0.009656411408039524,0.09779143687848238,15
1,raza,8486,2.9234032524157434,0.617924204240278,16
1,ant_inf,3459,0.03006649320612894,0.1707703112148442,16
1,ant_isq,3464,0.034064665127020784,0.18139532440723144,16
1,ant_clau,3473,0.021883098186006335,0.14630183935886773,16
1,fum_act,3566,0.1982613572630398,0.39869009453365795,16
1,diabetes,3442,0.09122603137710633,0.28793027380997915,16
1,hip_art,3343,0.34160933293449,0.4742492979294147,16
1,insf_car,98,0.02040816326530612,0.14139190265868384,16
1,fibr_aur,7354,0.025292357900462335,0.15701163820652675,16
1,trat_est,3501,0.17680662667809197,0.3815049717117796,16
1,var171,617,0.03889789303079417,0.19335161480721866,16
1,tv_l_esu,7903,0.03808680248007086,0.19140584619314774,16
1,tvp_orig,13294,0.1656386339702121,0.37175593728506107,16
1,tv_l_ein,3553,0.810582606248241,0.391839820202146,16
1,tvp_prox,5336,0.848575712143928,0.3584619546107417,16
1,tv_l_svc,8977,0.009357246296090008,0.09627922017675629,16
1,tv_l_vre,9461,0.009301342352816827,0.09599389242682331,16
1,tv_l_vrn,9413,0.007117815786677998,0.08406635762958281,16
1,tv_l_vca,11756,0.04040489962572304,0.19690694175665388,16
1,tv_l_yug,11803,0.01872405320681183,0.13554874783014526,16
1,tv_l_ova,11818,0.006177018107970892,0.07835089377451092,16
1,tv_l_sup,11811,0.002032004064008128,0.045031933375017145,16
1,tv_l_pul,11819,0.0024536762839495727,0.049473788581865824,16
1,tv_l_ove,9436,0.03391267486222976,0.18100443460290816,16
1,fr_antfa,10153,0.13670836206047474,0.3435392056275628,16
1,fr_tvs_a,7848,0.04396024464831804,0.20500668657089716,16
1,fr_viaje,239,0.02092050209205021,0.14311825419654453,16
1,fr_estro,174,0.04597701149425287,0.2094352546929724,16
1,fr_varic,509,0.2180746561886051,0.41293837375185516,16
1,fr_antec,63,0.015873015873015872,0.12498425196844144,16
1,ana_dime,938,1.6236673773987207,0.5286610437419307,16
1,ana_crea,453,0.9249448123620309,0.2634803720329056,16
1,ana_trop,9324,0.8834191334191335,0.3209201896548747,16
1,peso,6,83.66666666666667,18.499249234015476,16
1,tension_,624,130.78846153846155,20.185362053301883,16
1,ana_hemo,33,13.636363636363637,1.3336707562027494,16
1,ana_plaq,24,220.04166666666666,78.02268856272228,16
1,ana_leuc,70,8.857285714285716,2.9458042420794124,16
1,ana_neu,11924,6.645002515934251,3.3556079486123997,16
1,protcrea,13717,22.063149668294816,36.91934751982912,16
1,splanchnic,8906,0.00864585672580283,0.09258026726727311,16
2,raza,8486,2.909026632099929,0.6409110517020796,16
2,ant_inf,3459,0.029488291413703384,0.1691707187524008,16
2,ant_isq,3464,0.04301385681293302,0.20288830655069678,16
2,ant_clau,3473,0.021595162683558884,0.14535753035955695,16
2,fum_act,3566,0.2058328659562535,0.4043089131449967,16
2,diabetes,3442,0.09907030796048809,0.29875639246901836,16
2,hip_art,3343,0.31468740652108884,0.4643912603593222,16
2,insf_car,98,0.04081632653061224,0.19786448397617667,16
2,fibr_aur,7354,0.025972259994560782,0.15905251241440896,16
2,trat_est,3501,0.16795201371036847,0.3738236680588866,16
2,var171,617,0.04862236628849271,0.21507726933593044,16
2,tv_l_esu,7903,0.02492724281918259,0.15590341684714965,16
2,tvp_orig,13294,0.12396569881149391,0.32954241658650246,16
2,tv_l_ein,3553,0.8238108640585421,0.38098100256792383,16
2,tvp_prox,5336,0.8510119940029985,0.3560766491445893,16
2,tv_l_svc,8977,0.008020496825220007,0.0891973567764014,16
2,tv_l_vre,9461,0.004544974104217313,0.067263045683416,16
2,tv_l_vrn,9413,0.007117815786677998,0.08406635762958281,16
2,tv_l_vca,11756,0.04550867642055121,0.20841697817356622,16
2,tv_l_yug,11803,0.02228247055833263,0.14760068449756478,16
2,tv_l_ova,11818,0.00558470130309697,0.07452189218244636,16
2,tv_l_sup,11811,0.004572009144018288,0.0674618846194301,16
2,tv_l_pul,11819,0.0032997715542770114,0.0573487843111482,16
2,tv_l_ove,9436,0.039317507418397624,0.19434927586384745,16
2,fr_antfa,10153,0.13316261203585147,0.33975039483662234,16
2,fr_tvs_a,7848,0.05530071355759429,0.2285662806225258,16
2,fr_viaje,239,0.03347280334728033,0.1798676590812107,16
2,fr_estro,174,0.05747126436781609,0.23274088196915615,16
2,fr_varic,509,0.18271119842829076,0.38642957495148905,16
2,fr_antec,63,0.06349206349206349,0.24384589675773355,16
2,ana_dime,938,1.591684434968017,0.5661141425369368,16
2,ana_crea,453,0.9293598233995585,0.2562228367072302,16
2,ana_trop,9324,0.8845988845988846,0.31950539583126586,16
2,peso,6,90.0,14.910846164230028,16
2,tension_,624,129.53205128205127,21.540114596210554,16
2,ana_hemo,33,13.787878787878787,1.7981063398892863,16
2,ana_plaq,24,238.0,99.31221811371785,16
2,ana_leuc,70,9.187999999999999,4.505337025604823,16
2,ana_neu,11924,6.579115229788661,3.28649811188993,16
2,protcrea,13717,10.18070438142451,22.8094991811998,16
2,splanchnic,8906,0.008533572872220974,0.09198234073046559,16
3,raza,8486,2.9171576714588734,0.589079046004141,16
3,ant_inf,3459,0.03816131830008673,0.1915855737932431,16
3,ant_isq,3464,0.04416859122401848,0.20546952760276652,16
3,ant_clau,3473,0.020731356176216527,0.1424835676396102,16
3,fum_act,3566,0.20330902972518228,0.40246051751369005,16
3,diabetes,3442,0.09616502033701337,0.2948174167185432,16
3,hip_art,3343,0.34310499551301227,0.4747462033202878,16
3,insf_car,98,0.01020408163265306,0.10049854899791943,16
3,fibr_aur,7354,0.027060103345118304,0.16225860270589604,16
3,trat_est,3501,0.1953727506426735,0.39648737552283964,16
3,var171,617,0.03241491085899514,0.17709936310726396,16
3,tv_l_esu,7903,0.017461723396178665,0.1309840128115413,16
3,tvp_orig,13294,0.17654581013991275,0.3812838667737656,16
3,tv_l_ein,3553,0.8285955530537574,0.3768619939889074,16
3,tvp_prox,5336,0.8352698650674663,0.37093681076113616,16
3,tv_l_svc,8977,0.007352122089785006,0.0854287328160842,16
3,tv_l_vre,9461,0.00718740090899482,0.08447332228087281,16
3,tv_l_vrn,9413,0.009455009030064803,0.096776091232836,16
3,tv_l_vca,11756,0.04304185096971759,0.20295134893569494,16
3,tv_l_yug,11803,0.020842158773193255,0.14285574258974074,16
3,tv_l_ova,11818,0.00524623455745473,0.07224065047065188,16
3,tv_l_sup,11811,0.00508001016002032,0.07109292269132288,16
3,tv_l_pul,11819,0.0031305525002115237,0.05586369251360801,16
3,tv_l_ove,9436,0.031581178465451464,0.174882267918119,16
3,fr_antfa,10153,0.13345809120457008,0.3400691534035434,16
3,fr_tvs_a,7848,0.04829255861365953,0.21438373864686144,16
3,fr_viaje,239,0.04184100418410042,0.2002257090210109,16
3,fr_estro,174,0.08620689655172414,0.28066932062240874,16
3,fr_varic,509,0.19646365422396855,0.3973231515944338,16
3,fr_antec,63,0.047619047619047616,0.21295885499997996,16
3,ana_dime,938,1.5767590618336886,0.5683302775870274,16
3,ana_crea,453,0.9072847682119205,0.2900329594762674,16
3,ana_trop,9324,0.8775203775203775,0.3278389308133975,16
3,peso,6,88.41666666666667,9.45346791159496,16
3,tension_,624,129.86217948717947,21.583029429447567,16
3,ana_hemo,33,14.02727272727273,1.641557414104561,16
3,ana_plaq,24,273.625,118.64471209596041,16
3,ana_leuc,70,9.332285714285716,3.5448087481871977,16
3,ana_neu,11924,6.657294532036229,3.3583622583290045,16
3,protcrea,13717,17.254903550338994,32.95209929012947,16
3,splanchnic,8906,0.011116101504603638,0.10484528502485455,16
4,raza,8486,2.8992458166391706,0.6356573268994271,16
4,ant_inf,3459,0.036715813819022836,0.18806318840918784,16
4,ant_isq,3464,0.04503464203233257,0.2073801414054688,16
4,ant_clau,3473,0.027353872732507917,0.16311234894710358,16
4,fum_act,3566,0.21200224340998317,0.4087264270867708,16
4,diabetes,3442,0.11853573503776874,0.32324141838078957,16
4,hip_art,3343,0.34789111576428355,0.47630125691264497,16
4,insf_car,98,0.01020408163265306,0.10049854899791943,16
4,fibr_aur,7354,0.020669023660592874,0.1422737330694276,16
4,trat_est,3501,0.1842330762639246,0.38767415425103535,16
4,var171,617,0.03079416531604538,0.17275961535767972,16
4,tv_l_esu,7903,0.017335189168670124,0.1305169735519352,16
4,tvp_orig,13294,0.29148488039717163,0.45444630584593615,16
4,tv_l_ein,3553,0.8218406980016887,0.3826467889709593,16
4,tvp_prox,5336,0.8483883058470765,0.35864409705027056,16
4,tv_l_svc,8977,0.007017934722067506,0.08347863986855744,16
4,tv_l_vre,9461,0.007927280414332523,0.08868167025696495,16
4,tv_l_vrn,9413,0.007542760012748327,0.08652090374087877,16
4,tv_l_vca,11756,0.04712487240558013,0.21190591970574565,16
4,tv_l_yug,11803,0.01753791408963823,0.1312643731521341,16
4,tv_l_ova,11818,0.009984768996446099,0.0994237063508181,16
4,tv_l_sup,11811,0.0036406739480145628,0.06022806190820697,16
4,tv_l_pul,11819,0.0032997715542770114,0.05734878431114819,16
4,tv_l_ove,9436,0.03168715557439593,0.1751658635293988,16
4,fr_antfa,10153,0.1259726189303654,0.3318185019105932,16
4,fr_tvs_a,7848,0.04854740061162079,0.21491986996430926,16
4,fr_viaje,239,0.029288702928870293,0.16861457472476893,16
4,fr_estro,174,0.06321839080459771,0.24335534896253022,16
4,fr_varic,509,0.17092337917485265,0.37644199769194486,16
4,fr_antec,63,0.031746031746031744,0.17532319074900413,16
4,ana_dime,938,1.6247334754797442,0.550156193530751,16
4,ana_crea,453,0.9227373068432672,0.2670078077564426,16
4,ana_trop,9324,0.8922136422136422,0.3101103978610022,16
4,peso,6,75.64999999999999,9.109290129678968,16
4,tension_,624,130.57532051282053,21.44598387242343,16
4,ana_hemo,33,14.018181818181818,1.2525016289723987,16
4,ana_plaq,24,207.5,78.39217648039461,16
4,ana_leuc,70,8.828285714285714,2.9897376719268824,16
4,ana_neu,11924,6.839360114055686,3.4233782588635795,16
4,protcrea,13717,11.498098709630385,24.414132831676593,16
4,splanchnic,8906,0.009768695261621378,0.0983527724800219,16
5,raza,8486,2.9375441904312987,0.6223599362760057,16
5,ant_inf,3459,0.03700491471523562,0.18877380910008082,16
5,ant_isq,3464,0.04157043879907621,0.19960545437720004,16
5,ant_clau,3473,0.02130722718111143,0.1444064723305847,16
5,fum_act,3566,0.1982613572630398,0.398690094533658,16
5,diabetes,3442,0.10749564206856478,0.3097423590741696,16
5,hip_art,3343,0.34400239306012564,0.47504183671444394,16
5,insf_car,98,0.01020408163265306,0.10049854899791943,16
5,fibr_aur,7354,0.021892847429970084,0.14633369626090273,16
5,trat_est,3501,0.18251928020565553,0.3862719153120829,16
5,var171,617,0.03079416531604538,0.17275961535767972,16
5,tv_l_esu,7903,0.01556370998355055,0.12377996976529959,16
5,tvp_orig,13294,0.27523694899954865,0.44663359804762615,16
5,tv_l_ein,3553,0.8122713200112581,0.39049535554014775,16
5,tvp_prox,5336,0.8506371814092953,0.3564457420328442,16
5,tv_l_svc,8977,0.006906538932828339,0.08281810582715392,16
5,tv_l_vre,9461,0.00676461262023042,0.08196860762711929,16
5,tv_l_vrn,9413,0.009879953256135133,0.0989057115630423,16
5,tv_l_vca,11756,0.03555631167063627,0.18518115555049558,16
5,tv_l_yug,11803,0.018808777429467086,0.13584920802520659,16
5,tv_l_ova,11818,0.003976984261296328,0.06293780944298691,16
5,tv_l_sup,11811,0.004656675980018627,0.06808077077145752,16
5,tv_l_pul,11819,0.003807428716473475,0.06158678594505844,16
5,tv_l_ove,9436,0.0317931326833404,0.1754489367238226,16
5,fr_antfa,10153,0.13739781345415147,0.3442668359168069,16
5,fr_tvs_a,7848,0.04752803261977574,0.2127654077501069,16
5,fr_viaje,239,0.04184100418410042,0.2002257090210109,16
5,fr_estro,174,0.09195402298850575,0.28896103655118477,16
5,fr_varic,509,0.17288801571709234,0.3781504326832098,16
5,fr_antec,63,0.031746031746031744,0.17532319074900413,16
5,ana_dime,938,1.6002132196162047,0.562775596883734,16
5,ana_crea,453,0.9205298013245033,0.27047122988956473,16
5,ana_trop,9324,0.8773058773058773,0.32808577377027837,16
5,peso,6,80.83333333333333,5.698440332426253,16
5,tension_,624,130.93269230769232,20.5490802821875,16
5,ana_hemo,33,13.345454545454544,2.2115524382948335,16
5,ana_plaq,24,267.7916666666667,132.3924025912699,16
5,ana_leuc,70,8.948571428571428,3.0756315429119763,16
5,ana_neu,11924,6.865889802079838,3.3296575743100583,16
5,protcrea,13717,18.202640956477364,34.33661299827618,16
5,splanchnic,8906,0.009544127554457668,0.09722673080836312,16
1,raza,8486,2.924228140466651,0.633002963737087,17
1,ant_inf,3459,0.028620988725065046,0.16673880091167967,17
1,ant_isq,3464,0.0355080831408776,0.18506015014729163,17
1,ant_clau,3473,0.021883098186006335,0.14630183935886773,17
1,fum_act,3566,0.2049915872125631,0.40369547481317797,17
1,diabetes,3442,0.08832074375363161,0.28376079710988433,17
1,hip_art,3343,0.3407119353873766,0.473948639065421,17
1,insf_car,98,0.02040816326530612,0.14139190265868384,17
1,fibr_aur,7354,0.026108240413380474,0.1594572049043178,17
1,trat_est,3501,0.17623536132533563,0.3810202865253555,17
1,var171,617,0.03241491085899514,0.17709936310726396,17
1,tv_l_esu,7903,0.034417309882323166,0.18229854267872606,17
1,tvp_orig,13294,0.26703776139611857,0.44241224597050677,17
1,tv_l_ein,3553,0.8156487475372924,0.38777038073857406,17
1,tvp_prox,5336,0.8275862068965517,0.37773969483114905,17
1,tv_l_svc,8977,0.0053469978834800045,0.07292741252172645,17
1,tv_l_vre,9461,0.007081703836803721,0.08385435771366637,17
1,tv_l_vrn,9413,0.00924253691702964,0.0956928023853779,17
1,tv_l_vca,11756,0.044402858115005106,0.20598845673052613,17
1,tv_l_yug,11803,0.019656019656019656,0.13881520286806423,17
1,tv_l_ova,11818,0.006261634794381452,0.07888236003114539,17
1,tv_l_sup,11811,0.008805350944035222,0.09342278490169086,17
1,tv_l_pul,11819,0.0033843810813097555,0.05807690630540016,17
1,tv_l_ove,9436,0.03836371343789741,0.19207274384761705,17
1,fr_antfa,10153,0.13365507731704915,0.3402813506856095,17
1,fr_tvs_a,7848,0.04969418960244648,0.21731239523368787,17
1,fr_viaje,239,0.04184100418410042,0.20022570902101086,17
1,fr_estro,174,0.07471264367816093,0.26292710882064085,17
1,fr_varic,509,0.22789783889980353,0.4194763568123986,17
1,fr_antec,63,0.047619047619047616,0.21295885499997996,17
1,ana_dime,938,1.6012793176972282,0.5663620343601489,17
1,ana_crea,453,0.9072847682119205,0.2900329594762674,17
1,ana_trop,9324,0.8948948948948949,0.30668880316364644,17
1,peso,6,86.5,20.678088241743563,17
1,tension_,624,130.11858974358975,21.82415241837372,17
1,ana_hemo,33,13.681818181818182,1.570071325431475,17
1,ana_plaq,24,210.95833333333334,87.4721284975328,17
1,ana_leuc,70,8.725857142857144,3.072255798900468,17
1,ana_neu,11924,7.060372358269038,3.400564456602708,17
1,protcrea,13717,18.46592286943209,34.00555067804791,17
1,splanchnic,8906,0.011452953065349204,0.10640386708871115,17
2,raza,8486,2.9151543719066697,0.6200848348607816,17
2,ant_inf,3459,0.03758311650766118,0.19018576671568443,17
2,ant_isq,3464,0.04301385681293302,0.20288830655069678,17
2,ant_clau,3473,0.03109703426432479,0.1735799778899865,17
2,fum_act,3566,0.20975883342680876,0.40713642090364877,17
2,diabetes,3442,0.10894828588030216,0.3115743200009367,17
2,hip_art,3343,0.3443015255758301,0.4751399636549068,17
2,insf_car,98,0.01020408163265306,0.10049854899791943,17
2,fibr_aur,7354,0.024884416644003263,0.15577285531276275,17
2,trat_est,3501,0.1853756069694373,0.38860197028598553,17
2,var171,617,0.019448946515397084,0.13809665091825474,17
2,tv_l_esu,7903,0.025812982411742378,0.15857702340110139,17
2,tvp_orig,13294,0.28712200992929143,0.452419010811278,17
2,tv_l_ein,3553,0.8263439347030679,0.3788134584231661,17
2,tvp_prox,5336,0.8476386806596702,0.3593707663530853,17
2,tv_l_svc,8977,0.006795143143589173,0.08215210997440849,17
2,tv_l_vre,9461,0.00687030969242152,0.08260210976211042,17
2,tv_l_vrn,9413,0.005418038882396685,0.07340765448552028,17
2,tv_l_vca,11756,0.04644436883293637,0.21044545477782728,17
2,tv_l_yug,11803,0.023299161230195712,0.15085194833400414,17
2,tv_l_ova,11818,0.006177018107970892,0.07835089377451092,17
2,tv_l_sup,11811,0.007366014732029464,0.08550880983265403,17
2,tv_l_pul,11819,0.00456891445976817,0.06743915391245275,17
2,tv_l_ove,9436,0.037727850784230604,0.19053729309359213,17
2,fr_antfa,10153,0.13001083423618634,0.33631535382345723,17
2,fr_tvs_a,7848,0.045998980632008156,0.2094828737935975,17
2,fr_viaje,239,0.058577405857740586,0.23483205356321807,17
2,fr_estro,174,0.05747126436781609,0.23274088196915615,17
2,fr_varic,509,0.18860510805500982,0.3911946079262441,17
2,fr_antec,63,0.031746031746031744,0.1753231907490041,17
2,ana_dime,938,1.5831556503198294,0.5636594747642658,17
2,ana_crea,453,0.9205298013245033,0.27047122988956473,17
2,ana_trop,9324,0.888030888030888,0.31532844770803736,17
2,peso,6,80.31666666666666,10.895016699798532,17
2,tension_,624,129.82692307692307,21.862819234753754,17
2,ana_hemo,33,13.918181818181818,2.3493976720614165,17
2,ana_plaq,24,241.41666666666666,60.198225795191746,17
2,ana_leuc,70,8.875,3.493696670944893,17
2,ana_neu,11924,6.760966118752096,3.339045125090828,17
2,protcrea,13717,17.781438506962164,31.97114649500777,17
2,splanchnic,8906,0.010779249943858073,0.10326208265624859,17
3,raza,8486,2.914565166156022,0.6452440033677606,17
3,ant_inf,3459,0.04134142815842729,0.19907866404074767,17
3,ant_isq,3464,0.045323325635103925,0.20801231162716852,17
3,ant_clau,3473,0.028793550244745177,0.16722584043457073,17
3,fum_act,3566,0.20947840717891195,0.4069363637040783,17
3,diabetes,3442,0.0979081929110982,0.2971904754058942,17
3,hip_art,3343,0.3401136703559677,0.47374714942990404,17
3,insf_car,98,0.01020408163265306,0.10049854899791943,17
3,fibr_aur,7354,0.028147946695675823,0.16539540438746544,17
3,trat_est,3501,0.18451870894030278,0.38790663179598595,17
3,var171,617,0.027552674230145867,0.163687276148494,17
3,tv_l_esu,7903,0.017208654941161583,0.13004813392078185,17
3,tvp_orig,13294,0.2747856175718369,0.4464061849341932,17
3,tv_l_ein,3553,0.8195890796509991,0.3845293489030809,17
3,tvp_prox,5336,0.8579460269865068,0.34910548801841396,17
3,tv_l_svc,8977,0.006683747354350005,0.08148051838110276,17
3,tv_l_vre,9461,0.007610189197759222,0.08690382165436415,17
3,tv_l_vrn,9413,0.005949219164984596,0.07690140412444742,17
3,tv_l_vca,11756,0.04117046614494726,0.1986843196187233,17
3,tv_l_yug,11803,0.0201643649919512,0.14056231136553843,17
3,tv_l_ova,11818,0.004061600947706888,0.06360113478113794,17
3,tv_l_sup,11811,0.004148674964016595,0.06427646116627406,17
3,tv_l_pul,11819,0.0028767239191132923,0.05355789744385503,17
3,tv_l_ove,9436,0.03857566765578635,0.19258137376365522,17
3,fr_antfa,10153,0.13808726484782824,0.34499155371497725,17
3,fr_tvs_a,7848,0.05007645259938838,0.21810273151533335,17
3,fr_viaje,239,0.04602510460251046,0.209539481599145,17
3,fr_estro,174,0.05172413793103448,0.2214695272183643,17
3,fr_varic,509,0.1905697445972495,0.39275045135733283,17
3,fr_antec,63,0.047619047619047616,0.21295885499997994,17
3,ana_dime,938,1.6023454157782515,0.545063952435348,17
3,ana_crea,453,0.9072847682119205,0.2900329594762674,17
3,ana_trop,9324,0.8760188760188761,0.3295600171099357,17
3,peso,6,75.33333333333333,15.881505666095462,17
3,tension_,624,130.30448717948718,22.49972034854336,17
3,ana_hemo,33,13.74848484848485,1.9047184174492648,17
3,ana_plaq,24,228.375,68.58499137323462,17
3,ana_leuc,70,8.949857142857141,3.7477740032707194,17
3,ana_neu,11924,6.818918986917143,3.3487352572814304,17
3,protcrea,13717,7.166621127068601,17.510255100584367,17
3,splanchnic,8906,0.0136986301369863,0.11623673115395301,17
4,raza,8486,2.933419750176762,0.6284351423359257,17
4,ant_inf,3459,0.03498120844174617,0.1837322059348912,17
4,ant_isq,3464,0.046189376443418015,0.20989501648963999,17
4,ant_clau,3473,0.023610711200691047,0.15183295267262836,17
4,fum_act,3566,0.19882220975883344,0.3991139419582432,17
4,diabetes,3442,0.10778617083091226,0.3101101614080417,17
4,hip_art,3343,0.3532755010469638,0.477987365321491,17
4,insf_car,98,0.01020408163265306,0.10049854899791943,17
4,fibr_aur,7354,0.026652162088659233,0.1610646588940574,17
4,trat_est,3501,0.17566409597257926,0.38053412640486756,17
4,var171,617,0.04700162074554295,0.2116423123877527,17
4,tv_l_esu,7903,0.012906491205871189,0.11287122614122677,17
4,tvp_orig,13294,0.2556792537987062,0.4362423328559975,17
4,tv_l_ein,3553,0.8162116521249648,0.3873114909996864,17
4,tvp_prox,5336,0.8489505247376312,0.3580970975661934,17
4,tv_l_svc,8977,0.007797705246741673,0.08795965574981868,17
4,tv_l_vre,9461,0.0069760067646126205,0.08323065597622488,17
4,tv_l_vrn,9413,0.008923828747476893,0.09404357515515135,17
4,tv_l_vca,11756,0.03878870364069412,0.19309101509539103,17
4,tv_l_yug,11803,0.01872405320681183,0.13554874783014523,17
4,tv_l_ova,11818,0.003976984261296328,0.06293780944298691,17
4,tv_l_sup,11811,0.0072813478960291255,0.08501958520744571,17
4,tv_l_pul,11819,0.0032997715542770114,0.0573487843111482,17
4,tv_l_ove,9436,0.040377278507842305,0.1968424595663813,17
4,fr_antfa,10153,0.12577563281788634,0.3315963253824544,17
4,fr_tvs_a,7848,0.04956676860346585,0.21704816067793875,17
4,fr_viaje,239,0.029288702928870293,0.16861457472476893,17
4,fr_estro,174,0.09770114942528736,0.29691014604803423,17
4,fr_varic,509,0.17681728880157171,0.38151400391392354,17
4,fr_antec,63,0.047619047619047616,0.21295885499997996,17
4,ana_dime,938,1.5458422174840085,0.5753730454374607,17
4,ana_crea,453,0.9293598233995585,0.2562228367072302,17
4,ana_trop,9324,0.8739811239811239,0.33187063579927517,17
4,peso,6,81.75,13.539294664051004,17
4,tension_,624,130.31570512820514,20.687959697028393,17
4,ana_hemo,33,13.881818181818183,2.1327822979803894,17
4,ana_plaq,24,221.625,77.74092256763272,17
4,ana_leuc,70,9.148142857142858,3.536885753983961,17
4,ana_neu,11924,6.4730140892318015,3.3094321010411485,17
4,protcrea,13717,19.59379878982285,35.248128321675225,17
4,splanchnic,8906,0.014933752526386705,0.12128782116052435,17
5,raza,8486,2.9143294838557625,0.6143386019426146,17
5,ant_inf,3459,0.03845041919629951,0.19228100389775465,17
5,ant_isq,3464,0.04070438799076213,0.19760450599381488,17
5,ant_clau,3473,0.02418658220558595,0.1536280945881917,17
5,fum_act,3566,0.20443073471676948,0.4032850225584026,17
5,diabetes,3442,0.11127251597908193,0.31446930401355055,17
5,hip_art,3343,0.33772061023033206,0.47293276441369986,17
5,insf_car,98,0.04081632653061224,0.19786448397617667,17
5,fibr_aur,7354,0.023252651618166986,0.15070489643966825,17
5,trat_est,3501,0.18337617823479005,0.38697461866483257,17
5,var171,617,0.04213938411669368,0.20090708405369737,17
5,tv_l_esu,7903,0.011514614703277236,0.1066865893705123,17
5,tvp_orig,13294,0.26756431472844894,0.4426891146305096,17
5,tv_l_ein,3553,0.8170560090064733,0.38662059845911867,17
5,tvp_prox,5336,0.837143928035982,0.3692343047286757,17
5,tv_l_svc,8977,0.008800267349894173,0.09339605261714523,17
5,tv_l_vre,9461,0.006658915548039319,0.08133003376221727,17
5,tv_l_vrn,9413,0.008286412408371401,0.09065179412328137,17
5,tv_l_vca,11756,0.04142565498468867,0.19927260246651624,17
5,tv_l_yug,11803,0.023553333898161485,0.1516528086137649,17
5,tv_l_ova,11818,0.0029615840243696055,0.05433979245853082,17
5,tv_l_sup,11811,0.006180679028024723,0.07837396401087071,17
5,tv_l_pul,11819,0.005499619257128352,0.07395521242721824,17
5,tv_l_ove,9436,0.0317931326833404,0.1754489367238226,17
5,fr_antfa,10153,0.1284349453363538,0.33457347496895445,17
5,fr_tvs_a,7848,0.046508664627930685,0.21058397076334506,17
5,fr_viaje,239,0.02092050209205021,0.14311825419654453,17
5,fr_estro,174,0.08045977011494253,0.2720036681884881,17
5,fr_varic,509,0.18860510805500982,0.3911946079262441,17
5,fr_antec,63,0.047619047619047616,0.21295885499997996,17
5,ana_dime,938,1.5852878464818763,0.563340792872419,17
5,ana_crea,453,0.9426048565121413,0.23259608980347635,17
5,ana_trop,9324,0.8832046332046332,0.32117628973898826,17
5,peso,6,86.33333333333333,17.317300277147385,17
5,tension_,624,128.82371794871796,20.788873417569533,17
5,ana_hemo,33,13.896969696969697,3.0214871763185562,17
5,ana_plaq,24,226.5,93.14504817756014,17
5,ana_leuc,70,9.072571428571427,3.861803311450045,17
5,ana_neu,11924,6.780209661187521,3.2817449585266494,17
5,protcrea,13717,19.123702996281988,34.619004767890075,17
5,splanchnic,8906,0.01571973950145969,0.12438902399916942,17
1,raza,8486,2.9122083431534294,0.616337705940884,18
1,ant_inf,3459,0.030355594102341718,0.17156378408345857,18
1,ant_isq,3464,0.03521939953810624,0.1843339182957968,18
1,ant_clau,3473,0.015260581629714944,0.12258750457545724,18
1,fum_act,3566,0.21003925967470555,0.40733618679170547,18
1,diabetes,3442,0.09325973271353864,0.2907960711009315,18
1,hip_art,3343,0.323960514507927,0.4679851488537711,18
1,insf_car,98,0.04081632653061224,0.19786448397617665,18
1,fibr_aur,7354,0.019989121566494426,0.13996269712139137,18
1,trat_est,3501,0.16938017709225936,0.37508736675667204,18
1,var171,617,0.024311183144246355,0.1540134718729932,18
1,tv_l_esu,7903,0.03897254207263064,0.19352954047645463,18
1,tvp_orig,13294,0.24326763953663308,0.4290553520128933,18
1,tv_l_ein,3553,0.8209963411201802,0.38335538210315634,18
1,tvp_prox,5336,0.8519490254872564,0.3551505081772664,18
1,tv_l_svc,8977,0.007240726300545839,0.08478383208599634,18
1,tv_l_vre,9461,0.007293097981185921,0.08508765305861213,18
1,tv_l_vrn,9413,0.00669287156060767,0.08153574081886349,18
1,tv_l_vca,11756,0.04151071793126914,0.19946823864490243,18
1,tv_l_yug,11803,0.02160467677709057,0.14538883973141825,18
1,tv_l_ova,11818,0.004400067693349129,0.06618691031951163,18
1,tv_l_sup,11811,0.004995343324019981,0.07050099197241944,18
1,tv_l_pul,11819,0.0024536762839495727,0.049473788581865824,18
1,tv_l_ove,9436,0.037091988130563795,0.18898722852903554,18
1,fr_antfa,10153,0.12557864670540728,0.33137388279260294,18
1,fr_tvs_a,7848,0.052497451580020386,0.22302795600019248,18
1,fr_viaje,239,0.04184100418410042,0.20022570902101086,18
1,fr_estro,174,0.06321839080459771,0.24335534896253022,18
1,fr_varic,509,0.18271119842829076,0.3864295749514891,18
1,fr_antec,63,0.06349206349206349,0.24384589675773355,18
1,ana_dime,938,1.5639658848614073,0.5865060860963465,18
1,ana_crea,453,0.9205298013245033,0.27047122988956473,18
1,ana_trop,9324,0.8729086229086229,0.33307530523951256,18
1,peso,6,79.5,20.12254125767088,18
1,tension_,624,129.75320512820514,20.49241548210595,18
1,ana_hemo,33,13.833333333333334,1.8256865320014037,18
1,ana_plaq,24,230.41666666666666,88.57996230650711,18
1,ana_leuc,70,8.819857142857142,2.598270024929853,18
1,ana_neu,11924,6.54380325394163,3.4209284942885567,18
1,protcrea,13717,16.529103448275862,31.683688049891277,18
1,splanchnic,8906,0.010779249943858073,0.10326208265624857,18
2,raza,8486,2.9168041480084845,0.6276735162107693,18
2,ant_inf,3459,0.03469210754553339,0.18299881207150645,18
2,ant_isq,3464,0.0378175519630485,0.19075477641875868,18
2,ant_clau,3473,0.021019291678663978,0.1434485310346231,18
2,fum_act,3566,0.20779584969153111,0.4057298787894548,18
2,diabetes,3442,0.10488088320743753,0.3063998752367001,18
2,hip_art,3343,0.3374214777146276,0.4728300160644464,18
2,insf_car,98,0.030612244897959183,0.17226472465442993,18
2,fibr_aur,7354,0.026652162088659233,0.1610646588940574,18
2,trat_est,3501,0.18223364752927734,0.38603697392536435,18
2,var171,617,0.03565640194489465,0.18543199008056505,18
2,tv_l_esu,7903,0.023661900544097177,0.1519934702766485,18
2,tvp_orig,13294,0.2618474499774334,0.4396400378920793,18
2,tv_l_ein,3553,0.8173374613003096,0.38638961639189334,18
2,tvp_prox,5336,0.8350824587706147,0.3711061112730957,18
2,tv_l_svc,8977,0.007017934722067506,0.08347863986855744,18
2,tv_l_vre,9461,0.006658915548039319,0.08133003376221727,18
2,tv_l_vrn,9413,0.004780622543291193,0.06897657712143862,18
2,tv_l_vca,11756,0.039979584892820684,0.19591124951012495,18
2,tv_l_yug,11803,0.01753791408963823,0.1312643731521341,18
2,tv_l_ova,11818,0.00558470130309697,0.07452189218244636,18
2,tv_l_sup,11811,0.006519346372026077,0.08047884501474672,18
2,tv_l_pul,11819,0.0032151620272442677,0.056611171692368574,18
2,tv_l_ove,9436,0.028189910979228485,0.16551507453465275,18
2,fr_antfa,10153,0.13621589677927706,0.3430176762849028,18
2,fr_tvs_a,7848,0.0517329255861366,0.22148731339838823,18
2,fr_viaje,239,0.07112970711297072,0.2570413816469903,18
2,fr_estro,174,0.05747126436781609,0.23274088196915615,18
2,fr_varic,509,0.21611001964636542,0.41159018338003756,18
2,fr_antec,63,0.015873015873015872,0.12498425196844144,18
2,ana_dime,938,1.5991471215351811,0.566739183795395,18
2,ana_crea,453,0.9448123620309051,0.2283461464191744,18
2,ana_trop,9324,0.8736593736593736,0.33223285881514575,18
2,peso,6,88.03333333333335,8.012836923060119,18
2,tension_,624,128.61217948717947,21.209960296112204,18
2,ana_hemo,33,14.045454545454547,1.7470478838715169,18
2,ana_plaq,24,262.3333333333333,157.50308638951245,18
2,ana_leuc,70,8.247714285714286,2.4529831234808026,18
2,ana_neu,11924,7.391681482723919,3.4027595110477784,18
2,protcrea,13717,17.346010060508856,32.69617372080324,18
2,splanchnic,8906,0.013249494722658881,0.11434135565163252,18
3,raza,8486,2.9126797077539477,0.6322594582607511,18
3,ant_inf,3459,0.032379300375831165,0.17700531427898672,18
3,ant_isq,3464,0.04041570438799076,0.19693215894518934,18
3,ant_clau,3473,0.027065937230060465,0.16227560590525889,18
3,fum_act,3566,0.20751542344363433,0.4055277702903261,18
3,diabetes,3442,0.10371876815804765,0.3048953677736427,18
3,hip_art,3343,0.3457971881543524,0.47562747273354145,18
3,insf_car,98,0.01020408163265306,0.10049854899791943,18
3,fibr_aur,7354,0.020261082404133806,0.14089205422573234,18
3,trat_est,3501,0.17652099400171378,0.3812628131333565,18
3,var171,617,0.03079416531604538,0.17275961535767972,18
3,tv_l_esu,7903,0.02163735290396052,0.14549631563469226,18
3,tvp_orig,13294,0.22243117195727397,0.41587924413101873,18
3,tv_l_ein,3553,0.8088938924852238,0.3931724344169196,18
3,tvp_prox,5336,0.8418290854572713,0.3649011870841824,18
3,tv_l_svc,8977,0.007797705246741673,0.08795965574981868,18
3,tv_l_vre,9461,0.00687030969242152,0.08260210976211042,18
3,tv_l_vrn,9413,0.0055242749389142675,0.07411988481719027,18
3,tv_l_vca,11756,0.038703640694113646,0.19288771057569892,18
3,tv_l_yug,11803,0.0189782258747776,0.13644798575802983,18
3,tv_l_ova,11818,0.0058385513623286514,0.07618702435663242,18
3,tv_l_sup,11811,0.0024553382440098215,0.049490499675365215,18
3,tv_l_pul,11819,0.0032997715542770114,0.0573487843111482,18
3,tv_l_ove,9436,0.03338278931750742,0.17963401319040426,18
3,fr_antfa,10153,0.136018910666798,0.3428086443014756,18
3,fr_tvs_a,7848,0.04829255861365953,0.21438373864686144,18
3,fr_viaje,239,0.016736401673640166,0.12828208967996566,18
3,fr_estro,174,0.06321839080459771,0.24335534896253022,18
3,fr_varic,509,0.2043222003929273,0.4032054548484182,18
3,fr_antec,63,0.031746031746031744,0.1753231907490041,18
3,ana_dime,938,1.6012793176972282,0.5452630522803195,18
3,ana_crea,453,0.9161147902869757,0.27721558633025345,18
3,ana_trop,9324,0.8780566280566281,0.32722039359192207,18
3,peso,6,79.33333333333333,12.1472447721924,18
3,tension_,624,129.83814102564102,20.86628108427096,18
3,ana_hemo,33,13.193939393939393,2.0858744832715295,18
3,ana_plaq,24,228.95833333333334,84.07213131525148,18
3,ana_leuc,70,8.874285714285714,2.853339182395938,18
3,ana_neu,11924,6.6502809459912795,3.3573765831178477,18
3,protcrea,13717,16.27312692279653,32.220725543522406,18
3,splanchnic,8906,0.015158320233550416,0.12218242738318613,18
4,raza,8486,2.9181004006599105,0.6493420026065777,18
4,ant_inf,3459,0.03758311650766118,0.19018576671568443,18
4,ant_isq,3464,0.048787528868360276,0.2154235500015706,18
4,ant_clau,3473,0.025338324215375754,0.1571505441967423,18
4,fum_act,3566,0.20835670218732474,0.40613321317142637,18
4,diabetes,3442,0.11098198721673445,0.31410983068054243,18
4,hip_art,3343,0.34101106790308106,0.47404906863180446,18
4,insf_car,98,0.02040816326530612,0.14139190265868387,18
4,fibr_aur,7354,0.021212945335871633,0.1440935678163635,18
4,trat_est,3501,0.18080548414738645,0.38485693582111213,18
4,var171,617,0.04862236628849271,0.21507726933593044,18
4,tv_l_esu,7903,0.0169555864861445,0.12910497501279866,18
4,tvp_orig,13294,0.21573642244621632,0.41133224828151266,18
4,tv_l_ein,3553,0.8114269631297495,0.39116907678877383,18
4,tvp_prox,5336,0.8564467766116941,0.35063612968878866,18
4,tv_l_svc,8977,0.00824328840369834,0.09041756798317346,18
4,tv_l_vre,9461,0.006024733114892718,0.07738498372285824,18
4,tv_l_vrn,9413,0.0061616912780197595,0.07825423208117334,18
4,tv_l_vca,11756,0.03317454916638312,0.17909215073249402,18
4,tv_l_yug,11803,0.02228247055833263,0.14760068449756478,18
4,tv_l_ova,11818,0.007784735149771535,0.08788704710262739,18
4,tv_l_sup,11811,0.0033866734400135466,0.05809650491229445,18
4,tv_l_pul,11819,0.0021152381758185973,0.04594305108803895,18
4,tv_l_ove,9436,0.035502331496396776,0.18504571314871554,18
4,fr_antfa,10153,0.12685905643652123,0.3328150180453952,18
4,fr_tvs_a,7848,0.046126401630988786,0.20975880602150052,18
4,fr_viaje,239,0.06694560669456066,0.24992777444465406,18
4,fr_estro,174,0.08620689655172414,0.28066932062240874,18
4,fr_varic,509,0.1787819253438114,0.38316960802518146,18
4,fr_antec,63,0.015873015873015872,0.12498425196844144,18
4,ana_dime,938,1.5788912579957357,0.5717795202100892,18
4,ana_crea,453,0.9293598233995585,0.2562228367072302,18
4,ana_trop,9324,0.8857786357786358,0.3180799336279714,18
4,peso,6,80.5,16.357974609753292,18
4,tension_,624,130.07692307692307,20.192753352835314,18
4,ana_hemo,33,14.012121212121212,1.5483632757826793,18
4,ana_plaq,24,232.54166666666666,93.86114707670876,18
4,ana_leuc,70,9.032285714285715,2.91520701123734,18
4,ana_neu,11924,6.5655207983898025,3.320054636066671,18
4,protcrea,13717,20.428731063643653,34.5716939805959,18
4,splanchnic,8906,0.0159443072086234,0.1252600745499556,18
5,raza,8486,2.922578364364836,0.6621063868249519,18
5,ant_inf,3459,0.04481063891298063,0.20688800243897928,18
5,ant_isq,3464,0.04416859122401848,0.20546952760276652,18
5,ant_clau,3473,0.02764180823495537,0.16394431576744992,18
5,fum_act,3566,0.19798093101514302,0.39847770573712177,18
5,diabetes,3442,0.11853573503776874,0.32324141838078957,18
5,hip_art,3343,0.3368232126832187,0.47262388437421765,18
5,insf_car,98,0.01020408163265306,0.10049854899791943,18
5,fibr_aur,7354,0.024340494968724504,0.15410397552757035,18
5,trat_est,3501,0.19480148528991717,0.3960478085013972,18
5,var171,617,0.03403565640194489,0.18132079443691404,18
5,tv_l_esu,7903,0.01556370998355055,0.12377996976529959,18
5,tvp_orig,13294,0.19738227771927186,0.39802325831743063,18
5,tv_l_ein,3553,0.8128342245989305,0.3900445460708122,18
5,tvp_prox,5336,0.842391304347826,0.3643737019969942,18
5,tv_l_svc,8977,0.007797705246741673,0.08795965574981868,18
5,tv_l_vre,9461,0.009089948208434626,0.09490690728288746,18
5,tv_l_vrn,9413,0.006905343673642835,0.08281098901952393,18
5,tv_l_vca,11756,0.03878870364069412,0.193091015095391,18
5,tv_l_yug,11803,0.014572566296704227,0.11983407949424232,18
5,tv_l_ova,11818,0.0035539008292435267,0.059508576004971156,18
5,tv_l_sup,11811,0.004741342816018965,0.06869397706000105,18
5,tv_l_pul,11819,0.0010153143243929266,0.03184781721273232,18
5,tv_l_ove,9436,0.03232301822806274,0.17685655407897966,18
5,fr_antfa,10153,0.1281394661676352,0.3342450349338172,18
5,fr_tvs_a,7848,0.04294087665647299,0.20272384607748184,18
5,fr_viaje,239,0.04602510460251046,0.209539481599145,18
5,fr_estro,174,0.08620689655172414,0.28066932062240874,18
5,fr_varic,509,0.2082514734774067,0.4060576280183586,18
5,fr_antec,63,0.047619047619047616,0.21295885499997996,18
5,ana_dime,938,1.6300639658848615,0.556634913216904,18
5,ana_crea,453,0.9161147902869757,0.27721558633025345,18
5,ana_trop,9324,0.8821321321321322,0.3224515988364001,18
5,peso,6,80.66666666666667,25.289435651187542,18
5,tension_,624,130.94871794871796,20.232081300275556,18
5,ana_hemo,33,13.554545454545455,2.0578145083957855,18
5,ana_plaq,24,233.08333333333334,74.72388990291005,18
5,ana_leuc,70,9.02114285714286,3.3043354823007665,18
5,ana_neu,11924,6.708118081180812,3.3715924536352357,18
5,protcrea,13717,17.373503535758548,32.18809042354285,18
5,splanchnic,8906,0.0136986301369863,0.11623673115395301,18
1,raza,8486,2.9269384869196324,0.653017602658117,19
1,ant_inf,3459,0.031222896790980052,0.1739196006980233,19
1,ant_isq,3464,0.0378175519630485,0.19075477641875868,19
1,ant_clau,3473,0.019291678663979267,0.1375482089970823,19
1,fum_act,3566,0.1960179472798654,0.3969822560569342,19
1,diabetes,3442,0.0979081929110982,0.2971904754058942,19
1,hip_art,3343,0.32515704457074485,0.4684334968133294,19
1,insf_car,98,0.02040816326530612,0.14139190265868384,19
1,fibr_aur,7354,0.024476475387544192,0.1545230647513411,19
1,trat_est,3501,0.17994858611825193,0.38414462442196684,19
1,var171,617,0.03889789303079417,0.19335161480721866,19
1,tv_l_esu,7903,0.040997089712767304,0.1982834545489124,19
1,tvp_orig,13294,0.2639536633067549,0.4407744626605529,19
1,tv_l_ein,3553,0.8024204897269913,0.398173137458175,19
1,tvp_prox,5336,0.8401424287856072,0.36647391194985235,19
1,tv_l_svc,8977,0.0042330399910883365,0.06492396601812142,19
1,tv_l_vre,9461,0.009724130641581228,0.098130382271989,19
1,tv_l_vrn,9413,0.006799107617125252,0.08217590737397429,19
1,tv_l_vca,11756,0.04372235454236135,0.20447667411133574,19
1,tv_l_yug,11803,0.021519952554435312,0.14510976602727388,19
1,tv_l_ova,11818,0.0058385513623286514,0.07618702435663244,19
1,tv_l_sup,11811,0.006604013208026416,0.08099629755473163,19
1,tv_l_pul,11819,0.003722819189440731,0.060901229927838585,19
1,tv_l_ove,9436,0.03370072064434082,0.1804577016156222,19
1,fr_antfa,10153,0.13641288289175613,0.3432264679084586,19
1,fr_tvs_a,7848,0.04892966360856269,0.21572100414126485,19
1,fr_viaje,239,0.02510460251046025,0.15644283762209132,19
1,fr_estro,174,0.08045977011494253,0.2720036681884881,19
1,fr_varic,509,0.1944990176817289,0.3958145396553434,19
1,fr_antec,63,0.047619047619047616,0.21295885499997996,19
1,ana_dime,938,1.572494669509595,0.5688899549899175,19
1,ana_crea,453,0.9293598233995585,0.2562228367072302,19
1,ana_trop,9324,0.8833118833118833,0.3210482831474063,19
1,peso,6,80.16666666666667,10.155731824388083,19
1,tension_,624,129.80448717948718,21.348157438501957,19
1,ana_hemo,33,14.003030303030304,1.6349376502771742,19
1,ana_plaq,24,220.125,68.11651323284245,19
1,ana_leuc,70,8.267714285714284,2.957481636908852,19
1,ana_neu,11924,6.666291512915129,3.405617744496399,19
1,protcrea,13717,12.4041096449661,25.394475493283895,19
1,splanchnic,8906,0.012014372333258477,0.10894965438539173,19
2,raza,8486,2.9171576714588734,0.61911969495492,19
2,ant_inf,3459,0.043654235328129516,0.20432460220454562,19
2,ant_isq,3464,0.043591224018475754,0.20418381230412663,19
2,ant_clau,3473,0.02418658220558595,0.15362809458819174,19
2,fum_act,3566,0.213684800897364,0.4099068269287765,19
2,diabetes,3442,0.10981987216734457,0.31266510493576455,19
2,hip_art,3343,0.34699371821717023,0.4760137369183722,19
2,insf_car,98,0.02040816326530612,0.14139190265868387,19
2,fibr_aur,7354,0.027468044601577372,0.1634428068999769,19
2,trat_est,3501,0.19480148528991717,0.39604780850139715,19
2,var171,617,0.03079416531604538,0.17275961535767972,19
2,tv_l_esu,7903,0.024421105909148425,0.15435256880053075,19
2,tvp_orig,13294,0.2959981946742892,0.4564901569846285,19
2,tv_l_ein,3553,0.8257810301153954,0.3792976672970081,19
2,tvp_prox,5336,0.8465142428785607,0.36045510050809076,19
2,tv_l_svc,8977,0.005124206305001671,0.07139992167184395,19
2,tv_l_vre,9461,0.006658915548039319,0.08133003376221726,19
2,tv_l_vrn,9413,0.008073940295336236,0.0894916296836949,19
2,tv_l_vca,11756,0.04627424293977543,0.21007840769609348,19
2,tv_l_yug,11803,0.015928153859188342,0.12519763485715843,19
2,tv_l_ova,11818,0.0033000507700118465,0.05735120255868389,19
2,tv_l_sup,11811,0.004995343324019981,0.07050099197241944,19
2,tv_l_pul,11819,0.007699466959979694,0.08740815275769119,19
2,tv_l_ove,9436,0.0321110640101738,0.176295046947747,19
2,fr_antfa,10153,0.12291933418693982,0.3283445925700304,19
2,fr_tvs_a,7848,0.04841997961264016,0.21465200951063024,19
2,fr_viaje,239,0.03765690376569038,0.19036507390924395,19
2,fr_estro,174,0.10344827586206896,0.30454347814923616,19
2,fr_varic,509,0.21414538310412573,0.4102281535917702,19
2,fr_antec,63,0.031746031746031744,0.17532319074900413,19
2,ana_dime,938,1.5650319829424306,0.5753769961307558,19
2,ana_crea,453,0.9139072847682119,0.2805009084046009,19
2,ana_trop,9324,0.8647576147576148,0.34198228386326607,19
2,peso,6,89.33333333333333,15.90248058916875,19
2,tension_,624,130.9278846153846,21.53812045431623,19
2,ana_hemo,33,14.193939393939395,1.7503141525710582,19
2,ana_plaq,24,217.70833333333334,110.06796353718107,19
2,ana_leuc,70,8.668285714285714,3.558137944579027,19
2,ana_neu,11924,6.61310130828581,3.323631693567552,19
2,protcrea,13717,27.280833709994898,43.84154115864595,19
2,splanchnic,8906,0.011902088479676623,0.10844551060093993,19
3,raza,8486,2.9196323356115954,0.5818762120075844,19
3,ant_inf,3459,0.033824804856895055,0.1807780059445507,19
3,ant_isq,3464,0.04849884526558892,0.214817846729487,19
3,ant_clau,3473,0.023322775698243592,0.15092655111667067,19
3,fum_act,3566,0.19994391475042064,0.39995792991850676,19
3,diabetes,3442,0.11243463102847182,0.31590043490625846,19
3,hip_art,3343,0.348190248279988,0.47639668269490326,19
3,insf_car,98,0.01020408163265306,0.10049854899791943,19
3,fibr_aur,7354,0.022980690780527602,0.14984184539632908,19
3,trat_est,3501,0.18109111682376464,0.3850936564412432,19
3,var171,617,0.03241491085899514,0.17709936310726396,19
3,tv_l_esu,7903,0.01999240794634949,0.13997396747558538,19
3,tvp_orig,13294,0.27944937565819167,0.44872867314496245,19
3,tv_l_ein,3553,0.8111455108359134,0.39139298803971756,19
3,tvp_prox,5336,0.8328335832083958,0.3731243839373941,19
3,tv_l_svc,8977,0.009691433663807508,0.09796688102286165,19
3,tv_l_vre,9461,0.006658915548039319,0.08133003376221726,19
3,tv_l_vrn,9413,0.006586635504090088,0.08089036862832527,19
3,tv_l_vca,11756,0.04508336168764886,0.2074869928130183,19
3,tv_l_yug,11803,0.023638058120816742,0.1519187293558422,19
3,tv_l_ova,11818,0.004653917752580809,0.06806069939497406,19
3,tv_l_sup,11811,0.005249343832020997,0.0722619417214499,19
3,tv_l_pul,11819,0.003553600135375243,0.059506067433944106,19
3,tv_l_ove,9436,0.0321110640101738,0.176295046947747,19
3,fr_antfa,10153,0.13335959814833054,0.3399629622915507,19
3,fr_tvs_a,7848,0.05071355759429154,0.21941215251307758,19
3,fr_viaje,239,0.0502092050209205,0.218376374070291,19
3,fr_estro,174,0.05747126436781609,0.23274088196915615,19
3,fr_varic,509,0.18664047151277013,0.38962264552546344,19
3,fr_antec,63,0.07936507936507936,0.27030772009406995,19
3,ana_dime,938,1.61727078891258,0.5517951062245136,19
3,ana_crea,453,0.9337748344370861,0.24867527623203425,19
3,ana_trop,9324,0.8783783783783784,0.3268482870931845,19
3,peso,6,83.16666666666667,11.639253507945524,19
3,tension_,624,128.77243589743588,21.589693866423648,19
3,ana_hemo,33,13.896969696969698,2.138604026204923,19
3,ana_plaq,24,222.75,77.32358954420054,19
3,ana_leuc,70,8.859714285714286,3.4707841729946565,19
3,ana_neu,11924,6.57759308956726,3.313678237558021,19
3,protcrea,13717,10.982894802070422,22.341997117925896,19
3,splanchnic,8906,0.012688075454749608,0.11192447541089569,19
4,raza,8486,2.909497996700448,0.6549809572649252,19
4,ant_inf,3459,0.03295750216825672,0.1785253629574411,19
4,ant_isq,3464,0.03868360277136259,0.19283978232716922,19
4,ant_clau,3473,0.027929743737402823,0.16477157871479484,19
4,fum_act,3566,0.195176668536175,0.39633664553671427,19
4,diabetes,3442,0.11011040092969204,0.3130273159594774,19
4,hip_art,3343,0.3293448997906072,0.46997535762263337,19
4,insf_car,98,0.030612244897959183,0.17226472465442993,19
4,fibr_aur,7354,0.020533043241773186,0.14181479956973694,19
4,trat_est,3501,0.17594972864895744,0.38077739118455506,19
4,var171,617,0.04376012965964344,0.20456094620385054,19
4,tv_l_esu,7903,0.016196381121093256,0.12623018006670808,19
4,tvp_orig,13294,0.2928388746803069,0.4550651251813067,19
4,tv_l_ein,3553,0.8221221502955249,0.38240988518733043,19
4,tvp_prox,5336,0.8407046476761619,0.3659512850802172,19
4,tv_l_svc,8977,0.008131892614459173,0.0898096038125438,19
4,tv_l_vre,9461,0.005601944826128316,0.0746362046214391,19
4,tv_l_vrn,9413,0.0038244980346329545,0.06172415450547737,19
4,tv_l_vca,11756,0.0315583531813542,0.1748211186494215,19
4,tv_l_yug,11803,0.01863932898415657,0.13524756707304184,19
4,tv_l_ova,11818,0.0033000507700118465,0.057351202558683895,19
4,tv_l_sup,11811,0.005334010668021336,0.07283926824326815,19
4,tv_l_pul,11819,0.002538285810982317,0.050317421596541304,19
4,tv_l_ove,9436,0.02808393387028402,0.16521267060565764,19
4,fr_antfa,10153,0.13700384122919335,0.343851404995878,19
4,fr_tvs_a,7848,0.04969418960244648,0.21731239523368787,19
4,fr_viaje,239,0.03765690376569038,0.19036507390924395,19
4,fr_estro,174,0.06321839080459771,0.24335534896253022,19
4,fr_varic,509,0.17681728880157171,0.38151400391392354,19
4,fr_antec,63,0.031746031746031744,0.17532319074900413,19
4,ana_dime,938,1.6044776119402986,0.5543597259801197,19
4,ana_crea,453,0.9050772626931567,0.2931081903478975,19
4,ana_trop,9324,0.8849206349206349,0.31911769742885665,19
4,peso,6,78.5,8.69386757049665,19
4,tension_,624,130.29967948717947,21.464675809095727,19
4,ana_hemo,33,13.960606060606061,1.6120642505316147,19
4,ana_plaq,24,237.125,89.5652985722335,19
4,ana_leuc,70,9.040285714285716,3.557634033788094,19
4,ana_neu,11924,6.503069439785308,3.3556848636207732,19
4,protcrea,13717,9.635463293723117,21.721689661112258,19
4,splanchnic,8906,0.015158320233550416,0.12218242738318613,19
5,raza,8486,2.9199858590619843,0.6202519766435071,19
5,ant_inf,3459,0.03758311650766118,0.1901857667156844,19
5,ant_isq,3464,0.03926096997690531,0.19421520592728533,19
5,ant_clau,3473,0.023898646703138498,0.15273343245307183,19
5,fum_act,3566,0.20443073471676948,0.40328502255840254,19
5,diabetes,3442,0.11011040092969204,0.31302731595947747,19
5,hip_art,3343,0.352078970984146,0.47761843471006316,19
5,insf_car,98,0.030612244897959183,0.17226472465442993,19
5,fibr_aur,7354,0.022028827848789775,0.14677724139797066,19
5,trat_est,3501,0.1893744644387318,0.3918057894637027,19
5,var171,617,0.024311183144246355,0.1540134718729932,19
5,tv_l_esu,7903,0.014677970390990763,0.1202602493602602,19
5,tvp_orig,13294,0.330525048894238,0.4704022118864872,19
5,tv_l_ein,3553,0.8240923163523782,0.38074160592368933,19
5,tvp_prox,5336,0.8332083958020989,0.37278970609043344,19
5,tv_l_svc,8977,0.010025621031525008,0.09962483603227283,19
5,tv_l_vre,9461,0.0069760067646126205,0.08323065597622488,19
5,tv_l_vrn,9413,0.006480399447572506,0.08023966519479259,19
5,tv_l_vca,11756,0.036917318815923784,0.18855882474009864,19
5,tv_l_yug,11803,0.016521223417775142,0.12746871221815614,19
5,tv_l_ova,11818,0.0029615840243696055,0.05433979245853083,19
5,tv_l_sup,11811,0.005672678012022691,0.07510325383227151,19
5,tv_l_pul,11819,0.0013537524325239023,0.0367684618508218,19
5,tv_l_ove,9436,0.03465451462484104,0.18290319636615898,19
5,fr_antfa,10153,0.13257165369841425,0.33911120644131176,19
5,fr_tvs_a,7848,0.054281345565749234,0.22657202185910105,19
5,fr_viaje,239,0.04602510460251046,0.209539481599145,19
5,fr_estro,174,0.06896551724137931,0.2533954906327426,19
5,fr_varic,509,0.16110019646365423,0.3676233441486357,19
5,fr_antec,63,0.015873015873015872,0.12498425196844144,19
5,ana_dime,938,1.603411513859275,0.5640898127045625,19
5,ana_crea,453,0.9116997792494481,0.2837310200981833,19
5,ana_trop,9324,0.8835263835263836,0.320792009157294,19
5,peso,6,71.0,13.820274961085254,19
5,tension_,624,129.48557692307693,20.565244446744106,19
5,ana_hemo,33,13.645454545454546,1.8254249665598268,19
5,ana_plaq,24,217.70833333333334,64.69317272496552,19
5,ana_leuc,70,9.283714285714284,3.5571959950133163,19
5,ana_neu,11924,6.809218383092921,3.318783048870804,19
5,protcrea,13717,27.3454915797915,41.04692101062455,19
5,splanchnic,8906,0.011116101504603638,0.10484528502485453,19
1,raza,8486,2.9171576714588734,0.6387924844644736,20
1,ant_inf,3459,0.026886383347788378,0.16175137012793478,20
1,ant_isq,3464,0.03031177829099307,0.1714437936696186,20
1,ant_clau,3473,0.019867549668874173,0.13954508281924155,20
1,fum_act,3566,0.1968592260235558,0.39762503838787916,20
1,diabetes,3442,0.0999418942475305,0.299922510028417,20
1,hip_art,3343,0.3422075979658989,0.47444868833237236,20
1,insf_car,98,0.030612244897959183,0.17226472465442993,20
1,fibr_aur,7354,0.024748436225183572,0.15535749460387033,20
1,trat_est,3501,0.17280776920879748,0.3780810020483395,20
1,var171,617,0.03241491085899514,0.17709936310726396,20
1,tv_l_esu,7903,0.039731747437681895,0.1953282767118733,20
1,tvp_orig,13294,0.25748457950955317,0.43724852295272737,20
1,tv_l_ein,3553,0.8229665071770335,0.3816970464149116,20
1,tvp_prox,5336,0.8313343328335832,0.374456352444079,20
1,tv_l_svc,8977,0.006906538932828339,0.08281810582715392,20
1,tv_l_vre,9461,0.007610189197759222,0.08690382165436415,20
1,tv_l_vrn,9413,0.007755232125783491,0.0877216535438013,20
1,tv_l_vca,11756,0.0461041170466145,0.20971058017650557,20
1,tv_l_yug,11803,0.02050326188257223,0.14171407175981818,20
1,tv_l_ova,11818,0.0075308850905398544,0.08645328715724428,20
1,tv_l_sup,11811,0.0018626703920074507,0.04311845139865519,20
1,tv_l_pul,11819,0.006684152635586767,0.08148297208086451,20
1,tv_l_ove,9436,0.027130139889783807,0.16246259692416767,20
1,fr_antfa,10153,0.14212548015364918,0.3491787909434705,20
1,fr_tvs_a,7848,0.054408766564729864,0.22682251362163014,20
1,fr_viaje,239,0.03347280334728033,0.1798676590812107,20
1,fr_estro,174,0.07471264367816093,0.2629271088206408,20
1,fr_varic,509,0.22396856581532418,0.41690124411178114,20
1,fr_antec,63,0.015873015873015872,0.12498425196844144,20
1,ana_dime,938,1.61727078891258,0.5498596576320864,20
1,ana_crea,453,0.9139072847682119,0.2805009084046009,20
1,ana_trop,9324,0.8813813813813813,0.3233392056890555,20
1,peso,6,89.83333333333333,12.902411488641269,20
1,tension_,624,128.92307692307693,20.412034051565954,20
1,ana_hemo,33,13.413333333333334,2.7131092156714987,20
1,ana_plaq,24,220.66666666666666,89.66078047594476,20
1,ana_leuc,70,8.329285714285714,2.6983499304090963,20
1,ana_neu,11924,6.7315313653136535,3.369689438740359,20
1,protcrea,13717,9.091621345775314,21.88964838865144,20
1,splanchnic,8906,0.012238940040422187,0.10995066342277861,20
2,raza,8486,2.9275276926702807,0.6309659432679502,20
2,ant_inf,3459,0.03295750216825672,0.1785253629574411,20
2,ant_isq,3464,0.04301385681293302,0.20288830655069678,20
2,ant_clau,3473,0.02130722718111143,0.1444064723305847,20
2,fum_act,3566,0.1977005047672462,0.39826500622327127,20
2,diabetes,3442,0.10342823939570017,0.3045173865171017,20
2,hip_art,3343,0.3338318875261741,0.4715804898391004,20
2,insf_car,98,0.01020408163265306,0.10049854899791943,20
2,fibr_aur,7354,0.022980690780527602,0.14984184539632908,20
2,trat_est,3501,0.17452156526706655,0.3795573586742847,20
2,var171,617,0.03241491085899514,0.17709936310726396,20
2,tv_l_esu,7903,0.03251929646969505,0.1773747214988966,20
2,tvp_orig,13294,0.2723032947194223,0.44514515655499354,20
2,tv_l_ein,3553,0.8274697438784127,0.3778406633016182,20
2,tvp_prox,5336,0.8375187406296851,0.3688917181555467,20
2,tv_l_svc,8977,0.00790910103598084,0.08858073806863143,20
2,tv_l_vre,9461,0.005601944826128316,0.0746362046214391,20
2,tv_l_vrn,9413,0.005949219164984596,0.07690140412444742,20
2,tv_l_vca,11756,0.03819326301463083,0.19166256200657986,20
2,tv_l_yug,11803,0.018893501652122342,0.13614895242874103,20
2,tv_l_ova,11818,0.005923168048739211,0.07673385256199253,20
2,tv_l_sup,11811,0.0037253407840149013,0.06092177459708357,20
2,tv_l_pul,11819,0.002961333446146036,0.054337500405951436,20
2,tv_l_ove,9436,0.0321110640101738,0.176295046947747,20
2,fr_antfa,10153,0.12154043139958633,0.3267542730168785,20
2,fr_tvs_a,7848,0.0481651376146789,0.21411505583035945,20
2,fr_viaje,239,0.04602510460251046,0.209539481599145,20
2,fr_estro,174,0.10919540229885058,0.31188421956816403,20
2,fr_varic,509,0.18860510805500982,0.3911946079262441,20
2,fr_antec,63,0.031746031746031744,0.1753231907490041,20
2,ana_dime,938,1.584221748400853,0.5691486196540284,20
2,ana_crea,453,0.9359823399558499,0.24478439338859362,20
2,ana_trop,9324,0.8784856284856285,0.32672408700589983,20
2,peso,6,83.83333333333333,10.884494578170463,20
2,tension_,624,130.2323717948718,20.670464889149528,20
2,ana_hemo,33,13.636363636363637,1.8824256083040565,20
2,ana_plaq,24,221.9416666666667,83.18670725475849,20
2,ana_leuc,70,8.543571428571429,3.841831049945655,20
2,ana_neu,11924,6.65599379402885,3.3416992511145325,20
2,protcrea,13717,19.97293941824014,36.758083806037625,20
2,splanchnic,8906,0.014484617112059285,0.11947724879313351,20
3,raza,8486,2.900306386990337,0.6532843836381448,20
3,ant_inf,3459,0.037872217403873955,0.1908871723107335,20
3,ant_isq,3464,0.043591224018475754,0.20418381230412663,20
3,ant_clau,3473,0.025338324215375754,0.1571505441967423,20
3,fum_act,3566,0.2035894559730791,0.4026670949924575,20
3,diabetes,3442,0.09616502033701337,0.2948174167185432,20
3,hip_art,3343,0.32994316482201613,0.47019216583142687,20
3,insf_car,98,0.01020408163265306,0.10049854899791943,20
3,fibr_aur,7354,0.028827848789774273,0.1673224549303774,20
3,trat_est,3501,0.17709225935447015,0.38174676296099647,20
3,var171,617,0.04051863857374392,0.1971722051960525,20
3,tv_l_esu,7903,0.01758825762368721,0.13144927088976194,20
3,tvp_orig,13294,0.2820069204152249,0.44997668523285284,20
3,tv_l_ein,3553,0.8176189135941458,0.38615829102490407,20
3,tvp_prox,5336,0.8502623688155923,0.3568140594086647,20
3,tv_l_svc,8977,0.0059039768296758385,0.0766101813551599,20
3,tv_l_vre,9461,0.007398795053377021,0.08569744970029823,20
3,tv_l_vrn,9413,0.007011579730160416,0.0834411018614209,20
3,tv_l_vca,11756,0.04193603266417149,0.20044301391807354,20
3,tv_l_yug,11803,0.014996187409980514,0.12153724438683497,20
3,tv_l_ova,11818,0.0054154679302758505,0.07339033068035601,20
3,tv_l_sup,11811,0.004910676488019643,0.06990394655847161,20
3,tv_l_pul,11819,0.003976647770538962,0.06293515744834544,20
3,tv_l_ove,9436,0.03762187367528614,0.19027997345082576,20
3,fr_antfa,10153,0.1259726189303654,0.3318185019105932,20
3,fr_tvs_a,7848,0.04383282364933741,0.20472300119982487,20
3,fr_viaje,239,0.03347280334728033,0.1798676590812107,20
3,fr_estro,174,0.07471264367816093,0.2629271088206408,20
3,fr_varic,509,0.17288801571709234,0.3781504326832098,20
3,fr_antec,63,0.047619047619047616,0.21295885499997996,20
3,ana_dime,938,1.5970149253731343,0.5764308624829714,20
3,ana_crea,453,0.9227373068432672,0.26700780775644267,20
3,ana_trop,9324,0.8714071214071214,0.3347487866566147,20
3,peso,6,87.66666666666667,9.60324019392529,20
3,tension_,624,128.7323717948718,20.812822188533495,20
3,ana_hemo,33,13.716666666666669,1.7438492196890478,20
3,ana_plaq,24,271.2916666666667,134.0032584077301,20
3,ana_leuc,70,8.333857142857143,2.7467493998008123,20
3,ana_neu,11924,6.7906164038913115,3.361161476599101,20
3,protcrea,13717,20.764616169716408,42.40063977258082,20
3,splanchnic,8906,0.013137210869077027,0.11386230526235816,20
4,raza,8486,2.896771152486448,0.6763200820291346,20
4,ant_inf,3459,0.035270309337958945,0.18446223086898744,20
4,ant_isq,3464,0.045323325635103925,0.20801231162716852,20
4,ant_clau,3473,0.029081485747192628,0.16803497532932976,20
4,fum_act,3566,0.2049915872125631,0.40369547481317797,20
4,diabetes,3442,0.1167925624636839,0.3211729437808397,20
4,hip_art,3343,0.3407119353873766,0.473948639065421,20
4,insf_car,98,0.030612244897959183,0.17226472465442993,20
4,fibr_aur,7354,0.025836279575741094,0.15864667104425872,20
4,trat_est,3501,0.18366181091116823,0.3872081483181863,20
4,var171,617,0.03727714748784441,0.1894401271193986,20
4,tv_l_esu,7903,0.01429836770846514,0.118717835177949,20
4,tvp_orig,13294,0.3079584775086505,0.4616492755753056,20
4,tv_l_ein,3553,0.8156487475372924,0.38777038073857406,20
4,tvp_prox,5336,0.845952023988006,0.36099473278512273,20
4,tv_l_svc,8977,0.007797705246741673,0.08795965574981868,20
4,tv_l_vre,9461,0.007398795053377021,0.08569744970029823,20
4,tv_l_vrn,9413,0.008923828747476893,0.09404357515515135,20
4,tv_l_vca,11756,0.044147669275263694,0.20542310622913293,20
4,tv_l_yug,11803,0.020249089214606456,0.14085121085949298,20
4,tv_l_ova,11818,0.00533085124386529,0.07281780873440967,20
4,tv_l_sup,11811,0.003894674456015579,0.062285680271610085,20
4,tv_l_pul,11819,0.0028767239191132923,0.05355789744385503,20
4,tv_l_ove,9436,0.03147520135650699,0.17459814734433565,20
4,fr_antfa,10153,0.12360878558061657,0.3291347045024297,20
4,fr_tvs_a,7848,0.05262487257900102,0.2232834417619115,20
4,fr_viaje,239,0.02510460251046025,0.15644283762209135,20
4,fr_estro,174,0.05172413793103448,0.22146952721836433,20
4,fr_varic,509,0.17681728880157171,0.38151400391392354,20
4,fr_antec,63,0.015873015873015872,0.12498425196844144,20
4,ana_dime,938,1.6012793176972282,0.5644765343240757,20
4,ana_crea,453,0.9183222958057395,0.2738730670069902,20
4,ana_trop,9324,0.8738738738738738,0.3319914553637528,20
4,peso,6,85.33333333333333,9.551032521262936,20
4,tension_,624,130.2596153846154,19.818808338410136,20
4,ana_hemo,33,14.090909090909092,1.7477888431444988,20
4,ana_plaq,24,221.625,81.42676285063365,20
4,ana_leuc,70,8.760285714285715,2.827512774470863,20
4,ana_neu,11924,6.75488846024824,3.410241186089913,20
4,protcrea,13717,20.168283152292776,36.48757681573818,20
4,splanchnic,8906,0.015158320233550416,0.12218242738318613,20
5,raza,8486,2.9152722130567996,0.6322394273669618,20
5,ant_inf,3459,0.0372940156114484,0.189481323647006,20
5,ant_isq,3464,0.048787528868360276,0.2154235500015706,20
5,ant_clau,3473,0.02591419522027066,0.1588793558218196,20
5,fum_act,3566,0.2035894559730791,0.40266709499245745,20
5,diabetes,3442,0.11388727484020918,0.31767430407522707,20
5,hip_art,3343,0.3368232126832187,0.47262388437421765,20
5,insf_car,98,0.01020408163265306,0.10049854899791943,20
5,fibr_aur,7354,0.023524612455806365,0.1515625450585021,20
5,trat_est,3501,0.18594687232219365,0.3890637903940528,20
5,var171,617,0.027552674230145867,0.163687276148494,20
5,tv_l_esu,7903,0.011388080475768695,0.10610557053635834,20
5,tvp_orig,13294,0.2960734165789078,0.45652376561817704,20
5,tv_l_ein,3553,0.819307627357163,0.38476309478890924,20
5,tvp_prox,5336,0.8348950524737632,0.37127523998860396,20
5,tv_l_svc,8977,0.007240726300545839,0.08478383208599634,20
5,tv_l_vre,9461,0.005179156537363915,0.07177975254154473,20
5,tv_l_vrn,9413,0.00669287156060767,0.08153574081886349,20
5,tv_l_vca,11756,0.046019054100034026,0.2095263724684131,20
5,tv_l_yug,11803,0.01991019232398543,0.13969171974604416,20
5,tv_l_ova,11818,0.005500084616686411,0.07395832397976376,20
5,tv_l_sup,11811,0.0023706714080094825,0.04863179335665844,20
5,tv_l_pul,11819,0.0019460191217531093,0.04407076277228341,20
5,tv_l_ove,9436,0.027977956761339552,0.16490964403818284,20
5,fr_antfa,10153,0.12991234117994682,0.3362069671929657,20
5,fr_tvs_a,7848,0.04548929663608563,0.20837471182377154,20
5,fr_viaje,239,0.02510460251046025,0.15644283762209135,20
5,fr_estro,174,0.08620689655172414,0.2806693206224088,20
5,fr_varic,509,0.17681728880157171,0.38151400391392354,20
5,fr_antec,63,0.031746031746031744,0.1753231907490041,20
5,ana_dime,938,1.595948827292111,0.5654070043225538,20
5,ana_crea,453,0.9271523178807947,0.2598863161635574,20
5,ana_trop,9324,0.8793436293436293,0.3257275101621034,20
5,peso,6,73.33333333333333,13.085190950927014,20
5,tension_,624,130.56570512820514,21.920869713357035,20
5,ana_hemo,33,14.06,1.3353197324531634,20
5,ana_plaq,24,253.375,120.17688785702515,20
5,ana_leuc,70,8.853428571428573,2.742137271605222,20
5,ana_neu,11924,6.720504864139549,3.301054144817622,20
5,protcrea,13717,19.812407231902018,46.11478330728145,20
5,splanchnic,8906,0.014035481697731866,0.11763709853292242,20
