threshold,n,tp,fp,net_benefit,test_all_net_benefit,test_none_net_benefit,net_tests_avoided_per_1000,outcome,validation,model
0.01,21762,8200,13562,0.37050868950510524,0.3705086895051053,0.0,-5.495603971894524e-12,ana_dura,nested_cv,MI continuous XGBoost
0.02,21762,8200,13562,0.3640853087857696,0.3640853087857696,0.0,0.0,ana_dura,nested_cv,MI continuous XGBoost
0.03,21762,8200,13562,0.35752948722686,0.35752948722686007,0.0,-1.7948605564773361e-12,ana_dura,nested_cv,MI continuous XGBoost
0.04,21762,8200,13562,0.3508370860521398,0.3508370860521398,0.0,0.0,ana_dura,nested_cv,MI continuous XGBoost
0.05,21762,8200,13562,0.3440037922211097,0.3440037922211097,0.0,0.0,ana_dura,nested_cv,MI continuous XGBoost
0.06,21762,8200,13558,0.33703684149806323,0.3370251091596322,0.0,0.18380663541974393,ana_dura,nested_cv,MI continuous XGBoost
0.07,21762,8200,13543,0.3299620627057325,0.32989634689253144,0.0,0.8730815182422323,ana_dura,nested_cv,MI continuous XGBoost
0.08,21762,8200,13519,0.3227844307788207,0.3226126115326677,0.0,1.9759213307595502,ana_dura,nested_cv,MI continuous XGBoost
0.09,21762,8200,13507,0.31541875090262184,0.3151687940769827,0.0,2.5273412370182116,ana_dura,nested_cv,MI continuous XGBoost
0.1,21762,8200,13486,0.30794759468594596,0.30755955845561583,0.0,3.4923260729711187,ana_dura,nested_cv,MI continuous XGBoost
0.11,21762,8200,13467,0.3003188735338065,0.29977932877534186,0.0,4.3654075912138035,ana_dura,nested_cv,MI continuous XGBoost
0.12,21762,8200,13443,0.2925679457937522,0.2918222756932435,0.0,5.46824740373079,ana_dura,nested_cv,MI continuous XGBoost
0.13,21762,8200,13422,0.2846435894266818,0.28368230185063703,0.0,6.43323223968406,ana_dura,nested_cv,MI continuous XGBoost
0.14,21762,8200,13391,0.2766321922360932,0.27535302629076075,0.0,7.85773366418505,ana_dura,nested_cv,MI continuous XGBoost
0.15,21762,8200,13368,0.26840093633262513,0.2668277677765344,0.0,8.914621817847541,ana_dura,nested_cv,MI continuous XGBoost
0.16,21762,8200,13346,0.259990109452475,0.2580995269167312,0.0,9.925558312655012,ana_dura,nested_cv,MI continuous XGBoost
0.17,21762,8200,13324,0.25140097196062994,0.24916096700006535,0.0,10.93649480746241,ana_dura,nested_cv,MI continuous XGBoost
0.18,21762,8197,13306,0.24244879752354184,0.24000439342689545,0.0,11.135618662500253,ana_dura,nested_cv,MI continuous XGBoost
0.19,21762,8195,13276,0.2334747055973659,0.23062173161735094,0.0,12.162678546379595,ana_dura,nested_cv,MI continuous XGBoost
0.2,21762,8189,13243,0.2241636798088411,0.22100450326256782,0.0,12.63670618509316,ana_dura,nested_cv,MI continuous XGBoost
0.21,21762,8180,13212,0.21450001686833048,0.21114380077222059,0.0,12.625765313937217,ana_dura,nested_cv,MI continuous XGBoost
0.22,21762,8170,13161,0.204848960432087,0.2010302597564798,0.0,13.539029668061854,ana_dura,nested_cv,MI continuous XGBoost
0.23,21762,8159,13101,0.1950976144524532,0.19065402936370685,0.0,14.87635007971602,ana_dura,nested_cv,MI continuous XGBoost
0.24,21762,8142,13023,0.18516100010157738,0.1800047402763872,0.0,16.32815611310227,ana_dura,nested_cv,MI continuous XGBoost
0.25,21762,8114,12943,0.17460098642894342,0.169071470146739,0.0,16.588548846613232,ana_dura,nested_cv,MI continuous XGBoost
0.26,21762,8088,12837,0.16440137407879343,0.15784270622980304,0.0,18.666977724049588,ana_dura,nested_cv,MI continuous XGBoost
0.27,21762,8042,12699,0.15371333466781983,0.1463063049452798,0.0,20.026413694274915,ana_dura,nested_cv,MI continuous XGBoost
0.28,21762,7986,12551,0.14268245361435322,0.13444944806951978,0.0,21.170585686714567,ana_dura,nested_cv,MI continuous XGBoost
0.29,21762,7887,12352,0.13058620078156652,0.12225859522542853,0.0,20.38827567192403,ana_dura,nested_cv,MI continuous XGBoost
0.3,21762,7756,12099,0.11812858587052133,0.10971943230007752,0.0,19.621358331035545,ana_dura,nested_cv,MI continuous XGBoost
0.31,21762,7572,11777,0.104810406119429,0.09681681537689019,0.0,17.792185846296075,ana_dura,nested_cv,MI continuous XGBoost
0.32,21762,7358,11318,0.09336836471561326,0.08353470972066801,0.0,20.89651686425865,ana_dura,nested_cv,MI continuous XGBoost
0.33,21762,7059,10757,0.0809105835586336,0.06985612329858842,0.0,22.443904164334153,ana_dura,nested_cv,MI continuous XGBoost
0.34,21762,6759,10005,0.07374823503855758,0.05576303425765794,0.0,34.91244857468754,ana_dura,nested_cv,MI continuous XGBoost
0.35,21762,6330,9195,0.0633602680749083,0.04123631170777581,0.0,41.087347538960344,ana_dura,nested_cv,MI continuous XGBoost
0.36,21762,5846,8254,0.055285589559783105,0.026255629078209775,0.0,51.60881863390814,ana_dura,nested_cv,MI continuous XGBoost
0.37,21762,5326,7288,0.04805376489964304,0.010799369222308342,0.0,63.43316020735368,ana_dura,nested_cv,MI continuous XGBoost
0.38,21762,4773,6354,0.04037372039453205,-0.0051554796612027776,0.0,74.28448430146207,ana_dura,nested_cv,MI continuous XGBoost
0.39,21762,4181,5369,0.03438841355287679,-0.02163343834417336,0.0,87.62392219795024,ana_dura,nested_cv,MI continuous XGBoost
0.4,21762,3572,4451,0.027785436387586918,-0.03866066231657628,0.0,99.66914805624478,ana_dura,nested_cv,MI continuous XGBoost
0.41,21762,2968,3562,0.022640927506974565,-0.05626508032194183,0.0,113.54766980258704,ana_dura,nested_cv,MI continuous XGBoost
0.42,21762,2367,2734,0.017792799216603455,-0.07447654722404429,0.0,127.41957365613263,ana_dura,nested_cv,MI continuous XGBoost
0.43,21762,1857,2031,0.014927033602755177,-0.09332701296481699,0.0,143.49955010120033,ana_dura,nested_cv,MI continuous XGBoost
0.44,21762,1425,1451,0.013092940512295356,-0.11285070962490307,0.0,160.2919183564344,ana_dura,nested_cv,MI continuous XGBoost
0.45,21762,1056,1050,0.00904829937088002,-0.13308435889081033,0.0,173.71769343095488,ana_dura,nested_cv,MI continuous XGBoost
0.46,21762,762,709,0.0072620640123627,-0.1540674025739736,0.0,189.38676512309047,ana_dura,nested_cv,MI continuous XGBoost
0.47,21762,521,486,0.0041365163093708465,-0.17584225922631264,0.0,202.95478943385586,ana_dura,nested_cv,MI continuous XGBoost
0.48,21762,323,305,0.0019052264709832943,-0.19845461036528017,0.0,217.0564899059521,ana_dura,nested_cv,MI continuous XGBoost
0.49,21762,202,191,0.000849655182356005,-0.2219537203724426,0.0,231.8973908835659,ana_dura,nested_cv,MI continuous XGBoost
0.5,21762,111,101,0.00045951658854884663,-0.24639279477989146,0.0,246.8523113684403,ana_dura,nested_cv,MI continuous XGBoost
0.01,21762,8200,13562,0.37050868950510524,0.3705086895051053,0.0,-5.495603971894524e-12,ana_dura,nested_cv,MI spline LASSO
0.02,21762,8200,13562,0.3640853087857696,0.3640853087857696,0.0,0.0,ana_dura,nested_cv,MI spline LASSO
0.03,21762,8200,13562,0.35752948722686,0.35752948722686007,0.0,-1.7948605564773361e-12,ana_dura,nested_cv,MI spline LASSO
0.04,21762,8200,13562,0.3508370860521398,0.3508370860521398,0.0,0.0,ana_dura,nested_cv,MI spline LASSO
0.05,21762,8200,13562,0.3440037922211097,0.3440037922211097,0.0,0.0,ana_dura,nested_cv,MI spline LASSO
0.06,21762,8200,13562,0.33702510915963213,0.3370251091596322,0.0,-8.696747026230394e-13,ana_dura,nested_cv,MI spline LASSO
0.07,21762,8199,13562,0.32985039523367654,0.32989634689253144,0.0,-0.6105006105008619,ana_dura,nested_cv,MI spline LASSO
0.08,21762,8199,13562,0.3225666598738127,0.3226126115326677,0.0,-0.5284440768320298,ana_dura,nested_cv,MI spline LASSO
0.09,21762,8199,13561,0.31512738708768484,0.3151687940769827,0.0,-0.4186706695669673,ana_dura,nested_cv,MI spline LASSO
0.1,21762,8199,13559,0.3075289240163792,0.30755955845561583,0.0,-0.2757099531295881,ana_dura,nested_cv,MI spline LASSO
0.11,21762,8199,13558,0.29975609479052756,0.29977932877534186,0.0,-0.18798405895203985,ana_dura,nested_cv,MI spline LASSO
0.12,21762,8199,13557,0.29180765471088055,0.2918222756932435,0.0,-0.10722053732818242,ana_dura,nested_cv,MI spline LASSO
0.13,21762,8199,13547,0.2837393452892155,0.28368230185063703,0.0,0.3817522427944813,ana_dura,nested_cv,MI spline LASSO
0.14,21762,8198,13530,0.275500499056388,0.27535302629076075,0.0,0.905904131710346,ana_dura,nested_cv,MI spline LASSO
0.15,21762,8198,13509,0.2671656476210556,0.2668277677765344,0.0,1.914652452286891,ana_dura,nested_cv,MI spline LASSO
0.16,21762,8196,13477,0.2586596995199146,0.2580995269167312,0.0,2.9409061667126504,ana_dura,nested_cv,MI spline LASSO
0.17,21762,8193,13441,0.2499781314394606,0.24916096700006535,0.0,3.989685204106227,ana_dura,nested_cv,MI spline LASSO
0.18,21762,8186,13401,0.2409850690731887,0.24000439342689545,0.0,4.467522388669274,ana_dura,nested_cv,MI spline LASSO
0.19,21762,8181,13339,0.23215231897031977,0.23062173161735094,0.0,6.525135557393394,ana_dura,nested_cv,MI spline LASSO
0.2,21762,8163,13263,0.22273917838433968,0.22100450326256782,0.0,6.938700487087446,ana_dura,nested_cv,MI spline LASSO
0.21,21762,8141,13147,0.21350187703801426,0.21114380077222059,0.0,8.870858333223842,ana_dura,nested_cv,MI spline LASSO
0.22,21762,8122,13045,0.2041467248249713,0.2010302597564798,0.0,11.049285242833411,ana_dura,nested_cv,MI spline LASSO
0.23,21762,8076,12906,0.19396016170209718,0.19065402936370685,0.0,11.068356089393722,ana_dura,nested_cv,MI spline LASSO
0.24,21762,8022,12751,0.18359380668378972,0.1800047402763872,0.0,11.36537695677468,ana_dura,nested_cv,MI spline LASSO
0.25,21762,7958,12590,0.17283950617283952,0.169071470146739,0.0,11.304108078301539,ana_dura,nested_cv,MI spline LASSO
0.26,21762,7872,12396,0.16159583901519384,0.15784270622980304,0.0,10.681993312266123,ana_dura,nested_cv,MI spline LASSO
0.27,21762,7785,12183,0.1506736009608303,0.1463063049452798,0.0,11.807874412414309,ana_dura,nested_cv,MI spline LASSO
0.28,21762,7690,11925,0.1402674386545354,0.13444944806951978,0.0,14.960547218611579,ana_dura,nested_cv,MI spline LASSO
0.29,21762,7546,11629,0.12848666301642223,0.12225859522542853,0.0,15.248028040019037,ana_dura,nested_cv,MI spline LASSO
0.3,21762,7397,11317,0.11703231058069764,0.10971943230007752,0.0,17.063382654780277,ana_dura,nested_cv,MI spline LASSO
0.31,21762,7235,10925,0.10691419293569829,0.09681681537689019,0.0,22.474808114766418,ana_dura,nested_cv,MI spline LASSO
0.32,21762,7000,10446,0.0957740692086043,0.08353470972066801,0.0,26.008638911864622,ana_dura,nested_cv,MI spline LASSO
0.33,21762,6726,9914,0.08468822142389784,0.06985612329858842,0.0,30.113653769567602,ana_dura,nested_cv,MI spline LASSO
0.34,21762,6378,9355,0.07162749635867913,0.05576303425765794,0.0,30.795720549041125,ana_dura,nested_cv,MI spline LASSO
0.35,21762,6048,8699,0.06267452793507385,0.04123631170777581,0.0,39.813830136410644,ana_dura,nested_cv,MI spline LASSO
0.36,21762,5652,8000,0.05293631100082713,0.026255629078209775,0.0,47.43232341798641,ana_dura,nested_cv,MI spline LASSO
0.37,21762,5222,7252,0.04424634173738116,0.010799369222308342,0.0,56.950250498637494,ana_dura,nested_cv,MI spline LASSO
0.38,21762,4792,6445,0.038683885197933074,-0.0051554796612027776,0.0,71.52738477016902,ana_dura,nested_cv,MI spline LASSO
0.39,21762,4332,5683,0.03210213019837555,-0.02163343834417336,0.0,84.04794054090983,ana_dura,nested_cv,MI spline LASSO
0.4,21762,3862,4895,0.02750972643445761,-0.03866066231657628,0.0,99.25558312655082,ana_dura,nested_cv,MI spline LASSO
0.41,21762,3378,4111,0.02395016036350103,-0.05626508032194183,0.0,115.43168781563733,ana_dura,nested_cv,MI spline LASSO
0.42,21762,2891,3394,0.01990974460384919,-0.07447654722404429,0.0,130.34297442899575,ana_dura,nested_cv,MI spline LASSO
0.43,21762,2426,2722,0.017119814516532137,-0.09332701296481699,0.0,146.4062596845791,ana_dura,nested_cv,MI spline LASSO
0.44,21762,1988,2162,0.013293158454448775,-0.11285070962490307,0.0,160.54674119190236,ana_dura,nested_cv,MI spline LASSO
0.45,21762,1601,1664,0.011007511007511015,-0.13308435889081033,0.0,176.11228543128166,ana_dura,nested_cv,MI spline LASSO
0.46,21762,1247,1243,0.008645719517881997,-0.1540674025739736,0.0,191.01105636870008,ana_dura,nested_cv,MI spline LASSO
0.47,21762,943,912,0.006168793448160463,-0.17584225922631264,0.0,205.24650620738458,ana_dura,nested_cv,MI spline LASSO
0.48,21762,703,646,0.004902688525517312,-0.19845461036528017,0.0,220.30374046503061,ana_dura,nested_cv,MI spline LASSO
0.49,21762,535,465,0.004054558134254529,-0.2219537203724426,0.0,235.23310620084806,ana_dura,nested_cv,MI spline LASSO
0.5,21762,370,318,0.0023894862604540022,-0.24639279477989146,0.0,248.78228104034548,ana_dura,nested_cv,MI spline LASSO
0.01,1085,345,740,0.311083182050924,0.311083182050924,0.0,0.0,ana_dura,temporal_holdout,MI continuous XGBoost
0.02,1085,345,740,0.30405341860246404,0.30405341860246404,0.0,0.0,ana_dura,temporal_holdout,MI continuous XGBoost
0.03,1085,345,740,0.29687871157774715,0.29687871157774715,0.0,0.0,ana_dura,temporal_holdout,MI continuous XGBoost
0.04,1085,345,740,0.28955453149001537,0.28955453149001537,0.0,0.0,ana_dura,temporal_holdout,MI continuous XGBoost
0.05,1085,345,740,0.28207615813727865,0.2820761581372787,0.0,-1.0547118733938987e-12,ana_dura,temporal_holdout,MI continuous XGBoost
0.06,1085,345,739,0.2744974997548779,0.27443867045788806,0.0,0.9216589861744674,ana_dura,temporal_holdout,MI continuous XGBoost
0.07,1085,345,739,0.2667063079133839,0.2666369357316288,0.0,0.9216589861752046,ana_dura,temporal_holdout,MI continuous XGBoost
0.08,1085,345,739,0.2587457423362052,0.2586655980765378,0.0,0.9216589861751334,ana_dura,temporal_holdout,MI continuous XGBoost
0.09,1085,345,738,0.25070137236035855,0.250519066187269,0.0,1.8433179723500324,ana_dura,temporal_holdout,MI continuous XGBoost
0.1,1085,345,737,0.24249871991807473,0.24219150025601638,0.0,2.7649769585251507,ana_dura,temporal_holdout,MI continuous XGBoost
0.11,1085,345,735,0.23424636255372028,0.233676798011702,0.0,4.608294930875223,ana_dura,temporal_holdout,MI continuous XGBoost
0.12,1085,345,735,0.2255969836614998,0.22496857980728951,0.0,4.608294930875426,ana_dura,temporal_holdout,MI continuous XGBoost
0.13,1085,345,732,0.21716192594946765,0.21606017267863764,0.0,7.373271889400824,ana_dura,temporal_holdout,MI continuous XGBoost
0.14,1085,345,727,0.2088950809130854,0.20694459329117995,0.0,11.981566820276301,ana_dura,temporal_holdout,MI continuous XGBoost
0.15,1085,345,726,0.1998915695310382,0.19761452968284088,0.0,12.903225806451516,ana_dura,temporal_holdout,MI continuous XGBoost
0.16,1085,345,719,0.19174895764757516,0.1880623217028747,0.0,19.35483870967736,ana_dura,temporal_holdout,MI continuous XGBoost
0.17,1085,345,717,0.18262173116428848,0.1782799400366443,0.0,21.198156682027484,ana_dura,temporal_holdout,MI continuous XGBoost
0.18,1085,345,713,0.1737214791502754,0.1682589636956278,0.0,24.88479262672795,ana_dura,temporal_holdout,MI continuous XGBoost
0.19,1085,345,713,0.16382772941912727,0.15799055584001825,0.0,24.884792626727894,ana_dura,temporal_holdout,MI continuous XGBoost
0.2,1085,345,712,0.15391705069124423,0.14746543778801846,0.0,25.806451612903068,ana_dura,temporal_holdout,MI continuous XGBoost
0.21,1085,345,712,0.14353380388496764,0.13667386105115795,0.0,25.806451612903142,ana_dura,temporal_holdout,MI continuous XGBoost
0.22,1085,344,711,0.13222261609358382,0.12560557721848048,0.0,23.460410557184577,ana_dura,temporal_holdout,MI continuous XGBoost
0.23,1085,343,709,0.12094081034173201,0.11424980549404518,0.0,22.400320577038542,ana_dura,temporal_holdout,MI continuous XGBoost
0.24,1085,342,707,0.1094348775163716,0.10259519767159839,0.0,21.65898617511517,ana_dura,temporal_holdout,MI continuous XGBoost
0.25,1085,341,702,0.09861751152073733,0.0906298003072197,0.0,23.963133640552886,ana_dura,temporal_holdout,MI continuous XGBoost
0.26,1085,340,698,0.08733341636567442,0.07834101382488481,0.0,25.59376107763195,ana_dura,temporal_holdout,MI continuous XGBoost
0.27,1085,337,692,0.07470487974244047,0.06571554826084214,0.0,24.304488820617717,ana_dura,temporal_holdout,MI continuous XGBoost
0.28,1085,333,685,0.06139272913466459,0.05273937532002049,0.0,22.251481237656265,ana_dura,temporal_holdout,MI continuous XGBoost
0.29,1085,329,673,0.04987343415330695,0.03939767638086589,0.0,25.64754489114881,ana_dura,temporal_holdout,MI continuous XGBoost
0.3,1085,326,658,0.04055299539170507,0.025674786043449638,0.0,34.71582181259601,ana_dura,temporal_holdout,MI continuous XGBoost
0.31,1085,323,643,0.03144326454284378,0.01155413076871703,0.0,44.269362271443406,ana_dura,temporal_holdout,MI continuous XGBoost
0.32,1085,313,630,0.01523448088912982,-0.0029818378964489023,0.0,38.709677419354776,ana_dura,temporal_holdout,MI continuous XGBoost
0.33,1085,303,599,0.007345759680858321,-0.017951716074007862,0.0,51.361541684122244,ana_dura,temporal_holdout,MI continuous XGBoost
0.34,1085,286,564,-0.004189359028068772,-0.033375226923614054,0.0,56.65492003252907,ana_dura,temporal_holdout,MI continuous XGBoost
0.35,1085,267,511,-0.007515065579581689,-0.049273307337823424,0.0,77.55102040816323,ana_dura,temporal_holdout,MI continuous XGBoost
0.36,1085,250,467,-0.011693548387096775,-0.06566820276497692,0.0,95.95494111623137,ana_dura,temporal_holdout,MI continuous XGBoost
0.37,1085,240,423,-0.0077682685977617,-0.0825835710628337,0.0,127.38821771079827,ana_dura,temporal_holdout,MI continuous XGBoost
0.38,1085,214,379,-0.01685744016649323,-0.1000445964025568,0.0,135.72641280620897,ana_dura,temporal_holdout,MI continuous XGBoost
0.39,1085,193,337,-0.020699554279670622,-0.11807811437636923,0.0,152.31005553586192,ana_dura,temporal_holdout,MI continuous XGBoost
0.4,1085,160,271,-0.019047619047619067,-0.1367127496159754,0.0,176.4976958525345,ana_dura,temporal_holdout,MI continuous XGBoost
0.41,1085,136,212,-0.010435054284152121,-0.15597906740607653,0.0,209.44138473642786,ana_dura,temporal_holdout,MI continuous XGBoost
0.42,1085,112,162,-0.004894327030033357,-0.17590974098204343,0.0,236.16414307658533,ana_dura,temporal_holdout,MI continuous XGBoost
0.43,1085,88,122,-0.0037189748564960667,-0.19653973643786876,0.0,255.59961418926153,ana_dura,temporal_holdout,MI continuous XGBoost
0.44,1085,63,78,0.0015799868334430555,-0.21790651744568784,0.0,279.3464599916211,ana_dura,temporal_holdout,MI continuous XGBoost
0.45,1085,44,42,0.008881441139505659,-0.2400502723083367,0.0,304.2498719918073,ana_dura,temporal_holdout,MI continuous XGBoost
0.46,1085,30,27,0.0064516129032258064,-0.2630141662399726,0.0,316.32939290723294,ana_dura,temporal_holdout,MI continuous XGBoost
0.47,1085,19,15,0.00525171724197896,-0.2868446222067645,0.0,329.38523384645544,ana_dura,temporal_holdout,MI continuous XGBoost
0.48,1085,13,8,0.005175469691598725,-0.31159163417227925,0.0,343.1643625192011,ana_dura,temporal_holdout,MI continuous XGBoost
0.49,1085,9,3,0.00563838438601247,-0.3373091171952651,0.0,356.9453587886767,ana_dura,temporal_holdout,MI continuous XGBoost
0.5,1085,8,3,0.004608294930875576,-0.36405529953917043,0.0,368.663594470046,ana_dura,temporal_holdout,MI continuous XGBoost
0.01,1085,345,740,0.311083182050924,0.311083182050924,0.0,0.0,ana_dura,temporal_holdout,MI spline LASSO
0.02,1085,345,740,0.30405341860246404,0.30405341860246404,0.0,0.0,ana_dura,temporal_holdout,MI spline LASSO
0.03,1085,345,740,0.29687871157774715,0.29687871157774715,0.0,0.0,ana_dura,temporal_holdout,MI spline LASSO
0.04,1085,345,740,0.28955453149001537,0.28955453149001537,0.0,0.0,ana_dura,temporal_holdout,MI spline LASSO
0.05,1085,345,740,0.28207615813727865,0.2820761581372787,0.0,-1.0547118733938987e-12,ana_dura,temporal_holdout,MI spline LASSO
0.06,1085,345,740,0.274438670457888,0.27443867045788806,0.0,-8.696747026230394e-13,ana_dura,temporal_holdout,MI spline LASSO
0.07,1085,345,740,0.2666369357316288,0.2666369357316288,0.0,0.0,ana_dura,temporal_holdout,MI spline LASSO
0.08,1085,345,740,0.2586655980765378,0.2586655980765378,0.0,0.0,ana_dura,temporal_holdout,MI spline LASSO
0.09,1085,345,740,0.25051906618726894,0.250519066187269,0.0,-5.612794180049403e-13,ana_dura,temporal_holdout,MI spline LASSO
0.1,1085,345,740,0.24219150025601638,0.24219150025601638,0.0,0.0,ana_dura,temporal_holdout,MI spline LASSO
0.11,1085,345,740,0.23367679801170196,0.233676798011702,0.0,-2.245678390719067e-13,ana_dura,temporal_holdout,MI spline LASSO
0.12,1085,345,739,0.22509426057813156,0.22496857980728951,0.0,0.921658986175004,ana_dura,temporal_holdout,MI spline LASSO
0.13,1085,345,739,0.21619789183749138,0.21606017267863764,0.0,0.9216589861750565,ana_dura,temporal_holdout,MI spline LASSO
0.14,1085,345,739,0.2070946308005573,0.20694459329117995,0.0,0.9216589861750739,ana_dura,temporal_holdout,MI spline LASSO
0.15,1085,345,739,0.19777717538628356,0.19761452968284088,0.0,0.9216589861751981,ana_dura,temporal_holdout,MI spline LASSO
0.16,1085,344,737,0.18766732499451394,0.1880623217028747,0.0,-2.0737327188940293,ana_dura,temporal_holdout,MI spline LASSO
0.17,1085,344,736,0.17811337515962464,0.1782799400366443,0.0,-0.8132285172136304,ana_dura,temporal_holdout,MI spline LASSO
0.18,1085,344,731,0.1691581431943352,0.1682589636956278,0.0,4.0962621607781955,ana_dura,temporal_holdout,MI spline LASSO
0.19,1085,344,729,0.15944700460829492,0.15799055584001825,0.0,6.209071064758408,ana_dura,temporal_holdout,MI spline LASSO
0.2,1085,344,720,0.15115207373271888,0.14746543778801846,0.0,14.74654377880169,ana_dura,temporal_holdout,MI spline LASSO
0.21,1085,344,716,0.14163215306539115,0.13667386105115795,0.0,18.652622339258233,ana_dura,temporal_holdout,MI spline LASSO
0.22,1085,344,710,0.13248257119224863,0.12560557721848048,0.0,24.382069543359794,ana_dura,temporal_holdout,MI spline LASSO
0.23,1085,342,707,0.12056975282781734,0.11424980549404518,0.0,21.158084552193785,ana_dura,temporal_holdout,MI spline LASSO
0.24,1085,339,696,0.10987145282561242,0.10259519767159839,0.0,23.041474654377772,ana_dura,temporal_holdout,MI spline LASSO
0.25,1085,336,683,0.09984639016897082,0.0906298003072197,0.0,27.64976958525334,ana_dura,temporal_holdout,MI spline LASSO
0.26,1085,334,672,0.09022294183584505,0.07834101382488481,0.0,33.81779510811758,ana_dura,temporal_holdout,MI spline LASSO
0.27,1085,331,660,0.08008332807272266,0.06571554826084214,0.0,38.84621949138066,ana_dura,temporal_holdout,MI spline LASSO
0.28,1085,323,646,0.06615463389656935,0.05273937532002049,0.0,34.496379196839925,ana_dura,temporal_holdout,MI spline LASSO
0.29,1085,316,636,0.05182060102550787,0.03939767638086589,0.0,30.41474654377864,ana_dura,temporal_holdout,MI spline LASSO
0.3,1085,311,624,0.04015799868334429,0.025674786043449638,0.0,33.79416282642086,ana_dura,temporal_holdout,MI spline LASSO
0.31,1085,305,604,0.031002471114673046,0.01155413076871703,0.0,43.28824141519242,ana_dura,temporal_holdout,MI spline LASSO
0.32,1085,299,576,0.025752236378422333,-0.0029818378964489023,0.0,61.05990783410137,ana_dura,temporal_holdout,MI spline LASSO
0.33,1085,293,553,0.019010936102895597,-0.017951716074007862,0.0,75.04538472280399,ana_dura,temporal_holdout,MI spline LASSO
0.34,1085,280,522,0.010222036028487617,-0.033375226923614054,0.0,84.62998102466794,ana_dura,temporal_holdout,MI spline LASSO
0.35,1085,266,487,0.0034739454094292843,-0.049273307337823424,0.0,97.95918367346931,ana_dura,temporal_holdout,MI spline LASSO
0.36,1085,251,450,-0.00195852534562212,-0.06566820276497692,0.0,113.26164874551965,ana_dura,temporal_holdout,MI spline LASSO
0.37,1085,236,413,-0.006041986687147992,-0.0825835710628337,0.0,130.32756258562702,ana_dura,temporal_holdout,MI spline LASSO
0.38,1085,217,373,-0.010703136613646509,-0.1000445964025568,0.0,145.76764491874837,ana_dura,temporal_holdout,MI spline LASSO
0.39,1085,199,332,-0.012223313439601141,-0.11807811437636923,0.0,165.56776556776546,ana_dura,temporal_holdout,MI spline LASSO
0.4,1085,177,290,-0.015053763440860225,-0.1367127496159754,0.0,182.48847926267274,ana_dura,temporal_holdout,MI spline LASSO
0.41,1085,160,250,-0.012653284386471881,-0.15597906740607653,0.0,206.24929751601653,ana_dura,temporal_holdout,MI spline LASSO
0.42,1085,134,205,-0.01331638328301286,-0.17590974098204343,0.0,224.53368444151843,ana_dura,temporal_holdout,MI spline LASSO
0.43,1085,115,174,-0.014989085617268959,-0.19653973643786876,0.0,240.66016504126023,ana_dura,temporal_holdout,MI spline LASSO
0.44,1085,96,128,-0.00421329822251481,-0.21790651744568784,0.0,271.9731881022202,ana_dura,temporal_holdout,MI spline LASSO
0.45,1085,73,98,-0.006619187264348546,-0.2400502723083367,0.0,285.30465949820774,ana_dura,temporal_holdout,MI spline LASSO
0.46,1085,61,69,0.002048131080389144,-0.2630141662399726,0.0,311.1600881586855,ana_dura,temporal_holdout,MI spline LASSO
0.47,1085,47,49,0.0032692809320928632,-0.2868446222067645,0.0,327.14972056083917,ana_dura,temporal_holdout,MI spline LASSO
0.48,1085,35,33,0.004182913860333217,-0.31159163417227925,0.0,342.0890937019969,ana_dura,temporal_holdout,MI spline LASSO
0.49,1085,28,23,0.005439595192915876,-0.3373091171952651,0.0,356.73845575096385,ana_dura,temporal_holdout,MI spline LASSO
0.5,1085,19,13,0.005529953917050691,-0.36405529953917043,0.0,369.5852534562211,ana_dura,temporal_holdout,MI spline LASSO
0.01,21762,1973,19789,0.08147739688958326,0.08147739688958328,0.0,-1.373900992973631e-12,var156,nested_cv,MI continuous XGBoost
0.02,21762,1972,19688,0.07215348229173114,0.07210471726600759,0.0,2.3894862604541682,var156,nested_cv,MI continuous XGBoost
0.03,21762,1959,19167,0.0627794405646085,0.06253878651617262,0.0,7.781147566093683,var156,nested_cv,MI continuous XGBoost
0.04,21762,1914,17852,0.053771099470024196,0.05277356554238275,0.0,23.940814263394667,var156,nested_cv,MI continuous XGBoost
0.05,21762,1835,16026,0.04556227900879853,0.042802760969144676,0.0,52.430842753423185,var156,nested_cv,MI continuous XGBoost
0.06,21762,1736,14072,0.038497713171700816,0.032619811617752605,0.0,92.08712434518866,var156,nested_cv,MI continuous XGBoost
0.07,21762,1605,12142,0.03175654909959453,0.02221787410826606,0.0,126.72811059907818,var156,nested_cv,MI continuous XGBoost
0.08,21762,1457,10371,0.025511162257305313,0.011589807522486353,0.0,160.09557945041806,var156,nested_cv,MI continuous XGBoost
0.09,21762,1306,8616,0.020855993560708202,0.0007281570557004929,0.0,203.5147913284113,var156,nested_cv,MI continuous XGBoost
0.1,21762,1138,7052,0.016287310194120226,-0.010374863421458394,0.0,239.95956254020757,var156,nested_cv,MI continuous XGBoost
0.11,21762,971,5699,0.01225205465872374,-0.021727389976755676,0.0,274.92459750524256,var156,nested_cv,MI continuous XGBoost
0.12,21762,832,4528,0.009858719536138894,-0.033337928499218794,0.0,316.7754189259564,var156,nested_cv,MI continuous XGBoost
0.13,21762,685,3489,0.007520226652595948,-0.04521537595323283,0.0,352.9228789774695,var156,nested_cv,MI continuous XGBoost
0.14,21762,520,2554,0.004789658953199836,-0.05736904311547972,0.0,381.8320269933172,var156,nested_cv,MI continuous XGBoost
0.15,21762,376,1747,0.0031111976083513077,-0.06980867891683831,0.0,413.2126336427412,var156,nested_cv,MI continuous XGBoost
0.16,21762,270,1134,0.0024813895781637704,-0.08254449652299115,0.0,446.38590203106327,var156,nested_cv,MI continuous XGBoost
0.17,21762,188,715,0.0019094851974758697,-0.0955872013003766,0.0,476.0132340777502,var156,nested_cv,MI continuous XGBoost
0.18,21762,121,428,0.001242936333416271,-0.10894802082842991,0.0,501.98102707063265,var156,nested_cv,MI continuous XGBoost
0.19,21762,89,269,0.0011902046947845437,-0.12263873713495374,0.0,527.902330958358,var156,nested_cv,MI continuous XGBoost
0.2,21762,54,174,0.00048249241797628894,-0.13667172134914068,0.0,548.6168550684679,var156,nested_cv,MI continuous XGBoost
0.21,21762,34,114,0.00016984663779273833,-0.15105997098647156,0.0,568.9121710627087,var156,nested_cv,MI continuous XGBoost
0.22,21762,24,64,0.00027335345780341643,-0.16581715010168274,0.0,588.8663308018145,var156,nested_cv,MI continuous XGBoost
0.23,21762,13,27,0.00022677442032280746,-0.18095763257053576,0.0,606.5738842737439,var156,nested_cv,MI continuous XGBoost
0.24,21762,7,10,0.00017655111033718844,-0.19649654878856915,0.0,622.7981496798701,var156,nested_cv,MI continuous XGBoost
0.25,21762,2,7,-1.5317219618294873e-05,-0.21244983610575002,0.0,637.3035566583952,var156,nested_cv,MI continuous XGBoost
0.26,21762,0,3,-4.843553230650005e-05,-0.22883429335042238,0.0,651.1597491746375,var156,nested_cv,MI continuous XGBoost
0.27,21762,0,1,-1.6995819028518986e-05,-0.24566763983467477,0.0,664.1665560423027,var156,nested_cv,MI continuous XGBoost
0.28,21762,0,1,-1.787008955467737e-05,-0.26296857927682304,0.0,676.1589664815472,var156,nested_cv,MI continuous XGBoost
0.29,21762,0,0,0.0,-0.28075686912579234,0.0,687.3702657907329,var156,nested_cv,MI continuous XGBoost
0.3,21762,0,0,0.0,-0.2990533958275894,0.0,697.7912569310419,var156,nested_cv,MI continuous XGBoost
0.31,21762,0,0,0.0,-0.3178802566366849,0.0,707.5399260622985,var156,nested_cv,MI continuous XGBoost
0.32,21762,0,0,0.0,-0.3372608486460479,0.0,716.6793033728517,var156,nested_cv,MI continuous XGBoost
0.33,21762,0,0,0.0,-0.3572199657900188,0.0,725.2647790282199,var156,nested_cv,MI continuous XGBoost
0.34,21762,0,0,0.0,-0.37778390466562517,0.0,733.3452267038605,var156,nested_cv,MI continuous XGBoost
0.35,21762,0,0,0.0,-0.39898058012201926,0.0,740.9639345123215,var156,nested_cv,MI continuous XGBoost
0.36,21762,0,0,0.0,-0.42083965168642584,0.0,748.1593807758682,var156,nested_cv,MI continuous XGBoost
0.37,21762,0,0,0.0,-0.4433926620306548,0.0,754.9658839981419,var156,nested_cv,MI continuous XGBoost
0.38,21762,0,0,0.0,-0.46667318883760084,0.0,761.4141502087172,var156,nested_cv,MI continuous XGBoost
0.39,21762,0,0,0.0,-0.4907170116054304,0.0,767.5317361008014,var156,nested_cv,MI continuous XGBoost
0.4,21762,0,0,0.0,-0.5155622951321877,0.0,773.3434426982814,var156,nested_cv,MI continuous XGBoost
0.41,21762,0,0,0.0,-0.5412497916598515,0.0,778.8716514129574,var156,nested_cv,MI continuous XGBoost
0.42,21762,0,0,0.0,-0.5678230639298492,0.0,784.1366120936013,var156,nested_cv,MI continuous XGBoost
0.43,21762,0,0,0.0,-0.595328731718092,0.0,789.156690882122,var156,nested_cv,MI continuous XGBoost
0.44,21762,0,0,0.0,-0.6238167447844867,0.0,793.9485842711649,var156,nested_cv,MI continuous XGBoost
0.45,21762,0,0,0.0,-0.65334068559875,0.0,798.5275046206946,var156,nested_cv,MI continuous XGBoost
0.46,21762,0,0,0.0,-0.6839581057024307,0.0,802.9073414767664,var156,nested_cv,MI continuous XGBoost
0.47,21762,0,0,0.0,-0.7157309001496461,0.0,807.1008022964096,var156,nested_cv,MI continuous XGBoost
0.48,21762,0,0,0.0,-0.7487257251525241,0.0,811.1195355819012,var156,nested_cv,MI continuous XGBoost
0.49,21762,0,0,0.0,-0.783014464861397,0.0,814.9742389373725,var156,nested_cv,MI continuous XGBoost
0.5,21762,0,0,0.0,-0.818674754158625,0.0,818.674754158625,var156,nested_cv,MI continuous XGBoost
0.01,21762,1972,19731,0.08145836640460297,0.08147739688958328,0.0,-1.8840180130506032,var156,nested_cv,MI spline LASSO
0.02,21762,1961,19291,0.07202031625994759,0.07210471726600759,0.0,-4.135649296939881,var156,nested_cv,MI spline LASSO
0.03,21762,1934,18343,0.06280170580137324,0.06253878651617262,0.0,8.501056888153617,var156,nested_cv,MI spline LASSO
0.04,21762,1886,16944,0.0542229574487639,0.05277356554238275,0.0,34.78540575314764,var156,nested_cv,MI spline LASSO
0.05,21762,1814,15308,0.04633378317588844,0.042802760969144676,0.0,67.08942192813149,var156,nested_cv,MI spline LASSO
0.06,21762,1708,13579,0.038657077435389035,0.032619811617752605,0.0,94.58383114297075,var156,nested_cv,MI spline LASSO
0.07,21762,1590,11889,0.031942332150448685,0.02221787410826606,0.0,129.19637113185485,var156,nested_cv,MI spline LASSO
0.08,21762,1468,10259,0.0264641597039914,0.011589807522486353,0.0,171.05505008730808,var156,nested_cv,MI spline LASSO
0.09,21762,1320,8675,0.021231181280809076,0.0007281570557004929,0.0,207.30835605387568,var156,nested_cv,MI spline LASSO
0.1,21762,1168,7190,0.016961267857325203,-0.010374863421458394,0.0,246.02518150905237,var156,nested_cv,MI spline LASSO
0.11,21762,1026,5896,0.013660550449242005,-0.021727389976755676,0.0,286.320608901254,var156,nested_cv,MI spline LASSO
0.12,21762,894,4736,0.011404366243075923,-0.033337928499218794,0.0,328.1101614434946,var156,nested_cv,MI spline LASSO
0.13,21762,759,3788,0.008867613799019061,-0.04521537595323283,0.0,361.9400083419934,var156,nested_cv,MI spline LASSO
0.14,21762,611,2949,0.006016461380302339,-0.05736904311547972,0.0,389.3680990455183,var156,nested_cv,MI spline LASSO
0.15,21762,467,2215,0.0034977321504835713,-0.06980867891683831,0.0,415.4029960481573,var156,nested_cv,MI spline LASSO
0.16,21762,358,1592,0.0025164003658627314,-0.08254449652299115,0.0,446.5697086664828,var156,nested_cv,MI spline LASSO
0.17,21762,267,1098,0.0019349523819014668,-0.0955872013003766,0.0,476.1375738605341,var156,nested_cv,MI spline LASSO
0.18,21762,197,759,0.0013964821203216174,-0.10894802082842991,0.0,502.68051343320155,var156,nested_cv,MI spline LASSO
0.19,21762,136,527,0.00056900634359814,-0.12263873713495374,0.0,525.2540643033001,var156,nested_cv,MI spline LASSO
0.2,21762,100,351,0.0005629078209723371,-0.13667172134914068,0.0,548.9385166804522,var156,nested_cv,MI spline LASSO
0.21,21762,73,249,0.0003129366134674426,-0.15105997098647156,0.0,569.4504619235801,var156,nested_cv,MI spline LASSO
0.22,21762,47,170,-4.359516352899315e-05,-0.16581715010168274,0.0,587.742603871636,var156,nested_cv,MI spline LASSO
0.23,21762,37,118,8.05645966936291e-05,-0.18095763257053576,0.0,606.0843992120289,var156,nested_cv,MI spline LASSO
0.24,21762,26,68,0.00020799171902737272,-0.19649654878856915,0.0,622.897711607389,var156,nested_cv,MI spline LASSO
0.25,21762,21,40,0.00035229605122078243,-0.21244983610575002,0.0,638.4063964709125,var156,nested_cv,MI spline LASSO
0.26,21762,11,22,0.0001502743438227309,-0.22883429335042238,0.0,651.7253080528515,var156,nested_cv,MI spline LASSO
0.27,21762,5,10,5.980010398923344e-05,-0.24566763983467477,0.0,664.3741894637952,var156,nested_cv,MI spline LASSO
0.28,21762,2,6,-1.5317219618294913e-05,-0.26296857927682304,0.0,676.1655310042407,var156,nested_cv,MI spline LASSO
0.29,21762,0,4,-7.50759496784031e-05,-0.28075686912579234,0.0,687.1864591553134,var156,nested_cv,MI spline LASSO
0.3,21762,0,4,-7.877427232265942e-05,-0.2990533958275894,0.0,697.6074502956224,var156,nested_cv,MI spline LASSO
0.31,21762,0,4,-8.257979272472027e-05,-0.3178802566366849,0.0,707.3561194268789,var156,nested_cv,MI spline LASSO
0.32,21762,0,4,-8.649724019742996e-05,-0.3372608486460479,0.0,716.4954967374322,var156,nested_cv,MI spline LASSO
0.33,21762,0,3,-6.789871980050123e-05,-0.3572199657900188,0.0,725.1269240516552,var156,nested_cv,MI spline LASSO
0.34,21762,0,3,-7.101620004845813e-05,-0.37778390466562517,0.0,733.2073717272959,var156,nested_cv,MI spline LASSO
0.35,21762,0,3,-7.422960276558291e-05,-0.39898058012201926,0.0,740.8260795357569,var156,nested_cv,MI spline LASSO
0.36,21762,0,2,-5.1695616211745244e-05,-0.42083965168642584,0.0,748.0674774581584,var156,nested_cv,MI spline LASSO
0.37,21762,0,1,-2.69874821846148e-05,-0.4433926620306548,0.0,754.9199323392871,var156,nested_cv,MI spline LASSO
0.38,21762,0,1,-2.8163919943316407e-05,-0.46667318883760084,0.0,761.3681985498623,var156,nested_cv,MI spline LASSO
0.39,21762,0,1,-2.9378929431811508e-05,-0.4907170116054304,0.0,767.4857844419465,var156,nested_cv,MI spline LASSO
0.4,21762,0,1,-3.063443923658978e-05,-0.5155622951321877,0.0,773.2974910394266,var156,nested_cv,MI spline LASSO
0.41,21762,0,1,-3.19325086957673e-05,-0.5412497916598515,0.0,778.8256997541023,var156,nested_cv,MI spline LASSO
0.42,21762,0,1,-3.327533917077854e-05,-0.5678230639298492,0.0,784.0906604347465,var156,nested_cv,MI spline LASSO
0.43,21762,0,1,-3.466528650456211e-05,-0.595328731718092,0.0,789.1107392232672,var156,nested_cv,MI spline LASSO
0.44,21762,0,1,-3.610487481455223e-05,-0.6238167447844867,0.0,793.90263261231,var156,nested_cv,MI spline LASSO
0.45,21762,0,1,-3.759681179036018e-05,-0.65334068559875,0.0,798.4815529618396,var156,nested_cv,MI spline LASSO
0.46,21762,0,1,-3.9144005691198045e-05,-0.6839581057024307,0.0,802.8613898179116,var156,nested_cv,MI spline LASSO
0.47,21762,0,1,-4.074958426753922e-05,-0.7157309001496461,0.0,807.0548506375545,var156,nested_cv,MI spline LASSO
0.48,21762,0,1,-4.241691586604738e-05,-0.7487257251525241,0.0,811.0735839230463,var156,nested_cv,MI spline LASSO
0.49,21762,0,1,-4.41496330174382e-05,-0.783014464861397,0.0,814.9282872785176,var156,nested_cv,MI spline LASSO
0.5,21762,0,1,-4.595165885488466e-05,-0.818674754158625,0.0,818.6288024997701,var156,nested_cv,MI spline LASSO
0.01,1085,72,1013,0.056928734348089184,0.05692873434808919,0.0,-6.869504964868155e-13,var156,temporal_holdout,MI continuous XGBoost
0.02,1085,72,1006,0.047437223737421236,0.04730555816796765,0.0,6.451612903225642,var156,temporal_holdout,MI continuous XGBoost
0.03,1085,72,970,0.03870967741935484,0.03748396598413227,0.0,39.63133640552978,var156,temporal_holdout,MI continuous XGBoost
0.04,1085,71,903,0.030760368663594464,0.027457757296466975,0.0,79.26267281105972,var156,temporal_holdout,MI continuous XGBoost
0.05,1085,68,824,0.02270191608052389,0.017220470531166626,0.0,104.14746543778799,var156,temporal_holdout,MI continuous XGBoost
0.06,1085,67,745,0.017923325816256497,0.006765369153838623,0.0,174.80798771121337,var156,temporal_holdout,MI continuous XGBoost
0.07,1085,64,652,0.013755512610871603,-0.003914573113324424,0.0,234.75971033574714,var156,temporal_holdout,MI continuous XGBoost
0.08,1085,54,545,0.006090963734722501,-0.014826688038469232,0.0,240.55299539170497,var156,temporal_holdout,MI continuous XGBoost
0.09,1085,48,451,0.0031295893047045107,-0.025978629665265596,0.0,294.31643625192,var156,temporal_holdout,MI continuous XGBoost
0.1,1085,42,359,0.001945724526369684,-0.0373783922171019,0.0,353.9170506912443,var156,temporal_holdout,MI continuous XGBoost
0.11,1085,35,293,-0.0011184176461450856,-0.04903432920830528,0.0,387.6832844574779,var156,temporal_holdout,MI continuous XGBoost
0.12,1085,27,232,-0.004273146208630077,-0.06095517385839966,0.0,415.66820276497697,var156,temporal_holdout,MI continuous XGBoost
0.13,1085,20,179,-0.006218549711319456,-0.07315006091424334,0.0,447.92626728110594,var156,temporal_holdout,MI continuous XGBoost
0.14,1085,14,127,-0.006151537884471121,-0.08562854999464153,0.0,488.2159315339039,var156,temporal_holdout,MI continuous XGBoost
0.15,1085,9,86,-0.005692599620493359,-0.09840065058281378,0.0,525.3456221198156,var156,temporal_holdout,MI continuous XGBoost
0.16,1085,6,50,-0.003247750713188503,-0.11147684880403777,0.0,568.2027649769586,var156,temporal_holdout,MI continuous XGBoost
0.17,1085,4,21,-0.00027760812836599875,-0.12486813613902617,0.0,608.294930875576,var156,temporal_holdout,MI continuous XGBoost
0.18,1085,4,11,0.0014611666853995733,-0.13858604023828253,0.0,637.9928315412186,var156,temporal_holdout,MI continuous XGBoost
0.19,1085,2,7,0.0003299766740626956,-0.1526426580190021,0.0,652.1464952704341,var156,temporal_holdout,MI continuous XGBoost
0.2,1085,1,6,-0.0004608294930875576,-0.16705069124423963,0.0,666.3594470046082,var156,temporal_holdout,MI continuous XGBoost
0.21,1085,1,5,-0.00030333080557662015,-0.18182348480429328,0.0,682.861531709458,var156,temporal_holdout,MI continuous XGBoost
0.22,1085,1,3,0.00014179369018078695,-0.19697506794280986,0.0,698.8688730624214,var156,temporal_holdout,MI continuous XGBoost
0.23,1085,1,3,9.575677778442758e-05,-0.21252019869531388,0.0,711.8012422360248,var156,temporal_holdout,MI continuous XGBoost
0.24,1085,0,3,-0.000873150618481688,-0.2284744118360417,0.0,720.73732718894,var156,temporal_holdout,MI continuous XGBoost
0.25,1085,0,2,-0.0006144393241167435,-0.24485407066052225,0.0,732.7188940092166,var156,temporal_holdout,MI continuous XGBoost
0.26,1085,0,1,-0.0003238261302777432,-0.26167642296674554,0.0,743.8496986884082,var156,temporal_holdout,MI continuous XGBoost
0.27,1085,0,1,-0.00034088757022915226,-0.27895966163752295,0.0,753.3026113671276,var156,temporal_holdout,MI continuous XGBoost
0.28,1085,0,1,-0.0003584229390681004,-0.2967229902713774,0.0,762.0803159973666,var156,temporal_holdout,MI continuous XGBoost
0.29,1085,0,1,-0.0003764522619588499,-0.3149866943597066,0.0,770.2526616875894,var156,temporal_holdout,MI continuous XGBoost
0.3,1085,0,0,0.0,-0.3337722185648453,0.0,778.8018433179723,var156,temporal_holdout,MI continuous XGBoost
0.31,1085,0,0,0.0,-0.3531022507179591,0.0,785.9372677270702,var156,temporal_holdout,MI continuous XGBoost
0.32,1085,0,0,0.0,-0.3730008132285173,0.0,792.6267281105992,var156,temporal_holdout,MI continuous XGBoost
0.33,1085,0,0,0.0,-0.39349336267968915,0.0,798.9107666527021,var156,temporal_holdout,MI continuous XGBoost
0.34,1085,0,0,0.0,-0.41460689847786636,0.0,804.8251558687992,var156,temporal_holdout,MI continuous XGBoost
0.35,1085,0,0,0.0,-0.4363700815313719,0.0,810.4015799868336,var156,temporal_holdout,MI continuous XGBoost
0.36,1085,0,0,0.0,-0.4588133640552996,0.0,815.6682027649771,var156,temporal_holdout,MI continuous XGBoost
0.37,1085,0,0,0.0,-0.481969131738717,0.0,820.6501432307884,var156,temporal_holdout,MI continuous XGBoost
0.38,1085,0,0,0.0,-0.5058718596699867,0.0,825.3698763036625,var156,temporal_holdout,MI continuous XGBoost
0.39,1085,0,0,0.0,-0.5305582835990029,0.0,829.8475717830557,var156,temporal_holdout,MI continuous XGBoost
0.4,1085,0,0,0.0,-0.556067588325653,0.0,834.1013824884793,var156,temporal_holdout,MI continuous XGBoost
0.41,1085,0,0,0.0,-0.5824416152464265,0.0,838.1476902326626,var156,temporal_holdout,MI continuous XGBoost
0.42,1085,0,0,0.0,-0.609725091371365,0.0,842.0013166556946,var156,temporal_holdout,MI continuous XGBoost
0.43,1085,0,0,0.0,-0.6379658824480555,0.0,845.6757046404458,var156,temporal_holdout,MI continuous XGBoost
0.44,1085,0,0,0.0,-0.6672152732060567,0.0,849.1830749895267,var156,temporal_holdout,MI continuous XGBoost
0.45,1085,0,0,0.0,-0.6975282781734394,0.0,852.5345622119816,var156,temporal_holdout,MI continuous XGBoost
0.46,1085,0,0,0.0,-0.7289639870285032,0.0,855.7403325986777,var156,temporal_holdout,MI continuous XGBoost
0.47,1085,0,0,0.0,-0.7615859490479089,0.0,858.8096872242378,var156,temporal_holdout,MI continuous XGBoost
0.48,1085,0,0,0.0,-0.7954626019142148,0.0,861.7511520737328,var156,temporal_holdout,MI continuous XGBoost
0.49,1085,0,0,0.0,-0.8306677509713563,0.0,864.5725571334525,var156,temporal_holdout,MI continuous XGBoost
0.5,1085,0,0,0.0,-0.8672811059907835,0.0,867.2811059907834,var156,temporal_holdout,MI continuous XGBoost
0.01,1085,72,1010,0.05695666340827631,0.05692873434808919,0.0,2.7649769585250876,var156,temporal_holdout,MI spline LASSO
0.02,1085,71,990,0.04681651462428289,0.04730555816796765,0.0,-23.96313364055316,var156,temporal_holdout,MI spline LASSO
0.03,1085,69,932,0.03702788731056107,0.03748396598413227,0.0,-14.746543778802051,var156,temporal_holdout,MI spline LASSO
0.04,1085,68,857,0.02976190476190476,0.027457757296466975,0.0,55.29953917050683,var156,temporal_holdout,MI spline LASSO
0.05,1085,66,777,0.02313849138976473,0.017220470531166626,0.0,112.44239631336399,var156,temporal_holdout,MI spline LASSO
0.06,1085,64,693,0.018217472301206003,0.006765369153838623,0.0,179.416282642089,var156,temporal_holdout,MI spline LASSO
0.07,1085,60,621,0.012219414300579746,-0.003914573113324424,0.0,214.3515470704411,var156,temporal_holdout,MI spline LASSO
0.08,1085,54,541,0.0064115407733921085,-0.014826688038469232,0.0,244.2396313364054,var156,temporal_holdout,MI spline LASSO
0.09,1085,52,461,0.005904694383957059,-0.025978629665265596,0.0,322.3758320532513,var156,temporal_holdout,MI spline LASSO
0.1,1085,43,388,-0.00010240655401946016,-0.0373783922171019,0.0,335.48387096774195,var156,temporal_holdout,MI spline LASSO
0.11,1085,34,305,-0.003407031533164186,-0.04903432920830528,0.0,369.16631755341433,var156,temporal_holdout,MI spline LASSO
0.12,1085,32,239,-0.0005446166736489276,-0.06095517385839966,0.0,443.0107526881721,var156,temporal_holdout,MI spline LASSO
0.13,1085,22,182,-0.004788389215530486,-0.07315006091424334,0.0,457.49734136830904,var156,temporal_holdout,MI spline LASSO
0.14,1085,16,147,-0.0073089700996677755,-0.08562854999464153,0.0,481.1059907834102,var156,temporal_holdout,MI spline LASSO
0.15,1085,13,109,-0.0057468148549742505,-0.09840065058281378,0.0,525.0384024577573,var156,temporal_holdout,MI spline LASSO
0.16,1085,10,81,-0.005003291639236342,-0.11147684880403777,0.0,558.9861751152074,var156,temporal_holdout,MI spline LASSO
0.17,1085,7,65,-0.005818666370551332,-0.12486813613902617,0.0,581.2415288696125,var156,temporal_holdout,MI spline LASSO
0.18,1085,5,33,-0.0020681128470270873,-0.13858604023828253,0.0,621.9150025601638,var156,temporal_holdout,MI spline LASSO
0.19,1085,5,22,-0.00014792057802810474,-0.1526426580190021,0.0,650.1091438273103,var156,temporal_holdout,MI spline LASSO
0.2,1085,4,12,0.0009216589861751152,-0.16705069124423963,0.0,671.889400921659,var156,temporal_holdout,MI spline LASSO
0.21,1085,3,6,0.0012949892084232633,-0.18182348480429328,0.0,688.8742593811719,var156,temporal_holdout,MI spline LASSO
0.22,1085,3,5,0.0014652014652014654,-0.19697506794280986,0.0,703.5609551738584,var156,temporal_holdout,MI spline LASSO
0.23,1085,3,3,0.001939074750134658,-0.21252019869531388,0.0,717.9723502304147,var156,temporal_holdout,MI spline LASSO
0.24,1085,2,2,0.0012612175600291051,-0.2284744118360417,0.0,727.4961597542243,var156,temporal_holdout,MI spline LASSO
0.25,1085,2,1,0.0015360983102918587,-0.24485407066052225,0.0,739.1705069124423,var156,temporal_holdout,MI spline LASSO
0.26,1085,2,1,0.0015194918420724872,-0.26167642296674554,0.0,749.0960652250974,var156,temporal_holdout,MI spline LASSO
0.27,1085,2,1,0.001502430402121078,-0.27895966163752295,0.0,758.2863969960745,var156,temporal_holdout,MI spline LASSO
0.28,1085,2,1,0.00148489503328213,-0.2967229902713774,0.0,766.8202764976958,var156,temporal_holdout,MI spline LASSO
0.29,1085,2,1,0.0014668657103913806,-0.3149866943597066,0.0,774.7656125854123,var156,temporal_holdout,MI spline LASSO
0.3,1085,0,1,-0.0003949967083607637,-0.3337722185648453,0.0,777.8801843317972,var156,temporal_holdout,MI spline LASSO
0.31,1085,0,1,-0.0004140786749482402,-0.3531022507179591,0.0,785.015608740895,var156,temporal_holdout,MI spline LASSO
0.32,1085,0,1,-0.0004337218758471131,-0.3730008132285173,0.0,791.7050691244241,var156,temporal_holdout,MI spline LASSO
0.33,1085,0,1,-0.0004539514409519225,-0.39349336267968915,0.0,797.9891076665268,var156,temporal_holdout,MI spline LASSO
0.34,1085,0,1,-0.00047479402318112006,-0.41460689847786636,0.0,803.903496882624,var156,temporal_holdout,MI spline LASSO
0.35,1085,0,1,-0.0004962779156327543,-0.4363700815313719,0.0,809.4799210006585,var156,temporal_holdout,MI spline LASSO
0.36,1085,0,0,0.0,-0.4588133640552996,0.0,815.6682027649771,var156,temporal_holdout,MI spline LASSO
0.37,1085,0,0,0.0,-0.481969131738717,0.0,820.6501432307884,var156,temporal_holdout,MI spline LASSO
0.38,1085,0,0,0.0,-0.5058718596699867,0.0,825.3698763036625,var156,temporal_holdout,MI spline LASSO
0.39,1085,0,0,0.0,-0.5305582835990029,0.0,829.8475717830557,var156,temporal_holdout,MI spline LASSO
0.4,1085,0,0,0.0,-0.556067588325653,0.0,834.1013824884793,var156,temporal_holdout,MI spline LASSO
0.41,1085,0,0,0.0,-0.5824416152464265,0.0,838.1476902326626,var156,temporal_holdout,MI spline LASSO
0.42,1085,0,0,0.0,-0.609725091371365,0.0,842.0013166556946,var156,temporal_holdout,MI spline LASSO
0.43,1085,0,0,0.0,-0.6379658824480555,0.0,845.6757046404458,var156,temporal_holdout,MI spline LASSO
0.44,1085,0,0,0.0,-0.6672152732060567,0.0,849.1830749895267,var156,temporal_holdout,MI spline LASSO
0.45,1085,0,0,0.0,-0.6975282781734394,0.0,852.5345622119816,var156,temporal_holdout,MI spline LASSO
0.46,1085,0,0,0.0,-0.7289639870285032,0.0,855.7403325986777,var156,temporal_holdout,MI spline LASSO
0.47,1085,0,0,0.0,-0.7615859490479089,0.0,858.8096872242378,var156,temporal_holdout,MI spline LASSO
0.48,1085,0,0,0.0,-0.7954626019142148,0.0,861.7511520737328,var156,temporal_holdout,MI spline LASSO
0.49,1085,0,0,0.0,-0.8306677509713563,0.0,864.5725571334525,var156,temporal_holdout,MI spline LASSO
0.5,1085,0,0,0.0,-0.8672811059907835,0.0,867.2811059907834,var156,temporal_holdout,MI spline LASSO
0.01,21762,1544,20218,0.061565011385799916,0.061565011385799916,0.0,0.0,var157,nested_cv,MI continuous XGBoost
0.02,21762,1543,20156,0.052001335411473656,0.05198914415504277,0.0,0.5973715651133721,var157,nested_cv,MI continuous XGBoost
0.03,21762,1534,19691,0.042505284440768315,0.04221583636282672,0.0,9.358821186778249,var157,nested_cv,MI continuous XGBoost
0.04,21762,1480,18367,0.032842033514076524,0.03223891799160616,0.0,14.474772539288804,var157,nested_cv,MI continuous XGBoost
0.05,21762,1381,16310,0.02401336951421841,0.022051959233623068,0.0,37.266795331311506,var157,nested_cv,MI continuous XGBoost
0.06,21762,1235,13585,0.01690434428938204,0.011648256672278638,0.0,82.34537266795331,var157,nested_cv,MI continuous XGBoost
0.07,21762,997,10414,0.009794620790111591,0.001020818571980539,0.0,116.56622946945538,var157,nested_cv,MI continuous XGBoost
0.08,21762,720,6800,0.005913778704802546,-0.009837650791367475,0.0,181.1414392059552,var157,nested_cv,MI continuous XGBoost
0.09,21762,425,3739,0.0025369355394169305,-0.02093476783303086,0.0,237.32500076586103,var157,nested_cv,MI continuous XGBoost
0.1,21762,232,1972,0.0005922658252407355,-0.03227848747562009,0.0,295.83677970774744,var157,nested_cv,MI continuous XGBoost
0.11,21762,122,861,0.0007161230430530906,-0.04387712216635739,0.0,360.7998930579575,var157,nested_cv,MI continuous XGBoost
0.12,21762,43,325,-6.057264121780227e-05,-0.05573936219097507,0.0,408.31112336488667,var157,nested_cv,MI continuous XGBoost
0.13,21762,21,131,6.549431836788157e-05,-0.06787429738857252,0.0,454.67399065413963,var157,nested_cv,MI continuous XGBoost
0.14,21762,11,55,9.404060416813605e-05,-0.0802914403814629,0.0,493.7965260545906,var157,nested_cv,MI continuous XGBoost
0.15,21762,2,18,-5.4060775123393734e-05,-0.09300075144477422,0.0,526.697913794688,var157,nested_cv,MI continuous XGBoost
0.16,21762,1,9,-3.282261346777477e-05,-0.1060126651524501,0.0,556.3941733296572,var157,nested_cv,MI continuous XGBoost
0.17,21762,0,6,-5.647071329154502e-05,-0.1193381189494676,0.0,582.3751060942712,var157,nested_cv,MI continuous XGBoost
0.18,21762,0,2,-2.0173899009461555e-05,-0.13298858381470496,0.0,605.7449785048351,var157,nested_cv,MI continuous XGBoost
0.19,21762,0,1,-1.0778784175837142e-05,-0.14697609719513344,0.0,626.5363574361877,var157,nested_cv,MI continuous XGBoost
0.2,21762,0,0,0.0,-0.16131329841007258,0.0,645.2531936402903,var157,nested_cv,MI continuous XGBoost
0.21,21762,0,0,0.0,-0.1760134667443773,0.0,662.1458987050385,var157,nested_cv,MI continuous XGBoost
0.22,21762,0,0,0.0,-0.19109056247186934,0.0,677.5029033093549,var157,nested_cv,MI continuous XGBoost
0.23,21762,0,0,0.0,-0.20655927107540012,0.0,691.5245162089483,var157,nested_cv,MI continuous XGBoost
0.24,21762,0,0,0.0,-0.22243505095797117,0.0,704.3776613669087,var157,nested_cv,MI continuous XGBoost
0.25,21762,0,0,0.0,-0.2387341849707441,0.0,716.2025549122324,var157,nested_cv,MI continuous XGBoost
0.26,21762,0,0,0.0,-0.25547383611899743,0.0,727.1178412617619,var157,nested_cv,MI continuous XGBoost
0.27,21762,0,0,0.0,-0.27267210784665497,0.0,737.2245878816966,var157,nested_cv,MI continuous XGBoost
0.28,21762,0,0,0.0,-0.29034810934452515,0.0,746.6094240287788,var157,nested_cv,MI continuous XGBoost
0.29,21762,0,0,0.0,-0.3085220263775466,0.0,755.347030096752,var157,nested_cv,MI continuous XGBoost
0.3,21762,0,0,0.0,-0.32721519818294015,0.0,763.502129093527,var157,nested_cv,MI continuous XGBoost
0.31,21762,0,0,0.0,-0.34645020105515667,0.0,771.1310926711551,var157,nested_cv,MI continuous XGBoost
0.32,21762,0,0,0.0,-0.3662509393059678,0.0,778.2832460251815,var157,nested_cv,MI continuous XGBoost
0.33,21762,0,0,0.0,-0.38664274437023605,0.0,785.00193553957,var157,nested_cv,MI continuous XGBoost
0.34,21762,0,0,0.0,-0.4076524829213002,0.0,791.3254080237002,var157,nested_cv,MI continuous XGBoost
0.35,21762,0,0,0.0,-0.4293086749662432,0.0,797.2875392230231,var157,nested_cv,MI continuous XGBoost
0.36,21762,0,0,0.0,-0.45164162301259075,0.0,802.9184409112725,var157,nested_cv,MI continuous XGBoost
0.37,21762,0,0,0.0,-0.47468355353660013,0.0,808.2449695352922,var157,nested_cv,MI continuous XGBoost
0.38,21762,0,0,0.0,-0.49846877214202917,0.0,813.2911545475212,var157,nested_cv,MI continuous XGBoost
0.39,21762,0,0,0.0,-0.523033833980423,0.0,818.0785608411744,var157,nested_cv,MI continuous XGBoost
0.4,21762,0,0,0.0,-0.5484177312134302,0.0,822.6265968201452,var157,nested_cv,MI continuous XGBoost
0.41,21762,0,0,0.0,-0.5746620995390812,0.0,826.9527773855074,var157,nested_cv,MI continuous XGBoost
0.42,21762,0,0,0.0,-0.6018114460828586,0.0,831.0729493525192,var157,nested_cv,MI continuous XGBoost
0.43,21762,0,0,0.0,-0.6299134012772947,0.0,835.0014854140884,var157,nested_cv,MI continuous XGBoost
0.44,21762,0,0,0.0,-0.6590189977286751,0.0,838.7514516546775,var157,nested_cv,MI continuous XGBoost
0.45,21762,0,0,0.0,-0.6891829795055601,0.0,842.334752729018,var157,nested_cv,MI continuous XGBoost
0.46,21762,0,0,0.0,-0.7204641457927001,0.0,845.7622581044741,var157,nested_cv,MI continuous XGBoost
0.47,21762,0,0,0.0,-0.752925733449166,0.0,849.0439121873575,var157,nested_cv,MI continuous XGBoost
0.48,21762,0,0,0.0,-0.7866358437078038,0.0,852.1888306834542,var157,nested_cv,MI continuous XGBoost
0.49,21762,0,0,0.0,-0.8216679190746236,0.0,855.2053851593021,var157,nested_cv,MI continuous XGBoost
0.5,21762,0,0,0.0,-0.8581012774561161,0.0,858.1012774561161,var157,nested_cv,MI continuous XGBoost
0.01,21762,1544,20207,0.06157011712567268,0.061565011385799916,0.0,0.5054682474037869,var157,nested_cv,MI spline LASSO
0.02,21762,1538,20067,0.051855040334303,0.05198914415504277,0.0,-6.571087216248792,var157,nested_cv,MI spline LASSO
0.03,21762,1525,19419,0.042478281919585546,0.04221583636282672,0.0,8.485739668535393,var157,nested_cv,MI spline LASSO
0.04,21762,1474,17894,0.0334719541708789,0.03223891799160616,0.0,29.592868302545813,var157,nested_cv,MI spline LASSO
0.05,21762,1358,15622,0.024620415112775046,0.022051959233623068,0.0,48.80066170388757,var157,nested_cv,MI spline LASSO
0.06,21762,1198,12905,0.017198630445027153,0.011648256672278638,0.0,86.95585577306008,var157,nested_cv,MI spline LASSO
0.07,21762,975,10075,0.00995619275189167,0.001020818571980539,0.0,118.71282839024785,var157,nested_cv,MI spline LASSO
0.08,21762,770,7103,0.0070006353316311234,-0.009837650791367475,0.0,193.64029041448387,var157,nested_cv,MI spline LASSO
0.09,21762,519,4549,0.00317520913054412,-0.02093476783303086,0.0,243.7786559650359,var157,nested_cv,MI spline LASSO
0.1,21762,305,2621,0.000633111744222855,-0.03227848747562009,0.0,296.20439297858655,var157,nested_cv,MI spline LASSO
0.11,21762,161,1295,4.337010498663286e-05,-0.04387712216635739,0.0,355.3567101954198,var157,nested_cv,MI spline LASSO
0.12,21762,89,646,4.177423532262296e-05,-0.05573936219097507,0.0,409.0616671261831,var157,nested_cv,MI spline LASSO
0.13,21762,53,338,0.0001146150571437925,-0.06787429738857252,0.0,455.0027217521014,var157,nested_cv,MI spline LASSO
0.14,21762,29,191,-9.617789062650295e-05,-0.0802914403814629,0.0,492.6280410151378,var157,nested_cv,MI spline LASSO
0.15,21762,21,123,-3.243646507403628e-05,-0.09300075144477422,0.0,526.8204515516344,var157,nested_cv,MI spline LASSO
0.16,21762,13,63,4.595165885488458e-05,-0.1060126651524501,0.0,556.8077382593511,var157,nested_cv,MI spline LASSO
0.17,21762,6,37,-7.252611216855295e-05,-0.1193381189494676,0.0,582.2967179703423,var157,nested_cv,MI spline LASSO
0.18,21762,1,13,-8.517868470661547e-05,-0.13298858381470496,0.0,605.4488455922148,var157,nested_cv,MI spline LASSO
0.19,21762,0,4,-4.311513670334857e-05,-0.14697609719513344,0.0,626.398502459623,var157,nested_cv,MI spline LASSO
0.2,21762,0,1,-1.1487914713721165e-05,-0.16131329841007258,0.0,645.2072419814355,var157,nested_cv,MI spline LASSO
0.21,21762,0,1,-1.2214997923450351e-05,-0.1760134667443773,0.0,662.0999470461836,var157,nested_cv,MI spline LASSO
0.22,21762,0,1,-1.2960724292403366e-05,-0.19109056247186934,0.0,677.4569516505001,var157,nested_cv,MI spline LASSO
0.23,21762,0,1,-1.372582017743308e-05,-0.20655927107540012,0.0,691.4785645500933,var157,nested_cv,MI spline LASSO
0.24,21762,0,1,-1.4511050164700419e-05,-0.22243505095797117,0.0,704.3317097080538,var157,nested_cv,MI spline LASSO
0.25,21762,0,0,0.0,-0.2387341849707441,0.0,716.2025549122324,var157,nested_cv,MI spline LASSO
0.26,21762,0,0,0.0,-0.25547383611899743,0.0,727.1178412617619,var157,nested_cv,MI spline LASSO
0.27,21762,0,0,0.0,-0.27267210784665497,0.0,737.2245878816966,var157,nested_cv,MI spline LASSO
0.28,21762,0,0,0.0,-0.29034810934452515,0.0,746.6094240287788,var157,nested_cv,MI spline LASSO
0.29,21762,0,0,0.0,-0.3085220263775466,0.0,755.347030096752,var157,nested_cv,MI spline LASSO
0.3,21762,0,0,0.0,-0.32721519818294015,0.0,763.502129093527,var157,nested_cv,MI spline LASSO
0.31,21762,0,0,0.0,-0.34645020105515667,0.0,771.1310926711551,var157,nested_cv,MI spline LASSO
0.32,21762,0,0,0.0,-0.3662509393059678,0.0,778.2832460251815,var157,nested_cv,MI spline LASSO
0.33,21762,0,0,0.0,-0.38664274437023605,0.0,785.00193553957,var157,nested_cv,MI spline LASSO
0.34,21762,0,0,0.0,-0.4076524829213002,0.0,791.3254080237002,var157,nested_cv,MI spline LASSO
0.35,21762,0,0,0.0,-0.4293086749662432,0.0,797.2875392230231,var157,nested_cv,MI spline LASSO
0.36,21762,0,0,0.0,-0.45164162301259075,0.0,802.9184409112725,var157,nested_cv,MI spline LASSO
0.37,21762,0,0,0.0,-0.47468355353660013,0.0,808.2449695352922,var157,nested_cv,MI spline LASSO
0.38,21762,0,0,0.0,-0.49846877214202917,0.0,813.2911545475212,var157,nested_cv,MI spline LASSO
0.39,21762,0,0,0.0,-0.523033833980423,0.0,818.0785608411744,var157,nested_cv,MI spline LASSO
0.4,21762,0,0,0.0,-0.5484177312134302,0.0,822.6265968201452,var157,nested_cv,MI spline LASSO
0.41,21762,0,0,0.0,-0.5746620995390812,0.0,826.9527773855074,var157,nested_cv,MI spline LASSO
0.42,21762,0,0,0.0,-0.6018114460828586,0.0,831.0729493525192,var157,nested_cv,MI spline LASSO
0.43,21762,0,0,0.0,-0.6299134012772947,0.0,835.0014854140884,var157,nested_cv,MI spline LASSO
0.44,21762,0,0,0.0,-0.6590189977286751,0.0,838.7514516546775,var157,nested_cv,MI spline LASSO
0.45,21762,0,0,0.0,-0.6891829795055601,0.0,842.334752729018,var157,nested_cv,MI spline LASSO
0.46,21762,0,0,0.0,-0.7204641457927001,0.0,845.7622581044741,var157,nested_cv,MI spline LASSO
0.47,21762,0,0,0.0,-0.752925733449166,0.0,849.0439121873575,var157,nested_cv,MI spline LASSO
0.48,21762,0,0,0.0,-0.7866358437078038,0.0,852.1888306834542,var157,nested_cv,MI spline LASSO
0.49,21762,0,0,0.0,-0.8216679190746236,0.0,855.2053851593021,var157,nested_cv,MI spline LASSO
0.5,21762,0,0,0.0,-0.8581012774561161,0.0,858.1012774561161,var157,nested_cv,MI spline LASSO
0.01,1085,58,1027,0.04389517292743099,0.04389517292743099,0.0,0.0,var157,temporal_holdout,MI continuous XGBoost
0.02,1085,58,1022,0.03423304805793285,0.03413900122260886,0.0,4.608294930875556,var157,temporal_holdout,MI continuous XGBoost
0.03,1085,57,1010,0.02374459594280013,0.024181671338305857,0.0,-14.132104454685187,var157,temporal_holdout,MI continuous XGBoost
0.04,1085,56,953,0.015015360983102917,0.014016897081413203,0.0,23.96313364055313,var157,temporal_holdout,MI continuous XGBoost
0.05,1085,56,854,0.01018675721561969,0.0036381275770070304,0.0,124.42396313364053,var157,temporal_holdout,MI continuous XGBoost
0.06,1085,50,712,0.004196489851946275,-0.006961466810471613,0.0,174.8079877112136,var157,temporal_holdout,MI continuous XGBoost
0.07,1085,40,535,-0.00024775779198256826,-0.017789009464347666,0.0,233.04805793285055,var157,temporal_holdout,MI continuous XGBoost
0.08,1085,29,338,-0.0003606491685033051,-0.028851933480264477,0.0,327.64976958525347,var157,temporal_holdout,MI continuous XGBoost
0.09,1085,16,185,-0.002116777231984604,-0.0401579986833443,0.0,384.6390168970814,var157,temporal_holdout,MI continuous XGBoost
0.1,1085,7,88,-0.002560163850486432,-0.05171530977982593,0.0,442.3963133640554,var157,temporal_holdout,MI continuous XGBoost
0.11,1085,6,40,0.0009734375809040546,-0.06353233573240823,0.0,521.9103477167994,var157,temporal_holdout,MI continuous XGBoost
0.12,1085,3,17,0.000628403854210306,-0.07561793045664014,0.0,559.1397849462367,var157,temporal_holdout,MI continuous XGBoost
0.13,1085,1,8,-0.00018009428465490766,-0.08798135494464751,0.0,587.5930521091813,var157,temporal_holdout,MI continuous XGBoost
0.14,1085,1,3,0.00047154645804308224,-0.10063230093237596,0.0,621.0664911125741,var157,temporal_holdout,MI continuous XGBoost
0.15,1085,0,1,-0.0001626457034426674,-0.11358091623746275,0.0,642.7035330261137,var157,temporal_holdout,MI continuous XGBoost
0.16,1085,0,0,0.0,-0.12683783190695636,0.0,665.8986175115208,var157,temporal_holdout,MI continuous XGBoost
0.17,1085,0,0,0.0,-0.1404141913275221,0.0,685.551640010843,var157,temporal_holdout,MI continuous XGBoost
0.18,1085,0,0,0.0,-0.15432168146566258,0.0,703.020993343574,var157,temporal_holdout,MI continuous XGBoost
0.19,1085,0,0,0.0,-0.16857256642202878,0.0,718.6514673781227,var157,temporal_holdout,MI continuous XGBoost
0.2,1085,0,0,0.0,-0.18317972350230416,0.0,732.7188940092167,var157,temporal_holdout,MI continuous XGBoost
0.21,1085,0,0,0.0,-0.19815668202764974,0.0,745.4465657230635,var157,temporal_holdout,MI continuous XGBoost
0.22,1085,0,0,0.0,-0.21351766513056836,0.0,757.017176372015,var157,temporal_holdout,MI continuous XGBoost
0.23,1085,0,0,0.0,-0.22927763480758873,0.0,767.5816469645363,var157,temporal_holdout,MI continuous XGBoost
0.24,1085,0,0,0.0,-0.2454523405287412,0.0,777.2657450076805,var157,temporal_holdout,MI continuous XGBoost
0.25,1085,0,0,0.0,-0.2620583717357911,0.0,786.1751152073733,var157,temporal_holdout,MI continuous XGBoost
0.26,1085,0,0,0.0,-0.2791132145970856,0.0,794.399149237859,var157,temporal_holdout,MI continuous XGBoost
0.27,1085,0,0,0.0,-0.2966353134271827,0.0,802.0139955623828,var157,temporal_holdout,MI continuous XGBoost
0.28,1085,0,0,0.0,-0.31464413722478246,0.0,809.0849242922976,var157,temporal_holdout,MI continuous XGBoost
0.29,1085,0,0,0.0,-0.33316025183358217,0.0,815.668202764977,var157,temporal_holdout,MI continuous XGBoost
0.3,1085,0,0,0.0,-0.3522053982883476,0.0,821.8125960061444,var157,temporal_holdout,MI continuous XGBoost
0.31,1085,0,0,0.0,-0.37180257797368604,0.0,827.5605767801399,var157,temporal_holdout,MI continuous XGBoost
0.32,1085,0,0,0.0,-0.3919761452968285,0.0,832.9493087557604,var157,temporal_holdout,MI continuous XGBoost
0.33,1085,0,0,0.0,-0.41275190865946776,0.0,838.0114509146767,var157,temporal_holdout,MI continuous XGBoost
0.34,1085,0,0,0.0,-0.43415724060885363,0.0,842.7758200054216,var157,temporal_holdout,MI continuous XGBoost
0.35,1085,0,0,0.0,-0.456221198156682,0.0,847.267939433838,var157,temporal_holdout,MI continuous XGBoost
0.36,1085,0,0,0.0,-0.47897465437788017,0.0,851.510496671787,var157,temporal_holdout,MI continuous XGBoost
0.37,1085,0,0,0.0,-0.5024504425426084,0.0,855.5237264914683,var157,temporal_holdout,MI continuous XGBoost
0.38,1085,0,0,0.0,-0.5266835141965216,0.0,859.3257336890615,var157,temporal_holdout,MI continuous XGBoost
0.39,1085,0,0,0.0,-0.5517111127899073,0.0,862.9327661585728,var157,temporal_holdout,MI continuous XGBoost
0.4,1085,0,0,0.0,-0.577572964669739,0.0,866.3594470046083,var157,temporal_holdout,MI continuous XGBoost
0.41,1085,0,0,0.0,-0.6043114894946495,0.0,869.6189726874227,var157,temporal_holdout,MI continuous XGBoost
0.42,1085,0,0,0.0,-0.6319720324169711,0.0,872.7232828615316,var157,temporal_holdout,MI continuous XGBoost
0.43,1085,0,0,0.0,-0.6606031207049883,0.0,875.6832065159148,var157,temporal_holdout,MI continuous XGBoost
0.44,1085,0,0,0.0,-0.6902567478604344,0.0,878.5085881860075,var157,temporal_holdout,MI continuous XGBoost
0.45,1085,0,0,0.0,-0.7209886887306243,0.0,881.2083973374297,var157,temporal_holdout,MI continuous XGBoost
0.46,1085,0,0,0.0,-0.7528588496330433,0.0,883.7908234822683,var157,temporal_holdout,MI continuous XGBoost
0.47,1085,0,0,0.0,-0.7859316581166855,0.0,886.2633591528582,var157,temporal_holdout,MI continuous XGBoost
0.48,1085,0,0,0.0,-0.8202764976958525,0.0,888.6328725038403,var157,temporal_holdout,MI continuous XGBoost
0.49,1085,0,0,0.0,-0.8559681937291046,0.0,890.9056710241701,var157,temporal_holdout,MI continuous XGBoost
0.5,1085,0,0,0.0,-0.8930875576036867,0.0,893.0875576036867,var157,temporal_holdout,MI continuous XGBoost
0.01,1085,58,1027,0.04389517292743099,0.04389517292743099,0.0,0.0,var157,temporal_holdout,MI spline LASSO
0.02,1085,57,1023,0.03329257970469294,0.03413900122260886,0.0,-41.47465437788,var157,temporal_holdout,MI spline LASSO
0.03,1085,57,993,0.024229179533469522,0.024181671338305857,0.0,1.5360983102918242,var157,temporal_holdout,MI spline LASSO
0.04,1085,56,937,0.01562980030721966,0.014016897081413203,0.0,38.70967741935493,var157,temporal_holdout,MI spline LASSO
0.05,1085,55,828,0.010526315789473682,0.0036381275770070304,0.0,130.87557603686636,var157,temporal_holdout,MI spline LASSO
0.06,1085,50,676,0.006314344543582706,-0.006961466810471613,0.0,207.98771121351768,var157,temporal_holdout,MI spline LASSO
0.07,1085,44,535,0.0034388781527178924,-0.017789009464347666,0.0,282.0276497695852,var157,temporal_holdout,MI spline LASSO
0.08,1085,30,387,-0.003366058906030854,-0.028851933480264477,0.0,293.0875576036867,var157,temporal_holdout,MI spline LASSO
0.09,1085,21,246,-0.0030688205803413166,-0.0401579986833443,0.0,375.0128008192524,var157,temporal_holdout,MI spline LASSO
0.1,1085,12,134,-0.002662570404505889,-0.05171530977982593,0.0,441.4746543778803,var157,temporal_holdout,MI spline LASSO
0.11,1085,7,75,-0.002091855227049137,-0.06353233573240823,0.0,497.1093422706326,var157,temporal_holdout,MI spline LASSO
0.12,1085,3,35,-0.001633850020946795,-0.07561793045664014,0.0,542.5499231950847,var157,temporal_holdout,MI spline LASSO
0.13,1085,3,19,0.00014831294030404115,-0.08798135494464751,0.0,589.7908543069834,var157,temporal_holdout,MI spline LASSO
0.14,1085,3,10,0.001264601864751902,-0.10063230093237596,0.0,625.9381171823568,var157,temporal_holdout,MI spline LASSO
0.15,1085,1,8,-0.000379506641366224,-0.11358091623746275,0.0,641.4746543778803,var157,temporal_holdout,MI spline LASSO
0.16,1085,0,4,-0.0007022163704191354,-0.12683783190695636,0.0,662.2119815668202,var157,temporal_holdout,MI spline LASSO
0.17,1085,0,2,-0.00037754705457775805,-0.1404141913275221,0.0,683.7083220384927,var157,temporal_holdout,MI spline LASSO
0.18,1085,0,2,-0.0004046307744183432,-0.15432168146566258,0.0,701.1776753712238,var157,temporal_holdout,MI spline LASSO
0.19,1085,0,2,-0.00043238322808215277,-0.16857256642202878,0.0,716.8081494057725,var157,temporal_holdout,MI spline LASSO
0.2,1085,0,0,0.0,-0.18317972350230416,0.0,732.7188940092167,var157,temporal_holdout,MI spline LASSO
0.21,1085,0,0,0.0,-0.19815668202764974,0.0,745.4465657230635,var157,temporal_holdout,MI spline LASSO
0.22,1085,0,0,0.0,-0.21351766513056836,0.0,757.017176372015,var157,temporal_holdout,MI spline LASSO
0.23,1085,0,0,0.0,-0.22927763480758873,0.0,767.5816469645363,var157,temporal_holdout,MI spline LASSO
0.24,1085,0,0,0.0,-0.2454523405287412,0.0,777.2657450076805,var157,temporal_holdout,MI spline LASSO
0.25,1085,0,0,0.0,-0.2620583717357911,0.0,786.1751152073733,var157,temporal_holdout,MI spline LASSO
0.26,1085,0,0,0.0,-0.2791132145970856,0.0,794.399149237859,var157,temporal_holdout,MI spline LASSO
0.27,1085,0,0,0.0,-0.2966353134271827,0.0,802.0139955623828,var157,temporal_holdout,MI spline LASSO
0.28,1085,0,0,0.0,-0.31464413722478246,0.0,809.0849242922976,var157,temporal_holdout,MI spline LASSO
0.29,1085,0,0,0.0,-0.33316025183358217,0.0,815.668202764977,var157,temporal_holdout,MI spline LASSO
0.3,1085,0,0,0.0,-0.3522053982883476,0.0,821.8125960061444,var157,temporal_holdout,MI spline LASSO
0.31,1085,0,0,0.0,-0.37180257797368604,0.0,827.5605767801399,var157,temporal_holdout,MI spline LASSO
0.32,1085,0,0,0.0,-0.3919761452968285,0.0,832.9493087557604,var157,temporal_holdout,MI spline LASSO
0.33,1085,0,0,0.0,-0.41275190865946776,0.0,838.0114509146767,var157,temporal_holdout,MI spline LASSO
0.34,1085,0,0,0.0,-0.43415724060885363,0.0,842.7758200054216,var157,temporal_holdout,MI spline LASSO
0.35,1085,0,0,0.0,-0.456221198156682,0.0,847.267939433838,var157,temporal_holdout,MI spline LASSO
0.36,1085,0,0,0.0,-0.47897465437788017,0.0,851.510496671787,var157,temporal_holdout,MI spline LASSO
0.37,1085,0,0,0.0,-0.5024504425426084,0.0,855.5237264914683,var157,temporal_holdout,MI spline LASSO
0.38,1085,0,0,0.0,-0.5266835141965216,0.0,859.3257336890615,var157,temporal_holdout,MI spline LASSO
0.39,1085,0,0,0.0,-0.5517111127899073,0.0,862.9327661585728,var157,temporal_holdout,MI spline LASSO
0.4,1085,0,0,0.0,-0.577572964669739,0.0,866.3594470046083,var157,temporal_holdout,MI spline LASSO
0.41,1085,0,0,0.0,-0.6043114894946495,0.0,869.6189726874227,var157,temporal_holdout,MI spline LASSO
0.42,1085,0,0,0.0,-0.6319720324169711,0.0,872.7232828615316,var157,temporal_holdout,MI spline LASSO
0.43,1085,0,0,0.0,-0.6606031207049883,0.0,875.6832065159148,var157,temporal_holdout,MI spline LASSO
0.44,1085,0,0,0.0,-0.6902567478604344,0.0,878.5085881860075,var157,temporal_holdout,MI spline LASSO
0.45,1085,0,0,0.0,-0.7209886887306243,0.0,881.2083973374297,var157,temporal_holdout,MI spline LASSO
0.46,1085,0,0,0.0,-0.7528588496330433,0.0,883.7908234822683,var157,temporal_holdout,MI spline LASSO
0.47,1085,0,0,0.0,-0.7859316581166855,0.0,886.2633591528582,var157,temporal_holdout,MI spline LASSO
0.48,1085,0,0,0.0,-0.8202764976958525,0.0,888.6328725038403,var157,temporal_holdout,MI spline LASSO
0.49,1085,0,0,0.0,-0.8559681937291046,0.0,890.9056710241701,var157,temporal_holdout,MI spline LASSO
0.5,1085,0,0,0.0,-0.8930875576036867,0.0,893.0875576036867,var157,temporal_holdout,MI spline LASSO
0.01,21762,1763,19999,0.0717300753143047,0.0717300753143047,0.0,0.0,var161,nested_cv,MI continuous XGBoost
0.02,21762,1763,19998,0.06225887101463139,0.06225793322567516,0.0,0.045951658855084,var161,nested_cv,MI continuous XGBoost
0.03,21762,1763,19900,0.05273118658552646,0.052590489238310986,0.0,4.549214226633652,var161,nested_cv,MI continuous XGBoost
0.04,21762,1742,19164,0.04335539012958367,0.04272164016787672,0.0,15.209999080966872,var161,nested_cv,MI continuous XGBoost
0.05,21762,1682,17379,0.03525943339186123,0.03264502585385437,0.0,49.67374322213034,var161,nested_cv,MI continuous XGBoost
0.06,21762,1559,15315,0.0267184453869423,0.022354015490597505,0.0,68.37606837606847,var161,nested_cv,MI continuous XGBoost
0.07,21762,1387,12841,0.019321437288832354,0.01184169307651789,0.0,99.373744535035,var161,nested_cv,MI continuous XGBoost
0.08,21762,1118,9680,0.012694645233214657,0.0011008419143061499,0.0,133.32873816744782,var161,nested_cv,MI continuous XGBoost
0.09,21762,778,6298,0.007128061718632441,-0.009876071910811371,0.0,171.93068447548742,var161,nested_cv,MI continuous XGBoost
0.1,21762,501,3487,0.005218066149965791,-0.021096917154264844,0.0,236.8348497380757,var161,nested_cv,MI continuous XGBoost
0.11,21762,304,1740,0.004087116084216483,-0.032569916223413875,0.0,296.58871594355475,var161,nested_cv,MI continuous XGBoost
0.12,21762,225,1087,0.0035278341729954635,-0.044303665271407194,0.0,350.76432925895284,var161,nested_cv,MI continuous XGBoost
0.13,21762,188,750,0.003489156993050207,-0.056307155676825704,0.0,400.1753232522464,var161,nested_cv,MI continuous XGBoost
0.14,21762,152,514,0.0031396738073407237,-0.06858979702190507,0.0,440.6238922367955,var161,nested_cv,MI continuous XGBoost
0.15,21762,131,376,0.0029706395930304847,-0.081161441692751,0.0,476.74846061942833,var161,nested_cv,MI continuous XGBoost
0.16,21762,111,287,0.0025886101154918356,-0.09403241123671233,0.0,507.26036209907176,var161,nested_cv,MI continuous XGBoost
0.17,21762,89,223,0.0019908694607489786,-0.10721352462510647,0.0,533.1743946544707,var161,nested_cv,MI continuous XGBoost
0.18,21762,78,180,0.0017685784798294635,-0.12071612858394917,0.0,557.9858877349916,var161,nested_cv,MI continuous XGBoost
0.19,21762,69,130,0.0017694225181282134,-0.13455213017140535,0.0,581.1603035711694,var161,nested_cv,MI continuous XGBoost
0.2,21762,57,97,0.0015049168274974727,-0.14873403179854794,0.0,600.9557945041817,var161,nested_cv,MI continuous XGBoost
0.21,21762,48,77,0.0012651247849287867,-0.16327496890992194,0.0,618.9841619949146,var161,nested_cv,MI continuous XGBoost
0.22,21762,42,63,0.0011134440414837436,-0.17818875056261327,0.0,635.7077808690714,var161,nested_cv,MI continuous XGBoost
0.23,21762,37,54,0.0009590170880493462,-0.19348990316732254,0.0,650.9811678114625,var161,nested_cv,MI continuous XGBoost
0.24,21762,33,49,0.0008053632841408733,-0.20919371768268205,0.0,664.9970897282726,var161,nested_cv,MI continuous XGBoost
0.25,21762,26,39,0.0005973715651135006,-0.22531630058511778,0.0,677.7410164506938,var161,nested_cv,MI continuous XGBoost
0.26,21762,23,30,0.0005725328305973467,-0.2418746289714032,0.0,690.0419220518477,var161,nested_cv,MI continuous XGBoost
0.27,21762,21,22,0.0005910768173251602,-0.25888661019018955,0.0,701.5507833906879,var161,nested_cv,MI continuous XGBoost
0.28,21762,16,18,0.00041356492969396195,-0.2763711464428311,0.0,711.7321149579216,var161,nested_cv,MI continuous XGBoost
0.29,21762,14,16,0.0003430194252547728,-0.29434820484343427,0.0,721.4854111405836,var161,nested_cv,MI continuous XGBoost
0.3,21762,13,14,0.00032166161198419265,-0.3128388934840548,0.0,730.7079618907577,var161,nested_cv,MI continuous XGBoost
0.31,21762,7,12,7.39222338100318e-05,-0.3318655441142585,0.0,738.833005742475,var161,nested_cv,MI continuous XGBoost
0.32,21762,6,11,3.784254258637559e-05,-0.35145180211593885,0.0,746.9154948993661,var161,nested_cv,MI continuous XGBoost
0.33,21762,5,10,3.429228272752566e-06,-0.37162272453557976,0.0,754.5137061266095,var161,nested_cv,MI continuous XGBoost
0.34,21762,5,9,1.6709694129048912e-05,-0.39240488702854304,0.0,761.7595701087162,var161,nested_cv,MI continuous XGBoost
0.35,21762,4,8,-1.4138971955349117e-05,-0.41382650067513593,0.0,768.5086717344782,var161,nested_cv,MI continuous XGBoost
0.36,21762,4,5,5.456759489017553e-05,-0.4359175397481849,0.0,775.061524165467,var161,nested_cv,MI continuous XGBoost
0.37,21762,4,4,7.585670668107943e-05,-0.45870988164894977,0.0,781.1757166595876,var161,nested_cv,MI continuous XGBoost
0.38,21762,4,4,7.115095564627302e-05,-0.4822374603852232,0.0,786.9245763982607,var161,nested_cv,MI continuous XGBoost
0.39,21762,3,4,2.0339258837407958e-05,-0.5065364351456367,0.0,792.306749709562,var161,nested_cv,MI continuous XGBoost
0.4,21762,1,4,-7.658609809147445e-05,-0.5316453757313974,0.0,797.3531844499587,var161,nested_cv,MI continuous XGBoost
0.41,21762,1,3,-4.984586723241723e-05,-0.5576054668454886,0.0,802.3361375052956,var161,nested_cv,MI continuous XGBoost
0.42,21762,1,2,-2.0599019486672425e-05,-0.5844607335152385,0.0,807.0839952560384,var161,nested_cv,MI continuous XGBoost
0.43,21762,1,1,1.1286372350322553e-05,-0.612258290243576,0.0,811.6131597001817,var161,nested_cv,MI continuous XGBoost
0.44,21762,1,1,9.846784040332427e-06,-0.6410486168550685,0.0,815.8925900861386,var161,nested_cv,MI continuous XGBoost
0.45,21762,0,0,0.0,-0.6708858644342516,0.0,819.9716120863076,var161,nested_cv,MI continuous XGBoost
0.46,21762,0,0,0.0,-0.7018281952571082,0.0,823.8852726931269,var161,nested_cv,MI continuous XGBoost
0.47,21762,0,0,0.0,-0.7339381612053554,0.0,827.63239455072,var161,nested_cv,MI continuous XGBoost
0.48,21762,0,0,0.0,-0.7672831258439199,0.0,831.2233863309133,var161,nested_cv,MI continuous XGBoost
0.49,21762,0,0,0.0,-0.801935736154585,0.0,834.6678070180376,var161,nested_cv,MI continuous XGBoost
0.5,21762,0,0,0.0,-0.8379744508776767,0.0,837.9744508776768,var161,nested_cv,MI continuous XGBoost
0.01,21762,1763,19995,0.07173193194698571,0.0717300753143047,0.0,0.18380663542030826,var161,nested_cv,MI spline LASSO
0.02,21762,1760,19929,0.062185723476046055,0.06225793322567516,0.0,-3.538277731826168,var161,nested_cv,MI spline LASSO
0.03,21762,1747,19537,0.052511850316971705,0.052590489238310986,0.0,-2.5426584566367705,var161,nested_cv,MI spline LASSO
0.04,21762,1706,18456,0.04305670434702692,0.04272164016787672,0.0,8.04154029960491,var161,nested_cv,MI spline LASSO
0.05,21762,1613,16671,0.033801072850308846,0.03264502585385437,0.0,21.96489293263503,var161,nested_cv,MI spline LASSO
0.06,21762,1480,14363,0.025880560883992598,0.022354015490597505,0.0,55.2492111631898,var161,nested_cv,MI spline LASSO
0.07,21762,1304,11925,0.0186756435455707,0.01184169307651789,0.0,90.79391337455873,var161,nested_cv,MI spline LASSO
0.08,21762,1069,9341,0.011797588936438867,0.0011008419143061499,0.0,123.01259075452626,var161,nested_cv,MI spline LASSO
0.09,21762,847,6796,0.00803548074019538,-0.009876071910811371,0.0,181.10569902684605,var161,nested_cv,MI spline LASSO
0.1,21762,647,4562,0.006438337979556616,-0.021096917154264844,0.0,247.8172962043931,var161,nested_cv,MI spline LASSO
0.11,21762,440,2916,0.0036575455205393598,-0.032569916223413875,0.0,293.11309956471257,var161,nested_cv,MI spline LASSO
0.12,21762,325,1773,0.0038244312437860834,-0.044303665271407194,0.0,352.93937444475074,var161,nested_cv,MI spline LASSO
0.13,21762,219,1116,0.002400578040177595,-0.056307155676825704,0.0,392.89021795225284,var161,nested_cv,MI spline LASSO
0.14,21762,166,735,0.0021298059557624447,-0.06858979702190507,0.0,434.4204182913861,var161,nested_cv,MI spline LASSO
0.15,21762,121,513,0.0014001740756958972,-0.081161441692751,0.0,467.849156021199,var161,nested_cv,MI spline LASSO
0.16,21762,97,350,0.0013938669852648345,-0.09403241123671233,0.0,500.9879606653801,var161,nested_cv,MI spline LASSO
0.17,21762,83,258,0.0013857470134189913,-0.10721352462510647,0.0,530.2199732939772,var161,nested_cv,MI spline LASSO
0.18,21762,70,203,0.0011689653703815784,-0.12071612858394917,0.0,555.2543169030623,var161,nested_cv,MI spline LASSO
0.19,21762,59,147,0.001126666598590135,-0.13455213017140535,0.0,578.4201335984019,var161,nested_cv,MI spline LASSO
0.2,21762,51,118,0.0009879606653800201,-0.14873403179854794,0.0,598.8879698557118,var161,nested_cv,MI spline LASSO
0.21,21762,46,91,0.0010022114962907123,-0.16327496890992194,0.0,617.9951072424191,var161,nested_cv,MI spline LASSO
0.22,21762,36,78,0.0006433232239683853,-0.17818875056261327,0.0,634.0409888796985,var161,nested_cv,MI spline LASSO
0.23,21762,31,63,0.0005597747533231405,-0.19348990316732254,0.0,649.6445739082486,var161,nested_cv,MI spline LASSO
0.24,21762,29,58,0.000490957197239031,-0.20919371768268205,0.0,664.0014704530836,var161,nested_cv,MI spline LASSO
0.25,21762,27,50,0.00047483380816714163,-0.22531630058511778,0.0,677.3734031798548,var161,nested_cv,MI spline LASSO
0.26,21762,27,43,0.0005464521593553851,-0.2418746289714032,0.0,689.967692449082,var161,nested_cv,MI spline LASSO
0.27,21762,26,38,0.0005489020071432797,-0.25888661019018955,0.0,701.4367552001962,var161,nested_cv,MI spline LASSO
0.28,21762,26,35,0.0005692899958132932,-0.2763711464428311,0.0,712.1325508422284,var161,nested_cv,MI spline LASSO
0.29,21762,26,34,0.0005565975579605748,-0.29434820484343427,0.0,722.0083093275529,var161,nested_cv,MI spline LASSO
0.3,21762,24,30,0.0005120327700972862,-0.3128388934840548,0.0,731.1521612596881,var161,nested_cv,MI spline LASSO
0.31,21762,24,27,0.00054542621162537,-0.3318655441142585,0.0,739.8824823382574,var161,nested_cv,MI spline LASSO
0.32,21762,23,25,0.00051628040242841,-0.35145180211593885,0.0,747.9321753515303,var161,nested_cv,MI spline LASSO
0.33,21762,23,25,0.0004910654886581703,-0.37162272453557976,0.0,755.5037555037557,var161,nested_cv,MI spline LASSO
0.34,21762,21,25,0.00037318316888209355,-0.39240488702854304,0.0,762.4515480302957,var161,nested_cv,MI spline LASSO
0.35,21762,21,24,0.0003711480138279146,-0.41382650067513593,0.0,769.2242047080757,var161,nested_cv,MI spline LASSO
0.36,21762,18,23,0.0002326302729528536,-0.4359175397481849,0.0,775.3780800375782,var161,nested_cv,MI spline LASSO
0.37,21762,15,21,0.00012253775694635906,-0.45870988164894977,0.0,781.2552006100394,var161,nested_cv,MI spline LASSO
0.38,21762,14,20,8.004482510205716e-05,-0.4822374603852232,0.0,786.9390874484253,var161,nested_cv,MI spline LASSO
0.39,21762,13,20,9.792976477270462e-06,-0.5065364351456367,0.0,792.2902542422809,var161,nested_cv,MI spline LASSO
0.4,21762,12,20,-6.126887847317965e-05,-0.5316453757313974,0.0,797.3761602793863,var161,nested_cv,MI spline LASSO
0.41,21762,9,19,-0.0001931527355256167,-0.5576054668454886,0.0,802.1299154265322,var161,nested_cv,MI spline LASSO
0.42,21762,7,18,-0.0002772944930898211,-0.5844607335152385,0.0,806.7295110305865,var161,nested_cv,MI spline LASSO
0.43,21762,6,17,-0.00031359991744824787,-0.612258290243576,0.0,811.1824964788206,var161,nested_cv,MI spline LASSO
0.44,21762,6,15,-0.0002658631690889755,-0.6410486168550685,0.0,815.5416865094286,var161,nested_cv,MI spline LASSO
0.45,21762,5,13,-0.0002590002590002589,-0.6708858644342516,0.0,819.6550562141961,var161,nested_cv,MI spline LASSO
0.46,21762,4,13,-0.00032506543856603595,-0.7018281952571082,0.0,823.5036741348102,var161,nested_cv,MI spline LASSO
0.47,21762,4,11,-0.00026443879152339287,-0.7339381612053554,0.0,827.3341976155979,var161,nested_cv,MI spline LASSO
0.48,21762,4,11,-0.00028277943910698253,-0.7672831258439199,0.0,830.9170419385474,var161,nested_cv,MI spline LASSO
0.49,21762,4,11,-0.0003018393277722816,-0.801935736154585,0.0,834.3536477177031,var161,nested_cv,MI spline LASSO
0.5,21762,3,10,-0.00032166161198419265,-0.8379744508776767,0.0,837.6527892656925,var161,nested_cv,MI spline LASSO
0.01,1085,122,963,0.10347716799329702,0.10347716799329702,0.0,0.0,var161,temporal_holdout,MI continuous XGBoost
0.02,1085,122,963,0.09432897582996333,0.09432897582996333,0.0,0.0,var161,temporal_holdout,MI continuous XGBoost
0.03,1085,122,957,0.08516319065038719,0.08499216114779799,0.0,5.529953917050657,var161,temporal_holdout,MI continuous XGBoost
0.04,1085,122,926,0.07688172043010752,0.07546082949308755,0.0,34.10138248847927,var161,temporal_holdout,MI continuous XGBoost
0.05,1085,118,847,0.06766917293233082,0.06572883822459374,0.0,36.866359447004506,var161,temporal_holdout,MI continuous XGBoost
0.06,1085,109,772,0.05504461221688401,0.055789783312089426,0.0,-11.67434715821818,var161,temporal_holdout,MI continuous XGBoost
0.07,1085,103,685,0.04741093107378226,0.045636985283187145,0.0,23.568136932192253,var161,temporal_holdout,MI continuous XGBoost
0.08,1085,94,543,0.04311761170106191,0.035263474253656585,0.0,90.32258064516124,var161,temporal_holdout,MI continuous XGBoost
0.09,1085,70,360,0.03170101787613308,0.024661973970729736,0.0,71.1725550435227,var161,temporal_holdout,MI continuous XGBoost
0.1,1085,47,178,0.025089605734767026,0.013824884792626724,0.0,101.3824884792627,var161,temporal_holdout,MI continuous XGBoost
0.11,1085,27,84,0.015316108320820173,0.002744265520633782,0.0,101.71763720150807,var161,temporal_holdout,MI continuous XGBoost
0.12,1085,19,56,0.010473397570171763,-0.00858818600754084,0.0,139.7849462365591,var161,temporal_holdout,MI continuous XGBoost
0.13,1085,16,37,0.009650934901212988,-0.020181153662799933,0.0,199.645515774548,var161,temporal_holdout,MI continuous XGBoost
0.14,1085,15,26,0.009923909548815776,-0.03204372521701854,0.0,257.8011849901251,var161,temporal_holdout,MI continuous XGBoost
0.15,1085,11,19,0.007047980482515586,-0.04418541610192464,0.0,290.3225806451613,var161,temporal_holdout,MI continuous XGBoost
0.16,1085,9,12,0.0061882817643186296,-0.056616194865042796,0.0,329.7235023041474,var161,temporal_holdout,MI continuous XGBoost
0.17,1085,8,10,0.005485536616512131,-0.06934651046582646,0.0,365.3564651667119,var161,temporal_holdout,MI continuous XGBoost
0.18,1085,7,7,0.005035405192761605,-0.0823873215690682,0.0,398.2590885816691,var161,temporal_holdout,MI continuous XGBoost
0.19,1085,5,5,0.0035273368606701942,-0.09575012800819252,0.0,423.23550812515157,var161,temporal_holdout,MI continuous XGBoost
0.2,1085,3,4,0.0018433179723502304,-0.10944700460829493,0.0,445.1612903225806,var161,temporal_holdout,MI continuous XGBoost
0.21,1085,2,2,0.0013533220556495363,-0.12349063757802015,0.0,469.65108624094785,var161,temporal_holdout,MI continuous XGBoost
0.22,1085,2,1,0.0015833628736854543,-0.13789436370081531,0.0,494.51193967323,var161,temporal_holdout,MI continuous XGBoost
0.23,1085,1,1,0.000646358250044886,-0.15267221258004665,0.0,513.2839110398717,var161,temporal_holdout,MI continuous XGBoost
0.24,1085,1,1,0.0006306087800145526,-0.16783895221925782,0.0,533.4869431643625,var161,temporal_holdout,MI continuous XGBoost
0.25,1085,1,1,0.0006144393241167436,-0.1834101382488479,0.0,552.0737327188939,var161,temporal_holdout,MI continuous XGBoost
0.26,1085,1,1,0.000597832855897372,-0.19940216714410264,0.0,569.2307692307692,var161,temporal_holdout,MI continuous XGBoost
0.27,1085,1,1,0.000580771415945963,-0.21583233381730954,0.0,585.1169141491722,var161,temporal_holdout,MI continuous XGBoost
0.28,1085,1,0,0.0009216589861751152,-0.23271889400921664,0.0,600.7899934167216,var161,temporal_holdout,MI continuous XGBoost
0.29,1085,1,0,0.0009216589861751152,-0.2500811319530084,0.0,614.5240743683459,var161,temporal_holdout,MI continuous XGBoost
0.3,1085,1,0,0.0009216589861751152,-0.26793943383805136,0.0,627.3425499231951,var161,temporal_holdout,MI continuous XGBoost
0.31,1085,1,0,0.0009216589861751152,-0.2863153676617913,0.0,639.334027055151,var161,temporal_holdout,MI continuous XGBoost
0.32,1085,1,0,0.0009216589861751152,-0.3052317701274058,0.0,650.5760368663595,var161,temporal_holdout,MI continuous XGBoost
0.33,1085,1,0,0.0009216589861751152,-0.32471284132333733,0.0,661.1367127496161,var161,temporal_holdout,MI continuous XGBoost
0.34,1085,1,0,0.0009216589861751152,-0.34478424801005453,0.0,671.0761724044457,var161,temporal_holdout,MI continuous XGBoost
0.35,1085,0,0,0.0,-0.36547323644097834,0.0,678.7360105332455,var161,temporal_holdout,MI continuous XGBoost
0.36,1085,0,0,0.0,-0.38680875576036866,0.0,687.6600102406554,var161,temporal_holdout,MI continuous XGBoost
0.37,1085,0,0,0.0,-0.4088215931533904,0.0,696.1016315855026,var161,temporal_holdout,MI continuous XGBoost
0.38,1085,0,0,0.0,-0.4315445220752193,0.0,704.0989570700946,var161,temporal_holdout,MI continuous XGBoost
0.39,1085,0,0,0.0,-0.455012465060059,0.0,711.6861632990665,var161,temporal_holdout,MI continuous XGBoost
0.4,1085,0,0,0.0,-0.47926267281105994,0.0,718.8940092165899,var161,temporal_holdout,MI continuous XGBoost
0.41,1085,0,0,0.0,-0.5043349215027726,0.0,725.7502528942339,var161,temporal_holdout,MI continuous XGBoost
0.42,1085,0,0,0.0,-0.5302717304941998,0.0,732.2800087777046,var161,temporal_holdout,MI continuous XGBoost
0.43,1085,0,0,0.0,-0.5571186029590104,0.0,738.5060550851999,var161,temporal_holdout,MI continuous XGBoost
0.44,1085,0,0,0.0,-0.5849242922975642,0.0,744.4490992878088,var161,temporal_holdout,MI continuous XGBoost
0.45,1085,0,0,0.0,-0.6137410976120653,0.0,750.1280081925244,var161,temporal_holdout,MI continuous XGBoost
0.46,1085,0,0,0.0,-0.6436251920122887,0.0,755.5600080144259,var161,temporal_holdout,MI continuous XGBoost
0.47,1085,0,0,0.0,-0.6746369880879922,0.0,760.760858907736,var161,temporal_holdout,MI continuous XGBoost
0.48,1085,0,0,0.0,-0.7068415455512229,0.0,765.7450076804915,var161,temporal_holdout,MI continuous XGBoost
0.49,1085,0,0,0.0,-0.740309026836541,0.0,770.5257218094611,var161,temporal_holdout,MI continuous XGBoost
0.5,1085,0,0,0.0,-0.7751152073732719,0.0,775.1152073732719,var161,temporal_holdout,MI continuous XGBoost
0.01,1085,122,963,0.10347716799329702,0.10347716799329702,0.0,0.0,var161,temporal_holdout,MI spline LASSO
0.02,1085,122,962,0.09434778519702812,0.09432897582996333,0.0,0.9216589861747031,var161,temporal_holdout,MI spline LASSO
0.03,1085,122,947,0.08544823982136919,0.08499216114779799,0.0,14.746543778802051,var161,temporal_holdout,MI spline LASSO
0.04,1085,119,903,0.075,0.07546082949308755,0.0,-11.059907834101267,var161,temporal_holdout,MI spline LASSO
0.05,1085,112,826,0.0631578947368421,0.06572883822459374,0.0,-48.84792626728136,var161,temporal_holdout,MI spline LASSO
0.06,1085,106,719,0.05539758799882342,0.055789783312089426,0.0,-6.144393241167464,var161,temporal_holdout,MI spline LASSO
0.07,1085,97,611,0.04701451860661017,0.045636985283187145,0.0,18.301514154048753,var161,temporal_holdout,MI spline LASSO
0.08,1085,83,503,0.0361851332398317,0.035263474253656585,0.0,10.599078341013795,var161,temporal_holdout,MI spline LASSO
0.09,1085,58,381,0.01872689522459108,0.024661973970729736,0.0,-60.01024065540199,var161,temporal_holdout,MI spline LASSO
0.1,1085,49,268,0.017716333845366104,0.013824884792626724,0.0,35.02304147465443,var161,temporal_holdout,MI spline LASSO
0.11,1085,39,179,0.015554289856573292,0.002744265520633782,0.0,103.64474235441968,var161,temporal_holdout,MI spline LASSO
0.12,1085,27,109,0.011185588604943444,-0.00858818600754084,0.0,145.00768049155144,var161,temporal_holdout,MI spline LASSO
0.13,1085,20,80,0.007415647015202075,-0.020181153662799933,0.0,184.68628146047493,var161,temporal_holdout,MI spline LASSO
0.14,1085,17,44,0.009066552352373808,-0.03204372521701854,0.0,252.53456221198155,var161,temporal_holdout,MI spline LASSO
0.15,1085,15,29,0.009108159392789375,-0.04418541610192464,0.0,301.9969278033794,var161,temporal_holdout,MI spline LASSO
0.16,1085,13,22,0.008119376782971253,-0.056616194865042796,0.0,339.86175115207374,var161,temporal_holdout,MI spline LASSO
0.17,1085,10,13,0.006762534006995725,-0.06934651046582646,0.0,371.59121713201415,var161,temporal_holdout,MI spline LASSO
0.18,1085,10,9,0.007395751376868608,-0.0823873215690682,0.0,409.0117767537121,var161,temporal_holdout,MI spline LASSO
0.19,1085,8,7,0.005859930591113387,-0.09575012800819252,0.0,433.17972350230417,var161,temporal_holdout,MI spline LASSO
0.2,1085,8,6,0.005990783410138249,-0.10944700460829493,0.0,461.7511520737327,var161,temporal_holdout,MI spline LASSO
0.21,1085,6,4,0.004549962083649303,-0.12349063757802015,0.0,481.67654158437557,var161,temporal_holdout,MI spline LASSO
0.22,1085,5,4,0.0035684745362164717,-0.13789436370081531,0.0,501.5500628403854,var161,temporal_holdout,MI spline LASSO
0.23,1085,5,3,0.0037823927224848886,-0.15267221258004665,0.0,523.7828090563013,var161,temporal_holdout,MI spline LASSO
0.24,1085,5,3,0.003735144312393888,-0.16783895221925782,0.0,543.3179723502304,var161,temporal_holdout,MI spline LASSO
0.25,1085,4,2,0.0030721966205837174,-0.1834101382488479,0.0,559.4470046082948,var161,temporal_holdout,MI spline LASSO
0.26,1085,3,1,0.0024411508282476025,-0.19940216714410264,0.0,574.4771357674584,var161,temporal_holdout,MI spline LASSO
0.27,1085,3,1,0.0024240893882961933,-0.21583233381730954,0.0,590.1006997781192,var161,temporal_holdout,MI spline LASSO
0.28,1085,2,1,0.00148489503328213,-0.23271889400921664,0.0,602.2383146807111,var161,temporal_holdout,MI spline LASSO
0.29,1085,2,1,0.0014668657103913806,-0.2500811319530084,0.0,615.8588908310822,var161,temporal_holdout,MI spline LASSO
0.3,1085,2,1,0.0014483212639894668,-0.26793943383805136,0.0,628.5714285714286,var161,temporal_holdout,MI spline LASSO
0.31,1085,2,1,0.0014292392974019903,-0.2863153676617913,0.0,640.4638025865913,var161,temporal_holdout,MI spline LASSO
0.32,1085,2,1,0.0014095960965031173,-0.3052317701274058,0.0,651.6129032258063,var161,temporal_holdout,MI spline LASSO
0.33,1085,2,1,0.001389366531398308,-0.32471284132333733,0.0,662.0863007959783,var161,temporal_holdout,MI spline LASSO
0.34,1085,2,1,0.0013685239491691105,-0.34478424801005453,0.0,671.9436161561398,var161,temporal_holdout,MI spline LASSO
0.35,1085,2,1,0.0013470400567174763,-0.36547323644097834,0.0,681.2376563528637,var161,temporal_holdout,MI spline LASSO
0.36,1085,2,1,0.001324884792626728,-0.38680875576036866,0.0,690.0153609831029,var161,temporal_holdout,MI spline LASSO
0.37,1085,2,1,0.0013020261868188134,-0.4088215931533904,0.0,698.3185950927885,var161,temporal_holdout,MI spline LASSO
0.38,1085,2,1,0.0012784302066299986,-0.4315445220752193,0.0,706.1848168809121,var161,temporal_holdout,MI spline LASSO
0.39,1085,2,1,0.0012540605877464682,-0.455012465060059,0.0,713.6476426799007,var161,temporal_holdout,MI spline LASSO
0.4,1085,2,1,0.001228878648233487,-0.47926267281105994,0.0,720.7373271889401,var161,temporal_holdout,MI spline LASSO
0.41,1085,2,1,0.001202843083652269,-0.5043349215027726,0.0,727.4811734292457,var161,temporal_holdout,MI spline LASSO
0.42,1085,2,1,0.0011759097409820437,-0.5302717304941998,0.0,733.9038841342989,var161,temporal_holdout,MI spline LASSO
0.43,1085,2,1,0.0011480313687444418,-0.5571186029590104,0.0,740.0278641088843,var161,temporal_holdout,MI spline LASSO
0.44,1085,2,1,0.0011191573403554972,-0.5849242922975642,0.0,745.8734813573524,var161,temporal_holdout,MI spline LASSO
0.45,1085,2,1,0.0010892333472978634,-0.6137410976120653,0.0,751.4592933947772,var161,temporal_holdout,MI spline LASSO
0.46,1085,2,1,0.0010582010582010583,-0.6436251920122887,0.0,756.8022440392707,var161,temporal_holdout,MI spline LASSO
0.47,1085,1,0,0.0009216589861751152,-0.6746369880879922,0.0,761.8001764878909,var161,temporal_holdout,MI spline LASSO
0.48,1085,1,0,0.0009216589861751152,-0.7068415455512229,0.0,766.7434715821812,var161,temporal_holdout,MI spline LASSO
0.49,1085,1,0,0.0009216589861751152,-0.740309026836541,0.0,771.4849995297658,var161,temporal_holdout,MI spline LASSO
0.5,1085,1,0,0.0009216589861751152,-0.7751152073732719,0.0,776.036866359447,var161,temporal_holdout,MI spline LASSO
0.01,21762,725,21037,0.023550457242213513,0.02355045724221351,0.0,3.4347524824340775e-13,var155,nested_cv,MI continuous XGBoost
0.02,21762,687,19228,0.013536983583066532,0.013586686397746302,0.0,-2.435437919308742,var155,nested_cv,MI continuous XGBoost
0.03,21762,450,10635,0.0055639405489754665,0.003417476979166365,0.0,69.40232209049427,var155,nested_cv,MI continuous XGBoost
0.04,21762,239,4791,0.0018093465674110822,-0.006963590968967322,0.0,210.55050087308166,var155,nested_cv,MI continuous XGBoost
0.05,21762,144,2192,0.0013156685482661708,-0.017563207716009083,0.0,358.69864902122976,var155,nested_cv,MI continuous XGBoost
0.06,21762,68,912,0.0004497396398563181,-0.028388348223626195,0.0,451.7967098612261,var155,nested_cv,MI continuous XGBoost
0.07,21762,36,378,0.00034686090877558077,-0.03944628745183725,0.0,528.6803996481418,var155,nested_cv,MI continuous XGBoost
0.08,21762,17,187,3.396426958839304e-05,-0.050744616663270244,0.0,583.9536807278744,var155,nested_cv,MI continuous XGBoost
0.09,21762,11,98,6.009063081023382e-05,-0.06229126080242706,0.0,630.4414422693993,var155,nested_cv,MI continuous XGBoost
0.1,21762,7,57,3.0634439236589746e-05,-0.07409449703356516,0.0,667.1261832552158,var155,nested_cv,MI continuous XGBoost
0.11,21762,6,31,9.964797931452517e-05,-0.0861629745283243,0.0,697.9430366527142,var155,nested_cv,MI continuous XGBoost
0.12,21762,4,17,7.72823353468515e-05,-0.0985057356025098,0.0,722.9421315442821,var155,nested_cv,MI continuous XGBoost
0.13,21762,1,12,-3.6444419091805075e-05,-0.11113223831058464,0.0,743.4872360430675,var155,nested_cv,MI continuous XGBoost
0.14,21762,0,8,-5.98440208342684e-05,-0.12405238061652168,0.0,761.668439087794,var155,nested_cv,MI continuous XGBoost
0.15,21762,0,5,-4.0545581342545296e-05,-0.1372765262708337,0.0,777.6705572404499,var155,nested_cv,MI continuous XGBoost
0.16,21762,0,2,-1.7505393849479874e-05,-0.15081553253596267,0.0,791.6896424960942,var155,nested_cv,MI continuous XGBoost
0.17,21762,0,0,0.0,-0.16468077991591404,0.0,804.0296901776978,var155,nested_cv,MI continuous XGBoost
0.18,21762,0,0,0.0,-0.17888420406123,0.0,814.9169296122701,var155,nested_cv,MI continuous XGBoost
0.19,21762,0,0,0.0,-0.1934383300372946,0.0,824.6581438432033,var155,nested_cv,MI continuous XGBoost
0.2,21762,0,0,0.0,-0.2083563091627608,0.0,833.4252366510432,var155,nested_cv,MI continuous XGBoost
0.21,21762,0,0,0.0,-0.22365195864583368,0.0,841.3573682390887,var155,nested_cv,MI continuous XGBoost
0.22,21762,0,0,0.0,-0.23933980426949827,0.0,848.5683969554939,var155,nested_cv,MI continuous XGBoost
0.23,21762,0,0,0.0,-0.2554351264028683,0.0,855.1523796965591,var155,nested_cv,MI continuous XGBoost
0.24,21762,0,0,0.0,-0.2719540096450113,0.0,861.1876972092025,var155,nested_cv,MI continuous XGBoost
0.25,21762,0,0,0.0,-0.28891339644027814,0.0,866.7401893208344,var155,nested_cv,MI continuous XGBoost
0.26,21762,0,0,0.0,-0.3063311450408225,0.0,871.8655666546485,var155,nested_cv,MI continuous XGBoost
0.27,21762,0,0,0.0,-0.3242260922331625,0.0,876.61128640818,var155,nested_cv,MI continuous XGBoost
0.28,21762,0,0,0.0,-0.34261812129195646,0.0,881.0180261793165,var155,nested_cv,MI continuous XGBoost
0.29,21762,0,0,0.0,-0.3615282356763502,0.0,885.1208528627883,var155,nested_cv,MI continuous XGBoost
0.3,21762,0,0,0.0,-0.3809786390431552,0.0,888.950157767362,var155,nested_cv,MI continuous XGBoost
0.31,21762,0,0,0.0,-0.4009928222176937,0.0,892.5324107426085,var155,nested_cv,MI continuous XGBoost
0.32,21762,0,0,0.0,-0.42159565783854214,0.0,895.890772906902,var155,nested_cv,MI continuous XGBoost
0.33,21762,0,0,0.0,-0.4428135034779234,0.0,899.0455979703293,var155,nested_cv,MI continuous XGBoost
0.34,21762,0,0,0.0,-0.4646743141366798,0.0,902.0148450888489,var155,nested_cv,MI continuous XGBoost
0.35,21762,0,0,0.0,-0.48720776512339786,0.0,904.8144209434532,var155,nested_cv,MI continuous XGBoost
0.36,21762,0,0,0.0,-0.510445386453451,0.0,907.4584648061352,var155,nested_cv,MI continuous XGBoost
0.37,21762,0,0,0.0,-0.5344207100479502,0.0,909.9595873789423,var155,nested_cv,MI continuous XGBoost
0.38,21762,0,0,0.0,-0.5591694311777559,0.0,912.3290719216017,var155,nested_cv,MI continuous XGBoost
0.39,21762,0,0,0.0,-0.5847295857872273,0.0,914.5770444364324,var155,nested_cv,MI continuous XGBoost
0.4,21762,0,0,0.0,-0.6111417455503478,0.0,916.7126183255216,var155,nested_cv,MI continuous XGBoost
0.41,21762,0,0,0.0,-0.6384492327630653,0.0,918.7440178785577,var155,nested_cv,MI continuous XGBoost
0.42,21762,0,0,0.0,-0.6666983574658769,0.0,920.6786841195444,var155,nested_cv,MI continuous XGBoost
0.43,21762,0,0,0.0,-0.6959386795266818,0.0,922.5233658842061,var155,nested_cv,MI continuous XGBoost
0.44,21762,0,0,0.0,-0.726223298803944,0.0,924.2841984777469,var155,nested_cv,MI continuous XGBoost
0.45,21762,0,0,0.0,-0.7576091769640156,0.0,925.9667718449081,var155,nested_cv,MI continuous XGBoost
0.46,21762,0,0,0.0,-0.790157495055942,0.0,927.5761898482797,var155,nested_cv,MI continuous XGBoost
0.47,21762,0,0,0.0,-0.8239340515664313,0.0,929.1171219791673,var155,nested_cv,MI continuous XGBoost
0.48,21762,0,0,0.0,-0.8590097064042473,0.0,930.5938486046014,var155,nested_cv,MI continuous XGBoost
0.49,21762,0,0,0.0,-0.8954608771180561,0.0,932.0103006738952,var155,nested_cv,MI continuous XGBoost
0.5,21762,0,0,0.0,-0.9333700946604173,0.0,933.3700946604173,var155,nested_cv,MI continuous XGBoost
0.01,21762,723,20960,0.0234942941036131,0.02355045724221351,0.0,-5.560150721440625,var155,nested_cv,MI spline LASSO
0.02,21762,678,18749,0.013572619563402973,0.013586686397746302,0.0,-0.689274882823115,var155,nested_cv,MI spline LASSO
0.03,21762,488,11192,0.006518503359208381,0.003417476979166365,0.0,100.2665196213585,var155,nested_cv,MI spline LASSO
0.04,21762,262,5196,0.0020908004778972507,-0.006963590968967322,0.0,217.3053947247497,var155,nested_cv,MI spline LASSO
0.05,21762,143,2282,0.0010520511369407804,-0.017563207716009083,0.0,353.6899182060473,var155,nested_cv,MI spline LASSO
0.06,21762,65,1038,-5.7683997285918875e-05,-0.028388348223626195,0.0,443.847072879331,var155,nested_cv,MI spline LASSO
0.07,21762,37,532,-0.00013983139199927317,-0.03944628745183725,0.0,522.2143447949902,var155,nested_cv,MI spline LASSO
0.08,21762,23,273,-3.396426958839304e-05,-0.050744616663270244,0.0,583.1725025273413,var155,nested_cv,MI spline LASSO
0.09,21762,17,142,0.00013583512342817553,-0.06229126080242706,0.0,631.2073032503141,var155,nested_cv,MI spline LASSO
0.1,21762,9,79,1.0211479745529889e-05,-0.07409449703356516,0.0,666.9423766197962,var155,nested_cv,MI spline LASSO
0.11,21762,4,38,-3.201126796632412e-05,-0.0861629745283243,0.0,696.8777936519873,var155,nested_cv,MI spline LASSO
0.12,21762,1,23,-9.816945300816268e-05,-0.0985057356025098,0.0,721.6554850963454,var155,nested_cv,MI spline LASSO
0.13,21762,1,15,-5.704343857847752e-05,-0.11113223831058464,0.0,743.3493810665027,var155,nested_cv,MI spline LASSO
0.14,21762,1,9,-2.137286458366729e-05,-0.12405238061652168,0.0,761.9047619047619,var155,nested_cv,MI spline LASSO
0.15,21762,0,8,-6.487293014807247e-05,-0.1372765262708337,0.0,777.5327022638853,var155,nested_cv,MI spline LASSO
0.16,21762,0,5,-4.376348462369968e-05,-0.15081553253596267,0.0,791.5517875195295,var155,nested_cv,MI spline LASSO
0.17,21762,0,3,-2.823535664577251e-05,-0.16468077991591404,0.0,803.8918352011332,var155,nested_cv,MI spline LASSO
0.18,21762,0,3,-3.0260848514192335e-05,-0.17888420406123,0.0,814.7790746357056,var155,nested_cv,MI spline LASSO
0.19,21762,0,2,-2.1557568351674284e-05,-0.1934383300372946,0.0,824.5662405254935,var155,nested_cv,MI spline LASSO
0.2,21762,0,1,-1.1487914713721165e-05,-0.2083563091627608,0.0,833.3792849921882,var155,nested_cv,MI spline LASSO
0.21,21762,0,0,0.0,-0.22365195864583368,0.0,841.3573682390887,var155,nested_cv,MI spline LASSO
0.22,21762,0,0,0.0,-0.23933980426949827,0.0,848.5683969554939,var155,nested_cv,MI spline LASSO
0.23,21762,0,0,0.0,-0.2554351264028683,0.0,855.1523796965591,var155,nested_cv,MI spline LASSO
0.24,21762,0,0,0.0,-0.2719540096450113,0.0,861.1876972092025,var155,nested_cv,MI spline LASSO
0.25,21762,0,0,0.0,-0.28891339644027814,0.0,866.7401893208344,var155,nested_cv,MI spline LASSO
0.26,21762,0,0,0.0,-0.3063311450408225,0.0,871.8655666546485,var155,nested_cv,MI spline LASSO
0.27,21762,0,0,0.0,-0.3242260922331625,0.0,876.61128640818,var155,nested_cv,MI spline LASSO
0.28,21762,0,0,0.0,-0.34261812129195646,0.0,881.0180261793165,var155,nested_cv,MI spline LASSO
0.29,21762,0,0,0.0,-0.3615282356763502,0.0,885.1208528627883,var155,nested_cv,MI spline LASSO
0.3,21762,0,0,0.0,-0.3809786390431552,0.0,888.950157767362,var155,nested_cv,MI spline LASSO
0.31,21762,0,0,0.0,-0.4009928222176937,0.0,892.5324107426085,var155,nested_cv,MI spline LASSO
0.32,21762,0,0,0.0,-0.42159565783854214,0.0,895.890772906902,var155,nested_cv,MI spline LASSO
0.33,21762,0,0,0.0,-0.4428135034779234,0.0,899.0455979703293,var155,nested_cv,MI spline LASSO
0.34,21762,0,0,0.0,-0.4646743141366798,0.0,902.0148450888489,var155,nested_cv,MI spline LASSO
0.35,21762,0,0,0.0,-0.48720776512339786,0.0,904.8144209434532,var155,nested_cv,MI spline LASSO
0.36,21762,0,0,0.0,-0.510445386453451,0.0,907.4584648061352,var155,nested_cv,MI spline LASSO
0.37,21762,0,0,0.0,-0.5344207100479502,0.0,909.9595873789423,var155,nested_cv,MI spline LASSO
0.38,21762,0,0,0.0,-0.5591694311777559,0.0,912.3290719216017,var155,nested_cv,MI spline LASSO
0.39,21762,0,0,0.0,-0.5847295857872273,0.0,914.5770444364324,var155,nested_cv,MI spline LASSO
0.4,21762,0,0,0.0,-0.6111417455503478,0.0,916.7126183255216,var155,nested_cv,MI spline LASSO
0.41,21762,0,0,0.0,-0.6384492327630653,0.0,918.7440178785577,var155,nested_cv,MI spline LASSO
0.42,21762,0,0,0.0,-0.6666983574658769,0.0,920.6786841195444,var155,nested_cv,MI spline LASSO
0.43,21762,0,0,0.0,-0.6959386795266818,0.0,922.5233658842061,var155,nested_cv,MI spline LASSO
0.44,21762,0,0,0.0,-0.726223298803944,0.0,924.2841984777469,var155,nested_cv,MI spline LASSO
0.45,21762,0,0,0.0,-0.7576091769640156,0.0,925.9667718449081,var155,nested_cv,MI spline LASSO
0.46,21762,0,0,0.0,-0.790157495055942,0.0,927.5761898482797,var155,nested_cv,MI spline LASSO
0.47,21762,0,0,0.0,-0.8239340515664313,0.0,929.1171219791673,var155,nested_cv,MI spline LASSO
0.48,21762,0,0,0.0,-0.8590097064042473,0.0,930.5938486046014,var155,nested_cv,MI spline LASSO
0.49,21762,0,0,0.0,-0.8954608771180561,0.0,932.0103006738952,var155,nested_cv,MI spline LASSO
0.5,21762,0,0,0.0,-0.9333700946604173,0.0,933.3700946604173,var155,nested_cv,MI spline LASSO
0.01,1085,31,1054,0.01875901875901876,0.01875901875901876,0.0,0.0,var155,temporal_holdout,MI continuous XGBoost
0.02,1085,30,971,0.009385874165334334,0.008746355685131192,0.0,31.336405529953932,var155,temporal_holdout,MI continuous XGBoost
0.03,1085,16,491,0.0007506294835859176,-0.0014727540500736394,0.0,71.889400921659,var155,temporal_holdout,MI continuous XGBoost
0.04,1085,6,231,-0.0033410138248847945,-0.011904761904761908,0.0,205.5299539170507,var155,temporal_holdout,MI continuous XGBoost
0.05,1085,3,114,-0.0027649769585253465,-0.02255639097744361,0.0,376.03686635944695,var155,temporal_holdout,MI continuous XGBoost
0.06,1085,0,53,-0.0031179527404647514,-0.03343465045592704,0.0,474.9615975422426,var155,temporal_holdout,MI continuous XGBoost
0.07,1085,0,24,-0.001664932362122789,-0.04454685099846392,0.0,569.7169190256749,var155,temporal_holdout,MI continuous XGBoost
0.08,1085,0,14,-0.0011220196353436186,-0.05590062111801242,0.0,629.9539170506912,var155,temporal_holdout,MI continuous XGBoost
0.09,1085,0,6,-0.0005469185192687497,-0.06750392464678179,0.0,677.0097286226319,var155,temporal_holdout,MI continuous XGBoost
0.1,1085,0,3,-0.0003072196620583718,-0.07936507936507937,0.0,711.520737327189,var155,temporal_holdout,MI continuous XGBoost
0.11,1085,0,3,-0.00034173872521099777,-0.09149277688603531,0.0,737.494763301215,var155,temporal_holdout,MI continuous XGBoost
0.12,1085,0,1,-0.00012568077084206116,-0.10389610389610389,0.0,760.9831029185868,var155,temporal_holdout,MI continuous XGBoost
0.13,1085,0,1,-0.00013771915885375287,-0.11658456486042694,0.0,779.2981212336051,var155,temporal_holdout,MI continuous XGBoost
0.14,1085,0,1,-0.00015003750937734434,-0.12956810631229235,0.0,794.9967083607635,var155,temporal_holdout,MI continuous XGBoost
0.15,1085,0,1,-0.0001626457034426674,-0.14285714285714285,0.0,808.6021505376344,var155,temporal_holdout,MI continuous XGBoost
0.16,1085,0,1,-0.00017555409260478386,-0.1564625850340136,0.0,820.5069124423962,var155,temporal_holdout,MI continuous XGBoost
0.17,1085,0,0,0.0,-0.17039586919104993,0.0,831.9327731092437,var155,temporal_holdout,MI continuous XGBoost
0.18,1085,0,0,0.0,-0.18466898954703828,0.0,841.2698412698412,var155,temporal_holdout,MI continuous XGBoost
0.19,1085,0,0,0.0,-0.19929453262786595,0.0,849.624060150376,var155,temporal_holdout,MI continuous XGBoost
0.2,1085,0,0,0.0,-0.21428571428571427,0.0,857.1428571428571,var155,temporal_holdout,MI continuous XGBoost
0.21,1085,0,0,0.0,-0.22965641952983723,0.0,863.9455782312925,var155,temporal_holdout,MI continuous XGBoost
0.22,1085,0,0,0.0,-0.24542124542124538,0.0,870.12987012987,var155,temporal_holdout,MI continuous XGBoost
0.23,1085,0,0,0.0,-0.261595547309833,0.0,875.7763975155278,var155,temporal_holdout,MI continuous XGBoost
0.24,1085,0,0,0.0,-0.2781954887218045,0.0,880.952380952381,var155,temporal_holdout,MI continuous XGBoost
0.25,1085,0,0,0.0,-0.2952380952380952,0.0,885.7142857142856,var155,temporal_holdout,MI continuous XGBoost
0.26,1085,0,0,0.0,-0.3127413127413127,0.0,890.1098901098901,var155,temporal_holdout,MI continuous XGBoost
0.27,1085,0,0,0.0,-0.3307240704500979,0.0,894.1798941798942,var155,temporal_holdout,MI continuous XGBoost
0.28,1085,0,0,0.0,-0.34920634920634924,0.0,897.9591836734694,var155,temporal_holdout,MI continuous XGBoost
0.29,1085,0,0,0.0,-0.3682092555331992,0.0,901.4778325123153,var155,temporal_holdout,MI continuous XGBoost
0.3,1085,0,0,0.0,-0.38775510204081637,0.0,904.7619047619048,var155,temporal_holdout,MI continuous XGBoost
0.31,1085,0,0,0.0,-0.4078674948240166,0.0,907.8341013824885,var155,temporal_holdout,MI continuous XGBoost
0.32,1085,0,0,0.0,-0.4285714285714286,0.0,910.7142857142857,var155,temporal_holdout,MI continuous XGBoost
0.33,1085,0,0,0.0,-0.4498933901918977,0.0,913.4199134199133,var155,temporal_holdout,MI continuous XGBoost
0.34,1085,0,0,0.0,-0.471861471861472,0.0,915.966386554622,var155,temporal_holdout,MI continuous XGBoost
0.35,1085,0,0,0.0,-0.4945054945054944,0.0,918.3673469387754,var155,temporal_holdout,MI continuous XGBoost
0.36,1085,0,0,0.0,-0.5178571428571428,0.0,920.6349206349205,var155,temporal_holdout,MI continuous XGBoost
0.37,1085,0,0,0.0,-0.5419501133786848,0.0,922.7799227799227,var155,temporal_holdout,MI continuous XGBoost
0.38,1085,0,0,0.0,-0.5668202764976958,0.0,924.812030075188,var155,temporal_holdout,MI continuous XGBoost
0.39,1085,0,0,0.0,-0.5925058548009368,0.0,926.7399267399267,var155,temporal_holdout,MI continuous XGBoost
0.4,1085,0,0,0.0,-0.6190476190476191,0.0,928.5714285714284,var155,temporal_holdout,MI continuous XGBoost
0.41,1085,0,0,0.0,-0.6464891041162225,0.0,930.3135888501741,var155,temporal_holdout,MI continuous XGBoost
0.42,1085,0,0,0.0,-0.6748768472906402,0.0,931.9727891156462,var155,temporal_holdout,MI continuous XGBoost
0.43,1085,0,0,0.0,-0.7042606516290726,0.0,933.5548172757475,var155,temporal_holdout,MI continuous XGBoost
0.44,1085,0,0,0.0,-0.7346938775510203,0.0,935.0649350649351,var155,temporal_holdout,MI continuous XGBoost
0.45,1085,0,0,0.0,-0.7662337662337662,0.0,936.5079365079365,var155,temporal_holdout,MI continuous XGBoost
0.46,1085,0,0,0.0,-0.798941798941799,0.0,937.8881987577639,var155,temporal_holdout,MI continuous XGBoost
0.47,1085,0,0,0.0,-0.8328840970350403,0.0,939.209726443769,var155,temporal_holdout,MI continuous XGBoost
0.48,1085,0,0,0.0,-0.868131868131868,0.0,940.4761904761905,var155,temporal_holdout,MI continuous XGBoost
0.49,1085,0,0,0.0,-0.9047619047619047,0.0,941.6909620991253,var155,temporal_holdout,MI continuous XGBoost
0.5,1085,0,0,0.0,-0.9428571428571428,0.0,942.8571428571429,var155,temporal_holdout,MI continuous XGBoost
0.01,1085,31,1052,0.01877763813247684,0.01875901875901876,0.0,1.8433179723500586,var155,temporal_holdout,MI spline LASSO
0.02,1085,29,935,0.009141352393491956,0.008746355685131192,0.0,19.354838709677434,var155,temporal_holdout,MI spline LASSO
0.03,1085,19,557,0.001634281913630102,-0.0014727540500736394,0.0,100.46082949308763,var155,temporal_holdout,MI spline LASSO
0.04,1085,10,262,-0.0008448540706605234,-0.011904761904761908,0.0,265.4377880184332,var155,temporal_holdout,MI spline LASSO
0.05,1085,4,129,-0.0025709434877516373,-0.02255639097744361,0.0,379.7235023041475,var155,temporal_holdout,MI spline LASSO
0.06,1085,3,73,-0.0015295617217374248,-0.03343465045592704,0.0,499.8463901689707,var155,temporal_holdout,MI spline LASSO
0.07,1085,2,40,-0.0009315692978544184,-0.04454685099846392,0.0,579.4601711652405,var155,temporal_holdout,MI spline LASSO
0.08,1085,0,17,-0.0013624524143458223,-0.05590062111801242,0.0,627.1889400921658,var155,temporal_holdout,MI spline LASSO
0.09,1085,0,10,-0.000911530865447916,-0.06750392464678179,0.0,673.3230926779314,var155,temporal_holdout,MI spline LASSO
0.1,1085,0,6,-0.0006144393241167436,-0.07936507936507937,0.0,708.7557603686636,var155,temporal_holdout,MI spline LASSO
0.11,1085,0,2,-0.00022782581680733184,-0.09149277688603531,0.0,738.41642228739,var155,temporal_holdout,MI spline LASSO
0.12,1085,0,1,-0.00012568077084206116,-0.10389610389610389,0.0,760.9831029185868,var155,temporal_holdout,MI spline LASSO
0.13,1085,0,1,-0.00013771915885375287,-0.11658456486042694,0.0,779.2981212336051,var155,temporal_holdout,MI spline LASSO
0.14,1085,0,0,0.0,-0.12956810631229235,0.0,795.9183673469387,var155,temporal_holdout,MI spline LASSO
0.15,1085,0,0,0.0,-0.14285714285714285,0.0,809.5238095238094,var155,temporal_holdout,MI spline LASSO
0.16,1085,0,0,0.0,-0.1564625850340136,0.0,821.4285714285714,var155,temporal_holdout,MI spline LASSO
0.17,1085,0,0,0.0,-0.17039586919104993,0.0,831.9327731092437,var155,temporal_holdout,MI spline LASSO
0.18,1085,0,0,0.0,-0.18466898954703828,0.0,841.2698412698412,var155,temporal_holdout,MI spline LASSO
0.19,1085,0,0,0.0,-0.19929453262786595,0.0,849.624060150376,var155,temporal_holdout,MI spline LASSO
0.2,1085,0,0,0.0,-0.21428571428571427,0.0,857.1428571428571,var155,temporal_holdout,MI spline LASSO
0.21,1085,0,0,0.0,-0.22965641952983723,0.0,863.9455782312925,var155,temporal_holdout,MI spline LASSO
0.22,1085,0,0,0.0,-0.24542124542124538,0.0,870.12987012987,var155,temporal_holdout,MI spline LASSO
0.23,1085,0,0,0.0,-0.261595547309833,0.0,875.7763975155278,var155,temporal_holdout,MI spline LASSO
0.24,1085,0,0,0.0,-0.2781954887218045,0.0,880.952380952381,var155,temporal_holdout,MI spline LASSO
0.25,1085,0,0,0.0,-0.2952380952380952,0.0,885.7142857142856,var155,temporal_holdout,MI spline LASSO
0.26,1085,0,0,0.0,-0.3127413127413127,0.0,890.1098901098901,var155,temporal_holdout,MI spline LASSO
0.27,1085,0,0,0.0,-0.3307240704500979,0.0,894.1798941798942,var155,temporal_holdout,MI spline LASSO
0.28,1085,0,0,0.0,-0.34920634920634924,0.0,897.9591836734694,var155,temporal_holdout,MI spline LASSO
0.29,1085,0,0,0.0,-0.3682092555331992,0.0,901.4778325123153,var155,temporal_holdout,MI spline LASSO
0.3,1085,0,0,0.0,-0.38775510204081637,0.0,904.7619047619048,var155,temporal_holdout,MI spline LASSO
0.31,1085,0,0,0.0,-0.4078674948240166,0.0,907.8341013824885,var155,temporal_holdout,MI spline LASSO
0.32,1085,0,0,0.0,-0.4285714285714286,0.0,910.7142857142857,var155,temporal_holdout,MI spline LASSO
0.33,1085,0,0,0.0,-0.4498933901918977,0.0,913.4199134199133,var155,temporal_holdout,MI spline LASSO
0.34,1085,0,0,0.0,-0.471861471861472,0.0,915.966386554622,var155,temporal_holdout,MI spline LASSO
0.35,1085,0,0,0.0,-0.4945054945054944,0.0,918.3673469387754,var155,temporal_holdout,MI spline LASSO
0.36,1085,0,0,0.0,-0.5178571428571428,0.0,920.6349206349205,var155,temporal_holdout,MI spline LASSO
0.37,1085,0,0,0.0,-0.5419501133786848,0.0,922.7799227799227,var155,temporal_holdout,MI spline LASSO
0.38,1085,0,0,0.0,-0.5668202764976958,0.0,924.812030075188,var155,temporal_holdout,MI spline LASSO
0.39,1085,0,0,0.0,-0.5925058548009368,0.0,926.7399267399267,var155,temporal_holdout,MI spline LASSO
0.4,1085,0,0,0.0,-0.6190476190476191,0.0,928.5714285714284,var155,temporal_holdout,MI spline LASSO
0.41,1085,0,0,0.0,-0.6464891041162225,0.0,930.3135888501741,var155,temporal_holdout,MI spline LASSO
0.42,1085,0,0,0.0,-0.6748768472906402,0.0,931.9727891156462,var155,temporal_holdout,MI spline LASSO
0.43,1085,0,0,0.0,-0.7042606516290726,0.0,933.5548172757475,var155,temporal_holdout,MI spline LASSO
0.44,1085,0,0,0.0,-0.7346938775510203,0.0,935.0649350649351,var155,temporal_holdout,MI spline LASSO
0.45,1085,0,0,0.0,-0.7662337662337662,0.0,936.5079365079365,var155,temporal_holdout,MI spline LASSO
0.46,1085,0,0,0.0,-0.798941798941799,0.0,937.8881987577639,var155,temporal_holdout,MI spline LASSO
0.47,1085,0,0,0.0,-0.8328840970350403,0.0,939.209726443769,var155,temporal_holdout,MI spline LASSO
0.48,1085,0,0,0.0,-0.868131868131868,0.0,940.4761904761905,var155,temporal_holdout,MI spline LASSO
0.49,1085,0,0,0.0,-0.9047619047619047,0.0,941.6909620991253,var155,temporal_holdout,MI spline LASSO
0.5,1085,0,0,0.0,-0.9428571428571428,0.0,942.8571428571429,var155,temporal_holdout,MI spline LASSO
0.01,21762,329,19449,0.006090683510038348,0.0060981100407623695,0.0,-0.7352265416781417,var154,nested_cv,MI continuous XGBoost
0.02,21762,101,4480,0.00043982302046818167,-0.004043745979229855,0.0,219.69488098520375,var154,nested_cv,MI continuous XGBoost
0.03,21762,13,377,6.158469743438145e-05,-0.014394712432623975,0.0,467.4202738718868,var154,nested_cv,MI continuous XGBoost
0.04,21762,3,111,-7.467144563918761e-05,-0.024961324020463815,0.0,597.279661795791,var154,nested_cv,MI continuous XGBoost
0.05,21762,2,48,-2.4185083607834045e-05,-0.035750390589100275,0.0,678.7979046043564,var154,nested_cv,MI continuous XGBoost
0.06,21762,1,22,-1.857620251580443e-05,-0.04676901176558006,0.0,732.4234904880067,var154,nested_cv,MI continuous XGBoost
0.07,21762,0,6,-2.0752362063496304e-05,-0.05802459253725298,0.0,770.622448041803,var154,nested_cv,MI continuous XGBoost
0.08,21762,0,2,-7.991592844327768e-06,-0.06952485984744049,0.0,799.4439849278558,var154,nested_cv,MI continuous XGBoost
0.09,21762,0,0,0.0,-0.08127788028532446,0.0,821.8096784405029,var154,nested_cv,MI continuous XGBoost
0.1,21762,0,0,0.0,-0.09329207895516141,0.0,839.6287105964526,var154,nested_cv,MI continuous XGBoost
0.11,21762,0,0,0.0,-0.10557625961757894,0.0,854.2079187240478,var154,nested_cv,MI continuous XGBoost
0.12,21762,0,0,0.0,-0.11813962620414234,0.0,866.3572588303772,var154,nested_cv,MI continuous XGBoost
0.13,21762,0,0,0.0,-0.1309918058156842,0.0,876.6374696895788,var154,nested_cv,MI continuous XGBoost
0.14,21762,0,0,0.0,-0.14414287332516892,0.0,885.4490789974661,var154,nested_cv,MI continuous XGBoost
0.15,21762,0,0,0.0,-0.15760337771722974,0.0,893.0858070643018,var154,nested_cv,MI continuous XGBoost
0.16,21762,0,0,0.0,-0.1713843703091015,0.0,899.7679441227829,var154,nested_cv,MI continuous XGBoost
0.17,21762,0,0,0.0,-0.1854974350116208,0.0,905.6639474096779,var154,nested_cv,MI continuous XGBoost
0.18,21762,0,0,0.0,-0.1999547208044454,0.0,910.9048392202513,var154,nested_cv,MI continuous XGBoost
0.19,21762,0,0,0.0,-0.214768976616846,0.0,915.5940582086592,var154,nested_cv,MI continuous XGBoost
0.2,21762,0,0,0.0,-0.22995358882455658,0.0,919.8143552982264,var154,nested_cv,MI continuous XGBoost
0.21,21762,0,0,0.0,-0.24552262159448762,0.0,923.632719331644,var154,nested_cv,MI continuous XGBoost
0.22,21762,0,0,0.0,-0.26149086033287855,0.0,927.1039593620239,var154,nested_cv,MI continuous XGBoost
0.23,21762,0,0,0.0,-0.2778738585190198,0.0,930.2733524332402,var154,nested_cv,MI continuous XGBoost
0.24,21762,0,0,0.0,-0.2946879882363753,0.0,933.1786294151885,var154,nested_cv,MI continuous XGBoost
0.25,21762,0,0,0.0,-0.3119504947461937,0.0,935.8514842385811,var154,nested_cv,MI continuous XGBoost
0.26,21762,0,0,0.0,-0.32967955548600714,0.0,938.3187348447894,var154,nested_cv,MI continuous XGBoost
0.27,21762,0,0,0.0,-0.3478943439173223,0.0,940.6032261468343,var154,nested_cv,MI continuous XGBoost
0.28,21762,0,0,0.0,-0.3666150986939518,0.0,942.7245394987332,var154,nested_cv,MI continuous XGBoost
0.29,21762,0,0,0.0,-0.38586319867555674,0.0,944.6995553780871,var154,nested_cv,MI continuous XGBoost
0.3,21762,0,0,0.0,-0.4056612443709218,0.0,946.5429035321508,var154,nested_cv,MI continuous XGBoost
0.31,21762,0,0,0.0,-0.4260331464632541,0.0,948.2673259988558,var154,nested_cv,MI continuous XGBoost
0.32,21762,0,0,0.0,-0.44700422214653723,0.0,949.8839720613915,var154,nested_cv,MI continuous XGBoost
0.33,21762,0,0,0.0,-0.4686013000890229,0.0,951.4026395746827,var154,nested_cv,MI continuous XGBoost
0.34,21762,0,0,0.0,-0.4908528349388566,0.0,952.8319737048391,var154,nested_cv,MI continuous XGBoost
0.35,21762,0,0,0.0,-0.5137890323994543,0.0,954.1796315989866,var154,nested_cv,MI continuous XGBoost
0.36,21762,0,0,0.0,-0.5374419860306958,0.0,955.452419610126,var154,nested_cv,MI continuous XGBoost
0.37,21762,0,0,0.0,-0.561845827078802,0.0,956.6564082693116,var154,nested_cv,MI continuous XGBoost
0.38,21762,0,0,0.0,-0.5870368888058796,0.0,957.7970291043298,var154,nested_cv,MI continuous XGBoost
0.39,21762,0,0,0.0,-0.6130538869830251,0.0,958.879156563193,var154,nested_cv,MI continuous XGBoost
0.4,21762,0,0,0.0,-0.6399381184327423,0.0,959.9071776491134,var154,nested_cv,MI continuous XGBoost
0.41,21762,0,0,0.0,-0.6677336797621105,0.0,960.8850513649886,var154,nested_cv,MI continuous XGBoost
0.42,21762,0,0,0.0,-0.6964877087235263,0.0,961.8163596658221,var154,nested_cv,MI continuous XGBoost
0.43,21762,0,0,0.0,-0.7262506509818337,0.0,962.7043513015007,var154,nested_cv,MI continuous XGBoost
0.44,21762,0,0,0.0,-0.7570765554636523,0.0,963.551979681012,var154,nested_cv,MI continuous XGBoost
0.45,21762,0,0,0.0,-0.7890234019266278,0.0,964.3619356881007,var154,nested_cv,MI continuous XGBoost
0.46,21762,0,0,0.0,-0.8221534649252691,0.0,965.1366762166202,var154,nested_cv,MI continuous XGBoost
0.47,21762,0,0,0.0,-0.8565337189804627,0.0,965.8784490630751,var154,nested_cv,MI continuous XGBoost
0.48,21762,0,0,0.0,-0.8922362904993179,0.0,966.5893147075943,var154,nested_cv,MI continuous XGBoost
0.49,21762,0,0,0.0,-0.9293389628620495,0.0,967.2711654278476,var154,nested_cv,MI continuous XGBoost
0.5,21762,0,0,0.0,-0.9679257421192906,0.0,967.9257421192906,var154,nested_cv,MI continuous XGBoost
0.01,21762,326,19498,0.005930084783131377,0.0060981100407623695,0.0,-16.634500505468257,var154,nested_cv,MI spline LASSO
0.02,21762,101,4771,0.00016692643420754012,-0.004043745979229855,0.0,206.32294825843235,var154,nested_cv,MI spline LASSO
0.03,21762,11,417,-8.716603329174e-05,-0.014394712432623975,0.0,462.6106669117422,var154,nested_cv,MI spline LASSO
0.04,21762,1,125,-0.00019337989768097296,-0.024961324020463815,0.0,594.4306589467882,var154,nested_cv,MI spline LASSO
0.05,21762,1,52,-7.981077590585231e-05,-0.035750390589100275,0.0,677.7410164506939,var154,nested_cv,MI spline LASSO
0.06,21762,1,27,-3.324162555459741e-05,-0.04676901176558006,0.0,732.1937321937323,var154,nested_cv,MI spline LASSO
0.07,21762,0,15,-5.1880905158740764e-05,-0.05802459253725298,0.0,770.208883112109,var154,nested_cv,MI spline LASSO
0.08,21762,0,4,-1.5983185688655535e-05,-0.06952485984744049,0.0,799.352081610146,var154,nested_cv,MI spline LASSO
0.09,21762,0,1,-4.544669557076505e-06,-0.08127788028532446,0.0,821.763726781648,var154,nested_cv,MI spline LASSO
0.1,21762,0,0,0.0,-0.09329207895516141,0.0,839.6287105964526,var154,nested_cv,MI spline LASSO
0.11,21762,0,0,0.0,-0.10557625961757894,0.0,854.2079187240478,var154,nested_cv,MI spline LASSO
0.12,21762,0,0,0.0,-0.11813962620414234,0.0,866.3572588303772,var154,nested_cv,MI spline LASSO
0.13,21762,0,0,0.0,-0.1309918058156842,0.0,876.6374696895788,var154,nested_cv,MI spline LASSO
0.14,21762,0,0,0.0,-0.14414287332516892,0.0,885.4490789974661,var154,nested_cv,MI spline LASSO
0.15,21762,0,0,0.0,-0.15760337771722974,0.0,893.0858070643018,var154,nested_cv,MI spline LASSO
0.16,21762,0,0,0.0,-0.1713843703091015,0.0,899.7679441227829,var154,nested_cv,MI spline LASSO
0.17,21762,0,0,0.0,-0.1854974350116208,0.0,905.6639474096779,var154,nested_cv,MI spline LASSO
0.18,21762,0,0,0.0,-0.1999547208044454,0.0,910.9048392202513,var154,nested_cv,MI spline LASSO
0.19,21762,0,0,0.0,-0.214768976616846,0.0,915.5940582086592,var154,nested_cv,MI spline LASSO
0.2,21762,0,0,0.0,-0.22995358882455658,0.0,919.8143552982264,var154,nested_cv,MI spline LASSO
0.21,21762,0,0,0.0,-0.24552262159448762,0.0,923.632719331644,var154,nested_cv,MI spline LASSO
0.22,21762,0,0,0.0,-0.26149086033287855,0.0,927.1039593620239,var154,nested_cv,MI spline LASSO
0.23,21762,0,0,0.0,-0.2778738585190198,0.0,930.2733524332402,var154,nested_cv,MI spline LASSO
0.24,21762,0,0,0.0,-0.2946879882363753,0.0,933.1786294151885,var154,nested_cv,MI spline LASSO
0.25,21762,0,0,0.0,-0.3119504947461937,0.0,935.8514842385811,var154,nested_cv,MI spline LASSO
0.26,21762,0,0,0.0,-0.32967955548600714,0.0,938.3187348447894,var154,nested_cv,MI spline LASSO
0.27,21762,0,0,0.0,-0.3478943439173223,0.0,940.6032261468343,var154,nested_cv,MI spline LASSO
0.28,21762,0,0,0.0,-0.3666150986939518,0.0,942.7245394987332,var154,nested_cv,MI spline LASSO
0.29,21762,0,0,0.0,-0.38586319867555674,0.0,944.6995553780871,var154,nested_cv,MI spline LASSO
0.3,21762,0,0,0.0,-0.4056612443709218,0.0,946.5429035321508,var154,nested_cv,MI spline LASSO
0.31,21762,0,0,0.0,-0.4260331464632541,0.0,948.2673259988558,var154,nested_cv,MI spline LASSO
0.32,21762,0,0,0.0,-0.44700422214653723,0.0,949.8839720613915,var154,nested_cv,MI spline LASSO
0.33,21762,0,0,0.0,-0.4686013000890229,0.0,951.4026395746827,var154,nested_cv,MI spline LASSO
0.34,21762,0,0,0.0,-0.4908528349388566,0.0,952.8319737048391,var154,nested_cv,MI spline LASSO
0.35,21762,0,0,0.0,-0.5137890323994543,0.0,954.1796315989866,var154,nested_cv,MI spline LASSO
0.36,21762,0,0,0.0,-0.5374419860306958,0.0,955.452419610126,var154,nested_cv,MI spline LASSO
0.37,21762,0,0,0.0,-0.561845827078802,0.0,956.6564082693116,var154,nested_cv,MI spline LASSO
0.38,21762,0,0,0.0,-0.5870368888058796,0.0,957.7970291043298,var154,nested_cv,MI spline LASSO
0.39,21762,0,0,0.0,-0.6130538869830251,0.0,958.879156563193,var154,nested_cv,MI spline LASSO
0.4,21762,0,0,0.0,-0.6399381184327423,0.0,959.9071776491134,var154,nested_cv,MI spline LASSO
0.41,21762,0,0,0.0,-0.6677336797621105,0.0,960.8850513649886,var154,nested_cv,MI spline LASSO
0.42,21762,0,0,0.0,-0.6964877087235263,0.0,961.8163596658221,var154,nested_cv,MI spline LASSO
0.43,21762,0,0,0.0,-0.7262506509818337,0.0,962.7043513015007,var154,nested_cv,MI spline LASSO
0.44,21762,0,0,0.0,-0.7570765554636523,0.0,963.551979681012,var154,nested_cv,MI spline LASSO
0.45,21762,0,0,0.0,-0.7890234019266278,0.0,964.3619356881007,var154,nested_cv,MI spline LASSO
0.46,21762,0,0,0.0,-0.8221534649252691,0.0,965.1366762166202,var154,nested_cv,MI spline LASSO
0.47,21762,0,0,0.0,-0.8565337189804627,0.0,965.8784490630751,var154,nested_cv,MI spline LASSO
0.48,21762,0,0,0.0,-0.8922362904993179,0.0,966.5893147075943,var154,nested_cv,MI spline LASSO
0.49,21762,0,0,0.0,-0.9293389628620495,0.0,967.2711654278476,var154,nested_cv,MI spline LASSO
0.5,21762,0,0,0.0,-0.9679257421192906,0.0,967.9257421192906,var154,nested_cv,MI spline LASSO
0.01,1085,6,1023,-0.003993855606758833,-0.004515198063585161,0.0,51.61290322580644,var154,temporal_holdout,MI continuous XGBoost
0.02,1085,2,266,-0.0031599736668861097,-0.014765353145866642,0.0,568.663594470046,var154,temporal_holdout,MI continuous XGBoost
0.03,1085,0,33,-0.0009406622642405814,-0.025226851631906508,0.0,785.2534562211982,var154,temporal_holdout,MI continuous XGBoost
0.04,1085,0,8,-0.0003072196620583718,-0.035906298003072205,0.0,854.377880184332,var154,temporal_holdout,MI continuous XGBoost
0.05,1085,0,4,-0.00019403347077370849,-0.046810574824157174,0.0,885.7142857142858,var154,temporal_holdout,MI continuous XGBoost
0.06,1085,0,2,-0.00011765859397980193,-0.05794685753505245,0.0,905.9907834101383,var154,temporal_holdout,MI continuous XGBoost
0.07,1085,0,2,-0.00013874436351023244,-0.0693226301967197,0.0,919.1573403554971,var154,temporal_holdout,MI continuous XGBoost
0.08,1085,0,0,0.0,-0.08094570226407534,0.0,930.8755760368664,var154,temporal_holdout,MI continuous XGBoost
0.09,1085,0,0,0.0,-0.09282422646477946,0.0,938.5560675883256,var154,temporal_holdout,MI continuous XGBoost
0.1,1085,0,0,0.0,-0.10496671786994369,0.0,944.7004608294931,var154,temporal_holdout,MI continuous XGBoost
0.11,1085,0,0,0.0,-0.11738207425050484,0.0,949.7276916631756,var154,temporal_holdout,MI continuous XGBoost
0.12,1085,0,0,0.0,-0.1300795978215333,0.0,953.9170506912443,var154,temporal_holdout,MI continuous XGBoost
0.13,1085,0,0,0.0,-0.14306901848614864,0.0,957.4618929457639,var154,temporal_holdout,MI continuous XGBoost
0.14,1085,0,0,0.0,-0.15636051870110387,0.0,960.5003291639237,var154,temporal_holdout,MI continuous XGBoost
0.15,1085,0,0,0.0,-0.16996476009758743,0.0,963.1336405529953,var154,temporal_holdout,MI continuous XGBoost
0.16,1085,0,0,0.0,-0.1838929120035111,0.0,965.4377880184331,var154,temporal_holdout,MI continuous XGBoost
0.17,1085,0,0,0.0,-0.1981566820276498,0.0,967.4708593114666,var154,temporal_holdout,MI continuous XGBoost
0.18,1085,0,0,0.0,-0.21276834888164547,0.0,969.2780337941629,var154,temporal_holdout,MI continuous XGBoost
0.19,1085,0,0,0.0,-0.22774079763327074,0.0,970.8949793839438,var154,temporal_holdout,MI continuous XGBoost
0.2,1085,0,0,0.0,-0.24308755760368664,0.0,972.3502304147465,var154,temporal_holdout,MI continuous XGBoost
0.21,1085,0,0,0.0,-0.25882284314297377,0.0,973.6668861092824,var154,temporal_holdout,MI continuous XGBoost
0.22,1085,0,0,0.0,-0.2749615975422427,0.0,974.8638458315878,var154,temporal_holdout,MI continuous XGBoost
0.23,1085,0,0,0.0,-0.29151954036746663,0.0,975.9567220997797,var154,temporal_holdout,MI continuous XGBoost
0.24,1085,0,0,0.0,-0.3085132185301964,0.0,976.958525345622,var154,temporal_holdout,MI continuous XGBoost
0.25,1085,0,0,0.0,-0.3259600614439324,0.0,977.8801843317973,var154,temporal_holdout,MI continuous XGBoost
0.26,1085,0,0,0.0,-0.34387844065263423,0.0,978.7309464728819,var154,temporal_holdout,MI continuous XGBoost
0.27,1085,0,0,0.0,-0.36228773436020456,0.0,979.5186891961085,var154,temporal_holdout,MI continuous XGBoost
0.28,1085,0,0,0.0,-0.38120839733742967,0.0,980.2501645819619,var154,temporal_holdout,MI continuous XGBoost
0.29,1085,0,0,0.0,-0.4006620367365483,0.0,980.9311933894803,var154,temporal_holdout,MI continuous XGBoost
0.3,1085,0,0,0.0,-0.4206714944042133,0.0,981.5668202764977,var154,temporal_holdout,MI continuous XGBoost
0.31,1085,0,0,0.0,-0.4412609363521005,0.0,982.1614389772558,var154,temporal_holdout,MI continuous XGBoost
0.32,1085,0,0,0.0,-0.4624559501219843,0.0,982.7188940092166,var154,temporal_holdout,MI continuous XGBoost
0.33,1085,0,0,0.0,-0.4842836508700737,0.0,983.2425638877253,var154,temporal_holdout,MI continuous XGBoost
0.34,1085,0,0,0.0,-0.5067727970953778,0.0,983.7354296557332,var154,temporal_holdout,MI continuous XGBoost
0.35,1085,0,0,0.0,-0.5299539170506912,0.0,984.2001316655694,var154,temporal_holdout,MI continuous XGBoost
0.36,1085,0,0,0.0,-0.5538594470046083,0.0,984.6390168970814,var154,temporal_holdout,MI continuous XGBoost
0.37,1085,0,0,0.0,-0.5785238826713481,0.0,985.0541786025657,var154,temporal_holdout,MI continuous XGBoost
0.38,1085,0,0,0.0,-0.6039839452950796,0.0,985.4474896919719,var154,temporal_holdout,MI continuous XGBoost
0.39,1085,0,0,0.0,-0.6302787640704087,0.0,985.8206309819213,var154,temporal_holdout,MI continuous XGBoost
0.4,1085,0,0,0.0,-0.6574500768049156,0.0,986.1751152073733,var154,temporal_holdout,MI continuous XGBoost
0.41,1085,0,0,0.0,-0.6855424509880494,0.0,986.5123075193884,var154,temporal_holdout,MI continuous XGBoost
0.42,1085,0,0,0.0,-0.7146035277292229,0.0,986.8334430546413,var154,temporal_holdout,MI continuous XGBoost
0.43,1085,0,0,0.0,-0.7446842913735952,0.0,987.1396420533705,var154,temporal_holdout,MI continuous XGBoost
0.44,1085,0,0,0.0,-0.7758393680052666,0.0,987.431922915794,var154,temporal_holdout,MI continuous XGBoost
0.45,1085,0,0,0.0,-0.8081273565144532,0.0,987.7112135176651,var154,temporal_holdout,MI continuous XGBoost
0.46,1085,0,0,0.0,-0.8416111964499061,0.0,987.9783610498898,var154,temporal_holdout,MI continuous XGBoost
0.47,1085,0,0,0.0,-0.8763585775149986,0.0,988.2341406020198,var154,temporal_holdout,MI continuous XGBoost
0.48,1085,0,0,0.0,-0.912442396313364,0.0,988.479262672811,var154,temporal_holdout,MI continuous XGBoost
0.49,1085,0,0,0.0,-0.9499412668293122,0.0,988.714379761121,var154,temporal_holdout,MI continuous XGBoost
0.5,1085,0,0,0.0,-0.9889400921658986,0.0,988.9400921658986,var154,temporal_holdout,MI continuous XGBoost
0.01,1085,5,991,-0.004617604617604618,-0.004515198063585161,0.0,-10.138248847926182,var154,temporal_holdout,MI spline LASSO
0.02,1085,1,300,-0.004721151133264366,-0.014765353145866642,0.0,492.16589861751146,var154,temporal_holdout,MI spline LASSO
0.03,1085,0,52,-0.001482255689106371,-0.025226851631906508,0.0,767.7419354838711,var154,temporal_holdout,MI spline LASSO
0.04,1085,0,19,-0.000729646697388633,-0.035906298003072205,0.0,844.2396313364056,var154,temporal_holdout,MI spline LASSO
0.05,1085,0,9,-0.00043657530924084406,-0.046810574824157174,0.0,881.1059907834102,var154,temporal_holdout,MI spline LASSO
0.06,1085,0,5,-0.00029414648494950483,-0.05794685753505245,0.0,903.2258064516129,var154,temporal_holdout,MI spline LASSO
0.07,1085,0,3,-0.00020811654526534863,-0.0693226301967197,0.0,918.2356813693219,var154,temporal_holdout,MI spline LASSO
0.08,1085,0,2,-0.00016028851933480264,-0.08094570226407534,0.0,929.0322580645162,var154,temporal_holdout,MI spline LASSO
0.09,1085,0,0,0.0,-0.09282422646477946,0.0,938.5560675883256,var154,temporal_holdout,MI spline LASSO
0.1,1085,0,0,0.0,-0.10496671786994369,0.0,944.7004608294931,var154,temporal_holdout,MI spline LASSO
0.11,1085,0,0,0.0,-0.11738207425050484,0.0,949.7276916631756,var154,temporal_holdout,MI spline LASSO
0.12,1085,0,0,0.0,-0.1300795978215333,0.0,953.9170506912443,var154,temporal_holdout,MI spline LASSO
0.13,1085,0,0,0.0,-0.14306901848614864,0.0,957.4618929457639,var154,temporal_holdout,MI spline LASSO
0.14,1085,0,0,0.0,-0.15636051870110387,0.0,960.5003291639237,var154,temporal_holdout,MI spline LASSO
0.15,1085,0,0,0.0,-0.16996476009758743,0.0,963.1336405529953,var154,temporal_holdout,MI spline LASSO
0.16,1085,0,0,0.0,-0.1838929120035111,0.0,965.4377880184331,var154,temporal_holdout,MI spline LASSO
0.17,1085,0,0,0.0,-0.1981566820276498,0.0,967.4708593114666,var154,temporal_holdout,MI spline LASSO
0.18,1085,0,0,0.0,-0.21276834888164547,0.0,969.2780337941629,var154,temporal_holdout,MI spline LASSO
0.19,1085,0,0,0.0,-0.22774079763327074,0.0,970.8949793839438,var154,temporal_holdout,MI spline LASSO
0.2,1085,0,0,0.0,-0.24308755760368664,0.0,972.3502304147465,var154,temporal_holdout,MI spline LASSO
0.21,1085,0,0,0.0,-0.25882284314297377,0.0,973.6668861092824,var154,temporal_holdout,MI spline LASSO
0.22,1085,0,0,0.0,-0.2749615975422427,0.0,974.8638458315878,var154,temporal_holdout,MI spline LASSO
0.23,1085,0,0,0.0,-0.29151954036746663,0.0,975.9567220997797,var154,temporal_holdout,MI spline LASSO
0.24,1085,0,0,0.0,-0.3085132185301964,0.0,976.958525345622,var154,temporal_holdout,MI spline LASSO
0.25,1085,0,0,0.0,-0.3259600614439324,0.0,977.8801843317973,var154,temporal_holdout,MI spline LASSO
0.26,1085,0,0,0.0,-0.34387844065263423,0.0,978.7309464728819,var154,temporal_holdout,MI spline LASSO
0.27,1085,0,0,0.0,-0.36228773436020456,0.0,979.5186891961085,var154,temporal_holdout,MI spline LASSO
0.28,1085,0,0,0.0,-0.38120839733742967,0.0,980.2501645819619,var154,temporal_holdout,MI spline LASSO
0.29,1085,0,0,0.0,-0.4006620367365483,0.0,980.9311933894803,var154,temporal_holdout,MI spline LASSO
0.3,1085,0,0,0.0,-0.4206714944042133,0.0,981.5668202764977,var154,temporal_holdout,MI spline LASSO
0.31,1085,0,0,0.0,-0.4412609363521005,0.0,982.1614389772558,var154,temporal_holdout,MI spline LASSO
0.32,1085,0,0,0.0,-0.4624559501219843,0.0,982.7188940092166,var154,temporal_holdout,MI spline LASSO
0.33,1085,0,0,0.0,-0.4842836508700737,0.0,983.2425638877253,var154,temporal_holdout,MI spline LASSO
0.34,1085,0,0,0.0,-0.5067727970953778,0.0,983.7354296557332,var154,temporal_holdout,MI spline LASSO
0.35,1085,0,0,0.0,-0.5299539170506912,0.0,984.2001316655694,var154,temporal_holdout,MI spline LASSO
0.36,1085,0,0,0.0,-0.5538594470046083,0.0,984.6390168970814,var154,temporal_holdout,MI spline LASSO
0.37,1085,0,0,0.0,-0.5785238826713481,0.0,985.0541786025657,var154,temporal_holdout,MI spline LASSO
0.38,1085,0,0,0.0,-0.6039839452950796,0.0,985.4474896919719,var154,temporal_holdout,MI spline LASSO
0.39,1085,0,0,0.0,-0.6302787640704087,0.0,985.8206309819213,var154,temporal_holdout,MI spline LASSO
0.4,1085,0,0,0.0,-0.6574500768049156,0.0,986.1751152073733,var154,temporal_holdout,MI spline LASSO
0.41,1085,0,0,0.0,-0.6855424509880494,0.0,986.5123075193884,var154,temporal_holdout,MI spline LASSO
0.42,1085,0,0,0.0,-0.7146035277292229,0.0,986.8334430546413,var154,temporal_holdout,MI spline LASSO
0.43,1085,0,0,0.0,-0.7446842913735952,0.0,987.1396420533705,var154,temporal_holdout,MI spline LASSO
0.44,1085,0,0,0.0,-0.7758393680052666,0.0,987.431922915794,var154,temporal_holdout,MI spline LASSO
0.45,1085,0,0,0.0,-0.8081273565144532,0.0,987.7112135176651,var154,temporal_holdout,MI spline LASSO
0.46,1085,0,0,0.0,-0.8416111964499061,0.0,987.9783610498898,var154,temporal_holdout,MI spline LASSO
0.47,1085,0,0,0.0,-0.8763585775149986,0.0,988.2341406020198,var154,temporal_holdout,MI spline LASSO
0.48,1085,0,0,0.0,-0.912442396313364,0.0,988.479262672811,var154,temporal_holdout,MI spline LASSO
0.49,1085,0,0,0.0,-0.9499412668293122,0.0,988.714379761121,var154,temporal_holdout,MI spline LASSO
0.5,1085,0,0,0.0,-0.9889400921658986,0.0,988.9400921658986,var154,temporal_holdout,MI spline LASSO
0.01,21762,146,10937,0.0016324442847740332,0.0012244492531230857,0.0,40.3915081334438,var158,nested_cv,MI continuous XGBoost
0.02,21762,20,1244,-0.0002475762844426439,-0.008967137999396066,0.0,427.2585240327176,var158,nested_cv,MI continuous XGBoost
0.03,21762,2,222,-0.00022359982453098518,-0.01936886107155479,0.0,619.0301136537697,var158,nested_cv,MI continuous XGBoost
0.04,21762,1,62,-7.275679318690072e-05,-0.029987286707716825,0.0,717.948717948718,var158,nested_cv,MI continuous XGBoost
0.05,21762,1,21,-4.837016721566811e-06,-0.04082925814674542,0.0,775.6640014704531,var158,nested_cv,MI continuous XGBoost
0.06,21762,0,7,-2.0531592254310167e-05,-0.0519019098291576,0.0,812.8082590448182,var158,nested_cv,MI continuous XGBoost
0.07,21762,0,4,-1.3834908042330868e-05,-0.06321268305312705,0.0,839.6418396418397,var158,nested_cv,MI continuous XGBoost
0.08,21762,0,0,0.0,-0.0747693426515306,0.0,859.8474404926019,var158,nested_cv,MI continuous XGBoost
0.09,21762,0,0,0.0,-0.08657999476858037,0.0,875.4199471045349,var158,nested_cv,MI continuous XGBoost
0.1,21762,0,0,0.0,-0.09865310582156461,0.0,887.8779523940814,var158,nested_cv,MI continuous XGBoost
0.11,21762,0,0,0.0,-0.11099752274090803,0.0,898.0708658128013,var158,nested_cv,MI continuous XGBoost
0.12,21762,0,0,0.0,-0.12362249459023651,0.0,906.5649603284012,var158,nested_cv,MI continuous XGBoost
0.13,21762,0,0,0.0,-0.13653769567748064,0.0,913.7522710723704,var158,nested_cv,MI continuous XGBoost
0.14,21762,0,0,0.0,-0.1497532502783816,0.0,919.9128231386297,var158,nested_cv,MI continuous XGBoost
0.15,21762,0,0,0.0,-0.16327975910518605,0.0,925.251968262721,var158,nested_cv,MI continuous XGBoost
0.16,21762,0,0,0.0,-0.1771283276659621,0.0,929.9237202463008,var158,nested_cv,MI continuous XGBoost
0.17,21762,0,0,0.0,-0.19131059667398576,0.0,934.0458543494598,var158,nested_cv,MI continuous XGBoost
0.18,21762,0,0,0.0,-0.20583877468220502,0.0,937.7099735522673,var158,nested_cv,MI continuous XGBoost
0.19,21762,0,0,0.0,-0.2207256731350718,0.0,940.9883959968851,var158,nested_cv,MI continuous XGBoost
0.2,21762,0,0,0.0,-0.23598474404926018,0.0,943.9389761970407,var158,nested_cv,MI continuous XGBoost
0.21,21762,0,0,0.0,-0.2516301205562128,0.0,946.6085487590864,var158,nested_cv,MI continuous XGBoost
0.22,21762,0,0,0.0,-0.26767666056334377,0.0,949.0354329064007,var158,nested_cv,MI continuous XGBoost
0.23,21762,0,0,0.0,-0.2841399938174132,0.0,951.2512836496006,var158,nested_cv,MI continuous XGBoost
0.24,21762,0,0,0.0,-0.30103657268343176,0.0,953.2824801642006,var158,nested_cv,MI continuous XGBoost
0.25,21762,0,0,0.0,-0.3183837269858775,0.0,955.1511809576326,var158,nested_cv,MI continuous XGBoost
0.26,21762,0,0,0.0,-0.3361997232964975,0.0,956.8761355361851,var158,nested_cv,MI continuous XGBoost
0.27,21762,0,0,0.0,-0.35450382909507966,0.0,958.4733157015116,var158,nested_cv,MI continuous XGBoost
0.28,21762,0,0,0.0,-0.3733163822769558,0.0,959.9564115693148,var158,nested_cv,MI continuous XGBoost
0.29,21762,0,0,0.0,-0.3926588665343777,0.0,961.3372249634764,var158,nested_cv,MI continuous XGBoost
0.3,21762,0,0,0.0,-0.41255399319915453,0.0,962.6259841313605,var158,nested_cv,MI continuous XGBoost
0.31,21762,0,0,0.0,-0.43302579020204085,0.0,963.831597546478,var158,nested_cv,MI continuous XGBoost
0.32,21762,0,0,0.0,-0.4540996988814826,0.0,964.9618601231505,var158,nested_cv,MI continuous XGBoost
0.33,21762,0,0,0.0,-0.47580267946180327,0.0,966.0236219376004,var158,nested_cv,MI continuous XGBoost
0.34,21762,0,0,0.0,-0.4981633261203155,0.0,967.02292717473,var158,nested_cv,MI continuous XGBoost
0.35,21762,0,0,0.0,-0.5212119926760126,0.0,967.965129255452,var158,nested_cv,MI continuous XGBoost
0.36,21762,0,0,0.0,-0.5449809300615753,0.0,968.854986776134,var158,nested_cv,MI continuous XGBoost
0.37,21762,0,0,0.0,-0.5695044368879495,0.0,969.6967438902924,var158,nested_cv,MI continuous XGBoost
0.38,21762,0,0,0.0,-0.5948190245796906,0.0,970.4941979984425,var158,nested_cv,MI continuous XGBoost
0.39,21762,0,0,0.0,-0.6209635987531282,0.0,971.2507570241236,var158,nested_cv,MI continuous XGBoost
0.4,21762,0,0,0.0,-0.6479796587323471,0.0,971.9694880985206,var158,nested_cv,MI continuous XGBoost
0.41,21762,0,0,0.0,-0.6759115173549289,0.0,972.6531591205078,var158,nested_cv,MI continuous XGBoost
0.42,21762,0,0,0.0,-0.7048065435162209,0.0,973.3042743795432,var158,nested_cv,MI continuous XGBoost
0.43,21762,0,0,0.0,-0.7347154302445756,0.0,973.925105207926,var158,nested_cv,MI continuous XGBoost
0.44,21762,0,0,0.0,-0.7656924914989431,0.0,974.5177164532004,var158,nested_cv,MI continuous XGBoost
0.45,21762,0,0,0.0,-0.7977959913443785,0.0,975.0839894209071,var158,nested_cv,MI continuous XGBoost
0.46,21762,0,0,0.0,-0.8310885097026077,0.0,975.6256418248004,var158,nested_cv,MI continuous XGBoost
0.47,21762,0,0,0.0,-0.8656373495083173,0.0,976.1442451902302,var158,nested_cv,MI continuous XGBoost
0.48,21762,0,0,0.0,-0.9015149908450156,0.0,976.6412400821002,var158,nested_cv,MI continuous XGBoost
0.49,21762,0,0,0.0,-0.9387995985086434,0.0,977.1179494681799,var158,nested_cv,MI continuous XGBoost
0.5,21762,0,0,0.0,-0.9775755904788164,0.0,977.5755904788164,var158,nested_cv,MI continuous XGBoost
0.01,21762,161,12241,0.0017164569135895299,0.0012244492531230857,0.0,48.70875838617797,var158,nested_cv,MI spline LASSO
0.02,21762,19,1318,-0.0003629243260579667,-0.008967137999396066,0.0,421.60646999356686,var158,nested_cv,MI spline LASSO
0.03,21762,5,239,-0.00010990499849828085,-0.01936886107155479,0.0,622.7062463621604,var158,nested_cv,MI spline LASSO
0.04,21762,1,77,-0.00010147657997120363,-0.029987286707716825,0.0,717.2594430658949,var158,nested_cv,MI spline LASSO
0.05,21762,1,30,-2.6603591968617438e-05,-0.04082925814674542,0.0,775.2504365407592,var158,nested_cv,MI spline LASSO
0.06,21762,0,14,-4.106318450862033e-05,-0.0519019098291576,0.0,812.4865974328342,var158,nested_cv,MI spline LASSO
0.07,21762,0,6,-2.0752362063496304e-05,-0.06321268305312705,0.0,839.5499363241298,var158,nested_cv,MI spline LASSO
0.08,21762,0,3,-1.198738926649165e-05,-0.0747693426515306,0.0,859.7095855160372,var158,nested_cv,MI spline LASSO
0.09,21762,0,1,-4.544669557076505e-06,-0.08657999476858037,0.0,875.3739954456801,var158,nested_cv,MI spline LASSO
0.1,21762,0,0,0.0,-0.09865310582156461,0.0,887.8779523940814,var158,nested_cv,MI spline LASSO
0.11,21762,0,0,0.0,-0.11099752274090803,0.0,898.0708658128013,var158,nested_cv,MI spline LASSO
0.12,21762,0,0,0.0,-0.12362249459023651,0.0,906.5649603284012,var158,nested_cv,MI spline LASSO
0.13,21762,0,0,0.0,-0.13653769567748064,0.0,913.7522710723704,var158,nested_cv,MI spline LASSO
0.14,21762,0,0,0.0,-0.1497532502783816,0.0,919.9128231386297,var158,nested_cv,MI spline LASSO
0.15,21762,0,0,0.0,-0.16327975910518605,0.0,925.251968262721,var158,nested_cv,MI spline LASSO
0.16,21762,0,0,0.0,-0.1771283276659621,0.0,929.9237202463008,var158,nested_cv,MI spline LASSO
0.17,21762,0,0,0.0,-0.19131059667398576,0.0,934.0458543494598,var158,nested_cv,MI spline LASSO
0.18,21762,0,0,0.0,-0.20583877468220502,0.0,937.7099735522673,var158,nested_cv,MI spline LASSO
0.19,21762,0,0,0.0,-0.2207256731350718,0.0,940.9883959968851,var158,nested_cv,MI spline LASSO
0.2,21762,0,0,0.0,-0.23598474404926018,0.0,943.9389761970407,var158,nested_cv,MI spline LASSO
0.21,21762,0,0,0.0,-0.2516301205562128,0.0,946.6085487590864,var158,nested_cv,MI spline LASSO
0.22,21762,0,0,0.0,-0.26767666056334377,0.0,949.0354329064007,var158,nested_cv,MI spline LASSO
0.23,21762,0,0,0.0,-0.2841399938174132,0.0,951.2512836496006,var158,nested_cv,MI spline LASSO
0.24,21762,0,0,0.0,-0.30103657268343176,0.0,953.2824801642006,var158,nested_cv,MI spline LASSO
0.25,21762,0,0,0.0,-0.3183837269858775,0.0,955.1511809576326,var158,nested_cv,MI spline LASSO
0.26,21762,0,0,0.0,-0.3361997232964975,0.0,956.8761355361851,var158,nested_cv,MI spline LASSO
0.27,21762,0,0,0.0,-0.35450382909507966,0.0,958.4733157015116,var158,nested_cv,MI spline LASSO
0.28,21762,0,0,0.0,-0.3733163822769558,0.0,959.9564115693148,var158,nested_cv,MI spline LASSO
0.29,21762,0,0,0.0,-0.3926588665343777,0.0,961.3372249634764,var158,nested_cv,MI spline LASSO
0.3,21762,0,0,0.0,-0.41255399319915453,0.0,962.6259841313605,var158,nested_cv,MI spline LASSO
0.31,21762,0,0,0.0,-0.43302579020204085,0.0,963.831597546478,var158,nested_cv,MI spline LASSO
0.32,21762,0,0,0.0,-0.4540996988814826,0.0,964.9618601231505,var158,nested_cv,MI spline LASSO
0.33,21762,0,0,0.0,-0.47580267946180327,0.0,966.0236219376004,var158,nested_cv,MI spline LASSO
0.34,21762,0,0,0.0,-0.4981633261203155,0.0,967.02292717473,var158,nested_cv,MI spline LASSO
0.35,21762,0,0,0.0,-0.5212119926760126,0.0,967.965129255452,var158,nested_cv,MI spline LASSO
0.36,21762,0,0,0.0,-0.5449809300615753,0.0,968.854986776134,var158,nested_cv,MI spline LASSO
0.37,21762,0,0,0.0,-0.5695044368879495,0.0,969.6967438902924,var158,nested_cv,MI spline LASSO
0.38,21762,0,0,0.0,-0.5948190245796906,0.0,970.4941979984425,var158,nested_cv,MI spline LASSO
0.39,21762,0,0,0.0,-0.6209635987531282,0.0,971.2507570241236,var158,nested_cv,MI spline LASSO
0.4,21762,0,0,0.0,-0.6479796587323471,0.0,971.9694880985206,var158,nested_cv,MI spline LASSO
0.41,21762,0,0,0.0,-0.6759115173549289,0.0,972.6531591205078,var158,nested_cv,MI spline LASSO
0.42,21762,0,0,0.0,-0.7048065435162209,0.0,973.3042743795432,var158,nested_cv,MI spline LASSO
0.43,21762,0,0,0.0,-0.7347154302445756,0.0,973.925105207926,var158,nested_cv,MI spline LASSO
0.44,21762,0,0,0.0,-0.7656924914989431,0.0,974.5177164532004,var158,nested_cv,MI spline LASSO
0.45,21762,0,0,0.0,-0.7977959913443785,0.0,975.0839894209071,var158,nested_cv,MI spline LASSO
0.46,21762,0,0,0.0,-0.8310885097026077,0.0,975.6256418248004,var158,nested_cv,MI spline LASSO
0.47,21762,0,0,0.0,-0.8656373495083173,0.0,976.1442451902302,var158,nested_cv,MI spline LASSO
0.48,21762,0,0,0.0,-0.9015149908450156,0.0,976.6412400821002,var158,nested_cv,MI spline LASSO
0.49,21762,0,0,0.0,-0.9387995985086434,0.0,977.1179494681799,var158,nested_cv,MI spline LASSO
0.5,21762,0,0,0.0,-0.9775755904788164,0.0,977.5755904788164,var158,nested_cv,MI spline LASSO
0.01,1085,10,584,0.003779732811990876,0.0038635199925522515,0.0,-8.294930875576163,var158,temporal_holdout,MI continuous XGBoost
0.02,1085,3,81,0.0012414182262766857,-0.006301137966707419,0.0,369.5852534562211,var158,temporal_holdout,MI continuous XGBoost
0.03,1085,0,17,-0.0004845835906693905,-0.016675376502446673,0.0,523.5023041474655,var158,temporal_holdout,MI continuous XGBoost
0.04,1085,0,4,-0.0001536098310291859,-0.02726574500768049,0.0,650.6912442396313,var158,temporal_holdout,MI continuous XGBoost
0.05,1085,0,0,0.0,-0.03807906863934028,0.0,723.5023041474653,var158,temporal_holdout,MI continuous XGBoost
0.06,1085,0,0,0.0,-0.0491224629865673,0.0,769.585253456221,var158,temporal_holdout,MI continuous XGBoost
0.07,1085,0,0,0.0,-0.060403349685347614,0.0,802.5016458196181,var158,temporal_holdout,MI continuous XGBoost
0.08,1085,0,0,0.0,-0.07192947305149268,0.0,827.1889400921658,var158,temporal_holdout,MI continuous XGBoost
0.09,1085,0,0,0.0,-0.08370891781030029,0.0,846.3901689708141,var158,temporal_holdout,MI continuous XGBoost
0.1,1085,0,0,0.0,-0.09575012800819253,0.0,861.7511520737328,var158,temporal_holdout,MI continuous XGBoost
0.11,1085,0,0,0.0,-0.1080619271992958,0.0,874.3192291579388,var158,temporal_holdout,MI continuous XGBoost
0.12,1085,0,0,0.0,-0.12065354000837872,0.0,884.7926267281107,var158,temporal_holdout,MI continuous XGBoost
0.13,1085,0,0,0.0,-0.13353461518088883,0.0,893.6547323644097,var158,temporal_holdout,MI continuous XGBoost
0.14,1085,0,0,0.0,-0.14671525024113172,0.0,901.250822909809,var158,temporal_holdout,MI continuous XGBoost
0.15,1085,0,0,0.0,-0.1602060178910274,0.0,907.8341013824886,var158,temporal_holdout,MI continuous XGBoost
0.16,1085,0,0,0.0,-0.174017994294492,0.0,913.5944700460828,var158,temporal_holdout,MI continuous XGBoost
0.17,1085,0,0,0.0,-0.18816278940647382,0.0,918.6771482786662,var158,temporal_holdout,MI continuous XGBoost
0.18,1085,0,0,0.0,-0.20265257952118687,0.0,923.1950844854069,var158,temporal_holdout,MI continuous XGBoost
0.19,1085,0,0,0.0,-0.217500142231325,0.0,927.2374484598593,var158,temporal_holdout,MI continuous XGBoost
0.2,1085,0,0,0.0,-0.23271889400921658,0.0,930.8755760368663,var158,temporal_holdout,MI continuous XGBoost
0.21,1085,0,0,0.0,-0.2483229306422446,0.0,934.1672152732059,var158,temporal_holdout,MI continuous XGBoost
0.22,1085,0,0,0.0,-0.26432707077868367,0.0,937.1596145789694,var158,temporal_holdout,MI continuous XGBoost
0.23,1085,0,0,0.0,-0.2807469028667185,0.0,939.8918052494489,var158,temporal_holdout,MI continuous XGBoost
0.24,1085,0,0,0.0,-0.29759883579917534,0.0,942.3963133640552,var158,temporal_holdout,MI continuous XGBoost
0.25,1085,0,0,0.0,-0.314900153609831,0.0,944.700460829493,var158,temporal_holdout,MI continuous XGBoost
0.26,1085,0,0,0.0,-0.33266907460455847,0.0,946.8273661822049,var158,temporal_holdout,MI continuous XGBoost
0.27,1085,0,0,0.0,-0.35092481535256614,0.0,948.7967229902713,var158,temporal_holdout,MI continuous XGBoost
0.28,1085,0,0,0.0,-0.3696876600102407,0.0,950.6254114549046,var158,temporal_holdout,MI continuous XGBoost
0.29,1085,0,0,0.0,-0.3889790355033426,0.0,952.3279834737009,var158,temporal_holdout,MI continuous XGBoost
0.3,1085,0,0,0.0,-0.4088215931533904,0.0,953.9170506912442,var158,temporal_holdout,MI continuous XGBoost
0.31,1085,0,0,0.0,-0.4292392974019903,0.0,955.4035974431396,var158,temporal_holdout,MI continuous XGBoost
0.32,1085,0,0,0.0,-0.45025752236378425,0.0,956.7972350230414,var158,temporal_holdout,MI continuous XGBoost
0.33,1085,0,0,0.0,-0.47190315702593033,0.0,958.106409719313,var158,temporal_holdout,MI continuous XGBoost
0.34,1085,0,0,0.0,-0.4942047200111717,0.0,959.3385741393331,var158,temporal_holdout,MI continuous XGBoost
0.35,1085,0,0,0.0,-0.5171924849344203,0.0,960.5003291639233,var158,temporal_holdout,MI continuous XGBoost
0.36,1085,0,0,0.0,-0.5408986175115207,0.0,961.5975422427034,var158,temporal_holdout,MI continuous XGBoost
0.37,1085,0,0,0.0,-0.5653573257259893,0.0,962.6354465064142,var158,temporal_holdout,MI continuous XGBoost
0.38,1085,0,0,0.0,-0.5906050245280213,0.0,963.6187242299295,var158,temporal_holdout,MI continuous XGBoost
0.39,1085,0,0,0.0,-0.6166805167333987,0.0,964.5515774548031,var158,temporal_holdout,MI continuous XGBoost
0.4,1085,0,0,0.0,-0.6436251920122887,0.0,965.437788018433,var158,temporal_holdout,MI continuous XGBoost
0.41,1085,0,0,0.0,-0.6714832461141917,0.0,966.2807687984714,var158,temporal_holdout,MI continuous XGBoost
0.42,1085,0,0,0.0,-0.7003019227713331,0.0,967.0836076366029,var158,temporal_holdout,MI continuous XGBoost
0.43,1085,0,0,0.0,-0.730131781065567,0.0,967.8491051334262,var158,temporal_holdout,MI continuous XGBoost
0.44,1085,0,0,0.0,-0.7610269914417379,0.0,968.5798072894846,var158,temporal_holdout,MI continuous XGBoost
0.45,1085,0,0,0.0,-0.7930456640134058,0.0,969.2780337941628,var158,temporal_holdout,MI continuous XGBoost
0.46,1085,0,0,0.0,-0.8262502133469874,0.0,969.9459026247243,var158,temporal_holdout,MI continuous XGBoost
0.47,1085,0,0,0.0,-0.8607077645422135,0.0,970.5853515050494,var158,temporal_holdout,MI continuous XGBoost
0.48,1085,0,0,0.0,-0.8964906061680253,0.0,971.1981566820275,var158,temporal_holdout,MI continuous XGBoost
0.49,1085,0,0,0.0,-0.9336766964850455,0.0,971.7859494028025,var158,temporal_holdout,MI continuous XGBoost
0.5,1085,0,0,0.0,-0.9723502304147464,0.0,972.3502304147464,var158,temporal_holdout,MI continuous XGBoost
0.01,1085,12,651,0.004999301773495322,0.0038635199925522515,0.0,112.44239631336396,var158,temporal_holdout,MI spline LASSO
0.02,1085,2,88,0.0001880936706479825,-0.006301137966707419,0.0,317.97235023041463,var158,temporal_holdout,MI spline LASSO
0.03,1085,0,21,-0.0005986032590621882,-0.016675376502446673,0.0,519.815668202765,var158,temporal_holdout,MI spline LASSO
0.04,1085,0,5,-0.00019201228878648236,-0.02726574500768049,0.0,649.7695852534561,var158,temporal_holdout,MI spline LASSO
0.05,1085,0,1,-4.850836769342712e-05,-0.03807906863934028,0.0,722.5806451612901,var158,temporal_holdout,MI spline LASSO
0.06,1085,0,0,0.0,-0.0491224629865673,0.0,769.585253456221,var158,temporal_holdout,MI spline LASSO
0.07,1085,0,0,0.0,-0.060403349685347614,0.0,802.5016458196181,var158,temporal_holdout,MI spline LASSO
0.08,1085,0,0,0.0,-0.07192947305149268,0.0,827.1889400921658,var158,temporal_holdout,MI spline LASSO
0.09,1085,0,0,0.0,-0.08370891781030029,0.0,846.3901689708141,var158,temporal_holdout,MI spline LASSO
0.1,1085,0,0,0.0,-0.09575012800819253,0.0,861.7511520737328,var158,temporal_holdout,MI spline LASSO
0.11,1085,0,0,0.0,-0.1080619271992958,0.0,874.3192291579388,var158,temporal_holdout,MI spline LASSO
0.12,1085,0,0,0.0,-0.12065354000837872,0.0,884.7926267281107,var158,temporal_holdout,MI spline LASSO
0.13,1085,0,0,0.0,-0.13353461518088883,0.0,893.6547323644097,var158,temporal_holdout,MI spline LASSO
0.14,1085,0,0,0.0,-0.14671525024113172,0.0,901.250822909809,var158,temporal_holdout,MI spline LASSO
0.15,1085,0,0,0.0,-0.1602060178910274,0.0,907.8341013824886,var158,temporal_holdout,MI spline LASSO
0.16,1085,0,0,0.0,-0.174017994294492,0.0,913.5944700460828,var158,temporal_holdout,MI spline LASSO
0.17,1085,0,0,0.0,-0.18816278940647382,0.0,918.6771482786662,var158,temporal_holdout,MI spline LASSO
0.18,1085,0,0,0.0,-0.20265257952118687,0.0,923.1950844854069,var158,temporal_holdout,MI spline LASSO
0.19,1085,0,0,0.0,-0.217500142231325,0.0,927.2374484598593,var158,temporal_holdout,MI spline LASSO
0.2,1085,0,0,0.0,-0.23271889400921658,0.0,930.8755760368663,var158,temporal_holdout,MI spline LASSO
0.21,1085,0,0,0.0,-0.2483229306422446,0.0,934.1672152732059,var158,temporal_holdout,MI spline LASSO
0.22,1085,0,0,0.0,-0.26432707077868367,0.0,937.1596145789694,var158,temporal_holdout,MI spline LASSO
0.23,1085,0,0,0.0,-0.2807469028667185,0.0,939.8918052494489,var158,temporal_holdout,MI spline LASSO
0.24,1085,0,0,0.0,-0.29759883579917534,0.0,942.3963133640552,var158,temporal_holdout,MI spline LASSO
0.25,1085,0,0,0.0,-0.314900153609831,0.0,944.700460829493,var158,temporal_holdout,MI spline LASSO
0.26,1085,0,0,0.0,-0.33266907460455847,0.0,946.8273661822049,var158,temporal_holdout,MI spline LASSO
0.27,1085,0,0,0.0,-0.35092481535256614,0.0,948.7967229902713,var158,temporal_holdout,MI spline LASSO
0.28,1085,0,0,0.0,-0.3696876600102407,0.0,950.6254114549046,var158,temporal_holdout,MI spline LASSO
0.29,1085,0,0,0.0,-0.3889790355033426,0.0,952.3279834737009,var158,temporal_holdout,MI spline LASSO
0.3,1085,0,0,0.0,-0.4088215931533904,0.0,953.9170506912442,var158,temporal_holdout,MI spline LASSO
0.31,1085,0,0,0.0,-0.4292392974019903,0.0,955.4035974431396,var158,temporal_holdout,MI spline LASSO
0.32,1085,0,0,0.0,-0.45025752236378425,0.0,956.7972350230414,var158,temporal_holdout,MI spline LASSO
0.33,1085,0,0,0.0,-0.47190315702593033,0.0,958.106409719313,var158,temporal_holdout,MI spline LASSO
0.34,1085,0,0,0.0,-0.4942047200111717,0.0,959.3385741393331,var158,temporal_holdout,MI spline LASSO
0.35,1085,0,0,0.0,-0.5171924849344203,0.0,960.5003291639233,var158,temporal_holdout,MI spline LASSO
0.36,1085,0,0,0.0,-0.5408986175115207,0.0,961.5975422427034,var158,temporal_holdout,MI spline LASSO
0.37,1085,0,0,0.0,-0.5653573257259893,0.0,962.6354465064142,var158,temporal_holdout,MI spline LASSO
0.38,1085,0,0,0.0,-0.5906050245280213,0.0,963.6187242299295,var158,temporal_holdout,MI spline LASSO
0.39,1085,0,0,0.0,-0.6166805167333987,0.0,964.5515774548031,var158,temporal_holdout,MI spline LASSO
0.4,1085,0,0,0.0,-0.6436251920122887,0.0,965.437788018433,var158,temporal_holdout,MI spline LASSO
0.41,1085,0,0,0.0,-0.6714832461141917,0.0,966.2807687984714,var158,temporal_holdout,MI spline LASSO
0.42,1085,0,0,0.0,-0.7003019227713331,0.0,967.0836076366029,var158,temporal_holdout,MI spline LASSO
0.43,1085,0,0,0.0,-0.730131781065567,0.0,967.8491051334262,var158,temporal_holdout,MI spline LASSO
0.44,1085,0,0,0.0,-0.7610269914417379,0.0,968.5798072894846,var158,temporal_holdout,MI spline LASSO
0.45,1085,0,0,0.0,-0.7930456640134058,0.0,969.2780337941628,var158,temporal_holdout,MI spline LASSO
0.46,1085,0,0,0.0,-0.8262502133469874,0.0,969.9459026247243,var158,temporal_holdout,MI spline LASSO
0.47,1085,0,0,0.0,-0.8607077645422135,0.0,970.5853515050494,var158,temporal_holdout,MI spline LASSO
0.48,1085,0,0,0.0,-0.8964906061680253,0.0,971.1981566820275,var158,temporal_holdout,MI spline LASSO
0.49,1085,0,0,0.0,-0.9336766964850455,0.0,971.7859494028025,var158,temporal_holdout,MI spline LASSO
0.5,1085,0,0,0.0,-0.9723502304147464,0.0,972.3502304147464,var158,temporal_holdout,MI spline LASSO
0.01,2098,40,851,0.014968560726425358,0.014453399582093575,0.0,51.00095328884648,andujak2,nested_cv,MI continuous XGBoost
0.02,2098,35,403,0.012762397618723371,0.00439680161864555,0.0,409.91420400381315,andujak2,nested_cv,MI continuous XGBoost
0.03,2098,33,244,0.01213232042298507,-0.0058671488801313,0.0,581.9828408007626,andujak2,nested_cv,MI continuous XGBoost
0.04,2098,30,163,0.011062122656498252,-0.016344931680966006,0.0,657.7693040991421,andujak2,nested_cv,MI continuous XGBoost
0.05,2098,30,116,0.01138929306106066,-0.02704329938287091,0.0,730.2192564346998,andujak2,nested_cv,MI continuous XGBoost
0.06,2098,27,92,0.010070381112711194,-0.03796929192949718,0.0,752.6215443279314,andujak2,nested_cv,MI continuous XGBoost
0.07,2098,26,74,0.009737896819295386,-0.04913025205777137,0.0,782.105406509601,andujak2,nested_cv,MI continuous XGBoost
0.08,2098,26,59,0.009947361876735608,-0.06053384175405148,0.0,810.5338417540514,andujak2,nested_cv,MI continuous XGBoost
0.09,2098,26,54,0.009847159513508418,-0.07218805979530478,0.0,829.4672174557779,andujak2,nested_cv,MI continuous XGBoost
0.1,2098,26,43,0.010115453871411927,-0.08410126045969707,0.0,847.9504289799809,andujak2,nested_cv,MI continuous XGBoost
0.11,2098,25,36,0.00979531067576397,-0.09628217349857006,0.0,858.2632810468845,andujak2,nested_cv,MI continuous XGBoost
0.12,2098,24,31,0.009424560187191264,-0.1087399254701447,0.0,866.5395614871304,andujak2,nested_cv,MI continuous XGBoost
0.13,2098,21,30,0.00787285099109168,-0.12148406254451423,0.0,865.6962675075164,andujak2,nested_cv,MI continuous XGBoost
0.14,2098,20,26,0.0075154632318708845,-0.134524574899683,0.0,872.5316628081167,andujak2,nested_cv,MI continuous XGBoost
0.15,2098,20,24,0.007514159143161555,-0.14787192283967926,0.0,880.5211312360979,andujak2,nested_cv,MI continuous XGBoost
0.16,2098,19,19,0.007331245176812383,-0.16153706477824686,0.0,886.558627264061,andujak2,nested_cv,MI continuous XGBoost
0.17,2098,17,18,0.006345687803645469,-0.17553148724545464,0.0,887.9885605338417,andujak2,nested_cv,MI continuous XGBoost
0.18,2098,15,18,0.0052663396033388364,-0.18986723708991138,0.0,888.9418493803621,andujak2,nested_cv,MI continuous XGBoost
0.19,2098,15,15,0.005472584118913957,-0.20455695606633006,0.0,895.3890923686719,andujak2,nested_cv,MI continuous XGBoost
0.2,2098,15,14,0.00548141086749285,-0.21961391801715918,0.0,900.3813155386081,andujak2,nested_cv,MI continuous XGBoost
0.21,2098,15,14,0.0053758250775301376,-0.23505206887813584,0.0,904.4668391665531,andujak2,nested_cv,MI continuous XGBoost
0.22,2098,14,13,0.0049253257070225615,-0.2508860697611889,0.0,906.9676748418407,andujak2,nested_cv,MI continuous XGBoost
0.23,2098,14,13,0.004822155918438092,-0.2671313433944511,0.0,910.4530194388029,andujak2,nested_cv,MI continuous XGBoost
0.24,2098,13,13,0.004239626712156942,-0.2838041242285886,0.0,912.1385446456942,andujak2,nested_cv,MI continuous XGBoost
0.25,2098,13,11,0.0044486812837623135,-0.30092151255163646,0.0,916.1105815061962,andujak2,nested_cv,MI continuous XGBoost
0.26,2098,13,11,0.004354211217890913,-0.31850153299152345,0.0,918.8971181344871,andujak2,nested_cv,MI continuous XGBoost
0.27,2098,12,11,0.003780508507776486,-0.3365631978270238,0.0,920.1885393496452,andujak2,nested_cv,MI continuous XGBoost
0.28,2098,12,11,0.0036807541573985803,-0.35512657557462135,0.0,922.6474193109083,andujak2,nested_cv,MI continuous XGBoost
0.29,2098,12,10,0.003772875575665624,-0.374212865371447,0.0,925.4133657670687,andujak2,nested_cv,MI continuous XGBoost
0.3,2098,12,10,0.003676971265150483,-0.39384447773389625,0.0,927.5500476644422,andujak2,nested_cv,MI continuous XGBoost
0.31,2098,12,10,0.0035782871195479474,-0.41404512233873536,0.0,929.5488791168241,andujak2,nested_cv,MI continuous XGBoost
0.32,2098,10,10,0.0025234116525542534,-0.43483990354959906,0.0,929.3970448045758,andujak2,nested_cv,MI continuous XGBoost
0.33,2098,10,9,0.0026535577593443647,-0.4562554244981006,0.0,931.7242973105698,andujak2,nested_cv,MI continuous XGBoost
0.34,2098,10,7,0.0030476355547852207,-0.4783199006268597,0.0,934.4193349408399,andujak2,nested_cv,MI continuous XGBoost
0.35,2098,10,7,0.0029698614064676983,-0.5010632837134267,0.0,936.0615552226611,andujak2,nested_cv,MI continuous XGBoost
0.36,2098,9,7,0.0024130123927550047,-0.524517397521449,0.0,936.7651731808072,andujak2,nested_cv,MI continuous XGBoost
0.37,2098,9,7,0.0023302616248278784,-0.5487160863709958,0.0,938.2681060469429,andujak2,nested_cv,MI continuous XGBoost
0.38,2098,9,7,0.0022448414772901996,-0.573695378086657,0.0,939.6919371832823,andujak2,nested_cv,MI continuous XGBoost
0.39,2098,8,7,0.001679976245917267,-0.5994936629733235,0.0,940.2972305736843,andujak2,nested_cv,MI continuous XGBoost
0.4,2098,8,7,0.001588814744200826,-0.6261518906895457,0.0,941.6110581506197,andujak2,nested_cv,MI continuous XGBoost
0.41,2098,8,7,0.0014945630220872185,-0.6537137871419105,0.0,942.8607965774604,andujak2,nested_cv,MI continuous XGBoost
0.42,2098,8,7,0.0013970612405903818,-0.6822260938167711,0.0,944.0510236506422,andujak2,nested_cv,MI continuous XGBoost
0.43,2098,8,7,0.001296138343953306,-0.7117388323047847,0.0,945.1858913250715,andujak2,nested_cv,MI continuous XGBoost
0.44,2098,8,6,0.0015661173907122428,-0.7423055971673702,0.0,946.7458185284686,andujak2,nested_cv,MI continuous XGBoost
0.45,2098,8,4,0.002253228182684808,-0.7739838807522315,0.0,948.7342442537866,andujak2,nested_cv,MI continuous XGBoost
0.46,2098,8,4,0.0021890336475655827,-0.8068354340994951,0.0,949.7243751813321,andujak2,nested_cv,MI continuous XGBoost
0.47,2098,8,4,0.0021224166771588397,-0.8409266687051459,0.0,950.6723728779182,andujak2,nested_cv,MI continuous XGBoost
0.48,2098,8,4,0.0020532375155826064,-0.8763291046417833,0.0,951.5808706704798,andujak2,nested_cv,MI continuous XGBoost
0.49,2098,8,4,0.0019813454457092657,-0.9131198713994653,0.0,952.4522869204878,andujak2,nested_cv,MI continuous XGBoost
0.5,2098,8,4,0.0019065776930409914,-0.9513822688274547,0.0,953.2888465204958,andujak2,nested_cv,MI continuous XGBoost
0.01,2098,49,1564,0.015825557770267017,0.014453399582093575,0.0,135.84366062917078,andujak2,nested_cv,MI spline LASSO
0.02,2098,42,864,0.011614560028015019,0.00439680161864555,0.0,353.6701620591039,andujak2,nested_cv,MI spline LASSO
0.03,2098,36,467,0.010274881330280188,-0.0058671488801313,0.0,521.9256434699714,andujak2,nested_cv,MI spline LASSO
0.04,2098,33,313,0.009513028280902447,-0.016344931680966006,0.0,620.5910390848428,andujak2,nested_cv,MI spline LASSO
0.05,2098,32,232,0.00943254227083438,-0.02704329938287091,0.0,693.0409914204005,andujak2,nested_cv,MI spline LASSO
0.06,2098,31,172,0.009543029835912622,-0.03796929192949718,0.0,744.3597076580869,andujak2,nested_cv,MI spline LASSO
0.07,2098,28,132,0.008610350871798025,-0.04913025205777137,0.0,767.125153207136,andujak2,nested_cv,MI spline LASSO
0.08,2098,28,107,0.008911178347908982,-0.06053384175405148,0.0,798.6177311725453,andujak2,nested_cv,MI spline LASSO
0.09,2098,27,89,0.008673880933175499,-0.07218805979530478,0.0,817.6040673657451,andujak2,nested_cv,MI spline LASSO
0.1,2098,27,72,0.00905624404194471,-0.08410126045969707,0.0,838.417540514776,andujak2,nested_cv,MI spline LASSO
0.11,2098,25,56,0.008617088505907177,-0.09628217349857006,0.0,848.7303925816794,andujak2,nested_cv,MI spline LASSO
0.12,2098,24,50,0.008189617817835169,-0.1087399254701447,0.0,857.4833174451858,andujak2,nested_cv,MI spline LASSO
0.13,2098,24,43,0.008376888772010564,-0.12148406254451423,0.0,869.0694434259735,andujak2,nested_cv,MI spline LASSO
0.14,2098,24,34,0.008801294699270623,-0.134524574899683,0.0,880.4303418221436,andujak2,nested_cv,MI spline LASSO
0.15,2098,23,27,0.008691751247686872,-0.14787192283967926,0.0,887.1941531617414,andujak2,nested_cv,MI spline LASSO
0.16,2098,22,22,0.008488810204730128,-0.16153706477824686,0.0,892.6358436606292,andujak2,nested_cv,MI spline LASSO
0.17,2098,21,19,0.008154639530476529,-0.17553148724545464,0.0,896.8205013177815,andujak2,nested_cv,MI spline LASSO
0.18,2098,21,17,0.008230835406542817,-0.18986723708991138,0.0,902.4467747060693,andujak2,nested_cv,MI spline LASSO
0.19,2098,21,13,0.00855606162247408,-0.20455695606633006,0.0,908.5344438312177,andujak2,nested_cv,MI spline LASSO
0.2,2098,20,12,0.008102955195424213,-0.21961391801715918,0.0,910.8674928503335,andujak2,nested_cv,MI spline LASSO
0.21,2098,19,10,0.007789214562392152,-0.23505206887813584,0.0,913.5457805619864,andujak2,nested_cv,MI spline LASSO
0.22,2098,18,9,0.00736965608271614,-0.2508860697611889,0.0,915.633937082936,andujak2,nested_cv,MI spline LASSO
0.23,2098,16,5,0.006914439230931127,-0.2671313433944511,0.0,917.4576200936709,andujak2,nested_cv,MI spline LASSO
0.24,2098,16,4,0.007024233605940494,-0.2838041242285886,0.0,920.9564664760088,andujak2,nested_cv,MI spline LASSO
0.25,2098,14,4,0.0060374960279631395,-0.30092151255163646,0.0,920.8770257387989,andujak2,nested_cv,MI spline LASSO
0.26,2098,12,4,0.00504985443021668,-0.31850153299152345,0.0,920.8770257387987,andujak2,nested_cv,MI spline LASSO
0.27,2098,10,3,0.004237564804053436,-0.3365631978270238,0.0,921.4242841506904,andujak2,nested_cv,MI spline LASSO
0.28,2098,9,3,0.0037337146488719414,-0.35512657557462135,0.0,922.7836034318398,andujak2,nested_cv,MI spline LASSO
0.29,2098,9,3,0.0037057425583050256,-0.374212865371447,0.0,925.249005621117,andujak2,nested_cv,MI spline LASSO
0.3,2098,9,3,0.0036769712651504834,-0.39384447773389625,0.0,927.5500476644422,andujak2,nested_cv,MI spline LASSO
0.31,2098,7,3,0.002694077174949227,-0.41404512233873536,0.0,927.580798917556,andujak2,nested_cv,MI spline LASSO
0.32,2098,6,3,0.0021869567655470193,-0.43483990354959906,0.0,928.6820781696854,andujak2,nested_cv,MI spline LASSO
0.33,2098,5,2,0.0019136917889105475,-0.4562554244981006,0.0,930.22214518878,andujak2,nested_cv,MI spline LASSO
0.34,2098,5,2,0.0018921339226391656,-0.4783199006268597,0.0,932.1763023607917,andujak2,nested_cv,MI spline LASSO
0.35,2098,5,2,0.0018699127374055878,-0.5010632837134267,0.0,934.0187934086885,andujak2,nested_cv,MI spline LASSO
0.36,2098,5,2,0.0018469971401334604,-0.524517397521449,0.0,935.7589238428133,andujak2,nested_cv,MI spline LASSO
0.37,2098,5,2,0.0018233540635828529,-0.5487160863709958,0.0,937.4049931723906,andujak2,nested_cv,MI spline LASSO
0.38,2098,5,2,0.0017989483071435162,-0.573695378086657,0.0,938.9644272740957,andujak2,nested_cv,MI spline LASSO
0.39,2098,5,2,0.0017737423619684633,-0.5994936629733235,0.0,940.4438903962259,andujak2,nested_cv,MI spline LASSO
0.4,2098,5,1,0.002065459167461074,-0.6261518906895457,0.0,942.32602478551,andujak2,nested_cv,MI spline LASSO
0.41,2098,5,1,0.0020519946357305586,-0.6537137871419105,0.0,943.6629542653862,andujak2,nested_cv,MI spline LASSO
0.42,2098,5,1,0.0020380658098024394,-0.6822260938167711,0.0,944.936220436697,andujak2,nested_cv,MI spline LASSO
0.43,2098,5,1,0.0020236482531399997,-0.7117388323047847,0.0,946.1502649256214,andujak2,nested_cv,MI spline LASSO
0.44,2098,5,0,0.0023832221163012394,-0.7423055971673702,0.0,947.7857699974,andujak2,nested_cv,MI spline LASSO
0.45,2098,5,0,0.0023832221163012394,-0.7739838807522315,0.0,948.8931257282068,andujak2,nested_cv,MI spline LASSO
0.46,2098,5,0,0.0023832221163012394,-0.8068354340994951,0.0,949.952335557674,andujak2,nested_cv,MI spline LASSO
0.47,2098,5,0,0.0023832221163012394,-0.8409266687051459,0.0,950.9664726284404,andujak2,nested_cv,MI spline LASSO
0.48,2098,5,0,0.0023832221163012394,-0.8763291046417833,0.0,951.9383539879249,andujak2,nested_cv,MI spline LASSO
0.49,2098,5,0,0.0023832221163012394,-0.9131198713994653,0.0,952.8705667204918,andujak2,nested_cv,MI spline LASSO
0.5,2098,3,0,0.0014299332697807435,-0.9513822688274547,0.0,952.8122020972354,andujak2,nested_cv,MI spline LASSO
0.01,141,9,46,0.06053442223654989,0.06153735940969984,0.0,-99.29078014184554,andujak2,temporal_holdout,MI continuous XGBoost
0.02,141,9,31,0.05934288609060646,0.051961210015921265,0.0,361.7021276595744,andujak2,temporal_holdout,MI continuous XGBoost
0.03,141,9,17,0.060100899320026324,0.042187614242889526,0.0,579.1962174940898,andujak2,temporal_holdout,MI continuous XGBoost
0.04,141,9,12,0.06028368794326241,0.03221040189125295,0.0,673.7588652482268,andujak2,temporal_holdout,MI continuous XGBoost
0.05,141,9,8,0.06084359835759612,0.022023142963792458,0.0,737.5886524822695,andujak2,temporal_holdout,MI continuous XGBoost
0.06,141,9,7,0.06066093254866455,0.011619133846386007,0.0,768.321513002364,andujak2,temporal_holdout,MI continuous XGBoost
0.07,141,9,7,0.0600930374437581,0.0009913825974223883,0.0,785.2077001013172,andujak2,temporal_holdout,MI continuous XGBoost
0.08,141,8,6,0.05303731113166821,-0.009867406722170818,0.0,723.4042553191489,andujak2,temporal_holdout,MI continuous XGBoost
0.09,141,8,6,0.05252903125243551,-0.02096485075208479,0.0,743.1048069345941,andujak2,temporal_holdout,MI continuous XGBoost
0.1,141,8,5,0.05279747832939322,-0.032308904649330186,0.0,765.9574468085108,andujak2,temporal_holdout,MI continuous XGBoost
0.11,141,8,4,0.05323133317395808,-0.04390788110606422,0.0,785.9445519019987,andujak2,temporal_holdout,MI continuous XGBoost
0.12,141,7,4,0.045776918117343655,-0.055770470664087676,0.0,744.6808510638298,andujak2,temporal_holdout,MI continuous XGBoost
0.13,141,7,4,0.04540637482677101,-0.06790576343034156,0.0,758.3196944899072,andujak2,temporal_holdout,MI continuous XGBoost
0.14,141,6,4,0.037935015668810815,-0.08032327230743856,0.0,726.4437689969604,andujak2,temporal_holdout,MI continuous XGBoost
0.15,141,6,4,0.03754693366708385,-0.09303295786399667,0.0,739.9527186761229,andujak2,temporal_holdout,MI continuous XGBoost
0.16,141,6,4,0.037149611617696726,-0.10604525498142521,0.0,751.7730496453902,andujak2,temporal_holdout,MI continuous XGBoost
0.17,141,6,4,0.036742715543023156,-0.11937110142698455,0.0,762.2027534418022,andujak2,temporal_holdout,MI continuous XGBoost
0.18,141,6,4,0.03632589517384536,-0.1330219685175575,0.0,771.4736012608352,andujak2,temporal_holdout,MI continuous XGBoost
0.19,141,6,3,0.03756238508011557,-0.1470098940548113,0.0,786.8607689436355,andujak2,temporal_holdout,MI continuous XGBoost
0.2,141,6,3,0.03723404255319149,-0.16134751773049644,0.0,794.3262411347517,andujak2,temporal_holdout,MI continuous XGBoost
0.21,141,6,2,0.038782655534608135,-0.17604811922075586,0.0,808.1729145558933,andujak2,temporal_holdout,MI continuous XGBoost
0.22,141,6,2,0.03855246408437898,-0.19112565921076557,0.0,814.3133462282398,andujak2,temporal_holdout,MI continuous XGBoost
0.23,141,6,2,0.038316293635442575,-0.2065948236161002,0.0,819.9198273203825,andujak2,temporal_holdout,MI continuous XGBoost
0.24,141,6,2,0.03807390817469205,-0.2224710712952594,0.0,825.0591016548462,andujak2,temporal_holdout,MI continuous XGBoost
0.25,141,5,2,0.030732860520094562,-0.23877068557919623,0.0,808.5106382978724,andujak2,temporal_holdout,MI continuous XGBoost
0.26,141,5,2,0.030477285796434734,-0.2555108299789151,0.0,813.9661756683033,andujak2,temporal_holdout,MI continuous XGBoost
0.27,141,4,2,0.023122510443991058,-0.272709608471777,0.0,799.8423955870765,andujak2,temporal_holdout,MI continuous XGBoost
0.28,141,4,2,0.02285263987391647,-0.2903861308116628,0.0,805.4711246200609,andujak2,temporal_holdout,MI continuous XGBoost
0.29,141,4,2,0.022575167315952455,-0.3085605833583059,0.0,810.7116654438738,andujak2,temporal_holdout,MI continuous XGBoost
0.3,141,4,2,0.022289766970618033,-0.32725430597771027,0.0,815.6028368794326,andujak2,temporal_holdout,MI continuous XGBoost
0.31,141,4,2,0.02199609415150581,-0.3464898756295612,0.0,820.1784488675362,andujak2,temporal_holdout,MI continuous XGBoost
0.32,141,4,2,0.021693783896537335,-0.3662911973299959,0.0,824.4680851063829,andujak2,temporal_holdout,MI continuous XGBoost
0.33,141,4,2,0.021382449454853392,-0.3866836032602944,0.0,828.4977433913605,andujak2,temporal_holdout,MI continuous XGBoost
0.34,141,4,2,0.02106168063614872,-0.40769396088545035,0.0,832.2903629536922,andujak2,temporal_holdout,MI continuous XGBoost
0.35,141,4,2,0.020731042007637753,-0.42935079105291873,0.0,835.8662613981764,andujak2,temporal_holdout,MI continuous XGBoost
0.36,141,3,2,0.013297872340425532,-0.4516843971631206,0.0,826.6351457840819,andujak2,temporal_holdout,MI continuous XGBoost
0.37,141,3,2,0.01294607677586401,-0.47472700664190026,0.0,830.3622771707878,andujak2,temporal_holdout,MI continuous XGBoost
0.38,141,3,2,0.012582932967284374,-0.49851292610386644,0.0,833.8932437476672,andujak2,temporal_holdout,MI continuous XGBoost
0.39,141,3,2,0.012207882804325079,-0.5230787117777003,0.0,837.2431351154754,andujak2,temporal_holdout,MI continuous XGBoost
0.4,141,3,2,0.01182033096926714,-0.5484633569739954,0.0,840.4255319148938,andujak2,temporal_holdout,MI continuous XGBoost
0.41,141,3,2,0.011419641783868256,-0.5747084986176222,0.0,843.4526898460474,andujak2,temporal_holdout,MI continuous XGBoost
0.42,141,3,2,0.011005135730007339,-0.6018586451455122,0.0,846.3356973995271,andujak2,temporal_holdout,MI continuous XGBoost
0.43,141,3,2,0.010576085604081126,-0.6299614283936792,0.0,849.0846115784266,andujak2,temporal_holdout,MI continuous XGBoost
0.44,141,3,2,0.010131712259371834,-0.6590678824721378,0.0,851.7085751128304,andujak2,temporal_holdout,MI continuous XGBoost
0.45,141,3,2,0.009671179883945842,-0.6892327530625403,0.0,854.2159180457053,andujak2,temporal_holdout,MI continuous XGBoost
0.46,141,3,2,0.009193590753874442,-0.720514841082217,0.0,856.6142460684551,andujak2,temporal_holdout,MI continuous XGBoost
0.47,141,3,2,0.008697979392479594,-0.7529773852535795,0.0,858.9105175795987,andujak2,temporal_holdout,MI continuous XGBoost
0.48,141,3,2,0.008183306055646482,-0.7866884888161484,0.0,861.1111111111112,andujak2,temporal_holdout,MI continuous XGBoost
0.49,141,3,2,0.007648449450702268,-0.8217215964399944,0.0,863.2218844984803,andujak2,temporal_holdout,MI continuous XGBoost
0.5,141,3,2,0.0070921985815602835,-0.8581560283687943,0.0,865.2482269503546,andujak2,temporal_holdout,MI continuous XGBoost
0.01,141,9,81,0.058027079303675046,0.06153735940969984,0.0,-347.51773049645493,andujak2,temporal_holdout,MI spline LASSO
0.02,141,9,53,0.05615863366623245,0.051961210015921265,0.0,205.6737588652481,andujak2,temporal_holdout,MI spline LASSO
0.03,141,9,32,0.0568107041017767,0.042187614242889526,0.0,472.8132387706853,andujak2,temporal_holdout,MI spline LASSO
0.04,141,9,28,0.05555555555555555,0.03221040189125295,0.0,560.2836879432623,andujak2,temporal_holdout,MI spline LASSO
0.05,141,9,20,0.056364315042926466,0.022023142963792458,0.0,652.4822695035461,andujak2,temporal_holdout,MI spline LASSO
0.06,141,8,18,0.04858910517579599,0.011619133846386007,0.0,579.1962174940898,andujak2,temporal_holdout,MI spline LASSO
0.07,141,8,13,0.04979791047052543,0.0009913825974223883,0.0,648.4295845997975,andujak2,temporal_holdout,MI spline LASSO
0.08,141,7,10,0.043478260869565216,-0.009867406722170818,0.0,613.4751773049644,andujak2,temporal_holdout,MI spline LASSO
0.09,141,7,6,0.04543683267087523,-0.02096485075208479,0.0,671.3947990543735,andujak2,temporal_holdout,MI spline LASSO
0.1,141,6,6,0.037825059101654845,-0.032308904649330186,0.0,631.2056737588653,andujak2,temporal_holdout,MI spline LASSO
0.11,141,6,4,0.039046936010837516,-0.04390788110606422,0.0,671.1798839458414,andujak2,temporal_holdout,MI spline LASSO
0.12,141,6,4,0.03868471953578337,-0.055770470664087676,0.0,692.6713947990544,andujak2,temporal_holdout,MI spline LASSO
0.13,141,6,4,0.03831417624521073,-0.06790576343034156,0.0,710.8565193671576,andujak2,temporal_holdout,MI spline LASSO
0.14,141,5,4,0.030842817087250535,-0.08032327230743856,0.0,682.8774062816615,andujak2,temporal_holdout,MI spline LASSO
0.15,141,5,4,0.03045473508552357,-0.09303295786399667,0.0,699.7635933806147,andujak2,temporal_holdout,MI spline LASSO
0.16,141,5,4,0.03005741303613644,-0.10604525498142521,0.0,714.5390070921986,andujak2,temporal_holdout,MI spline LASSO
0.17,141,5,4,0.02965051696146287,-0.11937110142698455,0.0,727.5761368377138,andujak2,temporal_holdout,MI spline LASSO
0.18,141,5,3,0.03079052067116416,-0.1330219685175575,0.0,746.2568951930654,andujak2,temporal_holdout,MI spline LASSO
0.19,141,5,3,0.03047018649855529,-0.1470098940548113,0.0,756.6256065696156,andujak2,temporal_holdout,MI spline LASSO
0.2,141,5,3,0.030141843971631204,-0.16134751773049644,0.0,765.9574468085106,andujak2,temporal_holdout,MI spline LASSO
0.21,141,4,3,0.022712990394110785,-0.17604811922075586,0.0,747.7203647416412,andujak2,temporal_holdout,MI spline LASSO
0.22,141,4,3,0.02236770321876705,-0.19112565921076557,0.0,756.9310122501611,andujak2,temporal_holdout,MI spline LASSO
0.23,141,4,3,0.022013447545362438,-0.2065948236161002,0.0,765.340733888375,andujak2,temporal_holdout,MI spline LASSO
0.24,141,4,3,0.021649869354236656,-0.2224710712952594,0.0,773.0496453900709,andujak2,temporal_holdout,MI spline LASSO
0.25,141,4,3,0.02127659574468085,-0.23877068557919623,0.0,780.1418439716313,andujak2,temporal_holdout,MI spline LASSO
0.26,141,4,2,0.02338508721487445,-0.2555108299789151,0.0,793.7806873977088,andujak2,temporal_holdout,MI spline LASSO
0.27,141,4,1,0.025745652385116096,-0.272709608471777,0.0,806.9345941686369,andujak2,temporal_holdout,MI spline LASSO
0.28,141,4,1,0.0256107171000788,-0.2903861308116628,0.0,812.5633232016212,andujak2,temporal_holdout,MI spline LASSO
0.29,141,4,1,0.025471980821096793,-0.3085605833583059,0.0,817.8038640254341,andujak2,temporal_holdout,MI spline LASSO
0.3,141,4,1,0.025329280648429583,-0.32725430597771027,0.0,822.695035460993,andujak2,temporal_holdout,MI spline LASSO
0.31,141,4,1,0.025182444238873468,-0.3464898756295612,0.0,827.2706474490963,andujak2,temporal_holdout,MI spline LASSO
0.32,141,4,1,0.025031289111389236,-0.3662911973299959,0.0,831.5602836879433,andujak2,temporal_holdout,MI spline LASSO
0.33,141,4,1,0.024875621890547265,-0.3866836032602944,0.0,835.5899419729208,andujak2,temporal_holdout,MI spline LASSO
0.34,141,4,1,0.02471523748119493,-0.40769396088545035,0.0,839.3825615352524,andujak2,temporal_holdout,MI spline LASSO
0.35,141,4,1,0.024549918166939445,-0.42935079105291873,0.0,842.9584599797367,andujak2,temporal_holdout,MI spline LASSO
0.36,141,3,1,0.017287234042553192,-0.4516843971631206,0.0,833.7273443656422,andujak2,temporal_holdout,MI spline LASSO
0.37,141,3,0,0.02127659574468085,-0.47472700664190026,0.0,844.5466743339083,andujak2,temporal_holdout,MI spline LASSO
0.38,141,3,0,0.02127659574468085,-0.49851292610386644,0.0,848.0776409107877,andujak2,temporal_holdout,MI spline LASSO
0.39,141,3,0,0.02127659574468085,-0.5230787117777003,0.0,851.4275322785961,andujak2,temporal_holdout,MI spline LASSO
0.4,141,3,0,0.02127659574468085,-0.5484633569739954,0.0,854.6099290780144,andujak2,temporal_holdout,MI spline LASSO
0.41,141,2,0,0.014184397163120567,-0.5747084986176222,0.0,847.4312402698496,andujak2,temporal_holdout,MI spline LASSO
0.42,141,2,0,0.014184397163120567,-0.6018586451455122,0.0,850.726106045255,andujak2,temporal_holdout,MI spline LASSO
0.43,141,2,0,0.014184397163120567,-0.6299614283936792,0.0,853.8677222497114,andujak2,temporal_holdout,MI spline LASSO
0.44,141,2,0,0.014184397163120567,-0.6590678824721378,0.0,856.8665377176015,andujak2,temporal_holdout,MI spline LASSO
0.45,141,2,0,0.014184397163120567,-0.6892327530625403,0.0,859.73207249803,andujak2,temporal_holdout,MI spline LASSO
0.46,141,2,0,0.014184397163120567,-0.720514841082217,0.0,862.4730188097441,andujak2,temporal_holdout,MI spline LASSO
0.47,141,2,0,0.014184397163120567,-0.7529773852535795,0.0,865.0973291081938,andujak2,temporal_holdout,MI spline LASSO
0.48,141,2,0,0.014184397163120567,-0.7866884888161484,0.0,867.612293144208,andujak2,temporal_holdout,MI spline LASSO
0.49,141,2,0,0.014184397163120567,-0.8217215964399944,0.0,870.0246055869158,andujak2,temporal_holdout,MI spline LASSO
0.5,141,1,0,0.0070921985815602835,-0.8581560283687943,0.0,865.2482269503546,andujak2,temporal_holdout,MI spline LASSO
